frame,time_s,condition,controller,role,actor_id,blueprint,traffic_role,initial_lane_id,lane_name,lane_index,occupied_lane_indices,station_m,local_y_m,speed_mps,longitudinal_accel_mps2,leader_role,idm_gap_m,target_speed_mps,desired_speed_mps,time_headway_s
1289,0.05,true_threat,ADA,occluder,121,vehicle.carlamotors.firetruck,occluder,-5,centre,1,[1],190.04536074332722,-205.25489829785766,18.406783259441447,0.16578689439684205,lead_centre,111.4218829225324,18.391443734179003,18.168496,1.019807
1289,0.05,true_threat,ADA,lead_left,123,vehicle.audi.a2,leader,-4,left,0,[0],306.44502040761495,-201.7504830508335,22.885110212820134,2.932167164644225,,,22.765230212149614,25.388964,1.025168
1289,0.05,true_threat,ADA,lead_centre,124,vehicle.tesla.model3,leader,-5,centre,1,[1],308.08360433101575,-205.2496038327561,18.13415083092354,0.03990202103962262,,,18.150319229883657,19.353903,0.932058
1289,0.05,true_threat,ADA,lead_right,125,vehicle.audi.a2,leader,-6,right,2,[2],313.4751188322874,-208.75069446076208,22.299679942963554,1.753311065634567,,,22.23140470115175,24.214186,1.180499
1289,0.05,true_threat,ADA,rear_centre,126,vehicle.nissan.patrol_2021,follower,-5,centre,1,[1],163.86744007523205,-205.25001943884467,18.07717040471127,0.6607818954253997,occluder,19.14374312736569,17.98957416089191,20.0,1.144071
1289,0.05,true_threat,ADA,follower_1,127,vehicle.tesla.model3,follower,-4,left,0,[0],142.87054792093437,-201.7502546323866,31.427354824347557,0.13275116953011673,ego,26.326744010702377,31.387461413064045,31.539545,0.850488
1289,0.05,true_threat,ADA,follower_2,128,vehicle.mercedes.coupe_2020,follower,-4,left,0,[0],102.82701049535854,-201.78979400785065,31.252056918595233,1.2603488246913315,follower_1,35.30097028260274,31.135380086483426,31.206399,1.031856
1289,0.05,true_threat,ADA,follower_3,129,vehicle.nissan.patrol_2021,follower,-4,left,0,[0],65.60931288530787,-201.7500460064214,31.65317352215981,1.9586946644483196,follower_2,32.117404286979394,31.454518788953838,30.370599,0.969922
1289,0.05,true_threat,ADA,follower_4,130,vehicle.tesla.model3,follower,-4,left,0,[0],33.497631783055056,-201.74958702273986,30.090677246945376,0.19725827653428876,follower_3,26.856384606736754,30.059985693236676,30.246639,0.855866
1290,0.1,true_threat,ADA,occluder,121,vehicle.carlamotors.firetruck,occluder,-5,centre,1,[1],190.9658930204332,-205.25488944292277,18.414569066490884,0.15571613692564737,lead_centre,111.40833311863335,18.399572111633137,18.168496,1.019807
1290,0.1,true_threat,ADA,lead_left,123,vehicle.audi.a2,leader,-4,left,0,[0],307.5971506028676,-201.75048674123573,23.125680292168813,4.811401586883785,,,22.910582862218995,25.388964,1.025168
1290,0.1,true_threat,ADA,lead_centre,124,vehicle.tesla.model3,leader,-5,centre,1,[1],308.99052578468616,-205.24964539739258,18.138959272590874,0.09616883523952624,,,18.152287500727713,19.353903,0.932058
1290,0.1,true_threat,ADA,lead_right,125,vehicle.audi.a2,leader,-6,right,2,[2],314.59795214903943,-208.7506928867227,22.541098784266545,4.828376827447287,,,22.318323392774587,24.214186,1.180499
1290,0.1,true_threat,ADA,rear_centre,126,vehicle.nissan.patrol_2021,follower,-5,centre,1,[1],164.77179803166757,-205.25000084283377,18.100136792694983,0.45932775950178223,occluder,19.160985558003,18.02108527907865,20.0,1.144071
1290,0.1,true_threat,ADA,follower_1,127,vehicle.tesla.model3,follower,-4,left,0,[0],144.44223381830096,-201.7502983008752,31.43768691423976,0.20664180283018854,ego,26.39080034099475,31.395843430473406,31.539545,0.850488
1290,0.1,true_threat,ADA,follower_2,128,vehicle.mercedes.coupe_2020,follower,-4,left,0,[0],104.39106604084624,-201.78703266200952,31.299999630397192,0.959100779558792,follower_1,35.31082825618803,31.195920609090983,31.206399,1.031856
1290,0.1,true_threat,ADA,follower_3,129,vehicle.nissan.patrol_2021,follower,-4,left,0,[0],67.19425866959818,-201.75008515142707,31.728031241024084,1.497154377869097,follower_2,32.09796379962586,31.54921473095943,30.370599,0.969922
1290,0.1,true_threat,ADA,follower_4,130,vehicle.tesla.model3,follower,-4,left,0,[0],35.00256045092533,-201.7495619120756,30.104385377230635,0.2741626091312868,follower_3,26.932876943088388,30.072157535062342,30.246639,0.855866
1291,0.15000000000000002,true_threat,ADA,occluder,121,vehicle.carlamotors.firetruck,occluder,-5,centre,1,[1],191.88685253840274,-205.2548651834488,18.421837982641534,0.14537831946618796,lead_centre,111.39472229519775,18.40721079862588,18.168496,1.019807
1291,0.15000000000000002,true_threat,ADA,lead_left,123,vehicle.audi.a2,leader,-4,left,0,[0],308.7598093619608,-201.75048683991966,23.31371817309876,3.760757618531419,,,23.14903950568918,25.388964,1.025168
1291,0.15000000000000002,true_threat,ADA,lead_centre,124,vehicle.tesla.model3,leader,-5,centre,1,[1],309.8976608770072,-205.24973266551814,18.14556633797933,0.13214130891409995,,,18.157031242067905,19.353903,0.932058
1291,0.15000000000000002,true_threat,ADA,lead_right,125,vehicle.audi.a2,leader,-6,right,2,[2],315.7314666227191,-208.75070292769934,22.73226852373673,3.823394790696023,,,22.55763947130882,24.214186,1.180499
1291,0.15000000000000002,true_threat,ADA,rear_centre,126,vehicle.nissan.patrol_2021,follower,-5,centre,1,[1],165.67704100302262,-205.2499972036985,18.11357406728749,0.26874549165477785,occluder,19.177159878673482,18.043104935570984,20.0,1.144071
1291,0.15000000000000002,true_threat,ADA,follower_1,127,vehicle.tesla.model3,follower,-4,left,0,[0],146.0144690320418,-201.75034178196978,31.448715183651306,0.2205653953660261,ego,26.456809712887246,31.407186230610925,31.539545,0.850488
1291,0.15000000000000002,true_threat,ADA,follower_2,128,vehicle.mercedes.coupe_2020,follower,-4,left,0,[0],105.95712034703931,-201.78385864698174,31.336689200851172,0.7339715086846011,follower_1,35.31845860806689,31.24212986638107,31.206399,1.031856
1291,0.15000000000000002,true_threat,ADA,follower_3,129,vehicle.nissan.patrol_2021,follower,-4,left,0,[0],68.78230199309331,-201.75013849852698,31.78232010858176,1.085777351150734,follower_2,32.07707356082325,31.621518990720325,30.370599,0.969922
1291,0.15000000000000002,true_threat,ADA,follower_4,130,vehicle.tesla.model3,follower,-4,left,0,[0],36.508206302661364,-201.74959759191074,30.118543643136263,0.2831653222369774,follower_3,27.012894059508426,30.08734341397624,30.246639,0.855866
1292,0.2,true_threat,ADA,occluder,121,vehicle.carlamotors.firetruck,occluder,-5,centre,1,[1],192.80814774971208,-205.2548408094563,18.428572843506366,0.13469721381723818,lead_centre,111.38089786954927,18.414345259032636,18.168496,1.019807
1292,0.2,true_threat,ADA,lead_left,123,vehicle.audi.a2,leader,-4,left,0,[0],309.929761816596,-201.75046919163952,23.439523078989303,2.516098117718324,,,23.335378874175905,25.388964,1.025168
1292,0.2,true_threat,ADA,lead_centre,124,vehicle.tesla.model3,leader,-5,centre,1,[1],310.8051621802444,-205.24981980871436,18.1531690299734,0.15205383985360332,,,18.163549321657783,19.353903,0.932058
1292,0.2,true_threat,ADA,lead_right,125,vehicle.audi.a2,leader,-6,right,2,[2],316.87248841497524,-208.75069514883646,22.862313459338864,2.6008987131327754,,,22.747095480877878,24.214186,1.180499
1292,0.2,true_threat,ADA,rear_centre,126,vehicle.nissan.patrol_2021,follower,-5,centre,1,[1],166.58271121524115,-205.24997816002417,18.116957707720406,0.06767280848994818,occluder,19.192876425287952,18.056156546117755,20.0,1.144071
1292,0.2,true_threat,ADA,follower_1,127,vehicle.tesla.model3,follower,-4,left,0,[0],147.58716201463326,-201.75040036569087,31.456861446558058,0.16292526764119225,ego,26.52391759780438,31.418575163102506,31.539545,0.850488
1292,0.2,true_threat,ADA,follower_2,128,vehicle.mercedes.coupe_2020,follower,-4,left,0,[0],107.524761452684,-201.78034839725368,31.364712707694114,0.5605920775352914,follower_1,35.32463951561466,31.277580206322135,31.206399,1.031856
1292,0.2,true_threat,ADA,follower_3,129,vehicle.nissan.patrol_2021,follower,-4,left,0,[0],70.37245102415119,-201.75017586849503,31.818622674553072,0.7260513191048281,follower_2,32.05508454352119,31.673985415007827,30.370599,0.969922
1292,0.2,true_threat,ADA,follower_4,130,vehicle.tesla.model3,follower,-4,left,0,[0],38.014447257547005,-201.7496635863121,30.12945369333318,0.21820100816277563,follower_3,27.09529153126752,30.102412425663545,30.246639,0.855866
1293,0.25,true_threat,ADA,occluder,121,vehicle.carlamotors.firetruck,occluder,-5,centre,1,[1],193.7297481367849,-205.254816331356,18.43475457540316,0.1236346347383698,lead_centre,111.36710396147714,18.420957538545395,18.168496,1.019807
1293,0.25,true_threat,ADA,lead_left,123,vehicle.audi.a2,leader,-4,left,0,[0],311.10383414924377,-201.75046539669262,23.50281844615014,1.2659073431863654,,,23.460024222264057,25.388964,1.025168
1293,0.25,true_threat,ADA,lead_centre,124,vehicle.tesla.model3,leader,-5,centre,1,[1],311.7130602067688,-205.24989155778232,18.161263811027034,0.16189562009772804,,,18.171049498128284,19.353903,0.932058
1293,0.25,true_threat,ADA,lead_right,125,vehicle.audi.a2,leader,-6,right,2,[2],318.017813190702,-208.7507011608421,22.9300224243248,1.3541793006831304,,,22.875949657726448,24.214186,1.180499
1293,0.25,true_threat,ADA,rear_centre,126,vehicle.nissan.patrol_2021,follower,-5,centre,1,[1],167.488320392307,-205.2499591371714,18.111725855009418,-0.10463705429036844,occluder,19.208501424378756,18.059753305117642,20.0,1.144071
1293,0.25,true_threat,ADA,follower_1,127,vehicle.tesla.model3,follower,-4,left,0,[0],149.16009913263014,-201.75044360733756,31.458953781846436,0.04184671794356246,ego,26.590048774527443,31.425940952601685,31.539545,0.850488
1293,0.25,true_threat,ADA,follower_2,128,vehicle.mercedes.coupe_2020,follower,-4,left,0,[0],109.0935926553147,-201.77657834210632,31.385633206225613,0.4184841261857397,follower_1,35.32969139256144,31.304642493290928,31.206399,1.031856
1293,0.25,true_threat,ADA,follower_3,129,vehicle.nissan.patrol_2021,follower,-4,left,0,[0],71.9638665398329,-201.750228065204,31.839187703342375,0.4113005756187409,follower_2,32.03257661810801,31.709176439504027,30.370599,0.969922
1293,0.25,true_threat,ADA,follower_4,130,vehicle.tesla.model3,follower,-4,left,0,[0],39.52106968734239,-201.7497447093669,30.134058046166988,0.09208706038417497,follower_3,27.179199607439756,30.113897876384957,30.246639,0.855866
1294,0.3,true_threat,ADA,occluder,121,vehicle.carlamotors.firetruck,occluder,-5,centre,1,[1],194.65165369962125,-205.25479174914796,18.440373640571845,0.1123813007703935,lead_centre,111.35340160092866,18.42702823564226,18.168496,1.019807
1294,0.3,true_threat,ADA,lead_left,123,vehicle.audi.a2,leader,-4,left,0,[0],312.27909666216374,-201.75044593693715,23.51238570686096,0.19134521419741102,,,23.522729084577946,25.388964,1.025168
1294,0.3,true_threat,ADA,lead_centre,124,vehicle.tesla.model3,leader,-5,centre,1,[1],312.621385479362,-205.24996316109937,18.16961226272587,0.1669690323774259,,,18.179034986606506,19.353903,0.932058
1294,0.3,true_threat,ADA,lead_right,125,vehicle.audi.a2,leader,-6,right,2,[2],319.16466384524625,-208.7507066523089,22.943461596792428,0.26878345021574546,,,22.943030546119953,24.214186,1.180499
1294,0.3,true_threat,ADA,rear_centre,126,vehicle.nissan.patrol_2021,follower,-5,centre,1,[1],168.39338025299855,-205.24994030171263,18.09627442883541,-0.3090285234015472,occluder,19.224492634385758,18.05524442388615,20.0,1.144071
1294,0.3,true_threat,ADA,follower_1,127,vehicle.tesla.model3,follower,-4,left,0,[0],150.73291414908928,-201.7503953378983,31.452905551206754,-0.12096459840034346,ego,26.654806483331576,31.427477795208773,31.539545,0.850488
1294,0.3,true_threat,ADA,follower_2,128,vehicle.mercedes.coupe_2020,follower,-4,left,0,[0],110.66324775442598,-201.77257912404534,31.40024917087386,0.2923573555966919,follower_1,35.333797307927625,31.32471306630892,31.206399,1.031856
1294,0.3,true_threat,ADA,follower_3,129,vehicle.nissan.patrol_2021,follower,-4,left,0,[0],73.55587714304804,-201.75026480011465,31.846082760603675,0.13790114571468462,follower_2,32.00999230505698,31.72928571979812,30.370599,0.969922
1294,0.3,true_threat,ADA,follower_4,130,vehicle.tesla.model3,follower,-4,left,0,[0],41.02772262950873,-201.74981056322272,30.13052564651728,-0.07064799010793757,follower_3,27.263992693326088,30.118917781946777,30.246639,0.855866
1295,0.35000000000000003,true_threat,ADA,occluder,121,vehicle.carlamotors.firetruck,occluder,-5,centre,1,[1],195.5738339258501,-205.25478233203106,18.44541096624751,0.10074651143784284,lead_centre,111.3398213106856,18.43254768195061,18.168496,1.019807
1295,0.35000000000000003,true_threat,ADA,lead_left,123,vehicle.audi.a2,leader,-4,left,0,[0],313.45338261784593,-201.7504420691148,23.481946328237044,-0.608787572480559,,,23.532206672822795,25.388964,1.025168
1295,0.35000000000000003,true_threat,ADA,lead_centre,124,vehicle.tesla.model3,leader,-5,centre,1,[1],313.5301379667918,-205.2499430659365,18.178187682229687,0.17150838859892906,,,18.18727056758213,19.353903,0.932058
1295,0.35000000000000003,true_threat,ADA,lead_right,125,vehicle.audi.a2,leader,-6,right,2,[2],320.31062948487096,-208.75069718690003,22.915930918186206,-0.5506135711327156,,,22.956344391533452,24.214186,1.180499
1295,0.35000000000000003,true_threat,ADA,rear_centre,126,vehicle.nissan.patrol_2021,follower,-5,centre,1,[1],169.29746355124692,-205.24992179939875,18.07471567310638,-0.431175114271573,occluder,19.24133833653053,18.04111974764442,20.0,1.144071
1295,0.35000000000000003,true_threat,ADA,follower_1,127,vehicle.tesla.model3,follower,-4,left,0,[0],152.30511881402145,-201.7503472766746,31.43809114676712,-0.29628807369316024,ego,26.722371621765838,31.424437628286434,31.539545,0.850488
1295,0.35000000000000003,true_threat,ADA,follower_2,128,vehicle.mercedes.coupe_2020,follower,-4,left,0,[0],112.23348265625557,-201.7684881554505,31.40883100717092,0.1716508072622081,follower_1,35.33695722527548,31.338488076816713,31.206399,1.031856
1295,0.35000000000000003,true_threat,ADA,follower_3,129,vehicle.nissan.patrol_2021,follower,-4,left,0,[0],75.1478877462632,-201.75030153502527,31.8410320896585,-0.10101341719003637,follower_2,31.98763680095314,31.736294093089725,30.370599,0.969922
1295,0.35000000000000003,true_threat,ADA,follower_4,130,vehicle.tesla.model3,follower,-4,left,0,[0],42.53393307202339,-201.74989182682302,30.11849219066389,-0.24066911515498826,follower_3,27.349350354374877,30.115757940458693,30.246639,0.855866
1296,0.4,true_threat,ADA,occluder,121,vehicle.carlamotors.firetruck,occluder,-5,centre,1,[1],196.49625828227897,-205.2547423140516,18.449845570520296,0.08869208406056134,lead_centre,111.32639357188654,18.437497172723052,18.168496,1.019807
1296,0.4,true_threat,ADA,lead_left,123,vehicle.audi.a2,leader,-4,left,0,[0],314.62528820257285,-201.75043901333308,23.426310872633323,-1.1127091120739951,,,23.502052218121868,25.388964,1.025168
1296,0.4,true_threat,ADA,lead_centre,124,vehicle.tesla.model3,leader,-5,centre,1,[1],314.43931770029053,-205.24992282502274,18.187079725104716,0.17784085742592343,,,18.195729885668843,19.353903,0.932058
1296,0.4,true_threat,ADA,lead_right,125,vehicle.audi.a2,leader,-6,right,2,[2],321.45439786420394,-208.75070372985536,22.862113160651695,-1.0763551497576098,,,22.92907021392339,24.214186,1.180499
1296,0.4,true_threat,ADA,rear_centre,126,vehicle.nissan.patrol_2021,follower,-5,centre,1,[1],170.20017356376496,-205.249919024358,18.0415678673782,-0.6629561140228604,occluder,19.259435264511012,18.02122976211446,20.0,1.144071
1296,0.4,true_threat,ADA,follower_1,127,vehicle.tesla.model3,follower,-4,left,0,[0],153.87634691651044,-201.7502995485958,31.41525252756768,-0.4567723689176047,ego,26.79454466957555,31.412041997017294,31.539545,0.850488
1296,0.4,true_threat,ADA,follower_2,128,vehicle.mercedes.coupe_2020,follower,-4,left,0,[0],113.80399218503999,-201.76430554042966,31.411384275688047,0.051067169684847875,follower_1,35.338926988378056,31.346204050485035,31.206399,1.031856
1296,0.4,true_threat,ADA,follower_3,129,vehicle.nissan.patrol_2021,follower,-4,left,0,[0],76.7393185207331,-201.75035372652886,31.8254318702169,-0.3120043854158775,follower_2,31.965861099567576,31.731831702349993,30.370599,0.969922
1296,0.4,true_threat,ADA,follower_4,130,vehicle.tesla.model3,follower,-4,left,0,[0],44.03927375840672,-201.7499581283423,30.098917073401008,-0.3915023446155121,follower_3,27.435150515075378,30.104108353535587,30.246639,0.855866
1297,0.45,true_threat,ADA,occluder,121,vehicle.carlamotors.firetruck,occluder,-5,centre,1,[1],197.41886574937132,-205.25471749239566,18.45366410184139,0.07637062574054813,lead_centre,111.31314894895638,18.441856301109247,18.168496,1.019807
1297,0.45,true_threat,ADA,lead_left,123,vehicle.audi.a2,leader,-4,left,0,[0],315.7940199541541,-201.75042178148405,23.35758909732497,-1.3744355061601377,,,23.44693467533699,25.388964,1.025168
1297,0.45,true_threat,ADA,lead_centre,124,vehicle.tesla.model3,leader,-5,centre,1,[1],315.3489246798581,-205.24990243835808,18.19641236624868,0.1866528241548045,,,18.204501366760077,19.353903,0.932058
1297,0.45,true_threat,ADA,lead_right,125,vehicle.audi.a2,leader,-6,right,2,[2],322.5949313752385,-208.75069611756493,22.794169578128262,-1.3588716493325563,,,22.87575120877634,24.214186,1.180499
1297,0.45,true_threat,ADA,rear_centre,126,vehicle.nissan.patrol_2021,follower,-5,centre,1,[1],171.10114406402033,-205.24988632515527,18.00676257572704,-0.6961058322335938,occluder,19.27914960842184,17.99040923663848,20.0,1.144071
1297,0.45,true_threat,ADA,follower_1,127,vehicle.tesla.model3,follower,-4,left,0,[0],155.4462627632164,-201.75025226818045,31.386066253771116,-0.5837254619186899,ego,26.870043872937895,31.391086197523684,31.539545,0.850488
1297,0.45,true_threat,ADA,follower_2,128,vehicle.mercedes.coupe_2020,follower,-4,left,0,[0],115.37441018712228,-201.76019925058202,31.40778508197077,-0.0719836767884134,follower_1,35.33964556208263,31.347889691174608,31.206399,1.031856
1297,0.45,true_threat,ADA,follower_3,129,vehicle.nissan.patrol_2021,follower,-4,left,0,[0],78.3296659160372,-201.75039102882687,31.800390271415143,-0.5008319702591434,follower_2,31.94493985388209,31.717205886982594,30.370599,0.969922
1297,0.45,true_threat,ADA,follower_4,130,vehicle.tesla.model3,follower,-4,left,0,[0],45.54347003567693,-201.75002482026576,30.0735855737157,-0.5066299938266496,follower_3,27.521240603161942,30.084929433038084,30.246639,0.855866
1298,0.5,true_threat,ADA,occluder,121,vehicle.carlamotors.firetruck,occluder,-5,centre,1,[1],198.3416563219218,-205.25469260827504,18.456855116824357,0.06382029965901183,lead_centre,111.30014846143159,18.445612187924365,18.168496,1.019807
1298,0.5,true_threat,ADA,lead_left,123,vehicle.audi.a2,leader,-4,left,0,[0],316.95927270723695,-201.7504209952519,23.284646359330818,-1.4588547598729038,,,23.37884755996188,25.388964,1.025168
1298,0.5,true_threat,ADA,lead_centre,124,vehicle.tesla.model3,leader,-5,centre,1,[1],316.2590504582236,-205.24988187471018,18.206271437972934,0.19718143652423517,,,18.213707281978706,19.353903,0.932058
1298,0.5,true_threat,ADA,lead_right,125,vehicle.audi.a2,leader,-6,right,2,[2],323.73204692292734,-208.7507049300698,22.72110095007849,-1.461372559818794,,,22.808432278263442,24.214186,1.180499
1298,0.5,true_threat,ADA,rear_centre,126,vehicle.nissan.patrol_2021,follower,-5,centre,1,[1],171.99997833913665,-205.24986961349515,17.958170969260554,-0.9718321281401484,occluder,19.300786575258833,17.95797998324093,20.0,1.144071
1298,0.5,true_threat,ADA,follower_1,127,vehicle.tesla.model3,follower,-4,left,0,[0],157.01459169595222,-201.7502055291255,31.35268190769798,-0.6676869092680098,ego,26.947862141422554,31.363373019474164,31.539545,0.850488
1298,0.5,true_threat,ADA,follower_2,128,vehicle.mercedes.coupe_2020,follower,-4,left,0,[0],116.94447725789811,-201.75615411561103,31.39793646126323,-0.1969646829235692,follower_1,35.33914340670631,31.34348225971029,31.206399,1.031856
1298,0.5,true_threat,ADA,follower_3,129,vehicle.nissan.patrol_2021,follower,-4,left,0,[0],79.91856373167012,-201.750444084425,31.76675224960484,-0.6727604278790175,follower_2,31.925010460660275,31.69344620214514,30.370599,0.969922
1298,0.5,true_threat,ADA,follower_4,130,vehicle.tesla.model3,follower,-4,left,0,[0],47.04629302721685,-201.75010723946238,30.0446301065334,-0.5791093440328907,follower_3,27.60739172119584,30.059973724126703,30.246639,0.855866
1299,0.55,true_threat,ADA,occluder,121,vehicle.carlamotors.firetruck,occluder,-5,centre,1,[1],199.26453846281746,-205.2547134692866,18.459403356441367,0.050964792989969684,lead_centre,111.28748366724665,18.44875376452244,18.168496,1.019807
1299,0.55,true_threat,ADA,lead_left,123,vehicle.audi.a2,leader,-4,left,0,[0],318.1210159338342,-201.75040614747095,23.21334966347937,-1.4259339170256855,,,23.306572362593514,25.388964,1.025168
1299,0.55,true_threat,ADA,lead_centre,124,vehicle.tesla.model3,leader,-5,centre,1,[1],317.1696340054398,-205.24987641368884,18.216670290640717,0.20797705576199896,,,18.223432267527752,19.353903,0.932058
1299,0.55,true_threat,ADA,lead_right,125,vehicle.audi.a2,leader,-6,right,2,[2],324.86556140181233,-208.75073022983457,22.648905886910335,-1.4439012618944393,,,22.736029215324677,24.214186,1.180499
1299,0.55,true_threat,ADA,rear_centre,126,vehicle.nissan.patrol_2021,follower,-5,centre,1,[1],172.8964932784504,-205.24985369305412,17.912518587272594,-0.9130476383479682,occluder,19.32474287269298,17.91250764680362,20.0,1.144071
1299,0.55,true_threat,ADA,follower_1,127,vehicle.tesla.model3,follower,-4,left,0,[0],158.58112009168343,-201.75015940430646,31.317241443083145,-0.7088092828877279,ego,27.02729756036274,31.331131813872357,31.539545,0.850488
1299,0.55,true_threat,ADA,follower_2,128,vehicle.mercedes.coupe_2020,follower,-4,left,0,[0],118.51382720727287,-201.7522312955987,31.38182363853878,-0.32223405219076845,follower_1,35.33740526866628,31.332961968284433,31.206399,1.031856
1299,0.55,true_threat,ADA,follower_3,129,vehicle.nissan.patrol_2021,follower,-4,left,0,[0],81.50555419357582,-201.75048253190857,31.725212079299357,-0.8308033946291056,follower_2,31.90617971580319,31.66133643153969,30.370599,0.969922
1299,0.55,true_threat,ADA,follower_4,130,vehicle.tesla.model3,follower,-4,left,0,[0],48.547605393522076,-201.75017491520433,30.014059109396452,-0.6114199424936286,follower_3,27.693466545288842,30.03132434452282,30.246639,0.855866
1300,0.6000000000000001,true_threat,ADA,occluder,121,vehicle.carlamotors.firetruck,occluder,-5,centre,1,[1],200.1876037299928,-205.25479530298622,18.461295465677225,0.03784218597912944,lead_centre,111.27518507356714,18.451266106378796,18.168496,1.019807
1300,0.6000000000000001,true_threat,ADA,lead_left,123,vehicle.audi.a2,leader,-4,left,0,[0],319.2794632673912,-201.7504076828422,23.146952946746712,-1.3279343346641699,,,23.235922108853245,25.388964,1.025168
1300,0.6000000000000001,true_threat,ADA,lead_centre,124,vehicle.tesla.model3,leader,-5,centre,1,[1],318.0807973814012,-205.2498554960745,18.227549797196954,0.21759013332017252,,,18.23368945660265,19.353903,0.932058
1300,0.6000000000000001,true_threat,ADA,lead_right,125,vehicle.audi.a2,leader,-6,right,2,[2],325.9957189420935,-208.75074141599674,22.58100617240437,-1.357994288419547,,,22.664485483870948,24.214186,1.180499
1300,0.6000000000000001,true_threat,ADA,rear_centre,126,vehicle.nissan.patrol_2021,follower,-5,centre,1,[1],173.79026163589276,-205.2498387095831,17.851958368307933,-1.2112043775540229,occluder,19.35111007427488,17.869731850989478,20.0,1.144071
1300,0.6000000000000001,true_threat,ADA,follower_1,127,vehicle.tesla.model3,follower,-4,left,0,[0],160.14590898556273,-201.75011387290175,31.281524416784432,-0.7143405195774815,ego,27.10780085502725,31.296550629889328,31.539545,0.850488
1300,0.6000000000000001,true_threat,ADA,follower_2,128,vehicle.mercedes.coupe_2020,follower,-4,left,0,[0],120.08223117945083,-201.74850716256674,31.359554036309873,-0.4453500210171163,follower_1,35.33458371502273,31.316389266162865,31.206399,1.031856
1300,0.6000000000000001,true_threat,ADA,follower_3,129,vehicle.nissan.patrol_2021,follower,-4,left,0,[0],83.09025583725533,-201.75052176020046,31.67634959509923,-0.9772496693111237,follower_2,31.888539203272245,31.621523081700328,30.370599,0.969922
1300,0.6000000000000001,true_threat,ADA,follower_4,130,vehicle.tesla.model3,follower,-4,left,0,[0],50.04737662742707,-201.7502583754787,29.98345377539137,-0.612106678202813,follower_3,27.779144640889314,30.000940866016354,30.246639,0.855866
1301,0.6500000000000001,true_threat,ADA,occluder,121,vehicle.carlamotors.firetruck,occluder,-5,centre,1,[1],201.11060795681001,-205.2548618987192,18.462512368807385,0.02433806435358021,lead_centre,111.26328318235323,18.453136042753922,18.168496,1.019807
1301,0.6500000000000001,true_threat,ADA,lead_left,123,vehicle.audi.a2,leader,-4,left,0,[0],320.43476729058415,-201.75041029052355,23.086654023582973,-1.2059784632615556,,,23.170122073917266,25.388964,1.025168
1301,0.6500000000000001,true_threat,ADA,lead_centre,124,vehicle.tesla.model3,leader,-5,centre,1,[1],318.99251007373687,-205.2498343910662,18.238774536247238,0.2244947826699351,,,18.244420491707622,19.353903,0.932058
1301,0.6500000000000001,true_threat,ADA,lead_right,125,vehicle.audi.a2,leader,-6,right,2,[2],327.12276368438177,-208.75073840527008,22.518778912428317,-1.2445451976243742,,,22.597192691878426,24.214186,1.180499
1301,0.6500000000000001,true_threat,ADA,rear_centre,126,vehicle.nissan.patrol_2021,follower,-5,centre,1,[1],174.68116134115826,-205.24982470472517,17.797589403550074,-1.0873792931833552,occluder,19.380406984007866,17.812797973161892,20.0,1.144071
1301,0.6500000000000001,true_threat,ADA,follower_1,127,vehicle.tesla.model3,follower,-4,left,0,[0],161.70892786001377,-201.75006894532214,31.246743902599487,-0.6956102799600599,ego,27.188670157597784,31.261433582303518,31.539545,0.850488
1301,0.6500000000000001,true_threat,ADA,follower_2,128,vehicle.mercedes.coupe_2020,follower,-4,left,0,[0],121.64935349670836,-201.74502760739824,31.33133622826142,-0.5642917700255005,follower_1,35.33096863672407,31.293929989064306,31.206399,1.031856
1301,0.6500000000000001,true_threat,ADA,follower_3,129,vehicle.nissan.patrol_2021,follower,-4,left,0,[0],84.67234823856775,-201.7505923961902,31.620677874064285,-1.1134344026857927,follower_2,31.872241531770698,31.57455167896824,30.370599,0.969922
1301,0.6500000000000001,true_threat,ADA,follower_4,130,vehicle.tesla.model3,follower,-4,left,0,[0],51.54562195128227,-201.75025080356292,29.953804017490786,-0.5929951532198727,follower_3,27.86407505066383,29.9703656363081,30.246639,0.855866
1302,0.7000000000000001,true_threat,ADA,occluder,121,vehicle.carlamotors.firetruck,occluder,-5,centre,1,[1],202.033764771509,-205.2549284423983,18.463044530503073,0.010643236042602554,lead_centre,111.25199164787168,18.454344688202344,18.168496,1.019807
1302,0.7000000000000001,true_threat,ADA,lead_left,123,vehicle.audi.a2,leader,-4,left,0,[0],321.58735524427664,-201.75039856597593,23.03219540205389,-1.0891724305566894,,,23.110360603309722,25.388964,1.025168
1302,0.7000000000000001,true_threat,ADA,lead_centre,124,vehicle.tesla.model3,leader,-5,centre,1,[1],319.90477208244687,-205.24981309866388,18.250182384722176,0.22815697029374055,,,18.255491769059592,19.353903,0.932058
1302,0.7000000000000001,true_threat,ADA,lead_right,125,vehicle.audi.a2,leader,-6,right,2,[2],328.2468787445458,-208.75075165276624,22.4621382777159,-1.1328126925083333,,,22.53551686396313,24.214186,1.180499
1302,0.7000000000000001,true_threat,ADA,rear_centre,126,vehicle.nissan.patrol_2021,follower,-5,centre,1,[1],175.56891774126518,-205.24982703096552,17.728123774243738,-1.3893125838263387,occluder,19.412511505559593,17.761618871474504,20.0,1.144071
1302,0.7000000000000001,true_threat,ADA,follower_1,127,vehicle.tesla.model3,follower,-4,left,0,[0],163.2702682677656,-201.75002459033533,31.213506438071086,-0.6647492890656503,ego,27.269447699223726,31.227009710187833,31.539545,0.850488
1302,0.7000000000000001,true_threat,ADA,follower_2,128,vehicle.mercedes.coupe_2020,follower,-4,left,0,[0],123.2148890041035,-201.7418537693537,31.297487516205788,-0.6768868862526202,follower_1,35.326865193917584,31.265826682916916,31.206399,1.031856
1302,0.7000000000000001,true_threat,ADA,follower_3,129,vehicle.nissan.patrol_2021,follower,-4,left,0,[0],86.25146513974839,-201.75055723571353,31.558708085302218,-1.2393957534329085,follower_2,31.857271447715803,31.52090914939989,30.370599,0.969922
1302,0.7000000000000001,true_threat,ADA,follower_4,130,vehicle.tesla.model3,follower,-4,left,0,[0],53.04246346141997,-201.75022845175477,29.925535177691426,-0.5653767882014225,follower_3,27.94792212812105,29.9405650429584,30.246639,0.855866
1303,0.7500000000000001,true_threat,ADA,occluder,121,vehicle.carlamotors.firetruck,occluder,-5,centre,1,[1],202.95698262136068,-205.25499496525583,18.46287478395583,-0.003394929019744651,lead_centre,111.2410968418827,18.454882441923264,18.168496,1.019807
1303,0.7500000000000001,true_threat,ADA,lead_left,123,vehicle.audi.a2,leader,-4,left,0,[0],322.73747127949025,-201.7504029434895,22.98244983987792,-0.9949112435327341,,,23.056383773297554,25.388964,1.025168
1303,0.7500000000000001,true_threat,ADA,lead_centre,124,vehicle.tesla.model3,leader,-5,centre,1,[1],320.8176444426838,-205.24979159804602,18.26158451351408,0.22804257615049423,,,18.266743361835065,19.353903,0.932058
1303,0.7500000000000001,true_threat,ADA,lead_right,125,vehicle.audi.a2,leader,-6,right,2,[2],329.3683998055148,-208.7507505263903,22.41008100201418,-1.041145512268786,,,22.479374196534682,24.214186,1.180499
1303,0.7500000000000001,true_threat,ADA,rear_centre,126,vehicle.nissan.patrol_2021,follower,-5,centre,1,[1],176.45346979065005,-205.24981519154935,17.667374727313078,-1.214980936411271,occluder,19.447911920151643,17.696040156326383,20.0,1.144071
1303,0.7500000000000001,true_threat,ADA,follower_1,127,vehicle.tesla.model3,follower,-4,left,0,[0],164.82996072639457,-201.74998079753047,31.18189976129331,-0.6321335354019405,ego,27.34967577872448,31.193899609932416,31.539545,0.850488
1303,0.7500000000000001,true_threat,ADA,follower_2,128,vehicle.mercedes.coupe_2020,follower,-4,left,0,[0],124.77857830223729,-201.73898573692466,31.258405276972333,-0.781535651418529,follower_1,35.32267009427429,31.23240383365589,31.206399,1.031856
1303,0.7500000000000001,true_threat,ADA,follower_3,129,vehicle.nissan.patrol_2021,follower,-4,left,0,[0],87.82733191384247,-201.7505079251965,31.4909952694206,-1.3542562936089546,follower_2,31.843690053930302,31.461086316632162,30.370599,0.969922
1303,0.7500000000000001,true_threat,ADA,follower_4,130,vehicle.tesla.model3,follower,-4,left,0,[0],54.53793168062202,-201.75020656843157,29.898597665624496,-0.5387502305562615,follower_3,28.03019751916399,29.91195624777595,30.246639,0.855866
1304,0.8,true_threat,ADA,occluder,121,vehicle.carlamotors.firetruck,occluder,-5,centre,1,[1],203.88001737095965,-205.25507680936622,18.461997408197398,-0.017547513656461896,lead_centre,111.23075135226796,18.454732200139066,18.168496,1.019807
1304,0.8,true_threat,ADA,lead_left,123,vehicle.audi.a2,leader,-4,left,0,[0],323.88523745611957,-201.75039286384475,22.935889550597185,-0.9312057856476503,,,23.007075330029263,25.388964,1.025168
1304,0.8,true_threat,ADA,lead_centre,124,vehicle.tesla.model3,leader,-5,centre,1,[1],321.73106612450044,-205.24978516882234,18.272803540556893,0.22438054060847357,,,18.27798902019934,19.353903,0.932058
1304,0.8,true_threat,ADA,lead_right,125,vehicle.audi.a2,leader,-6,right,2,[2],330.48744892197794,-208.75068920813467,22.361210906138975,-0.9774019157717039,,,22.427771282578846,24.214186,1.180499
1304,0.8,true_threat,ADA,rear_centre,126,vehicle.nissan.patrol_2021,follower,-5,centre,1,[1],177.33451231875478,-205.24980454937264,17.591595772555543,-1.5155790927193762,occluder,19.486577720618453,17.63861124284406,20.0,1.144071
1304,0.8,true_threat,ADA,follower_1,127,vehicle.tesla.model3,follower,-4,left,0,[0],166.38818834135878,-201.74993750444298,31.151674009144447,-0.6045150431564538,ego,27.429018733992564,31.162206472829414,31.539545,0.850488
1304,0.8,true_threat,ADA,follower_2,128,vehicle.mercedes.coupe_2020,follower,-4,left,0,[0],126.34017727132048,-201.7364846285501,31.214534498161292,-0.8772875363565777,follower_1,35.318673254769465,31.194042552445737,31.206399,1.031856
1304,0.8,true_threat,ADA,follower_3,129,vehicle.nissan.patrol_2021,follower,-4,left,0,[0],89.39962813150368,-201.7504598327405,31.418145964046257,-1.4569860820841913,follower_2,31.831512577970017,31.39561892281661,30.370599,0.969922
1304,0.8,true_threat,ADA,follower_4,130,vehicle.tesla.model3,follower,-4,left,0,[0],56.03207238525283,-201.7501851379772,29.87266532525319,-0.5186467941205164,follower_3,28.11059607405602,29.884495944948963,30.246639,0.855866
1305,0.8500000000000001,true_threat,ADA,occluder,121,vehicle.carlamotors.firetruck,occluder,-5,centre,1,[1],204.80305211535324,-205.25514339468845,18.460395236222084,-0.03204343912700564,lead_centre,111.22113828448562,18.453888093118138,18.168496,1.019807
1305,0.8500000000000001,true_threat,ADA,lead_left,123,vehicle.audi.a2,leader,-4,left,0,[0],325.03071481972813,-201.75039882379653,22.891002006670895,-0.8977508785643936,,,22.96092160683074,25.388964,1.025168
1305,0.8500000000000001,true_threat,ADA,lead_centre,124,vehicle.tesla.model3,leader,-5,centre,1,[1],322.64506763506233,-205.24976328300568,18.283694504671363,0.21781928207819434,,,18.28905380316994,19.353903,0.932058
1305,0.8500000000000001,true_threat,ADA,lead_right,125,vehicle.audi.a2,leader,-6,right,2,[2],331.60411765707505,-208.75059818434337,22.314107018860422,-0.9420777447681904,,,22.379324858621306,24.214186,1.180499
1305,0.8500000000000001,true_threat,ADA,rear_centre,126,vehicle.nissan.patrol_2021,follower,-5,centre,1,[1],178.212106360732,-205.24979508361378,17.526827942483973,-1.295356598845896,occluder,19.528569942112718,17.566783919266932,20.0,1.144071
1305,0.8500000000000001,true_threat,ADA,follower_1,127,vehicle.tesla.model3,follower,-4,left,0,[0],167.9449205950819,-201.74989472148357,31.122428638688454,-0.5849074087161601,ego,27.506896751898886,31.131696301115728,31.539545,0.850488
1305,0.8500000000000001,true_threat,ADA,follower_2,128,vehicle.mercedes.coupe_2020,follower,-4,left,0,[0],127.89941125316595,-201.734350537927,31.166371562810856,-0.9631157786198464,follower_1,35.31530190065048,31.15115700681474,31.206399,1.031856
1305,0.8500000000000001,true_threat,ADA,follower_3,129,vehicle.nissan.patrol_2021,follower,-4,left,0,[0],90.96820120485027,-201.75041301039934,31.340772428068387,-1.5474706931624873,follower_2,31.820815329392005,31.325094027472797,30.370599,0.969922
1305,0.8500000000000001,true_threat,ADA,follower_4,130,vehicle.tesla.model3,follower,-4,left,0,[0],57.52494661046518,-201.75016413957016,29.847335707330792,-0.506592343880925,follower_3,28.188751587086415,29.857873441247172,30.246639,0.855866
1306,0.9000000000000001,true_threat,ADA,occluder,121,vehicle.carlamotors.firetruck,occluder,-5,centre,1,[1],205.7260258297995,-205.25522525962037,18.458062546099676,-0.046653803558486986,lead_centre,111.21210505065389,18.452333058892872,18.168496,1.019807
1306,0.9000000000000001,true_threat,ADA,lead_left,123,vehicle.audi.a2,leader,-4,left,0,[0],326.1739949178395,-201.75040553332428,22.846537893973487,-0.889282253964823,,,22.916423685349248,25.388964,1.025168
1306,0.9000000000000001,true_threat,ADA,lead_centre,124,vehicle.tesla.model3,leader,-5,centre,1,[1],323.5595574268458,-205.2497412306166,18.294141059487515,0.2089310956828425,,,18.29979476155164,19.353903,0.932058
1306,0.9000000000000001,true_threat,ADA,lead_right,125,vehicle.audi.a2,leader,-6,right,2,[2],332.71840602121694,-208.75050797259271,22.26757915497756,-0.9305572778410856,,,22.3326267108317,24.214186,1.180499
1306,0.9000000000000001,true_threat,ADA,rear_centre,126,vehicle.nissan.patrol_2021,follower,-5,centre,1,[1],179.0860688111237,-205.24978685673747,17.447110312832223,-1.5943525904467117,occluder,19.57401064452906,17.505304281561063,20.0,1.144071
1306,0.9000000000000001,true_threat,ADA,follower_1,127,vehicle.tesla.model3,follower,-4,left,0,[0],169.50018800514022,-201.7498524382415,31.0938050676932,-0.572471418127607,ego,27.583096261462885,31.101983684010882,31.539545,0.850488
1306,0.9000000000000001,true_threat,ADA,follower_2,128,vehicle.mercedes.coupe_2020,follower,-4,left,0,[0],129.4561429134747,-201.73256825311572,31.11442227056038,-1.0388329254086384,follower_1,35.31280017252812,31.104203863553813,31.206399,1.031856
1306,0.9000000000000001,true_threat,ADA,follower_3,129,vehicle.nissan.patrol_2021,follower,-4,left,0,[0],92.53276121690695,-201.75036755707546,31.259502179599508,-1.6254049429321922,follower_2,31.811476237890872,31.250105814489324,30.370599,0.969922
1306,0.9000000000000001,true_threat,ADA,follower_4,130,vehicle.tesla.model3,follower,-4,left,0,[0],59.01656961504719,-201.75014356800497,29.822284563049152,-0.5010228708286966,follower_3,28.264450435220667,29.83170485222326,30.246639,0.855866
1307,0.9500000000000001,true_threat,ADA,occluder,121,vehicle.carlamotors.firetruck,occluder,-5,centre,1,[1],206.64884695636403,-205.2553071766062,18.454989801141945,-0.06145490201879839,lead_centre,111.20362112799111,18.450061298587,18.168496,1.019807
1307,0.9500000000000001,true_threat,ADA,lead_left,123,vehicle.audi.a2,leader,-4,left,0,[0],327.3149556749429,-201.75039777528298,22.801648442338767,-0.8977890326951247,,,22.87234326660241,25.388964,1.025168
1307,0.9500000000000001,true_threat,ADA,lead_centre,124,vehicle.tesla.model3,leader,-5,centre,1,[1],324.47453549985084,-205.2497190116551,18.304065003292425,0.19847887604456407,,,18.31009717957073,19.353903,0.932058
1307,0.9500000000000001,true_threat,ADA,lead_right,125,vehicle.audi.a2,leader,-6,right,2,[2],333.830436084709,-208.75041853123963,22.220810969974544,-0.9353637011763861,,,22.286497110121594,24.214186,1.180499
1307,0.9500000000000001,true_threat,ADA,rear_centre,126,vehicle.nissan.patrol_2021,follower,-5,centre,1,[1],179.95639967513523,-205.24979512753188,17.380568647510508,-1.3308333040390055,occluder,19.62302190858365,17.42944826457254,20.0,1.144071
1307,0.9500000000000001,true_threat,ADA,follower_1,127,vehicle.tesla.model3,follower,-4,left,0,[0],171.05402108911017,-201.74981064430597,31.06559730265315,-0.5641552969564237,ego,27.65719001141028,31.072719490583406,31.539545,0.850488
1307,0.9500000000000001,true_threat,ADA,follower_2,128,vehicle.mercedes.coupe_2020,follower,-4,left,0,[0],131.01018916761026,-201.73119887173354,31.059201823192787,-1.104251246308174,follower_1,35.31133592227769,31.05364974785121,31.206399,1.031856
1307,0.9500000000000001,true_threat,ADA,follower_3,129,vehicle.nissan.patrol_2021,follower,-4,left,0,[0],94.09317083858014,-201.75032351961733,31.174962737112914,-1.6907888246105283,follower_2,31.80364788614297,31.17126523369051,30.370599,0.969922
1307,0.9500000000000001,true_threat,ADA,follower_4,130,vehicle.tesla.model3,follower,-4,left,0,[0],60.50691088662791,-201.75013869248062,29.79736121272767,-0.4984669926002865,follower_3,28.33738744269533,29.80568314195588,30.246639,0.855866
1308,1.0,true_threat,ADA,occluder,121,vehicle.carlamotors.firetruck,occluder,-5,centre,1,[1],207.57145445468873,-205.25537390767929,18.45117127851483,-0.07637045773743205,lead_centre,111.1957780744316,18.447063332320933,18.168496,1.019807
1308,1.0,true_threat,ADA,lead_left,123,vehicle.audi.a2,leader,-4,left,0,[0],328.45374968933095,-201.75040601519507,22.75591594309757,-0.9146499848092605,,,22.827838913451508,25.388964,1.025168
1308,1.0,true_threat,ADA,lead_centre,124,vehicle.tesla.model3,leader,-5,centre,1,[1],325.3900323716538,-205.24969661571032,18.313409114658878,0.18688222754729758,,,18.319883968434794,19.353903,0.932058
1308,1.0,true_threat,ADA,lead_right,125,vehicle.audi.a2,leader,-6,right,2,[2],334.9400857824512,-208.75034516071534,22.173388568624883,-0.9484480283261517,,,22.240126737373725,24.214186,1.180499
1308,1.0,true_threat,ADA,rear_centre,126,vehicle.nissan.patrol_2021,follower,-5,centre,1,[1],180.8229768720504,-205.2497894200638,17.29915919766164,-1.6281889948031332,occluder,19.67551217113666,17.3660361071824,20.0,1.144071
1308,1.0,true_threat,ADA,follower_1,127,vehicle.tesla.model3,follower,-4,left,0,[0],172.60645036456802,-201.74976932926623,31.03781297217656,-0.5556866033338893,ego,27.728964508841365,31.043675569699065,31.539545,0.850488
1308,1.0,true_threat,ADA,follower_2,128,vehicle.mercedes.coupe_2020,follower,-4,left,0,[0],132.56139740686928,-201.73018141068172,31.001238643117194,-1.159106435882449,follower_1,35.31112275211207,30.999975735214218,31.206399,1.031856
1308,1.0,true_threat,ADA,follower_3,129,vehicle.nissan.patrol_2021,follower,-4,left,0,[0],95.6492774819881,-201.7502809500789,31.087754915565053,-1.7441564078647096,follower_2,31.797284518605323,31.0891832235139,30.370599,0.969922
1308,1.0,true_threat,ADA,follower_4,130,vehicle.tesla.model3,follower,-4,left,0,[0],61.99606196752566,-201.7501189641884,29.772632413830745,-0.494575968085039,follower_3,28.4074557927878,29.779670520570374,30.246639,0.855866
1309,1.05,true_threat,ADA,occluder,121,vehicle.carlamotors.firetruck,occluder,-5,centre,1,[1],208.49384833518437,-205.25545597041602,18.4465955360362,-0.09151485617227086,lead_centre,111.18866744790989,18.44333344461235,18.168496,1.019807
1309,1.05,true_threat,ADA,lead_left,123,vehicle.audi.a2,leader,-4,left,0,[0],329.59016332755834,-201.75039980835962,22.709317507169885,-0.9319687185356014,,,22.782496413102738,25.388964,1.025168
1309,1.05,true_threat,ADA,lead_centre,124,vehicle.tesla.model3,leader,-5,centre,1,[1],326.30595649473105,-205.24968933280286,18.322142875390657,0.17467521515905335,,,18.329098734421986,19.353903,0.932058
1309,1.05,true_threat,ADA,lead_right,125,vehicle.audi.a2,leader,-6,right,2,[2],336.0473245864564,-208.75025735385435,22.125279525665075,-0.962180859720311,,,22.19310515642416,24.214186,1.180499
1309,1.05,true_threat,ADA,rear_centre,126,vehicle.nissan.patrol_2021,follower,-5,centre,1,[1],181.68592247738,-205.24978495147823,17.232918891717535,-1.3248061168944627,occluder,19.731542472546185,17.28827899578431,20.0,1.144071
1309,1.05,true_threat,ADA,follower_1,127,vehicle.tesla.model3,follower,-4,left,0,[0],174.15753686146112,-201.74971321351254,31.010667606770745,-0.5429072992254566,ego,27.79777892109052,31.01474731166182,31.539545,0.850488
1309,1.05,true_threat,ADA,follower_2,128,vehicle.mercedes.coupe_2020,follower,-4,left,0,[0],134.1096455765625,-201.7295616879679,30.941045766693797,-1.2037058521749704,follower_1,35.31234378831092,30.943682851430037,31.206399,1.031856
1309,1.05,true_threat,ADA,follower_3,129,vehicle.nissan.patrol_2021,follower,-4,left,0,[0],97.20095907682538,-201.7502398901032,30.998475715537616,-1.7855839803953786,follower_2,31.792386114456377,31.00444693224865,30.370599,0.969922
1309,1.05,true_threat,ADA,follower_4,130,vehicle.tesla.model3,follower,-4,left,0,[0],63.48396182779305,-201.7500996627381,29.74834802933932,-0.48568767968296467,follower_3,28.474411355298002,29.753739345780748,30.246639,0.855866
1310,1.1,true_threat,ADA,occluder,121,vehicle.carlamotors.firetruck,occluder,-5,centre,1,[1],209.41602858744017,-205.25552284724,18.441245406612513,-0.10700259681888594,lead_centre,111.18219769049153,18.43886033812138,18.168496,1.019807
1310,1.1,true_threat,ADA,lead_left,123,vehicle.audi.a2,leader,-4,left,0,[0],330.72422711761226,-201.75040966194226,22.662144959645055,-0.9434509504675982,,,22.736292949421063,25.388964,1.025168
1310,1.1,true_threat,ADA,lead_centre,124,vehicle.tesla.model3,leader,-5,centre,1,[1],327.22230785867185,-205.24966664535634,18.330247211878884,0.16208673059130677,,,18.337711419375974,19.353903,0.932058
1310,1.1,true_threat,ADA,lead_right,125,vehicle.audi.a2,leader,-6,right,2,[2],337.1521525227515,-208.75023140459749,22.076747057097613,-0.9706493696943739,,,22.145400118079706,24.214186,1.180499
1310,1.1,true_threat,ADA,rear_centre,126,vehicle.nissan.patrol_2021,follower,-5,centre,1,[1],182.54511442081866,-205.24978176341833,17.151915705502862,-1.6200637225492929,occluder,19.790990747712208,17.224917278840113,20.0,1.144071
1310,1.1,true_threat,ADA,follower_1,127,vehicle.tesla.model3,follower,-4,left,0,[0],175.70728059020024,-201.74967281462122,30.984519787610374,-0.5229563716050704,ego,27.863114475386737,30.986161012868216,31.539545,0.850488
1310,1.1,true_threat,ADA,follower_2,128,vehicle.mercedes.coupe_2020,follower,-4,left,0,[0],135.6548115959738,-201.7293092276588,30.879126581820692,-1.2382418993797342,follower_1,35.31518211551079,30.885264542869336,31.206399,1.031856
1310,1.1,true_threat,ADA,follower_3,129,vehicle.nissan.patrol_2021,follower,-4,left,0,[0],98.748124070363,-201.75020037092258,30.907699249089113,-1.8155293121277305,follower_2,31.788952689312325,30.917639846037037,30.370599,0.969922
1310,1.1,true_threat,ADA,follower_4,130,vehicle.tesla.model3,follower,-4,left,0,[0],64.97067150258283,-201.75008076730813,29.72487427197473,-0.46947514082680786,follower_3,28.538193089867903,29.72813948340074,30.246639,0.855866
1311,1.1500000000000001,true_threat,ADA,occluder,121,vehicle.carlamotors.firetruck,occluder,-5,centre,1,[1],210.33790365352172,-205.2555593105954,18.435040781717415,-0.12409250773521159,lead_centre,111.17636880217651,18.433627119221534,18.168496,1.019807
1311,1.1500000000000001,true_threat,ADA,lead_left,123,vehicle.audi.a2,leader,-4,left,0,[0],331.85591053671095,-201.75042032756554,22.61489802504961,-0.9449386918894029,,,22.68951777149883,25.388964,1.025168
1311,1.1500000000000001,true_threat,ADA,lead_centre,124,vehicle.tesla.model3,leader,-5,centre,1,[1],328.13905595110515,-205.2496438225697,18.337708772432197,0.14923121215001334,,,18.34570325078739,19.353903,0.932058
1311,1.1500000000000001,true_threat,ADA,lead_right,125,vehicle.audi.a2,leader,-6,right,2,[2],338.2545390633496,-208.75023680577917,22.028256552306644,-0.9698100909544032,,,22.097272548359598,24.214186,1.180499
1311,1.1500000000000001,true_threat,ADA,rear_centre,126,vehicle.nissan.patrol_2021,follower,-5,centre,1,[1],183.40079684297714,-205.24977977259786,17.087886015085736,-1.2805938068356513,occluder,19.853979056529354,17.14727308725907,20.0,1.144071
1311,1.1500000000000001,true_threat,ADA,follower_1,127,vehicle.tesla.model3,follower,-4,left,0,[0],177.25574258073271,-201.7496328529826,30.95978340861769,-0.49472756586267064,ego,27.92454396209888,30.95830546913538,31.539545,0.850488
1311,1.1500000000000001,true_threat,ADA,follower_2,128,vehicle.mercedes.coupe_2020,follower,-4,left,0,[0],137.19686493191065,-201.7293782638007,30.815974846482444,-1.262906332219623,follower_1,35.31975982483863,30.825209654272715,31.206399,1.031856
1311,1.1500000000000001,true_threat,ADA,follower_3,129,vehicle.nissan.patrol_2021,follower,-4,left,0,[0],100.29074194502459,-201.75016240294786,30.815982462677976,-1.8343357152940931,follower_2,31.786953715185987,30.829323878847447,30.370599,0.969922
1311,1.1500000000000001,true_threat,ADA,follower_4,130,vehicle.tesla.model3,follower,-4,left,0,[0],66.45623676825954,-201.7500622622823,29.702625035375114,-0.44498472685601126,follower_3,28.598648408615745,29.70323252829563,30.246639,0.855866
1312,1.2000000000000002,true_threat,ADA,occluder,121,vehicle.carlamotors.firetruck,occluder,-5,centre,1,[1],211.2594735282236,-205.25555010169407,18.42794733172506,-0.14186900946100472,lead_centre,111.17124182852827,18.427555197781153,18.168496,1.019807
1312,1.2000000000000002,true_threat,ADA,lead_left,123,vehicle.audi.a2,leader,-4,left,0,[0],332.98524409722535,-201.7504165360305,22.56818896229634,-0.9341812550567451,,,22.642666353565144,25.388964,1.025168
1312,1.2000000000000002,true_threat,ADA,lead_centre,124,vehicle.tesla.model3,leader,-5,centre,1,[1],329.0561397368783,-205.24962088526453,18.34451802152198,0.13618498320365277,,,18.353061097307222,19.353903,0.932058
1312,1.2000000000000002,true_threat,ADA,lead_right,125,vehicle.audi.a2,leader,-6,right,2,[2],339.3545147206214,-208.75025828820048,21.98039356622864,-0.9572597130916137,,,22.049183934222565,24.214186,1.180499
1312,1.2000000000000002,true_threat,ADA,rear_centre,126,vehicle.nissan.patrol_2021,follower,-5,centre,1,[1],184.25284767875547,-205.2497942794481,17.009230774502708,-1.5731048102386327,occluder,19.920171700452393,17.085807865662442,20.0,1.144071
1312,1.2000000000000002,true_threat,ADA,follower_1,127,vehicle.tesla.model3,follower,-4,left,0,[0],178.80304490336388,-201.74959328695348,30.93686664255283,-0.4583353049192762,ego,27.981792769888273,30.931604177842747,31.539545,0.850488
1312,1.2000000000000002,true_threat,ADA,follower_2,128,vehicle.mercedes.coupe_2020,follower,-4,left,0,[0],138.73577507200207,-201.72978406559253,30.752057547111296,-1.2782335872079866,follower_1,35.326168479434244,30.76399962742305,31.206399,1.031856
1312,1.2000000000000002,true_threat,ADA,follower_3,129,vehicle.nissan.patrol_2021,follower,-4,left,0,[0],101.82875166565744,-201.7501260070006,30.723853692127946,-1.8425754019181533,follower_2,31.78638917646125,30.740045028857587,30.370599,0.969922
1312,1.2000000000000002,true_threat,ADA,follower_4,130,vehicle.tesla.model3,follower,-4,left,0,[0],67.94071865997586,-201.7500441268391,29.681968438583716,-0.4131319327626792,follower_3,28.65570101760062,29.679425728970788,30.246639,0.855866
1313,1.2500000000000002,true_threat,ADA,occluder,121,vehicle.carlamotors.firetruck,occluder,-5,centre,1,[1],212.18064666922754,-205.25552576934467,18.41996505800425,-0.15964548270057474,lead_centre,111.16675573959952,18.42061084688422,18.168496,1.019807
1313,1.2500000000000002,true_threat,ADA,lead_left,123,vehicle.audi.a2,leader,-4,left,0,[0],334.11228884471893,-201.750428784092,22.52267199277817,-0.9103393903540407,,,22.59634587562429,25.388964,1.025168
1313,1.2500000000000002,true_threat,ADA,lead_centre,124,vehicle.tesla.model3,leader,-5,centre,1,[1],329.97355924201827,-205.24967412738167,18.35066923675494,0.12302430631475374,,,18.359775588798428,19.353903,0.932058
1313,1.2500000000000002,true_threat,ADA,lead_right,125,vehicle.audi.a2,leader,-6,right,2,[2],340.45211000693797,-208.75028058266244,21.933770356976215,-0.9324641734057159,,,22.001715043700134,24.214186,1.180499
1313,1.2500000000000002,true_threat,ADA,rear_centre,126,vehicle.nissan.patrol_2021,follower,-5,centre,1,[1],185.10151105835365,-205.2497946831065,16.94914547946625,-1.2017058997639531,occluder,19.989690739375945,17.01016021764334,20.0,1.144071
1313,1.2500000000000002,true_threat,ADA,follower_1,127,vehicle.tesla.model3,follower,-4,left,0,[0],180.3492485932465,-201.74955409571237,30.916080386479706,-0.4157251032918311,ego,28.03443368391838,30.9064627724725,31.539545,0.850488
1313,1.2500000000000002,true_threat,ADA,follower_2,128,vehicle.mercedes.coupe_2020,follower,-4,left,0,[0],140.27141993553192,-201.73049615710107,30.687845440961848,-1.2841472160136536,follower_1,35.334560661973995,30.702090424052926,31.206399,1.031856
1313,1.2500000000000002,true_threat,ADA,follower_3,129,vehicle.nissan.patrol_2021,follower,-4,left,0,[0],103.36216849104973,-201.75009117787536,30.631833643516508,-1.8404009664419172,follower_2,31.787289595919837,30.650321820040705,30.370599,0.969922
1313,1.2500000000000002,true_threat,ADA,follower_4,130,vehicle.tesla.model3,follower,-4,left,0,[0],69.42423924803714,-201.75002631933538,29.663188676194455,-0.3755952462105144,follower_3,28.70922884651715,29.65708146177992,30.246639,0.855866
1314,1.3,true_threat,ADA,occluder,121,vehicle.carlamotors.firetruck,occluder,-5,centre,1,[1],213.101392569368,-205.25551684153433,18.411111127954214,-0.17707860714593465,lead_centre,111.16300210373556,18.41279399855878,18.168496,1.019807
1314,1.3,true_threat,ADA,lead_left,123,vehicle.audi.a2,leader,-4,left,0,[0],335.2371058039337,-201.7504265333521,22.478961281120647,-0.8742142331534049,,,22.551205259530853,25.388964,1.025168
1314,1.3,true_threat,ADA,lead_centre,124,vehicle.tesla.model3,leader,-5,centre,1,[1],330.89125341575607,-205.24975779337814,18.356158594847976,0.10978716285172327,,,18.365841112876684,19.353903,0.932058
1314,1.3,true_threat,ADA,lead_right,125,vehicle.audi.a2,leader,-6,right,2,[2],341.5474775049757,-208.750288378323,21.889002997751362,-0.8953471706141175,,,21.95547325456961,24.214186,1.180499
1314,1.3,true_threat,ADA,rear_centre,126,vehicle.nissan.patrol_2021,follower,-5,centre,1,[1],185.9467564694007,-205.24979625277203,16.874629183029057,-1.4903259279636365,occluder,20.062200500781714,16.95228823828656,20.0,1.144071
1314,1.3,true_threat,ADA,follower_1,127,vehicle.tesla.model3,follower,-4,left,0,[0],181.89447572068596,-201.74951523761618,30.897623004368157,-0.3691476226599748,ego,28.082253075949367,30.88318640319402,31.539545,0.850488
1314,1.3,true_threat,ADA,follower_2,128,vehicle.mercedes.coupe_2020,follower,-4,left,0,[0],141.8038605368313,-201.73145348235207,30.623788286176307,-1.2810661551826188,follower_1,35.34511948832679,30.639938952114136,31.206399,1.031856
1314,1.3,true_threat,ADA,follower_3,129,vehicle.nissan.patrol_2021,follower,-4,left,0,[0],104.89099242120146,-201.75005791557214,30.540435393777535,-1.8279649917372245,follower_2,31.789517634057376,30.560665450775442,30.370599,0.969922
1314,1.3,true_threat,ADA,follower_4,130,vehicle.tesla.model3,follower,-4,left,0,[0],70.90689008517248,-201.75000880853884,29.646453594727248,-0.3347016287576479,follower_3,28.75912508384816,29.636481466352368,30.246639,0.855866
1315,1.35,true_threat,ADA,occluder,121,vehicle.carlamotors.firetruck,occluder,-5,centre,1,[1],214.02165018308145,-205.25549282150826,18.401414149696283,-0.19393956986912778,lead_centre,111.15995037733295,18.404121403837394,18.168496,1.019807
1315,1.35,true_threat,ADA,lead_left,123,vehicle.audi.a2,leader,-4,left,0,[0],336.3598170555856,-201.75044025974404,22.437608052759252,-0.8270645672264769,,,22.50785382504482,25.388964,1.025168
1315,1.35,true_threat,ADA,lead_centre,124,vehicle.tesla.model3,leader,-5,centre,1,[1],331.80919173010477,-205.2498413760884,18.360974651542836,0.09632113404159416,,,18.371253927195728,19.353903,0.932058
1315,1.35,true_threat,ADA,lead_right,125,vehicle.audi.a2,leader,-6,right,2,[2],342.64067826029793,-208.75031217193697,21.846629360991695,-0.8474727200031936,,,21.91106985110452,24.214186,1.180499
1315,1.35,true_threat,ADA,rear_centre,126,vehicle.nissan.patrol_2021,follower,-5,centre,1,[1],186.78888908766015,-205.24979888433685,16.820042772060138,-1.0917282189173347,occluder,20.1377009898751,16.880400605816778,20.0,1.144071
1315,1.35,true_threat,ADA,follower_1,127,vehicle.tesla.model3,follower,-4,left,0,[0],183.43884837680918,-201.74953770617444,30.881553624188886,-0.3213875827509767,ego,28.12497632943719,30.861968539804664,31.539545,0.850488
1315,1.35,true_threat,ADA,follower_2,128,vehicle.mercedes.coupe_2020,follower,-4,left,0,[0],143.333127398682,-201.7326712897229,30.560297700784414,-1.2697522192819077,follower_1,35.357906014466835,30.577978705044153,31.206399,1.031856
1315,1.35,true_threat,ADA,follower_3,129,vehicle.nissan.patrol_2021,follower,-4,left,0,[0],106.41529975005349,-201.75002619406405,30.4501281510616,-1.8061448533786377,follower_2,31.793134305205037,30.471580434633037,30.370599,0.969922
1315,1.35,true_threat,ADA,follower_4,130,vehicle.tesla.model3,follower,-4,left,0,[0],72.38874746532274,-201.7499915684225,29.631787989527265,-0.29331210393158136,follower_3,28.805298176864554,29.617796175259706,30.246639,0.855866
1316,1.4000000000000001,true_threat,ADA,occluder,121,vehicle.carlamotors.firetruck,occluder,-5,centre,1,[1],214.9414195207787,-205.2554842268428,18.390902735159525,-0.21022829365170453,lead_centre,111.15763107796812,18.39462101854284,18.168496,1.019807
1316,1.4000000000000001,true_threat,ADA,lead_left,123,vehicle.audi.a2,leader,-4,left,0,[0],337.4805141471986,-201.7504546732473,22.399058626388282,-0.7709885274040806,,,22.4668385728138,25.388964,1.025168
1316,1.4000000000000001,true_threat,ADA,lead_centre,124,vehicle.tesla.model3,leader,-5,centre,1,[1],332.7273741798588,-205.24990961672427,18.365117406062776,0.08285508940865817,,,18.376002772074617,19.353903,0.932058
1316,1.4000000000000001,true_threat,ADA,lead_right,125,vehicle.audi.a2,leader,-6,right,2,[2],343.7318953679522,-208.7503213834633,21.807105301408285,-0.7904811772758791,,,21.869038658271595,24.214186,1.180499
1316,1.4000000000000001,true_threat,ADA,rear_centre,126,vehicle.nissan.patrol_2021,follower,-5,centre,1,[1],187.62784787797926,-205.24980259862255,16.751256149099575,-1.3757324588603606,occluder,20.21582598532914,16.82766430926552,20.0,1.144071
1316,1.4000000000000001,true_threat,ADA,follower_1,127,vehicle.tesla.model3,follower,-4,left,0,[0],184.98251913908715,-201.74959093175693,30.86782074495722,-0.27465756444938233,ego,28.1623897797043,30.84286704208226,31.539545,0.850488
1316,1.4000000000000001,true_threat,ADA,follower_2,128,vehicle.mercedes.coupe_2020,follower,-4,left,0,[0],144.85925101783874,-201.73408853365012,30.497794867152436,-1.2500132757488707,follower_1,35.37301180873937,30.51660329576,31.206399,1.031856
1316,1.4000000000000001,true_threat,ADA,follower_3,129,vehicle.nissan.patrol_2021,follower,-4,left,0,[0],107.9351209951822,-201.74999600294026,30.361404011002932,-1.774482801312933,follower_2,31.798093838203684,30.383528219479466,30.370599,0.969922
1316,1.4000000000000001,true_threat,ADA,follower_4,130,vehicle.tesla.model3,follower,-4,left,0,[0],73.8699487175815,-201.7499745521379,29.619151806027382,-0.25272367004459756,follower_3,28.847748125566326,29.601058806477802,30.246639,0.855866
1317,1.4500000000000002,true_threat,ADA,occluder,121,vehicle.carlamotors.firetruck,occluder,-5,centre,1,[1],215.86060901931995,-205.25546057119396,18.379603585467557,-0.22598299549482664,lead_centre,111.15604419002494,18.38432081475328,18.168496,1.019807
1317,1.4500000000000002,true_threat,ADA,lead_left,123,vehicle.audi.a2,leader,-4,left,0,[0],338.5994106966015,-201.75045444219825,22.363660138769326,-0.7079697523181332,,,22.42860252891526,25.388964,1.025168
1317,1.4500000000000002,true_threat,ADA,lead_centre,124,vehicle.tesla.model3,leader,-5,centre,1,[1],333.6457092227,-205.2499930640944,18.368598305530785,0.06961798789866092,,,18.380087668903858,19.353903,0.932058
1317,1.4500000000000002,true_threat,ADA,lead_right,125,vehicle.audi.a2,leader,-6,right,2,[2],344.8211898735018,-208.75034650965682,21.7707951227382,-0.7262035605084445,,,21.82983222261096,24.214186,1.180499
1317,1.4500000000000002,true_threat,ADA,rear_centre,126,vehicle.nissan.patrol_2021,follower,-5,centre,1,[1],188.4639685389033,-205.24982253989876,16.703536192569345,-0.9543991303745374,occluder,20.29663653270729,16.761121949170523,20.0,1.144071
1317,1.4500000000000002,true_threat,ADA,follower_1,127,vehicle.tesla.model3,follower,-4,left,0,[0],186.52554903746716,-201.74965963475395,30.856290851517887,-0.23059785008402,ego,28.194218789385104,30.82583456825441,31.539545,0.850488
1317,1.4500000000000002,true_threat,ADA,follower_2,128,vehicle.mercedes.coupe_2020,follower,-4,left,0,[0],146.38232293661986,-201.73567466532504,30.436659053007133,-1.2226869221913967,follower_1,35.39055895186058,30.456213400092803,31.206399,1.031856
1317,1.4500000000000002,true_threat,ADA,follower_3,129,vehicle.nissan.patrol_2021,follower,-4,left,0,[0],109.45059348568114,-201.74996729535232,30.274703571115484,-1.7340087980790084,follower_2,31.804396212231737,30.296992946775333,30.370599,0.969922
1317,1.4500000000000002,true_threat,ADA,follower_4,130,vehicle.tesla.model3,follower,-4,left,0,[0],75.35060065346596,-201.7499577232473,29.608417251578526,-0.2146910888312565,follower_3,28.88636811843628,29.58624239098354,30.246639,0.855866
1318,1.5000000000000002,true_threat,ADA,occluder,121,vehicle.carlamotors.firetruck,occluder,-5,centre,1,[1],216.77924920669233,-205.2554523617273,18.36755294211425,-0.2410128675329005,lead_centre,111.15518973432485,18.373246905438485,18.168496,1.019807
1318,1.5000000000000002,true_threat,ADA,lead_left,123,vehicle.audi.a2,leader,-4,left,0,[0],339.716659302087,-201.75047003211938,22.331652917442558,-0.6401444264548425,,,22.393490387121645,25.388964,1.025168
1318,1.5000000000000002,true_threat,ADA,lead_centre,124,vehicle.tesla.model3,leader,-5,centre,1,[1],334.5642883697143,-205.2499696166611,18.37142879097198,0.05660970726645009,,,18.38351992386547,19.353903,0.932058
1318,1.5000000000000002,true_threat,ADA,lead_right,125,vehicle.audi.a2,leader,-6,right,2,[2],345.90880591235214,-208.75037220844308,21.737950593548387,-0.6568905738050033,,,21.793812322316853,24.214186,1.180499
1318,1.5000000000000002,true_threat,ADA,rear_centre,126,vehicle.nissan.patrol_2021,follower,-5,centre,1,[1],189.29731209517416,-205.24982816976757,16.64191356943187,-1.2324524626938878,occluder,20.379705370324512,16.71489158753394,20.0,1.144071
1318,1.5000000000000002,true_threat,ADA,follower_1,127,vehicle.tesla.model3,follower,-4,left,0,[0],188.06809064942018,-201.74971324553522,30.846786559022007,-0.19008583401067577,ego,28.220402146343694,30.8107546205398,31.539545,0.850488
1318,1.5000000000000002,true_threat,ADA,follower_2,128,vehicle.mercedes.coupe_2020,follower,-4,left,0,[0],147.90234313420376,-201.7373686495949,30.377258139578245,-1.188000410398681,follower_1,35.410516931459476,30.39716793701515,31.206399,1.031856
1318,1.5000000000000002,true_threat,ADA,follower_3,129,vehicle.nissan.patrol_2021,follower,-4,left,0,[0],110.96182403306753,-201.74994003486245,30.190471243554196,-1.6846465508939972,follower_2,31.811995640513913,30.212408522478746,30.370599,0.969922
1318,1.5000000000000002,true_threat,ADA,follower_4,130,vehicle.tesla.model3,follower,-4,left,0,[0],76.83079482570518,-201.74994105051834,29.599427923276004,-0.1797865655088755,follower_3,28.92118867305075,29.573236561946914,30.246639,0.855866
1319,1.55,true_threat,ADA,occluder,121,vehicle.carlamotors.firetruck,occluder,-5,centre,1,[1],217.6972180021796,-205.25542912250955,18.354788951255465,-0.25527981680455747,lead_centre,111.15512869396677,18.361434760012756,18.168496,1.019807
1319,1.55,true_threat,ADA,lead_left,123,vehicle.audi.a2,leader,-4,left,0,[0],340.8323820235496,-201.75047088379122,22.30320290081762,-0.5690003323527968,,,22.361740911034886,25.388964,1.025168
1319,1.55,true_threat,ADA,lead_centre,124,vehicle.tesla.model3,leader,-5,centre,1,[1],335.48289803430487,-205.24994615881704,18.373627947486145,0.043983130098073135,,,18.386310833745707,19.353903,0.932058
1319,1.55,true_threat,ADA,lead_right,125,vehicle.audi.a2,leader,-6,right,2,[2],346.9948045144506,-208.7503832002124,21.708722394035384,-0.5845639833518933,,,21.761229117591775,24.214186,1.180499
1319,1.55,true_threat,ADA,rear_centre,126,vehicle.nissan.patrol_2021,follower,-5,centre,1,[1],190.12824476291343,-205.24983462208783,16.602212104151548,-0.7940293056683626,occluder,20.465002001426,16.65513440652548,20.0,1.144071
1319,1.55,true_threat,ADA,follower_1,127,vehicle.tesla.model3,follower,-4,left,0,[0],189.610174497728,-201.74976701247815,30.839113317697766,-0.15346481379526267,ego,28.240787189822882,30.7974735813107,31.539545,0.850488
1319,1.55,true_threat,ADA,follower_2,128,vehicle.mercedes.coupe_2020,follower,-4,left,0,[0],149.41946419847224,-201.73917043440593,30.31993147014831,-1.1465241921513398,follower_1,35.43303834582861,30.33981549966314,31.206399,1.031856
1319,1.55,true_threat,ADA,follower_3,129,vehicle.nissan.patrol_2021,follower,-4,left,0,[0],112.46890419007045,-201.74991419023837,30.109141903673482,-1.626586795875932,follower_2,31.82078529071144,30.130212188279426,30.370599,0.969922
1319,1.55,true_threat,ADA,follower_4,130,vehicle.tesla.model3,follower,-4,left,0,[0],78.31054648788196,-201.7499092699575,29.592044584345228,-0.14766677757260047,follower_3,28.952225048197917,29.561905753303257,30.246639,0.855866
1320,1.6,true_threat,ADA,occluder,121,vehicle.carlamotors.firetruck,occluder,-5,centre,1,[1],218.6145154109872,-205.25540611232893,18.341353574738076,-0.2687075294572522,lead_centre,111.1557695630701,18.348921719956316,18.168496,1.019807
1320,1.6,true_threat,ADA,lead_left,123,vehicle.audi.a2,leader,-4,left,0,[0],341.94679249443465,-201.7504874419147,22.278378753543397,-0.49648294526435977,,,22.33351906602527,25.388964,1.025168
1320,1.6,true_threat,ADA,lead_centre,124,vehicle.tesla.model3,leader,-5,centre,1,[1],336.40166028677726,-205.24992264891907,18.37522438379828,0.03192872731065086,,,18.388479229246226,19.353903,0.932058
1320,1.6,true_threat,ADA,lead_right,125,vehicle.audi.a2,leader,-6,right,2,[2],348.0795519011242,-208.7504098776118,21.68319254074569,-0.5105970613745767,,,21.73223247561808,24.214186,1.180499
1320,1.6,true_threat,ADA,rear_centre,126,vehicle.nissan.patrol_2021,follower,-5,centre,1,[1],190.9567665421211,-205.2498418968595,16.548901705375815,-1.0662079755672755,occluder,20.552038129174015,16.616573027562087,20.0,1.144071
1320,1.6,true_threat,ADA,follower_1,127,vehicle.tesla.model3,follower,-4,left,0,[0],191.1519531754777,-201.74983614231704,30.833093743810075,-0.12039146850386027,ego,28.255343350192412,30.785821719541723,31.539545,0.850488
1320,1.6,true_threat,ADA,follower_2,128,vehicle.mercedes.coupe_2020,follower,-4,left,0,[0],150.9338081789091,-201.74101894296223,30.26499366198863,-1.0987527225585254,follower_1,35.458001129867945,30.284477440965222,31.206399,1.031856
1320,1.6,true_threat,ADA,follower_3,129,vehicle.nissan.patrol_2021,follower,-4,left,0,[0],113.97204757972429,-201.74988968860458,30.031125631266146,-1.5603254444116983,follower_2,31.830826197976982,30.050832112229703,30.370599,0.969922
1320,1.6,true_threat,ADA,follower_4,130,vehicle.tesla.model3,follower,-4,left,0,[0],79.78996246192429,-201.7498928627034,29.586124183796123,-0.11840800932877668,follower_3,28.979553543024053,29.552132751136337,30.246639,0.855866
1321,1.6500000000000001,true_threat,ADA,occluder,121,vehicle.carlamotors.firetruck,occluder,-5,centre,1,[1],219.53120247347317,-205.25539856915202,18.327283053156453,-0.2814104305770019,lead_centre,111.15723440673489,18.335748893776085,18.168496,1.019807
1321,1.6500000000000001,true_threat,ADA,lead_left,123,vehicle.audi.a2,leader,-4,left,0,[0],343.0601653677238,-201.7505043540046,22.257205271166715,-0.42346964722847,,,22.30889329852804,25.388964,1.025168
1321,1.6500000000000001,true_threat,ADA,lead_centre,124,vehicle.tesla.model3,leader,-5,centre,1,[1],337.32042254445497,-205.24991439780928,18.376252430867837,0.020560943364190322,,,18.39005332825847,19.353903,0.932058
1321,1.6500000000000001,true_threat,ADA,lead_right,125,vehicle.audi.a2,leader,-6,right,2,[2],349.163048061962,-208.75042172306487,21.66137438405141,-0.4363631318771083,,,21.706904116277844,24.214186,1.180499
1321,1.6500000000000001,true_threat,ADA,rear_centre,126,vehicle.nissan.patrol_2021,follower,-5,centre,1,[1],191.78330467886607,-205.24984984833173,16.518141889587667,-0.6151963158510587,occluder,20.640813758773927,16.56476468585875,20.0,1.144071
1321,1.6500000000000001,true_threat,ADA,follower_1,127,vehicle.tesla.model3,follower,-4,left,0,[0],192.6934877074112,-201.74989009665398,30.828598136013685,-0.08991215052713247,ego,28.26403998494662,30.775648990653373,31.539545,0.850488
1321,1.6500000000000001,true_threat,ADA,follower_2,128,vehicle.mercedes.coupe_2020,follower,-4,left,0,[0],152.4454971510251,-201.74292939240888,30.21274032919423,-1.0450661758853748,follower_1,35.4854358271808,30.231453467336006,31.206399,1.031856
1321,1.6500000000000001,true_threat,ADA,follower_3,129,vehicle.nissan.patrol_2021,follower,-4,left,0,[0],115.47137627233448,-201.74986648831805,29.956822969347378,-1.4860532322363267,follower_2,31.842026788759988,29.974671727922154,30.370599,0.969922
1321,1.6500000000000001,true_threat,ADA,follower_4,130,vehicle.tesla.model3,follower,-4,left,0,[0],81.26914955414398,-201.7498765335301,29.581563724064473,-0.09120919244876222,follower_3,29.00328095863557,29.54379797415934,30.246639,0.855866
1322,1.7000000000000002,true_threat,ADA,occluder,121,vehicle.carlamotors.firetruck,occluder,-5,centre,1,[1],220.44712659134507,-205.25537602745638,18.312621253953214,-0.29323598291755254,lead_centre,111.15930960192661,18.3219517746503,18.168496,1.019807
1322,1.7000000000000002,true_threat,ADA,lead_left,123,vehicle.audi.a2,leader,-4,left,0,[0],344.17250063821166,-201.75050636127276,22.23964430672242,-0.35121928848603,,,22.287888498777175,25.388964,1.025168
1322,1.7000000000000002,true_threat,ADA,lead_centre,124,vehicle.tesla.model3,leader,-5,centre,1,[1],338.239154279351,-205.2498908983221,18.37674642170851,0.009879819097685535,,,18.39106698783519,19.353903,0.932058
1322,1.7000000000000002,true_threat,ADA,lead_right,125,vehicle.audi.a2,leader,-6,right,2,[2],350.24562870071475,-208.75044913962947,21.643245036833562,-0.3625869436887378,,,21.68525759593005,24.214186,1.180499
1322,1.7000000000000002,true_threat,ADA,rear_centre,126,vehicle.nissan.patrol_2021,follower,-5,centre,1,[1],192.60795073108278,-205.24987370406035,16.474028725131973,-0.8822632891590746,occluder,20.730962684514946,16.53481122021618,20.0,1.144071
1322,1.7000000000000002,true_threat,ADA,follower_1,127,vehicle.tesla.model3,follower,-4,left,0,[0],194.23483913909203,-201.74995937224378,30.825519683272184,-0.061569052293921935,ego,28.266968589555262,30.76685205408407,31.539545,0.850488
1322,1.7000000000000002,true_threat,ADA,follower_2,128,vehicle.mercedes.coupe_2020,follower,-4,left,0,[0],153.9546836714697,-201.74481017796293,30.163438536576123,-0.9860358124925694,follower_1,35.515281386998296,30.181027134300148,31.206399,1.031856
1322,1.7000000000000002,true_threat,ADA,follower_3,129,vehicle.nissan.patrol_2021,follower,-4,left,0,[0],116.96713440851182,-201.74984450609247,29.886603943008403,-1.4043805181810465,follower_2,31.854387068265815,29.902125366884757,30.370599,0.969922
1322,1.7000000000000002,true_threat,ADA,follower_4,130,vehicle.tesla.model3,follower,-4,left,0,[0],82.74810776454107,-201.74986028243768,29.578283096304833,-0.06561255251577879,follower_3,29.023422559026073,29.536821180502624,30.246639,0.855866
1323,1.7500000000000002,true_threat,ADA,occluder,121,vehicle.carlamotors.firetruck,occluder,-5,centre,1,[1],221.36228776980823,-205.25535374603018,18.29742158398051,-0.30399339852577073,lead_centre,111.16211721895075,18.307573354366,18.168496,1.019807
1323,1.7500000000000002,true_threat,ADA,lead_left,123,vehicle.audi.a2,leader,-4,left,0,[0],345.28416452722524,-201.75052385636621,22.225632917763267,-0.2802277786839979,,,22.270467072408493,25.388964,1.025168
1323,1.7500000000000002,true_threat,ADA,lead_centre,124,vehicle.tesla.model3,leader,-5,centre,1,[1],339.15791653182333,-205.24986738842415,18.376748318599844,3.793990200369683e-05,,,18.391554064427517,19.353903,0.932058
1323,1.7500000000000002,true_threat,ADA,lead_right,125,vehicle.audi.a2,leader,-6,right,2,[2],351.3273853649061,-208.75047683728505,21.62873583370572,-0.2901840627511653,,,21.66727047242509,24.214186,1.180499
1323,1.7500000000000002,true_threat,ADA,rear_centre,126,vehicle.nissan.patrol_2021,follower,-5,centre,1,[1],193.4310403817003,-205.24988283195046,16.452868593367892,-0.42320263529615587,occluder,20.82224075017011,16.49185603426678,20.0,1.144071
1323,1.7500000000000002,true_threat,ADA,follower_1,127,vehicle.tesla.model3,follower,-4,left,0,[0],195.7760379776857,-201.75001344109927,30.8237611095103,-0.035171474872388094,ego,28.26409852671806,30.759350326062858,31.539545,0.850488
1323,1.7500000000000002,true_threat,ADA,follower_2,128,vehicle.mercedes.coupe_2020,follower,-4,left,0,[0],155.46145927735577,-201.7466154920276,30.11732870825326,-0.9221948432804778,follower_1,35.547446298234505,30.13345592464536,31.206399,1.031856
1323,1.7500000000000002,true_threat,ADA,follower_3,129,vehicle.nissan.patrol_2021,follower,-4,left,0,[0],118.45948983492622,-201.74982368466863,29.820838577988788,-1.3153072891643138,follower_2,31.86781545253308,29.833557207661645,30.370599,0.969922
1323,1.7500000000000002,true_threat,ADA,follower_4,130,vehicle.tesla.model3,follower,-4,left,0,[0],84.22695916342094,-201.74984406778296,29.576221265161536,-0.04123661976716779,follower_3,29.04022248480632,29.53114515619957,30.246639,0.855866
1324,1.8,true_threat,ADA,occluder,121,vehicle.carlamotors.firetruck,occluder,-5,centre,1,[1],222.27668600886264,-205.25533172487343,18.281722191072475,-0.3139878575971768,lead_centre,111.16571829295994,18.29266599344237,18.168496,1.019807
1324,1.8,true_threat,ADA,lead_left,123,vehicle.audi.a2,leader,-4,left,0,[0],346.3951570243537,-201.7505263217086,22.21506238541403,-0.21141064637809717,,,22.256566780045443,25.388964,1.025168
1324,1.8,true_threat,ADA,lead_centre,124,vehicle.tesla.model3,leader,-5,centre,1,[1],340.07664826671936,-205.24984388893697,18.376300084993517,-0.008964670834087154,,,18.39155593476753,19.353903,0.932058
1324,1.8,true_threat,ADA,lead_right,125,vehicle.audi.a2,leader,-6,right,2,[2],352.4085621899414,-208.75048947395726,21.61774187087824,-0.2198792568448679,,,21.652874836003356,24.214186,1.180499
1324,1.8,true_threat,ADA,rear_centre,126,vehicle.nissan.patrol_2021,follower,-5,centre,1,[1],194.25266518865305,-205.2498924595579,16.418553477587338,-0.6863023155636399,occluder,20.914312278015746,16.471185324384265,20.0,1.144071
1324,1.8,true_threat,ADA,follower_1,127,vehicle.tesla.model3,follower,-4,left,0,[0],197.31726733385574,-201.75006749954397,30.8232556579625,-0.010109031329438958,ego,28.25567387978652,30.753075683261347,31.539545,0.850488
1324,1.8,true_threat,ADA,follower_2,128,vehicle.mercedes.coupe_2020,follower,-4,left,0,[0],156.9660681197049,-201.7483757688929,30.074613167533027,-0.8543057878666188,follower_1,35.581869530942114,30.088972673409987,31.206399,1.031856
1324,1.8,true_threat,ADA,follower_3,129,vehicle.nissan.patrol_2021,follower,-4,left,0,[0],119.948732468553,-201.74980392514408,29.759854937967926,-1.219672786728259,follower_2,31.88223563200475,29.769330789696294,30.370599,0.969922
1324,1.8,true_threat,ADA,follower_4,130,vehicle.tesla.model3,follower,-4,left,0,[0],85.70576478593627,-201.7498278687444,29.575324824652334,-0.01792880676108452,follower_3,29.053726512340845,29.526731469465442,30.246639,0.855866
1325,1.85,true_threat,ADA,occluder,121,vehicle.carlamotors.firetruck,occluder,-5,centre,1,[1],223.19026027335562,-205.25530998480767,18.26557838747471,-0.3228760716488278,lead_centre,111.17005178880154,18.277267087627774,18.168496,1.019807
1325,1.85,true_threat,ADA,lead_left,123,vehicle.audi.a2,leader,-4,left,0,[0],347.5057833157714,-201.7505441707685,22.207816362194922,-0.1449204637527086,,,22.246079922735873,25.388964,1.025168
1325,1.85,true_threat,ADA,lead_centre,124,vehicle.tesla.model3,leader,-5,centre,1,[1],340.99541051919175,-205.249820379039,18.375441773795824,-0.017166223208237828,,,18.391113974984016,19.353903,0.932058
1325,1.85,true_threat,ADA,lead_right,125,vehicle.audi.a2,leader,-6,right,2,[2],353.48928125653686,-208.75051752557928,21.610142986565524,-0.15197768608556847,,,21.641966773263484,24.214186,1.180499
1325,1.85,true_threat,ADA,rear_centre,126,vehicle.nissan.patrol_2021,follower,-5,centre,1,[1],195.07331343316264,-205.24990242031024,16.407366871747218,-0.22373211665429588,occluder,21.00708571011741,16.437704710064978,20.0,1.144071
1325,1.85,true_threat,ADA,follower_1,127,vehicle.tesla.model3,follower,-4,left,0,[0],198.8584661776548,-201.75013682718765,30.82392512781652,0.013389397321689079,ego,28.241603012745372,30.747986966586673,31.539545,0.850488
1325,1.85,true_threat,ADA,follower_2,128,vehicle.mercedes.coupe_2020,follower,-4,left,0,[0],158.46863225320627,-201.7500451905513,30.03547900041572,-0.7826739162791139,follower_1,35.61849004476302,30.04777473698311,31.206399,1.031856
1325,1.85,true_threat,ADA,follower_3,129,vehicle.nissan.patrol_2021,follower,-4,left,0,[0],121.43506067363842,-201.7497851598488,29.703965827512633,-1.1177821934816372,follower_2,31.897601840727077,29.70976863196065,30.370599,0.969922
1325,1.85,true_threat,ADA,follower_4,130,vehicle.tesla.model3,follower,-4,left,0,[0],87.18458566723979,-201.74981166450044,29.575538461512433,0.004272740856464793,follower_3,29.064163523452308,29.523549138259845,30.246639,0.855866
1326,1.9000000000000001,true_threat,ADA,occluder,121,vehicle.carlamotors.firetruck,occluder,-5,centre,1,[1],224.1030410860689,-205.25530377421032,18.249041671671208,-0.33073431597492936,lead_centre,111.17523977678093,18.261430880357064,18.168496,1.019807
1326,1.9000000000000001,true_threat,ADA,lead_left,123,vehicle.audi.a2,leader,-4,left,0,[0],348.6160739138493,-201.75056213434695,22.203763240227467,-0.08106243860652988,,,22.238891189188884,25.388964,1.025168
1326,1.9000000000000001,true_threat,ADA,lead_centre,124,vehicle.tesla.model3,leader,-5,centre,1,[1],341.91417277686946,-205.2498121279292,18.374219162906794,-0.024452217732111692,,,18.3902676760898,19.353903,0.932058
1326,1.9000000000000001,true_threat,ADA,lead_right,125,vehicle.audi.a2,leader,-6,right,2,[2],354.56969514216337,-208.75053042252094,21.60581138786294,-0.08663197304800081,,,21.634427185428258,24.214186,1.180499
1326,1.9000000000000001,true_threat,ADA,rear_centre,126,vehicle.nissan.patrol_2021,follower,-5,centre,1,[1],195.89298511522904,-205.24991271420745,16.383141629216297,-0.4845048503689222,occluder,21.100011730100814,16.426707181412628,20.0,1.144071
1326,1.9000000000000001,true_threat,ADA,follower_1,127,vehicle.tesla.model3,follower,-4,left,0,[0],200.39966501624846,-201.75019089604314,30.82568178034083,0.035133052680791324,ego,28.222343756909922,30.744043114644462,31.539545,0.850488
1326,1.9000000000000001,true_threat,ADA,follower_2,128,vehicle.mercedes.coupe_2020,follower,-4,left,0,[0],159.96930426053626,-201.7516084461607,30.00007326082568,-0.7081004223409524,follower_1,35.65712475506071,30.010044611325156,31.206399,1.031856
1326,1.9000000000000001,true_threat,ADA,follower_3,129,vehicle.nissan.patrol_2021,follower,-4,left,0,[0],122.91881013831696,-201.7497520154761,29.653464978393732,-1.0100169649773536,follower_2,31.913837769143043,29.6551781793981,30.370599,0.969922
1326,1.9000000000000001,true_threat,ADA,follower_4,130,vehicle.tesla.model3,follower,-4,left,0,[0],88.6634065485433,-201.7497954602565,29.576783974284417,0.024910259228059003,follower_3,29.071670847234202,29.52156534489592,30.246639,0.855866
1327,1.9500000000000002,true_threat,ADA,occluder,121,vehicle.carlamotors.firetruck,occluder,-5,centre,1,[1],225.0149368838627,-205.25528260673732,18.23216354211228,-0.33756259118019133,lead_centre,111.18122122174537,18.245207882793178,18.168496,1.019807
1327,1.9500000000000002,true_threat,ADA,lead_left,123,vehicle.audi.a2,leader,-4,left,0,[0],349.72630347156905,-201.75056485995876,22.202754245628867,-0.020179891037620065,,,22.23487008821801,25.388964,1.025168
1327,1.9500000000000002,true_threat,ADA,lead_centre,124,vehicle.tesla.model3,leader,-5,centre,1,[1],342.83284347661277,-205.24978864926356,18.37267611843898,-0.03086088942729429,,,18.38906217307324,19.353903,0.932058
1327,1.9500000000000002,true_threat,ADA,lead_right,125,vehicle.audi.a2,leader,-6,right,2,[2],355.65001748026634,-208.75055860948308,21.60459830284482,-0.02426169843510664,,,21.630129359569757,24.214186,1.180499
1327,1.9500000000000002,true_threat,ADA,rear_centre,126,vehicle.nissan.patrol_2021,follower,-5,centre,1,[1],196.7121380037029,-205.24993844387606,16.381974325912235,-0.02334606574726956,occluder,21.193120860747715,16.40301273824939,20.0,1.144071
1327,1.9500000000000002,true_threat,ADA,follower_1,127,vehicle.tesla.model3,follower,-4,left,0,[0],201.94104696550562,-201.75026016122214,30.828418805341347,0.05474050513564429,ego,28.19795718387057,30.741188819936337,31.539545,0.850488
1327,1.9500000000000002,true_threat,ADA,follower_2,128,vehicle.mercedes.coupe_2020,follower,-4,left,0,[0],161.4683893070476,-201.75303491403693,29.96851439436708,-0.6311579745434484,follower_1,35.69765158632439,29.975926283512003,31.206399,1.031856
1327,1.9500000000000002,true_threat,ADA,follower_3,129,vehicle.nissan.patrol_2021,follower,-4,left,0,[0],124.40017923724562,-201.74973494193222,29.60860225333928,-0.897254482123164,follower_2,31.9307603117945,29.605847033099415,30.370599,0.969922
1327,1.9500000000000002,true_threat,ADA,follower_4,130,vehicle.tesla.model3,follower,-4,left,0,[0],90.14228846499951,-201.749779235191,29.578973624750258,0.04379301314437809,follower_3,29.07659943060922,29.520726491017985,30.246639,0.855866
1328,2.0,true_threat,ADA,occluder,121,vehicle.carlamotors.firetruck,occluder,-5,centre,1,[1],225.92606974224776,-205.2552616995338,18.215001219253608,-0.343246457108223,lead_centre,111.18799612369489,18.2286486155433,18.168496,1.019807
1328,2.0,true_threat,ADA,lead_left,123,vehicle.audi.a2,leader,-4,left,0,[0],350.83650251691785,-201.75058285476956,22.204646328920987,0.03784166675198331,,,22.233869062283055,25.388964,1.025168
1328,2.0,true_threat,ADA,lead_centre,124,vehicle.tesla.model3,leader,-5,centre,1,[1],343.75139210605073,-205.24976521224107,18.370854604882577,-0.03643027170073848,,,18.387540715398696,19.353903,0.932058
1328,2.0,true_threat,ADA,lead_right,125,vehicle.audi.a2,leader,-6,right,2,[2],356.7303703359456,-208.75058678603443,21.60634923653627,0.03501867669103872,,,21.628925729158656,24.214186,1.180499
1328,2.0,true_threat,ADA,rear_centre,126,vehicle.nissan.patrol_2021,follower,-5,centre,1,[1],197.53080260574978,-205.24994908132894,16.367789365780496,-0.28369920211584027,occluder,21.285863770067643,16.40175048945133,20.0,1.144071
1328,2.0,true_threat,ADA,follower_1,127,vehicle.tesla.model3,follower,-4,left,0,[0],203.48258149743916,-201.75031411555906,30.83199887325335,0.07160136738267758,ego,28.16859590753603,30.739351150838132,31.539545,0.850488
1328,2.0,true_threat,ADA,follower_2,128,vehicle.mercedes.coupe_2020,follower,-4,left,0,[0],162.96597893505856,-201.75429404537138,29.94089604540364,-0.5523430575452449,follower_1,35.7399484890702,29.945535780428923,31.206399,1.031856
1328,2.0,true_threat,ADA,follower_3,129,vehicle.nissan.patrol_2021,follower,-4,left,0,[0],125.87945788219437,-201.74971858152662,29.569526424562206,-0.7815165560250303,follower_2,31.94847625937718,29.562020942720178,30.370599,0.969922
1328,2.0,true_threat,ADA,follower_4,130,vehicle.tesla.model3,follower,-4,left,0,[0],91.62132296933747,-201.7497629580716,29.581991064586845,0.060348800544585315,follower_3,29.079086613081685,29.52096790764085,30.246639,0.855866
1329,2.05,true_threat,ADA,occluder,121,vehicle.carlamotors.firetruck,occluder,-5,centre,1,[1],226.83625655576597,-205.25524111506436,18.1976023867908,-0.3479766489331239,lead_centre,111.19541189474776,18.211809213812856,18.168496,1.019807
1329,2.05,true_threat,ADA,lead_left,123,vehicle.audi.a2,leader,-4,left,0,[0],351.94697621524847,-201.75058549709516,22.209267827788864,0.09242997838005158,,,22.235746201714317,25.388964,1.025168
1329,2.05,true_threat,ADA,lead_centre,124,vehicle.tesla.model3,leader,-5,centre,1,[1],344.6699102179123,-205.2497417856293,18.368800397497605,-0.041084147902884983,,,18.385744677347237,19.353903,0.932058
1329,2.05,true_threat,ADA,lead_right,125,vehicle.audi.a2,leader,-6,right,2,[2],357.81084525672486,-208.7505996621545,21.61089824909856,0.09098025515436178,,,21.630663015819675,24.214186,1.180499
1329,2.05,true_threat,ADA,rear_centre,126,vehicle.nissan.patrol_2021,follower,-5,centre,1,[1],198.349497725373,-205.24995970837102,16.376340002161196,0.17101272824706684,occluder,21.378332026405815,16.387812124018314,20.0,1.144071
1329,2.05,true_threat,ADA,follower_1,127,vehicle.tesla.model3,follower,-4,left,0,[0],205.02429913483076,-201.75036800743135,30.83628847116878,0.08579197166568542,ego,28.13453465376348,30.73842913689536,31.539545,0.850488
1329,2.05,true_threat,ADA,follower_2,128,vehicle.mercedes.coupe_2020,follower,-4,left,0,[0],164.46234780275626,-201.755385746467,29.91727369051072,-0.472419376648127,follower_1,35.783893392992766,29.91896449478485,31.206399,1.031856
1329,2.05,true_threat,ADA,follower_3,129,vehicle.nissan.patrol_2021,follower,-4,left,0,[0],127.35698176650305,-201.74970281974072,29.53619934522392,-0.6665415668349334,follower_2,31.966787242439388,29.523847113830435,30.370599,0.969922
1329,2.05,true_threat,ADA,follower_4,130,vehicle.tesla.model3,follower,-4,left,0,[0],93.10052532034535,-201.74974662369294,29.585716130685743,0.07450132570810108,follower_3,29.079330753692474,29.52219426708807,30.246639,0.855866
1330,2.1,true_threat,ADA,occluder,121,vehicle.carlamotors.firetruck,occluder,-5,centre,1,[1],227.74564991229911,-205.25522080127516,18.180033801872842,-0.3513716975805791,lead_centre,111.2037431930911,18.194736490775863,18.168496,1.019807
1330,2.1,true_threat,ADA,lead_left,123,vehicle.audi.a2,leader,-4,left,0,[0],353.05766354181884,-201.7506033253335,22.216441359641614,0.1434706380623639,,,22.240331183462967,25.388964,1.025168
1330,2.1,true_threat,ADA,lead_centre,124,vehicle.tesla.model3,leader,-5,centre,1,[1],345.58824522431576,-205.24971842148224,18.366549735267682,-0.045013244545212584,,,18.383719190809277,19.353903,0.932058
1330,2.1,true_threat,ADA,lead_right,125,vehicle.audi.a2,leader,-6,right,2,[2],358.89165587604936,-208.75062768254423,21.6180641436113,0.14331789480625903,,,21.635176557209732,24.214186,1.180499
1330,2.1,true_threat,ADA,rear_centre,126,vehicle.nissan.patrol_2021,follower,-5,centre,1,[1],199.16822336257258,-205.24997032500235,16.37178715335554,-0.09105697545257568,occluder,21.469823720300806,16.395999785490424,20.0,1.144071
1330,2.1,true_threat,ADA,follower_1,127,vehicle.tesla.model3,follower,-4,left,0,[0],206.56623040046222,-201.75043708521636,30.841131196570505,0.09685452603737797,ego,28.09604814320474,30.738250103776394,31.539545,0.850488
1330,2.1,true_threat,ADA,follower_2,128,vehicle.mercedes.coupe_2020,follower,-4,left,0,[0],165.95758746807516,-201.75632524487966,29.89766844811081,-0.39207435856500356,follower_1,35.82924216268667,29.896266714698612,31.206399,1.031856
1330,2.1,true_threat,ADA,follower_3,129,vehicle.nissan.patrol_2021,follower,-4,left,0,[0],128.83297977199425,-201.7496875784937,29.508485593337472,-0.5542750178081507,follower_2,31.98563222582841,29.49129307164986,30.370599,0.969922
1330,2.1,true_threat,ADA,follower_4,130,vehicle.tesla.model3,follower,-4,left,0,[0],94.57994129438767,-201.74973021643882,29.590013401272834,0.08594541536514962,follower_3,29.07765228699327,29.524299308706993,30.246639,0.855866
1331,2.15,true_threat,ADA,occluder,121,vehicle.carlamotors.firetruck,occluder,-5,centre,1,[1],228.65406671159448,-205.255216079419,18.162343148153653,-0.35381307296109826,lead_centre,111.21268484296144,18.177495947259562,18.168496,1.019807
1331,2.15,true_threat,ADA,lead_left,123,vehicle.audi.a2,leader,-4,left,0,[0],354.1688086320345,-201.75062099741018,22.225980003476373,0.19077287780201727,,,22.247447987944597,25.388964,1.025168
1331,2.15,true_threat,ADA,lead_centre,124,vehicle.tesla.model3,leader,-5,centre,1,[1],346.5064886831955,-205.2497103473557,18.364148393806957,-0.04802682881622604,,,18.381499985094596,19.353903,0.932058
1331,2.15,true_threat,ADA,lead_right,125,vehicle.audi.a2,leader,-6,right,2,[2],359.9728937362373,-208.75064029839487,21.627659999322113,0.1919171194999991,,,21.642286529818712,24.214186,1.180499
1331,2.15,true_threat,ADA,rear_centre,126,vehicle.nissan.patrol_2021,follower,-5,centre,1,[1],199.98743728099373,-205.24998077506123,16.389399603626227,0.35224900624955746,occluder,21.560491439634372,16.3914285979027,20.0,1.144071
1331,2.15,true_threat,ADA,follower_1,127,vehicle.tesla.model3,follower,-4,left,0,[0],208.10846682624097,-201.75046028252905,30.84638590623129,0.10509421582550948,ego,28.053289088670887,30.738558905457374,31.539545,0.850488
1331,2.15,true_threat,ADA,follower_2,128,vehicle.mercedes.coupe_2020,follower,-4,left,0,[0],167.4520336139443,-201.75708190851444,29.882086145144854,-0.3116139716868449,follower_1,35.875933762999225,29.877463129378143,31.206399,1.031856
1331,2.15,true_threat,ADA,follower_3,129,vehicle.nissan.patrol_2021,follower,-4,left,0,[0],130.30777233321967,-201.74967274847242,29.486181082365295,-0.446090199913147,follower_2,32.00487388565612,29.4642315787938,30.370599,0.969922
1331,2.15,true_threat,ADA,follower_4,130,vehicle.tesla.model3,follower,-4,left,0,[0],96.05961666782896,-201.7497137206931,29.59474745498787,0.09468107791197707,follower_3,29.07423431844215,29.527157125733368,30.246639,0.855866
1332,2.1999999999999997,true_threat,ADA,occluder,121,vehicle.carlamotors.firetruck,occluder,-5,centre,1,[1],229.56169004869935,-205.25519636945492,18.144587645197575,-0.3551100571206437,lead_centre,111.22251150254587,18.160134419346267,18.168496,1.019807
1332,2.1999999999999997,true_threat,ADA,lead_left,123,vehicle.audi.a2,leader,-4,left,0,[0],355.28047251584263,-201.75062323371546,22.23768920981866,0.23418412802231073,,,22.2569111162453,25.388964,1.025168
1332,2.1999999999999997,true_threat,ADA,lead_centre,124,vehicle.tesla.model3,leader,-5,centre,1,[1],347.42467110171725,-205.2496870352625,18.361634519946957,-0.05027747642705945,,,18.3791321933774,19.353903,0.932058
1332,2.1999999999999997,true_threat,ADA,lead_right,125,vehicle.audi.a2,leader,-6,right,2,[2],361.05465040042867,-208.75066799605045,21.639476008993984,0.2363201989837815,,,21.651807413314483,24.214186,1.180499
1332,2.1999999999999997,true_threat,ADA,rear_centre,126,vehicle.nissan.patrol_2021,follower,-5,centre,1,[1],200.80704793311284,-205.25000634856818,16.393725462231934,0.0865171730562586,occluder,21.649694320508566,16.40842731790343,20.0,1.144071
1332,2.1999999999999997,true_threat,ADA,follower_1,127,vehicle.tesla.model3,follower,-4,left,0,[0],209.6509778945907,-201.75043760978022,30.851890477030654,0.11009144225799053,ego,28.00625758385892,30.739238793481228,31.539545,0.850488
1332,2.1999999999999997,true_threat,ADA,follower_2,128,vehicle.mercedes.coupe_2020,follower,-4,left,0,[0],168.94577780350355,-201.75768622371535,29.87048489345126,-0.23199258690583774,follower_1,35.923724042908844,29.862559399211307,31.206399,1.031856
1332,2.1999999999999997,true_threat,ADA,follower_3,129,vehicle.nissan.patrol_2021,follower,-4,left,0,[0],131.78161884957825,-201.74965824118524,29.46907028134977,-0.34221600175117867,follower_2,32.02452747029984,29.442469318384486,30.370599,0.969922
1332,2.1999999999999997,true_threat,ADA,follower_4,130,vehicle.tesla.model3,follower,-4,left,0,[0],97.53952092309287,-201.74969714686657,29.599798128375664,0.10101347123521812,follower_3,29.069351506226283,29.530638597908073,30.246639,0.855866
1333,2.25,true_threat,ADA,occluder,121,vehicle.carlamotors.firetruck,occluder,-5,centre,1,[1],230.46833682336108,-205.25517699263568,18.126826422466923,-0.3552244513652318,lead_centre,111.23307058396271,18.14270808334877,18.168496,1.019807
1333,2.25,true_threat,ADA,lead_left,123,vehicle.audi.a2,leader,-4,left,0,[0],356.3928077915359,-201.75064049977178,22.251351541705915,0.27324663886433775,,,22.2685274901205,25.388964,1.025168
1333,2.25,true_threat,ADA,lead_centre,124,vehicle.tesla.model3,leader,-5,centre,1,[1],348.34263989720455,-205.24966379604476,18.359048167691327,-0.05172704399731987,,,18.37665342738138,19.353903,0.932058
1333,2.25,true_threat,ADA,lead_right,125,vehicle.audi.a2,leader,-6,right,2,[2],362.13704793372335,-208.7506954750797,21.653304271659973,0.27656525903116924,,,21.663530967559666,24.214186,1.180499
1333,2.25,true_threat,ADA,rear_centre,126,vehicle.nissan.patrol_2021,follower,-5,centre,1,[1],201.62748255458797,-205.25001638219595,16.41940408955367,0.5135725475053606,occluder,21.73770700549436,16.41249078297701,20.0,1.144071
1333,2.25,true_threat,ADA,follower_1,127,vehicle.tesla.model3,follower,-4,left,0,[0],211.1937330983459,-201.750399594957,30.857519026181226,0.11257101095791153,ego,27.95513685915627,30.74018305183917,31.539545,0.850488
1333,2.25,true_threat,ADA,follower_2,128,vehicle.mercedes.coupe_2020,follower,-4,left,0,[0],170.4391251969002,-201.7580923100101,29.862807510285485,-0.1535160243735825,follower_1,35.97249092169936,29.85151438896792,31.206399,1.031856
1333,2.25,true_threat,ADA,follower_3,129,vehicle.nissan.patrol_2021,follower,-4,left,0,[0],133.25476346168082,-201.74964397334594,29.456920493960894,-0.24299573014636505,follower_2,32.04442514350049,29.42579951697355,30.370599,0.969922
1333,2.25,true_threat,ADA,follower_4,130,vehicle.tesla.model3,follower,-4,left,0,[0],99.01966931896759,-201.74968048975379,29.60504335115778,0.10490445901713887,follower_3,29.063293767320957,29.534627775891895,30.246639,0.855866
1334,2.3,true_threat,ADA,occluder,121,vehicle.carlamotors.firetruck,occluder,-5,centre,1,[1],231.3741901410377,-205.2551578864967,18.10910906993978,-0.3543470463018006,lead_centre,111.24439260478827,18.12527501274998,18.168496,1.019807
1334,2.3,true_threat,ADA,lead_left,123,vehicle.audi.a2,leader,-4,left,0,[0],357.50587548385613,-201.75064225718128,22.266755282572202,0.3080748185191599,,,22.282081319317886,25.388964,1.025168
1334,2.3,true_threat,ADA,lead_centre,124,vehicle.tesla.model3,leader,-5,centre,1,[1],349.26051713996276,-205.24964058805935,18.35641985579177,-0.05256623646272274,,,18.374103180150872,19.353903,0.932058
1334,2.3,true_threat,ADA,lead_right,125,vehicle.audi.a2,leader,-6,right,2,[2],363.2202084012214,-208.75070743505137,21.668915904724383,0.31223266734668287,,,21.677250837237956,24.214186,1.180499
1334,2.3,true_threat,ADA,rear_centre,126,vehicle.nissan.patrol_2021,follower,-5,centre,1,[1],202.4488327033536,-205.2500261035004,16.431504301036995,0.24200423080483938,occluder,21.82391915868094,16.437325383718374,20.0,1.144071
1334,2.3,true_threat,ADA,follower_1,127,vehicle.tesla.model3,follower,-4,left,0,[0],212.73679347786452,-201.75036147602603,30.863139947121905,0.11241844724156426,ego,27.90017113325454,30.741313737268094,31.539545,0.850488
1334,2.3,true_threat,ADA,follower_2,128,vehicle.mercedes.coupe_2020,follower,-4,left,0,[0],171.9321368396977,-201.7583306641535,29.858956726846927,-0.07698586957761168,follower_1,36.02189873205788,29.84427217669606,31.206399,1.031856
1334,2.3,true_threat,ADA,follower_3,129,vehicle.nissan.patrol_2021,follower,-4,left,0,[0],134.7274197925618,-201.74962987207908,29.449432266265905,-0.14976453742319298,follower_2,32.06462792479456,29.413998910311022,30.370599,0.969922
1334,2.3,true_threat,ADA,follower_4,130,vehicle.tesla.model3,follower,-4,left,0,[0],100.50007711424126,-201.7496637441494,29.61038966326471,0.10692624542278736,follower_3,29.056289983548808,29.539005035506374,30.246639,0.855866
1335,2.35,true_threat,ADA,occluder,121,vehicle.carlamotors.firetruck,occluder,-5,centre,1,[1],232.27906689106578,-205.2551238547144,18.091498530035654,-0.3522107927964056,lead_centre,111.25641652986988,18.107883915827347,18.168496,1.019807
1335,2.35,true_threat,ADA,lead_left,123,vehicle.audi.a2,leader,-4,left,0,[0],358.61976715594324,-201.75065899228798,22.283671551453164,0.338325378737325,,,22.297362487745993,25.388964,1.025168
1335,2.35,true_threat,ADA,lead_centre,124,vehicle.tesla.model3,leader,-5,centre,1,[1],350.17830282999194,-205.24961741130628,18.35379154416889,-0.05256623073851145,,,18.371511543396707,19.353903,0.932058
1335,2.35,true_threat,ADA,lead_right,125,vehicle.audi.a2,leader,-6,right,2,[2],364.3042233660625,-208.7507343623094,21.686083935535667,0.34336062187620153,,,21.692739848527523,24.214186,1.180499
1335,2.35,true_threat,ADA,rear_centre,126,vehicle.nissan.patrol_2021,follower,-5,centre,1,[1],203.27140355517315,-205.25003540837372,16.463978811397592,0.6494902084616301,occluder,21.908422327591964,16.448943791459676,20.0,1.144071
1335,2.35,true_threat,ADA,follower_1,127,vehicle.tesla.model3,follower,-4,left,0,[0],214.28009799799398,-201.75032327380882,30.868648336810796,0.11016782076638183,ego,27.84148255454,30.742534158875092,31.539545,0.850488
1335,2.35,true_threat,ADA,follower_2,128,vehicle.mercedes.coupe_2020,follower,-4,left,0,[0],173.42511791286498,-201.75841644082595,29.858823802808846,-0.0026313603308400764,follower_1,36.071947468779015,29.840737955284784,31.206399,1.031856
1335,2.35,true_threat,ADA,follower_3,129,vehicle.nissan.patrol_2021,follower,-4,left,0,[0],136.1998625004083,-201.74961584368768,29.44631949579151,-0.06225539431490694,follower_2,32.08498323671111,29.406778141141153,30.370599,0.969922
1335,2.35,true_threat,ADA,follower_4,130,vehicle.tesla.model3,follower,-4,left,0,[0],101.98075956770207,-201.749646904848,29.615758863426347,0.10738400643509344,follower_3,29.048538519156097,29.543673766961483,30.246639,0.855866
1336,2.4,true_threat,ADA,occluder,121,vehicle.carlamotors.firetruck,occluder,-5,centre,1,[1],233.1831807120959,-205.25512060077793,18.0740443937153,-0.34908272006977137,lead_centre,111.26932546987098,18.090596641535,18.168496,1.019807
1336,2.4,true_threat,ADA,lead_left,123,vehicle.audi.a2,leader,-4,left,0,[0],359.73451332016805,-201.75067543589287,22.301873372988958,0.36403643189355156,,,22.31414385513355,25.388964,1.025168
1336,2.4,true_threat,ADA,lead_centre,124,vehicle.tesla.model3,leader,-5,centre,1,[1],351.0958749126028,-205.24964008379317,18.351188029625646,-0.052070288820078345,,,18.36891989116506,19.353903,0.932058
1336,2.4,true_threat,ADA,lead_right,125,vehicle.audi.a2,leader,-6,right,2,[2],365.38909281783606,-208.7507457392775,21.704575665791264,0.36983461096843334,,,21.70977272648834,24.214186,1.180499
1336,2.4,true_threat,ADA,rear_centre,126,vehicle.nissan.patrol_2021,follower,-5,centre,1,[1],204.09519511004672,-205.25004429681596,16.482525862123147,0.370941015699733,occluder,21.990728225800453,16.48036793923846,20.0,1.144071
1336,2.4,true_threat,ADA,follower_1,127,vehicle.tesla.model3,follower,-4,left,0,[0],215.8237076938869,-201.75028496748382,30.873950735907354,0.10604800592956484,ego,27.779345869691376,30.743766225486166,31.539545,0.850488
1336,2.4,true_threat,ADA,follower_2,128,vehicle.mercedes.coupe_2020,follower,-4,left,0,[0],174.9181904919128,-201.75836485717247,29.86226755217403,0.06889881724381475,follower_1,36.12227091574117,29.840805281862657,31.206399,1.031856
1336,2.4,true_threat,ADA,follower_3,129,vehicle.nissan.patrol_2021,follower,-4,left,0,[0],137.67224417310211,-201.74960183611782,29.447359022662503,0.020790551253999697,follower_2,32.10552160203187,29.403860616493084,30.370599,0.969922
1336,2.4,true_threat,ADA,follower_4,130,vehicle.tesla.model3,follower,-4,left,0,[0],103.46170142056185,-201.749629977055,29.621068935651753,0.10620144672379508,follower_3,29.040298773541807,29.548551740121617,30.246639,0.855866
1337,2.45,true_threat,ADA,occluder,121,vehicle.carlamotors.firetruck,occluder,-5,centre,1,[1],234.0863484830538,-205.25510241078734,18.056796251110335,-0.3449628451788539,lead_centre,111.28278373145176,18.073461904956613,18.168496,1.019807
1337,2.45,true_threat,ADA,lead_left,123,vehicle.audi.a2,leader,-4,left,0,[0],360.850175006478,-201.7506763083863,22.32112614338108,0.3850554090547886,,,22.33220017979338,25.388964,1.025168
1337,2.45,true_threat,ADA,lead_centre,124,vehicle.tesla.model3,leader,-5,centre,1,[1],352.0133859808826,-205.2497238122543,18.34863791660069,-0.05100225885792666,,,18.366352674622544,19.353903,0.932058
1337,2.45,true_threat,ADA,lead_right,125,vehicle.audi.a2,leader,-6,right,2,[2],366.4748472585022,-208.75069577918035,21.72415649262156,0.3916165422176183,,,21.728118523755718,24.214186,1.180499
1337,2.45,true_threat,ADA,rear_centre,126,vehicle.nissan.patrol_2021,follower,-5,centre,1,[1],204.92048203136676,-205.25006793391825,16.520350486088514,0.7564924806385176,occluder,22.071050491957028,16.498241988488232,20.0,1.144071
1337,2.45,true_threat,ADA,follower_1,127,vehicle.tesla.model3,follower,-4,left,0,[0],217.36756153039062,-201.7502465778726,30.878972758048977,0.10044046298439996,ego,27.713974816261675,30.744937686055387,31.539545,0.850488
1337,2.45,true_threat,ADA,follower_2,128,vehicle.mercedes.coupe_2020,follower,-4,left,0,[0],176.41150715951753,-201.758160602351,29.869141051556017,0.13749019341625704,follower_1,36.172808032586275,29.84433648283295,31.206399,1.031856
1337,2.45,true_threat,ADA,follower_3,129,vehicle.nissan.patrol_2021,follower,-4,left,0,[0],139.1447784336777,-201.74958777649408,29.452381092790635,0.10044141507001855,follower_2,32.126212508385876,29.40502858494361,30.370599,0.969922
1337,2.45,true_threat,ADA,follower_4,130,vehicle.tesla.model3,follower,-4,left,0,[0],104.94293319039696,-201.74961295035962,29.626249308542803,0.10360746098492611,follower_3,29.03173859337585,29.55355464815671,30.246639,0.855866
1338,2.5,true_threat,ADA,occluder,121,vehicle.carlamotors.firetruck,occluder,-5,centre,1,[1],234.98869227945028,-205.2550845018878,18.03980941617456,-0.3397366907436353,lead_centre,111.29712702877362,18.05652846251109,18.168496,1.019807
1338,2.5,true_threat,ADA,lead_left,123,vehicle.audi.a2,leader,-4,left,0,[0],361.9668132604365,-201.75069210652296,22.3412047962366,0.40157305824645845,,,22.351298664334955,25.388964,1.025168
1338,2.5,true_threat,ADA,lead_centre,124,vehicle.tesla.model3,leader,-5,centre,1,[1],352.9307749736516,-205.24979232357038,18.346165997134776,-0.049438389009707144,,,18.363838100104672,19.353903,0.932058
1338,2.5,true_threat,ADA,lead_right,125,vehicle.audi.a2,leader,-6,right,2,[2],367.5617003215061,-208.75061492671884,21.744586093906044,0.40859202967667957,,,21.74754441554254,24.214186,1.180499
1338,2.5,true_threat,ADA,rear_centre,126,vehicle.nissan.patrol_2021,follower,-5,centre,1,[1],205.7472337911462,-205.25007581251504,16.543869994411857,0.4703901678393515,occluder,22.14893134159487,16.534838747552307,20.0,1.144071
1338,2.5,true_threat,ADA,follower_1,127,vehicle.tesla.model3,follower,-4,left,0,[0],218.91165950750514,-201.75020810497517,30.883643832380386,0.09342150024285696,ego,27.645644036821878,30.74599302228628,31.539545,0.850488
1338,2.5,true_threat,ADA,follower_2,128,vehicle.mercedes.coupe_2020,follower,-4,left,0,[0],177.90528154391902,-201.75781886227432,29.87925159358312,0.20222725063408564,follower_1,36.22334520148526,29.8511879846203,31.206399,1.031856
1338,2.5,true_threat,ADA,follower_3,129,vehicle.nissan.patrol_2021,follower,-4,left,0,[0],140.61767890516947,-201.74957359194102,29.461238840303896,0.17715496149949256,follower_2,32.146994915415036,29.410115009551575,30.370599,0.969922
1338,2.5,true_threat,ADA,follower_4,130,vehicle.tesla.model3,follower,-4,left,0,[0],106.42439384205467,-201.7495958455834,29.631244668461353,0.09990720052522581,follower_3,29.023041084116315,29.558610676476135,30.246639,0.855866
1339,2.55,true_threat,ADA,occluder,121,vehicle.carlamotors.firetruck,occluder,-5,centre,1,[1],235.89018158370897,-205.25506688449002,18.02312966511801,-0.3335950122494608,lead_centre,111.31217222514614,18.03985067460227,18.168496,1.019807
1339,2.55,true_threat,ADA,lead_left,123,vehicle.audi.a2,leader,-4,left,0,[0],363.08448910678544,-201.75069229190504,22.361880448853316,0.41351305353716994,,,22.371215987120532,25.388964,1.025168
1339,2.55,true_threat,ADA,lead_centre,124,vehicle.tesla.model3,leader,-5,centre,1,[1],353.8479503485915,-205.24987616655008,18.34379897612562,-0.04734042036865321,,,18.361400615296287,19.353903,0.932058
1339,2.55,true_threat,ADA,lead_right,125,vehicle.audi.a2,leader,-6,right,2,[2],368.6495909925167,-208.75056423786722,21.765639402722474,0.42106617861151185,,,21.767811918583018,24.214186,1.180499
1339,2.55,true_threat,ADA,rear_centre,126,vehicle.nissan.patrol_2021,follower,-5,centre,1,[1],206.5757250527775,-205.25008309769748,16.58549214931218,0.8324430994495621,occluder,22.22452337821192,16.557526274344873,20.0,1.144071
1339,2.55,true_threat,ADA,follower_1,127,vehicle.tesla.model3,follower,-4,left,0,[0],220.4559711076541,-201.75016955920228,30.887901015888705,0.08514367914061885,ego,27.574689302792642,30.746875112196555,31.539545,0.850488
1339,2.55,true_threat,ADA,follower_2,128,vehicle.mercedes.coupe_2020,follower,-4,left,0,[0],179.399635720628,-201.75735485408748,29.89240455988214,0.2630720460360885,follower_1,36.273668794198315,29.86117142284972,31.206399,1.031856
1339,2.55,true_threat,ADA,follower_3,129,vehicle.nissan.patrol_2021,follower,-4,left,0,[0],142.0911286930355,-201.74955921999393,29.47378730668733,0.25096933770393204,follower_2,32.16786882832474,29.41897343130265,30.370599,0.969922
1339,2.55,true_threat,ADA,follower_4,130,vehicle.tesla.model3,follower,-4,left,0,[0],107.90611389311137,-201.7495786523156,29.635984444139446,0.09479551675474718,follower_3,29.014480903950364,29.563663168599167,30.246639,0.855866
1340,2.6,true_threat,ADA,occluder,121,vehicle.carlamotors.firetruck,occluder,-5,centre,1,[1],236.79084691340623,-205.25504954818322,18.00680849622214,-0.32642336827716023,lead_centre,111.32785829582735,18.02347355649453,18.168496,1.019807
1340,2.6,true_threat,ADA,lead_left,123,vehicle.audi.a2,leader,-4,left,0,[0],364.20329410866475,-201.7507073508765,22.38293757165352,0.421142457142115,,,22.39172505764221,25.388964,1.025168
1340,2.6,true_threat,ADA,lead_centre,124,vehicle.tesla.model3,leader,-5,centre,1,[1],354.76509520595505,-205.24996001994057,18.34155401729311,-0.04489917849229029,,,18.359066554631497,19.353903,0.932058
1340,2.6,true_threat,ADA,lead_right,125,vehicle.audi.a2,leader,-6,right,2,[2],369.738488733136,-208.75048268788362,21.787093258434755,0.4290771151367755,,,21.788697701655405,24.214186,1.180499
1340,2.6,true_threat,ADA,rear_centre,126,vehicle.nissan.patrol_2021,follower,-5,centre,1,[1],207.405803228379,-205.2500898415195,16.612435349256057,0.5388640001944798,occluder,22.29752142083928,16.597777185499687,20.0,1.144071
1340,2.6,true_threat,ADA,follower_1,127,vehicle.tesla.model3,follower,-4,left,0,[0],222.0004963308375,-201.75013094055396,30.891692811058956,0.07583590871132104,ego,27.501141084901832,30.747533464906777,31.539545,0.850488
1340,2.6,true_threat,ADA,follower_2,128,vehicle.mercedes.coupe_2020,follower,-4,left,0,[0],180.89472229834783,-201.75682956088926,29.908380538991928,0.31952886219602117,follower_1,36.323626217638285,29.87409641116925,31.206399,1.031856
1340,2.6,true_threat,ADA,follower_3,129,vehicle.nissan.patrol_2021,follower,-4,left,0,[0],143.5653414203103,-201.74954458777742,29.489864367328803,0.3215412217686573,follower_2,32.188773217167686,29.43145889207396,30.370599,0.969922
1340,2.6,true_threat,ADA,follower_4,130,vehicle.tesla.model3,follower,-4,left,0,[0],109.3880475672025,-201.7495613861723,29.6404343021782,0.08899716286533754,follower_3,29.00621064075972,29.568639893787203,30.246639,0.855866
1341,2.65,true_threat,ADA,occluder,121,vehicle.carlamotors.firetruck,occluder,-5,centre,1,[1],237.69068827374744,-205.2550477517556,17.990887871026725,-0.31841249367534874,lead_centre,111.34433782349365,18.007447746617512,18.168496,1.019807
1341,2.65,true_threat,ADA,lead_left,123,vehicle.audi.a2,leader,-4,left,0,[0],365.32301463783455,-201.75072209752466,22.40416635615799,0.42457569118581084,,,22.412612049279062,25.388964,1.025168
1341,2.65,true_threat,ADA,lead_centre,124,vehicle.tesla.model3,leader,-5,centre,1,[1],355.68208744940995,-205.24996763144406,18.339454008285372,-0.042000182165794146,,,18.356852844662317,19.353903,0.932058
1341,2.65,true_threat,ADA,lead_right,125,vehicle.audi.a2,leader,-6,right,2,[2],370.8285461416566,-208.75040074229045,21.808728316884768,0.4327011684984396,,,21.809980343562334,24.214186,1.180499
1341,2.65,true_threat,ADA,rear_centre,126,vehicle.nissan.patrol_2021,follower,-5,centre,1,[1],208.23774297613778,-205.25009595028408,16.65628910270709,0.8770750704337227,occluder,22.368108574935057,16.623766819346617,20.0,1.144071
1341,2.65,true_threat,ADA,follower_1,127,vehicle.tesla.model3,follower,-4,left,0,[0],223.54517414190266,-201.75009226985173,30.89495436786425,0.06523113961997073,ego,27.425243544581797,30.747925641620995,31.539545,0.850488
1341,2.65,true_threat,ADA,follower_2,128,vehicle.mercedes.coupe_2020,follower,-4,left,0,[0],182.39075489490753,-201.75622765101605,29.926952496746157,0.3714454693894029,follower_1,36.373064863101874,29.889748385440473,31.206399,1.031856
1341,2.65,true_threat,ADA,follower_3,129,vehicle.nissan.patrol_2021,follower,-4,left,0,[0],145.0405001924519,-201.7495296328268,29.509283102059918,0.38837470255809947,follower_2,32.209647067612735,29.447409159612455,30.370599,0.969922
1341,2.65,true_threat,ADA,follower_4,130,vehicle.tesla.model3,follower,-4,left,0,[0],110.87019489556042,-201.74963559988265,29.644546560133012,0.08224516230678512,follower_3,28.998489693943355,29.573501865651156,30.246639,0.855866
1342,2.7,true_threat,ADA,occluder,121,vehicle.carlamotors.firetruck,occluder,-5,centre,1,[1],238.5897361718982,-205.25503096722002,17.975407842865728,-0.3096005531300062,lead_centre,111.36148870660733,17.99181452553843,18.168496,1.019807
1342,2.7,true_threat,ADA,lead_left,123,vehicle.audi.a2,leader,-4,left,0,[0],366.4439253472765,-201.7507211793643,22.425364622700528,0.42396533200573444,,,22.4336688289406,25.388964,1.025168
1342,2.7,true_threat,ADA,lead_centre,124,vehicle.tesla.model3,leader,-5,centre,1,[1],356.5989881349304,-205.2499600153917,18.33751231083857,-0.03883394980813332,,,18.354782056493452,19.353903,0.932058
1342,2.7,true_threat,ADA,lead_right,125,vehicle.audi.a2,leader,-6,right,2,[2],371.919580107415,-208.75030320476424,21.830348122153413,0.43239610402887757,,,21.831442229136236,24.214186,1.180499
1342,2.7,true_threat,ADA,rear_centre,126,vehicle.nissan.patrol_2021,follower,-5,centre,1,[1],209.07145274853025,-205.25011671401174,16.685124393080613,0.576705808749666,occluder,22.436010187517482,16.666145168695856,20.0,1.144071
1342,2.7,true_threat,ADA,follower_1,127,vehicle.tesla.model3,follower,-4,left,0,[0],225.09003505842594,-201.75005353668487,30.89765516962763,0.05401603658889812,ego,27.347484681963117,30.748003757065646,31.539545,0.850488
1342,2.7,true_threat,ADA,follower_2,128,vehicle.mercedes.coupe_2020,follower,-4,left,0,[0],183.88773349989634,-201.7555186068915,29.94788005721274,0.41855508303566397,follower_1,36.42171007760732,29.90790460350728,31.206399,1.031856
1342,2.7,true_threat,ADA,follower_3,129,vehicle.nissan.patrol_2021,follower,-4,left,0,[0],146.51663554265286,-201.7495601210958,29.53182416583372,0.4508212825215352,follower_2,32.230520892030825,29.46663824820546,30.370599,0.969922
1342,2.7,true_threat,ADA,follower_4,130,vehicle.tesla.model3,follower,-4,left,0,[0],112.35254059336998,-201.74972500471108,29.64829069608795,0.07488272081489554,follower_3,28.991501137727056,29.57819542544158,30.246639,0.855866
1343,2.75,true_threat,ADA,occluder,121,vehicle.carlamotors.firetruck,occluder,-5,centre,1,[1],239.48805164301118,-205.25499917375495,17.9604141890034,-0.2998730667415938,lead_centre,111.37934149397701,17.976613301382272,18.168496,1.019807
1343,2.75,true_threat,ADA,lead_left,123,vehicle.audi.a2,leader,-4,left,0,[0],367.56584314194345,-201.75073517643642,22.446337822521354,0.4194639974915291,,,22.454694849327183,25.388964,1.025168
1343,2.75,true_threat,ADA,lead_centre,124,vehicle.tesla.model3,leader,-5,centre,1,[1],357.5157972625164,-205.24993717178353,18.33574036693656,-0.03543887756614742,,,18.352867368109454,19.353903,0.932058
1343,2.75,true_threat,ADA,lead_right,125,vehicle.audi.a2,leader,-6,right,2,[2],373.0117737618962,-208.75026630678116,21.85174858870279,0.42800933006831926,,,21.852888468016157,24.214186,1.180499
1343,2.75,true_threat,ADA,rear_centre,126,vehicle.nissan.patrol_2021,follower,-5,centre,1,[1],209.90708512823267,-205.2501368218604,16.729706753301972,0.8916472059126191,occluder,22.5013483132758,16.693946291488146,20.0,1.144071
1343,2.75,true_threat,ADA,follower_1,127,vehicle.tesla.model3,follower,-4,left,0,[0],226.63495701010186,-201.75001478269644,30.899751346901017,0.0419235453254749,ego,27.26789489489822,30.74774262778484,31.539545,0.850488
1343,2.75,true_threat,ADA,follower_2,128,vehicle.mercedes.coupe_2020,follower,-4,left,0,[0],185.38584125521007,-201.7548091775682,29.97090759684363,0.4605528090622418,follower_1,36.46959238914177,29.928330347820122,31.206399,1.031856
1343,2.75,true_threat,ADA,follower_3,129,vehicle.nissan.patrol_2021,follower,-4,left,0,[0],147.99402212910027,-201.74963595888747,29.557243416891726,0.5083850269387897,follower_2,32.25136414681868,29.48892846533305,30.370599,0.969922
1343,2.75,true_threat,ADA,follower_4,130,vehicle.tesla.model3,follower,-4,left,0,[0],113.8350541326441,-201.7497990934921,29.651626656396427,0.06671920775712889,follower_3,28.98529079011844,29.582680417856984,30.246639,0.855866
1344,2.8,true_threat,ADA,occluder,121,vehicle.carlamotors.firetruck,occluder,-5,centre,1,[1],240.38563469749715,-205.25498288893672,17.945937427755098,-0.28953521367333435,lead_centre,111.39783515045005,17.961889103296603,18.168496,1.019807
1344,2.8,true_threat,ADA,lead_left,123,vehicle.audi.a2,leader,-4,left,0,[0],368.6887069866826,-201.75076410956265,22.4669219228367,0.4116820074280148,,,22.47549715037759,25.388964,1.025168
1344,2.8,true_threat,ADA,lead_centre,124,vehicle.tesla.model3,leader,-5,centre,1,[1],358.4326063901024,-205.24991432817535,18.334149623492145,-0.031814867376280344,,,18.35112006450774,19.353903,0.932058
1344,2.8,true_threat,ADA,lead_right,125,vehicle.audi.a2,leader,-6,right,2,[2],374.1049745120131,-208.75027484160694,21.872752329388415,0.4200748148980743,,,21.874116620446316,24.214186,1.180499
1344,2.8,true_threat,ADA,rear_centre,126,vehicle.nissan.patrol_2021,follower,-5,centre,1,[1],210.74445700458165,-205.25014107750653,16.758986454736874,0.5855940301086531,occluder,22.56403140468634,16.736992007191425,20.0,1.144071
1344,2.8,true_threat,ADA,follower_1,127,vehicle.tesla.model3,follower,-4,left,0,[0],228.18003154965956,-201.74997597665413,30.90122191743248,0.029411410513045657,ego,27.186809783029915,30.747108910117277,31.539545,0.850488
1344,2.8,true_threat,ADA,follower_2,128,vehicle.mercedes.coupe_2020,follower,-4,left,0,[0],186.8851696875508,-201.7540230378729,29.99577569098654,0.49736266976574156,follower_1,36.51640658550399,29.95077512418687,31.206399,1.031856
1344,2.8,true_threat,ADA,follower_3,129,vehicle.nissan.patrol_2021,follower,-4,left,0,[0],149.47275148890708,-201.7497113386049,29.58526428861808,0.5604174387576932,follower_2,32.27208531568499,29.514037662035044,30.370599,0.969922
1344,2.8,true_threat,ADA,follower_4,130,vehicle.tesla.model3,follower,-4,left,0,[0],115.3177355237935,-201.749888383802,29.65453727449067,0.05821236261543443,follower_3,28.98016383729174,29.5869074549479,30.246639,0.855866
1345,2.85,true_threat,ADA,occluder,121,vehicle.carlamotors.firetruck,occluder,-5,centre,1,[1],241.28251584772713,-205.25496684356636,17.932011890268264,-0.2785107385867808,lead_centre,111.41706122355008,17.947671988298,18.168496,1.019807
1345,2.85,true_threat,ADA,lead_left,123,vehicle.audi.a2,leader,-4,left,0,[0],369.8127304889122,-201.75076212950296,22.486941447660055,0.4003904971342075,,,22.49591305602707,25.388964,1.025168
1345,2.85,true_threat,ADA,lead_centre,124,vehicle.tesla.model3,leader,-5,centre,1,[1],359.34920189465396,-205.2498915574426,18.332745801289292,-0.02807644187703597,,,18.349551435541645,19.353903,0.932058
1345,2.85,true_threat,ADA,lead_right,125,vehicle.audi.a2,leader,-6,right,2,[2],375.199273900084,-208.7502982604329,21.893185774348535,0.40866890328173217,,,21.894950748410757,24.214186,1.180499
1345,2.85,true_threat,ADA,rear_centre,126,vehicle.nissan.patrol_2021,follower,-5,centre,1,[1],211.58375148824058,-205.25014467727368,16.802927946670167,0.8788298399501775,occluder,22.62424258282337,16.765201420901356,20.0,1.144071
1345,2.85,true_threat,ADA,follower_1,127,vehicle.tesla.model3,follower,-4,left,0,[0],229.72513660679363,-201.74993716020103,30.90204399373955,0.0164415269046731,ego,27.1043207429256,30.746086593827112,31.539545,0.850488
1345,2.85,true_threat,ADA,follower_2,128,vehicle.mercedes.coupe_2020,follower,-4,left,0,[0],188.38574933531652,-201.75322121254757,30.022226833237006,0.529022976742398,follower_1,36.56215269272093,29.974985632615518,31.206399,1.031856
1345,2.85,true_threat,ADA,follower_3,129,vehicle.nissan.patrol_2021,follower,-4,left,0,[0],150.9529762151604,-201.7498014669824,29.61559495708948,0.6066133723967255,follower_2,32.292684388218944,29.54169278142316,30.370599,0.969922
1345,2.85,true_threat,ADA,follower_4,130,vehicle.tesla.model3,follower,-4,left,0,[0],116.80052372125476,-201.74996237888598,29.656993939029704,0.04913329068571587,follower_3,28.97621180594914,29.59084590131873,30.246639,0.855866
1346,2.9,true_threat,ADA,occluder,121,vehicle.carlamotors.firetruck,occluder,-5,centre,1,[1],242.17875612885376,-205.25495101682233,17.91867572257569,-0.2667233435094686,lead_centre,111.43677557787166,17.93399574187027,18.168496,1.019807
1346,2.9,true_threat,ADA,lead_left,123,vehicle.audi.a2,leader,-4,left,0,[0],370.9377305587904,-201.75077507508655,22.506257160752984,0.3863142630153599,,,22.515768555330787,25.388964,1.025168
1346,2.9,true_threat,ADA,lead_centre,124,vehicle.tesla.model3,leader,-5,centre,1,[1],360.26579739920555,-205.24986878670984,18.33153462442363,-0.024223535308861597,,,18.34816712446158,19.353903,0.932058
1346,2.9,true_threat,ADA,lead_right,125,vehicle.audi.a2,leader,-6,right,2,[2],376.2945498453926,-208.7503060873258,21.91290587172691,0.39440195461517885,,,21.91521871642257,24.214186,1.180499
1346,2.9,true_threat,ADA,rear_centre,126,vehicle.nissan.patrol_2021,follower,-5,centre,1,[1],212.42478547895684,-205.2501629424147,16.831341713329486,0.5682753337131374,occluder,22.681829249394376,16.807590143958546,20.0,1.144071
1346,2.9,true_threat,ADA,follower_1,127,vehicle.tesla.model3,follower,-4,left,0,[0],231.270272181504,-201.74989833333714,30.90220040887338,0.0031283049923653363,ego,27.02085488531408,30.744661555468838,31.539545,0.850488
1346,2.9,true_threat,ADA,follower_2,128,vehicle.mercedes.coupe_2020,follower,-4,left,0,[0],189.88773279679964,-201.75243416711461,30.04999017778523,0.5552668971066113,follower_1,36.60667810208929,30.000710115429634,31.206399,1.031856
1346,2.9,true_threat,ADA,follower_3,129,vehicle.nissan.patrol_2021,follower,-4,left,0,[0],152.4347573326021,-201.74987580562208,29.647911172095714,0.6463243016550084,follower_2,32.31303930973132,29.57160581591518,30.370599,0.969922
1346,2.9,true_threat,ADA,follower_4,130,vehicle.tesla.model3,follower,-4,left,0,[0],118.2834339890214,-201.75003633232689,29.658985205932247,0.039825337231076084,follower_3,28.973648334741185,29.594454063019242,30.246639,0.855866
1347,2.95,true_threat,ADA,occluder,121,vehicle.carlamotors.firetruck,occluder,-5,centre,1,[1],243.07435554608242,-205.2549506674928,17.90595562853465,-0.2544018706272144,lead_centre,111.45713080129659,17.920897913965703,18.168496,1.019807
1347,2.95,true_threat,ADA,lead_left,123,vehicle.audi.a2,leader,-4,left,0,[0],372.06355459802467,-201.75077248079097,22.524733640544714,0.3695295969909405,,,22.53492559363113,25.388964,1.025168
1347,2.95,true_threat,ADA,lead_centre,124,vehicle.tesla.model3,leader,-5,centre,1,[1],361.18239290896247,-205.24986127476527,18.33052372120056,-0.020218063501488085,,,18.34697277762242,19.353903,0.932058
1347,2.95,true_threat,ADA,lead_right,125,vehicle.audi.a2,leader,-6,right,2,[2],377.3908328759262,-208.7503288294512,21.931775292021673,0.37738841544031865,,,21.934778673826052,24.214186,1.180499
1347,2.95,true_threat,ADA,rear_centre,126,vehicle.nissan.patrol_2021,follower,-5,centre,1,[1],213.26758948389596,-205.25016534494242,16.87343307570404,0.8418272489858574,occluder,22.73703553980475,16.834942793250782,20.0,1.144071
1347,2.95,true_threat,ADA,follower_1,127,vehicle.tesla.model3,follower,-4,left,0,[0],232.81537723863806,-201.74985951688404,30.901685440894692,-0.010299355148492704,ego,26.93641201759592,30.742819012426768,31.539545,0.850488
1347,2.95,true_threat,ADA,follower_2,128,vehicle.mercedes.coupe_2020,follower,-4,left,0,[0],191.39105902643675,-201.75163140481928,30.07879679584216,0.5761326858400878,follower_1,36.64983021531654,30.027684042002363,31.206399,1.031856
1347,2.95,true_threat,ADA,follower_3,129,vehicle.nissan.patrol_2021,follower,-4,left,0,[0],153.91818640437208,-201.7499648408679,29.681892499649077,0.6796265515830632,follower_2,32.333241653772745,29.603457978172422,30.370599,0.969922
1347,2.95,true_threat,ADA,follower_4,130,vehicle.tesla.model3,follower,-4,left,0,[0],119.76645107351065,-201.75012550811823,29.66051107402627,0.030517361948112342,follower_3,28.972519184416264,29.597704180635446,30.246639,0.855866
1348,3.0,true_threat,ADA,occluder,121,vehicle.carlamotors.firetruck,occluder,-5,centre,1,[1],243.96928357142605,-205.25493528841224,17.893872587988866,-0.24166080157568434,lead_centre,111.47812689382489,17.908404816661232,18.168496,1.019807
1348,3.0,true_threat,ADA,lead_left,123,vehicle.audi.a2,leader,-4,left,0,[0],373.1903246873311,-201.75078482254946,22.54226407642014,0.35060871852773434,,,22.553249909982174,25.388964,1.025168
1348,3.0,true_threat,ADA,lead_centre,124,vehicle.tesla.model3,leader,-5,centre,1,[1],362.098896860785,-205.24983853526487,18.329711183656798,-0.016250749589817853,,,18.345975918950007,19.353903,0.932058
1348,3.0,true_threat,ADA,lead_right,125,vehicle.audi.a2,leader,-6,right,2,[2],378.4879093634448,-208.7503513008964,21.94966814962918,0.3578571632011809,,,21.953494456887476,24.214186,1.180499
1348,3.0,true_threat,ADA,rear_centre,126,vehicle.nissan.patrol_2021,follower,-5,centre,1,[1],214.1120719555343,-205.25016717487736,16.899849848018725,0.5283354474756067,occluder,22.789830952094306,16.875511572017754,20.0,1.144071
1348,3.0,true_threat,ADA,follower_1,127,vehicle.tesla.model3,follower,-4,left,0,[0],234.36051281334844,-201.74982069002016,30.900500996265517,-0.023688885957307306,ego,26.8513582309634,30.74056106729121,31.539545,0.850488
1348,3.0,true_threat,ADA,follower_2,128,vehicle.mercedes.coupe_2020,follower,-4,left,0,[0],192.8958806537527,-201.75093494391305,30.10838348745803,0.5917348144495405,follower_1,36.691609042813475,30.055645352032453,31.206399,1.031856
1348,3.0,true_threat,ADA,follower_3,129,vehicle.nissan.patrol_2021,follower,-4,left,0,[0],155.40335497278855,-201.75003802391126,29.7172089673369,0.7063293533631712,follower_2,32.35313881163989,29.63693343757595,30.370599,0.969922
1348,3.0,true_threat,ADA,follower_4,130,vehicle.tesla.model3,follower,-4,left,0,[0],121.24951392915904,-201.75019940950523,29.66157154390211,0.021209399159965704,follower_3,28.972931171696985,29.60057986880897,30.246639,0.855866
1349,3.05,true_threat,ADA,occluder,121,vehicle.carlamotors.firetruck,occluder,-5,centre,1,[1],244.86360124524265,-205.25492011754721,17.88245521213326,-0.22834750800652814,lead_centre,111.49970282030378,17.89653712759984,18.168496,1.019807
1349,3.05,true_threat,ADA,lead_left,123,vehicle.audi.a2,leader,-4,left,0,[0],374.3179492687753,-201.75079687280618,22.558735933276115,0.329437138238933,,,22.570635626985577,25.388964,1.025168
1349,3.05,true_threat,ADA,lead_centre,124,vehicle.tesla.model3,leader,-5,centre,1,[1],363.01527874230214,-205.24981583740757,18.329087477617026,-0.012474120368790916,,,18.345174668364063,19.353903,0.932058
1349,3.05,true_threat,ADA,lead_right,125,vehicle.audi.a2,leader,-6,right,2,[2],379.58590137304856,-208.75035820123009,21.96648716899287,0.3363803985362862,,,21.971241261797218,24.214186,1.180499
1349,3.05,true_threat,ADA,rear_centre,126,vehicle.nissan.patrol_2021,follower,-5,centre,1,[1],214.95826341144817,-205.25016842180875,16.939095448392784,0.7849120086252204,occluder,22.840276505799594,16.900920650648878,20.0,1.144071
1349,3.05,true_threat,ADA,follower_1,127,vehicle.tesla.model3,follower,-4,left,0,[0],235.90543476502438,-201.74978193603172,30.89866233388461,-0.03677323858459653,ego,26.76578494801084,30.73788773136044,31.539545,0.850488
1349,3.05,true_threat,ADA,follower_2,128,vehicle.mercedes.coupe_2020,follower,-4,left,0,[0],194.40222815988614,-201.75023796246796,30.138490873325175,0.6021495829405691,follower_1,36.73192299020792,30.08433770946819,31.206399,1.031856
1349,3.05,true_threat,ADA,follower_3,129,vehicle.nissan.patrol_2021,follower,-4,left,0,[0],156.89032407820963,-201.7501105927187,29.753519160270265,0.7262038580314167,follower_2,32.37279187053935,29.671708124034932,30.370599,0.969922
1349,3.05,true_threat,ADA,follower_4,130,vehicle.tesla.model3,follower,-4,left,0,[0],122.73262252993962,-201.750181742547,29.662176152480203,0.012092175920420263,follower_3,28.975036884465084,29.603064789626238,30.246639,0.855866
1350,3.1,true_threat,ADA,occluder,121,vehicle.carlamotors.firetruck,occluder,-5,centre,1,[1],245.75740012026137,-205.2549051236654,17.871722574346304,-0.21465274701556233,lead_centre,111.52176702800428,17.885323009914405,18.168496,1.019807
1350,3.1,true_threat,ADA,lead_left,123,vehicle.audi.a2,leader,-4,left,0,[0],375.446336774012,-201.75076288642893,22.574067195967185,0.3066252548741538,,,22.58697119583505,25.388964,1.025168
1350,3.1,true_threat,ADA,lead_centre,124,vehicle.tesla.model3,leader,-5,centre,1,[1],363.9316911413956,-205.24979312913948,18.32865641741334,-0.008621204154984706,,,18.344559625205726,19.353903,0.932058
1350,3.1,true_threat,ADA,lead_right,125,vehicle.audi.a2,leader,-6,right,2,[2],380.6846563272664,-208.7503801000825,21.982138889355248,0.31303441754954686,,,21.987922667749167,24.214186,1.180499
1350,3.1,true_threat,ADA,rear_centre,126,vehicle.nissan.patrol_2021,follower,-5,centre,1,[1],215.8058586758741,-205.25016918984437,16.962576812126745,0.46962727574638574,occluder,22.88840272370232,16.9387165849957,20.0,1.144071
1350,3.1,true_threat,ADA,follower_1,127,vehicle.tesla.model3,follower,-4,left,0,[0],237.45029567634225,-201.74972794407668,30.896192341070943,-0.04939984516515387,ego,26.68011940439635,30.734823008928778,31.539545,0.850488
1350,3.1,true_threat,ADA,follower_2,128,vehicle.mercedes.coupe_2020,follower,-4,left,0,[0],195.91004053050585,-201.7496015164582,30.168863390046234,0.6074532107849696,follower_1,36.77049743575046,30.11350864847669,31.206399,1.031856
1350,3.1,true_threat,ADA,follower_3,129,vehicle.nissan.patrol_2021,follower,-4,left,0,[0],158.37915476099343,-201.75019778525692,29.790491199118897,0.7394407767405662,follower_2,32.39217027125167,29.70744690798007,30.370599,0.969922
1350,3.1,true_threat,ADA,follower_4,130,vehicle.tesla.model3,follower,-4,left,0,[0],124.2157311307202,-201.7501640755888,29.662338253875802,0.0032420352059224413,follower_3,28.978897389105597,29.60515109688515,30.246639,0.855866
1351,3.15,true_threat,ADA,occluder,121,vehicle.carlamotors.firetruck,occluder,-5,centre,1,[1],246.65071075049616,-205.25499710787327,17.861689933345538,-0.20065281177201763,lead_centre,111.54438055207906,17.87478127918294,18.168496,1.019807
1351,3.15,true_threat,ADA,lead_left,123,vehicle.audi.a2,leader,-4,left,0,[0],376.57542616268336,-201.75066762545111,22.588191108732474,0.2824782560494218,,,22.602175339251605,25.388964,1.025168
1351,3.15,true_threat,ADA,lead_centre,124,vehicle.tesla.model3,leader,-5,centre,1,[1],364.84810354048903,-205.2497704208714,18.328408465182367,-0.004959044897231923,,,18.344134551638177,19.353903,0.932058
1351,3.15,true_threat,ADA,lead_right,125,vehicle.audi.a2,leader,-6,right,2,[2],381.78420473326395,-208.75038646946652,21.996556552827936,0.2883532778817604,,,22.003446041285457,24.214186,1.180499
1351,3.15,true_threat,ADA,rear_centre,126,vehicle.nissan.patrol_2021,follower,-5,centre,1,[1],216.65510189462833,-205.2501846544862,16.99818319219961,0.7121276024614973,occluder,22.93460633429507,16.961285777532517,20.0,1.144071
1351,3.15,true_threat,ADA,follower_1,127,vehicle.tesla.model3,follower,-4,left,0,[0],238.9950345225601,-201.7496892525529,30.89310818451132,-0.06168311778448646,ego,26.594361553271426,30.73137508102154,31.539545,0.850488
1351,3.15,true_threat,ADA,follower_2,128,vehicle.mercedes.coupe_2020,follower,-4,left,0,[0],197.41940930272477,-201.74897979828697,30.199255011441792,0.6078363205138153,follower_1,36.80754597644859,30.142910702509408,31.206399,1.031856
1351,3.15,true_threat,ADA,follower_3,129,vehicle.nissan.patrol_2021,follower,-4,left,0,[0],159.86981649315277,-201.75026909436025,29.827806556465948,0.7463071480291879,follower_2,32.41115195908761,29.74382367513282,30.370599,0.969922
1351,3.15,true_threat,ADA,follower_4,130,vehicle.tesla.model3,follower,-4,left,0,[0],125.6988244727126,-201.75014641383598,29.662076921831034,-0.005226630523427539,follower_3,28.9846194711088,29.606835651224266,30.246639,0.855866
1352,3.2,true_threat,ADA,occluder,121,vehicle.carlamotors.firetruck,occluder,-5,centre,1,[1],247.543533094304,-205.25507399986537,17.85236872664073,-0.18642413005754166,lead_centre,111.56748232093769,17.864926982621164,18.168496,1.019807
1352,3.2,true_threat,ADA,lead_left,123,vehicle.audi.a2,leader,-4,left,0,[0],377.70524797318694,-201.7505721146146,22.601052360986763,0.25722504511116945,,,22.616181914058522,25.388964,1.025168
1352,3.2,true_threat,ADA,lead_centre,124,vehicle.tesla.model3,leader,-5,centre,1,[1],365.76451594478795,-205.2497629713915,18.3283398070481,-0.0013731635173384181,,,18.34389004281786,19.353903,0.932058
1352,3.2,true_threat,ADA,lead_right,125,vehicle.audi.a2,leader,-6,right,2,[2],382.8844245311466,-208.75040786860163,22.009679124603846,0.2624514420857714,,,22.017745234577863,24.214186,1.180499
1352,3.2,true_threat,ADA,rear_centre,126,vehicle.nissan.patrol_2021,follower,-5,centre,1,[1],217.5055658112311,-205.2501844439087,17.018000539173226,0.39634694050151603,occluder,22.978673745775694,16.995555733633864,20.0,1.144071
1352,3.2,true_threat,ADA,follower_1,127,vehicle.tesla.model3,follower,-4,left,0,[0],240.53955974574353,-201.7496506339046,30.88945182468189,-0.07312718157738113,ego,26.508725246707627,30.727569089883634,31.539545,0.850488
1352,3.2,true_threat,ADA,follower_2,128,vehicle.mercedes.coupe_2020,follower,-4,left,0,[0],198.93027347262253,-201.74846438150487,30.22942733839527,0.6034513781263982,follower_1,36.84291605044751,30.172305134817034,31.206399,1.031856
1352,3.2,true_threat,ADA,follower_3,129,vehicle.nissan.patrol_2021,follower,-4,left,0,[0],161.36230928509846,-201.75035503760512,29.86513716862447,0.7466122465704847,follower_2,32.4298589991472,29.78052623741622,30.370599,0.969922
1352,3.2,true_threat,ADA,follower_4,130,vehicle.tesla.model3,follower,-4,left,0,[0],127.18193307349318,-201.75012874687778,29.661415045210582,-0.013237519443736627,follower_3,28.992187861275745,29.608121328689982,30.246639,0.855866
1353,3.25,true_threat,ADA,occluder,121,vehicle.carlamotors.firetruck,occluder,-5,centre,1,[1],248.43586716209566,-205.25516631721814,17.843776122272466,-0.17185208622344497,latent_vehicle,22.839987104718247,17.857259943668115,18.168496,1.019807
1353,3.25,true_threat,ADA,lead_left,123,vehicle.audi.a2,leader,-4,left,0,[0],378.83558860331016,-201.75053746194757,22.612612806267094,0.23120890494675575,,,22.628936126581333,25.388964,1.025168
1353,3.25,true_threat,ADA,lead_centre,124,vehicle.tesla.model3,leader,-5,centre,1,[1],366.68092834388136,-205.2497402631234,18.328442811658256,0.0020600920912596204,,,18.343822338141543,19.353903,0.932058
1353,3.25,true_threat,ADA,lead_right,125,vehicle.audi.a2,leader,-6,right,2,[2],383.98519364540346,-208.7504290803427,22.021466549195978,0.2357484960640508,,,22.03075977526648,24.214186,1.180499
1353,3.25,true_threat,ADA,rear_centre,126,vehicle.nissan.patrol_2021,follower,-5,centre,1,[1],218.35743353634595,-205.25018375443545,17.049397400921162,0.6279372358453515,occluder,23.021032172980746,17.014592584222466,20.0,1.144071
1353,3.25,true_threat,ADA,follower_1,127,vehicle.tesla.model3,follower,-4,left,0,[0],242.08390186346884,-201.74961207772094,30.885257594068825,-0.08388459564390079,ego,26.423485314669918,30.72342693802569,31.539545,0.850488
1353,3.25,true_threat,ADA,follower_2,128,vehicle.mercedes.coupe_2020,follower,-4,left,0,[0],200.4426025174174,-201.74804001773447,30.259151504885867,0.5944889529544752,follower_1,36.87657710373316,30.201461682086848,31.206399,1.031856
1353,3.25,true_threat,ADA,follower_3,129,vehicle.nissan.patrol_2021,follower,-4,left,0,[0],162.85669416157242,-201.75042507659361,29.902196932500324,0.7411952845215006,follower_2,32.44823037709927,29.817233034682552,30.370599,0.969922
1353,3.25,true_threat,ADA,follower_4,130,vehicle.tesla.model3,follower,-4,left,0,[0],128.66495012154473,-201.75011111115188,29.66038123523111,-0.020676185059253727,follower_3,29.00157205244085,29.609014855675163,30.246639,0.855866
1354,3.3,true_threat,ADA,occluder,121,vehicle.carlamotors.firetruck,occluder,-5,centre,1,[1],249.32783501897111,-205.2552587595002,17.835925470308126,-0.15701304205108943,latent_vehicle,23.22030132990193,17.848821265075145,18.168496,1.019807
1354,3.3,true_threat,ADA,lead_left,123,vehicle.audi.a2,leader,-4,left,0,[0],379.96650908300006,-201.75054838784033,22.622843830979118,0.20462049367675023,,,22.640400202221038,25.388964,1.025168
1354,3.3,true_threat,ADA,lead_centre,124,vehicle.tesla.model3,leader,-5,centre,1,[1],367.5973102253985,-205.2497175652661,18.32870985018222,0.005340770685960741,,,18.343923912319,19.353903,0.932058
1354,3.3,true_threat,ADA,lead_right,125,vehicle.audi.a2,leader,-6,right,2,[2],385.08663414113465,-208.7504348042585,22.03189021550945,0.20847332825169196,,,22.0424499954401,24.214186,1.180499
1354,3.3,true_threat,ADA,rear_centre,126,vehicle.nissan.patrol_2021,follower,-5,centre,1,[1],219.2103083414803,-205.25018272140653,17.06501858198892,0.3124236221050722,occluder,23.061498515657554,17.044799571385873,20.0,1.144071
1354,3.3,true_threat,ADA,follower_1,127,vehicle.tesla.model3,follower,-4,left,0,[0],243.62799984058336,-201.7495736048235,30.88054838018508,-0.09418425998074981,ego,26.338702849570282,30.718969243066066,31.539545,0.850488
1354,3.3,true_threat,ADA,follower_2,128,vehicle.mercedes.coupe_2020,follower,-4,left,0,[0],201.95642692865877,-201.74763040262414,30.288219620291933,0.58136850388008,follower_1,36.90859017666362,30.230159634283687,31.206399,1.031856
1354,3.3,true_threat,ADA,follower_3,129,vehicle.nissan.patrol_2021,follower,-4,left,0,[0],164.35291009262733,-201.7504944909354,29.938680673158014,0.7296748246645831,follower_2,32.466174545420174,29.85366290695992,30.370599,0.969922
1354,3.3,true_threat,ADA,follower_4,130,vehicle.tesla.model3,follower,-4,left,0,[0],130.14795191080808,-201.7500934806314,29.658998381024464,-0.027657069253217068,follower_3,29.01293988086327,29.609531548110766,30.246639,0.855866
1355,3.35,true_threat,ADA,occluder,121,vehicle.carlamotors.firetruck,occluder,-5,centre,1,[1],250.21946717730134,-205.25533605751266,17.828814864941673,-0.1422121133093238,latent_vehicle,23.603269131924506,17.84111167788365,18.168496,1.019807
1355,3.35,true_threat,ADA,lead_left,123,vehicle.audi.a2,leader,-4,left,0,[0],381.0978568035535,-201.75054390919396,22.631743526320715,0.17799390677021765,,,22.65054581617049,25.388964,1.025168
1355,3.35,true_threat,ADA,lead_centre,124,vehicle.tesla.model3,leader,-5,centre,1,[1],368.51372262449195,-205.24969485699805,18.32912757047655,0.00835440644920432,,,18.34418724234677,19.353903,0.932058
1355,3.35,true_threat,ADA,lead_right,125,vehicle.audi.a2,leader,-6,right,2,[2],386.1884408529874,-208.75045566203315,22.04094058854524,0.1810074616049777,,,22.052787573354053,24.214186,1.180499
1355,3.35,true_threat,ADA,rear_centre,126,vehicle.nissan.patrol_2021,follower,-5,centre,1,[1],220.06443436724498,-205.25018126153572,17.091841622644193,0.5364608137513007,occluder,23.100591567398645,17.05980258513398,20.0,1.144071
1355,3.35,true_threat,ADA,follower_1,127,vehicle.tesla.model3,follower,-4,left,0,[0],245.17185367708709,-201.7495352152123,30.875360422902062,-0.10375912689396538,ego,26.254683157306957,30.71420345338644,31.539545,0.850488
1355,3.35,true_threat,ADA,follower_2,128,vehicle.mercedes.coupe_2020,follower,-4,left,0,[0],203.4717162200026,-201.7473270993137,30.316427603449426,0.5641662087317586,follower_1,36.93886374253677,30.258198308261058,31.206399,1.031856
1355,3.35,true_threat,ADA,follower_3,129,vehicle.nissan.patrol_2021,follower,-4,left,0,[0],165.8509265294545,-201.7504717383123,29.974328991239858,0.7129663787002454,follower_2,32.48378302560663,29.889517820893936,30.370599,0.969922
1355,3.35,true_threat,ADA,follower_4,130,vehicle.tesla.model3,follower,-4,left,0,[0],131.63086214734238,-201.75007588134324,29.65729509367167,-0.03406573298371126,follower_3,29.026154022654822,29.60968003275815,30.246639,0.855866
1356,3.4,true_threat,ADA,occluder,121,vehicle.carlamotors.firetruck,occluder,-5,centre,1,[1],251.11073309348302,-205.2553219277254,17.822448122061996,-0.12733486609835729,latent_vehicle,23.989012633145265,17.83412938770171,18.168496,1.019807
1356,3.4,true_threat,ADA,lead_left,123,vehicle.audi.a2,leader,-4,left,0,[0],382.22969281053395,-201.75055452276337,22.63930807944399,0.1512910631459364,,,22.6593711206671,25.388964,1.025168
1356,3.4,true_threat,ADA,lead_centre,124,vehicle.tesla.model3,leader,-5,centre,1,[1],369.4301350235854,-205.24967214872996,18.32969025166708,0.011253624809852219,,,18.34459916122745,19.353903,0.932058
1356,3.4,true_threat,ADA,lead_right,125,vehicle.audi.a2,leader,-6,right,2,[2],387.29073584085637,-208.7504610944472,22.048623389515296,0.15365601944350585,,,22.061763100763383,24.214186,1.180499
1356,3.4,true_threat,ADA,rear_centre,126,vehicle.nissan.patrol_2021,follower,-5,centre,1,[1],220.91929282004745,-205.25019481059442,17.102936666202442,0.22190087170313863,occluder,23.138097699964185,17.085608811830888,20.0,1.144071
1356,3.4,true_threat,ADA,follower_1,127,vehicle.tesla.model3,follower,-4,left,0,[0],246.71549389576174,-201.7495121572647,30.86973568325582,-0.11249477362588692,ego,26.171456989698754,30.7091442953216,31.539545,0.850488
1356,3.4,true_threat,ADA,follower_2,128,vehicle.mercedes.coupe_2020,follower,-4,left,0,[0],204.98834831593814,-201.7471148906581,30.343596162320267,0.5433778156741058,follower_1,36.96742828769665,30.28538155514739,31.206399,1.031856
1356,3.4,true_threat,ADA,follower_3,129,vehicle.nissan.patrol_2021,follower,-4,left,0,[0],167.35068246813358,-201.75044839227485,30.008897748470556,0.6913751665780365,follower_2,32.501055880123296,29.924543403208773,30.370599,0.969922
1356,3.4,true_threat,ADA,follower_4,130,vehicle.tesla.model3,follower,-4,left,0,[0],133.1136503135713,-201.7500583236982,29.655303799296096,-0.03982587781778351,follower_3,29.04126022294769,29.609477574242998,30.246639,0.855866
1357,3.45,true_threat,ADA,occluder,121,vehicle.carlamotors.firetruck,occluder,-5,centre,1,[1],252.0016633215303,-205.25532317124487,17.816829061881332,-0.11238121063162373,latent_vehicle,24.37768448911602,17.827878222496746,18.168496,1.019807
1357,3.45,true_threat,ADA,lead_left,123,vehicle.audi.a2,leader,-4,left,0,[0],383.36180347570144,-201.75056504263577,22.645552747563013,0.1248933638350371,,,22.666872374105903,25.388964,1.025168
1357,3.45,true_threat,ADA,lead_centre,124,vehicle.tesla.model3,leader,-5,centre,1,[1],370.34666949818967,-205.24966465760696,18.330380725698838,0.013809481916753626,,,18.345154027120753,19.353903,0.932058
1357,3.45,true_threat,ADA,lead_right,125,vehicle.audi.a2,leader,-6,right,2,[2],388.39327497454155,-208.75048170236317,22.054936711391754,0.12626643730050038,,,22.069382293388124,24.214186,1.180499
1357,3.45,true_threat,ADA,rear_centre,126,vehicle.nissan.patrol_2021,follower,-5,centre,1,[1],221.77509731251135,-205.25019277813087,17.125008501257717,0.44143670165288057,occluder,23.174505163343426,17.096269919343698,20.0,1.144071
1357,3.45,true_threat,ADA,follower_1,127,vehicle.tesla.model3,follower,-4,left,0,[0],248.25876792954716,-201.7495655181873,30.86371040069228,-0.12050563169794792,ego,26.089085538060047,30.703811266952254,31.539545,0.850488
1357,3.45,true_threat,ADA,follower_2,128,vehicle.mercedes.coupe_2020,follower,-4,left,0,[0],206.50632320605462,-201.74696325908099,30.369555535832227,0.5191939580929021,follower_1,36.99443641043577,30.31153786509161,31.206399,1.031856
1357,3.45,true_threat,ADA,follower_3,129,vehicle.nissan.patrol_2021,follower,-4,left,0,[0],168.85211687351187,-201.75042447364464,30.04215043372186,0.6650537319914507,follower_2,32.51793203737975,29.958500533647058,30.370599,0.969922
1357,3.45,true_threat,ADA,follower_4,130,vehicle.tesla.model3,follower,-4,left,0,[0],134.59634693227656,-201.75005605607365,29.653055014701284,-0.04497568165355,follower_3,29.058227995397864,29.608945993089783,30.246639,0.855866
1358,3.5,true_threat,ADA,occluder,121,vehicle.carlamotors.firetruck,occluder,-5,centre,1,[1],252.89234940376136,-205.2553092392624,17.811957682528213,-0.0974275934549337,latent_vehicle,24.769406837812184,17.822362006904463,18.168496,1.019807
1358,3.5,true_threat,ADA,lead_left,123,vehicle.audi.a2,leader,-4,left,0,[0],384.4942803413744,-201.75054492000248,22.6504985121098,0.09891529325427205,,,22.673064739418823,25.388964,1.025168
1358,3.5,true_threat,ADA,lead_centre,124,vehicle.tesla.model3,leader,-5,centre,1,[1],371.26326500274126,-205.2496418868742,18.331191363199334,0.016212751564581886,,,18.34583490990742,19.353903,0.932058
1358,3.5,true_threat,ADA,lead_right,125,vehicle.audi.a2,leader,-6,right,2,[2],389.4961192839902,-208.75050220617138,22.059922516178194,0.09971609566891389,,,22.075643295476695,24.214186,1.180499
1358,3.5,true_threat,ADA,rear_centre,126,vehicle.nissan.patrol_2021,follower,-5,centre,1,[1],222.63154267407856,-205.25019052704096,17.131430540641826,0.12844078810124585,occluder,23.209630898926783,17.11751576191601,20.0,1.144071
1358,3.5,true_threat,ADA,follower_1,127,vehicle.tesla.model3,follower,-4,left,0,[0],249.80173679277448,-201.74963424200587,30.857337978057412,-0.12744843484324817,ego,26.007752064010603,30.698220013559375,31.539545,0.850488
1358,3.5,true_threat,ADA,follower_2,128,vehicle.mercedes.coupe_2020,follower,-4,left,0,[0],208.02554934282836,-201.74688749460284,30.394153124524763,0.4919579013593074,follower_1,37.01973555410473,30.33650442376054,31.206399,1.031856
1358,3.5,true_threat,ADA,follower_3,129,vehicle.nissan.patrol_2021,follower,-4,left,0,[0],170.3551687104367,-201.75040000324321,30.073877239004062,0.6345361371006892,follower_2,32.53447252211792,29.991158159908927,30.370599,0.969922
1358,3.5,true_threat,ADA,follower_4,130,vehicle.tesla.model3,follower,-4,left,0,[0],136.07892147547102,-201.75003857130406,29.65057544432323,-0.049591400827294074,follower_3,29.0769657820709,29.608105992802784,30.246639,0.855866
1359,3.55,true_threat,ADA,occluder,121,vehicle.carlamotors.firetruck,occluder,-5,centre,1,[1],253.78282186295797,-205.25529538015536,17.807830169766376,-0.0825502605116973,latent_vehicle,25.164088225407127,17.817580793327686,18.168496,1.019807
1359,3.55,true_threat,ADA,lead_left,123,vehicle.audi.a2,leader,-4,left,0,[0],385.62684876498184,-201.75054002492504,22.654187335063977,0.07377646228139292,,,22.67796904953255,25.388964,1.025168
1359,3.55,true_threat,ADA,lead_centre,124,vehicle.tesla.model3,leader,-5,centre,1,[1],372.1798605072928,-205.24961911614145,18.332104997817662,0.01827269412670431,,,18.346634285611362,19.353903,0.932058
1359,3.55,true_threat,ADA,lead_right,125,vehicle.audi.a2,leader,-6,right,2,[2],390.5992687639969,-208.75050734708364,22.063601785016274,0.07358537717088516,,,22.080587750115967,24.214186,1.180499
1359,3.55,true_threat,ADA,rear_centre,126,vehicle.nissan.patrol_2021,follower,-5,centre,1,[1],223.48859838717277,-205.25018806773548,17.148745449976175,0.3462981869375245,occluder,23.24387161959062,17.1237015381687,20.0,1.144071
1359,3.55,true_threat,ADA,follower_1,127,vehicle.tesla.model3,follower,-4,left,0,[0],251.34440047503293,-201.749687811144,30.850662284178906,-0.13351386184171818,ego,25.927578840865976,30.69240223455077,31.539545,0.850488
1359,3.55,true_threat,ADA,follower_2,128,vehicle.mercedes.coupe_2020,follower,-4,left,0,[0],209.54596569110663,-201.74688761804524,30.417251583753632,0.4619747766917439,follower_1,37.04347828055831,30.360136283481033,31.206399,1.031856
1359,3.55,true_threat,ADA,follower_3,129,vehicle.nissan.patrol_2021,follower,-4,left,0,[0],171.85974643658975,-201.75040552987923,30.10389696674265,0.6003945896497924,follower_2,32.55064682196685,30.022311053436322,30.370599,0.969922
1359,3.55,true_threat,ADA,follower_4,130,vehicle.tesla.model3,follower,-4,left,0,[0],137.56140446593645,-201.75002111776678,29.6479013271922,-0.05348233717343099,follower_3,29.097443075801237,29.606976432689557,30.246639,0.855866
1360,3.6,true_threat,ADA,occluder,121,vehicle.carlamotors.firetruck,occluder,-5,centre,1,[1],254.6731112166965,-205.25528158351298,17.8044388938002,-0.06782552357354052,latent_vehicle,25.56185078467091,17.813530883846802,18.168496,1.019807
1360,3.6,true_threat,ADA,lead_left,123,vehicle.audi.a2,leader,-4,left,0,[0],386.7596002992527,-201.7505503261711,22.656663084284595,0.04951498798984824,,,22.68162693580769,25.388964,1.025168
1360,3.6,true_threat,ADA,lead_centre,124,vehicle.tesla.model3,leader,-5,centre,1,[1],373.0964560378713,-205.24967263934957,18.333112094104738,0.02014192780401957,,,18.34753522575278,19.353903,0.932058
1360,3.6,true_threat,ADA,lead_right,125,vehicle.audi.a2,leader,-6,right,2,[2],391.70254031951447,-208.75052770514094,22.066027924870593,0.04852279803010858,,,22.084236486676808,24.214186,1.180499
1360,3.6,true_threat,ADA,rear_centre,126,vehicle.nissan.patrol_2021,follower,-5,centre,1,[1],224.34611186391223,-205.25018545226837,17.150507838031974,0.03524776132768857,occluder,23.277288365693032,17.140390871834015,20.0,1.144071
1360,3.6,true_threat,ADA,follower_1,127,vehicle.tesla.model3,follower,-4,left,0,[0],252.8866979463752,-201.74974150521152,30.8437252801688,-0.13874006951891524,ego,25.848504984429738,30.686378542068017,31.539545,0.850488
1360,3.6,true_threat,ADA,follower_2,128,vehicle.mercedes.coupe_2020,follower,-4,left,0,[0],211.06745017537872,-201.74694841226312,30.438736453647,0.4297023184265764,follower_1,37.06572561453847,30.382303009255146,31.206399,1.031856
1360,3.6,true_threat,ADA,follower_3,129,vehicle.nissan.patrol_2021,follower,-4,left,0,[0],173.36578899599675,-201.75038003922157,30.13204176984335,0.5628960999857551,follower_2,32.566485444092095,30.051782055431044,30.370599,0.969922
1360,3.6,true_threat,ADA,follower_4,130,vehicle.tesla.model3,follower,-4,left,0,[0],139.04370435094376,-201.75000372669416,29.64506127431564,-0.05680105422245564,follower_3,29.119537811488854,29.60558645092791,30.246639,0.855866
1361,3.65,true_threat,ADA,occluder,121,vehicle.carlamotors.firetruck,occluder,-5,centre,1,[1],255.56324798255326,-205.2552678389245,17.801785761777303,-0.053062643693898605,latent_vehicle,25.962786188056526,17.810204819599935,18.168496,1.019807
1361,3.65,true_threat,ADA,lead_left,123,vehicle.audi.a2,leader,-4,left,0,[0],387.89241286867633,-201.75056060659563,22.6579772579595,0.026283477196342924,,,22.684081913435538,25.388964,1.025168
1361,3.65,true_threat,ADA,lead_centre,124,vehicle.tesla.model3,leader,-5,centre,1,[1],374.01311261401327,-205.2497566593125,18.33420310650379,0.021820249196892787,,,18.34852832676242,19.353903,0.932058
1361,3.65,true_threat,ADA,lead_right,125,vehicle.audi.a2,leader,-6,right,2,[2],392.8058118698266,-208.75053280441008,22.067256247488174,0.024566454078308188,,,22.08664248494007,24.214186,1.180499
1361,3.65,true_threat,ADA,rear_centre,126,vehicle.nissan.patrol_2021,follower,-5,centre,1,[1],225.20399155677325,-205.25019797066008,17.163220315444246,0.25424954841067055,occluder,23.310064242692107,17.142119987471194,20.0,1.144071
1361,3.65,true_threat,ADA,follower_1,127,vehicle.tesla.model3,follower,-4,left,0,[0],254.42869024715932,-201.74981056217496,30.836563205736468,-0.14324147859896363,ego,25.77068321271838,30.680171224514623,31.539545,0.850488
1361,3.65,true_threat,ADA,follower_2,128,vehicle.mercedes.coupe_2020,follower,-4,left,0,[0],212.58991124291552,-201.7470699084888,30.458508532083897,0.3954457376344214,follower_1,37.086538601608645,30.40289636448229,31.206399,1.031856
1361,3.65,true_threat,ADA,follower_3,129,vehicle.nissan.patrol_2021,follower,-4,left,0,[0],174.87314381118682,-201.7503541009005,30.15817241358394,0.5226129131316763,follower_2,32.58192736895715,30.079407233811683,30.370599,0.969922
1361,3.65,true_threat,ADA,follower_4,130,vehicle.tesla.model3,follower,-4,left,0,[0],140.5258821656457,-201.7499863772647,29.64208580277591,-0.059509428951018954,follower_3,29.143280485888567,29.603959324992562,30.246639,0.855866
1362,3.7,true_threat,ADA,occluder,121,vehicle.carlamotors.firetruck,occluder,-5,centre,1,[1],256.4532932008864,-205.25526938435652,17.79985742128849,-0.0385668122089934,latent_vehicle,26.366803018175034,17.80760451346832,18.168496,1.019807
1362,3.7,true_threat,ADA,lead_left,123,vehicle.audi.a2,leader,-4,left,0,[0],389.0252864680472,-201.7505556074104,22.65818898290289,0.0042345021612486995,,,22.685385058396225,25.388964,1.025168
1362,3.7,true_threat,ADA,lead_centre,124,vehicle.tesla.model3,leader,-5,centre,1,[1],374.92989126046064,-205.2498406376323,18.335366590782765,0.023269685726349167,,,18.349604175127215,19.353903,0.932058
1362,3.7,true_threat,ADA,lead_right,125,vehicle.audi.a2,leader,-6,right,2,[2],393.9091444604968,-208.75055314164584,22.067349697463907,0.001869001667431721,,,22.087860607602092,24.214186,1.180499
1362,3.7,true_threat,ADA,rear_centre,126,vehicle.nissan.patrol_2021,follower,-5,centre,1,[1],226.06208486746334,-205.25019515738816,17.160488989638726,-0.05462651592603605,occluder,23.342321315687855,17.154407680243015,20.0,1.144071
1362,3.7,true_threat,ADA,follower_1,127,vehicle.tesla.model3,follower,-4,left,0,[0],255.9703163318219,-201.74986448527957,30.829225649795664,-0.14675111278376327,ego,25.694052610303117,30.673794915269447,31.539545,0.850488
1362,3.7,true_threat,ADA,follower_2,128,vehicle.mercedes.coupe_2020,follower,-4,left,0,[0],214.1133183709353,-201.74723685834493,30.476480060743942,0.35943395901350395,follower_1,37.106069834855994,30.421823016297957,31.206399,1.031856
1362,3.7,true_threat,ADA,follower_3,129,vehicle.nissan.patrol_2021,follower,-4,left,0,[0],176.38174984700717,-201.7503277357375,30.182166828151313,0.47988832857500413,follower_2,32.5970336213039,30.105050909039413,30.370599,0.969922
1362,3.7,true_threat,ADA,follower_4,130,vehicle.tesla.model3,follower,-4,left,0,[0],142.00784635731318,-201.74996910071064,29.639007337441093,-0.06156930575575261,follower_3,29.16845748637668,29.602120679484543,30.246639,0.855866
1363,3.75,true_threat,ADA,occluder,121,vehicle.carlamotors.firetruck,occluder,-5,centre,1,[1],257.34330789643775,-205.25525568141114,17.798640521092846,-0.024338005384077592,latent_vehicle,26.773901399955733,17.805716863170353,18.168496,1.019807
1363,3.75,true_threat,ADA,lead_left,123,vehicle.audi.a2,leader,-4,left,0,[0],390.15809903747083,-201.7505658878349,22.657370738902003,-0.01636487706687962,,,22.685595006337202,25.388964,1.025168
1363,3.75,true_threat,ADA,lead_centre,124,vehicle.tesla.model3,leader,-5,centre,1,[1],375.846700419279,-205.24990934675318,18.336585380678383,0.024375797237098294,,,18.350751485098684,19.353903,0.932058
1363,3.75,true_threat,ADA,lead_right,125,vehicle.audi.a2,leader,-6,right,2,[2],395.0124160160144,-208.75057349970317,22.066373124032207,-0.019531465979572456,,,22.0879532815022,24.214186,1.180499
1363,3.75,true_threat,ADA,rear_centre,126,vehicle.nissan.patrol_2021,follower,-5,centre,1,[1],226.92026973088247,-205.25019231288394,17.16887560002411,0.167732207830317,occluder,23.374273223330896,17.151842977031855,20.0,1.144071
1363,3.75,true_threat,ADA,follower_1,127,vehicle.tesla.model3,follower,-4,left,0,[0],257.51154569319726,-201.74993380251246,30.821762203856615,-0.149268915459632,ego,25.618674300828303,30.667278445821353,31.539545,0.850488
1363,3.75,true_threat,ADA,follower_2,128,vehicle.mercedes.coupe_2020,follower,-4,left,0,[0],215.63764105227253,-201.74747978981858,30.492584263782632,0.3220866829388276,follower_1,37.12428879149876,30.439000674685126,31.206399,1.031856
1363,3.75,true_threat,ADA,follower_3,129,vehicle.nissan.patrol_2021,follower,-4,left,0,[0],177.8915155507288,-201.75030097496497,30.203925831901056,0.43518010976638827,follower_2,32.61183471350334,30.1285940763984,30.370599,0.969922
1363,3.75,true_threat,ADA,follower_4,130,vehicle.tesla.model3,follower,-4,left,0,[0],143.48974951382797,-201.74995184497814,29.635858303254427,-0.06298068345960056,follower_3,29.19509933052956,29.600099583702477,30.246639,0.855866
1364,3.8,true_threat,ADA,occluder,121,vehicle.carlamotors.firetruck,occluder,-5,centre,1,[1],258.23313949173644,-205.2552572997186,17.7981217108485,-0.010376205262781801,latent_vehicle,27.184112007136733,17.804528762653945,18.168496,1.019807
1364,3.8,true_threat,ADA,lead_left,123,vehicle.audi.a2,leader,-4,left,0,[0],391.29085056653634,-201.7505609302928,22.655608356401675,-0.03524764756725166,,,22.684783629562997,25.388964,1.025168
1364,3.8,true_threat,ADA,lead_centre,124,vehicle.tesla.model3,leader,-5,centre,1,[1],376.7635095833027,-205.2499933146622,18.337851848804405,0.025329360443371394,,,18.351953328547147,19.353903,0.932058
1364,3.8,true_threat,ADA,lead_right,125,vehicle.audi.a2,leader,-6,right,2,[2],396.1156875663265,-208.7505785989723,22.06440091329149,-0.03944421159711918,,,22.086984817749894,24.214186,1.180499
1364,3.8,true_threat,ADA,rear_centre,126,vehicle.nissan.patrol_2021,follower,-5,centre,1,[1],227.77848511187796,-205.2501894579689,17.16192712698439,-0.1389694607094131,occluder,23.406103055463127,17.15999897358511,20.0,1.144071
1364,3.8,true_threat,ADA,follower_1,127,vehicle.tesla.model3,follower,-4,left,0,[0],259.05240883845113,-201.7499879858865,30.81419766276685,-0.15129082054432574,ego,25.54454836237474,30.66065097878029,31.539545,0.850488
1364,3.8,true_threat,ADA,follower_2,128,vehicle.mercedes.coupe_2020,follower,-4,left,0,[0],217.16272667822386,-201.74773771981097,30.506773438968104,0.28378541145563047,follower_1,37.141195471536946,30.45436739049406,31.206399,1.031856
1364,3.8,true_threat,ADA,follower_3,129,vehicle.nissan.patrol_2021,follower,-4,left,0,[0],179.4022578168936,-201.75027388104758,30.223380760709908,0.38909860736110935,follower_2,32.62639169111892,30.149940377311648,30.370599,0.969922
1364,3.8,true_threat,ADA,follower_4,130,vehicle.tesla.model3,follower,-4,left,0,[0],144.9714390473083,-201.7499346621211,29.632669218116444,-0.06378170284723711,follower_3,29.222961877736417,29.597925200495464,30.246639,0.855866
1365,3.85,true_threat,ADA,occluder,121,vehicle.carlamotors.firetruck,occluder,-5,centre,1,[1],259.1230015994061,-205.25524364882713,17.798289545601094,0.003356695691030681,latent_vehicle,27.597618096132294,17.80402710453136,18.168496,1.019807
1365,3.85,true_threat,ADA,lead_left,123,vehicle.audi.a2,leader,-4,left,0,[0],392.4235410656545,-201.7505712523604,22.652964777739786,-0.052871571368916806,,,22.683036035576336,25.388964,1.025168
1365,3.85,true_threat,ADA,lead_centre,124,vehicle.tesla.model3,leader,-5,centre,1,[1],377.68050181634686,-205.24997040858935,18.33915645443253,0.026092110806707553,,,18.35320218371214,19.353903,0.932058
1365,3.85,true_threat,ADA,lead_right,125,vehicle.audi.a2,leader,-6,right,2,[2],397.21877601638596,-208.7505990194943,22.061511268420542,-0.05779289420076768,,,22.085028981396,24.214186,1.180499
1365,3.85,true_threat,ADA,rear_centre,126,vehicle.nissan.patrol_2021,follower,-5,centre,1,[1],228.6367310104498,-205.25018659264313,17.1663693416883,0.08884429410083713,occluder,23.437719269766333,17.153405972387404,20.0,1.144071
1365,3.85,true_threat,ADA,follower_1,127,vehicle.tesla.model3,follower,-4,left,0,[0],260.59287525521245,-201.75004230460067,30.806573987602974,-0.15247350356915357,ego,25.47170537498343,30.653919646842283,31.539545,0.850488
1365,3.85,true_threat,ADA,follower_2,128,vehicle.mercedes.coupe_2020,follower,-4,left,0,[0],218.68842267131836,-201.74804121795233,30.519013240445435,0.2447973162382478,follower_1,37.15697299083944,30.467879397402086,31.206399,1.031856
1365,3.85,true_threat,ADA,follower_3,129,vehicle.nissan.patrol_2021,follower,-4,left,0,[0],180.91394612792524,-201.75024646439604,30.240466765111208,0.34172011478665215,follower_2,32.64073505090545,30.169023097924505,30.370599,0.969922
1365,3.85,true_threat,ADA,follower_4,130,vehicle.tesla.model3,follower,-4,left,0,[0],146.4529759877015,-201.74990227252977,29.629462968584985,-0.06412499085710986,follower_3,29.252014610420872,29.595626661028515,30.246639,0.855866
1366,3.9,true_threat,ADA,occluder,121,vehicle.carlamotors.firetruck,occluder,-5,centre,1,[1],260.0129247474338,-205.25524523590227,17.79912495298498,0.016708149182621743,latent_vehicle,28.0142061948643,17.80420064248543,18.168496,1.019807
1366,3.9,true_threat,ADA,lead_left,123,vehicle.audi.a2,leader,-4,left,0,[0],393.55604845931464,-201.7505816368927,22.64952011078615,-0.0688933379106759,,,22.68041463325606,25.388964,1.025168
1366,3.9,true_threat,ADA,lead_centre,124,vehicle.tesla.model3,leader,-5,centre,1,[1],378.59749404939095,-205.2499475025165,18.340482045353337,0.026511818124529053,,,18.354488642179202,19.353903,0.932058
1366,3.9,true_threat,ADA,lead_right,125,vehicle.audi.a2,leader,-6,right,2,[2],398.3217423909346,-208.7506042228712,22.05778811200603,-0.07446312491371619,,,22.08216332003016,24.214186,1.180499
1366,3.9,true_threat,ADA,rear_centre,126,vehicle.nissan.patrol_2021,follower,-5,centre,1,[1],229.4947022560399,-205.2501990798025,17.155592820934174,-0.2155304150632247,occluder,23.46933547886414,17.157796736543393,20.0,1.144071
1366,3.9,true_threat,ADA,follower_1,127,vehicle.tesla.model3,follower,-4,left,0,[0],262.13300598383927,-201.75011199662154,30.79892551166655,-0.15296951889164612,ego,25.399992651870264,30.647136841487935,31.539545,0.850488
1366,3.9,true_threat,ADA,follower_2,128,vehicle.mercedes.coupe_2020,follower,-4,left,0,[0],220.21463748403232,-201.74840557426316,30.52928839808935,0.20550392920716326,follower_1,37.17174341450626,30.479506077842334,31.206399,1.031856
1366,3.9,true_threat,ADA,follower_3,129,vehicle.nissan.patrol_2021,follower,-4,left,0,[0],182.4263973783656,-201.7502187874751,30.25514951312211,0.2936549821117178,follower_2,32.6547427329683,30.185779070686515,30.370599,0.969922
1366,3.9,true_threat,ADA,follower_4,130,vehicle.tesla.model3,follower,-4,left,0,[0],147.93436034541836,-201.74988519378047,29.62627770304962,-0.06370531022242716,follower_3,29.282165981059308,29.593225750376916,30.246639,0.855866
1367,3.95,true_threat,ADA,occluder,121,vehicle.carlamotors.firetruck,occluder,-5,centre,1,[1],260.9029394429852,-205.25523153295688,17.800612673372086,0.029754410105596433,latent_vehicle,28.433754394394427,17.805030624253106,18.168496,1.019807
1367,3.95,true_threat,ADA,lead_left,123,vehicle.audi.a2,leader,-4,left,0,[0],394.68843377746396,-201.75057680427992,22.645354465018986,-0.08331291458497765,,,22.676998851132765,25.388964,1.025168
1367,3.95,true_threat,ADA,lead_centre,124,vehicle.tesla.model3,leader,-5,centre,1,[1],379.5145168000114,-205.24992458603288,18.34182289562258,0.02681700647484729,,,18.355795790064754,19.353903,0.932058
1367,3.95,true_threat,ADA,lead_right,125,vehicle.audi.a2,leader,-6,right,2,[2],399.4245256652306,-208.75062474750098,22.05332681163295,-0.08922600403795171,,,22.07847105121797,24.214186,1.180499
1367,3.95,true_threat,ADA,rear_centre,126,vehicle.nissan.patrol_2021,follower,-5,centre,1,[1],230.35252090854283,-205.2501963602276,17.15655603085004,0.019264198359252263,occluder,23.501287381301765,17.14754786308043,20.0,1.144071
1367,3.95,true_threat,ADA,follower_1,127,vehicle.tesla.model3,follower,-4,left,0,[0],263.67273997876816,-201.75016656519438,30.79129610354862,-0.15258816116355678,ego,25.329440679379246,30.64033006692427,31.539545,0.850488
1367,3.95,true_threat,ADA,follower_2,128,vehicle.mercedes.coupe_2020,follower,-4,left,0,[0],221.74137108513347,-201.74873923601442,30.537589367235334,0.166019773530598,follower_1,37.18565933041912,30.489235016942672,31.206399,1.031856
1367,3.95,true_threat,ADA,follower_3,129,vehicle.nissan.patrol_2021,follower,-4,left,0,[0],183.9394894979093,-201.7501908919278,30.267413746190165,0.24528467829915163,follower_2,32.66850629524191,30.200175586552625,30.370599,0.969922
1367,3.95,true_threat,ADA,follower_4,130,vehicle.tesla.model3,follower,-4,left,0,[0],149.4155615976771,-201.74986817749587,29.62312104902923,-0.06313308019553072,follower_3,29.313232873782823,29.59075952753319,30.246639,0.855866
1368,4.0,true_threat,ADA,occluder,121,vehicle.carlamotors.firetruck,occluder,-5,centre,1,[1],261.79298465611294,-205.25521781960074,17.802739356413472,0.04253366369504197,latent_vehicle,28.856293384076807,17.80650204738762,18.168496,1.019807
1368,4.0,true_threat,ADA,lead_left,123,vehicle.audi.a2,leader,-4,left,0,[0],395.82051392505514,-201.7505873345631,22.640574651953916,-0.09559626086893812,,,22.6728681182742,25.388964,1.025168
1368,4.0,true_threat,ADA,lead_centre,124,vehicle.tesla.model3,leader,-5,centre,1,[1],380.431692143719,-205.24991687628352,18.34316565544521,0.026855198362573662,,,18.35711798092564,19.353903,0.932058
1368,4.0,true_threat,ADA,lead_right,125,vehicle.audi.a2,leader,-6,right,2,[2],400.5269427286103,-208.75064539706008,22.04819984665566,-0.10253929615629472,,,22.074046741554646,24.214186,1.180499
1368,4.0,true_threat,ADA,rear_centre,126,vehicle.nissan.patrol_2021,follower,-5,centre,1,[1],231.20985127982416,-205.25019380722514,17.142411131794944,-0.2828979810792979,occluder,23.53348342435021,17.148620488605708,20.0,1.144071
1368,4.0,true_threat,ADA,follower_1,127,vehicle.tesla.model3,follower,-4,left,0,[0],265.21207725040995,-201.75023652789548,30.783712466491668,-0.1516727374315534,ego,25.260079949059772,30.633575803053247,31.539545,0.850488
1368,4.0,true_threat,ADA,follower_2,128,vehicle.mercedes.coupe_2020,follower,-4,left,0,[0],223.26844038477984,-201.7490880420353,30.54393521938555,0.12691718146849407,follower_1,37.1986597242469,30.497058964755325,31.206399,1.031856
1368,4.0,true_threat,ADA,follower_3,129,vehicle.nissan.patrol_2021,follower,-4,left,0,[0],185.45316145140364,-201.7501627985757,30.27726137180866,0.19695252462005874,follower_2,32.682147776799354,30.212198402236773,30.370599,0.969922
1368,4.0,true_threat,ADA,follower_4,130,vehicle.tesla.model3,follower,-4,left,0,[0],150.89664077963047,-201.7498512028544,29.62000826638279,-0.0622556512113599,follower_3,29.345123741067773,29.58823669527449,30.246639,0.855866
1369,4.05,true_threat,ADA,occluder,121,vehicle.carlamotors.firetruck,occluder,-5,centre,1,[1],262.68321297990417,-205.2552193025681,17.805472577202917,0.054664418992235966,latent_vehicle,29.281823320073144,17.8086017831239,18.168496,1.019807
1369,4.05,true_threat,ADA,lead_left,123,vehicle.audi.a2,leader,-4,left,0,[0],396.95234992683015,-201.75058268934433,22.635247428089873,-0.10654447715702349,,,22.668128341816725,25.388964,1.025168
1369,4.05,true_threat,ADA,lead_centre,124,vehicle.tesla.model3,leader,-5,centre,1,[1],381.34889799979754,-205.24989389733523,18.344498878392685,0.02666446149617793,,,18.358442050664973,19.353903,0.932058
1369,4.05,true_threat,ADA,lead_right,125,vehicle.audi.a2,leader,-6,right,2,[2],401.6291766813266,-208.75065085029564,22.04251021321488,-0.11379266529373017,,,22.068962258906385,24.214186,1.180499
1369,4.05,true_threat,ADA,rear_centre,126,vehicle.nissan.patrol_2021,follower,-5,centre,1,[1],232.06696802807107,-205.25019132709812,17.140416044306118,-0.039901749762645176,occluder,23.566198266196594,17.135153638242382,20.0,1.144071
1369,4.05,true_threat,ADA,follower_1,127,vehicle.tesla.model3,follower,-4,left,0,[0],266.7510177883538,-201.75029136714852,30.77619176661468,-0.15041399025589453,ego,25.192001909533147,30.626930011970487,31.539545,0.850488
1369,4.05,true_threat,ADA,follower_2,128,vehicle.mercedes.coupe_2020,follower,-4,left,0,[0],224.79572331266604,-201.74945203396894,30.54834121352864,0.08811989477860259,follower_1,37.21092769624229,30.5029982730009,31.206399,1.031856
1369,4.05,true_threat,ADA,follower_3,129,vehicle.nissan.patrol_2021,follower,-4,left,0,[0],186.96719961581417,-201.75013458029431,30.284713370908328,0.1490399900901749,follower_2,32.69554512295139,30.221849732280948,30.370599,0.969922
1369,4.05,true_threat,ADA,follower_4,130,vehicle.tesla.model3,follower,-4,left,0,[0],152.37753685612574,-201.74983429067754,29.616964148974343,-0.06088234705558694,follower_3,29.37771651260875,29.58567354275635,30.246639,0.855866
1370,4.1,true_threat,ADA,occluder,121,vehicle.carlamotors.firetruck,occluder,-5,centre,1,[1],263.5736244039481,-205.25520546428262,17.80873413447351,0.06523114878088157,latent_vehicle,29.710161263497767,17.811297930776547,18.168496,1.019807
1370,4.1,true_threat,ADA,lead_left,123,vehicle.audi.a2,leader,-4,left,0,[0],398.0839417931998,-201.75059338619994,22.629468161802897,-0.11558532571430362,,,22.662845709905778,25.388964,1.025168
1370,4.1,true_threat,ADA,lead_centre,124,vehicle.tesla.model3,leader,-5,centre,1,[1],382.26610385587605,-205.2498709183869,18.345820660818706,0.026435650589293678,,,18.35975671221312,19.353903,0.932058
1370,4.1,true_threat,ADA,lead_right,125,vehicle.audi.a2,leader,-6,right,2,[2],402.73116649863744,-208.75067164560565,22.03633802163423,-0.12344382844567474,,,22.063319735417895,24.214186,1.180499
1370,4.1,true_threat,ADA,rear_centre,126,vehicle.nissan.patrol_2021,follower,-5,centre,1,[1],232.923474424791,-205.25018905518664,17.12341966008253,-0.33992768447679356,occluder,23.599309841740904,17.133405460369136,20.0,1.144071
1370,4.1,true_threat,ADA,follower_1,127,vehicle.tesla.model3,follower,-4,left,0,[0],268.2895921153814,-201.7503463313309,30.7687683377004,-0.14846856708784642,ego,25.12517598075833,30.620447232227733,31.539545,0.850488
1370,4.1,true_threat,ADA,follower_2,128,vehicle.mercedes.coupe_2020,follower,-4,left,0,[0],226.3232808987394,-201.74981593220554,30.550864573848266,0.0504672061544602,follower_1,37.22258530629991,30.507069105572167,31.206399,1.031856
1370,4.1,true_threat,ADA,follower_3,129,vehicle.nissan.patrol_2021,follower,-4,left,0,[0],188.48157347356454,-201.75010624749433,30.289802168426817,0.10177595506873308,follower_2,32.70878988642707,30.22915055633527,30.370599,0.969922
1370,4.1,true_threat,ADA,follower_4,130,vehicle.tesla.model3,follower,-4,left,0,[0],153.8583108623156,-201.74981742014384,29.614005864167883,-0.05916569312570023,follower_3,29.410858600524023,29.583095809435108,30.246639,0.855866
1371,4.15,true_threat,ADA,occluder,121,vehicle.carlamotors.firetruck,occluder,-5,centre,1,[1],264.4641579035028,-205.2552068431422,17.81245345635778,0.07438644105525871,latent_vehicle,30.141093752683304,17.8145135535297,18.168496,1.019807
1371,4.15,true_threat,ADA,lead_left,123,vehicle.audi.a2,leader,-4,left,0,[0],399.2152284838059,-201.75060418716333,22.623318869153177,-0.12298585300549852,,,22.65711478383715,25.388964,1.025168
1371,4.15,true_threat,ADA,lead_centre,124,vehicle.tesla.model3,leader,-5,centre,1,[1],383.18349281741274,-205.24984787697394,18.347119557318415,0.025977930997660416,,,18.361060088521615,19.353903,0.932058
1371,4.15,true_threat,ADA,lead_right,125,vehicle.audi.a2,leader,-6,right,2,[2],403.832729064674,-208.75067732787832,22.029778638381337,-0.13118766195024703,,,22.057198608117044,24.214186,1.180499
1371,4.15,true_threat,ADA,rear_centre,126,vehicle.nissan.patrol_2021,follower,-5,centre,1,[1],233.77949254549472,-205.2502022086358,17.119028943552628,-0.08781433060224056,occluder,23.633214869064894,17.117210741241777,20.0,1.144071
1371,4.15,true_threat,ADA,follower_1,127,vehicle.tesla.model3,follower,-4,left,0,[0],269.8278002366983,-201.75041667923077,30.761470789973995,-0.1459509388837824,ego,25.0596630729587,30.61419022891557,31.539545,0.850488
1371,4.15,true_threat,ADA,follower_2,128,vehicle.mercedes.coupe_2020,follower,-4,left,0,[0],227.850807962031,-201.75016458206477,30.551541546895976,0.013539545330194662,follower_1,37.2336020472542,30.50932797070796,31.206399,1.031856
1371,4.15,true_threat,ADA,follower_3,129,vehicle.nissan.patrol_2021,follower,-4,left,0,[0],189.996130436773,-201.7500778522297,30.292581170104544,0.055580035719831763,follower_2,32.72197361475004,30.23413413426943,30.370599,0.969922
1371,4.15,true_threat,ADA,follower_4,130,vehicle.tesla.model3,follower,-4,left,0,[0],155.33890176304737,-201.74980061207478,29.611146761556956,-0.0571820502093839,follower_3,29.444458452084525,29.580522267561516,30.246639,0.855866
1372,4.2,true_threat,ADA,occluder,121,vehicle.carlamotors.firetruck,occluder,-5,centre,1,[1],265.3549355384629,-205.2551928799274,17.816598116233074,0.08289320145188107,latent_vehicle,30.574681942506388,17.818179224417698,18.168496,1.019807
1372,4.2,true_threat,ADA,lead_left,123,vehicle.audi.a2,leader,-4,left,0,[0],400.34620999344315,-201.75059983344633,22.616885380255027,-0.12866977796445989,,,22.651016885808982,25.388964,1.025168
1372,4.2,true_threat,ADA,lead_centre,124,vehicle.tesla.model3,leader,-5,centre,1,[1],384.1008817789494,-205.249824835561,18.348389846564476,0.02540578582960282,,,18.3623408937194,19.353903,0.932058
1372,4.2,true_threat,ADA,lead_right,125,vehicle.audi.a2,leader,-6,right,2,[2],404.9340474953052,-208.7506983522254,22.02291598689648,-0.13725302669520253,,,22.050693445480064,24.214186,1.180499
1372,4.2,true_threat,ADA,rear_centre,126,vehicle.nissan.patrol_2021,follower,-5,centre,1,[1],234.63483927431338,-205.2502003323339,17.099739925238918,-0.3857803662663342,occluder,23.667730247915877,17.113175260403267,20.0,1.144071
1372,4.2,true_threat,ADA,follower_1,127,vehicle.tesla.model3,follower,-4,left,0,[0],271.3656726490591,-201.7504413652847,30.754310567742742,-0.14320442425198246,ego,24.99564617186836,30.60822069970129,31.539545,0.850488
1372,4.2,true_threat,ADA,follower_2,128,vehicle.mercedes.coupe_2020,follower,-4,left,0,[0],229.3783350253226,-201.75051323192397,30.550440806881053,-0.02201455694306655,follower_1,37.24428310527945,30.50981174474766,31.206399,1.031856
1372,4.2,true_threat,ADA,follower_3,129,vehicle.nissan.patrol_2021,follower,-4,left,0,[0],191.51074843513416,-201.75004943614354,30.29311331836705,0.010642965798391392,follower_2,32.73494371483318,30.236852158634726,30.370599,0.969922
1372,4.2,true_threat,ADA,follower_4,130,vehicle.tesla.model3,follower,-4,left,0,[0],156.81937059347374,-201.74978384564884,29.608400193952786,-0.054931348176456826,follower_3,29.478424514561226,29.577968474665546,30.246639,0.855866
1373,4.25,true_threat,ADA,occluder,121,vehicle.carlamotors.firetruck,occluder,-5,centre,1,[1],266.2459267964574,-205.25517884383711,17.821145227974686,0.09094223835053014,latent_vehicle,31.01065128409303,17.82226303703578,18.168496,1.019807
1373,4.25,true_threat,ADA,lead_left,123,vehicle.audi.a2,leader,-4,left,0,[0],401.4768252973696,-201.75061086344684,22.61025161937573,-0.13267521753521452,,,22.644637121950268,25.388964,1.025168
1373,4.25,true_threat,ADA,lead_centre,124,vehicle.tesla.model3,leader,-5,centre,1,[1],385.01830126326774,-205.24981704252542,18.349623899752654,0.024681063986950347,,,18.3635934863946,19.353903,0.932058
1373,4.25,true_threat,ADA,lead_right,125,vehicle.audi.a2,leader,-6,right,2,[2],406.03499971502026,-208.75071950150183,22.01583399048798,-0.14163992527077326,,,22.043887469641476,24.214186,1.180499
1373,4.25,true_threat,ADA,rear_centre,126,vehicle.nissan.patrol_2021,follower,-5,centre,1,[1],235.4896672043341,-205.2501986330152,17.093529597343288,-0.12420655791011914,occluder,23.70316115405734,17.094780884680628,20.0,1.144071
1373,4.25,true_threat,ADA,follower_1,127,vehicle.tesla.model3,follower,-4,left,0,[0],272.9031483121058,-201.75040515152602,30.747306746839303,-0.14007639426309382,ego,24.933094661008624,30.602573078082123,31.539545,0.850488
1373,4.25,true_threat,ADA,follower_2,128,vehicle.mercedes.coupe_2020,follower,-4,left,0,[0],230.90577053588515,-201.75086191301554,30.547629122061807,-0.05623324392944698,follower_1,37.25462845434867,30.50858716153651,31.206399,1.031856
1373,4.25,true_threat,ADA,follower_3,129,vehicle.nissan.patrol_2021,follower,-4,left,0,[0],193.025335915919,-201.75002103046813,30.291472999698456,-0.0328063735476074,follower_2,32.74785277976363,30.23736751602133,30.370599,0.969922
1373,4.25,true_threat,ADA,follower_4,130,vehicle.tesla.model3,follower,-4,left,0,[0],158.2997173535947,-201.749767120866,29.60577951103709,-0.05241365567971122,follower_3,29.512573682496004,29.57544980751275,30.246639,0.855866
1374,4.3,true_threat,ADA,occluder,121,vehicle.carlamotors.firetruck,occluder,-5,centre,1,[1],267.1371011599101,-205.2551647452822,17.82607190333212,0.09853351020712342,latent_vehicle,31.448879821656362,17.826742472404035,18.168496,1.019807
1374,4.3,true_threat,ADA,lead_left,123,vehicle.audi.a2,leader,-4,left,0,[0],402.60713542032715,-201.75060673876695,22.60349960188081,-0.1350403497554813,,,22.638058710560433,25.388964,1.025168
1374,4.3,true_threat,ADA,lead_centre,124,vehicle.tesla.model3,leader,-5,centre,1,[1],385.93590384783886,-205.249793928237,18.350821715703894,0.023956318883567293,,,18.364810344301254,19.353903,0.932058
1374,4.3,true_threat,ADA,lead_right,125,vehicle.audi.a2,leader,-6,right,2,[2],407.13558571861364,-208.75072551691943,22.00860894237316,-0.14450095930817208,,,22.036863904829637,24.214186,1.180499
1374,4.3,true_threat,ADA,rear_centre,126,vehicle.nissan.patrol_2021,follower,-5,centre,1,[1],236.34373219494609,-205.25019719396596,17.07251824343414,-0.42022707818209803,occluder,23.73932448203118,17.08900636730916,20.0,1.144071
1374,4.3,true_threat,ADA,follower_1,127,vehicle.tesla.model3,follower,-4,left,0,[0],274.4403493221708,-201.75038429025253,30.74047077319936,-0.13671944718812967,ego,24.87164228261483,30.594955317959894,31.539545,0.850488
1374,4.3,true_threat,ADA,follower_2,128,vehicle.mercedes.coupe_2020,follower,-4,left,0,[0],232.4330229097573,-201.7511191038427,30.54319042648437,-0.08877322098744521,follower_1,37.26466860683284,30.505719270201926,31.206399,1.031856
1374,4.3,true_threat,ADA,follower_3,129,vehicle.nissan.patrol_2021,follower,-4,left,0,[0],194.5398013263984,-201.74999266643584,30.287747951983675,-0.07450095437752184,follower_2,32.760700809541376,30.235753383581706,30.370599,0.969922
1374,4.3,true_threat,ADA,follower_4,130,vehicle.tesla.model3,follower,-4,left,0,[0],159.7799420434103,-201.74975043772628,29.603292343512308,-0.049743346176553294,follower_3,29.546814403159843,29.5729820109137,30.246639,0.855866
1375,4.35,true_threat,ADA,occluder,121,vehicle.carlamotors.firetruck,occluder,-5,centre,1,[1],268.0285806991262,-205.2551505426195,17.83136669814277,0.10589589879033263,latent_vehicle,31.889276111780617,17.83159500928369,18.168496,1.019807
1375,4.35,true_threat,ADA,lead_left,123,vehicle.audi.a2,leader,-4,left,0,[0],403.7371403727267,-201.750617976983,22.596697993174786,-0.1360321739139687,,,22.631362979235377,25.388964,1.025168
1375,4.35,true_threat,ADA,lead_centre,124,vehicle.tesla.model3,leader,-5,centre,1,[1],386.8535064324099,-205.2497708139486,18.351973758055223,0.02304084639377636,,,18.365991466581896,19.353903,0.932058
1375,4.35,true_threat,ADA,lead_right,125,vehicle.audi.a2,leader,-6,right,2,[2],408.23574448134354,-208.75074693687606,22.001326674841387,-0.14564534796711548,,,22.029698410511493,24.214186,1.180499
1375,4.35,true_threat,ADA,rear_centre,126,vehicle.nissan.patrol_2021,follower,-5,centre,1,[1],237.1971257988784,-205.2501959839538,17.065071953728896,-0.1489257941044789,occluder,23.77643385487184,17.06895533108348,20.0,1.144071
1375,4.35,true_threat,ADA,follower_1,127,vehicle.tesla.model3,follower,-4,left,0,[0],275.97718411611424,-201.75034829512018,30.733819813015458,-0.13301917708427308,ego,24.806955384683633,30.580625557673503,31.539545,0.850488
1375,4.35,true_threat,ADA,follower_2,128,vehicle.mercedes.coupe_2020,follower,-4,left,0,[0],233.96003114822403,-201.75139163674427,30.537212472837318,-0.11955814695910634,follower_1,37.27461724302569,30.501289782251458,31.206399,1.031856
1375,4.35,true_threat,ADA,follower_3,129,vehicle.nissan.patrol_2021,follower,-4,left,0,[0],196.05396156111433,-201.7499644065113,30.282037356871278,-0.11421190156508834,follower_2,32.7734877729341,30.23209621360496,30.370599,0.969922
1375,4.35,true_threat,ADA,follower_4,130,vehicle.tesla.model3,follower,-4,left,0,[0],161.26001414534412,-201.74973380664045,29.60094441180822,-0.0469586311788256,follower_3,29.58105512382368,29.5705755503648,30.246639,0.855866
1376,4.4,true_threat,ADA,occluder,121,vehicle.carlamotors.firetruck,occluder,-5,centre,1,[1],268.92030438415856,-205.25515151545875,17.837010538870395,0.11287681662940091,latent_vehicle,32.331535051577646,17.836809380922983,18.168496,1.019807
1376,4.4,true_threat,ADA,lead_left,123,vehicle.audi.a2,leader,-4,left,0,[0],404.86671807905725,-201.75062936094994,22.58992308731213,-0.13549811699598602,,,22.62461801912667,25.388964,1.025168
1376,4.4,true_threat,ADA,lead_centre,124,vehicle.tesla.model3,leader,-5,centre,1,[1],387.7710479818283,-205.24974772048174,18.353076213458216,0.022049107760674532,,,18.36712745011394,19.353903,0.932058
1376,4.4,true_threat,ADA,lead_right,125,vehicle.audi.a2,leader,-6,right,2,[2],409.33553701233575,-208.75070744660934,21.994061572766775,-0.14530203866127167,,,22.0224761090973,24.214186,1.180499
1376,4.4,true_threat,ADA,rear_centre,126,vehicle.nissan.patrol_2021,follower,-5,centre,1,[1],238.049725951031,-205.25021030341006,17.04291237596868,-0.44319155520400155,occluder,23.81451979015567,17.062000100373805,20.0,1.144071
1376,4.4,true_threat,ADA,follower_1,127,vehicle.tesla.model3,follower,-4,left,0,[0],277.51371373429413,-201.7503124040956,30.72736149738843,-0.12916628723011023,ego,24.733967940227956,30.559355033357434,31.539545,0.850488
1376,4.4,true_threat,ADA,follower_2,128,vehicle.mercedes.coupe_2020,follower,-4,left,0,[0],235.48664264258204,-201.7516185286214,30.529794453598175,-0.14835923683067986,follower_1,37.28444379850237,30.49538350939243,31.206399,1.031856
1376,4.4,true_threat,ADA,follower_3,129,vehicle.nissan.patrol_2021,follower,-4,left,0,[0],197.5678471376431,-201.7499362402838,30.274451840722314,-0.15171032097415385,follower_2,32.78633577668489,30.226493892393748,30.370599,0.969922
1376,4.4,true_threat,ADA,follower_4,130,vehicle.tesla.model3,follower,-4,left,0,[0],162.7399946945489,-201.74971720678695,29.59873571722333,-0.044173887374007834,follower_3,29.615143256605776,29.568239046567157,30.246639,0.855866
1377,4.45,true_threat,ADA,occluder,121,vehicle.carlamotors.firetruck,occluder,-5,centre,1,[1],269.812333239749,-205.25513712540203,17.842982443798235,0.11943810053029628,latent_vehicle,32.77568723149922,17.84236681934243,18.168496,1.019807
1377,4.45,true_threat,ADA,lead_left,123,vehicle.audi.a2,leader,-4,left,0,[0],405.9960516395716,-201.75062556941492,22.58324354815517,-0.13359078278134007,,,22.61789948863127,25.388964,1.025168
1377,4.45,true_threat,ADA,lead_centre,124,vehicle.tesla.model3,leader,-5,centre,1,[1],388.6887726367048,-205.24972456455023,18.354127170605004,0.021019142914870222,,,18.368214535079613,19.353903,0.932058
1377,4.45,true_threat,ADA,lead_right,125,vehicle.audi.a2,leader,-6,right,2,[2],410.4350853923063,-208.7506375220525,21.98688039725827,-0.1436235081904996,,,22.01527077248548,24.214186,1.180499
1377,4.45,true_threat,ADA,rear_centre,126,vehicle.nissan.patrol_2021,follower,-5,centre,1,[1],238.90162419372217,-205.25020960352603,17.034792791320886,-0.16239169295545944,occluder,23.853643323035413,17.040841658779254,20.0,1.144071
1377,4.45,true_threat,ADA,follower_1,127,vehicle.tesla.model3,follower,-4,left,0,[0],279.0499076591342,-201.75027662758959,30.72108247509372,-0.12558042294197244,ego,24.649658594670697,30.53488471715458,31.539545,0.850488
1377,4.45,true_threat,ADA,follower_2,128,vehicle.mercedes.coupe_2020,follower,-4,left,0,[0],237.01282687004962,-201.75178453109675,30.521037469982836,-0.17513833907060386,follower_1,37.29436192232425,30.488096543690414,31.206399,1.031856
1377,4.45,true_threat,ADA,follower_3,129,vehicle.nissan.patrol_2021,follower,-4,left,0,[0],199.08130546810298,-201.74990821980717,30.265100122170715,-0.1870343673131206,follower_2,32.79906169451414,30.219054529290116,30.370599,0.969922
1377,4.45,true_threat,ADA,follower_4,130,vehicle.tesla.model3,follower,-4,left,0,[0],164.21988369102465,-201.7497006381658,29.59668151760149,-0.041083989457414136,follower_3,29.649048283929773,29.565976133981867,30.246639,0.855866
1378,4.5,true_threat,ADA,occluder,121,vehicle.carlamotors.firetruck,occluder,-5,centre,1,[1],270.7046367535266,-205.25512264164834,17.849261433050692,0.12557978642945364,latent_vehicle,33.22124442758309,17.848246672875035,18.168496,1.019807
1378,4.5,true_threat,ADA,lead_left,123,vehicle.audi.a2,leader,-4,left,0,[0],407.1250189943752,-201.75063716159744,22.576722319125494,-0.13042458022814693,,,22.61127548164167,25.388964,1.025168
1378,4.5,true_threat,ADA,lead_centre,124,vehicle.tesla.model3,leader,-5,centre,1,[1],389.60655833193937,-205.2497166465853,18.355128539632524,0.02002738090370678,,,18.36925083719892,19.353903,0.932058
1378,4.5,true_threat,ADA,lead_right,125,vehicle.audi.a2,leader,-6,right,2,[2],411.5342065210026,-208.75055248445835,21.97985372049176,-0.14053353427102758,,,22.008148613853873,24.214186,1.180499
1378,4.5,true_threat,ADA,rear_centre,126,vehicle.nissan.patrol_2021,follower,-5,centre,1,[1],239.7526679442756,-205.25020919514378,17.012040027406304,-0.455055278292503,occluder,23.893773935934647,17.033244658997276,20.0,1.144071
1378,4.5,true_threat,ADA,follower_1,127,vehicle.tesla.model3,follower,-4,left,0,[0],280.58576589063443,-201.75024096560213,30.714952229307546,-0.12260489636392614,ego,24.553478000405164,30.50845511574551,31.539545,0.850488
1378,4.5,true_threat,ADA,follower_2,128,vehicle.mercedes.coupe_2020,follower,-4,left,0,[0],238.53858385144832,-201.751950679323,30.511054066279574,-0.1996666068721908,follower_1,37.30437161969675,30.479525634770663,31.206399,1.031856
1378,4.5,true_threat,ADA,follower_3,129,vehicle.nissan.patrol_2021,follower,-4,left,0,[0],200.5942144821886,-201.74988038672453,30.254117622726724,-0.21964998321130594,follower_2,32.81178759152182,30.209885506581696,30.370599,0.969922
1378,4.5,true_threat,ADA,follower_4,130,vehicle.tesla.model3,follower,-4,left,0,[0],165.69965061719498,-201.74968411118772,29.594766554892193,-0.03829924994026011,follower_3,29.68261761791392,29.563804484641956,30.246639,0.855866
1379,4.55,true_threat,ADA,occluder,121,vehicle.carlamotors.firetruck,occluder,-5,centre,1,[1],271.59727596064397,-205.25510804337608,17.85583034040222,0.13137814786829904,latent_vehicle,33.668176184717524,17.854428297690056,18.168496,1.019807
1379,4.55,true_threat,ADA,lead_left,123,vehicle.audi.a2,leader,-4,left,0,[0],408.2536201330572,-201.75063361992108,22.570420434641246,-0.12603768941656943,,,22.604808421108878,25.388964,1.025168
1379,4.55,true_threat,ADA,lead_centre,124,vehicle.tesla.model3,leader,-5,centre,1,[1],390.5242829868158,-205.2496934906538,18.356070780488512,0.018844817764508213,,,18.37023824033612,19.353903,0.932058
1379,4.55,true_threat,ADA,lead_right,125,vehicle.audi.a2,leader,-6,right,2,[2],412.63296144398817,-208.75048283058172,21.973042579059992,-0.1362228288449235,,,22.00117962830418,24.214186,1.180499
1379,4.55,true_threat,ADA,rear_centre,126,vehicle.nissan.patrol_2021,follower,-5,centre,1,[1],240.60300979057297,-205.2502090262094,17.003783113861264,-0.1651382708992525,occluder,23.935033699158808,17.01151010076524,20.0,1.144071
1379,4.55,true_threat,ADA,follower_1,127,vehicle.tesla.model3,follower,-4,left,0,[0],282.12131894637116,-201.75020540772246,30.70893642827309,-0.1203160074340242,ego,24.445365080635597,30.48164106862009,31.539545,0.850488
1379,4.55,true_threat,ADA,follower_2,128,vehicle.mercedes.coupe_2020,follower,-4,left,0,[0],240.0638220184329,-201.75207122816792,30.499954876120267,-0.22198225373901806,follower_1,37.314472869798294,30.469778036162683,31.206399,1.031856
1379,4.55,true_threat,ADA,follower_3,129,vehicle.nissan.patrol_2021,follower,-4,left,0,[0],202.10651314474723,-201.74985276185745,30.241624504804346,-0.24986235087259479,follower_2,32.8246355588349,30.199120042974048,30.370599,0.969922
1379,4.55,true_threat,ADA,follower_4,130,vehicle.tesla.model3,follower,-4,left,0,[0],167.1793565082126,-201.74966760503122,29.592992735188993,-0.035476391245495335,follower_3,29.7157597058292,29.561713435416873,30.246639,0.855866
1380,4.6,true_threat,ADA,occluder,121,vehicle.carlamotors.firetruck,occluder,-5,centre,1,[1],272.49025086110123,-205.25509333058528,17.862671999647386,0.13683318524189764,latent_vehicle,34.116238403934915,17.860894798983136,18.168496,1.019807
1380,4.6,true_threat,ADA,lead_left,123,vehicle.audi.a2,leader,-4,left,0,[0],409.38197713633383,-201.75064542031913,22.564383671624597,-0.12073525988473725,,,22.598558838560557,25.388964,1.025168
1380,4.6,true_threat,ADA,lead_centre,124,vehicle.tesla.model3,leader,-5,centre,1,[1],391.442068676845,-205.24967031390074,18.35695771070067,0.01773860534725766,,,18.371167337862943,19.353903,0.932058
1380,4.6,true_threat,ADA,lead_right,125,vehicle.audi.a2,leader,-6,right,2,[2],413.73141118600483,-208.75039802202468,21.966496562521254,-0.1309203316341216,,,21.994424355691894,24.214186,1.180499
1380,4.6,true_threat,ADA,rear_centre,126,vehicle.nissan.patrol_2021,follower,-5,centre,1,[1],241.4524971447326,-205.2502091487768,16.98096550017355,-0.45635227374876186,occluder,23.977331059978823,17.003785647670036,20.0,1.144071
1380,4.6,true_threat,ADA,follower_1,127,vehicle.tesla.model3,follower,-4,left,0,[0],283.65659734392074,-201.75016994353976,30.702995017941653,-0.11882819575008548,ego,24.326754156244974,30.455822579637136,31.539545,0.850488
1380,4.6,true_threat,ADA,follower_2,128,vehicle.mercedes.coupe_2020,follower,-4,left,0,[0],241.58841930069798,-201.75214621927464,30.48786006954583,-0.2418945599236137,follower_1,37.32478775855044,30.458959340141583,31.206399,1.031856
1380,4.6,true_threat,ADA,follower_3,129,vehicle.nissan.patrol_2021,follower,-4,left,0,[0],203.61814042062616,-201.7498253660275,30.22775809763072,-0.277328133861859,follower_2,32.837575063260864,30.18687620092852,30.370599,0.969922
1380,4.6,true_threat,ADA,follower_4,130,vehicle.tesla.model3,follower,-4,left,0,[0],168.65894032892487,-201.74965114051784,29.5913505230176,-0.03284423940012867,follower_3,29.74835247737017,29.559708059389287,30.246639,0.855866
1381,4.65,true_threat,ADA,occluder,121,vehicle.carlamotors.firetruck,occluder,-5,centre,1,[1],273.3836224952564,-205.25509374124252,17.869771151941286,0.14198304575914436,latent_vehicle,34.56518696024057,17.867629282351103,18.168496,1.019807
1381,4.65,true_threat,ADA,lead_left,123,vehicle.audi.a2,leader,-4,left,0,[0],410.51002896384693,-201.75065732482497,22.55866734380103,-0.11432655607911471,,,22.592572136060614,25.388964,1.025168
1381,4.65,true_threat,ADA,lead_centre,124,vehicle.tesla.model3,leader,-5,centre,1,[1],392.3599764371796,-205.24964709550454,18.35778551355133,0.016556058360473053,,,18.37204189442538,19.353903,0.932058
1381,4.65,true_threat,ADA,lead_right,125,vehicle.audi.a2,leader,-6,right,2,[2],414.82949471710526,-208.750313338397,21.960276707901883,-0.12439709359477853,,,21.987931984331215,24.214186,1.180499
1381,4.65,true_threat,ADA,rear_centre,126,vehicle.nissan.patrol_2021,follower,-5,centre,1,[1],242.30134363499423,-205.25022474875874,16.973067168204334,-0.15796663938803884,occluder,24.020818606276478,16.98198225023219,20.0,1.144071
1381,4.65,true_threat,ADA,follower_1,127,vehicle.tesla.model3,follower,-4,left,0,[0],285.19157056570685,-201.75013458346487,30.697063149306324,-0.11863736605281344,ego,24.19761468363005,30.425864863013686,31.539545,0.850488
1381,4.65,true_threat,ADA,follower_2,128,vehicle.mercedes.coupe_2020,follower,-4,left,0,[0],243.11243674380702,-201.75220614939798,30.47488599999476,-0.2594798551792217,follower_1,37.33546887383497,30.44718423415346,31.206399,1.031856
1381,4.65,true_threat,ADA,follower_3,129,vehicle.nissan.patrol_2021,follower,-4,left,0,[0],205.12903527467273,-201.7497982200562,30.212648100665753,-0.302199927782309,follower_2,32.850545069647,30.173288628766837,30.370599,0.969922
1381,4.65,true_threat,ADA,follower_4,130,vehicle.tesla.model3,follower,-4,left,0,[0],170.13843259690805,-201.7496347072368,29.589839917115818,-0.030212115355271386,follower_3,29.780395932536862,29.557783263754956,30.246639,0.855866
1382,4.7,true_threat,ADA,occluder,121,vehicle.carlamotors.firetruck,occluder,-5,centre,1,[1],274.27732981754605,-205.25507877859306,17.877110630237752,0.14678956578663246,latent_vehicle,35.01471672471952,17.874616729355747,18.168496,1.019807
1382,4.7,true_threat,ADA,lead_left,123,vehicle.audi.a2,leader,-4,left,0,[0],411.63777561039115,-201.7506540746504,22.55330578235239,-0.10723122852658598,,,22.58690317448807,25.388964,1.025168
1382,4.7,true_threat,ADA,lead_centre,124,vehicle.tesla.model3,leader,-5,centre,1,[1],393.27794523266687,-205.2496238562868,18.358556097715844,0.015411684989477703,,,18.372858146899613,19.353903,0.932058
1382,4.7,true_threat,ADA,lead_right,125,vehicle.audi.a2,leader,-6,right,2,[2],415.92733412321104,-208.75027451442006,21.954417346898286,-0.11718722041395321,,,21.98176305754993,24.214186,1.180499
1382,4.7,true_threat,ADA,rear_centre,126,vehicle.nissan.patrol_2021,follower,-5,centre,1,[1],243.1493051103364,-205.25022539186503,16.95067489231895,-0.4478455177449656,occluder,24.06534375017003,16.974607491530826,20.0,1.144071
1382,4.7,true_threat,ADA,follower_1,127,vehicle.tesla.model3,follower,-4,left,0,[0],286.72623861172946,-201.75009932749774,30.691079786672123,-0.11966724881265173,ego,24.051873597427274,30.397063149306323,31.539545,0.850488
1382,4.7,true_threat,ADA,follower_2,128,vehicle.mercedes.coupe_2020,follower,-4,left,0,[0],244.63578277420947,-201.75219001461755,30.461149018474494,-0.27473817824431396,follower_1,37.346424652512,30.43456248237641,31.206399,1.031856
1382,4.7,true_threat,ADA,follower_3,129,vehicle.nissan.patrol_2021,follower,-4,left,0,[0],206.63919770688688,-201.74977132394355,30.196439471863,-0.3241725630189233,follower_2,32.8636676587095,30.158485188955115,30.370599,0.969922
1382,4.7,true_threat,ADA,follower_4,130,vehicle.tesla.model3,follower,-4,left,0,[0],171.61789434731492,-201.7496182843665,29.58845901139209,-0.027618110673423044,follower_3,29.811798518600227,29.555942529227398,30.246639,0.855866
1383,4.75,true_threat,ADA,occluder,121,vehicle.carlamotors.firetruck,occluder,-5,centre,1,[1],275.17137283317555,-205.25506370142503,17.884669455489,0.15117650407437835,latent_vehicle,35.46482771298794,17.88184024821205,18.168496,1.019807
1383,4.75,true_threat,ADA,lead_left,123,vehicle.audi.a2,leader,-4,left,0,[0],412.76527812152995,-201.75066616655022,22.548344764503867,-0.0992203565702982,,,22.581586006936405,25.388964,1.025168
1383,4.75,true_threat,ADA,lead_centre,124,vehicle.tesla.model3,leader,-5,centre,1,[1],394.195914038565,-205.2496311346454,18.359271370155298,0.01430545076391192,,,18.373617977658686,19.353903,0.932058
1383,4.75,true_threat,ADA,lead_right,125,vehicle.audi.a2,leader,-6,right,2,[2],417.0249294043222,-208.75028155009383,21.94896616197316,-0.10902369668099396,,,21.975951633114494,24.214186,1.180499
1383,4.75,true_threat,ADA,rear_centre,126,vehicle.nissan.patrol_2021,follower,-5,centre,1,[1],243.99665623415154,-205.25022624318686,16.943579553234787,-0.14190678165631557,occluder,24.111089597117513,16.953207301460484,20.0,1.144071
1383,4.75,true_threat,ADA,follower_1,127,vehicle.tesla.model3,follower,-4,left,0,[0],288.2606319995649,-201.7500641652276,30.684974358379304,-0.12210856407579974,ego,23.888798434161103,30.391079786672123,31.539545,0.850488
1383,4.75,true_threat,ADA,follower_2,128,vehicle.mercedes.coupe_2020,follower,-4,left,0,[0],246.1583963723687,-201.75214361211943,30.44677310531046,-0.28751694267099165,follower_1,37.357746668132165,30.421204447004083,31.206399,1.031856
1383,4.75,true_threat,ADA,follower_3,129,vehicle.nissan.patrol_2021,follower,-4,left,0,[0],208.14853615412886,-201.74971419134556,30.17927335518301,-0.34332231905721455,follower_2,32.876851256897766,30.142607582795236,30.370599,0.969922
1383,4.75,true_threat,ADA,follower_4,130,vehicle.tesla.model3,follower,-4,left,0,[0],173.09729506256906,-201.7496018823178,29.587194453132835,-0.025291162658072474,follower_3,29.842499200407552,29.554188045805628,30.246639,0.855866
1384,4.8,true_threat,ADA,occluder,121,vehicle.carlamotors.firetruck,occluder,-5,centre,1,[1],276.0658430948739,-205.25504847850613,17.892432367823574,0.155258245436136,latent_vehicle,35.915214764898465,17.889279195290722,18.168496,1.019807
1384,4.8,true_threat,ADA,lead_left,123,vehicle.audi.a2,leader,-4,left,0,[0],413.89253648685263,-201.7506630829481,22.543807177646784,-0.0907517367067444,,,22.576666038279516,25.388964,1.025168
1384,4.8,true_threat,ADA,lead_centre,124,vehicle.tesla.model3,leader,-5,centre,1,[1],395.11388286528455,-205.24969944815672,18.35993323393609,0.013237277380629757,,,18.374323267349027,19.353903,0.932058
1384,4.8,true_threat,ADA,lead_right,125,vehicle.audi.a2,leader,-6,right,2,[2],418.1222195148753,-208.7503039486636,21.943944131108434,-0.10044061281859094,,,21.970545010939684,24.214186,1.180499
1384,4.8,true_threat,ADA,rear_centre,126,vehicle.nissan.patrol_2021,follower,-5,centre,1,[1],244.8431833834053,-205.2502273755997,16.922049399380253,-0.4306030770623996,occluder,24.157781488931832,16.946610548346136,20.0,1.144071
1384,4.8,true_threat,ADA,follower_1,127,vehicle.tesla.model3,follower,-4,left,0,[0],289.79468969406054,-201.75002911747603,30.67869536645125,-0.12557983857509114,ego,23.709640445694205,30.384974358379303,31.539545,0.850488
1384,4.8,true_threat,ADA,follower_2,128,vehicle.mercedes.coupe_2020,follower,-4,left,0,[0],247.68030807147736,-201.75211270785738,30.431880330901794,-0.297854329653415,follower_1,37.36952645780838,30.407227642405964,31.206399,1.031856
1384,4.8,true_threat,ADA,follower_3,129,vehicle.nissan.patrol_2021,follower,-4,left,0,[0],209.65689804933842,-201.7496879094688,30.16129470957615,-0.35957289590852815,follower_2,32.890126407815075,30.1257945468456,30.370599,0.969922
1384,4.8,true_threat,ADA,follower_4,130,vehicle.tesla.model3,follower,-4,left,0,[0],174.57660422509417,-201.7495855115014,29.586044336239326,-0.023002334313305964,follower_3,29.87243693239536,29.552510931556643,30.246639,0.855866
1385,4.8500000000000005,true_threat,ADA,occluder,121,vehicle.carlamotors.firetruck,occluder,-5,centre,1,[1],276.96067956748846,-205.25503313065786,17.900376479021762,0.15888222244115113,latent_vehicle,36.36560324829094,17.896918553518745,18.168496,1.019807
1385,4.8500000000000005,true_threat,ADA,lead_left,123,vehicle.audi.a2,leader,-4,left,0,[0],415.0196117519225,-201.75067532059882,22.539725447547305,-0.08163460160865119,,,22.57216597328152,25.388964,1.025168
1385,4.8500000000000005,true_threat,ADA,lead_centre,124,vehicle.tesla.model3,leader,-5,centre,1,[1],396.0318516972095,-205.2497830204562,18.36054740744035,0.012283471119601862,,,18.374975892742928,19.353903,0.932058
1385,4.8500000000000005,true_threat,ADA,lead_right,125,vehicle.audi.a2,leader,-6,right,2,[2],419.2192654796122,-208.7503111717314,21.939393216205254,-0.09101829074803303,,,21.965564005170975,24.214186,1.180499
1385,4.8500000000000005,true_threat,ADA,rear_centre,126,vehicle.nissan.patrol_2021,follower,-5,centre,1,[1],245.689100181132,-205.2502287162281,16.91614233893847,-0.1181412087974743,occluder,24.205724601376474,16.926035065753833,20.0,1.144071
1385,4.8500000000000005,true_threat,ADA,follower_1,127,vehicle.tesla.model3,follower,-4,left,0,[0],291.32838117764,-201.7499941946538,30.672204662249296,-0.12981408417487345,ego,23.515040475103035,30.37869536645125,31.539545,0.850488
1385,4.8500000000000005,true_threat,ADA,follower_2,128,vehicle.mercedes.coupe_2020,follower,-4,left,0,[0],249.20139576479224,-201.7519905319573,30.416587042037854,-0.3058647960771043,follower_1,37.381672453195364,30.39274786818945,31.206399,1.031856
1385,4.8500000000000005,true_threat,ADA,follower_3,129,vehicle.nissan.patrol_2021,follower,-4,left,0,[0],211.16437493483386,-201.7496619295046,30.14264277028856,-0.37303876877199,follower_2,32.90367621171413,30.10818891738681,30.370599,0.969922
1385,4.8500000000000005,true_threat,ADA,follower_4,130,vehicle.tesla.model3,follower,-4,left,0,[0],176.05591338761926,-201.749569140685,29.58500103007537,-0.02086612091685293,follower_3,29.901489665079836,29.550913217950217,30.246639,0.855866
1386,4.9,true_threat,ADA,occluder,121,vehicle.carlamotors.firetruck,occluder,-5,centre,1,[1],277.85594329137734,-205.2550328958469,17.908492252318087,0.16231546416913317,latent_vehicle,36.815840575283616,17.904735805084666,18.168496,1.019807
1386,4.9,true_threat,ADA,lead_left,123,vehicle.audi.a2,leader,-4,left,0,[0],416.1465649466871,-201.75068759989264,22.536112924823907,-0.07225045405518414,,,22.56811797615448,25.388964,1.025168
1386,4.9,true_threat,ADA,lead_centre,124,vehicle.tesla.model3,leader,-5,centre,1,[1],396.9498205291345,-205.24986659275567,18.36111388860168,0.011329623054227946,,,18.37558149263405,19.353903,0.932058
1386,4.9,true_threat,ADA,lead_right,125,vehicle.audi.a2,leader,-6,right,2,[2],420.31612834409646,-208.750333716052,21.93532486095204,-0.08136709539286549,,,21.96105024248657,24.214186,1.180499
1386,4.9,true_threat,ADA,rear_centre,126,vehicle.nissan.patrol_2021,follower,-5,centre,1,[1],246.5343150798081,-205.25024555509256,16.89585005445357,-0.40584568965285056,occluder,24.254644276264287,16.920588867765016,20.0,1.144071
1386,4.9,true_threat,ADA,follower_1,127,vehicle.tesla.model3,follower,-4,left,0,[0],292.8617980030323,-201.74995936552855,30.6654946167963,-0.13420090858165284,ego,23.3054868036091,30.372204662249295,31.539545,0.850488
1386,4.9,true_threat,ADA,follower_2,128,vehicle.mercedes.coupe_2020,follower,-4,left,0,[0],250.72175103106935,-201.75185334712768,30.401013401133692,-0.31147202720089767,follower_1,37.39427624345991,30.377876284166476,31.206399,1.031856
1386,4.9,true_threat,ADA,follower_3,129,vehicle.nissan.patrol_2021,follower,-4,left,0,[0],212.67099732819153,-201.74963624104217,30.123460588750948,-0.3836436129149705,follower_2,32.91728701953357,30.08992656299852,30.370599,0.969922
1386,4.9,true_threat,ADA,follower_4,130,vehicle.tesla.model3,follower,-4,left,0,[0],177.5351005058659,-201.7496291054526,29.58405118445019,-0.01899690918088136,follower_3,29.92965738805018,29.54939165075579,30.246639,0.855866
1387,4.95,true_threat,ADA,occluder,121,vehicle.carlamotors.firetruck,occluder,-5,centre,1,[1],278.75163425612965,-205.25501725649687,17.916762520675306,0.16540536530688385,latent_vehicle,37.26559106815279,17.91272156314158,18.168496,1.019807
1387,4.95,true_threat,ADA,lead_left,123,vehicle.audi.a2,leader,-4,left,0,[0],417.27327399563546,-201.75068470368453,22.53298677640047,-0.06252296809981012,,,22.56453529341169,25.388964,1.025168
1387,4.95,true_threat,ADA,lead_centre,124,vehicle.tesla.model3,leader,-5,centre,1,[1],397.86791142615954,-205.24993486462387,18.36163077261111,0.01033767901801058,,,18.376140065185226,19.353903,0.932058
1387,4.95,true_threat,ADA,lead_right,125,vehicle.audi.a2,leader,-6,right,2,[2],421.41280810312253,-208.75035632283732,21.93175432356631,-0.07141073663956757,,,21.957015080422448,24.214186,1.180499
1387,4.95,true_threat,ADA,rear_centre,126,vehicle.nissan.patrol_2021,follower,-5,centre,1,[1],247.3789501393282,-205.2502473329736,16.89145552075921,-0.08789067380978496,occluder,24.304693101477042,16.901201842125804,20.0,1.144071
1387,4.95,true_threat,ADA,follower_1,127,vehicle.tesla.model3,follower,-4,left,0,[0],294.3948791350847,-201.74992465092186,30.658548063578415,-0.13893106264833374,ego,23.081193054246896,30.365494616796298,31.539545,0.850488
1387,4.95,true_threat,ADA,follower_2,128,vehicle.mercedes.coupe_2020,follower,-4,left,0,[0],252.2413128455667,-201.75173169176645,30.385273847097263,-0.3147904760609569,follower_1,37.407337802575114,30.36272836671627,31.206399,1.031856
1387,4.95,true_threat,ADA,follower_3,129,vehicle.nissan.patrol_2021,follower,-4,left,0,[0],214.17667367668236,-201.74961087531386,30.103885493609383,-0.3915018845775075,follower_2,32.931019892453,30.071148062837675,30.370599,0.969922
1387,4.95,true_threat,ADA,follower_4,130,vehicle.tesla.model3,follower,-4,left,0,[0],179.0143181520997,-201.74971957738578,29.583192888180633,-0.017165923549182432,follower_3,29.95709266316119,29.547938128273476,30.246639,0.855866
1388,5.0,true_threat,ADA,occluder,121,vehicle.carlamotors.firetruck,occluder,-5,centre,1,[1],279.6477219493745,-205.25500148180674,17.925170119349215,0.1681519715001734,latent_vehicle,37.71485474772,17.9208589399393,18.168496,1.019807
1388,5.0,true_threat,ADA,lead_left,123,vehicle.audi.a2,leader,-4,left,0,[0],418.3997999443311,-201.75069712872923,22.530362260979103,-0.05249030808721939,,,22.561434955864655,25.388964,1.025168
1388,5.0,true_threat,ADA,lead_centre,124,vehicle.tesla.model3,leader,-5,centre,1,[1],398.7860633583373,-205.25000311567052,18.362105687594813,0.009498297901516723,,,18.376649732368726,19.353903,0.932058
1388,5.0,true_threat,ADA,lead_right,125,vehicle.audi.a2,leader,-6,right,2,[2],422.50930475148516,-208.7503637332991,21.928698768671204,-0.06111108710920731,,,21.953473659380204,24.214186,1.180499
1388,5.0,true_threat,ADA,rear_centre,126,vehicle.nissan.patrol_2021,follower,-5,centre,1,[1],248.22297484732127,-205.25024931907024,16.872710095507898,-0.3749085049566696,occluder,24.355749006709317,16.897220527523054,20.0,1.144071
1388,5.0,true_threat,ADA,follower_1,127,vehicle.tesla.model3,follower,-4,left,0,[0],295.9275635386446,-201.74989007165527,30.65137263199897,-0.143508628166539,ego,22.84237284484543,30.358548063578414,31.539545,0.850488
1388,5.0,true_threat,ADA,follower_2,128,vehicle.mercedes.coupe_2020,follower,-4,left,0,[0],253.7601117206554,-201.7516102966747,30.369477095998636,-0.3159345863923186,follower_1,37.420857120130165,30.347413900512194,31.206399,1.031856
1388,5.0,true_threat,ADA,follower_3,129,vehicle.nissan.patrol_2021,follower,-4,left,0,[0],215.68131242757732,-201.74958586355197,30.084056721581593,-0.3965754218036572,follower_2,32.94490535845955,30.051988262143052,30.370599,0.969922
1388,5.0,true_threat,ADA,follower_4,130,vehicle.tesla.model3,follower,-4,left,0,[0],180.49341372282268,-201.74979483217388,29.5824089752844,-0.015678256984869642,follower_3,29.983551365418258,29.546554248140957,30.246639,0.855866
1389,5.05,true_threat,ADA,occluder,121,vehicle.carlamotors.firetruck,occluder,-5,centre,1,[1],280.54423688868826,-205.25498556136571,17.933701695874888,0.1706315282045958,latent_vehicle,38.16326535101524,17.929131048014906,18.168496,1.019807
1389,5.05,true_threat,ADA,lead_left,123,vehicle.audi.a2,leader,-4,left,0,[0],419.52626485266865,-201.75069431580732,22.528239377826093,-0.042457662682083216,,,22.558832101320068,25.388964,1.025168
1389,5.05,true_threat,ADA,lead_centre,124,vehicle.tesla.model3,leader,-5,centre,1,[1],399.7042152592826,-205.2499798139881,18.362538635919773,0.0086589651713954,,,18.377118015968183,19.353903,0.932058
1389,5.05,true_threat,ADA,lead_right,125,vehicle.audi.a2,leader,-6,right,2,[2],423.60561829959505,-208.75038646501375,21.926162011973616,-0.05073512356188672,,,21.950443010057334,24.214186,1.180499
1389,5.05,true_threat,ADA,rear_centre,126,vehicle.nissan.patrol_2021,follower,-5,centre,1,[1],249.0665723092455,-205.25025145091772,16.870072230352214,-0.05275730304265887,occluder,24.407811991961097,16.879322270012224,20.0,1.144071
1389,5.05,true_threat,ADA,follower_1,127,vehicle.tesla.model3,follower,-4,left,0,[0],297.45991224886467,-201.74985560690726,30.643979765298752,-0.14785732876732957,ego,22.58911772813383,30.35137263199897,31.539545,0.850488
1389,5.05,true_threat,ADA,follower_2,128,vehicle.mercedes.coupe_2020,follower,-4,left,0,[0],255.2781171023213,-201.7513823607459,30.35373377163362,-0.3148661976888325,follower_1,37.4347426486014,30.332037644186883,31.206399,1.031856
1389,5.05,true_threat,ADA,follower_3,129,vehicle.nissan.patrol_2021,follower,-4,left,0,[0],217.18482202814738,-201.74956123698888,30.064105879270848,-0.39901682741565436,follower_2,32.959065482653266,30.032583966184177,30.370599,0.969922
1389,5.05,true_threat,ADA,follower_4,130,vehicle.tesla.model3,follower,-4,left,0,[0],181.972539811122,-201.7498700765512,29.58169372368224,-0.014305031638922739,follower_3,30.00909454559023,29.54522803962266,30.246639,0.855866
1390,5.1000000000000005,true_threat,ADA,occluder,121,vehicle.carlamotors.firetruck,occluder,-5,centre,1,[1],281.44114855649457,-205.2549695055846,17.942336270379027,0.17269148782476387,latent_vehicle,38.61076181165342,17.937524752694312,18.168496,1.019807
1390,5.1000000000000005,true_threat,ADA,lead_left,123,vehicle.audi.a2,leader,-4,left,0,[0],420.6526076959062,-201.75070680331672,22.526614313049127,-0.03250129520096038,,,22.556726733392335,25.388964,1.025168
1390,5.1000000000000005,true_threat,ADA,lead_centre,124,vehicle.tesla.model3,leader,-5,centre,1,[1],400.622367160228,-205.2499565123057,18.36293343900029,0.007896061739562388,,,18.377544918453925,19.353903,0.932058
1390,5.1000000000000005,true_threat,ADA,lead_right,125,vehicle.audi.a2,leader,-6,right,2,[2],424.70193184249956,-208.7503939379402,21.924145958470724,-0.04032106196267171,,,21.94792692234321,24.214186,1.180499
1390,5.1000000000000005,true_threat,ADA,rear_centre,126,vehicle.nissan.patrol_2021,follower,-5,centre,1,[1],249.9095289020663,-205.25025380139155,16.853110176408997,-0.3392410787926262,occluder,24.460729469350653,16.87704272176929,20.0,1.144071
1390,5.1000000000000005,true_threat,ADA,follower_1,127,vehicle.tesla.model3,follower,-4,left,0,[0],298.9918642305922,-201.74982127749934,30.636394258680127,-0.15171012528323474,ego,22.321580286788347,30.34397976529875,31.539545,0.850488
1390,5.1000000000000005,true_threat,ADA,follower_2,128,vehicle.mercedes.coupe_2020,follower,-4,left,0,[0],256.795329027002,-201.75115469549735,30.33814496262617,-0.31177601329054977,follower_1,37.44908597715559,30.316706785367753,31.206399,1.031856
1390,5.1000000000000005,true_threat,ADA,follower_3,129,vehicle.nissan.patrol_2021,follower,-4,left,0,[0],218.68738558385058,-201.74953693315987,30.044164573628237,-0.39882609418870874,follower_2,32.973561263749104,30.013064572239756,30.370599,0.969922
1390,5.1000000000000005,true_threat,ADA,follower_4,130,vehicle.tesla.model3,follower,-4,left,0,[0],183.45160486947404,-201.74996060053826,29.581033781172113,-0.013198850179657131,follower_3,30.033478057860933,29.543957418398705,30.246639,0.855866
1391,5.15,true_threat,ADA,occluder,121,vehicle.carlamotors.firetruck,occluder,-5,centre,1,[1],282.3385485107279,-205.25496854201918,17.95106049024237,0.17448439463711965,latent_vehicle,39.057160998149556,17.946019418374913,18.168496,1.019807
1391,5.15,true_threat,ADA,lead_left,123,vehicle.audi.a2,leader,-4,left,0,[0],421.77901157950186,-201.75073452879272,22.525481343803225,-0.022659384543024387,,,22.555115073156024,25.388964,1.025168
1391,5.15,true_threat,ADA,lead_centre,124,vehicle.tesla.model3,leader,-5,centre,1,[1],401.54058009632604,-205.24993318980174,18.36329391205656,0.007209462570129509,,,18.37793420799573,19.353903,0.932058
1391,5.15,true_threat,ADA,lead_right,125,vehicle.audi.a2,leader,-6,right,2,[2],425.79800124999866,-208.75041675294105,21.922639165377458,-0.03013585545866345,,,21.94592729012343,24.214186,1.180499
1391,5.15,true_threat,ADA,rear_centre,126,vehicle.nissan.patrol_2021,follower,-5,centre,1,[1],250.75214980675275,-205.2502715251721,16.852408269561003,-0.014038136853590205,occluder,24.514684544336106,16.860863877927223,20.0,1.144071
1391,5.15,true_threat,ADA,follower_1,127,vehicle.tesla.model3,follower,-4,left,0,[0],300.52348051377453,-201.7497718038218,30.628621833837087,-0.15544848802889025,ego,22.039882575498297,30.336394258680127,31.539545,0.850488
1391,5.15,true_threat,ADA,follower_2,128,vehicle.mercedes.coupe_2020,follower,-4,left,0,[0],258.3117780174795,-201.75094254930642,30.32281557086431,-0.3065877572067487,follower_1,37.46382603420233,30.301519350139493,31.206399,1.031856
1391,5.15,true_threat,ADA,follower_3,129,vehicle.nissan.patrol_2021,follower,-4,left,0,[0],220.18894205953427,-201.74951297288655,30.024366319333918,-0.3959650672688881,follower_2,32.988209632726665,29.993558399345357,30.370599,0.969922
1391,5.15,true_threat,ADA,follower_4,130,vehicle.tesla.model3,follower,-4,left,0,[0],184.93060888746797,-201.7500358865587,29.58042342392956,-0.012207145729582532,follower_3,30.056976555212117,29.542734624011107,30.246639,0.855866
1392,5.2,true_threat,ADA,occluder,121,vehicle.carlamotors.firetruck,occluder,-5,centre,1,[1],283.2363451882483,-205.2549521843255,17.959861005169287,0.17601029612402389,latent_vehicle,39.50221871783887,17.954601911177672,18.168496,1.019807
1392,5.2,true_threat,ADA,lead_left,123,vehicle.audi.a2,leader,-4,left,0,[0],422.90523235243404,-201.7507470579452,22.524832840054188,-0.012970074511611706,,,22.553991447625943,25.388964,1.025168
1392,5.2,true_threat,ADA,lead_centre,124,vehicle.tesla.model3,leader,-5,centre,1,[1],402.45873199727146,-205.24990988811933,18.363621961044764,0.006560982148297611,,,18.378289646631366,19.353903,0.932058
1392,5.2,true_threat,ADA,lead_right,125,vehicle.audi.a2,leader,-6,right,2,[2],426.8941316926505,-208.75043954712035,21.921639723275998,-0.019988838222117045,,,21.944432767296238,24.214186,1.180499
1392,5.2,true_threat,ADA,rear_centre,126,vehicle.nissan.patrol_2021,follower,-5,centre,1,[1],251.59431294258854,-205.25027414632618,16.837397432026474,-0.30021675056901087,occluder,24.569463593882972,16.860461103700086,20.0,1.144071
1392,5.2,true_threat,ADA,follower_1,127,vehicle.tesla.model3,follower,-4,left,0,[0],302.0546695560933,-201.74973773468335,30.62066821292116,-0.159072407738822,ego,21.744055127456136,30.328621833837087,31.539545,0.850488
1392,5.2,true_threat,ADA,follower_2,128,vehicle.mercedes.coupe_2020,follower,-4,left,0,[0],259.82749458612454,-201.75073065297414,30.30783524026052,-0.2996065896519574,follower_1,37.47899332690717,30.28657681640132,31.206399,1.031856
1392,5.2,true_threat,ADA,follower_3,129,vehicle.nissan.patrol_2021,follower,-4,left,0,[0],221.6895219727748,-201.74948934575812,30.00482555685483,-0.39081523143061314,follower_2,33.00310214752043,29.97419664152912,30.370599,0.969922
1392,5.2,true_threat,ADA,follower_4,130,vehicle.tesla.model3,follower,-4,left,0,[0],186.4096129106673,-201.7501264313673,29.579847393460167,-0.011520609367783598,follower_3,30.079529012901872,29.54155837246981,30.246639,0.855866
1393,5.25,true_threat,ADA,occluder,121,vehicle.carlamotors.firetruck,occluder,-5,centre,1,[1],284.13463014699033,-205.25493566005937,17.968724462414194,0.17726914204929065,latent_vehicle,39.94581286397835,17.963259101406745,18.168496,1.019807
1393,5.25,true_threat,ADA,lead_left,123,vehicle.audi.a2,leader,-4,left,0,[0],424.03139208500806,-201.75074434913108,22.524655451116807,-0.0035477782356979747,,,22.5533482915207,25.388964,1.025168
1393,5.25,true_threat,ADA,lead_centre,124,vehicle.tesla.model3,leader,-5,centre,1,[1],403.3768839034222,-205.24990184522508,18.363921402754933,0.005988836608200198,,,18.37861311378064,19.353903,0.932058
1393,5.25,true_threat,ADA,lead_right,125,vehicle.audi.a2,leader,-6,right,2,[2],427.99020109494427,-208.75044710333304,21.92112855951655,-0.010223273159709131,,,21.943441462554706,24.214186,1.180499
1393,5.25,true_threat,ADA,rear_centre,126,vehicle.nissan.patrol_2021,follower,-5,centre,1,[1],252.43626245538988,-205.25027684035567,16.838736388024646,0.026779120073677064,occluder,24.625097135567614,16.846166020431337,20.0,1.144071
1393,5.25,true_threat,ADA,follower_1,127,vehicle.tesla.model3,follower,-4,left,0,[0],303.5854618699195,-201.749703800885,30.612541024563374,-0.1625437552598726,ego,21.43418948498018,30.32066821292116,31.539545,0.850488
1393,5.25,true_threat,ADA,follower_2,128,vehicle.mercedes.coupe_2020,follower,-4,left,0,[0],261.3424482101555,-201.75050375812313,30.29328789310887,-0.29094694370783114,follower_1,37.49446580058091,30.271965641901353,31.206399,1.031856
1393,5.25,true_threat,ADA,follower_3,129,vehicle.nissan.patrol_2021,follower,-4,left,0,[0],223.1891253235721,-201.74946605177456,29.9856605420857,-0.38330027756701335,follower_2,33.01823880292498,29.95509150427644,30.370599,0.969922
1393,5.25,true_threat,ADA,follower_4,130,vehicle.tesla.model3,follower,-4,left,0,[0],187.88861692345586,-201.75018645859956,29.57929233868692,-0.011101093866541937,follower_3,30.10110490294305,29.540417828359995,30.246639,0.855866
1394,5.3,true_threat,ADA,occluder,121,vehicle.carlamotors.firetruck,occluder,-5,centre,1,[1],285.0333118342249,-205.25491900045313,17.97763560447304,0.17822283868670605,latent_vehicle,40.387790796632245,17.971977857746786,18.168496,1.019807
1394,5.3,true_threat,ADA,lead_left,123,vehicle.audi.a2,leader,-4,left,0,[0],425.1575518227875,-201.7507568991051,22.524937734215616,0.005645662435721056,,,22.553172365274442,25.388964,1.025168
1394,5.3,true_threat,ADA,lead_centre,124,vehicle.tesla.model3,leader,-5,centre,1,[1],404.29503580436756,-205.24987854354268,18.36419795689812,0.005531085299185063,,,18.378908372993507,19.353903,0.932058
1394,5.3,true_threat,ADA,lead_right,125,vehicle.audi.a2,leader,-6,right,2,[2],429.08633153759604,-208.75046989751232,21.921096137355317,-0.0006484424928793281,,,21.942934460210473,24.214186,1.180499
1394,5.3,true_threat,ADA,rear_centre,126,vehicle.nissan.patrol_2021,follower,-5,centre,1,[1],253.27778472212233,-205.25027968013606,16.82576259944861,-0.2594757714089656,occluder,24.681432581508304,16.84774265430514,20.0,1.144071
1394,5.3,true_threat,ADA,follower_1,127,vehicle.tesla.model3,follower,-4,left,0,[0],305.11585745525326,-201.74967000242674,30.604251713101526,-0.1657862160005211,ego,21.11043823074678,30.312541024563373,31.539545,0.850488
1394,5.3,true_threat,ADA,follower_2,128,vehicle.mercedes.coupe_2020,follower,-4,left,0,[0],262.8566694123541,-201.75027711313078,30.279259359633755,-0.28057066322101537,follower_1,37.510304490376214,30.257767274526795,31.206399,1.031856
1394,5.3,true_threat,ADA,follower_3,129,vehicle.nissan.patrol_2021,follower,-4,left,0,[0],224.687813147079,-201.74944307011432,29.96697427144189,-0.3737253957330087,follower_2,33.03358907615859,29.936358587303157,30.370599,0.969922
1394,5.3,true_threat,ADA,follower_4,130,vehicle.tesla.model3,follower,-4,left,0,[0],189.36755987506479,-201.7501702127125,29.578756352956386,-0.01071971037013221,follower_3,30.121704240951836,29.539304291623324,30.246639,0.855866
1395,5.3500000000000005,true_threat,ADA,occluder,121,vehicle.carlamotors.firetruck,occluder,-5,centre,1,[1],285.9324818026811,-205.25490217427446,17.986577263782106,0.1788331831923127,latent_vehicle,40.828121935759654,17.9807431777666,18.168496,1.019807
1395,5.3500000000000005,true_threat,ADA,lead_left,123,vehicle.audi.a2,leader,-4,left,0,[0],426.28377259051433,-201.75075416946945,22.525654892187294,0.01434316001609131,,,22.553452320742938,25.388964,1.025168
1395,5.3500000000000005,true_threat,ADA,lead_centre,124,vehicle.tesla.model3,leader,-5,centre,1,[1],405.213187705313,-205.24985524186027,18.364451626970634,0.0050734024337523356,,,18.379181064143197,19.353903,0.932058
1395,5.3500000000000005,true_threat,ADA,lead_right,125,vehicle.audi.a2,leader,-6,right,2,[2],430.1824619750425,-208.75047743290347,21.921517661327837,0.008430479433193201,,,21.942902301990205,24.214186,1.180499
1395,5.3500000000000005,true_threat,ADA,rear_centre,126,vehicle.nissan.patrol_2021,follower,-5,centre,1,[1],254.11915440097303,-205.25028257197033,16.82917293650279,0.06820674120661552,occluder,24.738592002010407,16.835416495011977,20.0,1.144071
1395,5.3500000000000005,true_threat,ADA,follower_1,127,vehicle.tesla.model3,follower,-4,left,0,[0],306.6458257945181,-201.74963634971937,30.595792648428915,-0.1691812793382052,ego,20.772740340013996,30.304251713101525,31.539545,0.850488
1395,5.3500000000000005,true_threat,ADA,follower_2,128,vehicle.mercedes.coupe_2020,follower,-4,left,0,[0],264.370219227873,-201.75005069717557,30.26581830387101,-0.26882107601492555,follower_1,37.52647887351135,30.244064913449517,31.206399,1.031856
1395,5.3500000000000005,true_threat,ADA,follower_3,129,vehicle.nissan.patrol_2021,follower,-4,left,0,[0],226.1856465096804,-201.74951193268492,29.94887355641195,-0.362014284173693,follower_2,33.0491224548503,29.918098992637095,30.370599,0.969922
1395,5.3500000000000005,true_threat,ADA,follower_4,130,vehicle.tesla.model3,follower,-4,left,0,[0],190.846441791521,-201.750153987647,29.578218457524756,-0.010757901440070106,follower_3,30.14144911284979,29.538219932649632,30.246639,0.855866
1396,5.4,true_threat,ADA,occluder,121,vehicle.carlamotors.firetruck,occluder,-5,centre,1,[1],286.83204849962976,-205.25488521275565,17.995537997665544,0.17921467516093725,latent_vehicle,41.26656207307964,17.989538180778638,18.168496,1.019807
1396,5.4,true_threat,ADA,lead_left,123,vehicle.audi.a2,leader,-4,left,0,[0],427.41023750405725,-201.75076661533572,22.52678785239618,0.022659204779522008,,,22.554163564829786,25.388964,1.025168
1396,5.4,true_threat,ADA,lead_centre,124,vehicle.tesla.model3,leader,-5,centre,1,[1],406.131400641411,-205.24983191935632,18.36468813256511,0.0047301123389517676,,,18.3794311907205,19.353903,0.932058
1396,5.4,true_threat,ADA,lead_right,125,vehicle.audi.a2,leader,-6,right,2,[2],431.2785313825416,-208.7505002479043,21.922375965568847,0.01716608459171847,,,21.943320394346735,24.214186,1.180499
1396,5.4,true_threat,ADA,rear_centre,126,vehicle.nissan.patrol_2021,follower,-5,centre,1,[1],254.96031046199468,-205.2503007954682,16.818260992149813,-0.2182388869304627,occluder,24.796392291615874,16.839003259009576,20.0,1.144071
1396,5.4,true_threat,ADA,follower_1,127,vehicle.tesla.model3,follower,-4,left,0,[0],308.17533637013764,-201.74960285317368,30.58716192307465,-0.17261449226404146,ego,20.421278892212968,30.295792648428915,31.539545,0.850488
1396,5.4,true_threat,ADA,follower_2,128,vehicle.mercedes.coupe_2020,follower,-4,left,0,[0],265.8831281742885,-201.74982449984665,30.253035297815977,-0.25566002780526953,follower_1,37.54289739725729,30.230924606271618,31.206399,1.031856
1396,5.4,true_threat,ADA,follower_3,129,vehicle.nissan.patrol_2021,follower,-4,left,0,[0],227.682533827415,-201.74958111798964,29.931451854841892,-0.3484340171608922,follower_2,33.064838907767765,29.900417049218014,30.370599,0.969922
1396,5.4,true_threat,ADA,follower_4,130,vehicle.tesla.model3,follower,-4,left,0,[0],192.32535422555355,-201.7501377521707,29.577684374731195,-0.01068164560959187,follower_3,30.160400558994994,29.537148764187748,30.246639,0.855866
1397,5.45,true_threat,ADA,occluder,121,vehicle.carlamotors.firetruck,occluder,-5,centre,1,[1],287.7321034778,-205.25486808466442,18.004506359632163,0.1793672365881021,latent_vehicle,41.70317217607494,17.99835161851738,18.168496,1.019807
1397,5.45,true_threat,ADA,lead_left,123,vehicle.audi.a2,leader,-4,left,0,[0],428.53658034729483,-201.7507791028451,22.528308003890373,0.030403030587362365,,,22.55528718118142,25.388964,1.025168
1397,5.45,true_threat,ADA,lead_centre,124,vehicle.tesla.model3,leader,-5,centre,1,[1],407.0495525423564,-205.2498086176739,18.36491129046981,0.0044631581839244235,,,18.379664392456593,19.353903,0.932058
1397,5.45,true_threat,ADA,lead_right,125,vehicle.audi.a2,leader,-6,right,2,[2],432.3746007900407,-208.75052306290516,21.92364244010525,0.025329490706660386,,,21.944171710542705,24.214186,1.180499
1397,5.45,true_threat,ADA,rear_centre,126,vehicle.nissan.patrol_2021,follower,-5,centre,1,[1],255.8013749650819,-205.25030379141026,16.823702654122343,0.10883323967213002,occluder,24.854802927542906,16.82867150773228,20.0,1.144071
1397,5.45,true_threat,ADA,follower_1,127,vehicle.tesla.model3,follower,-4,left,0,[0],309.7044502172647,-201.7495694919681,30.578365258912438,-0.17593326792980743,ego,20.0561149485234,30.28716192307465,31.539545,0.850488
1397,5.45,true_threat,ADA,follower_2,128,vehicle.mercedes.coupe_2020,follower,-4,left,0,[0],267.3954267743825,-201.7496137695215,30.240969469344698,-0.2413164068418414,follower_1,37.559499026461324,30.218414471037924,31.206399,1.031856
1397,5.45,true_threat,ADA,follower_3,129,vehicle.nissan.patrol_2021,follower,-4,left,0,[0],229.17865820574087,-201.7496505635638,29.914793090497025,-0.333175274559158,follower_2,33.080860536448725,29.883404787720853,30.370599,0.969922
1397,5.45,true_threat,ADA,follower_4,130,vehicle.tesla.model3,follower,-4,left,0,[0],193.80423614200976,-201.75012152710522,29.577142661293706,-0.010834255975426576,follower_3,30.178375442697032,29.53609910396718,30.246639,0.855866
1398,5.5,true_threat,ADA,occluder,121,vehicle.carlamotors.firetruck,occluder,-5,centre,1,[1],288.6325857020392,-205.25485081082232,18.013470908980253,0.17929098448369038,latent_vehicle,42.13767755532599,18.00717223781459,18.168496,1.019807
1398,5.5,true_threat,ADA,lead_left,123,vehicle.audi.a2,leader,-4,left,0,[0],429.66304525563237,-201.75077628992318,22.530190551236913,0.037650947716101967,,,22.5567947933225,25.388964,1.025168
1398,5.5,true_threat,ADA,lead_centre,124,vehicle.tesla.model3,leader,-5,centre,1,[1],407.96770444850716,-205.24980057477967,18.365121100721403,0.004196204942572606,,,18.37988443284605,19.353903,0.932058
1398,5.5,true_threat,ADA,lead_right,125,vehicle.audi.a2,leader,-6,right,2,[2],433.4709753680979,-208.75053051501007,21.925288474236257,0.03292068314446671,,,21.945427872339817,24.214186,1.180499
1398,5.5,true_threat,ADA,rear_centre,126,vehicle.nissan.patrol_2021,follower,-5,centre,1,[1],256.64234791544004,-205.25030681858465,16.81479723951707,-0.1781082919200207,occluder,24.91379340262597,16.834230183733748,20.0,1.144071
1398,5.5,true_threat,ADA,follower_1,127,vehicle.tesla.model3,follower,-4,left,0,[0],311.2331063007465,-201.74953628692415,30.569416007229577,-0.1789850180534056,ego,19.677187463381728,30.278365258912437,31.539545,0.850488
1398,5.5,true_threat,ADA,follower_2,128,vehicle.mercedes.coupe_2020,follower,-4,left,0,[0],268.90714556655274,-201.74947953094195,30.22967040920892,-0.22598096301073908,follower_1,37.57631427349443,30.206591987249077,31.206399,1.031856
1398,5.5,true_threat,ADA,follower_3,129,vehicle.nissan.patrol_2021,follower,-4,left,0,[0],230.67392809713434,-201.74973555942788,29.898983093499513,-0.3161999299247267,follower_2,33.097034758216815,29.86714391260152,30.370599,0.969922
1398,5.5,true_threat,ADA,follower_4,130,vehicle.tesla.model3,follower,-4,left,0,[0],195.28305702331326,-201.75010532286126,29.576585688715273,-0.011139437271466275,follower_3,30.19561790456668,29.53506397983168,30.246639,0.855866
1399,5.55,true_threat,ADA,occluder,121,vehicle.carlamotors.firetruck,occluder,-5,centre,1,[1],289.53352568992364,-205.25483338081852,18.022416384271523,0.17890950271426784,latent_vehicle,42.57013915228852,18.015988794152037,18.168496,1.019807
1399,5.55,true_threat,ADA,lead_left,123,vehicle.audi.a2,leader,-4,left,0,[0],430.78963220304297,-201.75068188262912,22.532404978301887,0.04428854196911109,,,22.558661808483716,25.388964,1.025168
1399,5.55,true_threat,ADA,lead_centre,124,vehicle.tesla.model3,leader,-5,centre,1,[1],408.885978419758,-205.24977723145415,18.365325190161226,0.004081788581897667,,,18.38009131194542,19.353903,0.932058
1399,5.55,true_threat,ADA,lead_right,125,vehicle.audi.a2,leader,-6,right,2,[2],434.5672278810551,-208.75055326754625,21.927289274510585,0.04001600659029245,,,21.94706050035537,24.214186,1.180499
1399,5.55,true_threat,ADA,rear_centre,126,vehicle.nissan.patrol_2021,follower,-5,centre,1,[1],257.4833208657982,-205.25030984575903,16.822172953807915,0.14751428600448438,occluder,24.973302676506975,16.82584079096611,20.0,1.144071
1399,5.55,true_threat,ADA,follower_1,127,vehicle.tesla.model3,follower,-4,left,0,[0],312.7612741134175,-201.74953376602903,30.560314167879692,-0.18203677129423224,ego,19.284679547451532,30.269416007229577,31.539545,0.850488
1399,5.55,true_threat,ADA,follower_2,128,vehicle.mercedes.coupe_2020,follower,-4,left,0,[0],270.4183150527595,-201.74937599733278,30.21918961491273,-0.20961557001532988,follower_1,37.59325156480597,30.195505341201184,31.206399,1.031856
1399,5.55,true_threat,ADA,follower_3,129,vehicle.nissan.patrol_2021,follower,-4,left,0,[0],232.1684350439137,-201.74980555677325,29.88409052776465,-0.2978513073354358,follower_2,33.11348365899361,29.85171853942278,30.370599,0.969922
1399,5.55,true_threat,ADA,follower_4,130,vehicle.tesla.model3,follower,-4,left,0,[0],196.7618779046168,-201.75008911861732,29.57600392120731,-0.01163533555492868,follower_3,30.21206691465663,29.534039206166,30.246639,0.855866
1400,5.6000000000000005,true_threat,ADA,occluder,121,vehicle.carlamotors.firetruck,occluder,-5,centre,1,[1],290.4349539590296,-205.25481578424228,18.031325620960285,0.1781847313319821,latent_vehicle,43.00046535697422,18.02478628655694,18.168496,1.019807
1400,5.6000000000000005,true_threat,ADA,lead_left,123,vehicle.audi.a2,leader,-4,left,0,[0],431.9163412259644,-201.75060269248013,22.534905512059755,0.05001067521702893,,,22.560857960165265,25.388964,1.025168
1400,5.6000000000000005,true_threat,ADA,lead_centre,124,vehicle.tesla.model3,leader,-5,centre,1,[1],409.8043744613141,-205.24975384648553,18.365527376539546,0.00404372672582333,,,18.38029255005918,19.353903,0.932058
1400,5.6000000000000005,true_threat,ADA,lead_right,125,vehicle.audi.a2,leader,-6,right,2,[2],435.66366349426505,-208.7505606988296,21.929604785123168,0.04631021421216094,,,21.94904500105729,24.214186,1.180499
1400,5.6000000000000005,true_threat,ADA,rear_centre,126,vehicle.nissan.patrol_2021,follower,-5,centre,1,[1],258.32435485130907,-205.25031285211185,16.81516725898761,-0.14011389621466047,occluder,25.033269714033224,16.833277431396816,20.0,1.144071
1400,5.6000000000000005,true_threat,ADA,follower_1,127,vehicle.tesla.model3,follower,-4,left,0,[0],314.2890147060466,-201.74960768482566,30.551074998610964,-0.18478337024902947,ego,18.878713250216578,30.26031416787969,31.539545,0.850488
1400,5.6000000000000005,true_threat,ADA,follower_2,128,vehicle.mercedes.coupe_2020,follower,-4,left,0,[0],271.929057287692,-201.74925735068632,30.20956141785328,-0.1925635561944908,follower_1,37.6102498912702,30.185204286393216,31.206399,1.031856
1400,5.6000000000000005,true_threat,ADA,follower_3,129,vehicle.nissan.patrol_2021,follower,-4,left,0,[0],233.66220957406603,-201.74989106276544,29.870176428879013,-0.27828197264873156,follower_2,33.130146198421016,29.83719586428362,30.370599,0.969922
1400,5.6000000000000005,true_threat,ADA,follower_4,130,vehicle.tesla.model3,follower,-4,left,0,[0],198.24066826834394,-201.75007292478415,29.57539354496866,-0.012207511025975474,follower_3,30.22775298013248,29.533018511768965,30.246639,0.855866
1401,5.65,true_threat,ADA,occluder,121,vehicle.carlamotors.firetruck,occluder,-5,centre,1,[1],291.3367484442572,-205.2548133215249,18.040192895368126,0.17734548502869038,latent_vehicle,43.428564554189364,18.033547844355894,18.168496,1.019807
1401,5.65,true_threat,ADA,lead_left,123,vehicle.audi.a2,leader,-4,left,0,[0],433.0431112788331,-201.75050822272138,22.537676892690392,0.05542761220768366,,,22.56333785085936,25.388964,1.025168
1401,5.65,true_threat,ADA,lead_centre,124,vehicle.tesla.model3,leader,-5,centre,1,[1],410.72270946771755,-205.24973048233846,18.36572193601182,0.0038911894194306055,,,18.380491911605304,19.353903,0.932058
1401,5.65,true_threat,ADA,lead_right,125,vehicle.audi.a2,leader,-6,right,2,[2],436.76028221813846,-208.75058332643644,21.932204490635836,0.051994112685739106,,,21.951341642730767,24.214186,1.180499
1401,5.65,true_threat,ADA,rear_centre,126,vehicle.nissan.patrol_2021,follower,-5,centre,1,[1],259.1653888420253,-205.25033111725287,16.824318715303395,0.1830291265177169,occluder,25.09366399762834,16.826727606510985,20.0,1.144071
1401,5.65,true_threat,ADA,follower_1,127,vehicle.tesla.model3,follower,-4,left,0,[0],315.8163280474014,-201.749666490585,30.541723292443432,-0.18703411030722736,ego,18.459654777387698,30.251074998610964,31.539545,0.850488
1401,5.65,true_threat,ADA,follower_2,128,vehicle.mercedes.coupe_2020,follower,-4,left,0,[0],273.4392502010448,-201.74912363264568,30.20081824211984,-0.17486307212402633,follower_1,37.62724824896678,30.17572237113724,31.206399,1.031856
1401,5.65,true_threat,ADA,follower_3,129,vehicle.nissan.patrol_2021,follower,-4,left,0,[0],235.15531271233334,-201.7499615390066,29.85730183082408,-0.2574919585716489,follower_2,33.14711390320113,29.823635737562725,30.370599,0.969922
1401,5.65,true_threat,ADA,follower_4,130,vehicle.tesla.model3,follower,-4,left,0,[0],199.7193975969184,-201.75005675177255,29.574746931260023,-0.012932264537353026,follower_3,30.242737146557666,29.532000933251293,30.246639,0.855866
1402,5.7,true_threat,ADA,occluder,121,vehicle.carlamotors.firetruck,occluder,-5,centre,1,[1],292.23903120550096,-205.2547954334469,18.0490048577124,0.1762392444989627,latent_vehicle,43.8545892797618,18.042267847506658,18.168496,1.019807
1402,5.7,true_threat,ADA,lead_left,123,vehicle.audi.a2,leader,-4,left,0,[0],434.1701254983396,-201.75048996361733,22.540686696181556,0.06019606907355103,,,22.566086344429873,25.388964,1.025168
1402,5.7,true_threat,ADA,lead_centre,124,vehicle.tesla.model3,leader,-5,centre,1,[1],411.64104447412103,-205.24970711819137,18.365922219083675,0.004005661784339803,,,18.380683752716056,19.353903,0.932058
1402,5.7,true_threat,ADA,lead_right,125,vehicle.audi.a2,leader,-6,right,2,[2],437.85696197716453,-208.75060593322175,21.935050242515963,0.05691504081821255,,,21.953920156295727,24.214186,1.180499
1402,5.7,true_threat,ADA,rear_centre,126,vehicle.nissan.patrol_2021,follower,-5,centre,1,[1],260.00645334511256,-205.2503341131949,16.819050613838492,-0.10536202899112317,occluder,25.15442449213967,16.835888545945345,20.0,1.144071
1402,5.7,true_threat,ADA,follower_1,127,vehicle.tesla.model3,follower,-4,left,0,[0],317.34312258995817,-201.74972547332757,30.532266679040312,-0.1891322571581157,ego,18.03052541587192,30.24172329244343,31.539545,0.850488
1402,5.7,true_threat,ADA,follower_2,128,vehicle.mercedes.coupe_2020,follower,-4,left,0,[0],274.9490463911104,-201.74900530873333,30.19297725314349,-0.1568192926582712,follower_1,37.64436867696875,30.167091918956075,31.206399,1.031856
1402,5.7,true_threat,ADA,follower_3,129,vehicle.nissan.patrol_2021,follower,-4,left,0,[0],236.64783601665,-201.75003221305252,29.84550488065915,-0.23593900266936624,follower_2,33.16420367828665,29.811097113254146,30.370599,0.969922
1402,5.7,true_threat,ADA,follower_4,130,vehicle.tesla.model3,follower,-4,left,0,[0],201.19812693069827,-201.7500558375491,29.574058357762162,-0.013771459744317887,follower_3,30.257110956250493,29.530981986159183,30.246639,0.855866
1403,5.75,true_threat,ADA,occluder,121,vehicle.carlamotors.firetruck,occluder,-5,centre,1,[1],293.1417412128136,-205.254777399618,18.05774815483599,0.17486593935476363,latent_vehicle,44.27835635535804,18.050933177293924,18.168496,1.019807
1403,5.75,true_threat,ADA,lead_left,123,vehicle.audi.a2,leader,-4,left,0,[0],435.2972617985622,-201.75050218044646,22.543904402392098,0.06435412387209431,,,22.569071282313356,25.388964,1.025168
1403,5.75,true_threat,ADA,lead_centre,124,vehicle.tesla.model3,leader,-5,centre,1,[1],412.5594405208826,-205.24969899201093,18.366124410562804,0.004043830356767118,,,18.380881237366705,19.353903,0.932058
1403,5.75,true_threat,ADA,lead_right,125,vehicle.audi.a2,leader,-6,right,2,[2],438.9538248364434,-208.7506132187542,21.938115339132818,0.06130193595074885,,,21.95674270189769,24.214186,1.180499
1403,5.75,true_threat,ADA,rear_centre,126,vehicle.nissan.patrol_2021,follower,-5,centre,1,[1],260.8477314712342,-205.25033703626153,16.82977944649305,0.21457665336067122,occluder,25.21564275029621,16.831021893303475,20.0,1.144071
1403,5.75,true_threat,ADA,follower_1,127,vehicle.tesla.model3,follower,-4,left,0,[0],318.8694593740752,-201.74979987101997,30.522718509288943,-0.1909633878083471,ego,17.590928447587544,30.23226667904031,31.539545,0.850488
1403,5.75,true_threat,ADA,follower_2,128,vehicle.mercedes.coupe_2020,follower,-4,left,0,[0],276.45850691906855,-201.74897865206856,30.186057522653687,-0.13839409613224554,follower_1,37.66136702945994,30.159329260414868,31.206399,1.031856
1403,5.75,true_threat,ADA,follower_3,129,vehicle.nissan.patrol_2021,follower,-4,left,0,[0],238.13977949222138,-201.75011834369138,29.834823725042327,-0.21362311289549168,follower_2,33.181476564035655,29.799617337383175,30.370599,0.969922
1403,5.75,true_threat,ADA,follower_4,130,vehicle.tesla.model3,follower,-4,left,0,[0],202.67682574169638,-201.75003967494825,29.573325918572085,-0.014648777083768263,follower_3,30.27090492678729,29.529957999051074,30.246639,0.855866
1404,5.8,true_threat,ADA,occluder,121,vehicle.carlamotors.firetruck,occluder,-5,centre,1,[1],294.0449089837715,-205.25475920962742,18.066415159076033,0.17334008249192642,latent_vehicle,44.69992677448761,18.05953071408547,18.168496,1.019807
1404,5.8,true_threat,ADA,lead_left,123,vehicle.audi.a2,leader,-4,left,0,[0],436.42458119903756,-201.7504990760228,22.547280418724235,0.0675203271594456,,,22.57226239430105,25.388964,1.025168
1404,5.8,true_threat,ADA,lead_centre,124,vehicle.tesla.model3,leader,-5,centre,1,[1],413.4777755272861,-205.24967562786384,18.366332325009786,0.004158290135555023,,,18.381080603666863,19.353903,0.932058
1404,5.8,true_threat,ADA,lead_right,125,vehicle.audi.a2,leader,-6,right,2,[2],440.05080977123293,-208.75063572143173,21.941371170379163,0.06511662884092069,,,21.959782793438755,24.214186,1.180499
1404,5.8,true_threat,ADA,rear_centre,126,vehicle.nissan.patrol_2021,follower,-5,centre,1,[1],261.6891011500849,-205.2503399280958,16.826037224790042,-0.07484443380421955,occluder,25.277074631487224,16.841714423992567,20.0,1.144071
1404,5.8,true_threat,ADA,follower_1,127,vehicle.tesla.model3,follower,-4,left,0,[0],320.3952773541888,-201.74985918690743,30.51309976333415,-0.19237491472058363,ego,17.130243641446498,30.222718509288942,31.539545,0.850488
1404,5.8,true_threat,ADA,follower_2,128,vehicle.mercedes.coupe_2020,follower,-4,left,0,[0],277.9676012361105,-201.74895212033314,30.180060954520986,-0.1199308453253893,follower_1,37.67824328561879,30.15245321852605,31.206399,1.031856
1404,5.8,true_threat,ADA,follower_3,129,vehicle.nissan.patrol_2021,follower,-4,left,0,[0],239.6312346813658,-201.7501893821145,29.825286973991144,-0.1907350217814575,follower_2,33.198993616422385,29.789233815465217,30.370599,0.969922
1404,5.8,true_threat,ADA,follower_4,130,vehicle.tesla.model3,follower,-4,left,0,[0],204.1555245526945,-201.75002351234744,29.572545798369227,-0.015602399719808539,follower_3,30.284149591360567,29.52892891692228,30.246639,0.855866
1405,5.8500000000000005,true_threat,ADA,occluder,121,vehicle.carlamotors.firetruck,occluder,-5,centre,1,[1],294.9484429656456,-205.25474089470754,18.074984887820825,0.17139457181138468,latent_vehicle,45.11933099226218,18.068052967639677,18.168496,1.019807
1405,5.8500000000000005,true_threat,ADA,lead_left,123,vehicle.audi.a2,leader,-4,left,0,[0],437.5520226750237,-201.75051118874418,22.550795672785945,0.07030508290008936,,,22.575610495738754,25.388964,1.025168
1405,5.8500000000000005,true_threat,ADA,lead_centre,124,vehicle.tesla.model3,leader,-5,centre,1,[1],414.3961715688422,-205.24965224289522,18.36654977687529,0.004349038858807558,,,18.381285612871743,19.353903,0.932058
1405,5.8500000000000005,true_threat,ADA,lead_right,125,vehicle.audi.a2,leader,-6,right,2,[2],441.14803884142793,-208.75064288203487,21.944766237976467,0.06790135604854655,,,21.963012052113257,24.214186,1.180499
1405,5.8500000000000005,true_threat,ADA,rear_centre,126,vehicle.nissan.patrol_2021,follower,-5,centre,1,[1],262.5308065222755,-205.2503427054115,16.838103109444322,0.2413176933486591,occluder,25.33887272359442,16.838325463618933,20.0,1.144071
1405,5.8500000000000005,true_threat,ADA,follower_1,127,vehicle.tesla.model3,follower,-4,left,0,[0],321.9206070582863,-201.74993392815549,30.50342951438943,-0.19340497650740085,ego,16.648196370493935,30.21309976333415,31.539545,0.850488
1405,5.8500000000000005,true_threat,ADA,follower_2,128,vehicle.mercedes.coupe_2020,follower,-4,left,0,[0],279.47648193011804,-201.74892566147318,30.174998990479395,-0.10123877683518336,follower_1,37.69496694869049,30.14646613239864,31.206399,1.031856
1405,5.8500000000000005,true_threat,ADA,follower_3,129,vehicle.nissan.patrol_2021,follower,-4,left,0,[0],241.1222931472231,-201.75027581466594,29.816907978824606,-0.16757990308984014,follower_2,33.21663274431991,29.779973742841083,30.370599,0.969922
1405,5.8500000000000005,true_threat,ADA,follower_4,130,vehicle.tesla.model3,follower,-4,left,0,[0],205.63410129338723,-201.75000739138972,29.571714182665612,-0.016632311489015672,follower_3,30.29690596950688,29.52789260808461,30.246639,0.855866
1406,5.9,true_threat,ADA,occluder,121,vehicle.carlamotors.firetruck,occluder,-5,centre,1,[1],295.85249578275534,-205.25482921432166,18.08345543640632,0.16941096929514707,latent_vehicle,45.53666050935698,18.076479320196267,18.168496,1.019807
1406,5.9,true_threat,ADA,lead_left,123,vehicle.audi.a2,leader,-4,left,0,[0],438.6797082812098,-201.750492700603,22.554419646074003,0.07247946849033682,,,22.579096670277774,25.388964,1.025168
1406,5.9,true_threat,ADA,lead_centre,124,vehicle.tesla.model3,leader,-5,centre,1,[1],415.31450657524573,-205.24962887874815,18.36677485995078,0.0045016634684221105,,,18.381500026120776,19.353903,0.932058
1406,5.9,true_threat,ADA,lead_right,125,vehicle.audi.a2,leader,-6,right,2,[2],442.24538998713376,-208.75066525978306,21.9482776546763,0.07022833792802372,,,21.96637939815512,24.214186,1.180499
1406,5.9,true_threat,ADA,rear_centre,126,vehicle.nissan.patrol_2021,follower,-5,centre,1,[1],263.37263396997685,-205.2503606998723,16.835650255908632,-0.04905707045451065,occluder,25.400701333277965,16.850315386500093,20.0,1.144071
1406,5.9,true_threat,ADA,follower_1,127,vehicle.tesla.model3,follower,-4,left,0,[0],323.44547899353313,-201.74999356677705,30.49370585378865,-0.19447321123624534,ego,16.146770256370985,30.20342951438943,31.539545,0.850488
1406,5.9,true_threat,ADA,follower_2,128,vehicle.mercedes.coupe_2020,follower,-4,left,0,[0],280.9851184835147,-201.74889928589943,30.170856369700743,-0.0828519386424735,follower_1,37.711415958780435,30.141379262310657,31.206399,1.031856
1406,5.9,true_threat,ADA,follower_3,129,vehicle.nissan.patrol_2021,follower,-4,left,0,[0],242.6129243618061,-201.75034713418006,29.809705812632735,-0.14404332121797617,follower_2,33.23445497247013,29.771850557566594,30.370599,0.969922
1406,5.9,true_threat,ADA,follower_4,130,vehicle.tesla.model3,follower,-4,left,0,[0],207.11261699892725,-201.74999129125354,29.57083107149799,-0.017662221942450325,follower_3,30.309387694671457,29.526846888568222,30.246639,0.855866
1407,5.95,true_threat,ADA,occluder,121,vehicle.carlamotors.firetruck,occluder,-5,centre,1,[1],296.75694532835763,-205.25491739859567,18.091813444232177,0.16716015508592197,latent_vehicle,45.95182370016748,18.084807908677035,18.168496,1.019807
1407,5.95,true_threat,ADA,lead_left,123,vehicle.audi.a2,leader,-4,left,0,[0],439.80751596811217,-201.75050468839504,22.55810847075694,0.07377649769035304,,,22.58269065043658,25.388964,1.025168
1407,5.95,true_threat,ADA,lead_centre,124,vehicle.tesla.model3,leader,-5,centre,1,[1],416.23284158164915,-205.24960551460106,18.367011387049725,0.0047305440578978685,,,18.381721963829555,19.353903,0.932058
1407,5.95,true_threat,ADA,lead_right,125,vehicle.audi.a2,leader,-6,right,2,[2],443.34286320314493,-208.75068759588814,21.951874901324192,0.07194493714840107,,,21.969862129742175,24.214186,1.180499
1407,5.95,true_threat,ADA,rear_centre,126,vehicle.nissan.patrol_2021,follower,-5,centre,1,[1],264.2147665882363,-205.25036333143711,16.848797606018948,0.2629470025916795,occluder,25.462926702686374,16.84817423693149,20.0,1.144071
1407,5.95,true_threat,ADA,follower_1,127,vehicle.tesla.model3,follower,-4,left,0,[0],324.969832129982,-201.75005338238185,30.483945947687328,-0.19519812259701247,ego,15.627277586093015,30.19370585378865,31.539545,0.850488
1407,5.95,true_threat,ADA,follower_2,128,vehicle.mercedes.coupe_2020,follower,-4,left,0,[0],282.4935414242878,-201.74890350077746,30.167617830968695,-0.06477033675011223,follower_1,37.72765134063057,30.137177952716478,31.206399,1.031856
1407,5.95,true_threat,ADA,follower_3,129,vehicle.nissan.patrol_2021,follower,-4,left,0,[0],244.10321988304923,-201.75041856821275,29.803680475887106,-0.12050672856162112,follower_2,33.25246031128384,29.764882171474625,30.370599,0.969922
1407,5.95,true_threat,ADA,follower_4,130,vehicle.tesla.model3,follower,-4,left,0,[0],208.59113270446727,-201.74997519111736,29.56989074276184,-0.018806574030803404,follower_3,30.32150320371442,29.525792335815616,30.246639,0.855866
1408,6.0,true_threat,ADA,occluder,121,vehicle.carlamotors.firetruck,occluder,-5,centre,1,[1],297.6617915920417,-205.2549749299532,18.10005128472871,0.16475680978684937,latent_vehicle,46.36500364933022,18.09302561022196,18.168496,1.019807
1408,6.0,true_threat,ADA,lead_left,123,vehicle.audi.a2,leader,-4,left,0,[0],440.93550675526717,-201.75050135493424,22.561841164757006,0.07465388475414311,,,22.58634893040836,25.388964,1.025168
1408,6.0,true_threat,ADA,lead_centre,124,vehicle.tesla.model3,leader,-5,centre,1,[1],417.1512376596431,-205.24968894114966,18.367259359668793,0.004959454754702192,,,18.381955185515558,19.353903,0.932058
1408,6.0,true_threat,ADA,lead_right,125,vehicle.audi.a2,leader,-6,right,2,[2],444.4405805545615,-208.75069458991882,21.95553127605401,0.0731274986523524,,,21.973429975843885,24.214186,1.180499
1408,6.0,true_threat,ADA,rear_centre,126,vehicle.nissan.patrol_2021,follower,-5,centre,1,[1],265.0572348998355,-205.2503658484834,16.847368997809447,-0.028572163867199008,occluder,25.52524363002921,16.861213045887947,20.0,1.144071
1408,6.0,true_threat,ADA,follower_1,127,vehicle.tesla.model3,follower,-4,left,0,[0],326.4936969904147,-201.75012862334722,30.47416696174724,-0.19557971900240434,ego,15.090603374579501,30.183945947687327,31.539545,0.850488
1408,6.0,true_threat,ADA,follower_2,128,vehicle.mercedes.coupe_2020,follower,-4,left,0,[0],284.0019033559351,-201.74898403041792,30.16527192680798,-0.04691769566844006,follower_1,37.74358153630645,30.133847645419067,31.206399,1.031856
1408,6.0,true_threat,ADA,follower_3,129,vehicle.nissan.patrol_2021,follower,-4,left,0,[0],245.593271268887,-201.75050534431983,29.79882052499308,-0.09719900661774196,follower_2,33.27058773081373,29.75906805100181,30.370599,0.969922
1408,6.0,true_threat,ADA,follower_4,130,vehicle.tesla.model3,follower,-4,left,0,[0],210.0696484100073,-201.7499590909812,29.568902733064615,-0.019760193661145415,follower_3,30.333283019417557,29.52472376974752,30.246639,0.855866
