frame,time_s,condition,controller,hidden_visible,hidden_lidar_hits,lidar_frame,lidar_time_s,lidar_is_new,semantic_lidar_reveal_armed,ego_station_m,ego_local_y_m,hidden_station_m,hidden_local_y_m,hidden_reference_y_m,hidden_lateral_error_m,hidden_commanded_ay_mps2,hidden_road_lateral_velocity_mps,hidden_observation_submitted,hidden_aware_plan,ego_speed_mps,ego_accel_mps2,ego_throttle,ego_brake,ego_steer,commanded_ackermann_steer_rad,target_speed_mps,steer_limit_rad,steering_envelope_active,shield_active,minimum_clearance_m,minimum_ttc_s,minimum_oriented_clearance_m,minimum_oriented_clearance_actor_role,minimum_ttc_2d_s,minimum_ttc_2d_actor_role,hidden_oriented_clearance_m,hidden_ttc_2d_s,plan_age_s,plan_source_frame,plan_status,plan_rejection_reason,new_plan,latest_plan_status,planner_total_s,planner_decision_s,planner_mpc_s,planner_field_s,low_level_updated,low_level_time_s,physics_control_cycle_time_s,physics_control_deadline_miss,occluder_station_m,ego_pass_clearance_ahead_occluder_m,hidden_pass_clearance_ahead_occluder_m,ego_target_lane_error_m,ego_centre_lane_overlap,hidden_centre_lane_overlap,concurrent_centre_lane_overlap,hidden_center_geometric_visible_now,hidden_center_los_blocked,hidden_footprint_fully_blocked,hidden_footprint_blocked_sample_count,hidden_footprint_sample_count,hidden_footprint_blocked_sample_fraction,hidden_center_in_range,hidden_center_in_horizontal_fov,hidden_center_geometric_range_m,hidden_center_geometric_bearing_rad,hidden_center_geometric_clear_streak,hidden_center_geometric_reveal_confirmed,occluder_speed_mps,occluder_accel_mps2,lead_left_speed_mps,lead_left_accel_mps2,lead_centre_speed_mps,lead_centre_accel_mps2,lead_right_speed_mps,lead_right_accel_mps2,rear_centre_speed_mps,rear_centre_accel_mps2,follower_1_speed_mps,follower_1_accel_mps2,follower_2_speed_mps,follower_2_accel_mps2,follower_3_speed_mps,follower_3_accel_mps2,follower_4_speed_mps,follower_4_accel_mps2
1268,0.05,empty_shadow,APF,0,0,1267,,0,0,179.28544655079526,-201.75054123086764,,,,,,,0,0,33.03322648783153,0.0,0.5810761451721191,0.0,0.0016684149159118533,0.00203835335560143,32.97017484313045,0.006529451595014675,0,0,7.6707907902715675,11.740934583249734,7.670848950218745,occluder,,,,,0.05,1267,ok,accepted,1,ok,0.3652861,0.0007709000201430172,0.3400279999768827,0.023740199976600707,1,0.001214900000000796,0.011182599999997933,0,193.55119973565124,-20.945964728892847,,3.49945876913236,0,0,0,,,,,,,,,,,,0,18.43995206668403,0.16185777282598518,22.10158838814609,1.753539897773106,20.705586479896354,0.3297406907632448,24.918435995684142,1.932208548886893,17.1683436486942,-0.1162719357634359,31.962948194457624,1.2478991813269356,31.38220596220549,0.12809721786415518,28.873948837690467,5.642776967219732,32.17139254819764,1.977386673524554
1269,0.1,empty_shadow,APF,0,0,1268,0.05,1,0,180.93827881901456,-201.75095394559085,,,,,,,0,0,33.077251404609974,0.8804983355689444,0.57600337266922,0.0,0.0016684149159118533,0.00203835335560143,32.97017484313045,0.006512082610657943,0,0,6.949066241723609,11.90511417787073,6.9492673213158875,occluder,,,,,0.1,1267,ok,accepted,0,ok,0.3652861,0.0007709000201430172,0.3400279999768827,0.023740199976600707,0,0.001214900000000796,0.011862100000001874,0,194.47341047425107,-20.215343199273377,,3.499046054409149,0,0,0,,,,,,,,,,,,0,18.447552860922464,0.15201588097073923,22.341727395871704,4.80278015691284,20.70888412642057,0.06595297268707892,24.987652509783246,1.384332582565636,17.16567908419879,-0.0532912898820585,32.01091961684472,0.9596719989775663,31.392244319471303,0.20076715092303266,29.129678535130424,5.1145939509523854,32.24632465252913,1.498642086893129
1270,0.15000000000000002,empty_shadow,APF,0,0,1269,0.1,1,0,182.59275913525906,-201.75165601510741,,,,,,,0,0,33.099842912524615,0.4518301582928075,0.5731387138366699,0.0,0.0014671076787635684,0.0017924101557582617,32.67017459922055,0.006503196561797112,0,0,6.228135975361034,12.043154246705782,6.228501638870012,occluder,,,,,0.15000000000000002,1267,ok,accepted,0,ok,0.3652861,0.0007709000201430172,0.3400279999768827,0.023740199976600707,1,0.0011910999999997784,0.0115918999999991,0,195.3960179465488,-19.483470355326602,,3.4983439848925855,0,0,0,,,,,,,,,,,,0,18.45464248798666,0.14179253745997003,22.53145899205286,3.7946319258786407,20.702736526073004,-0.12295176713716313,25.03475865695399,0.942123647068466,17.165532218348893,-0.0029373169978413613,32.04827726270243,0.7473357120540088,31.402938802023293,0.21388965885939,29.336366481769844,4.133758934997068,32.29983722806103,1.0702515104804111
1271,0.2,empty_shadow,APF,0,0,1270,0.15000000000000002,1,0,184.24675129000593,-201.7527092033244,,,,,,,0,0,33.07755359258581,-0.4457863987761357,0.5753129124641418,0.0,0.0014671076787635684,0.0017924101557582617,32.67017459922055,0.006511963629159771,0,0,5.510792208928784,12.167525052309662,5.511298219385715,occluder,,,,,0.2,1267,ok,accepted,0,ok,0.3652861,0.0007709000201430172,0.3400279999768827,0.023740199976600707,0,0.0011910999999997784,0.009075100000000447,0,196.31893058940466,-18.75239084343559,,3.4972907966755997,0,0,0,,,,,,,,,,,,0,18.46120950286418,0.13134029417991858,22.66017831825902,2.5743865260645418,20.689073937305512,-0.2732512992169606,25.064354944093534,0.5919256852289396,17.167382346729386,0.03700256761117887,32.07749004748985,0.5843839598691767,31.410703594430384,0.15529585838409557,29.482288204980872,2.918434466493843,32.33468067126806,0.6968688639013432
1272,0.25,empty_shadow,APF,0,0,1271,0.2,1,0,185.89955338420452,-201.75412900847795,,,,,,,0,0,33.055125155478045,-0.44856874215525977,0.6035237312316895,0.0,0.0009846319444477558,0.0012029549106955528,32.370174352712574,0.006520803322064734,0,0,4.798992790155056,12.222482444901603,4.7995557875757004,occluder,,,,,0.25,1267,ok,accepted,0,ok,0.3652861,0.0007709000201430172,0.3400279999768827,0.023740199976600707,1,0.0011728999999967016,0.012356800000002721,0,197.24217892560034,-18.022837085432684,,3.495870991522054,0,0,0,,,,,,,,,,,,0,18.467240554098176,0.12062102187905306,22.72693169842299,1.3350676052657247,20.668619263032767,-0.4090927843153617,25.080046285640453,0.31382685602865884,17.170870887608498,0.06977081758240763,32.09999137519154,0.4501086288743768,31.41235723926124,0.03307290935377494,29.56497750240046,1.6537859505316597,32.353185762318816,0.37010182116852774
1273,0.3,empty_shadow,APF,0,0,1272,0.25,1,1,187.55510222164162,-201.7560208990949,,,,,,,0,0,33.15006816967656,1.898860283970265,0.6168705821037292,0.0,0.0009846319444477558,0.0012029549106955528,32.370174352712574,0.006483506217557219,0,0,4.0909441251131335,12.076395721484545,4.091419179180628,occluder,,,,,0.3,1267,ok,accepted,0,ok,0.3652861,0.0007709000201430172,0.3400279999768827,0.023740199976600707,0,0.0011728999999967016,0.01460400000000206,0,198.16570191998318,-17.290811242378425,,3.4939791009051078,0,0,0,,,,,,,,,,,,0,18.47271847625641,0.10955844087423962,22.739899752355356,0.25936108055458057,20.641383963057734,-0.5447051208401894,25.084413370877577,0.08734252375384444,17.175776589866413,0.0981140451654922,32.116482437710815,0.32986704799456695,31.40584743090381,-0.13019615272855734,29.590804918812147,0.5165483301604117,32.35742006730636,0.08468610078618988
1274,0.35000000000000003,empty_shadow,APF,0,0,1273,0.30000000000000004,1,1,189.21467952490767,-201.75833866155807,,,,,,,0,0,33.21617732830381,1.3221831725449817,0.5132049918174744,0.0,0.0003468674258328974,0.00042377851787023246,32.070174456903935,0.006457724763248084,0,0,3.3893737413551532,11.918885698763443,3.389520788748511,occluder,,,,,0.35000000000000003,1267,ok,accepted,0,ok,0.3652861,0.0007709000201430172,0.3400279999768827,0.023740199976600707,1,0.0011867999999992662,0.01374540000000124,0,199.08946904977142,-16.555001068900623,,3.4916613384419293,0,0,0,,,,,,,,,,,,0,18.477628010300958,0.09819067917746747,22.712372886774222,-0.5505373098067625,20.60710102497712,-0.6856577862731672,25.07918623720765,-0.10454055897342654,17.181983103608033,0.12413027483211901,32.12716111485035,0.21359360525225826,31.39056000477586,-0.30574850771324685,29.57231508643719,-0.3697966459689062,32.349142161882305,-0.16555810609820729
1275,0.4,empty_shadow,APF,0,0,1274,0.35000000000000003,1,1,190.8766984060595,-201.7611591311688,,,,,,,0,0,33.253574138876296,0.747936211449769,0.4340972602367401,0.0,0.0003468674258328974,0.00042377851787023246,32.070174456903935,0.006443208679821937,0,0,2.7038880914837864,11.766795853651304,2.703322726391573,occluder,,,,,0.4,1267,ok,accepted,0,ok,0.3652861,0.0007709000201430172,0.3400279999768827,0.023740199976600707,0,0.0011867999999992662,0.009191799999999972,0,200.0135108481576,-15.817023986134984,,3.488840868831204,0,0,0,,,,,,,,,,,,0,18.48195389720064,0.08651773688619836,22.658913707784084,-1.0691835777076735,20.56552631662016,-0.8314931667649973,25.065467410206598,-0.2743728611826692,17.189435114528326,0.1490402184058578,32.131962315183436,0.09602892111634898,31.36722929064687,-0.4666142681768541,29.524833552394643,-0.9496306797316264,32.32982070478458,-0.3864291378322343
1276,0.45,empty_shadow,APF,0,0,1275,0.4,1,1,192.53975504096888,-201.76443701045832,,,,,,,0,0,33.26758144886004,0.28014619967493104,0.3755897283554077,0.0,-0.00033802055986598134,-0.00041297002462670207,31.770174649118108,0.00643778414801849,0,0,2.0541181963604127,11.627194999849563,2.0521885452792077,occluder,,,,,0.45,1267,ok,accepted,0,ok,0.3652861,0.0007709000201430172,0.3400279999768827,0.023740199976600707,1,0.002117699999999445,0.013777099999998654,0,200.93773574679648,-15.078192249864458,,3.485562989541677,0,0,0,,,,,,,,,,,,0,18.485682783646315,0.07457772855042019,22.591527068347943,-1.347732786336971,20.51657973144697,-0.9789307271750495,25.04393789735091,-0.43058498647804416,17.19809257004768,0.17314911038617992,32.13074105445394,-0.024425498626147586,31.337562366271342,-0.5933384745608602,29.46251665911383,-1.2463378648642804,32.30059247579961,-0.5845645734261565
1277,0.5,empty_shadow,APF,0,0,1276,0.45,1,1,194.20293389713993,-201.7681573529618,,,,,,,0,0,33.26318093084978,-0.08801036020528841,0.3305768668651581,0.0,-0.00033802055986598134,-0.00041297002462670207,31.770174649118108,0.006439487573554449,0,0,1.4895593533017004,11.503625878695006,1.4851323881059852,occluder,,,,,0.5,1267,ok,accepted,1,ok,0.4275612,0.0007532000017818063,0.4202921999967657,0.006159200012916699,0,0.002117699999999445,0.011955799999999073,0,201.8621437665096,-14.33942141340654,,3.4818426470382065,0,0,0,,,,,,,,,,,,0,18.48879559785391,0.06225628452288225,22.51906115924235,-1.4493181794467473,20.460417676727136,-1.123240202245846,25.01503074234871,-0.5781363954852284,17.207892527503404,0.19599914911437374,32.12336781623327,-0.1474614158606549,31.303697370316858,-0.6772999085093758,29.396207683849305,-1.326179504877764,32.2623424852889,-0.7649998016730306
1278,0.55,empty_shadow,APF,0,0,1277,0.5,1,1,195.86538044079174,-201.77219837987562,,,,,,,0,0,33.24447276089463,-0.3741633991029403,0.29295116662979126,0.0,-0.0009914595866575837,-0.0012112964177504182,31.47017325410258,0.006446736994482209,0,0,1.1443603633258028,11.397271759541274,1.136359918268854,occluder,,,,,0.55,1267,ok,accepted,0,ok,0.4275612,0.0007532000017818063,0.4202921999967657,0.006159200012916699,1,0.0011812000000013256,0.011338999999999544,0,202.7866738721443,-13.601504975389417,,3.4778016201243815,0,0,0,,,,,,,,,,,,0,18.49127898560304,0.04966775604969032,22.44739061933669,-1.4334107967064018,20.397429250965946,-1.259767737530199,24.979054999810074,-0.7195070077673403,17.218724361991857,0.21663668976521044,32.10980862902308,-0.2711694893211607,31.26776862622899,-0.7185748738580011,29.333398693100634,-1.2561798147491066,32.215787896009445,-0.9310917743373536
1279,0.6000000000000001,empty_shadow,APF,0,0,1278,0.55,1,1,197.52654531911236,-201.77645346707652,,,,,,,0,0,33.214558360998346,-0.598287997925695,0.25883612036705017,0.0,-0.0009914595866575837,-0.0012112964177504182,31.47017325410258,0.006458354294987581,0,0,1.1145040905658448,11.307760986979014,1.10578572521519,occluder,,,,,0.6000000000000001,1267,ok,accepted,0,ok,0.4275612,0.0007532000017818063,0.4202921999967657,0.006159200012916699,0,0.0011812000000013256,0.009652200000001443,0,203.71126501813708,-12.86493124306159,,3.4735465329234785,0,0,0,,,,,,,,,,,,0,18.493121499556,0.03685028065646631,22.37987047322423,-1.350402921759061,20.328203821929,-1.3845079285623072,24.9363139880432,-0.8548116305170775,17.2304507427228,0.23452761461386837,32.09015172883787,-0.39310742816103955,31.231559505987214,-0.7241823998949786,29.27844797847751,-1.0990142923736395,32.16153524575687,-1.0850529913631566
1280,0.6500000000000001,empty_shadow,APF,0,0,1279,0.6000000000000001,1,1,199.1858791897005,-201.78084650801767,,,,,,,0,0,33.17555119323917,-0.7801433551834691,0.2253197431564331,0.0,-0.0015312620671465993,-0.0018707895651459694,31.200171057184352,0.00647355001406,0,0,1.1101770935864579,11.233869277848333,1.1020056771985323,occluder,,,,,0.6500000000000001,1267,ok,accepted,0,ok,0.4275612,0.0007532000017818063,0.4202921999967657,0.006159200012916699,1,0.0014050999999994929,0.01463799999999793,0,204.63588667650083,-12.130219030837196,,3.4691534919823255,0,0,0,,,,,,,,,,,,0,18.494309788812565,0.023765787036747976,22.317879735134554,-1.2398147625785747,20.253466179375607,-1.4947523286032989,24.88713580676111,-0.9835546754327918,17.242884748395603,0.24868011346144392,32.06460750082936,-0.5108342942568314,31.196260195499256,-0.7059862073511303,29.24417673899937,-0.6854247895296162,32.10013385088819,-1.2280278810756202
1281,0.7000000000000001,empty_shadow,APF,0,0,1280,0.65,1,1,200.8430463019571,-201.7852097705477,,,,,,,0,0,33.12882502147664,-0.9345234352505827,0.19117528200149536,0.0,-0.0015312620671465993,-0.0018707895651459694,31.200171057184352,0.006491823468362448,0,0,1.1058798125535247,11.173752458233215,1.098571012437693,occluder,,,,,0.7000000000000001,1267,ok,accepted,0,ok,0.4275612,0.0007532000017818063,0.4202921999967657,0.006159200012916699,0,0.0014050999999994929,0.00941959999999753,0,205.56069144032267,-11.397856682402448,,3.4647902294522908,0,0,0,,,,,,,,,,,,0,18.494832410447387,0.01045243466009773,22.261344019471572,-1.1307143151289882,20.174025037629935,-1.588822445693603,24.83191338992202,-1.1044394425609259,17.25583373842853,0.25897980066066595,32.03348935543235,-0.622291398032027,31.162481046113914,-0.6755829869838976,29.211673611522432,-0.6500625495281063,32.03211013961971,-1.3604742063409423
1282,0.7500000000000001,empty_shadow,APF,0,0,1281,0.7000000000000001,1,1,202.49768039811738,-201.78940605050235,,,,,,,0,0,33.07519961001218,-1.0725082292893262,0.15564538538455963,0.0,-0.0018848819890990853,-0.0023028177674859762,30.960169727325223,0.006512890556955192,0,0,1.1017495140959852,11.125394785182271,1.0956080586516397,occluder,,,,,0.7500000000000001,1267,ok,accepted,0,ok,0.4275612,0.0007532000017818063,0.4202921999967657,0.006159200012916699,1,0.0012803999999988491,0.01363759999999914,0,206.4854962041445,-10.668027350063994,,3.4605939494976496,0,0,0,,,,,,,,,,,,0,18.494674104856145,-0.003166110480968682,22.209307744160935,-1.0407255079974036,20.09074060771093,-1.6656883290037738,24.771093064547216,-1.2163980386133186,17.26909172050583,0.2651596415411035,31.997190803866797,-0.7258785632062549,31.13031551838268,-0.6433105547649346,29.271348834410848,1.193504457801875,31.958038224182715,-1.4814382871009777
1283,0.8,empty_shadow,APF,0,0,1282,0.75,1,1,204.14941522041676,-201.79329814371738,,,,,,,0,0,33.015136910588026,-1.2012539884830176,0.11887042224407196,0.0,-0.0018848819890990853,-0.0023028177674859762,30.960169727325223,0.006536608555436917,0,0,1.0979386923985714,11.086818453935074,1.0932364093711475,occluder,,,,,0.8,1267,ok,accepted,0,ok,0.4275612,0.0007532000017818063,0.4202921999967657,0.006159200012916699,0,0.0012803999999988491,0.009675800000000123,0,207.41020942044267,-9.941005744062778,,3.4567018562826206,0,0,0,,,,,,,,,,,,0,18.493827243610035,-0.01693722433450491,22.16038235976512,-0.9785076880747673,20.0044616568216,-1.7255788498341804,24.705180272738538,-1.3182480819812927,17.28246986525471,0.26756289497229596,31.95615108557131,-0.8206828676551068,31.09951565646211,-0.615997238404232,29.33889950131065,1.3510133381406924,31.878536086369984,-1.5900427326280229
1284,0.8500000000000001,empty_shadow,APF,0,0,1283,0.8,1,1,205.79800658660125,-201.79676406317364,,,,,,,0,0,32.948919600672106,-1.324346198318409,0.08096752315759659,0.0,-0.001988327596336603,-0.0024292003363370895,30.750168933949883,0.006562907393677128,0,0,1.0945540756922583,11.056253743101886,1.0915182879814622,occluder,,,,,0.8500000000000001,1267,ok,accepted,1,ok,0.3673771,0.0007505999819841236,0.3458355000184383,0.020447299990337342,1,0.0011843999999996413,0.011311700000000258,0,208.3348310840118,-9.217036041447415,,3.45323593682636,0,0,0,,,,,,,,,,,,0,18.492280381693515,-0.030937239177935425,22.113169779921908,-0.9442515934225287,19.916033138148588,-1.7685702864058206,24.634735761869415,-1.4088834000808674,17.29579651149342,0.26653292477006074,31.910857046697,-0.9057534388221622,31.069682824664653,-0.596656634909358,29.37589062731552,0.7398225204274279,31.794236967563403,-1.6859823520258066
1285,0.9000000000000001,empty_shadow,APF,0,0,1284,0.8500000000000001,1,1,207.44311873566102,-201.79960555914337,,,,,,,0,0,32.87673800484881,-1.443631916465904,0.04251369461417198,0.0,-0.001988327596336603,-0.0024292003363370895,30.750168933949883,0.006591756207935035,0,0,1.0917786445058368,11.032330912000681,1.0905954339933646,occluder,,,,,0.9000000000000001,1267,ok,accepted,0,ok,0.3673771,0.0007505999819841236,0.3458355000184383,0.020447299990337342,0,0.0011843999999996413,0.010609500000001049,0,209.25939170722285,-8.496484515598695,,3.450394440856627,0,0,0,,,,,,,,,,,,0,18.4900258889391,-0.04508985801146066,22.066506520567966,-0.9332651783897226,19.82625995027298,-1.795463726577064,24.560337438683714,-1.4879607107599653,17.30892097879839,0.26248934609597496,31.861816414099728,-0.9806734769387759,31.04046797749517,-0.5842969406476264,29.38271131181653,0.13641369062231595,31.705785551446127,-1.7690282979170995
1286,0.9500000000000001,empty_shadow,APF,0,0,1285,0.9,1,1,209.0844769833819,-201.80174643138275,,,,,,,0,0,32.7988050161449,-1.5586597740782793,0.005647681653499603,0.0,-0.0019894661381840706,-0.0024305912666022778,31.75455548472511,0.006623117751393349,0,0,1.0897191374810689,11.014056530938444,1.0888064410104936,occluder,,,,,0.55,1275,ok,accepted,0,ok,0.3673771,0.0007505999819841236,0.3458355000184383,0.020447299990337342,1,0.0012270000000000891,0.009752299999998826,0,210.18383026533388,-7.779564825988842,,3.448253568617247,0,0,0,,,,,,,,,,,,0,18.48705613786474,-0.059395025784831385,22.019597214361294,-0.9381861102078338,19.735906939765137,-1.8070602185223001,24.48258800291106,-1.5549840707303082,17.32171356735605,0.25585177114789376,31.80954061715356,-1.0453696410718851,31.011668935659177,-0.5759808318184927,29.36333646967373,-0.3874968419290616,31.61161018324454,-1.883507340289722
1287,1.0,empty_shadow,APF,0,0,1286,0.9500000000000001,1,1,210.72168455962833,-201.80306474492644,,,,,,,0,0,32.71084802597551,-1.759139803387768,0.0,0.029123686254024506,-0.0019894661381840706,-0.0024305912666022778,31.75455548472511,0.006658782710092141,0,0,1.0884669928284723,11.005446444596586,1.0855137422328573,occluder,,,,,0.6,1275,ok,accepted,0,ok,0.3673771,0.0007505999819841236,0.3458355000184383,0.020447299990337342,0,0.0012270000000000891,0.011838399999998472,0,211.10808571278145,-7.066612697189981,,3.446935255073555,0,0,0,,,,,,,,,,,,0,18.483365405455245,-0.0738146542937488,21.972039410678175,-0.9511560546438902,19.64569126831666,-1.8043134566989831,24.40209015306193,-1.6099534449365327,17.33407318788727,0.24719241061435235,31.7545409648657,-1.099844491377721,30.98330095802401,-0.5673595452492048,29.32381430363405,-0.7904433195517548,31.513280611288373,-1.966591416898741
1288,1.05,empty_shadow,APF,0,0,1287,1.0,1,1,212.3541310972571,-201.80351493162553,,,,,,,0,0,32.613145967322474,-1.9540411730606877,0.0,0.057697173207998276,-0.001549388631246984,-0.0018929352518171072,31.48606176982694,0.006698737876721536,0,0,1.0880983170949037,11.006295831038772,1.0830920904901395,occluder,,,,,0.65,1275,ok,accepted,0,ok,0.3673771,0.0007505999819841236,0.3458355000184383,0.020447299990337342,1,0.0011818000000012319,0.013840600000001757,0,212.0320970248236,-6.358177471603369,,3.4464850683744714,0,0,0,,,,,,,,,,,,0,18.47894606243479,-0.0883868681659915,21.92378733255497,-0.9650415395930915,19.556291951545088,-1.7879863679860055,24.319459940645892,-1.6526017014355037,17.345910196276833,0.2367401677330765,31.697326743135548,-1.144138437854607,30.955581481951775,-0.5543895113474131,29.27058402248282,-1.0646056215949675,31.412540152388377,-2.0148091578574423
1289,1.1,empty_shadow,APF,0,0,1288,1.05,1,1,213.9814808769014,-201.80302081205764,,,,,,,0,0,32.50805393255875,-2.101840695274433,0.0,0.07999856770038605,-0.001549388631246984,-0.0018929352518171072,31.48606176982694,0.006742117933604111,0,0,1.0886435029273684,11.01461650970574,1.081615334683451,occluder,,,,,0.7000000000000001,1275,ok,accepted,0,ok,0.3673771,0.0007505999819841236,0.3458355000184383,0.020447299990337342,0,0.0011818000000012319,0.013656600000000907,0,212.9558947034205,-5.654625370555976,,3.446979187942361,0,0,0,,,,,,,,,,,,0,18.47379429422591,-0.10303537333288983,21.875108007261762,-0.9735864816833242,19.468344136294547,-1.7589563314366374,24.2352924385867,-1.6833483511042913,17.357150204319066,0.22480016075856396,31.63838996220427,-1.1785965604904174,30.928872902930543,-0.5341715679399879,29.209281841681257,-1.2260436144801625,31.310630490961053,-2.038193211243227
1290,1.1500000000000001,empty_shadow,APF,0,0,1289,1.1,1,1,215.60342870718168,-201.80153671396607,,,,,,,0,0,32.397423556200216,-2.212607527170718,0.0,0.0980568379163742,-0.0010179652599617839,-0.0012436792021617293,31.247634905767097,0.006788240964672509,0,0,1.0901024670396566,11.029126252947615,1.0811651348156741,occluder,,,,,0.7500000000000001,1275,ok,accepted,0,ok,0.3673771,0.0007505999819841236,0.3458355000184383,0.020447299990337342,1,0.0011769000000008134,0.009267200000000031,0,213.87941769780335,-4.956200534658535,,3.4484632860339275,0,0,0,,,,,,,,,,,,0,18.4678624189254,-0.11863751535916711,21.826470642588323,-0.9727472694378684,19.382435285794966,-1.71817702266796,24.15017509465585,-1.702345896823332,17.36773217713085,0.2116394561115255,31.578209187709735,-1.2034870838099638,30.903592930462185,-0.5055994344548171,29.144441529531665,-1.2968062413055095,31.208463340051065,-2.0433430042443304
1291,1.2000000000000002,empty_shadow,APF,0,0,1290,1.1500000000000001,1,1,217.21963887393642,-201.79900171671667,,,,,,,0,0,32.28253424593721,-2.297786205260195,0.0,0.11287552118301392,-0.0010179652599617839,-0.0012436792021617293,31.247634905767097,0.0068366423592195425,0,0,1.0926277140272873,11.049259540010462,1.0819186210780898,occluder,,,,,0.8000000000000002,1275,ok,accepted,0,ok,0.3673771,0.0007505999819841236,0.3458355000184383,0.020447299990337342,0,0.0011769000000008134,0.011966299999997432,0,214.8025744864754,-4.2631471565758545,,3.450998283283326,0,0,0,,,,,,,,,,,,0,18.461087497185705,-0.13549844243937212,21.778468421441453,-0.9600444023994004,19.299114716966404,-1.6664113706258876,24.06466675054644,-1.710166418657943,17.377598894329097,0.1973343439725888,31.51725718782813,-1.2189251968206274,30.880149736411536,-0.46886386419468373,29.079442906950945,-1.2999724500353524,31.10678256595261,-2.033615471563955
1292,1.2500000000000002,empty_shadow,APF,0,0,1291,1.2000000000000002,1,1,218.8300808804109,-201.79547686587287,,,,,,,0,0,32.16433348710772,-2.36401517658976,0.0,0.12513367831707,-0.0005680419853888452,-0.0006939941667951643,31.039289699305588,0.00688698107659376,0,0,1.0961429395386517,11.074830358975277,1.0838402403856044,occluder,,,,,0.8500000000000002,1275,ok,accepted,0,ok,0.3673771,0.0007505999819841236,0.3458355000184383,0.020447299990337342,1,0.0011860999999981914,0.01325880000000268,0,215.72536506423123,-3.575495727857202,,3.454523134127129,0,0,0,,,,,,,,,,,,0,18.45345617698411,-0.15262640990540327,21.73173649203335,-0.9346385709175554,19.218889784025702,-1.604498631431809,23.979330067383124,-1.7067335313212981,17.386702671043306,0.18207553429362183,31.455972345346684,-1.2255976445663719,30.85885612568921,-0.425872196068307,29.016576700256483,-1.2573241323480713,31.00620614989174,-2.0115283142540914
1293,1.3,empty_shadow,APF,0,0,1292,1.25,1,1,220.4345105964051,-201.7909927622973,,,,,,,0,0,32.04361976593259,-2.414274423502576,0.0,0.13483990728855133,-0.0005680419853888452,-0.0006939941667951643,31.039289699305588,0.006938965990116891,0,0,1.1006022839229388,11.105818310130328,1.0868902596346626,occluder,,,,,0.9,1275,ok,accepted,0,ok,0.3673771,0.0007505999819841236,0.3458355000184383,0.020447299990337342,0,0.0011860999999981914,0.013112000000003121,0,216.6477894258655,-2.8934903734972863,,3.459007237702707,0,0,0,,,,,,,,,,,,0,18.44497417924506,-0.16963995916286398,21.68688520441599,-0.8970257397940167,19.14222206484014,-1.533354334142473,23.894699100305562,-1.6926193708379904,17.39500727007325,0.16609198062808792,31.394798733831205,-1.2233896662499035,30.839910462707273,-0.3789132398320468,28.957206663702856,-1.1874007296071913,30.907312018436862,-1.9778826250157775
1294,1.35,empty_shadow,APF,0,0,1293,1.3,1,1,222.0329280947944,-201.78576302902437,,,,,,,0,0,31.921380452268316,-2.444786273285473,0.0,0.14072802662849426,0.0016868873499333858,0.0020609216298907995,31.8053197622299,0.006992209985509661,0,0,1.1058226625436305,11.14192837286036,1.0912353499629595,occluder,,,,,0.55,1283,ok,accepted,1,ok,0.4743086,0.0007477000181097537,0.453672599978745,0.019554800004698336,1,0.0011842999999984727,0.01390469999999766,0,217.56978654663627,-2.217069995878717,,3.4642369709756338,0,0,0,,,,,,,,,,,,0,18.435672023200027,-0.18604312346786925,21.64446578210696,-0.8483884380591514,19.069536898814796,-1.4537032485765327,23.811286927233276,-1.6682435045726436,17.402482172013354,0.14949803882639423,31.33414608726813,-1.2129870944833832,30.823369967172972,-0.33080989013539014,28.902002276683803,-1.1040877389993524,30.810639951715554,-1.9334413327634867
1295,1.4000000000000001,empty_shadow,APF,0,0,1294,1.35,1,1,223.62518084495645,-201.7799555647779,,,,,,,0,0,31.798578652232273,-2.4560360007208715,0.0,0.14290787279605865,0.0016868873499333858,0.0020609216298907995,31.8053197622299,0.0070463184172869205,0,0,1.1116209491210896,11.182774035232834,1.0968057675850416,occluder,,,,,0.6000000000000001,1283,ok,accepted,0,ok,0.4743086,0.0007477000181097537,0.453672599978745,0.019554800004698336,0,0.0011842999999984727,0.013117000000001156,0,218.4912648686091,-1.5462955676895263,,3.4700444352220927,0,0,0,,,,,,,,,,,,0,18.42556878057129,-0.20206485379728475,21.604934082977127,-0.790633977413185,19.00121193575185,-1.3664991739450647,23.729572296487124,-1.6342925547445324,17.409102581531656,0.13240819039200669,31.274406987484593,-1.1947321017112535,30.80919648960988,-0.28346953180656925,28.851131385830204,-1.0174178160606768,30.716466515031577,-1.8834687334785625
1296,1.4500000000000002,empty_shadow,APF,0,0,1295,1.4000000000000001,1,1,225.21136039441478,-201.7735550795374,,,,,,,0,0,31.676107088007875,-2.4494312844879573,0.0,0.14172174036502838,0.001459089107811451,0.0017826135735958815,31.65175062306878,0.0071009092778942145,0,0,1.1179971957091936,11.227944576084885,1.1034085949725385,occluder,,,,,0.6500000000000001,1283,ok,accepted,0,ok,0.4743086,0.0007477000181097537,0.453672599978745,0.019554800004698336,1,0.0011769000000008134,0.01042990000000188,0,219.4121633514259,-0.8810145010479857,,3.4764449204625976,0,0,0,,,,,,,,,,,,0,18.414694970792816,-0.21747619557573108,21.568652502324,-0.7256316105292048,18.937579053782688,-1.272657540878071,23.650009162734328,-1.591262428351395,17.4148665912641,0.11528019467566396,31.215962602969213,-1.1688522270619592,30.797246978547403,-0.23899020344984367,28.804437588875775,-0.9338759378186668,30.623523321800775,-1.8588638650435259
1297,1.5000000000000002,empty_shadow,APF,0,0,1296,1.4500000000000002,1,1,226.79143631408473,-201.76682098311258,,,,,,,0,0,31.554814775822212,-2.425846243713252,0.0,0.13721294701099396,0.001459089107811451,0.0017826135735958815,31.65175062306878,0.007155602147967954,0,0,1.1247072200540629,11.276953593564556,1.1106732691378052,occluder,,,,,0.7000000000000002,1283,ok,accepted,0,ok,0.4743086,0.0007477000181097537,0.453672599978745,0.019554800004698336,0,0.0011769000000008134,0.010717500000001934,0,220.33257355302112,-0.22134878297325145,,3.4831790168874193,0,0,0,,,,,,,,,,,,0,18.40308111062068,-0.23227720256258227,21.53588043815212,-0.6554412829558098,18.878928168581417,-1.173017600798514,23.573045759555043,-1.5392675784999308,17.41976466591621,0.09796149308691714,31.159163635376743,-1.1359561971047007,30.787361215248346,-0.1977152511275212,28.7616118942383,-0.856513891659551,30.532188026706862,-1.8267059019426897
1298,1.55,empty_shadow,APF,0,0,1297,1.5,1,1,228.3655612022588,-201.7597837410259,,,,,,,0,0,31.43551107554036,-2.3860740056370133,0.0,0.1295749396085739,0.0008036039653234184,0.0009817874524742365,31.532700913264538,0.007210017057228348,0,0,1.2117177683237859,11.329218906950803,1.2010999089946128,occluder,,,,,0.75,1283,ok,accepted,0,ok,0.4743086,0.0007477000181097537,0.453672599978745,0.019554800004698336,1,0.001163599999998155,0.0093909000000032,0,221.25237340308934,0.4329762551325871,,3.490216258974101,0,0,0,,,,,,,,,,,,0,18.390771070032592,-0.2462008103942405,21.5067838311738,-0.581932139806973,18.825495789746345,-1.068647474959345,23.499092173114175,-1.4790709916418812,17.423810155204567,0.08090978580227273,31.104337954895097,-1.0965002609487826,30.779344649927662,-0.16033129486322958,28.722309072674772,-0.7860564302126629,30.443130109060725,-1.7811583517744858
1299,1.6,empty_shadow,APF,0,0,1298,1.55,1,1,229.93376562856724,-201.75259593074838,,,,,,,0,0,31.31895482782104,-2.3311249543863966,0.0,0.11890929937362671,0.0008036039653234184,0.0009817874524742365,31.532700913264538,0.0072637804598573935,0,0,1.570964759435851,11.384098668357096,1.5651591790578918,occluder,,,,,0.8,1283,ok,accepted,0,ok,0.4743086,0.0007477000181097537,0.453672599978745,0.019554800004698336,0,0.001163599999998155,0.012686500000000933,0,222.1715018716833,1.0820522128470884,,3.4974040692516155,0,0,0,,,,,,,,,,,,0,18.37779536586331,-0.259514081758823,21.481458050085784,-0.506515621919212,18.77747074443643,-0.960500809199803,23.428522249282064,-1.411397494879331,17.427014504901948,0.06408699400160338,31.051790605603966,-1.0509407464237701,30.773031342927432,-0.1262661318855722,28.686202967479105,-0.7221221029014863,30.356948476536562,-1.7236326473116264
1300,1.6500000000000001,empty_shadow,APF,0,0,1299,1.6,1,1,231.49629373362083,-201.74525746899374,,,,,,,0,0,31.2058616673994,-2.2618632084328283,0.0,0.10544173419475555,-4.316082413424738e-05,-5.2730894822161645e-05,31.40056909198118,0.007316523319748631,0,0,2.0720050906572736,11.440863361326041,2.0691911320202836,occluder,,,,,0.8500000000000001,1283,ok,accepted,0,ok,0.4743086,0.0007477000181097537,0.453672599978745,0.019554800004698336,1,0.0011877999999967415,0.012468599999998276,0,223.0899894659685,1.7260927236154657,,3.504742531006258,0,0,0,,,,,,,,,,,,0,18.364197867331917,-0.2719499690332784,21.459925981556033,-0.43064137016319226,18.73500371103398,-0.8493405793911083,23.36168885176218,-1.3366667538015715,17.42940441474593,0.047798196910839655,31.001801904220674,-0.9997721766678429,30.76828777824503,-0.09487128920809408,28.653053252198227,-0.6629943047270233,30.27419816711381,-1.6550061827351152
1301,1.7000000000000002,empty_shadow,APF,0,0,1300,1.6500000000000001,1,1,233.05329813653364,-201.73785985643718,,,,,,,0,0,31.096909569020536,-2.179041967577291,0.0,0.08927995711565018,-4.316082413424738e-05,-5.2730894822161645e-05,31.40056909198118,0.007367880077806172,0,0,2.631600761497785,11.498706595726285,2.6304945266449318,occluder,,,,,0.9000000000000001,1283,ok,accepted,1,ok,0.3612783,0.0007362000178545713,0.33400459997938015,0.026168899988988414,0,0.0011877999999967415,0.011458100000002247,0,224.00780567357404,2.3652809189227355,,3.5121401435628172,0,0,0,,,,,,,,,,,,0,18.350020536262726,-0.2835466200324554,21.44213231313049,-0.35587336700572925,18.698188150011205,-0.7363111395779056,23.29891623153434,-1.255451045747212,17.431012311611084,0.03215793734512163,30.954631251538164,-0.9434130272138271,30.765016681226548,-0.0654219386568108,28.622709246813848,-0.6068801068422602,30.195367461878906,-1.5766140960354733
1302,1.7500000000000002,empty_shadow,APF,0,0,1301,1.7000000000000002,1,1,234.60496201043384,-201.7306013948603,,,,,,,0,0,30.99283032559201,-2.0815848685705163,0.0,0.07010923326015472,0.0006475980626419187,0.0007911903085187078,31.68088580773179,0.007417446567352837,0,0,3.2166541512423965,11.556657953563915,3.2165834069163073,occluder,,,,,0.55,1291,ok,accepted,0,ok,0.3612783,0.0007362000178545713,0.33400459997938015,0.026168899988988414,1,0.0012273000000000422,0.010381100000000032,0,224.92485894177082,2.9998915246261504,,3.5193986051397133,0,0,0,,,,,,,,,,,,0,18.33530914913679,-0.29422774152964937,21.42799693834321,-0.2827074931752244,18.66707364792629,-0.6222899720414595,23.240486675460417,-1.168589663569661,17.431876343783127,0.01728064351260155,30.910499953462832,-0.8826254968533257,30.76313603553657,-0.03761291376746914,28.595106101351707,-0.5520629084648054,30.120896958169926,-1.4894100623796969
1303,1.8,empty_shadow,APF,0,0,1302,1.75,1,1,236.15168208901937,-201.72349720771112,,,,,,,0,0,30.894315810677135,-1.970290298297499,0.0,0.048125747591257095,0.0006475980626419187,0.0007911903085187078,31.68088580773179,0.0074648251276757515,0,0,3.8135016829647785,11.613679520412685,3.814081500010292,occluder,,,,,0.5999999999999999,1291,ok,accepted,0,ok,0.3612783,0.0007362000178545713,0.33400459997938015,0.026168899988988414,0,0.0012273000000000422,0.015188799999997116,0,225.8412103057116,3.6302602392709105,,3.5265027922888805,0,0,0,,,,,,,,,,,,0,18.320103761145873,-0.30410775931326506,21.417393971461234,-0.21205933374491884,18.64166401630559,-0.5081925755024073,23.186659581814855,-1.0765403679941856,17.432034656360475,0.0031662516000548055,30.869602667886625,-0.8179429504678633,30.762575269201072,-0.011215327043525443,28.570257167288467,-0.49697868054918304,30.05119292100825,-1.39408072830963
1304,1.85,empty_shadow,APF,0,0,1303,1.8,1,1,237.6936414829537,-201.7165624913132,,,,,,,0,0,30.801982680174792,-1.846662610046863,0.0,0.023794308304786682,0.00032345872023142874,0.000395179376937449,31.521417011767024,0.007509644181477152,0,0,4.4158423876473485,11.668774387751192,4.416837115643818,occluder,,,,,0.6499999999999999,1291,ok,accepted,0,ok,0.3612783,0.0007362000178545713,0.33400459997938015,0.026168899988988414,1,0.0012059999999998183,0.013811600000000368,0,226.75673770029633,4.256692238620502,,3.533437508686802,0,0,0,,,,,,,,,,,,0,18.304461591883832,-0.31284338502470616,21.410193713167008,-0.14400516072184935,18.621923016288854,-0.39481995479351395,23.13765619724025,-0.9800662118489328,17.431536842089688,-0.009956285342557766,30.832115014025508,-0.7497466416892415,30.763265717845748,0.013808973567699579,28.548198683659677,-0.44116967199256846,29.986613931687305,-1.2915797685611121
1305,1.9000000000000001,empty_shadow,APF,0,0,1304,1.85,1,1,239.2312064083584,-201.70981237952535,,,,,,,0,0,30.71592962081423,-1.721061187211248,0.0026813428848981857,0.0,0.00032345872023142874,0.000395179376937449,31.521417011767024,0.007551779227261875,0,0,5.020571060296847,11.72153167409028,5.021834805418774,occluder,,,,,0.7,1291,ok,accepted,0,ok,0.3612783,0.0007362000178545713,0.33400459997938015,0.026168899988988414,0,0.0012059999999998183,0.008406300000000755,0,227.67144111511425,4.879553749207275,,3.5401876204746543,0,0,0,,,,,,,,,,,,0,18.288426509651412,-0.3207016445833611,21.40626074290888,-0.07865939916479235,18.607760999628756,-0.28324030042770015,23.09365962251319,-0.8799300844679036,17.430430581662034,-0.022125208515227212,30.79817067324423,-0.678875837026701,30.765117736279407,0.03704037163618056,28.529014574402677,-0.38368218461216574,29.92748423921668,-1.1825938289558064
1306,1.9500000000000002,empty_shadow,APF,0,0,1305,1.9000000000000001,1,1,240.76455996548614,-201.70323155109475,,,,,,,0,0,30.63245564885348,-1.6694794392149959,0.031246023252606392,0.0,-0.0001048361009452492,-0.00012808146129827946,31.359260519201193,0.007592991183167482,0,0,5.625886908638839,11.776364398808454,5.627336504305015,occluder,,,,,0.75,1291,ok,accepted,0,ok,0.3612783,0.0007362000178545713,0.33400459997938015,0.026168899988988414,1,0.001173699999998945,0.014846199999997367,0,228.58535107294708,5.498997348502201,,3.5467684489052544,0,0,0,,,,,,,,,,,,0,18.272051921915267,-0.32749175471246966,21.405450101497177,-0.016212821274053452,18.599031101290887,-0.17459794474524007,23.054818621524493,-0.7768187352324017,17.428761654744434,-0.03337853827705398,30.76788426498902,-0.605712277857064,30.76802832816364,0.058211843982198586,28.51277922605033,-0.32470696658373815,29.87408231655801,-1.0680384302905106
1307,2.0,empty_shadow,APF,0,0,1306,1.9500000000000002,1,1,242.29379370706607,-201.69681997478907,,,,,,,0,0,30.55165484092236,-1.6160161586223865,0.06539313495159149,0.0,-0.0001048361009452492,-0.00012808146129827946,31.359260519201193,0.0076332055232401,0,0,6.230718768598559,11.83301344190321,6.232310596482117,occluder,,,,,0.7999999999999998,1291,ok,accepted,0,ok,0.3612783,0.0007362000178545713,0.33400459997938015,0.026168899988988414,0,0.001173699999998945,0.009731599999998508,0,229.49843705621848,6.115145106810729,,3.553180025210935,0,0,0,,,,,,,,,,,,0,18.255387418778646,-0.3332900625399448,21.407597758147094,0.042953140306965176,18.595500625598703,-0.0706095003896072,23.02124953600078,-0.671380575372678,17.426587279922572,-0.04348749637596574,30.741332263986504,-0.5310193374422312,30.771862072179683,0.07667489074603544,28.499557487919617,-0.2644347622666188,29.8266027126463,-0.9495920537200354
1308,2.05,empty_shadow,APF,0,0,1307,2.0,1,1,243.8190296981981,-201.690562350177,,,,,,,0,0,30.474493496665904,-1.5432268851291298,0.10056015849113464,0.0,-0.0005330480635166168,-0.0006512410473078489,31.199668139803066,0.007671907461044183,0,0,6.834396105481969,11.890054042436493,6.836119994925083,occluder,,,,,0.8499999999999996,1291,ok,accepted,0,ok,0.3612783,0.0007362000178545713,0.33400459997938015,0.026168899988988414,1,0.001178700000000532,0.011420000000001096,0,230.41072958250479,6.728088571656457,,3.5594376498229963,0,0,0,,,,,,,,,,,,0,18.23848640598631,-0.33802025526319046,21.412541587463096,0.09887659414058864,18.59688537551419,0.027695004283215464,22.992967618160996,-0.5656373850119095,17.423958957234067,-0.05256645368474951,30.7185625212713,-0.4553698778638427,30.776494991244338,0.092658396305446,28.489391322243108,-0.20332331323473019,29.785053056634236,-0.8309930945919166
1309,2.1,empty_shadow,APF,0,0,1308,2.0500000000000003,1,1,245.34063411856613,-201.68436699960017,,,,,,,0,0,30.40156378163971,-1.4585943005238988,0.13486026227474213,0.0,-0.0005330480635166168,-0.0006512410473078489,31.199668139803066,0.007708758130206572,0,0,7.436876398401475,11.946445386410359,7.438740857934156,occluder,,,,,0.8999999999999999,1291,ok,accepted,0,ok,0.3612783,0.0007362000178545713,0.33400459997938015,0.026168899988988414,0,0.001178700000000532,0.00951700000000244,0,231.32213710428238,7.338285470246888,,3.565633000399828,0,0,0,,,,,,,,,,,,0,18.221404196587592,-0.34164418679541225,21.42011374218166,0.1514431028053405,18.60290688125748,0.12043011665524983,22.969858415609032,-0.46218326325729747,17.420933905474623,-0.06050103511604573,30.699596166760212,-0.3792986438191801,30.781784034775125,0.10578089039089221,28.48228454367253,-0.14213557116980466,29.749307463254883,-0.714911841323928
1310,2.15,empty_shadow,APF,0,0,1309,2.1,1,1,246.8586985261046,-201.67824915061445,,,,,,,0,0,30.333203273236474,-1.3672101680646875,0.16784662008285522,0.0,-0.0008820495568215847,-0.0010776268318295479,31.046939136969044,0.007743541623871705,0,0,8.037856645824316,12.001414633195793,8.039887676460188,occluder,,,,,0.9499999999999997,1291,ok,accepted,0,ok,0.3612783,0.0007362000178545713,0.33400459997938015,0.026168899988988414,1,0.0011769000000008134,0.01172250000000119,0,232.2326901287168,7.9457968533509415,,3.571750849385552,0,0,0,,,,,,,,,,,,0,18.20419228893522,-0.34423815108486133,21.43011586074791,0.20004237915830786,18.61329429885176,0.20774835092577656,22.95171783650765,-0.362810967506696,17.417563623284426,-0.06740564372955737,30.684427601902946,-0.3033404284524982,30.787574708135313,0.11581349164370831,28.478208541954377,-0.08152003417096473,29.719182826790764,-0.6024927029097649
1311,2.1999999999999997,empty_shadow,APF,0,0,1310,2.15,1,1,248.37349753735754,-201.6720866392174,,,,,,,0,0,30.269558935971318,-1.2728867453031256,0.19930903613567352,0.0,-0.0008820495568215847,-0.0010776268318295479,31.046939136969044,0.007776137463207951,0,0,8.637344148840178,12.054408057540826,8.639574673033081,occluder,,,,,0.9999999999999996,1291,ok,accepted,1,ok,0.4874119,0.0006269000004976988,0.46475870002177544,0.021640699997078627,0,0.0011769000000008134,0.01139880000000204,0,233.14241917858976,8.55086681473091,,3.5779133607825884,0,0,0,,,,,,,,,,,,0,18.186905996056794,-0.34572585466785893,21.442351484362785,0.24471248032101567,18.62776915655615,0.28949715193592956,22.938315087628737,-0.2680545187774785,17.413899609087945,-0.07328028385474454,30.673013051476165,-0.22825889348396433,30.793723962952498,0.12298512346298807,28.477104188764574,-0.0220870636806761,29.694446450454166,-0.49472750072824095
1312,2.25,empty_shadow,APF,0,0,1311,2.2,1,1,249.88530578448515,-201.6658030777712,,,,,,,0,0,30.210653038383793,-1.178117951750508,0.22924432158470154,0.0,-0.00118574732914567,-0.0014486636500805616,30.756104447865955,0.007806490222333888,0,0,9.235553161265766,12.104976002952414,9.238025253660403,occluder,,,,,0.6499999999999999,1299,ok,accepted,0,ok,0.4874119,0.0006269000004976988,0.46475870002177544,0.021640699997078627,1,0.00123140000000177,0.011874399999999952,0,234.05120218359593,9.153892056852357,,3.584196922228813,0,0,0,,,,,,,,,,,,0,18.169604445666348,-0.3460310038566441,21.456606990979274,0.28511014001818547,18.646041539644596,0.36544765960103476,22.929415557992506,-0.17799027588636301,17.409991455417153,-0.07816307330807827,30.665285818582927,-0.1545124856152771,30.800102100406214,0.12756277758102877,28.478866580509685,0.03524783498888987,29.674878988919865,-0.39134920546429625
1313,2.3,empty_shadow,APF,0,0,1312,2.25,1,1,251.3942758345476,-201.65933737906917,,,,,,,0,0,30.156434834141084,-1.0843640848541725,0.2577592730522156,0.0,-0.00118574732914567,-0.0014486636500805616,30.756104447865955,0.007834584860398456,0,0,9.832318404891792,12.152765192063516,9.835075929892685,occluder,,,,,0.6999999999999997,1299,ok,accepted,0,ok,0.4874119,0.0006269000004976988,0.46475870002177544,0.021640699997078627,0,0.00123140000000177,0.009915000000003005,0,234.95922224919337,9.754842041317374,,3.5906626209308286,0,0,0,,,,,,,,,,,,0,18.152333414013142,-0.345420627998708,21.472659223099132,0.32104464873805355,18.667817716166976,0.43552352868013533,22.924809435234568,-0.09212225635351094,17.40589256635984,-0.08197778116254482,30.661160098808153,-0.08248325476760565,30.806577514039116,0.12950830111938677,28.48335075863343,0.08968356253404364,29.66025537485722,-0.29247225714159264
1314,2.35,empty_shadow,APF,0,0,1313,2.3000000000000003,1,1,252.90065180212878,-201.65261316588433,,,,,,,0,0,30.106820951240092,-0.9922776580198445,0.2850014269351959,0.0,-0.0014010102022439241,-0.0017116568051278591,30.638480927033083,0.007860426742346912,0,0,10.427992877870713,12.197443211791995,10.43108194101049,occluder,,,,,0.75,1299,ok,accepted,0,ok,0.4874119,0.0006269000004976988,0.46475870002177544,0.021640699997078627,1,0.0018875000000022624,0.01151129999999867,0,235.8662657523476,10.35417450574431,,3.5973868341156674,0,0,0,,,,,,,,,,,,0,18.135153936153408,-0.34358955099125427,21.490279300980188,0.35240156169011577,18.69277725373143,0.49919075024137305,22.924292632115954,-0.010335953173950032,17.401654442325075,-0.08476248056910346,30.66051191365072,-0.012934557701843668,30.813060559728555,0.12966094013985352,28.490413671971396,0.14125826679606335,29.65028759841935,-0.19935550603507757
1315,2.4,empty_shadow,APF,0,0,1314,2.35,1,1,254.40470831418347,-201.64553879179056,,,,,,,0,0,30.06171230444556,-0.9021729358906327,0.3110992908477783,0.0,-0.0014010102022439241,-0.0017116568051278591,30.638480927033083,0.007884033152577167,0,0,11.02259132781643,12.23865187174724,11.026055748147291,occluder,,,,,0.7999999999999998,1299,ok,accepted,0,ok,0.4874119,0.0006269000004976988,0.46475870002177544,0.021640699997078627,0,0.0018875000000022624,0.012433200000000255,0,236.7725157985168,10.951980971629808,,3.604461208209443,0,0,0,,,,,,,,,,,,0,18.118111787520334,-0.3408429657626316,21.50923452694842,0.3791045216100379,18.72059018067141,0.5562585384804382,22.92771065174993,0.06836043798186467,17.39732094831366,-0.08666988024228742,30.66321153923996,0.0540188834902661,30.81945968501327,0.12798252885274758,28.49987412241542,0.18920900890118458,29.644712445313996,-0.11150304097277919
1316,2.45,empty_shadow,APF,0,0,1315,2.4000000000000004,1,1,255.90662844493744,-201.63802264159415,,,,,,,0,0,30.02100199464273,-0.8142061960565883,0.33616018295288086,0.0,-0.0014227853389456868,-0.001738260150887072,30.530765301724944,0.007905429219939968,0,0,11.61623591843796,12.27607059499705,11.620111565783152,occluder,,,,,0.8500000000000001,1299,ok,accepted,0,ok,0.4874119,0.0006269000004976988,0.46475870002177544,0.021640699997078627,1,0.0011721999999991795,0.014868800000002125,0,237.6779723877009,11.548444513199684,,3.611977358405852,0,0,0,,,,,,,,,,,,0,18.101258467354715,-0.337066395267968,21.529282668643138,0.400962834150863,18.750915082461596,0.6064980361871253,22.934922353580422,0.1442340457499772,17.392947401852023,-0.08747092910155954,30.66908917716449,0.11757577165027949,30.825702411706864,0.1248545498095281,28.51153183840789,0.23315431986015217,29.643322014405552,-0.027808598730990456
1317,2.5,empty_shadow,APF,0,0,1316,2.45,1,1,257.40662580701434,-201.63003412484335,,,,,,,0,0,29.984595491120288,-0.7281300704488558,0.36033061146736145,0.0,-0.0014227853389456868,-0.001738260150887072,30.530765301724944,0.007924637197566864,0,0,12.209206831700682,12.309370602192567,12.21352341479211,occluder,,,,,0.8999999999999999,1299,ok,accepted,0,ok,0.4874119,0.0006269000004976988,0.46475870002177544,0.021640699997078627,0,0.0011721999999991795,0.012136299999998101,0,238.5825134495945,12.14390081338297,,3.6199658751566517,0,0,0,,,,,,,,,,,,0,18.084647382091678,-0.33222169571744065,21.550192937801828,0.41820538185676387,18.783393380129123,0.6495659543456727,22.945778965689613,0.2171322370780443,17.388568132297866,-0.08758539108713242,30.67797883098355,0.17781246274088297,30.831714352620526,0.12023883270736076,28.525186548315816,0.27309419816157,29.64595608832301,0.0526814960610439
1318,2.55,empty_shadow,APF,0,0,1317,2.5,1,1,258.90494449417645,-201.62143582915832,,,,,,,0,0,29.952379932818623,-0.6443111660333045,0.3836774230003357,0.0,-0.0012488920474424958,-0.0015258095227181911,30.434509071852546,0.007941692481786968,0,0,12.80162342529925,12.338197820417195,12.806395150449045,occluder,,,,,0.9499999999999997,1299,ok,accepted,0,ok,0.4874119,0.0006269000004976988,0.46475870002177544,0.021640699997078627,1,0.0011881000000002473,0.01176640000000262,0,239.48623053692668,12.738502413212899,,3.6285641708416847,0,0,0,,,,,,,,,,,,0,18.06832239964276,-0.32649963870958176,21.57173454451807,0.430832132831938,18.817670305037453,0.6855384997620613,22.9601393485236,0.287207655935767,17.38422128778298,-0.0869368903945049,30.68968016584557,0.23404232241126313,30.83743447470179,0.11440245053381383,28.54060746297898,0.30841829326180653,29.652471614714507,0.1303105430809486
1319,2.6,empty_shadow,APF,0,0,1318,2.5500000000000003,1,1,260.40176761188195,-201.6122276920744,,,,,,,0,0,29.924273103030384,-0.5621365957647839,0.4062972366809845,0.0,-0.0012488920474424958,-0.0015258095227181911,30.434509071852546,0.007956617570268902,0,0,13.393599941710743,12.362215808772806,13.398833206708625,occluder,,,,,1.0,1299,ok,accepted,0,ok,0.4874119,0.0006269000004976988,0.46475870002177544,0.021640699997078627,0,0.0011881000000002473,0.00999660000000091,0,240.38915417247918,13.332401895365905,,3.6377723079255873,0,0,0,,,,,,,,,,,,0,18.052333110989164,-0.3197857621903184,21.59368051448968,0.43891939929868107,18.853379647785975,0.7141868569927949,22.97783184437022,0.35384993365489564,17.379941201910636,-0.08560171774955325,30.7039852142916,0.2861129770189155,30.842815093029582,0.10761237206961652,28.55757905199998,0.3394317804154349,29.66270837553576,0.20473522888759085
1320,2.65,empty_shadow,APF,0,0,1319,2.6,1,1,261.89727826558885,-201.60240965112695,,,,,,,0,0,29.900198837353916,-0.48148531352936175,0.428233802318573,0.0,-0.000908515474293381,-0.0011099610710516572,30.350211995088085,0.007969434791501273,0,0,13.98525319212636,12.381055683836543,13.990934529975641,occluder,,,,,1.0499999999999998,1299,ok,accepted,0,ok,0.4874119,0.0006269000004976988,0.46475870002177544,0.021640699997078627,1,0.0011711999999981515,0.014241500000000684,0,241.29131486341754,13.925751858134447,,3.6475903488730523,0,0,0,,,,,,,,,,,,0,18.036719569511753,-0.31227081873691764,21.615809593788324,0.44258158876341114,18.890168549057922,0.7357780278971472,22.998661907075117,0.4166012968111803,17.37576220385479,-0.08357996103137405,30.72067266110903,0.33375761778453816,30.847810432012412,0.09990678246638895,28.575878155622927,0.36598207245264575,29.676502337983074,0.27587925830410537
1321,2.7,empty_shadow,APF,0,0,1320,2.6500000000000004,1,1,263.3916900679209,-201.59195111586416,,,,,,,0,0,29.880075708363226,-0.4024625798138004,0.44951727986335754,0.0,-0.000908515474293381,-0.0011099610710516572,30.350211995088085,0.007980172191318196,0,0,14.576772123027203,12.394382859400304,14.582880686933725,occluder,,,,,1.1,1299,ok,accepted,0,ok,0.4874119,0.0006269000004976988,0.46475870002177544,0.021640699997078627,0,0.0011711999999981515,0.012122599999997874,0,242.19271260974182,14.518765914142193,,3.6580488841358374,0,0,0,,,,,,,,,,,,0,18.02152373778236,-0.3039166232819876,21.637910062694306,0.442009383910146,18.927686055896693,0.7503501397892604,23.022412104060653,0.4750040119451167,17.371709090715726,-0.08106226277566378,30.7395021243713,0.3765951006017806,30.85237662228554,0.09132380602009951,28.595277799331082,0.38799287415531813,29.693643693946335,0.3428271258747986
1322,2.75,empty_shadow,APF,0,0,1321,2.7,1,1,264.8851861139253,-201.58082150624503,,,,,,,0,0,29.863835542173895,-0.32480332378661103,0.4701857566833496,0.0,-0.0004581972607411444,-0.0005597935523837805,30.279274418470127,0.007988853530882562,0,0,15.168322018554099,12.401900450533722,15.174816962145673,occluder,,,,,1.15,1299,ok,accepted,0,ok,0.4874119,0.0006269000004976988,0.46475870002177544,0.021640699997078627,1,0.0011778000000006728,0.012243600000001464,0,243.09334742186272,15.11162714802569,,3.66917849375497,0,0,0,,,,,,,,,,,,0,18.00678948556432,-0.294685032179423,21.659795001992695,0.43769879486316926,18.9655888476856,0.7580558393040258,23.048838298546336,0.5285239920072582,17.36781428760191,-0.07789606234911768,30.76023323134528,0.4146256385032963,30.85647360915656,0.0819397372425997,28.6155548233498,0.4055404803656475,29.713897839250365,0.4050829100834125
1323,2.8,empty_shadow,APF,0,0,1322,2.75,1,1,266.3780716001871,-201.56908175331446,,,,,,,0,0,29.85141635347133,-0.2483837740513195,0.4902569055557251,0.0,-0.0004581972607411444,-0.0005597935523837805,30.279274418470127,0.007995501891500013,0,0,15.76012051083976,12.40326588371904,15.766955586468965,occluder,,,,,1.1999999999999997,1299,ok,accepted,0,ok,0.4874119,0.0006269000004976988,0.46475870002177544,0.021640699997078627,0,0.0011778000000006728,0.01030799999999843,0,243.9932803297276,15.70457972642265,,3.680918246685536,0,0,0,,,,,,,,,,,,0,17.99255114401458,-0.2847668188700624,21.68127939828858,0.4296879370665324,19.003541229991317,0.7590476504059172,23.07767918653345,0.5768178910695373,17.364100684071243,-0.07427207086524046,30.78261989904034,0.44773511538790134,30.860070875122926,0.07194531940925725,28.63648606788189,0.41862489063284275,29.73700537412235,0.46215069915754375
1324,2.85,empty_shadow,APF,0,0,1323,2.8000000000000003,1,1,267.87037707030976,-201.55680814060256,,,,,,,0,0,29.842753492881034,-0.17325721180590392,0.5097602605819702,0.0,4.215525768813677e-05,5.1502363930922e-05,30.22044495134639,0.008000144292640352,0,0,16.352206492761105,12.398268143315065,16.359319473587625,occluder,,,,,1.25,1299,ok,accepted,0,ok,0.4874119,0.0006269000004976988,0.46475870002177544,0.021640699997078627,1,0.0011982000000010373,0.012445300000003101,0,244.8924808157601,16.297684710512783,,3.6931918593974444,0,0,0,,,,,,,,,,,,0,17.978837323314103,-0.27427640203500103,21.702197311411997,0.41835827451840557,19.041238033497585,0.7539360743006804,23.10866393252248,0.6196950711868479,17.3605835371727,-0.0703429378672462,30.806410334273433,0.47580933794479924,30.86314362388979,0.061454976502969015,28.6578655397358,0.4275894370739012,29.76268019594351,0.5134964364461823
1325,2.9,empty_shadow,APF,0,0,1324,2.85,1,1,269.3623771928911,-201.54403109198867,,,,,,,0,0,29.83777720339983,-0.09952578962405312,0.5286969542503357,0.0,4.215525768813677e-05,5.1502363930922e-05,30.22044495134639,0.008002812899875415,0,0,16.944716683895134,12.386656921049138,16.952042670295203,occluder,,,,,1.2999999999999998,1299,ok,accepted,0,ok,0.4874119,0.0006269000004976988,0.46475870002177544,0.021640699997078627,0,0.0011982000000010373,0.012190499999999105,0,245.79107095026563,16.891094698588574,,3.7059689080113287,0,0,0,,,,,,,,,,,,0,17.965688077726686,-0.2629849000213554,21.72239424532244,0.40393868976577263,19.07837598905232,0.7427591146608972,23.141510251763886,0.6569265496913738,17.35727428815015,-0.06618498044872059,30.83135084821661,0.4988103553438663,30.86567468941629,0.05062131343711059,28.679483430050862,0.4323578062959935,29.790601869896577,0.5584334782559769
1326,2.95,empty_shadow,APF,0,0,1325,2.9000000000000004,1,1,270.85425526078313,-201.53129986138242,,,,,,,0,0,29.836387887728442,-0.02778631342778226,0.5471017956733704,0.0,0.004745242651551962,0.00579740758985281,32.48005,0.00800355817892792,0,0,17.53781190175571,12.368325461099154,17.545040332744396,occluder,,,,,1.35,1299,ok,stale_plan,0,ok,0.4874119,0.0006269000004976988,0.46475870002177544,0.021640699997078627,1,0.0011611000000009142,0.010627599999999404,0,246.6890202208732,17.485023495873065,,3.718700138617578,0,0,0,,,,,,,,,,,,0,17.953126295395876,-0.2512356352162109,21.741734776764126,0.3868106382805021,19.114682346030204,0.726127141678089,23.175918692792866,0.688168991111203,17.35419010824299,-0.061683598189581586,30.857180133028148,0.5165857273557074,30.867669792931313,0.039902075222496024,28.70113946725015,0.4331207439793868,29.82044805385768,0.5969236786876068
1327,3.0,empty_shadow,APF,0,0,1326,2.95,1,1,272.3461029047959,-201.51884329937408,,,,,,,0,0,29.83851356162563,0.04251347794372862,0.5650076866149902,0.0,0.004745242651551962,0.00579740758985281,32.48005,0.00800241793296133,0,0,18.131562002440408,12.343121759800404,18.13830128730609,occluder,,,,,1.4,1299,ok,stale_plan,0,ok,0.4874119,0.0006269000004976988,0.46475870002177544,0.021640699997078627,0,0.0011611000000009142,0.009535100000000796,0,247.58632863799357,18.079562722765445,,3.7311567006259168,0,0,0,,,,,,,,,,,,0,17.941178678258545,-0.23895233231196236,21.760091114580415,0.36712676405385275,19.14989961267223,0.7043453331970738,23.211593618506292,0.7134986827307295,17.35133671733118,-0.05706781815938008,30.883650242069375,0.5294025971707352,30.86912893450782,0.029182838756481005,28.722642916492763,0.43006898484482264,29.85187542495527,0.6285474229755882
1328,3.05,empty_shadow,APF,0,0,1327,3.0,1,1,273.8382863878993,-201.50681386891608,,,,,,,0,0,29.844051381100662,0.11075638950067912,0.5824332237243652,0.0,0.004831073805689812,0.005902270320802927,32.48005,0.007999448500761615,0,0,18.72628480828658,12.311014944078817,18.732235435456058,occluder,,,,,1.4499999999999997,1299,ok,stale_plan,0,ok,0.4874119,0.0006269000004976988,0.46475870002177544,0.021640699997078627,1,0.0011629000000006329,0.015539499999999151,0,248.4830267139978,18.67504812986465,,3.7431861310839167,0,0,0,,,,,,,,,,,,0,17.929870018262797,-0.2261731926474273,21.77736216696643,0.3454210524489743,19.183795092630067,0.6779095981435435,23.248233670635948,0.7328012005783646,17.348725560037572,-0.05222314586636619,30.91051323460091,0.5372609786308139,30.870067372096273,0.018768761104433037,28.743816394810658,0.42346956635469574,29.884544475493097,0.653381014657191
1329,3.1,empty_shadow,APF,0,0,1328,3.0500000000000003,1,1,275.3308058089959,-201.49550148698373,,,,,,,0,0,29.852902178432576,0.1770159466382637,0.5994186997413635,0.0,0.004831073805689812,0.005902270320802927,32.48005,0.007994706048311016,0,0,19.321894416960546,12.272059690263445,19.32683062303123,occluder,,,,,1.5,1299,ok,stale_plan,0,ok,0.4874119,0.0006269000004976988,0.46475870002177544,0.021640699997078627,0,0.0011629000000006329,0.013679899999999634,0,249.3791754788331,19.271418786125906,,3.754498513016273,0,0,0,,,,,,,,,,,,0,17.919219388560542,-0.21301259004381837,21.79345447546336,0.32184617284958894,19.216153254557913,0.6471632369547549,23.28555274612349,0.746381654898116,17.346356635940655,-0.04737848201262832,30.937530712503037,0.540351616217848,30.87049654989046,0.0085835673730148,28.76450349910262,0.4137420858345331,29.91810234562826,0.6711574109238885
1330,3.15,empty_shadow,APF,0,0,1329,3.1,1,1,276.8238443620353,-201.48516549051135,,,,,,,0,0,29.86500601233558,0.24207667806010136,0.6160228252410889,0.0,0.004528391174972057,0.00553247332572937,32.48005,0.007988227371045183,0,0,19.918490984247992,12.226269549866227,19.9222617205088,occluder,,,,,1.5499999999999998,1299,ok,stale_plan,0,ok,0.4874119,0.0006269000004976988,0.46475870002177544,0.021640699997078627,1,0.0011630999999994174,0.012775699999998835,0,250.2748359572414,19.868796860757016,,3.764834509488651,0,0,0,,,,,,,,,,,,0,17.909245862234837,-0.1994705262040557,21.80830700302076,0.29705055203976455,19.24678908543667,0.6127166163407334,23.3232571137941,0.7540874830996155,17.34422994355326,-0.042533847715451656,30.96447000057188,0.5387888518046288,30.870441263059575,-0.00110572320442806,28.784534475386845,0.4006195256784994,29.952207620133425,0.6821055039538108
1331,3.2,empty_shadow,APF,0,0,1330,3.1500000000000004,1,1,278.31758527219955,-201.47615676916226,,,,,,,0,0,29.88028452408074,0.3055702349031719,0.6322272419929504,0.0,0.004528391174972057,0.00553247332572937,32.48005,0.007980060658992356,0,0,20.516266022344436,12.173699420815254,20.518769617712113,occluder,,,,,1.6,1299,ok,stale_plan,0,ok,0.4874119,0.0006269000004976988,0.46475870002177544,0.021640699997078627,0,0.0011630999999994174,0.010518999999998613,0,251.16997764205718,20.46739608610551,,3.773843230837741,0,0,0,,,,,,,,,,,,0,17.899962792127234,-0.1856614047906593,21.821851086219237,0.27088166391993374,19.2755347388709,0.574913068891486,23.36107021285687,0.7562620886549836,17.3423473925791,-0.037651019469058786,30.991106053244497,0.5327251835913761,30.869918677471688,-0.010451696646905458,28.8037777171101,0.3848648344663669,29.98653414301057,0.6865304779500306
1332,3.25,empty_shadow,APF,0,0,1331,3.2,1,1,279.81218117942433,-201.46862785876434,,,,,,,0,0,29.898694878733885,0.36820709306290667,0.6480653882026672,0.0,0.003992454614490271,0.004877703730016947,32.48005,0.007970236531783166,0,0,21.11524079800261,12.11441074544911,21.116431462110175,occluder,,,,,1.65,1299,ok,stale_plan,0,ok,0.4874119,0.0006269000004976988,0.46475870002177544,0.021640699997078627,1,0.0011477000000006399,0.01230239999999938,0,252.06472259838043,21.067247037007036,,3.7813721412356642,0,0,0,,,,,,,,,,,,0,17.891379714187583,-0.1716615651454669,21.834050485608593,0.24398798742972502,19.302250977646306,0.534324777657845,23.398719290200546,0.7529816344814619,17.340708982146428,-0.03276820860933517,31.017234803523486,0.5225800953976418,30.86895549533353,-0.019263626438986554,28.82211115341032,0.366668726004612,30.02075766489766,0.6844704658388927
1333,3.3,empty_shadow,APF,0,0,1332,3.25,1,1,281.3077847496721,-201.46280758908628,,,,,,,0,0,29.92016800606339,0.42946254659007366,0.6635023355484009,0.0,0.003992454614490271,0.004877703730016947,32.48005,0.007958800950265776,0,0,21.715579944947024,12.048543791776202,21.715441011847272,occluder,,,,,1.6999999999999997,1299,ok,stale_plan,1,ok,1.1035427,0.3414356999855954,0.7374849999905564,0.024278299999423325,0,0.0011477000000006399,0.011009200000000163,0,252.95904027740244,21.66853292823282,,3.7871924109137183,0,0,0,,,,,,,,,,,,0,17.883511887467165,-0.1573565443664671,21.84487849863839,0.2165602604783068,19.326817636386142,0.4913331782006214,23.435948761356897,0.7445894906425296,17.33929945447242,-0.02819055348393203,31.04266362471012,0.5085823055851771,30.867584141843405,-0.027427052246972634,28.839414621842742,0.3460693686590148,30.054563475798695,0.676116252501074
1334,3.35,empty_shadow,APF,0,0,1333,3.3000000000000003,1,1,282.80457925497353,-201.45918417888507,,,,,,,0,0,29.944482684215043,0.4862935630330867,0.676995575428009,0.0,0.006514366716146469,0.007958800531923771,29.59894419554427,0.007945881777776777,1,0,22.31735299435356,11.976471169025551,22.315734218362913,occluder,,,,,1.25,1309,ok,accepted,0,ok,1.1035427,0.3414356999855954,0.7374849999905564,0.024278299999423325,1,0.0012144000000020583,0.012248599999999499,0,253.85302225787922,22.27134545305745,,3.7908158211149328,0,0,0,,,,,,,,,,,,0,17.876365039642344,-0.14293696547251364,21.854317959491787,0.1887892175751149,19.349143163669293,0.44651055107786963,23.472501133715348,0.7310474962070048,17.33811499371765,-0.023689215053254747,31.067192255650745,0.4905790890574611,30.865831319192147,-0.035056434790770384,28.855600383872975,0.3237152406160846,30.087671196039405,0.6621544451781924
1335,3.4,empty_shadow,APF,0,0,1334,3.35,1,1,284.3026563261385,-201.45798647875097,,,,,,,0,0,29.971593546804243,0.5422172517840096,0.6884779930114746,0.0,0.006514366716146469,0.007958800531923771,29.59894419554427,0.007931513957059525,1,0,22.920645449359824,11.898459864737772,22.917352010248027,occluder,,,,,1.2999999999999998,1309,ok,accepted,0,ok,1.1035427,0.3414356999855954,0.7374849999905564,0.024278299999423325,0,0.0012144000000020583,0.007799599999998463,0,254.74666855022156,22.87577623188008,,3.7920135212490322,0,0,0,,,,,,,,,,,,0,17.869941078136602,-0.12847923764331579,21.862374590641167,0.1611326243281495,19.36915698583003,0.40027644965231424,23.50815324690272,0.7130422968052201,17.337142246610966,-0.019454942133617377,31.090660483866227,0.4693713811610489,30.863733267320036,-0.04196101847837583,28.87057688679221,0.2995300583978962,30.119800445766487,0.6425850399205285
1336,3.45,empty_shadow,APF,0,0,1335,3.4000000000000004,1,1,285.8021989853388,-201.45897028560847,,,,,,,0,0,30.0015354245911,0.5988375557371484,0.7021381855010986,0.0,0.0024110726080834866,0.002945680869743228,32.48005,0.00791569103419548,0,0,23.52566048470507,11.814613094387317,23.520769977980954,occluder,,,,,1.35,1309,ok,stale_plan,0,ok,1.1035427,0.3414356999855954,0.7374849999905564,0.024278299999423325,1,0.0011704000000030135,0.01098779999999877,0,255.63997914401864,23.4820082972833,,3.7910297143915272,0,0,0,,,,,,,,,,,,0,17.864241908715186,-0.11398339533959416,21.869056021075135,0.1336286110614822,19.386811419586643,0.3530886826862789,23.542689570288427,0.6907264876546092,17.336371680292004,-0.015411326330371249,31.112919534932455,0.44518792990651956,30.86132431603353,-0.048179007694808144,28.884288817993852,0.27423862406447236,30.15069945520057,0.6179802379826097
1337,3.5,empty_shadow,APF,0,0,1336,3.45,1,1,287.30326828854874,-201.4621966137888,,,,,,,0,0,30.034128967295025,0.6518708540784957,0.7163171172142029,0.0,0.0024110726080834866,0.002945680869743228,32.48005,0.007898520588891756,0,0,24.132371405093746,11.72526569989488,24.126073651665973,occluder,,,,,1.4,1309,ok,stale_plan,0,ok,1.1035427,0.3414356999855954,0.7374849999905564,0.024278299999423325,0,0.0011704000000030135,0.01437649999999735,0,256.53304559720493,24.09001114730694,,3.787803386211209,0,0,0,,,,,,,,,,,,0,17.859269439394062,-0.099449392107275,21.874387048378992,0.10662054911889024,19.40207403949505,0.3052524063787032,23.575911737609367,0.6644433571265986,17.33578994078527,-0.011634790133665343,31.13381872181237,0.4179905001289631,30.858648333777925,-0.05351962860652234,28.896673234407782,0.24768832831172208,30.18013361933129,0.5886833363056182
1338,3.55,empty_shadow,APF,0,0,1337,3.5,1,1,288.8061083763791,-201.46766538000566,,,,,,,0,0,30.069491310223462,0.7072468585687375,0.7302119135856628,0.0,0.0014416184276342392,0.0017612691735848784,32.48005,0.007879954635474263,0,0,24.740998152654896,11.63049032147153,24.73348565823474,occluder,,,,,1.4499999999999997,1309,ok,stale_plan,0,ok,1.1035427,0.3414356999855954,0.7374849999905564,0.024278299999423325,1,0.0011602000000010548,0.012199400000000082,0,257.4258984273568,24.699998404985422,,3.7823346199943444,0,0,0,,,,,,,,,,,,0,17.855019855231966,-0.08499168772146362,21.878405818127693,0.08037539897425187,19.4149429369726,0.25737795762135335,23.607640457787287,0.6345744078370721,17.335387492096082,-0.008048973753896743,31.15324740646886,0.3885800878428162,30.855735836748792,-0.05824992675163348,28.90770152640742,0.220565840051624,30.20788932012418,0.5551140663786516
1339,3.6,empty_shadow,APF,0,0,1338,3.5500000000000003,1,1,290.310719264446,-201.4754223606236,,,,,,,0,0,30.107607161596018,0.7623170274511182,0.743675947189331,0.0,0.0014416184276342392,0.0017612691735848784,32.48005,0.007860016240532336,0,0,25.351575370536477,11.53054708537188,25.34302172362526,occluder,,,,,1.5,1309,ok,stale_plan,0,ok,1.1035427,0.3414356999855954,0.7374849999905564,0.024278299999423325,0,0.0011602000000010548,0.011825299999998151,0,258.3185071168979,25.31200060351125,,3.774577639376389,0,0,0,,,,,,,,,,,,0,17.851489341457928,-0.07061027872950416,21.8811657381411,0.05519840454636451,19.425427649549302,0.20969425976581557,23.637707883621378,0.6013485171241687,17.335145261677013,-0.004844608392701512,31.171102576302328,0.3571092413131974,30.852619250258652,-0.06233172030513436,28.91734317580437,0.19283298800075058,30.233785357550495,0.5179207972997844
1340,3.65,empty_shadow,APF,0,0,1339,3.6,1,1,291.81731451852465,-201.4852996360973,,,,,,,0,0,30.14850624535145,0.8179816751086122,0.7566786408424377,0.0,0.0006077353027649224,0.0007424887153320014,32.48005,0.007838705981686832,0,0,25.964212087845397,11.425700948104533,25.954791117140285,occluder,,,,,1.5499999999999998,1309,ok,stale_plan,0,ok,1.1035427,0.3414356999855954,0.7374849999905564,0.024278299999423325,1,0.0018808000000021252,0.013551199999998431,0,259.2109937465443,25.92610922794347,,3.764700363902705,0,0,0,,,,,,,,,,,,0,17.84867217515591,-0.05634332824100561,21.882712583250928,0.030936907131975208,19.433556787147673,0.1625827600934833,23.665969054488595,0.5652234158696974,17.335053710153147,-0.0018310304608885192,31.187288845224653,0.3237305359827643,30.84933290599022,-0.06572687728826872,28.925586739064684,0.16487126529794396,30.257650070849973,0.47729431106850784
1341,3.7,empty_shadow,APF,0,0,1340,3.6500000000000004,1,1,293.3260771868139,-201.4971292972921,,,,,,,0,0,30.19212716805069,0.8724184539848068,0.7692129015922546,0.0,0.0006077353027649224,0.0007424887153320014,32.48005,0.007816072886490685,0,0,26.57907217249119,11.31628134456625,26.568940138560855,occluder,,,,,1.6,1309,ok,stale_plan,0,ok,1.1035427,0.3414356999855954,0.7374849999905564,0.024278299999423325,0,0.0018808000000021252,0.010878500000000457,0,260.10338881305097,26.54247682972607,,3.752870702707895,0,0,0,,,,,,,,,,,,0,17.84656263364995,-0.04219083127085747,21.883111204480873,0.007972429691357759,19.439379939933108,0.11646306326282835,23.69230571498643,0.5267332078965438,17.33509567426221,0.0008392821777803654,31.201735621661598,0.28893991738259256,30.84590731930404,-0.06851172924554655,28.932437937719513,0.13702397319536685,30.279338502030107,0.4337686634969883
1342,3.75,empty_shadow,APF,0,0,1341,3.7,1,1,294.83709874916735,-201.51069768994128,,,,,,,0,0,30.238445429779087,0.9263652345679674,0.7812977433204651,0.0,-0.00010625172581057996,-0.0001298109709750861,32.48005,0.007792147385779618,0,0,27.196295231287905,11.202658789757622,27.185607577545632,occluder,,,,,1.65,1309,ok,stale_plan,0,ok,1.1035427,0.3414356999855954,0.7374849999905564,0.024278299999423325,1,0.001164899999999136,0.01292760000000115,0,260.99566180925217,27.16122539587832,,3.7393023100587186,0,0,0,,,,,,,,,,,,0,17.845153089709886,-0.028190878735951063,21.882430266517552,-0.01361875413443054,19.442963865947902,0.07167852762546245,23.71660723736184,0.48603044548130026,17.3352539864854,0.0031662444167277746,31.214389478500493,0.2530807138069296,30.842378730956813,-0.07057176497458446,28.937912030551406,0.10948185674373422,30.298741932632343,0.3880686457712906
1343,3.8,empty_shadow,APF,0,0,1342,3.75,1,1,296.3504401886837,-201.5258522053415,,,,,,,0,0,30.287376565644916,0.9786227173165685,0.7929533123970032,0.0,-0.00010625172581057996,-0.0001298109709750861,32.48005,0.007766991341929379,0,0,27.815892838988685,11.085244450848082,27.804789175625512,occluder,,,,,1.6999999999999997,1309,ok,stale_plan,0,ok,1.1035427,0.3414356999855954,0.7374849999905564,0.024278299999423325,0,0.001164899999999136,0.01244960000000006,0,261.8878737703007,27.78235487434614,,3.7241477946585064,0,0,0,,,,,,,,,,,,0,17.844426377206872,-0.014534248921276876,21.880742248664326,-0.033760351977348745,19.4443810381484,0.028343448589973945,23.738782068198706,0.443496615060116,17.335519110263554,0.0053024755936666584,31.22521415724772,0.21649635851313226,30.838781471969007,-0.071945179548919,28.94202999893309,0.08235936777788055,30.31574973673351,0.3401561091582056
1344,3.85,empty_shadow,APF,0,0,1343,3.8000000000000003,1,1,297.86634557309844,-201.5423791371721,,,,,,,0,0,30.338878468897853,1.030038065058747,0.8042216897010803,0.0,-0.0007083278032951057,-0.0008653856348246336,32.48005,0.007740644994188068,0,0,28.438092498874322,10.964395307056298,28.426710725949906,occluder,,,,,1.75,1309,ok,stale_plan,0,ok,1.1035427,0.3414356999855954,0.7374849999905564,0.024278299999423325,1,0.001154400000000777,0.01348830000000234,0,262.78005521897825,28.40607881008333,,3.707620862827895,0,0,0,,,,,,,,,,,,0,17.84436914474298,-0.0011446472442163433,21.878127259669892,-0.052299774938009934,19.443728731596387,-0.01304612881094702,23.758769171603827,0.39974206681312846,17.33587197274648,0.007057249634513103,31.23418293641563,0.17937762277905353,30.83514224536515,-0.07278453245948223,28.944833803994367,0.056076101376025735,30.330300879383962,0.29102287362971874
1345,3.9,empty_shadow,APF,0,0,1344,3.85,1,1,299.3848453262909,-201.56000381683518,,,,,,,0,0,30.39286641119322,1.0797588459073637,0.8151299357414246,0.0,-0.0007083278032951057,-0.0008653856348246336,32.48005,0.007713170537944885,0,0,29.06287775405082,10.840524506986231,29.051341790780043,occluder,,,,,1.7999999999999998,1309,ok,stale_plan,0,ok,1.1035427,0.3414356999855954,0.7374849999905564,0.024278299999423325,0,0.001154400000000777,0.009170800000003254,0,263.67226718523216,29.03236659702185,,3.6899961831648227,0,0,0,,,,,,,,,,,,0,17.844968040077752,0.01197790959732242,21.87466922294292,-0.06916072978735929,19.44110612802468,-0.05245207118698999,23.776515141284573,0.35491939265628486,17.336297312973187,0.008506804496299305,31.24129008048763,0.14214427240051167,30.831493476983738,-0.07297536722714727,28.946361593226356,0.03055578483073956,30.34234004758517,0.2407833786410242
1346,3.95,empty_shadow,APF,0,0,1345,3.9000000000000004,1,1,300.90609224956364,-201.57935180259202,,,,,,,0,0,30.449020187426697,1.1230755246695168,0.8250691294670105,0.0,0.006313316058367491,0.007713170722126961,31.77060153009649,0.007684748789010079,1,0,29.690373908557646,10.714317690011569,29.678385276657473,occluder,,,,,0.75,1331,ok,accepted,1,ok,0.6364242,0.0007991000020410866,0.587500399997225,0.04777740000281483,1,0.0012340000000001794,0.013507600000000508,0,264.56450966385705,29.661371041669724,,3.670648197407985,0,0,0,,,,,,,,,,,,0,17.846205898173125,0.024757165248051154,21.870452061036584,-0.08434323333093227,19.436629575099413,-0.08953105931690647,23.791987552270907,0.3094482191232462,17.33678369011965,0.009727542784888066,31.24653939014608,0.10498704031596857,30.827869498599462,-0.07247956530064231,28.946674401261056,0.006256160891389156,30.351827187069368,0.18974279911789474
1347,4.0,empty_shadow,APF,0,0,1346,3.95,1,1,302.43017790605666,-201.6004535807866,,,,,,,0,0,30.507520567557865,1.1700076026233575,0.8340795636177063,0.0,0.006313316058367491,0.007713170722126961,31.77060153009649,0.007655306074312732,1,0,30.320553921251758,10.585900540889016,30.307648754327086,occluder,,,,,0.7999999999999998,1331,ok,accepted,0,ok,0.6364242,0.0007991000020410866,0.587500399997225,0.04777740000281483,0,0.0012340000000001794,0.012847699999998241,0,265.4569047303637,30.293061631656087,,3.649546419213408,0,0,0,,,,,,,,,,,,0,17.84806746026653,0.037231245457202224,21.865576864354022,-0.09750392913500713,19.430421143737952,-0.12416862749902015,23.805171144887197,0.26367185179555025,17.337312028745057,0.0105667725525099,31.24996328410265,0.06847831726093014,30.824293198852473,-0.07152598954936715,28.945833263281028,-0.016822759395006583,30.358760390453554,0.13866407298873692
1348,4.05,empty_shadow,APF,0,0,1347,4.0,1,1,303.9571938693204,-201.62337015533927,,,,,,,0,0,30.568153741424286,1.2126634773284195,0.842276394367218,0.0,0.006265953648835421,0.007655306253582239,32.0906110436573,0.007624968151141698,1,0,30.953602389338617,10.455749733312496,30.939431693405645,occluder,,,,,0.8499999999999996,1331,ok,accepted,0,ok,0.6364242,0.0007991000020410866,0.587500399997225,0.04777740000281483,1,0.001197699999998747,0.014081999999998374,0,266.34936083202297,30.927621493260574,,3.6266298446607266,0,0,0,,,,,,,,,,,,0,17.850508857366357,0.04882794565210327,21.86011801938128,-0.1091768951457843,19.42261053189389,-0.15621223473372564,23.816065918375052,0.2178954691053772,17.33787469844007,0.011253393891596623,31.25157129534443,0.032160388629670904,30.820781744396697,-0.07022907997299571,28.943903029641493,-0.03860467254112065,30.363135842961846,0.0875090524920527
1349,4.1,empty_shadow,APF,0,0,1348,4.05,1,1,305.4873232812508,-201.64820827530266,,,,,,,0,0,30.63073775963014,1.2516803641170782,0.8495717644691467,0.0,0.006265953648835421,0.007655306253582239,32.0906110436573,0.007593842862429069,1,0,31.589642131541694,10.324343821986876,31.57394427677328,occluder,,,,,0.8999999999999995,1331,ok,accepted,0,ok,0.6364242,0.0007991000020410866,0.587500399997225,0.04777740000281483,0,0.001197699999998747,0.009942700000003413,0,267.2419390091931,31.565172728020798,,3.6017917246973354,0,0,0,,,,,,,,,,,,0,17.85344425880707,0.05870803237047535,21.85418043406875,-0.11875170336573082,19.413335071927435,-0.185509193429405,23.82468522506833,0.172386133365114,17.338454535962107,0.01159675034913781,31.251428275355256,-0.0028603777488034844,30.817350394570813,-0.06862698316114706,28.94097143783483,-0.05863183588119183,30.364970710603355,0.03669735333899927
1350,4.15,empty_shadow,APF,0,0,1349,4.1000000000000005,1,1,307.0206577622469,-201.67516627369065,,,,,,,0,0,30.695117844135833,1.2876016901138598,0.8563500046730042,0.0,0.006215645000338554,0.007593842688947916,32.41009692871042,0.00756202276075105,1,0,32.228669422340886,10.192056109959646,32.21125035669639,occluder,,,,,0.9500000000000002,1331,ok,accepted,0,ok,0.6364242,0.0007991000020410866,0.587500399997225,0.04777740000281483,1,0.001195299999999122,0.01079679999999783,0,268.13473080419226,32.20571541401779,,3.5748337263093504,0,0,0,,,,,,,,,,,,0,17.856825980048377,0.06763442850633437,21.847836587935845,-0.1268769212754053,19.40273400500621,-0.21202132963039164,23.831067211183885,0.1276397218149553,17.33904200124614,0.011749305591785799,31.249583818074115,-0.03688914783143767,30.814012501389517,-0.06675784587038786,28.93710333774642,-0.07736200151126177,30.364316491622805,-0.013084379830217709
1351,4.2,empty_shadow,APF,0,0,1350,4.15,1,1,308.5571669040456,-201.70456459546568,,,,,,,0,0,30.761131495825623,1.3202730337958002,0.8625087141990662,0.0,0.006215645000338554,0.007593842688947916,32.41009692871042,0.0075296024833389555,1,0,32.870709742169595,10.059318688470434,32.851425037474456,occluder,,,,,1.0,1331,ok,accepted,0,ok,0.6364242,0.0007991000020410866,0.587500399997225,0.04777740000281483,0,0.001195299999999122,0.010106700000001467,0,269.02767518707316,32.84928017293555,,3.5454354045343166,0,0,0,,,,,,,,,,,,0,17.860623504533088,0.07595049293373492,21.841191384318577,-0.13290407214887157,19.390952288424934,-0.2356343200625518,23.835259560436125,0.0838469846057912,17.339625652021248,0.011673015372119191,31.246119946458826,-0.06927735894191167,30.810787138919803,-0.0645072272980022,28.932384560579308,-0.09437554304041687,30.361224684243155,-0.061836147581286395
1352,4.25,empty_shadow,APF,0,0,1351,4.2,1,1,310.09694234266203,-201.73664735000625,,,,,,,0,0,30.828660025877664,1.3505706010408147,0.8683801889419556,0.0,0.006163063459098339,0.007529602386057377,32.72684162476802,0.007496653465407057,1,0,33.310798360748805,9.926411127594243,33.28737283988945,follower_1,,,,,1.0499999999999998,1331,ok,accepted,0,ok,0.6364242,0.0007991000020410866,0.587500399997225,0.04777740000281483,1,0.0011893000000000598,0.011527099999998569,0,269.9208942281412,33.49583657048396,,3.513352649993749,0,0,0,,,,,,,,,,,,0,17.864819666076762,0.08392323362653854,21.83431921087077,-0.13744346990463882,19.37813488462206,-0.2563480648318708,23.837306141850885,0.04093162796554299,17.340194045534542,0.011367870330239805,31.241105334814065,-0.10029200799031435,30.807681939308836,-0.06210396762897177,28.926902843848957,-0.10963433430422317,30.35576586015214,-0.10917648078488713
1353,4.3,empty_shadow,APF,0,0,1352,4.25,1,1,311.6401062212771,-201.77162811870366,,,,,,,0,0,30.897582493922528,1.378449360897278,0.8738086223602295,0.0,0.006163063459098339,0.007529602386057377,32.72684162476802,0.007463246814902701,1,0,33.292133420255766,9.793615969498324,33.26653100201576,follower_1,,,,,1.0999999999999996,1331,ok,accepted,0,ok,0.6364242,0.0007991000020410866,0.587500399997225,0.04777740000281483,0,0.0011893000000000598,0.009900899999998103,0,270.8142963746674,34.145598302572864,,3.47837188129634,0,0,0,,,,,,,,,,,,0,17.869393483817536,0.09147635704502102,21.827305899203292,-0.14026623480037673,19.36442865869764,-0.27412450833201596,23.837288971433285,-0.0003434085255822736,17.340737641725962,0.010871923822070216,31.234618195020797,-0.12974236783499055,30.80471025487357,-0.05943366282553939,28.92075355497651,-0.12298577714653654,30.348016313065,-0.154990939077637
1354,4.35,empty_shadow,APF,0,0,1353,4.3,1,1,313.1866281212169,-201.80979682894403,,,,,,,0,0,30.967811851584774,1.4045871532449183,0.87901771068573,0.0,0.006108750589191914,0.007463246583938599,32.971363965446095,0.007429435876137787,1,0,33.277223224374566,9.661176483701022,33.249401604244845,follower_1,,,,,1.1499999999999995,1331,ok,accepted,0,ok,0.6364242,0.0007991000020410866,0.587500399997225,0.04777740000281483,1,0.0011687999999985266,0.010818600000000345,0,271.70791214943335,34.79850442774671,,3.4402031710559697,0,0,0,,,,,,,,,,,,0,17.87433160628191,0.09876245097802779,21.82022965073422,-0.14152496997426597,19.349982385839017,-0.28892544990935515,23.83529197267672,-0.03993997510967232,17.341252629309206,0.010299751581931691,31.226763442136175,-0.15709439729096536,30.80187780831113,-0.05664890545903228,28.91401680261402,-0.13473504694924363,30.338069502823927,-0.1989362001094595
1355,4.4,empty_shadow,APF,0,0,1354,4.3500000000000005,1,1,314.736660682417,-201.85130601655518,,,,,,,0,0,31.039264863037722,1.429060229058976,0.8838204145431519,0.0,0.006108750589191914,0.007463246583938599,32.971363965446095,0.007395271074115384,1,0,33.266159414325855,9.529274079912772,33.23610250332214,follower_1,,,,,1.2000000000000002,1331,ok,accepted,0,ok,0.6364242,0.0007991000020410866,0.587500399997225,0.04777740000281483,0,0.0011687999999985266,0.011030500000000387,0,272.6018025771811,35.45464656119901,,3.398693983444815,0,0,0,,,,,,,,,,,,0,17.879614959106434,0.10566705804783795,21.813168663862132,-0.14121973565782345,19.334939116954022,-0.30086537324573126,23.83140669835729,-0.07770548615463387,17.341725653608634,0.009460485907328477,31.21763454780756,-0.1825769858456714,30.79919604445013,-0.05363525304337625,28.90678795474061,-0.14457695712471086,30.326030333039157,-0.24078338883709352
1356,4.45,empty_shadow,APF,0,0,1355,4.4,1,1,316.29014294260014,-201.89636932539318,,,,,,,0,0,31.111868103987508,1.4520648189957086,0.8882635831832886,0.0,0.006053111981600523,0.007395271211862564,33.11183160119773,0.007360797107765766,1,0,33.25903358968718,9.398115537684513,33.22677394462269,follower_1,,,,,1.25,1331,ok,accepted,0,ok,0.6364242,0.0007991000020410866,0.587500399997225,0.04777740000281483,1,0.0011793999999980542,0.014863899999998154,0,273.4959371455396,36.11399425302369,,3.353630674606819,0,0,0,,,,,,,,,,,,0,17.88522637709972,0.1122283608255225,21.806199230567653,-0.13938866113978807,19.319445719147776,-0.30986795456526534,23.825732331208172,-0.11348734258670931,17.342154809084086,0.008583109388670343,31.20734024470763,-0.20588493981277026,30.796668779177168,-0.05054528459449609,28.899154748790647,-0.15266411866646096,30.31201324471967,-0.28034175718226173
1357,4.5,empty_shadow,APF,0,0,1356,4.45,1,1,317.847227541702,-201.9451392912858,,,,,,,0,0,31.185539016965265,1.473418259555146,0.8921599388122559,0.0,0.006053111981600523,0.007395271211862564,33.11183160119773,0.007326061989319141,1,0,33.2560899431232,9.267838933874032,33.221684619723874,follower_1,,,,,1.2999999999999998,1331,ok,accepted,0,ok,0.6364242,0.0007991000020410866,0.587500399997225,0.04777740000281483,0,0.0011793999999980542,0.009520999999999447,0,274.39037688966164,36.77663910800351,,3.3048607087141875,0,0,0,,,,,,,,,,,,0,17.891152508740984,0.1185226332485576,21.799378571385198,-0.13641317580156817,19.303645241894824,-0.31600954496516787,23.818373774574468,-0.1471711320642917,17.342530560354945,0.007515025478695486,31.19598926207591,-0.227018337319397,30.7942979199976,-0.04741716907038228,28.89121064491921,-0.15888207710012767,30.29613649320357,-0.3175350188482511
1358,4.55,empty_shadow,APF,0,0,1357,4.5,1,1,319.4079142194531,-201.99685297482438,,,,,,,0,0,31.260624659695097,1.501712854596633,0.8944094181060791,0.0,-0.002132000168785453,-0.007326061837375164,32.48005,0.007290912216452622,1,0,33.25735875276246,9.138257902950667,33.22136425235161,follower_1,,,,,1.3499999999999996,1331,ok,stale_plan,0,ok,0.6364242,0.0007991000020410866,0.587500399997225,0.04777740000281483,1,0.0015004000000011786,0.011932399999999177,0,275.28512180954715,37.442580865869104,,3.253147025175622,0,0,0,,,,,,,,,,,,0,17.89736092902326,0.12416840559306766,21.792771534977877,-0.13214071813433506,19.28766738647362,-0.31955710937534176,23.80945691416985,-0.17833720736189623,17.342852904043276,0.00644687376006122,31.183696050322673,-0.24586276778244087,30.792077745160825,-0.044403483912705675,28.883033844404565,-0.1635360099714977,30.278527870615214,-0.35217243819107324
1359,4.6,empty_shadow,APF,0,0,1358,4.55,1,1,320.97232483794335,-202.05089998283879,,,,,,,0,0,31.33652135103121,1.517933826722242,0.8945472836494446,0.0,-0.005996463354676962,-0.007326061837375164,32.48005,0.007255639216447816,1,0,33.26299237224411,9.009786308016496,33.22637818422101,follower_1,,,,,1.3999999999999995,1331,ok,stale_plan,0,ok,0.6364242,0.0007991000020410866,0.587500399997225,0.04777740000281483,0,0.0015004000000011786,0.009074699999999325,0,276.1801413928252,38.11197190108129,,3.1991000171612143,0,0,0,,,,,,,,,,,,0,17.903845915832655,0.12969973571614943,21.786431526493672,-0.12680015868718533,19.27164948071469,-0.320358116063901,23.799092376270515,-0.20729075716897555,17.343110398072717,0.005149880553192555,31.17057887446147,-0.2623419530917042,30.79000634846617,-0.04142792584936675,28.874719712635414,-0.1662826352529154,30.259324705507385,-0.3840632869327853
1360,4.65,empty_shadow,APF,0,0,1359,4.6000000000000005,1,1,322.54045931388646,-202.10703617471825,,,,,,,0,0,31.412892129226517,1.5274155639061604,0.8926836252212524,0.0,-0.005938821472227573,-0.007255639415234327,32.48005,0.007220403623114924,1,0,33.27299073910358,8.882774667530725,33.23666056886115,follower_1,,,,,1.4500000000000002,1331,ok,stale_plan,0,ok,0.6364242,0.0007991000020410866,0.587500399997225,0.04777740000281483,1,0.0012067000000008932,0.011175900000001349,0,277.07552718181404,38.784720588035555,,3.142963825281754,0,0,0,,,,,,,,,,,,0,17.910588394788974,0.1348495786451732,21.780410045202657,-0.12042961424402508,19.25571168637092,-0.31875588703652785,23.787411768054987,-0.23361216345717165,17.343306856995163,0.003929178381161752,31.15675790395713,-0.27641780255771214,30.788072285152055,-0.03868126136604265,28.866342635239874,-0.16754154803905874,30.23866623446446,-0.41316940403854646
1361,4.7,empty_shadow,APF,0,0,1360,4.65,1,1,324.1123785679166,-202.16492583630136,,,,,,,0,0,31.48942398675187,1.5306371505070615,0.888886570930481,0.0,-0.005938821472227573,-0.007255639415234327,32.48005,0.007185350562091448,1,0,33.28753683907489,8.757639260102797,33.252213037171565,follower_1,,,,,1.5,1331,ok,stale_plan,1,ok,0.7370735,0.0008649999799672514,0.7040025000169408,0.03157749999081716,0,0.0012067000000008932,0.008331600000001771,0,277.97127918171907,39.46088784216067,,3.0850741636986356,0,0,0,,,,,,,,,,,,0,17.917571200660216,0.13965611657343213,21.77475667963105,-0.1130673015851682,19.23997988893712,-0.3146359477843615,23.774550511413647,-0.2572251319956928,17.343444188068297,0.0027466213656578034,31.14234949316806,-0.2881666245534276,30.786275555972438,-0.03593458153147429,28.857984629091323,-0.1671601231968821,30.216689786378826,-0.43952894361641454
1362,4.75,empty_shadow,APF,0,0,1361,4.7,1,1,325.68802136187094,-202.22397389567084,,,,,,,0,0,31.565705822715763,1.5256367192778697,0.8837764263153076,0.0,-0.0058812894858419895,-0.007185350637882948,32.761548546772524,0.007150665404424154,1,0,33.30650837802109,8.634832054221656,33.272773004222174,follower_1,,,,,0.9499999999999997,1343,ok,accepted,0,ok,0.7370735,0.0008649999799672514,0.7040025000169408,0.03157749999081716,1,0.0012188000000001864,0.01327360000000155,0,278.867366874964,40.140442942870095,,3.026026104329162,0,0,0,,,,,,,,,,,,0,17.924779075395552,0.14415749322133647,21.769515299214515,-0.10482760035800574,19.224562806736532,-0.30834164190929436,23.760638306120093,-0.2782441051058421,17.343518578059427,0.0014877995839924017,31.127473808662238,-0.2975121669782784,30.78461043818655,-0.03330235505897775,28.84972008243,-0.16529093332364347,30.193546041276374,-0.4628748832380221
1363,4.8,empty_shadow,APF,0,0,1362,4.75,1,1,327.26750956304454,-202.2835852184448,,,,,,,0,0,31.6413702482527,1.513288510738704,0.8775053024291992,0.0,-0.0058812894858419895,-0.007185350637882948,32.761548546772524,0.007116508489898683,1,0,33.33005779286748,8.514618261305909,33.29838725919437,follower_1,,,,,0.9999999999999996,1343,ok,accepted,0,ok,0.7370735,0.0008649999799672514,0.7040025000169408,0.03157749999081716,0,0.0012188000000001864,0.012140099999999876,0,279.763820779125,40.82347723988266,,2.966414781555187,0,0,0,,,,,,,,,,,,0,17.932191037104104,0.1482392324833211,21.76471069893315,-0.09609199994765649,19.209565344398698,-0.29994924325666883,23.745810573560618,-0.29655465043482016,17.343531932654138,0.00026709193005198444,31.112256737029277,-0.30434001880916123,30.78307311790237,-0.030746405917207818,28.84161765939617,-0.1620484605301521,30.16937995818796,-0.4833216420004403
1364,4.8500000000000005,empty_shadow,APF,0,0,1363,4.800000000000001,1,1,328.8506904221888,-202.3432868342437,,,,,,,0,0,31.71608151118903,1.494225258726658,0.8706261515617371,0.0,-0.0041779703460633755,-0.005104353651404381,33.04449282408692,0.007083021420613387,0,0,33.35809331225883,8.397239498491214,33.32877391687333,follower_1,,,,,1.0500000000000003,1343,ok,accepted,0,ok,0.7370735,0.0008649999799672514,0.7040025000169408,0.03157749999081716,1,0.0013134000000007973,0.01105609999999757,0,280.66064089940767,41.50983797874426,,2.906713165756287,0,0,0,,,,,,,,,,,,0,17.93979182696876,0.15201579543502575,21.760379117314617,-0.08663162923688898,19.19508477539153,-0.28961137538020904,23.730204643936037,-0.31211859198876185,17.343484250428368,-0.000953644525531076,31.096807000143162,-0.30899348185901393,30.781644519870106,-0.028571960495915368,28.833746024900087,-0.15743268993778406,30.144326958014634,-0.5010599835539625
1365,4.9,empty_shadow,APF,0,0,1364,4.8500000000000005,1,1,330.4375942903076,-202.4025904514352,,,,,,,0,0,31.78955569898482,1.4694837559157747,0.8631824254989624,0.0,-0.0041779703460633755,-0.005104353651404381,33.04449282408692,0.007050318820348924,0,0,33.39064529760971,8.282801686166442,33.36385397990821,follower_1,,,,,1.1,1343,ok,accepted,0,ok,0.7370735,0.0008649999799672514,0.7040025000169408,0.03157749999081716,0,0.0013134000000007973,0.009206400000000059,0,281.5578882605538,42.19949448571691,,2.847409548564798,0,0,0,,,,,,,,,,,,0,17.9475623706348,0.15541087162918701,21.756533906610876,-0.07690421262376365,19.181210745054116,-0.2774806006879758,23.713955937996808,-0.3249741183332652,17.343375533377092,-0.0021743410616786646,31.081244759072078,-0.3112437393001985,30.78032273705701,-0.026435655033372057,28.826164305594936,-0.15163438508359714,30.118518648092472,-0.5161661782845473
1366,4.95,empty_shadow,APF,0,0,1365,4.9,1,1,332.02819057694904,-202.4612824573956,,,,,,,0,0,31.86162779965487,1.441442013400973,0.8554060459136963,0.0,-0.0017690089298412204,-0.0021612520795315504,33.22293265966979,0.007018459815510164,0,0,33.42765267212438,8.171310447340016,33.40339408763662,follower_1,,,,,1.15,1343,ok,accepted,0,ok,0.7370735,0.0008649999799672514,0.7040025000169408,0.03157749999081716,1,0.0011809000000013725,0.011877399999999483,0,282.45550183261616,42.892477200296014,,2.788717542604388,0,0,0,,,,,,,,,,,,0,17.95549122495599,0.1585770845872056,21.753194139489032,-0.06679534231312083,19.168021453462554,-0.26378582483954266,23.6971960634524,-0.3351974906202397,17.34320578126602,-0.003395042287922012,31.065678731576728,-0.31131965456670774,30.779105862143446,-0.024337495369073706,28.81892400153311,-0.1448060798483097,30.09209617176351,-0.5284495066429823
1367,5.0,empty_shadow,APF,0,0,1366,4.95,1,1,333.62235709208386,-202.51901194164003,,,,,,,0,0,31.932083733392876,1.409118674760137,0.8472052216529846,0.0,-0.0017690089298412204,-0.0021612520795315504,33.22293265966979,0.006987523500866629,0,0,33.46899321454114,8.062800566118986,33.44718840103344,follower_1,,,,,1.1999999999999997,1343,ok,accepted,0,ok,0.7370735,0.0008649999799672514,0.7040025000169408,0.03157749999081716,0,0.0011809000000013725,0.014285699999998513,0,283.353512133171,43.58863341487597,,2.7309880583599693,1,0,0,,,,,,,,,,,,0,17.96356313105113,0.1614381195424218,21.750376984015215,-0.056343109666084364,19.155587474270135,-0.2486795755013589,23.680062349436874,-0.3426742802168878,17.342978810171378,-0.004539422080931583,31.050211913608106,-0.3093356566374939,30.777976728117448,-0.022582675740297414,28.81208614738491,-0.1367570811638839,30.065200672769695,-0.5379099602956559
1368,5.05,empty_shadow,APF,0,0,1367,5.0,1,1,335.21994126865184,-202.57583999137503,,,,,,,0,0,32.000860007710024,1.3755254863429656,0.8386325240135193,0.0,0.0005731240380555391,0.000700203119777143,33.29621785386769,0.0069575215646343214,0,0,33.51451436300519,7.957200363097317,33.49496673985685,follower_1,,,,,1.2499999999999996,1343,ok,accepted,0,ok,0.7370735,0.0008649999799672514,0.7040025000169408,0.03157749999081716,1,0.0012166000000028987,0.013490600000000796,0,284.2519496797948,44.28778004482018,,2.674160008624966,1,0,0,,,,,,,,,,,,0,17.97176092324967,0.1639558417782603,21.74807862387089,-0.04596720310041826,19.14397174496315,-0.23231457818996187,23.662688309886473,-0.34748079098842644,17.342700340369234,-0.00556939600316365,31.034956836439253,-0.30510102218347135,30.776929613018506,-0.020942295067865196,28.80568316839816,-0.12805957765640202,30.037986646618094,-0.5442805036970648
1369,5.1000000000000005,empty_shadow,APF,0,0,1368,5.050000000000001,1,1,336.8210346125336,-202.63162924627474,,,,,,,0,0,32.06779095533084,1.3386189524163683,0.8295539617538452,0.0,0.0005731240380555391,0.000700203119777143,33.29621785386769,0.006928509736304309,0,0,33.56430761298631,7.854464667643444,33.54678190715694,follower_1,,,,,1.3000000000000003,1343,ok,accepted,0,ok,0.7370735,0.0008649999799672514,0.7040025000169408,0.03157749999081716,0,0.0012166000000028987,0.0097719000000005,0,285.1507839601165,44.990039108380245,,2.6183707537252587,1,0,0,,,,,,,,,,,,0,17.980071248904352,0.16620651048889937,21.746304781619198,-0.035476844717203575,19.133225762152495,-0.2149196495936705,23.645203645067742,-0.3496932964964432,17.34237227804688,-0.0065612464568264245,31.02000695788363,-0.2989972122340148,30.775953071936065,-0.019530812807526908,28.79975321188319,-0.1185991281119541,30.010599051370683,-0.5477518862597621
1370,5.15,empty_shadow,APF,0,0,1369,5.1000000000000005,1,1,338.42545378402843,-202.68569312333594,,,,,,,0,0,32.13250276415804,1.2942361765439614,0.8187347054481506,0.0,-0.0056710620410740376,-0.006928509566932917,32.48005,0.00690063200268941,1,0,33.61818966122162,7.754767126337162,33.60290520383397,follower_1,,,,,1.35,1343,ok,stale_plan,0,ok,0.7370735,0.0008649999799672514,0.7040025000169408,0.03157749999081716,1,0.0011502000000014334,0.009770500000001903,0,286.05001496372535,45.69522727626622,,2.5643068766640624,1,0,0,,,,,,,,,,,,0,17.988471221009387,0.1679994398092196,21.74504973728398,-0.02510088568049457,19.123395301876613,-0.1966092007626474,23.627726610591523,-0.34954068974831254,17.34199653226975,-0.007514915580850858,31.00545573525816,-0.29102422715858667,30.775028031476282,-0.018500798382812527,28.794330610414118,-0.10845202724858706,29.983194289578094,-0.5480952178780994
1371,5.2,empty_shadow,APF,0,0,1370,5.15,1,1,340.03310716794266,-202.7378485483329,,,,,,,0,0,32.19505687232393,1.2510821633178182,0.8063376545906067,0.0,-0.0056710620410740376,-0.006928509566932917,32.48005,0.006873843423470736,1,0,33.675946785774244,7.658010546609275,33.66331834057451,follower_1,,,,,1.4,1343,ok,stale_plan,0,ok,0.7370735,0.0008649999799672514,0.7040025000169408,0.03157749999081716,0,0.0011502000000014334,0.010732700000001927,0,286.9496732134031,46.40322241050268,,2.5121514516671084,1,0,0,,,,,,,,,,,,0,17.996953208842744,0.16963975390084163,21.744305859971757,-0.014877544194653777,19.11451278737268,-0.1776502877703241,23.610381184119706,-0.3469085297144878,17.341575010179056,-0.008430441883230546,30.991390905960273,-0.2812964680594302,30.774144954599983,-0.017661524924574044,28.78944016024618,-0.09780900152533671,29.955907783325998,-0.5457301075890216
1372,5.25,empty_shadow,APF,0,0,1371,5.2,1,1,341.64381164320207,-202.7880498073657,,,,,,,0,0,32.25510664905631,1.2009955346475465,0.7922956943511963,0.0,-0.005626317113637924,-0.006873843260109425,32.48005,0.006848273790895095,1,0,33.7375179514916,7.564303075245127,33.72778347409725,follower_1,,,,,1.4499999999999997,1343,ok,stale_plan,0,ok,0.7370735,0.0008649999799672514,0.7040025000169408,0.03157749999081716,1,0.0011827000000010912,0.01317590000000024,0,287.8497892267261,47.1138108724391,,2.461950192634305,1,0,0,,,,,,,,,,,,0,18.005507676980724,0.171089360427925,21.744057892263456,-0.004959351266464783,19.106604921983493,-0.1581573072813007,23.59328180615057,-0.3419875596285842,17.341113435297824,-0.009231497822312517,30.97789257638833,-0.2699665454796342,30.773300025882598,-0.01689856040602846,28.785106656599265,-0.08667007137680602,29.928882583336545,-0.5405039831754418
1373,5.3,empty_shadow,APF,0,0,1372,5.25,1,1,343.2574756154345,-202.83617486136134,,,,,,,0,0,32.312347582885316,1.1448186765801438,0.7767925262451172,0.0,-0.005626317113637924,-0.006873843260109425,32.48005,0.006824032767088929,1,0,33.802658965708886,7.473736331093824,33.79568491498213,follower_1,,,,,1.4999999999999996,1343,ok,stale_plan,0,ok,0.7370735,0.0008649999799672514,0.7040025000169408,0.03157749999081716,0,0.0011827000000010912,0.00968729999999951,0,288.75033248611794,47.82693158527968,,2.413825138638657,1,0,0,,,,,,,,,,,,0,18.014115550504915,0.17215746761083622,21.744298205052843,0.004806259436648333,19.099683149399745,-0.13843545208446414,23.57653528825467,-0.33493035833887974,17.340615620471866,-0.009956296477680083,30.96503703978764,-0.2571107254047652,30.772476079457995,-0.01647891318053452,28.781341543721286,-0.07530225632419153,29.90225220403825,-0.5326075701644785
1374,5.3500000000000005,empty_shadow,APF,0,0,1373,5.300000000000001,1,1,344.87403796099557,-202.88196433174238,,,,,,,0,0,32.36646578064476,1.0823639551888675,0.7599849700927734,0.0,-0.00558554707095027,-0.006824032869189978,32.48005,0.006801232365432377,1,0,33.87133922235819,7.386369783384919,33.8668622404645,follower_1,,,,,1.5500000000000003,1343,ok,stale_plan,0,ok,0.7370735,0.0008649999799672514,0.7040025000169408,0.03157749999081716,1,0.001146999999999565,0.010331600000000662,0,289.6512724740023,48.542553942956374,,2.368035668257619,1,0,0,,,,,,,,,,,,0,18.022765386747636,0.17299672251965112,21.74499818754921,0.013999654416787985,19.09376463580356,-0.11837027198449171,23.56025035008369,-0.32569876353239274,17.34008919395228,-0.010528530402242952,30.952887237598873,-0.2429960439331287,30.771671207279354,-0.01609742740495578,28.778152451117936,-0.06378185116324885,29.876136808378483,-0.5223078982092669
1375,5.4,empty_shadow,APF,0,0,1374,5.3500000000000005,1,1,346.49328498918084,-202.925219927138,,,,,,,0,0,32.4171756382685,1.0141971524748783,0.7420740723609924,0.0,-0.00558554707095027,-0.006824032869189978,32.48005,0.006779971463636047,1,0,33.943283990376926,7.3022653088354526,33.94096653271385,follower_1,,,,,1.6,1343,ok,stale_plan,0,ok,0.7370735,0.0008649999799672514,0.7040025000169408,0.03157749999081716,0,0.001146999999999565,0.010202799999998291,0,290.55270074310835,49.260372702035625,,2.324780072862012,1,0,0,,,,,,,,,,,,0,18.031436203344967,0.1734163290118553,21.746138767452916,0.022811602949719456,19.088839843895272,-0.0984958365265009,23.544516636283873,-0.3146742759622183,17.33953415750572,-0.011100728973279178,30.941502297435623,-0.22769878091644807,30.770870150400896,-0.016021120774279148,28.77554128621496,-0.052223297457150326,29.85065846593788,-0.509566835081754
1376,5.45,empty_shadow,APF,0,0,1375,5.4,1,1,348.1149422656349,-202.9665978691367,,,,,,,0,0,32.46450449438187,0.9465771222673425,0.7211471796035767,0.0,0.002599565079435706,0.006779971532523632,31.09638893683043,0.006760217913756554,1,0,34.01818832824415,7.221310717981899,34.01744635182078,follower_1,,,,,0.8499999999999996,1359,ok,accepted,1,ok,0.7602069,0.0009596000018063933,0.7149181000131648,0.04397509997943416,1,0.001419200000000842,0.01139219999999952,0,291.4544952231305,49.98023549846755,,2.283402130863294,1,0,0,,,,,,,,,,,,0,18.040122279764923,0.1737215260912378,21.747695148521984,0.031127626803873435,19.084906867101527,-0.07865953133887027,23.52942951471549,-0.30174243112057686,17.338960047579135,-0.011482198606250958,30.93093180980249,-0.2114096834413687,30.770067187017432,-0.01605925025370524,28.77351186365993,-0.040588450735464104,29.82592398640256,-0.4946895792965294
1377,5.5,empty_shadow,APF,0,0,1376,5.45,1,1,349.7389183989957,-203.00657121140424,,,,,,,0,0,32.50774203604787,0.8647508333200449,0.6971453428268433,0.0,0.005549482069909573,0.006779971532523632,31.09638893683043,0.0067422473052115685,1,0,34.095899788623484,7.1437266664030625,34.096181174787425,follower_1,,,,,0.8999999999999995,1359,ok,accepted,0,ok,0.7602069,0.0009596000018063933,0.7149181000131648,0.04397509997943416,0,0.001419200000000842,0.013084199999997992,0,292.35674746679797,50.701959388160844,,2.2434287885957644,1,0,0,,,,,,,,,,,,0,18.048810262975792,0.17375966125529357,21.74963872237956,0.03887148239394136,19.0819466345682,-0.059204642905328,23.515078630235617,-0.2870176891047184,17.338368771541656,-0.011825520858048826,30.921221551617194,-0.19420502731044664,30.769256594015932,-0.016211842743153557,28.772062276063256,-0.028991751741618197,29.802032552672262,-0.47782866503588006
1378,5.55,empty_shadow,APF,0,0,1377,5.5,1,1,351.3650302942159,-203.0451705339816,,,,,,,0,0,32.54642507069943,0.7736606930311041,0.670073926448822,0.0,0.005518604535609484,0.0067422473803162575,30.796901662114617,0.006726230325073471,1,0,34.17623527646771,5.038463694228238,34.17721071232617,follower_1,,,,,0.9499999999999993,1359,ok,accepted,0,ok,0.7602069,0.0009596000018063933,0.7149181000131648,0.04397509997943416,1,0.0011886000000025376,0.013168300000000244,0,293.2594574741106,51.42536127606843,,2.2048294660183956,1,0,0,,,,,,,,,,,,0,18.057490617826623,0.1736070947516177,21.75193896978409,0.0460049536849226,19.079938166917177,-0.04016934222585573,23.50153074002401,-0.27095780346774584,17.337767960238825,-0.012016226318513562,30.91240776177051,-0.17627558260990997,30.768430739056786,-0.01651708388876506,28.77116772782948,-0.017890964595401442,29.779073809155758,-0.45917486315521244
1379,5.6000000000000005,empty_shadow,APF,0,0,1378,5.550000000000001,1,1,352.9929118601034,-203.08274691392617,,,,,,,0,0,32.580059292618245,0.6726844383763364,0.6403000354766846,0.0,0.005518604535609484,0.0067422473803162575,30.796901662114617,0.006712350181586597,1,0,34.258737158266314,4.9755192103029575,34.260229144510056,follower_1,4.977323280322649,lead_centre,,,1.0,1359,ok,accepted,0,ok,0.7602069,0.0009596000018063933,0.7149181000131648,0.04397509997943416,0,0.0011886000000025376,0.008383900000001887,0,294.1625642151212,52.1501361009453,,2.1672530860738277,1,0,0,,,,,,,,,,,,0,18.066142362701882,0.1730348942392831,21.75456155871514,0.05245178438631682,19.078852857424177,-0.021706177866713895,23.488856416530776,-0.2534864687421502,17.337157611896455,-0.012206966807037645,30.90452477216626,-0.15765949573587018,30.76758199355311,-0.016974896585191745,28.77082249730375,-0.006904610505218888,29.75712786461775,-0.43891888581254135
1380,5.65,empty_shadow,APF,0,0,1379,5.6000000000000005,1,1,354.62225808746695,-203.1197887365673,,,,,,,0,0,32.60814184201094,0.5616509878538523,0.6078908443450928,0.0,0.005494133103638887,0.006712350063025951,30.497045572289206,0.006700793982385307,1,0,34.343069907251845,4.915140306338814,34.34497251277497,follower_1,4.916824538424841,lead_centre,,,1.0499999999999998,1359,ok,accepted,0,ok,0.7602069,0.0009596000018063933,0.7149181000131648,0.04397509997943416,1,0.001182100000001185,0.009429600000000704,0,295.0661287145716,52.87591782885846,,2.130211263432699,1,0,0,,,,,,,,,,,,0,18.074757867977556,0.17231010328793178,21.757466436512015,0.05809756124193287,19.07865828355576,-0.0038914663092688923,23.477112879554845,-0.23487073810102432,17.336547261784187,-0.012207002253940667,30.897580211469638,-0.1388908396377073,30.766716077929726,-0.017318303611598307,28.770997973625732,0.003509526439406019,29.736274827334658,-0.4170607428774173
1381,5.7,empty_shadow,APF,0,0,1380,5.65,1,1,356.25285550422853,-203.1567385796375,,,,,,,0,0,32.63017288681219,0.4406208960250524,0.5733053684234619,0.0,0.005494133103638887,0.006712350063025951,30.497045572289206,0.006691748903281415,1,0,34.42898954938602,4.857415029160498,34.43122906442447,follower_1,4.859020389193647,lead_centre,,,1.0999999999999996,1359,ok,accepted,0,ok,0.7602069,0.0009596000018063933,0.7149181000131648,0.04397509997943416,0,0.001182100000001185,0.010315200000000857,0,295.970120460091,53.60252350010069,,2.093261420362495,1,0,0,,,,,,,,,,,,0,18.083325688893186,0.1713564153556366,21.760630713263772,0.06328554050886159,19.07930866968262,0.013007731241393,23.46635544270765,-0.2151487351226546,17.335936912076974,-0.012206994179681942,30.891602688928828,-0.11955000921002798,30.765815827037567,-0.018005009835572416,28.77167699056367,0.013580338774020916,29.716573824394438,-0.39402005799545375
1382,5.75,empty_shadow,APF,0,0,1381,5.7,1,1,357.88430758490574,-203.19419167121566,,,,,,,0,0,32.64570998152047,0.31074189416557374,0.5365631580352783,0.0,0.005477271042764187,0.00669174874201417,30.19720882701687,0.0066853809917509464,1,0,34.51600799084119,4.802424482021434,34.51852879827331,follower_1,4.803994594596881,lead_centre,,,1.1499999999999995,1359,ok,accepted,0,ok,0.7602069,0.0009596000018063933,0.7149181000131648,0.04397509997943416,1,0.0012373999999972796,0.012050500000000852,0,296.8745699692555,54.32952607161337,,2.0558083287843374,1,0,0,,,,,,,,,,,,0,18.091834383959714,0.17017389899870553,21.764016248326676,0.06771070454503007,19.080762054078345,0.029067693746440967,23.45662225292192,-0.19466379345048332,17.335330377037565,-0.012130700849813025,30.886582667513405,-0.10039993039874673,30.764879331153118,-0.01872991305537201,28.772832845172765,0.023117092228837077,29.698078261664694,-0.3699112550110368
1383,5.8,empty_shadow,APF,0,0,1382,5.75,1,1,359.51633983788383,-203.23263638622043,,,,,,,0,0,32.65437446137648,0.17328959712017422,0.49808138608932495,0.0,0.005477271042764187,0.00669174874201417,30.19720882701687,0.006681833783107577,1,0,34.60382019639937,4.750196011204423,34.60657803740326,follower_1,4.751781026075825,lead_centre,,,1.1999999999999993,1359,ok,accepted,0,ok,0.7602069,0.0009596000018063933,0.7149181000131648,0.04397509997943416,0,0.0012373999999972796,0.008654499999998677,0,297.77941620691263,55.05671208693434,,2.0173636137795654,1,0,0,,,,,,,,,,,,0,18.100274413635503,0.1688005913778989,21.767590615272145,0.07148734055259703,19.08296121788275,0.04398327873411389,23.447945734606648,-0.17353036367129884,17.33473147293397,-0.011978082252299443,30.882527774706865,-0.08109732062698585,30.763893238626704,-0.01972184831349877,28.774438834482726,0.03211978628425644,29.680832007506098,-0.34492508401640876
1384,5.8500000000000005,empty_shadow,APF,0,0,1383,5.800000000000001,1,1,361.1484641172814,-203.27246961971673,,,,,,,0,0,32.65586139778271,0.02973872812461309,0.4577653706073761,0.0,0.005469155497848988,0.006681833881884813,29.897376135912296,0.006681225320209117,1,0,34.69190753383509,4.70076215556363,34.69487323803754,follower_1,,,,,1.25,1359,ok,accepted,0,ok,0.7602069,0.0009596000018063933,0.7149181000131648,0.04397509997943416,1,0.001197600000001131,0.010108100000000064,0,298.6846897062548,55.78356286698971,,1.9775303802832696,1,0,0,,,,,,,,,,,,0,18.108634334809306,0.16719842139254515,21.771315665715708,0.07450100939312865,19.08586038403198,0.05798332364498201,23.440352591228073,-0.15186286439339142,17.3341440126255,-0.011749206129662617,30.879432285476213,-0.06190923421384396,30.762859457070807,-0.020675630835201426,28.77645299669608,0.040283244386315135,29.664863672397466,-0.3193667022609259
1385,5.9,empty_shadow,APF,0,0,1384,5.8500000000000005,1,1,362.7804364542654,-203.3141949950006,,,,,,,0,0,32.64992512656056,-0.11872542444294254,0.4159580171108246,0.0,0.005469155497848988,0.006681833881884813,29.897376135912296,0.006683654972954468,1,0,34.77993448158631,4.654120232216228,34.78309909756224,follower_1,,,,,1.2999999999999998,1359,ok,accepted,0,ok,0.7602069,0.0009596000018063933,0.7149181000131648,0.04397509997943416,0,0.001197600000001131,0.011448800000000148,0,299.5903904724874,56.50983443774112,,1.935805004999395,1,0,0,,,,,,,,,,,,0,18.116900794262822,0.16532918739746583,21.775166606817024,0.07701882099538551,19.089406146762915,0.07091525456061853,23.43386761766275,-0.12969946774689295,17.33356990073592,-0.011482237791552795,30.877277124053123,-0.04310268176535112,30.76177798590714,-0.021629423647203227,28.77884862931537,0.04791265256510802,29.650175163571852,-0.2937701745801815
1386,5.95,empty_shadow,APF,0,0,1385,5.9,1,1,364.41189043490954,-203.3572175442625,,,,,,,0,0,32.6367070431721,-0.2643616677691796,0.37683969736099243,0.0,-0.0027159564197063446,-0.006683655083179474,32.48005,0.006689069757242295,1,0,34.867626178455794,4.6101610433167295,34.871258735731764,follower_1,,,,,1.3499999999999996,1359,ok,stale_plan,0,ok,0.7602069,0.0009596000018063933,0.7149181000131648,0.04397509997943416,1,0.0011820000000000164,0.014137200000000405,0,300.49648796200717,57.23519092886551,,1.892782455737489,1,0,0,,,,,,,,,,,,0,18.125064251050684,0.16326913485589772,21.779105290843425,0.07877367909480698,19.09353174770124,0.08251201923012287,23.42849462898106,-0.10745976957714475,17.33301104971018,-0.011177020531925963,30.876039400303224,-0.02475394742024515,30.76064501112254,-0.022659495437360105,28.781593306809516,0.05489355007954789,29.636764573319578,-0.26821179964894887
1387,6.0,empty_shadow,APF,0,0,1386,5.95,1,1,366.04242922140804,-203.40121696829092,,,,,,,0,0,32.616275064172434,-0.40863957999334843,0.340487003326416,0.0,-0.00547064607962966,-0.006683655083179474,32.48005,0.006697452667589417,1,0,34.954402660358085,4.568745173362667,34.959011834966994,follower_1,,,,,1.3999999999999995,1359,ok,stale_plan,0,ok,0.7602069,0.0009596000018063933,0.7149181000131648,0.04397509997943416,0,0.0011820000000000164,0.012358199999997765,0,301.4029516624431,57.95926601492806,,1.8487830317090754,1,0,0,,,,,,,,,,,,0,18.133115170933472,0.1610183975884511,21.783091664462514,0.07972747180209441,19.098179966788873,0.09296438372819257,23.424231716735136,-0.08525824076364608,17.332473179253572,-0.01075740917605422,30.875690501186607,-0.006977489377383862,30.75946434713615,-0.023613277652875343,28.7846488821632,0.06111150728143164,29.624622365413675,-0.2428441479704062
