frame,time_s,condition,controller,hidden_visible,hidden_lidar_hits,lidar_frame,lidar_time_s,lidar_is_new,semantic_lidar_reveal_armed,ego_station_m,ego_local_y_m,hidden_station_m,hidden_local_y_m,hidden_reference_y_m,hidden_lateral_error_m,hidden_commanded_ay_mps2,hidden_road_lateral_velocity_mps,hidden_observation_submitted,hidden_aware_plan,ego_speed_mps,ego_accel_mps2,ego_throttle,ego_brake,ego_steer,commanded_ackermann_steer_rad,target_speed_mps,steer_limit_rad,steering_envelope_active,shield_active,minimum_clearance_m,minimum_ttc_s,minimum_oriented_clearance_m,minimum_oriented_clearance_actor_role,minimum_ttc_2d_s,minimum_ttc_2d_actor_role,hidden_oriented_clearance_m,hidden_ttc_2d_s,plan_age_s,plan_source_frame,plan_status,plan_rejection_reason,new_plan,latest_plan_status,planner_total_s,planner_decision_s,planner_mpc_s,planner_field_s,low_level_updated,low_level_time_s,physics_control_cycle_time_s,physics_control_deadline_miss,occluder_station_m,ego_pass_clearance_ahead_occluder_m,hidden_pass_clearance_ahead_occluder_m,ego_target_lane_error_m,ego_centre_lane_overlap,hidden_centre_lane_overlap,concurrent_centre_lane_overlap,hidden_center_geometric_visible_now,hidden_center_los_blocked,hidden_footprint_fully_blocked,hidden_footprint_blocked_sample_count,hidden_footprint_sample_count,hidden_footprint_blocked_sample_fraction,hidden_center_in_range,hidden_center_in_horizontal_fov,hidden_center_geometric_range_m,hidden_center_geometric_bearing_rad,hidden_center_geometric_clear_streak,hidden_center_geometric_reveal_confirmed,occluder_speed_mps,occluder_accel_mps2,lead_left_speed_mps,lead_left_accel_mps2,lead_centre_speed_mps,lead_centre_accel_mps2,lead_right_speed_mps,lead_right_accel_mps2,rear_centre_speed_mps,rear_centre_accel_mps2,follower_1_speed_mps,follower_1_accel_mps2,follower_2_speed_mps,follower_2_accel_mps2,follower_3_speed_mps,follower_3_accel_mps2,follower_4_speed_mps,follower_4_accel_mps2
1350,0.05,empty_shadow,IDEAM,0,0,1349,,0,0,179.57935901874853,-201.750085920754,,,,,,,0,0,33.34039168931008,0.0,0.5769319534301758,0.0,0.00023186593898572028,0.0002832776808645576,33.27898622028631,0.006409697379289534,0,0,2.936315529617617,13.529404454022936,2.936339915717418,rear_centre,,,,,0.05,1349,ok,accepted,1,ok,0.4987877,0.0008056999940890819,0.4969717999920249,0.0,1,0.0014681000000003053,0.011914199999999653,0,193.79112673597203,-20.89197926126036,,3.499914079245997,0,0,0,,,,,,,,,,,,0,18.634591322065976,0.15106223013240722,23.725205951167304,0.3725435377861722,21.4652684454618,0.8547970739382025,23.172582085804972,0.3492737408546159,19.259030634672275,0.9008410076115443,31.951748717132173,1.2520639763973296,31.361468261245545,1.2477360690297663,28.23551332749014,5.638618748605041,29.951817365016232,1.2667291176413313
1351,0.1,empty_shadow,IDEAM,0,0,1350,0.05,1,0,181.2474804834056,-201.75017298512594,,,,,,,0,0,33.38263596303028,0.8448854744040091,0.5724273324012756,0.0,0.00023186593898572028,0.0002832776808645576,33.27898622028631,0.0063934856995625814,0,0,3.5594013895455854,13.453221382911204,3.5594207995776532,rear_centre,,,,,0.1,1349,ok,accepted,0,ok,0.4987877,0.0008056999940890819,0.4969717999920249,0.0,0,0.0014681000000003053,0.00975389999999976,0,194.72310309900362,-20.15583415963488,,3.4998270148740573,0,0,0,,,,,,,,,,,,0,18.641730541158527,0.14278437783506776,23.74876743965285,0.47122977079874384,21.490462595647816,0.5038830102745339,23.195674359025013,0.4618454644221009,19.28625232171919,0.5444337421059443,31.999970193273242,0.9646752517390248,31.40875988622483,0.9460715479954005,28.4909073220997,5.107879892051395,29.99885636207374,0.9410343982048059
1352,0.15000000000000002,empty_shadow,IDEAM,0,0,1351,0.1,1,0,182.9171888724436,-201.75029002571378,,,,,,,0,0,33.403746425563234,0.42220925065905135,0.5702550411224365,0.0,-0.00011625079059740528,-0.00014202712918631732,32.97898529571245,0.0063854073768637,0,0,4.208906852916015,13.407541209381845,4.208908626465874,rear_centre,,,,,0.15000000000000002,1349,ok,accepted,0,ok,0.4987877,0.0008056999940890819,0.4969717999920249,0.0,1,0.0011613999999973146,0.010506199999998245,0,195.65538464300408,-19.418407314597346,,3.499709974286219,0,0,0,,,,,,,,,,,,0,18.648444423538127,0.13427764396309652,23.77296788955173,0.48400899910530787,21.501250539212247,0.21575887970134242,23.22001213095525,0.4867554386432762,19.299205129319198,0.2590561525237599,32.03761602777431,0.7531010365817951,31.444783175900444,0.7206412276464259,28.69739689505316,4.129791458920775,30.033605460099285,0.6951572728546281
1353,0.2,empty_shadow,IDEAM,0,0,1352,0.15000000000000002,1,0,184.5863174223256,-201.75039200531822,,,,,,,0,0,33.38113291222812,-0.45227026670232817,0.5728514790534973,0.0,-0.00011625079059740528,-0.00014202712918631732,32.97898529571245,0.006394061455230799,0,0,4.873085002481,13.418639462388624,4.873066935497141,rear_centre,,,,,0.2,1349,ok,accepted,0,ok,0.4987877,0.0008056999940890819,0.4969717999920249,0.0,0,0.0011613999999973146,0.009279400000000493,0,196.58800186993358,-18.681895991644836,,3.4996079946817815,0,0,0,,,,,,,,,,,,0,18.65471770956266,0.12546571759998926,23.79408034296953,0.4222490697040016,21.500058424204695,-0.023842290074866067,23.24175590930196,0.4348755670028605,19.300660435230693,0.029106117931114735,32.06713795658262,0.5905676823914211,31.472138604844083,0.5472279477378509,28.843326238434525,2.918586867498077,30.05884226843612,0.5048456453499219
1354,0.25,empty_shadow,IDEAM,0,0,1353,0.2,1,0,186.25428628869017,-201.7504486041677,,,,,,,0,0,33.35836631753613,-0.45533189383974104,0.6005005836486816,0.0,-0.000509581295773387,-0.0006225709803402424,32.67898479466094,0.006402791900966485,0,0,4.726035332052439,13.422452265527877,4.726069463571372,occluder,,,,,0.25,1349,ok,accepted,0,ok,0.4987877,0.0008056999940890819,0.4969717999920249,0.0,1,0.0012167000000005146,0.012886600000001636,0,197.52089376025566,-17.946819015602358,,3.499551395832299,0,0,0,,,,,,,,,,,,0,18.66053323310699,0.11631046881766288,23.809632874918016,0.31105064038455876,21.48863338252108,-0.2285008221983568,23.258286903285853,0.33061987974978585,19.29257708644264,-0.16166697689097886,32.089975095406636,0.4568253039037585,31.49239880464624,0.40527723426924345,28.926177651953715,1.6570282702887742,30.07627282474243,0.34866997029019986
1355,0.3,empty_shadow,IDEAM,0,0,1354,0.25,1,1,187.92494068615727,-201.75045851050422,,,,,,,0,0,33.45242485285128,1.8811707063029814,0.613442063331604,0.0,-0.000509581295773387,-0.0006225709803402424,32.67898479466094,0.006366837899161601,0,0,4.014311013257674,13.25408416319604,4.0143162350005435,occluder,,,,,0.3,1349,ok,accepted,0,ok,0.4987877,0.0008056999940890819,0.4969717999920249,0.0,0,0.0012167000000005146,0.012096999999997138,0,198.45409083675196,-17.209361694631554,,3.4995414894957833,0,0,0,,,,,,,,,,,,0,18.665883365502914,0.1070026466262377,23.818597425283382,0.17929100891600366,21.468203747071463,-0.40859269637064805,23.268454982472182,0.20336158382831757,19.276313115115208,-0.3252794282561343,32.10682863318048,0.33711668811738116,31.506356537658405,0.27919276717507113,28.95232358732112,0.5229187072585422,30.086821537961374,0.21099836404322872
1356,0.35000000000000003,empty_shadow,IDEAM,0,0,1355,0.30000000000000004,1,1,189.59965387443035,-201.75032970311372,,,,,,,0,0,33.51772403525461,1.3059836480665865,0.5099656581878662,0.0,-0.0008523009601049125,-0.0010412820847705007,32.378987418821566,0.006342055001082407,0,0,3.3103465267105014,13.118576719411973,3.310341125115268,occluder,,,,,0.35000000000000003,1349,ok,accepted,0,ok,0.4987877,0.0008056999940890819,0.4969717999920249,0.0,1,0.001184400000003194,0.009291099999998664,0,199.38753207468065,-16.46808974428717,,3.499670296886279,0,0,0,,,,,,,,,,,,0,18.67075856813256,0.09750405220997949,23.82125628005712,0.05317709705256098,21.439583956691553,-0.5723957944474212,23.272458511142723,0.08007057354600268,19.252726828120245,-0.4717257416716547,32.11788118788239,0.22107112615109328,31.51429557337347,0.15879524320883484,28.93428578849762,-0.3607559765536443,30.090879136473202,0.08115675345453564
1357,0.4,empty_shadow,IDEAM,0,0,1356,0.35000000000000003,1,1,191.27668635165745,-201.75006277541056,,,,,,,0,0,33.55419952462249,0.729509787357614,0.4310563802719116,0.0,-0.0008523009601049125,-0.0010412820847705007,32.378987418821566,0.006328274452065507,0,0,2.6251575556903783,13.016242758919622,2.625224758139025,occluder,,,,,0.4,1349,ok,accepted,1,ok,0.3219425,0.0007834000280126929,0.3206869999994524,0.0,0,0.001184400000003194,0.01092400000000282,0,200.32118694084915,-15.724712133228564,,3.499937224589445,0,0,0,,,,,,,,,,,,0,18.675143578900464,0.08770021592296892,23.818839680145704,-0.04833199652968727,21.403378640353854,-0.7241063128895253,23.271451434473093,-0.020141533247388755,19.22241522475654,-0.6062320684844279,32.12308673596114,0.10411579526309393,31.516217642992576,0.038443529178399743,28.887286806236244,-0.9399796452318001,30.088525787312616,-0.04706747781970036
1358,0.45,empty_shadow,IDEAM,0,0,1357,0.4,1,1,192.9547868920029,-201.7496428954484,,,,,,,0,0,33.56720737409841,0.2601569895183786,0.3730587363243103,0.0,-0.00043034309055656195,-0.0005257632583379745,32.17771628527679,0.006323370910568159,0,0,1.9817355877536122,12.941150854373394,1.9820773678594075,occluder,,,,,0.45,1349,ok,accepted,0,ok,0.3219425,0.0007834000280126929,0.3206869999994524,0.0,1,0.001196000000000197,0.012149199999999638,0,201.25505542484672,-14.980480076880696,,3.500357104551597,0,0,0,,,,,,,,,,,,0,18.67903076795578,0.07774378237030256,23.813016556480484,-0.11646247137460325,21.360076079617492,-0.866051200503399,23.26705690721031,-0.08789054505066513,19.18578838796486,-0.7325367355137803,32.122277413682056,-0.01618674251609506,31.512010279056003,-0.0841472607883593,28.825296061694598,-1.239814890677513,30.079717981492067,-0.17614987572678492
1359,0.5,empty_shadow,IDEAM,0,0,1358,0.45,1,1,194.6329178926654,-201.74905515840558,,,,,,,0,0,33.56179436100369,-0.10826026189434401,0.3288101553916931,0.0,-0.00043034309055656195,-0.0005257632583379745,32.17771628527679,0.006325410750066503,0,0,1.4393060080477573,12.888297926368363,1.4403331232013823,occluder,,,,,0.5,1349,ok,accepted,0,ok,0.3219425,0.0007834000280126929,0.3206869999994524,0.0,0,0.001196000000000197,0.01061690000000226,0,202.1891375370841,-14.236431188455555,,3.5009448415944178,0,0,0,,,,,,,,,,,,0,18.68240487761685,0.0674821948945833,23.805442486106326,-0.15148140559088466,21.3101245041929,-0.9990314957857925,23.26091143369815,-0.12290947001558228,19.14321253207007,-0.8515171157654307,32.115323713702274,-0.1390705118852842,31.50157076039285,-0.20878363617120915,28.758992801011228,-1.3260652132840471,30.064416271007435,-0.3060117503082514
1360,0.55,empty_shadow,IDEAM,0,0,1359,0.5,1,1,196.31025534785124,-201.748208292644,,,,,,,0,0,33.542119075137926,-0.39350571731532114,0.29233261942863464,0.0,-0.0008096839883364737,-0.0009892155649140477,31.972209129021277,0.006332833503497403,0,0,1.150640079222275,12.853691839513376,1.1529425785661898,occluder,,,,,0.55,1349,ok,accepted,0,ok,0.3219425,0.0007834000280126929,0.3206869999994524,0.0,1,0.001172000000000395,0.009443099999998594,0,203.12331120205053,-13.493267398236156,,3.5017917073560056,0,0,0,,,,,,,,,,,,0,18.685256370276505,0.05702985467556762,23.797410653212815,-0.1606366557215155,21.25399503025462,-1.1225894684126625,23.25431391936233,-0.13195028640848894,19.095019535337133,-0.9638599308495449,32.10219547953481,-0.262550045606727,31.484891912965946,-0.3335565231191002,28.69571840952281,-1.2654878291153968,30.042653867406216,-0.4352028022740757
1361,0.6000000000000001,empty_shadow,IDEAM,0,0,1360,0.55,1,1,197.98624993598068,-201.74708722676948,,,,,,,0,0,33.511329035966085,-0.6158007834368107,0.2596546411514282,0.0,-0.0008096839883364737,-0.0009892155649140477,31.972209129021277,0.006344475688053122,0,0,1.1441142772658282,12.834220388656153,1.1464089738396388,occluder,,,,,0.6000000000000001,1349,ok,accepted,0,ok,0.3219425,0.0007834000280126929,0.3206869999994524,0.0,0,0.001172000000000395,0.007897700000000896,0,204.0576679620643,-12.751629570120485,,3.50291277323052,0,0,0,,,,,,,,,,,,0,18.687575709223594,0.04638677977968443,23.789727864525503,-0.15365577165454264,21.19217593826844,-1.2363818314636366,23.248082615879028,-0.12462606933411377,19.04160040436407,-1.0683826144639859,32.082977140199695,-0.38433556613494724,31.46208112366852,-0.45617676940403384,28.639741533388985,-1.119537521684909,30.01457277938926,-0.561549938262132
1362,0.6500000000000001,empty_shadow,IDEAM,0,0,1361,0.6000000000000001,1,1,199.66044384135466,-201.74553952906197,,,,,,,0,0,33.47160790547958,-0.7944226097301055,0.22800223529338837,0.0,-0.001364666037261486,-0.001667254138737917,31.799513720247536,0.0063595423372582414,0,0,1.1457246874862506,12.8274630913621,1.147408894938711,occluder,,,,,0.6500000000000001,1349,ok,accepted,0,ok,0.3219425,0.0007834000280126929,0.3206869999994524,0.0,1,0.0011845999999984258,0.015641400000003358,0,204.99205524485978,-12.011822947541987,,3.504460470938028,0,0,0,,,,,,,,,,,,0,18.689351452005905,0.03551485600958492,23.782689760066766,-0.1407620869742427,21.125187935232237,-1.3397600552784663,23.24253032764591,-0.11104576436785865,18.983340423116918,-1.165199619157239,32.057875279396974,-0.5019860107921897,31.433358376340635,-0.5743945503381582,28.60650406817929,-0.6647493029148547,29.98039895984399,-0.6833770793894267
1363,0.7000000000000001,empty_shadow,IDEAM,0,0,1362,0.65,1,1,201.3324403250698,-201.74353481728522,,,,,,,0,0,33.424382593128804,-0.9445062470155108,0.19609227776527405,0.0,-0.001364666037261486,-0.001667254138737917,31.799513720247536,0.006377525341360556,0,0,1.1478073185101891,12.831547898071367,1.1483916096233076,occluder,,,,,0.7000000000000001,1349,ok,accepted,1,ok,0.2964807,0.0006296999927144498,0.29541960000642575,0.0,0,0.0011845999999984258,0.009419099999998792,0,205.92659512074243,-11.274366339709502,,3.506465182714777,0,0,0,,,,,,,,,,,,0,18.690572153387205,0.024414026961731557,23.776189528179465,-0.1300046354835726,21.053586059757095,-1.432037506884989,23.23754643015459,-0.09967794945606996,18.9206897274053,-1.2530139088653622,32.027207124687095,-0.6132903723504797,31.399033313213053,-0.6864187224791369,28.57512245328817,-0.6276322964543505,29.940474662471935,-0.7983605049982991
1364,0.7500000000000001,empty_shadow,IDEAM,0,0,1363,0.7000000000000001,1,1,203.001842757536,-201.74136314375465,,,,,,,0,0,33.3705767388577,-1.0761170854220836,0.16415716707706451,0.0,0.0017561407294124365,0.00214553065598011,32.252592046986884,0.0063981072741429515,0,0,1.1500569008771606,12.844983513960708,1.1489780820435131,occluder,,,,,0.45000000000000007,1355,ok,accepted,0,ok,0.2964807,0.0006296999927144498,0.29541960000642575,0.0,1,0.001193600000000572,0.009786399999999418,0,206.86116551420142,-10.539534300702286,,3.508636856245346,0,0,0,,,,,,,,,,,,0,18.6912282757079,0.013122444278834099,23.769899101513438,-0.1258085316164293,20.977936794596452,-1.512985303131593,23.23278378483573,-0.09525290603225042,18.85408509957304,-1.3320925519382758,31.99135856834643,-0.716877222447825,31.359507100817634,-0.790420666001849,28.633376692431934,1.165084784163842,29.89520689508415,-0.9052070989256232
1365,0.8,empty_shadow,IDEAM,0,0,1364,0.75,1,1,204.66843753654035,-201.7390856164984,,,,,,,0,0,33.310775294325005,-1.1960288906539063,0.13224107027053833,0.0,0.0017561407294124365,0.00214553065598011,32.252592046986884,0.0064210997739405805,0,0,1.1523970781816786,12.866563457664126,1.14956897683512,occluder,,,,,0.5,1355,ok,accepted,0,ok,0.2964807,0.0006296999927144498,0.29541960000642575,0.0,0,0.001193600000000572,0.01125250000000122,0,207.79573590245502,-9.807509909951534,,3.510914383501614,0,0,0,,,,,,,,,,,,0,18.691310282325166,0.0016401287445862336,23.763377880177323,-0.13042442601149565,20.897913983291144,-1.6004562278857797,23.227815146363948,-0.09937276905903948,18.78338348896842,-1.4140322085796198,31.95077457777674,-0.8115666109637826,31.315230427867384,-0.8854113772828452,28.697185131352402,1.2761687795062366,29.84506548303406,-1.0026621710639796
1366,0.8500000000000001,empty_shadow,IDEAM,0,0,1365,0.8,1,1,206.33185846678282,-201.73674813681032,,,,,,,0,0,33.24539526262496,-1.3076006340008917,0.10027071088552475,0.0,0.0019276062957942486,0.0023550153709948063,31.952048571180782,0.006446379237943903,0,0,1.1548124667061472,12.895473355794461,1.1506383784141974,occluder,,,,,0.55,1355,ok,accepted,0,ok,0.2964807,0.0006296999927144498,0.29541960000642575,0.0,1,0.0013494999999998925,0.009814200000000994,0,208.73030629591398,-9.078659373168023,,3.51325186318968,0,0,0,,,,,,,,,,,,0,18.690808636595186,-0.010032919554246024,23.75627872759521,-0.14198305171579115,20.813025529371075,-1.6977690808092558,23.22227430288654,-0.11081686920837716,18.707060923372662,-1.526451309427011,31.90594391315855,-0.8964839557925155,31.266699665859377,-0.9704785118640311,28.729886620801285,0.6540297897172296,29.790560142476277,-1.0899287403091364
1367,0.9000000000000001,empty_shadow,IDEAM,0,0,1366,0.8500000000000001,1,1,207.9918309161032,-201.73442709232833,,,,,,,0,0,33.174748984643905,-1.412925559621101,0.06869570910930634,0.0,0.0019276062957942486,0.0023550153709948063,31.952048571180782,0.006473863086822514,0,0,1.157196161236385,12.931215497378691,1.152650163607952,occluder,,,,,0.6000000000000001,1355,ok,accepted,0,ok,0.2964807,0.0006296999927144498,0.29541960000642575,0.0,0,0.0013494999999998925,0.00897199999999998,0,209.66487668416758,-8.353257312101249,,3.515572907671668,0,0,0,,,,,,,,,,,,0,18.68971952394102,-0.02178225917071186,23.748397556158167,-0.15762342946256622,20.72497278807707,-1.7610548277688347,23.21594000205472,-0.12668601631966364,18.62667570792659,-1.6077043078609357,31.857364771344457,-0.9714415847080927,31.214428236312457,-1.045281755812797,28.732413854073055,0.050544665914102414,29.732219493525992,-1.1666293356306257
1368,0.9500000000000001,empty_shadow,IDEAM,0,0,1367,0.9,1,1,209.64814130311018,-201.7322446262332,,,,,,,0,0,33.099115459257064,-1.5126705077368285,0.037618473172187805,0.0,0.0016676293453201652,0.0020373936276882887,31.667607168049265,0.006503482411743189,0,0,1.1594566090433602,12.973586438043961,1.1561649367461535,occluder,,,,,0.65,1355,ok,accepted,0,ok,0.2964807,0.0006296999927144498,0.29541960000642575,0.0,1,0.0011789000000028693,0.013033999999997548,0,210.5992334545921,-7.631303695518795,,3.5177553737667893,0,0,0,,,,,,,,,,,,0,18.688031501224746,-0.033760460904613064,23.73971720027558,-0.1736071182621379,20.635256842886125,-1.794318903898291,23.20877600508012,-0.14327993913915182,18.544056990049448,-1.6523743575777088,31.80555239729468,-1.0360990236448138,31.158931343956375,-1.109785990719419,28.709119401512446,-0.46588905097616534,29.67058152156911,-1.2325766038012584
1369,1.0,empty_shadow,IDEAM,0,0,1368,0.9500000000000001,1,1,211.30051500084895,-201.73029238495104,,,,,,,0,0,33.018738543303236,-1.6075383190765535,0.007530419155955315,0.0,0.0016676293453201652,0.0020373936276882887,31.667607168049265,0.006535182667596909,0,0,1.1614257864738988,13.022683316376082,1.1595720787721246,occluder,,,,,0.7,1355,ok,accepted,0,ok,0.2964807,0.0006296999927144498,0.29541960000642575,0.0,0,0.0011789000000028693,0.010955400000000282,0,211.53362072177146,-6.913317264959375,,3.519707615048958,0,0,0,,,,,,,,,,,,0,18.68574266033362,-0.045776824801615164,23.730382619747196,-0.18669161014845229,20.544890496615977,-1.8073269223513815,23.200904381425044,-0.1574324727747715,18.460131741160524,-1.6785049784918435,31.751018100883737,-1.0905351757108408,31.100735508822908,-1.1637649442806288,28.666299420279003,-0.8563996245132487,29.606195496130958,-1.2875444697559042
1370,1.05,empty_shadow,IDEAM,0,0,1369,1.0,1,1,212.94867740839163,-201.7287383088487,,,,,,,0,0,32.93054608788155,-1.763849108433675,0.0,0.021454935893416405,0.0011117926333099604,0.0013583109248429537,31.41326401793227,0.006570232740366082,0,0,1.1629510952355417,13.08343644492141,1.1625780713006062,occluder,,,,,0.75,1355,ok,accepted,0,ok,0.2964807,0.0006296999927144498,0.29541960000642575,0.0,1,0.0011803000000014663,0.010678600000002092,0,212.46779435030015,-6.1993284859453865,,3.5212616911512953,0,0,0,,,,,,,,,,,,0,18.682845375306535,-0.057945706419254596,23.72062651427628,-0.1951221075147179,20.45464622461821,-1.804885432727458,23.192542569688065,-0.16723623437321333,18.375754453365477,-1.6875457568397572,31.694267354207465,-1.1348668252952554,31.04035377699668,-1.2074877760070368,28.610332084938012,-1.1193467067381817,29.539591471624743,-1.3319163943843224
1371,1.1,empty_shadow,IDEAM,0,0,1370,1.05,1,1,214.59226230961664,-201.72756726406743,,,,,,,0,0,32.83419490923684,-1.9270235728941998,0.0,0.045952197164297104,0.0011117926333099604,0.0013583109248429537,31.41326401793227,0.006608848585764572,0,0,1.1640934247300265,13.157253196366703,1.163061863691751,occluder,,,,,0.8,1355,ok,accepted,0,ok,0.2964807,0.0006296999927144498,0.29541960000642575,0.0,0,0.0011803000000014663,0.011504200000000964,0,213.40181539094715,-5.489764625367371,,3.5224327359325684,0,0,0,,,,,,,,,,,,0,18.67933964817971,-0.07011454635959717,23.71073880078104,-0.19775426641691812,20.365180154023687,-1.7893213998752064,23.183957597864648,-0.17169943611758998,18.29152021840332,-1.6846846998865517,31.635786443066902,-1.1694771608501677,30.97829908703277,-1.2409560782369438,28.546746799316203,-1.271705712393136,29.47130320244792,-1.3656174101776826
1372,1.1500000000000001,empty_shadow,IDEAM,0,0,1371,1.1,1,1,216.23078136083774,-201.7265963117215,,,,,,,0,0,32.73166336871178,-2.050630810501275,0.0,0.06438930332660675,-0.002184294629842043,-0.0026686193887144327,32.01258398117422,0.006650316492980937,0,0,1.1650357138430252,13.242261178063558,1.1632429491017804,occluder,,,,,0.55,1361,ok,accepted,1,ok,0.4532113,0.0006409999914467335,0.4521439999807626,0.0,1,0.0011897000000011815,0.011500599999997974,0,214.3356838437124,-4.785114026911515,,3.5234036882785063,0,0,0,,,,,,,,,,,,0,18.67521975635337,-0.0823978382885499,23.70099413725107,-0.19489326564164725,20.27706067537815,-1.762389555292562,23.175412679382397,-0.17089836935719585,18.20805655490571,-1.6692732700638793,31.57605774407604,-1.1944437925606517,30.915046139365945,-1.2649339036038592,28.479943816366358,-1.3360596589559846,29.401847192422835,-1.3889912690345945
1373,1.2000000000000002,empty_shadow,IDEAM,0,0,1372,1.1500000000000001,1,1,217.86399041103334,-201.72579501752082,,,,,,,0,0,32.62477142037319,-2.13783896677171,0.0,0.07812540978193283,-0.002184294629842043,-0.0026686193887144327,32.01258398117422,0.0066939648372512355,0,0,1.1658389560841442,13.33662573355138,1.164558726093688,occluder,,,,,0.6000000000000001,1361,ok,accepted,0,ok,0.4532113,0.0006409999914467335,0.4521439999807626,0.0,0,0.0011897000000011815,0.011184199999998867,0,215.26927764870123,-4.085498781704757,,3.5242049824791764,0,0,0,,,,,,,,,,,,0,18.67048379144102,-0.09471929814718874,23.69162713009578,-0.1873401377581371,20.190814215879325,-1.7249291670849873,23.167134790442855,-0.16555777858786175,18.125811689525264,-1.6448973069173518,31.515548299057,-1.2100725424626873,30.85108482410896,-1.2791164893370397,28.413156092120914,-1.3357544848636225,29.3317131897673,-1.4025718417605515
1374,1.2500000000000002,empty_shadow,IDEAM,0,0,1373,1.2000000000000002,1,1,219.49179786583133,-201.7250413423923,,,,,,,0,0,32.51476710850587,-2.200086237346426,0.0,0.08861634135246277,-0.002704313723370433,-0.0033039425034075975,31.72614205811275,0.0067393342765178854,0,0,1.166564134552175,13.439174032118352,1.166087277354451,occluder,,,,,0.6500000000000001,1361,ok,accepted,0,ok,0.4532113,0.0006409999914467335,0.4521439999807626,0.0,1,0.0012019000000016433,0.010228200000000243,0,216.20265782024487,-3.391071498450401,,3.524958657607698,0,0,0,,,,,,,,,,,,0,18.66513556819355,-0.10696446319472688,23.682796088274216,-0.17662083086259736,20.106929058083317,-1.6777031269654552,23.15928796225564,-0.15693656341649861,18.045369269728432,-1.6088483943541745,31.454711745316065,-1.2166305503412427,30.786872562172,-1.284152218264288,28.348559911413034,-1.2919236141010302,29.261371851743654,-1.4067396475207374
1375,1.3,empty_shadow,IDEAM,0,0,1374,1.25,1,1,221.1140816184885,-201.72422851646186,,,,,,,0,0,32.40260799712758,-2.2431822275657964,0.0,0.09630053490400314,-0.002704313723370433,-0.0033039425034075975,31.72614205811275,0.006786068958129847,0,0,1.1673485679299063,13.5489860201188,1.1673582697214377,occluder,,,,,0.7,1361,ok,accepted,0,ok,0.4532113,0.0006409999914467335,0.4521439999807626,0.0,0,0.0012019000000016433,0.009796599999997824,0,217.135732816025,-2.7018627415733647,,3.5257714835381364,0,0,0,,,,,,,,,,,,0,18.659175087511205,-0.11920961065393967,23.674583029393823,-0.16426117425801526,20.02525260888022,-1.6335289530908805,23.15194848913094,-0.14678946230317574,17.96704019424246,-1.566581507086706,31.39397116907882,-1.2147279149656514,30.722851498316203,-1.2803455686365135,28.28747325216959,-1.221733184794502,29.191297660989374,-1.4014170435795537
1376,1.35,empty_shadow,IDEAM,0,0,1375,1.3,1,1,222.7306584958768,-201.72315823794787,,,,,,,0,0,32.289046761179094,-2.271224718969762,0.0,0.10162650793790817,-0.002799118170514703,-0.0034197678323835135,31.469539648749006,0.006833884900230563,0,0,1.1683905684097624,13.66529691877206,1.1667014371390134,occluder,,,,,0.75,1361,ok,accepted,0,ok,0.4532113,0.0006409999914467335,0.4521439999807626,0.0,1,0.0011879999999990787,0.01357579999999814,0,218.0684721184653,-2.018025166625364,,3.526841762052129,0,0,0,,,,,,,,,,,,0,18.65260616412212,-0.13137846396346423,23.667007026366054,-0.1515200564031106,19.94481211798856,-1.6088097873135112,23.14514498097068,-0.13607016317647305,17.89145197945911,-1.511764292192337,31.333751559103593,-1.2043255573951352,30.659444705983105,-1.2680770554891148,28.230538890866097,-1.1386872259706777,29.121932714861387,-1.387250725304723
1377,1.4000000000000001,empty_shadow,IDEAM,0,0,1376,1.35,1,1,224.34155896351862,-201.72167790855784,,,,,,,0,0,32.17476083636406,-2.285718496300717,0.0,0.10455434024333954,-0.002799118170514703,-0.0034197678323835135,31.469539648749006,0.006882518009876561,0,0,1.1698427342842024,13.787336178192627,1.1660228217027218,occluder,,,,,0.8,1361,ok,accepted,0,ok,0.4532113,0.0006409999914467335,0.4521439999807626,0.0,0,0.0011879999999990787,0.00954850000000107,0,219.00087572756578,-1.3395283080840272,,3.5283220914421634,0,0,0,,,,,,,,,,,,0,18.64543833486975,-0.1433565808542897,23.660062358720666,-0.13889335052712795,19.866010037561924,-1.576041578182428,23.138867900287934,-0.12554161375395342,17.906481903314653,0.3005984810823475,31.274439768295466,-1.1861853617105105,30.597061933939845,-1.2476123105437282,28.177897971280277,-1.0528183915860658,29.05370200376557,-1.3645820631831822
1378,1.4500000000000002,empty_shadow,IDEAM,0,0,1377,1.4000000000000001,1,1,225.9467524465784,-201.71961969203258,,,,,,,0,0,32.060367054673094,-2.287875633819283,0.0,0.10528095811605453,-0.0025425024796277285,-0.003106252755969763,31.242884423005197,0.006931718737361211,0,0,1.1719034297995563,13.914313749844613,1.1657024013551536,occluder,,,,,0.8500000000000001,1361,ok,accepted,0,ok,0.4532113,0.0006409999914467335,0.4521439999807626,0.0,1,0.0012413000000002228,0.015521200000002011,0,219.93291313616083,-0.6663722336193132,,3.5303803079674196,0,0,0,,,,,,,,,,,,0,18.63762963743866,-0.15617394422889846,23.65371469425478,-0.12695328752810117,19.789481512361945,-1.5305704771789634,23.133088638601162,-0.1155852333904128,17.85386961108985,-1.0522458399303176,31.216415056073007,-1.1604584082739648,30.536076730427112,-1.2196746983433544,28.129416978997316,-0.9696198454938902,28.987005802984772,-1.3339047981979106
1379,1.5000000000000002,empty_shadow,IDEAM,0,0,1378,1.4500000000000002,1,1,227.54633041970425,-201.71675467531716,,,,,,,0,0,31.94645214349768,-2.2782982235082727,0.0,0.10372385382652283,-0.0025425024796277285,-0.003106252755969763,31.242884423005197,0.006981239625472641,0,0,1.1747415858149657,14.045411831187087,1.1660002759873291,occluder,,,,,0.9000000000000001,1361,ok,accepted,1,ok,0.3341011,0.0006309000018518418,0.33284079999430105,0.0,0,0.0012413000000002228,0.011073400000000788,0,220.86455380585258,0.0015650698148022002,,3.533245324682838,0,0,0,,,,,,,,,,,,0,18.629143831703093,-0.16971611026370717,23.647941144171895,-0.11547100066372144,19.715743434240935,-1.474761539757211,23.127782398069233,-0.10612481049474828,17.701132953789298,-3.0547331409311624,31.160031934328302,-1.1276390688350646,30.476860800103854,-1.1843005425598945,28.084802182276675,-0.892295934206683,28.92221394540399,-1.295827552358567
1380,1.55,empty_shadow,IDEAM,0,0,1379,1.5,1,1,229.1401707813585,-201.71299134732564,,,,,,,0,0,31.83376953443733,-2.253652181207002,0.0,0.09893642365932465,-0.0026252407114952803,-0.0032073366455733776,31.806451732084355,0.007030748729436837,0,0,1.352759022886795,14.179462320756217,1.3449497025907895,occluder,,,,,0.55,1369,ok,accepted,0,ok,0.3341011,0.0006309000018518418,0.33284079999430105,0.0,1,0.0012994000000006167,0.012461099999999448,0,221.79576722947542,0.6641920078462249,,3.537008652674359,0,0,0,,,,,,,,,,,,0,18.619982826839582,-0.18322009372037046,23.642711191137064,-0.10459906032250386,19.64527645437665,-1.4093395799707604,23.122933922222664,-0.09696951661859189,17.530833429163398,-3.4059904871877693,31.10561636279588,-1.0882979933075094,30.41974966587357,-1.1422132318324283,28.04374077599179,-0.8212281254539278,28.859686826422084,-1.250538995178827
1381,1.6,empty_shadow,IDEAM,0,0,1380,1.55,1,1,230.72848706608403,-201.70807023578362,,,,,,,0,0,31.72311592236089,-2.213072241528806,0.0,0.09098999202251434,-0.0026252407114952803,-0.0032073366455733776,31.806451732084355,0.007079880638616523,0,0,1.7741350254320358,14.31507707374168,1.7687084377007507,occluder,,,,,0.6000000000000001,1369,ok,accepted,0,ok,0.3341011,0.0006309000018518418,0.33284079999430105,0.0,0,0.0012994000000006167,0.012205899999997882,0,222.72646185430034,1.3218136677468237,,3.541929764216377,0,0,0,,,,,,,,,,,,0,18.610159974257314,-0.1964570490724297,23.63801339088778,-0.09395600496121465,19.578498280685015,-1.3355634629617568,23.118539394706755,-0.08789055016823004,17.410521700720047,-2.4062345635504543,31.053473385245475,-1.042853296897104,30.365054131172496,-1.093907027944157,28.005940935725935,-0.7559968050282214,28.799752488112357,-1.1986864204946175
1382,1.6500000000000001,empty_shadow,IDEAM,0,0,1381,1.6,1,1,232.3113403038281,-201.70197606108138,,,,,,,0,0,31.6151807893276,-2.15870266066581,0.0,0.08046283572912216,-0.002115622628480196,-0.00258472072891891,31.558295256170055,0.007128303354717663,0,0,2.3050574291563657,14.451010089960556,2.3018678556425534,occluder,,,,,0.6500000000000001,1369,ok,accepted,0,ok,0.3341011,0.0006309000018518418,0.33284079999430105,0.0,1,0.0011943999999992627,0.009498700000001747,0,223.65666820310904,1.974460556682203,,3.548023938918618,0,0,0,,,,,,,,,,,,0,18.599709605485327,-0.2090073735914654,23.633855371823884,-0.08316038132958896,19.515790385338363,-1.2541579001194143,23.114600722712513,-0.07877343968498264,17.300008020175337,-2.210273606416668,31.00388904164209,-0.9916850354826222,30.313062177483445,-1.0398384753971575,27.971194760525563,-0.6949235036768592,28.74271235202437,-1.1408025919368634
1383,1.7000000000000002,empty_shadow,IDEAM,0,0,1382,1.6500000000000001,1,1,233.88891356361108,-201.69460194923698,,,,,,,0,0,31.510592869025597,-2.091758406040043,0.0,0.06741030514240265,-0.002115622628480196,-0.00258472072891891,31.558295256170055,0.00717569986937304,0,0,2.882566008464693,14.58600018145016,2.8812661249388913,occluder,,,,,0.7000000000000002,1369,ok,accepted,0,ok,0.3341011,0.0006309000018518418,0.33284079999430105,0.0,0,0.0011943999999992627,0.00782509999999803,0,224.58632523033808,2.6223767892361423,,3.555398050763017,0,0,0,,,,,,,,,,,,0,18.58865460883267,-0.22109993195209218,23.630254301494848,-0.07202140658798294,19.457494180514953,-1.1659240948380543,23.111136980920275,-0.06927483563336585,17.22519037150766,-1.49635296899645,30.95711319224799,-0.9355169721672121,30.264037055604422,-0.9805024447251982,27.939383994751328,-0.6362153151076018,28.68884310704086,-1.0773826726662794
1384,1.7500000000000002,empty_shadow,IDEAM,0,0,1383,1.7000000000000002,1,1,235.4613899404803,-201.68591732020946,,,,,,,0,0,31.40990761858168,-2.0137050088783326,0.0,0.052298225462436676,-0.0013789799995720387,-0.0016847418155521154,31.328264217693345,0.007221775779079904,0,0,3.481151710871178,14.718827489239976,3.4814749527569635,occluder,,,,,0.7500000000000002,1369,ok,accepted,0,ok,0.3341011,0.0006309000018518418,0.33284079999430105,0.0,1,0.0011679999999998358,0.010380500000000126,0,225.51540242361648,3.265775972826958,,3.5640826797905447,0,0,0,,,,,,,,,,,,0,18.57703122472378,-0.23246768192981723,23.627229251332892,-0.06050100307300595,19.40391484318079,-1.0715867480012482,23.10816724206101,-0.05939477701297975,17.152072169130907,-1.4623640437542542,30.913369058360498,-0.874882183730617,30.218219179868754,-0.9163560556756642,27.910457139965168,-0.5785370952947751,28.638389067683757,-1.009074749475248
1385,1.8,empty_shadow,IDEAM,0,0,1384,1.75,1,1,237.02898304185402,-201.67587632475883,,,,,,,0,0,31.31361866159611,-1.9257791397114232,0.0,0.03518934175372124,-0.0013789799995720387,-0.0016847418155521154,31.328264217693345,0.007266256231104564,0,0,4.0896688368270135,14.848249479167416,4.091407542377935,occluder,,,,,0.8,1369,ok,accepted,0,ok,0.3341011,0.0006309000018518418,0.33284079999430105,0.0,0,0.0011679999999998358,0.011234299999998143,0,226.44389978294424,3.904871714872911,,3.574123675241168,0,0,0,,,,,,,,,,,,0,18.564877599303134,-0.24307250857416351,23.62478403599225,-0.048904306441443245,19.355330845490407,-0.9716799567271844,23.105714395227263,-0.04905693649152758,17.108130679645125,-0.8788297864358616,30.872860830252552,-0.8101617028696393,30.17580132155975,-0.8483526373025809,27.884437084387738,-0.520401111069181,28.591567874113185,-0.9364129382273774
1386,1.85,empty_shadow,IDEAM,0,0,1385,1.8,1,1,238.59190652720446,-201.66458570152687,,,,,,,0,0,31.222163956771887,-1.8290940964844538,0.0,0.016452942043542862,-0.0005041475524194539,-0.0006159323966130614,31.11825041543615,0.007308885111689237,0,0,4.702756701721156,14.973085882448975,4.705730718170903,occluder,,,,,0.8500000000000001,1369,ok,accepted,0,ok,0.3341011,0.0006309000018518418,0.33284079999430105,0.0,1,0.001306400000000707,0.013324999999998255,0,227.37175627316867,4.539938709998921,,3.5854142984731254,0,0,0,,,,,,,,,,,,0,18.55222997298486,-0.252952526842466,23.62292247148244,-0.03723128949947648,19.311976790856136,-0.867081095496647,23.103774624839183,-0.038795407609260125,17.059851877794745,-0.9655760342639937,30.835756505128916,-0.7420798883247928,30.136961028239163,-0.776797187960864,27.861390585189444,-0.46092998342724667,28.54856284994485,-0.8600841928621419
1387,1.9000000000000001,empty_shadow,IDEAM,0,0,1386,1.85,1,1,240.1503740091552,-201.65201486006177,,,,,,,0,0,31.13531098957921,-1.737059343853531,0.0038306824862957,0.0,-0.0005041475524194539,-0.0006159323966130614,31.11825041543615,0.0073497172669139245,0,0,5.317618034758399,15.093350044987202,5.321660444270243,occluder,,,,,0.9000000000000001,1369,ok,accepted,0,ok,0.3341011,0.0006309000018518418,0.33284079999430105,0.0,0,0.001306400000000707,0.0113506000000001,0,228.29897189949514,5.171190565623192,,3.597985139938231,0,0,0,,,,,,,,,,,,0,18.53912458527647,-0.2621077546112713,23.621636926413725,-0.02571090052444001,19.27397666035456,-0.7600026106490266,23.102349837470197,-0.02849574728425726,17.035262345450786,-0.49179064486982327,30.802197393508465,-0.6711709770004665,30.1018472532351,-0.7022621149442605,27.841384399573432,-0.4001237117183383,28.509532521009238,-0.7805850276550916
1388,1.9500000000000002,empty_shadow,IDEAM,0,0,1387,1.9000000000000001,1,1,241.7046296907818,-201.63834682253542,,,,,,,0,0,31.050524836546145,-1.6957230606612939,0.02586505189538002,0.0,0.00040103858918882906,0.0004899610648863018,30.929415806247636,0.007389908689660092,0,0,5.932685645954015,15.213834953921223,5.937626427136248,occluder,,,,,0.9500000000000002,1369,ok,accepted,0,ok,0.3341011,0.0006309000018518418,0.33284079999430105,0.0,1,0.00118450000000081,0.0130277999999997,0,229.2255466515129,5.798871495232021,,3.611653177464575,0,0,0,,,,,,,,,,,,0,18.5256053035891,-0.2703856337735883,23.62089879207179,-0.01476268567303014,19.241290397953588,-0.6537252451784,23.101419054127554,-0.018615666732184767,17.002362493551004,-0.6579970363754309,30.77228667534646,-0.5981981033938736,30.070572710531952,-0.6254726755319207,27.82449482151236,-0.33779156055528564,28.47460679245993,-0.6984883565415997
1389,2.0,empty_shadow,IDEAM,0,0,1388,1.9500000000000002,1,1,243.25461255254763,-201.62362738613393,,,,,,,0,0,30.967918881804135,-1.6521190948402165,0.05205712467432022,0.0,0.00040103858918882906,0.0004899610648863018,30.929415806247636,0.00742938452341237,0,0,6.54690520830615,15.334171496948084,6.552577582128606,occluder,,,,,1.0,1369,ok,accepted,0,ok,0.3341011,0.0006309000018518418,0.33284079999430105,0.0,0,0.00118450000000081,0.011612899999999371,0,230.1513889816983,6.423012026812472,,3.6263726138660672,0,0,0,,,,,,,,,,,,0,18.511715998585,-0.2777860994283457,23.620681363723637,-0.0043485657203259555,19.21379021201368,-0.5500037113738379,23.100957478248617,-0.00923151748122009,16.9897205918518,-0.2528380327615254,30.746108457571793,-0.5235432089492572,30.043215780085553,-0.5471160021402424,27.810782886152893,-0.2742387064520756,28.4438678555048,-0.6147487993054449
1390,2.05,empty_shadow,IDEAM,0,0,1389,2.0,1,1,244.80056682876057,-201.60813112575818,,,,,,,0,0,30.88829835293671,-1.5924105773484598,0.08197968453168869,0.0,0.0012316968059167266,0.001504801562987268,30.761944438309772,0.0074677338003933955,0,0,7.159703870679231,15.452454977747594,7.1659349302295485,occluder,,,,,1.0499999999999998,1369,ok,accepted,0,ok,0.3341011,0.0006309000018518418,0.33284079999430105,0.0,1,0.0011918999999984692,0.011662299999997572,0,231.0765599199986,7.043795364725099,,3.6418688742418226,0,0,0,,,,,,,,,,,,0,18.49749290895179,-0.28446179111456893,23.620940772328165,0.005188173386117247,19.191312072129683,-0.44956278518109655,23.10093650053941,-0.00041955407099022996,16.966832411549255,-0.4577636051737332,30.723718225824655,-0.4477791363548856,30.019835750016806,-0.4675742785325977,27.80027911106797,-0.21007550088493349,28.41738070386482,-0.5297105604689307
1391,2.1,empty_shadow,IDEAM,0,0,1390,2.0500000000000003,1,1,246.3426451489454,-201.59198005965965,,,,,,,0,0,30.812337391944215,-1.51921921984993,0.11487165093421936,0.0,0.0012316968059167266,0.001504801562987268,30.761944438309772,0.007504597877198667,0,0,7.7708131005848395,15.566901521479796,7.77743578298306,occluder,,,,,1.1,1369,ok,accepted,0,ok,0.3341011,0.0006309000018518418,0.33284079999430105,0.0,0,0.0011918999999984692,0.014605799999998226,0,232.00099844167192,7.661435163236604,,3.6580199403403526,0,0,0,,,,,,,,,,,,0,18.482983719893767,-0.2901837782032136,23.621629335706793,0.013771269105275505,19.17367096949135,-0.3528220363465334,23.101314158412546,0.0075531575603083306,16.962809817963155,-0.08045187098660171,30.705131387925377,-0.3717077436279277,30.000451827769236,-0.3876493638093229,27.792979681534582,-0.1459885897698432,28.39516833099989,-0.44421375713160394
1392,2.15,empty_shadow,IDEAM,0,0,1391,2.1,1,1,247.8810611986013,-201.57535722042107,,,,,,,0,0,30.740606088226556,-1.4346260743531758,0.14991550147533417,0.0,0.0018849755870178342,0.0023029320873320103,30.61888873876974,0.007539660443826559,0,0,8.380091202114015,15.675858705523462,8.386938173007245,occluder,,,,,1.15,1369,ok,accepted,0,ok,0.3341011,0.0006309000018518418,0.33284079999430105,0.0,1,0.001173699999998945,0.010634700000000663,0,232.92470454151282,8.276145113051598,,3.6746427795789316,0,0,0,,,,,,,,,,,,0,18.468232298603297,-0.2950284216373941,23.62270127558619,0.021438799049481018,19.160685708454697,-0.2597052021169714,23.102054212355107,0.014801078943135652,16.948050757071897,-0.2951812173634332,30.690336623274227,-0.2958638217919386,29.985058395732878,-0.30783791087255097,27.78885026530704,-0.08258832356987185,28.37723461994854,-0.3586406314565252
1393,2.1999999999999997,empty_shadow,IDEAM,0,0,1392,2.15,1,1,249.41605918600905,-201.55846088900245,,,,,,,0,0,30.673528323299312,-1.3415552985448898,0.1841481328010559,0.0,0.0018849755870178342,0.0023029320873320103,30.61888873876974,0.00757267113887953,0,0,8.987526385635851,15.777928859211327,8.994441629639919,occluder,,,,,1.1999999999999997,1369,ok,accepted,0,ok,0.3341011,0.0006309000018518418,0.33284079999430105,0.0,0,0.001173699999998945,0.011389799999999894,0,233.8476782247268,8.888169417245393,,3.691539110997553,0,0,0,,,,,,,,,,,,0,18.453280607532452,-0.299033815621855,23.624114632009295,0.028267130101256064,19.152199885313156,-0.16971644250575227,23.103114700744804,0.021209767882116523,16.95190169725428,0.0770188039329546,30.67929588097585,-0.2207821265268767,29.973617381547637,-0.2287890911251663,27.78781266203112,-0.02075206460875083,28.363541450431683,-0.2738311124810396
1394,2.25,empty_shadow,IDEAM,0,0,1393,2.2,1,1,250.94779178233668,-201.54153515396067,,,,,,,0,0,30.61129395173488,-1.2446874312886536,0.2165071815252304,0.0,0.002292972756549716,0.0028013945557177067,30.498155638793577,0.007603492531374019,0,0,9.59315940982539,15.872168525520078,9.599996713634683,occluder,,,,,1.25,1369,ok,accepted,0,ok,0.3341011,0.0006309000018518418,0.33284079999430105,0.0,1,0.0012220999999996707,0.009483500000001754,0,234.7698279281739,9.497752310125918,,3.708464846039334,0,0,0,,,,,,,,,,,,0,18.43817823602438,-0.30204742325820366,23.625831256119298,0.03433248372616054,19.148062818196788,-0.08274132068511343,23.10446129123938,0.02693180997253985,16.945214533758236,-0.13374326982213705,30.67194627939268,-0.14695927568257494,29.96605634487068,-0.15119018490482394,27.789756247782982,0.038871715467111274,28.354023967365475,-0.19031974073989902
1395,2.3,empty_shadow,IDEAM,0,0,1394,2.25,1,1,252.47659474338866,-201.5247630062353,,,,,,,0,0,30.553957678521147,-1.1467254642746383,0.2469928115606308,0.0,0.002292972756549716,0.0028013945557177067,30.498155638793577,0.007632054988973607,0,0,10.19706083821379,15.957921587538914,10.203689311678673,occluder,,,,,1.2999999999999998,1369,ok,accepted,0,ok,0.3341011,0.0006309000018518418,0.33284079999430105,0.0,0,0.0012220999999996707,0.008426499999998782,0,235.69127572215962,10.105107477192178,,3.725236993764696,0,0,0,,,,,,,,,,,,0,18.42297096211847,-0.3041454693046576,23.627809187278526,0.03955862404943733,19.148150532773627,0.0017543106623530993,23.106067281908324,0.032119813434221434,16.957207943687905,0.23986819864681302,30.668192476307137,-0.07504436176008693,29.962287558784052,-0.0753468396393834,27.794551322303597,0.09590149043985673,28.34859249124988,-0.10860277706480877
1396,2.35,empty_shadow,IDEAM,0,0,1395,2.3000000000000003,1,1,254.00271238675904,-201.50866316133806,,,,,,,0,0,30.501422915696658,-1.0506952564897887,0.27577725052833557,0.0,0.005213525611907244,0.006369523238390684,32.766653,0.007658367061494021,0,0,10.79941511253599,16.034876837271906,10.805595446517676,occluder,,,,,1.35,1369,ok,stale_plan,0,ok,0.3341011,0.0006309000018518418,0.33284079999430105,0.0,1,0.0011538999999984867,0.01195019999999758,0,236.61193006436562,10.710570778356555,,3.741336838661937,0,0,0,,,,,,,,,,,,0,18.40770265382318,-0.3053661556590551,23.63001027910254,0.044021838177550836,19.152348587288127,0.08396110667070243,23.107896432240384,0.03658300673870218,16.959014203489634,0.036125196058939296,30.66791621602051,-0.005495564524073775,29.96218702727519,-0.001984212729029719,27.802030039677067,0.1495743471084697,28.34711154416964,-0.029595877440874593
1397,2.4,empty_shadow,IDEAM,0,0,1396,2.35,1,1,255.52632791680827,-201.49352547377958,,,,,,,0,0,30.453609555796163,-0.9562671980098969,0.3030603229999542,0.0,0.005213525611907244,0.006369523238390684,32.766653,0.007682432866641129,0,0,11.400247108902978,16.10278899804213,11.40570513063404,occluder,,,,,1.4,1369,ok,stale_plan,0,ok,0.3341011,0.0006309000018518418,0.33284079999430105,0.0,0,0.0011538999999984867,0.009473299999999796,0,237.53185198473923,11.314264388032171,,3.7564745262204156,0,0,0,,,,,,,,,,,,0,18.392419088253607,-0.30567129931145315,23.632404011673014,0.04787465221889698,19.160557799870254,0.1641842644744732,23.109918224418184,0.04043584359712591,16.97938850316732,0.4074859935575494,30.670987772176133,0.06145793666324328,29.965621199332954,0.06870677220396985,27.812005479632006,0.19950879874206903,28.34944372760372,0.046662804475066835
1398,2.45,empty_shadow,IDEAM,0,0,1397,2.4000000000000004,1,1,257.04774656135373,-201.47950242733387,,,,,,,0,0,30.410401976403215,-0.8641515878589701,0.3290445804595947,0.0,0.005039503797888756,0.006156915333122015,32.766653,0.007704278155961178,0,0,11.999801722292485,16.161460627274035,12.004329216264736,occluder,,,,,1.4500000000000002,1369,ok,stale_plan,0,ok,0.3341011,0.0006309000018518418,0.33284079999430105,0.0,1,0.00115949999999998,0.011686900000000833,0,238.45104148848588,11.916493528830983,,3.7704975726661303,0,0,0,,,,,,,,,,,,0,18.37716604076078,-0.30506093660510814,23.634952241301853,0.05096459432270196,19.17265991588007,0.2420423286445437,23.112100234783785,0.04364020743151108,16.98974540682822,0.2071380732146539,30.677250697182213,0.12528189200596732,29.97242408206405,0.13607750682593472,27.824271648477108,0.24532337716842723,28.355419211349385,0.1195248515469496
1399,2.5,empty_shadow,IDEAM,0,0,1398,2.45,1,1,258.5671515351667,-201.46691439408787,,,,,,,0,0,30.371648843436255,-0.7750626593391985,0.35387733578681946,0.0,0.005039503797888756,0.006156915333122015,32.766653,0.007723950682090948,0,0,12.598250668184804,16.21086336490164,12.601687624307957,occluder,,,,,1.5,1369,ok,stale_plan,0,ok,0.3341011,0.0006309000018518418,0.33284079999430105,0.0,0,0.00115949999999998,0.011973400000002243,0,239.36943753004203,12.517502461087815,,3.7830856059121345,0,0,0,,,,,,,,,,,,0,18.36198547295667,-0.30361134174883697,23.63762253967795,0.05340596834155242,19.188517605280005,0.3171537930598497,23.114415758275435,0.046310469869682756,17.01814010649082,0.5678939932343927,30.686519920108687,0.18540415130036406,29.98241250862716,0.19978476287651042,27.838614921152214,0.2868654548897478,28.36484337007955,0.18849460327855844
1400,2.55,empty_shadow,IDEAM,0,0,1399,2.5,1,1,260.0847257354897,-201.45515096004996,,,,,,,0,0,30.337338316419146,-0.6862105403421737,0.3777521252632141,0.0,-0.0031456081196665764,-0.007723950780928135,32.801581487074984,0.00774143092997288,1,0,13.19576270713389,16.250706583177738,13.198377397525432,occluder,,,,,1.1499999999999997,1377,ok,accepted,1,ok,1.0652384,0.32715789999929257,0.7376362000068184,0.0,1,0.0011901000000023032,0.012903999999998916,0,240.28710114976582,13.11741304168703,,3.794849039950037,0,0,0,,,,,,,,,,,,0,18.346928883179427,-0.3011317802650174,23.64038248442316,0.055198896552780825,19.2079553920291,0.3887557371884098,23.116832372205227,0.04833227870899763,17.03640678422478,0.36533355467150447,30.698608455643583,0.24178656491006784,29.99538804962515,0.25952348871180714,27.854812138661668,0.32394435319786236,28.37751013979818,0.253343462517155
1401,2.6,empty_shadow,IDEAM,0,0,1400,2.5500000000000003,1,1,261.6007436851698,-201.44381530303062,,,,,,,0,0,30.30726453873701,-0.601475553642743,0.4007074236869812,0.0,-0.006322139874100685,-0.007723950780928135,32.801581487074984,0.007756801518682538,1,0,13.792657571212352,16.280871201129635,13.795049125600093,occluder,,,,,1.2,1377,ok,accepted,0,ok,1.0652384,0.32715789999929257,0.7376362000068184,0.0,0,0.0011901000000023032,0.008314900000002012,0,241.2040018248755,13.716530316257433,,3.8061846969693818,0,0,0,,,,,,,,,,,,0,18.332030603621423,-0.29796557510164445,23.64319774163098,0.056305145013426455,19.23077300522386,0.45635226374772436,23.11932146491854,0.049781854314818484,17.071748048056268,0.7068252766335763,30.7133007057149,0.29385716313974297,30.01113701855077,0.31498873001845606,27.87262869653249,0.356331162139253,28.393188670440978,0.3135758343780589
1402,2.65,empty_shadow,IDEAM,0,0,1401,2.6,1,1,263.11532741286925,-201.43278531108132,,,,,,,0,0,30.281343620663442,-0.5184183614713334,0.4228360056877136,0.0,-0.006349028088152409,-0.007756801322102547,32.50061012875925,0.007770086357392916,1,0,14.389053410405308,16.301212625854454,14.391782985486438,occluder,,,,,1.2499999999999998,1377,ok,accepted,0,ok,1.0652384,0.32715789999929257,0.7376362000068184,0.0,1,0.001182100000001185,0.012377200000003086,0,242.12013958139798,14.314976287434405,,3.817214688918682,0,0,0,,,,,,,,,,,,0,18.31733641226686,-0.2938838092581824,23.6460377943992,0.05680105689293134,19.256732025971502,0.5191804136070717,23.121852519333178,0.05062108829826046,17.096616059769815,0.4973602342866233,30.73037344648958,0.3414636041359765,30.029428568204054,0.3658374358354543,27.891831897870205,0.3840640330386851,28.411634772781596,0.36892503626849565
1403,2.7,empty_shadow,IDEAM,0,0,1402,2.6500000000000004,1,1,264.6287209863234,-201.4218472778814,,,,,,,0,0,30.259481594756945,-0.4372405181299399,0.44418734312057495,0.0,-0.006349028088152409,-0.007756801322102547,32.50061012875925,0.007781317504134451,1,0,14.985130447855383,16.311851919380228,14.988638174894557,occluder,,,,,1.3,1377,ok,accepted,0,ok,1.0652384,0.32715789999929257,0.7376362000068184,0.0,0,0.001182100000001185,0.010566200000003079,0,243.0355754492806,14.912933993005936,,3.8281527221186025,0,0,0,,,,,,,,,,,,0,18.30289017350059,-0.288924759275286,23.648875933301557,0.05676277844934409,19.28555398026851,0.5764390846108743,23.124402648054794,0.051002574555163355,17.137297897915136,0.8136367629565884,30.749595831817793,0.3844535896053022,30.05001469408574,0.4117265429930941,27.912185231506196,0.4070666803891086,28.43260045639282,0.4193150547791213
1404,2.75,empty_shadow,IDEAM,0,0,1403,2.7,1,1,266.1412297686898,-201.41155041569735,,,,,,,0,0,30.2415559828088,-0.35851223896287365,0.4648677408695221,0.0,0.0018360840622335672,0.006165666505694389,32.766653,0.007790544580658728,0,0,15.581117890794332,16.312931923793766,15.5853314167833,occluder,,,,,1.3499999999999999,1377,ok,stale_plan,0,ok,1.0652384,0.32715789999929257,0.7376362000068184,0.0,1,0.0011650000000003047,0.017487400000000264,0,243.9503094181126,15.51070880654035,,3.8384495843026514,0,0,0,,,,,,,,,,,,0,18.288726217319127,-0.28327911096676156,23.651677828557286,0.05603790510715958,19.31693941420115,0.6277086780911119,23.126933702620843,0.050621091364900526,17.167042998651567,0.5949020147772126,30.77072558104544,0.4225984974080855,30.07265121712075,0.4527326222634293,27.933463629175804,0.4255679615414504,28.455812949702583,0.46425027805143404
1405,2.8,empty_shadow,IDEAM,0,0,1404,2.75,1,1,267.65291485758576,-201.40207780916575,,,,,,,0,0,30.22746624828958,-0.28179469038441596,0.4849936366081238,0.0,0.0050466665998101234,0.006165666505694389,32.766653,0.007797808691906278,0,0,16.177075736029582,16.304642173708697,16.181517696042622,occluder,,,,,1.3999999999999997,1377,ok,stale_plan,0,ok,1.0652384,0.32715789999929257,0.7376362000068184,0.0,0,0.0011650000000003047,0.008204899999999071,0,244.86431095990682,16.108392353642074,,3.847922190834254,0,0,0,,,,,,,,,,,,0,18.274878876560678,-0.2769468055859426,23.65442249766141,0.05489338145796846,19.350567893753748,0.6725695918785003,23.129426611116653,0.04985816989895998,17.21121147194267,0.8833694658707022,30.79351088860671,0.4557079134162361,30.097076804018972,0.4885126344994523,27.955421042431094,0.43914827309442633,28.48099758574103,0.5036927300766338
1406,2.85,empty_shadow,IDEAM,0,0,1405,2.8000000000000003,1,1,269.1639593168262,-201.3933073255165,,,,,,,0,0,30.217182260251118,-0.2056797607692573,0.5046426653862,0.0,0.005562502425163984,0.006795878987759352,32.766653,0.007803117126174275,0,0,16.773100714142245,16.286772579460862,16.777274342200208,occluder,,,,,1.45,1377,ok,stale_plan,0,ok,1.0652384,0.32715789999929257,0.7376362000068184,0.0,1,0.001155799999999374,0.009565500000000782,0,245.77767163780305,16.70607613498629,,3.8566926744834973,0,0,0,,,,,,,,,,,,0,18.26139202056233,-0.2697371135600766,23.657079423033174,0.053138506853966073,19.386090373699727,0.710449601624819,23.131868021182143,0.048828201207341757,17.243975906892096,0.6552886990604583,30.81769805396512,0.4837439281577127,30.12302441150434,0.5189523415894988,27.977845755507648,0.4484942689880224,28.50787398718553,0.5375281282056716
1407,2.9,empty_shadow,IDEAM,0,0,1406,2.85,1,1,270.6746683273801,-201.38525411943002,,,,,,,0,0,30.210622720607656,-0.13119079286923352,0.5237225294113159,0.0,0.005562502425163984,0.006795878987759352,32.766653,0.0078065058900629826,0,0,17.369486287511233,16.259382810207327,17.372995588994247,occluder,,,,,1.4999999999999998,1377,ok,stale_plan,0,ok,1.0652384,0.32715789999929257,0.7376362000068184,0.0,0,0.001155799999999374,0.009151400000000365,0,246.690391446596,17.304065336747243,,3.864745880569984,0,0,0,,,,,,,,,,,,0,18.248292351495188,-0.2619933791614482,23.65962953063144,0.05100215233307663,19.423155901521373,0.7413105612949131,23.134242673256317,0.04749304134345377,17.289763718123996,0.9157562247623205,30.84303529576984,0.506744905808589,30.150238449883236,0.544280762048496,28.00052032970987,0.45349149025079866,28.53615987860043,0.5657184069711672
1408,2.95,empty_shadow,IDEAM,0,0,1407,2.9000000000000004,1,1,272.18516401681217,-201.3780859959331,,,,,,,0,0,30.207682109166655,-0.05881222882003101,0.5422795414924622,0.0,0.005429801996797323,0.0066337548196315765,32.766653,0.007808025773967879,0,0,17.96639316663642,16.22271360696912,17.968943288573115,occluder,,,,,1.55,1377,ok,stale_plan,0,ok,1.0652384,0.32715789999929257,0.7376362000068184,0.0,1,0.0011514000000012459,0.013413400000001019,0,247.60240934592753,17.902543126847775,,3.8719140040668947,0,0,0,,,,,,,,,,,,0,18.23561420271165,-0.253562977064829,23.66206328854386,0.048675160307534146,19.46140398800142,0.7649617367309455,23.136529588326287,0.04573830157271585,17.32376029957571,0.679931629152141,30.869267028794418,0.5246346977081143,30.178451895797917,0.5642691503633974,28.023242586229976,0.4544451353714126,28.565569176075012,0.5881872905852475
1409,3.0,empty_shadow,IDEAM,0,0,1408,2.95,1,1,273.69559907711186,-201.37210807873535,,,,,,,0,0,30.208233722184048,0.011032260347860756,0.5603514909744263,0.0,0.005429801996797323,0.0066337548196315765,32.766653,0.007807740633543299,0,0,18.563855709750804,16.177136395731118,18.565229170254774,occluder,,,,,1.5999999999999999,1377,ok,stale_plan,0,ok,1.0652384,0.32715789999929257,0.7376362000068184,0.0,0,0.0011514000000012459,0.01056170000000023,0,248.51381689893742,18.50157063413758,,3.8778919212646485,0,0,0,,,,,,,,,,,,0,18.223388091752927,-0.2445222243468746,23.664373068578918,0.046195604562588574,19.50047032840797,0.781326817214902,23.138713505335666,0.043678340250292866,17.369477540424356,0.914344817049689,30.89614149198388,0.5374896982817787,30.207403455434484,0.5790319983542546,28.045812252688172,0.45139333262793485,28.595817706433007,0.604972860533591
1410,3.05,empty_shadow,IDEAM,0,0,1409,3.0,1,1,275.20618720418906,-201.3675339179958,,,,,,,0,0,30.212210117411313,0.07952790454531566,0.5779997110366821,0.0,0.004876522347331047,0.005957795772701502,32.766653,0.007805685612861097,0,0,19.162035573873485,16.122785773134233,19.16209649064976,occluder,,,,,1.6499999999999997,1377,ok,stale_plan,0,ok,1.0652384,0.32715789999929257,0.7376362000068184,0.0,1,0.0011605999999986238,0.01319649999999939,0,249.42464461279133,19.101331047360873,,3.882466082004214,0,0,0,,,,,,,,,,,,0,18.21163881323368,-0.2349855802398451,23.666543610570898,0.04341084566488934,19.540005879466428,0.790711032761386,23.140788704454355,0.04150398238593911,17.40310981950328,0.6726455816616533,30.923414559871127,0.545462526547572,30.236829932132174,0.5885311492194568,28.06803859457106,0.4445268399490535,28.62663083359679,0.6162657698621431
1411,3.1,empty_shadow,IDEAM,0,0,1410,3.0500000000000003,1,1,276.7170810900333,-201.36466863742402,,,,,,,0,0,30.219508607418366,0.14596980014104588,0.5952465534210205,0.0,0.004876522347331047,0.005957795772701502,32.766653,0.00780191582774905,0,0,19.761094779937014,16.05994983376527,19.759758250363674,occluder,,,,,1.7,1377,ok,stale_plan,0,ok,1.0652384,0.32715789999929257,0.7376362000068184,0.0,0,0.0011605999999986238,0.011053900000000283,0,250.33486198032364,19.702007565672773,,3.8853313625759824,0,0,0,,,,,,,,,,,,0,18.20039307105211,-0.22491485699219482,23.668567286865585,0.04047353281618802,19.579665410630838,0.7931906370803978,23.142736111091214,0.038948132667887755,17.447295460467963,0.8837128193216899,30.95084211250514,0.5485531631993125,30.266483390047004,0.5930717107224516,28.089744228378606,0.43411267747534144,28.65773392042971,0.6220658824588912
1412,3.15,empty_shadow,IDEAM,0,0,1411,3.1,1,1,278.2284333693748,-201.3636495140597,,,,,,,0,0,30.23011388145064,0.21210548064551915,0.61210697889328,0.0,0.004085209220647812,0.004991024732589722,32.766653,0.007796442901740933,0,0,20.3610528065114,15.988745380245922,20.358295456884246,occluder,,,,,1.7499999999999998,1377,ok,stale_plan,0,ok,1.0652384,0.32715789999929257,0.7376362000068184,0.0,1,0.0011508999999989555,0.012550900000000809,0,251.24459105622356,20.303630769114363,,3.886350485940312,0,0,0,,,,,,,,,,,,0,18.189671846005247,-0.21442451744125027,23.670432654162003,0.03730735313657611,19.619117042072723,0.7890326442005932,23.144550003289662,0.036277843821558374,17.47920158900688,0.6381225708554834,30.978195289899784,0.5470667107031606,30.296119709061568,0.5927298941871602,28.11077465842733,0.42060860151109125,28.688863770059577,0.6226019340345504
1413,3.2,empty_shadow,IDEAM,0,0,1412,3.1500000000000004,1,1,279.7404272361633,-201.36473588483713,,,,,,,0,0,30.243929935635947,0.2763210837061081,0.6285403966903687,0.0,0.004085209220647812,0.004991024732589722,32.766653,0.007789321663436877,0,0,20.962166612941886,15.909447439328643,20.957994269768346,occluder,,,,,1.8,1377,ok,stale_plan,0,ok,1.0652384,0.32715789999929257,0.7376362000068184,0.0,0,0.0011508999999989555,0.009473299999999796,0,252.1537402773513,20.906475414775173,,3.885264115162869,0,0,0,,,,,,,,,,,,0,18.179501841885372,-0.2034001006175005,23.672133991141138,0.034026746295197426,19.658044149505884,0.7785421633213551,23.146226567239758,0.0335312791988351,17.520652092158112,0.8290100630344834,31.00525095430765,0.5411175051813029,30.32551193319659,0.5878488985653865,28.130983019469458,0.40416722098346697,28.719766717556237,0.6180645018788615
1414,3.25,empty_shadow,IDEAM,0,0,1413,3.2,1,1,281.2532153771829,-201.36821761467777,,,,,,,0,0,30.260758198073443,0.33656524874992044,0.6420861482620239,0.0,0.0057860189117491245,0.007068955805152655,29.047393160824697,0.007780661007346375,0,0,21.56451647302063,15.822645774539652,21.55884294205151,occluder,,,,,0.8499999999999996,1397,ok,accepted,1,ok,0.7105114,0.0006317999796010554,0.7094794000149705,0.0,1,0.001193900000000525,0.010807299999999742,0,253.0623706944757,21.510633138670357,,3.881782385322225,0,0,0,,,,,,,,,,,,0,18.169894506155487,-0.19214673085918976,23.67367320577919,0.030784296861090944,19.69615490812638,0.7622151859200648,23.147761986078642,0.03070837684356075,17.549710550463505,0.5811691661132036,31.0317955023472,0.5308961522984771,30.354433103108967,0.578428579646683,28.15023198204946,0.38497925154362134,28.750204350949115,0.608758606852394
1415,3.3,empty_shadow,IDEAM,0,0,1414,3.25,1,1,282.7669504792178,-201.37438456850305,,,,,,,0,0,30.28041362943709,0.39310862727290896,0.6526640057563782,0.0,0.0057860189117491245,0.007068955805152655,29.047393160824697,0.0077705636251290955,0,0,22.168121868393655,15.729017215057047,22.160827069387604,occluder,,,,,0.8999999999999995,1397,ok,accepted,0,ok,0.7105114,0.0006317999796010554,0.7094794000149705,0.0,0,0.001193900000000525,0.012189800000001583,0,253.97060438310757,22.11613455207339,,3.8756154314969535,0,0,0,,,,,,,,,,,,0,18.160868912568198,-0.18051188530615378,23.675040760721696,0.02735110343857192,19.73317656711721,0.7404331917025061,23.149150540122516,0.02777108087213848,17.587470335094043,0.7551956925781614,31.057636307596187,0.516822096159026,30.382681050383574,0.5649647080599777,28.168410920637378,0.36357877174203934,28.779945881568366,0.5948367014709576
1416,3.35,empty_shadow,IDEAM,0,0,1415,3.3000000000000003,1,1,284.28166310669286,-201.38337406499573,,,,,,,0,0,30.30247840642414,0.4412955397410201,0.6604864597320557,0.0,0.00636029290035367,0.00777056347578764,29.215210379724923,0.007759251913649845,1,0,22.77307463730846,15.629679689155976,22.76403654416859,occluder,,,,,0.9499999999999997,1397,ok,accepted,0,ok,0.7105114,0.0006317999796010554,0.7094794000149705,0.0,1,0.0012389000000005979,0.011707700000002319,0,254.87838030809422,22.723071254561773,,3.866625935004265,0,0,0,,,,,,,,,,,,0,18.15243650475824,-0.16864816708570865,23.67623856478298,0.023956083866983204,19.768861170001063,0.7136920667520265,23.150394134761076,0.024871892692053654,17.612794205748102,0.5064774130570361,31.082586460599657,0.4990096518410124,30.410055508774157,0.5474952952251397,28.185416838568635,0.34011835876767416,28.80877768098159,0.5766419944992172
1417,3.4,empty_shadow,IDEAM,0,0,1416,3.35,1,1,285.797505904749,-201.39535389877187,,,,,,,0,0,30.326557476376397,0.4815813990451545,0.6656679511070251,0.0,0.00636029290035367,0.00777056347578764,29.215210379724923,0.007746935717291403,1,0,23.379467856579037,15.525733818192267,23.36857476444799,occluder,,,,,0.9999999999999996,1397,ok,accepted,0,ok,0.7105114,0.0006317999796010554,0.7094794000149705,0.0,0,0.0012389000000005979,0.008709899999999493,0,255.78575951499909,23.331534845713065,,3.854646101228127,0,0,0,,,,,,,,,,,,0,18.144614449511387,-0.1564411127116367,23.677272340119224,0.020675508092587048,19.802987464957795,0.6825259055039866,23.15149086362284,0.021934577397813914,17.646151829560008,0.6671524762234138,31.106480026961552,0.4778782707392214,30.4363848164768,0.5265924093739722,28.201163904911926,0.3149413272672128,28.83649946731234,0.554441443708844
1418,3.45,empty_shadow,IDEAM,0,0,1417,3.4000000000000004,1,1,287.3146315289381,-201.41052238202383,,,,,,,0,0,30.352195928349865,0.5127690394693474,0.6686046123504639,0.0,0.006340953055769205,0.007746935822069645,29.419517823696815,0.007733854118198601,1,0,23.987357897163683,15.418360671082631,23.974524315942666,occluder,,,,,1.0499999999999998,1397,ok,accepted,0,ok,0.7105114,0.0006317999796010554,0.7094794000149705,0.0,1,0.001185800000001791,0.009095900000001933,0,256.6928335357297,23.941586449171552,,3.839477617976172,0,0,0,,,,,,,,,,,,0,18.137410373532866,-0.14408152532025537,23.67814208534635,0.017394905618304497,19.835353272596752,0.6473161562297779,23.152446448483396,0.01911169730131286,17.66707926262995,0.4185486613930495,31.12916060291771,0.4536185557001462,30.46149730640967,0.5022559548137199,28.21557964113316,0.2883147250723586,28.862933842338766,0.5286927505581762
1419,3.5,empty_shadow,IDEAM,0,0,1418,3.45,1,1,288.83294847858497,-201.4290321338657,,,,,,,0,0,30.3789521842027,0.535125117056694,0.6694090962409973,0.0,0.006340953055769205,0.007746935822069645,29.419517823696815,0.007720237478220963,1,0,24.596781148718584,15.308721872378372,24.581940660466596,occluder,,,,,1.0999999999999996,1397,ok,accepted,0,ok,0.7105114,0.0006317999796010554,0.7094794000149705,0.0,0,0.001185800000001791,0.009572500000000872,0,257.5994803103914,24.55325662415669,,3.8209678661343105,0,0,0,,,,,,,,,,,,0,18.130828093612685,-0.1316456015097064,23.678861154141874,0.014381376179209095,19.865781209177733,0.6085587324251341,23.15326279683699,0.016326967101129235,17.695548352720778,0.5693818018319862,31.150481316077094,0.42642115085159643,30.48525182481518,0.4750962259326117,28.228612548990075,0.26065815801338615,28.88791484801317,0.4996247534298267
1420,3.55,empty_shadow,IDEAM,0,0,1419,3.5,1,1,290.35260940924144,-201.45108146648988,,,,,,,0,0,30.406403826978735,0.5490328555207213,0.6684731245040894,0.0,0.0063191005028784275,0.007720237597823143,29.618632087169473,0.007706304285795931,1,0,25.207741200540084,15.197807049308317,25.190841666227577,occluder,,,,,1.1499999999999995,1397,ok,accepted,0,ok,0.7105114,0.0006317999796010554,0.7094794000149705,0.0,1,0.0015059000000015033,0.011597099999999472,0,258.5058524320713,25.16654543313325,,3.7989185335101183,0,0,0,,,,,,,,,,,,0,18.124875239239604,-0.11905708812696908,23.679431451515143,0.011405947450333713,19.894130130748064,0.5669784302735764,23.153945631537184,0.013656693957822683,17.711629213613538,0.3216172179084162,31.17033725060058,0.39712520787645356,30.507520565049507,0.4453801895432073,28.24021494448529,0.23204791103581449,28.911293692365977,0.4675808394891606
1421,3.6,empty_shadow,IDEAM,0,0,1420,3.5500000000000003,1,1,291.8735533169871,-201.47676195344692,,,,,,,0,0,30.434158546254917,0.5550943855236312,0.6658962965011597,0.0,0.0063191005028784275,0.007720237597823143,29.618632087169473,0.00769225557516769,1,0,25.82018573757671,15.086586438999497,25.801184955761777,occluder,,,,,1.1999999999999997,1397,ok,accepted,0,ok,0.7105114,0.0006317999796010554,0.7094794000149705,0.0,0,0.0015059000000015033,0.015355600000003022,0,259.41194989035876,25.781391882591493,,3.7732380465530753,0,0,0,,,,,,,,,,,,0,18.119553717885964,-0.10643042559857806,23.679864422518538,0.008659419964508381,19.920270337615516,0.5228041352854058,23.154498766363186,0.011062696672627643,17.734942742047487,0.46627056877893147,31.188617763786052,0.3656162178171239,30.52818525405884,0.4132985567420705,28.25037538419005,0.20320879534984054,28.932946377730705,0.4330569329711925
1422,3.65,empty_shadow,IDEAM,0,0,1421,3.6,1,1,293.395871780578,-201.50614985744542,,,,,,,0,0,30.461857041837867,0.5539699116589958,0.6619744896888733,0.0,0.006296196952462196,0.007692255545407534,29.77068814570467,0.007678273587072961,1,0,26.434219949052565,14.975876559288192,26.41308340433428,occluder,,,,,1.2499999999999996,1397,ok,accepted,0,ok,0.7105114,0.0006317999796010554,0.7094794000149705,0.0,1,0.0011896000000000129,0.009426000000001267,0,260.3177726956644,26.397887540876695,,3.743850142554578,0,0,0,,,,,,,,,,,,0,18.114863530526183,-0.09380374406699175,23.680161973046893,0.005951010317948829,19.94410646163943,0.4767224784861005,23.154929829971657,0.008621272229004976,17.74593670449893,0.2198792491582136,31.205231284635083,0.3322756762943271,30.547148598431907,0.37927097141042815,28.25906907269927,0.17387377150645697,28.952766073677957,0.3963964271410484
1423,3.7,empty_shadow,IDEAM,0,0,1422,3.6500000000000004,1,1,294.9194427921733,-201.53942832558656,,,,,,,0,0,30.489178516765907,0.546429498560812,0.656725287437439,0.0,0.006296196952462196,0.007692255545407534,29.77068814570467,0.007664519228507738,1,0,27.04966688830973,14.866402418736541,27.026364661307614,occluder,,,,,1.2999999999999998,1397,ok,accepted,0,ok,0.7105114,0.0006317999796010554,0.7094794000149705,0.0,0,0.0011896000000000129,0.013179999999998415,0,261.2233818727303,27.015849375406162,,3.710571674413444,0,0,0,,,,,,,,,,,,0,18.110804675555695,-0.08117709473166276,23.680337455734,0.0035096540502228394,19.96556602572485,0.429191281192925,23.155250268339827,0.00640876736778292,17.764016468667748,0.3615952835896986,31.220109127914778,0.29756133900607556,30.564330470760076,0.3436408013216806,28.266305546896792,0.14472948527762175,28.970653580593453,0.3577519757226473
1424,3.75,empty_shadow,IDEAM,0,0,1423,3.7,1,1,296.4442965986692,-201.5758038904745,,,,,,,0,0,30.516432868584452,0.5450870363709015,0.6546839475631714,0.0,-0.0018889150815084577,-0.0058256457559764385,32.766653,0.0076508354491283395,0,0,27.666583518378484,14.757660429200179,27.64150887784728,occluder,,,,,1.3499999999999996,1397,ok,stale_plan,0,ok,0.7105114,0.0006317999796010554,0.7094794000149705,0.0,1,0.0013779000000013752,0.011505799999998345,0,262.12880794954344,27.635277105088903,,3.6741961095254965,0,0,0,,,,,,,,,,,,0,18.10737715410326,-0.06855042350982991,23.680400405640093,0.0012589981112932338,19.984593715207538,0.38055379157695945,23.15546198777039,0.00423438852992334,17.7698739426902,0.11714948074271173,31.233194051393728,0.2617021135390975,30.579675538812538,0.30690398679585285,28.272100065214474,0.11589036772385734,28.98653640478181,0.317657731045525
1425,3.8,empty_shadow,IDEAM,0,0,1424,3.75,1,1,297.970433002261,-201.61469671815857,,,,,,,0,0,30.543350568921124,0.538354006733428,0.6554102301597595,0.0,-0.0047683557495474815,-0.0058256457559764385,32.766653,0.007637356630850178,0,0,28.28497667449697,14.649693537905737,28.2588243917575,occluder,,,,,1.3999999999999995,1397,ok,stale_plan,0,ok,0.7105114,0.0006317999796010554,0.7094794000149705,0.0,0,0.0013779000000013752,0.00814110000000312,0,263.0340814384748,28.256140019749353,,3.6353032818414306,0,0,0,,,,,,,,,,,,0,18.104579058137286,-0.055961913034527126,23.680360360729562,-0.0008008972061454983,20.00115710750139,0.3312678508546672,23.155576432421288,0.002288893179235482,17.782822940282106,0.25897995222735676,31.244449796668857,0.22511774106092963,30.593128473284633,0.2690606340674673,28.27646979434974,0.08739458398863535,29.000363036367794,0.27653339117986747
1426,3.85,empty_shadow,IDEAM,0,0,1425,3.8000000000000003,1,1,299.497882400801,-201.6557558461,,,,,,,0,0,30.57021169911121,0.5372226038016947,0.6587405800819397,0.0,-0.006251261103898287,-0.007637356407940388,32.766653,0.007623941614215797,1,0,28.90486846928044,14.541968656598783,28.87833343934714,occluder,,,,,1.4499999999999997,1397,ok,stale_plan,0,ok,0.7105114,0.0006317999796010554,0.7094794000149705,0.0,1,0.0011465000000008274,0.009390400000000909,0,263.93923285189544,28.878438004868713,,3.594244153900007,0,0,0,,,,,,,,,,,,0,18.10240085114475,-0.04356413322442797,23.680224947746158,-0.002708259275266038,20.01524284980845,0.28171485508145305,23.155605045454422,0.0005722607279266012,17.783656459036084,0.016670375563977814,31.25384391976611,0.18788453824596454,30.60466637106969,0.2307592926915663,28.279466232781797,0.05992876981608707,29.01209150824926,0.23456983136046747
1427,3.9,empty_shadow,IDEAM,0,0,1426,3.85,1,1,301.0266446277168,-201.6984929930772,,,,,,,0,0,30.597355953388444,0.5428850855447109,0.6642892956733704,0.0,-0.006251261103898287,-0.007637356407940388,32.766653,0.007610421072086016,1,0,29.526223539137572,14.434000889503055,29.49988780531511,occluder,,,,,1.4999999999999996,1397,ok,stale_plan,0,ok,0.7105114,0.0006317999796010554,0.7094794000149705,0.0,0,0.0011465000000008274,0.009138499999998828,0,264.8443232301633,29.50210985351663,,3.5515070069228045,0,0,0,,,,,,,,,,,,0,18.10083872016096,-0.031242613719813274,23.68000752055127,-0.004348542363334716,20.02686238776816,0.23239077205081057,23.155549735300795,-0.001106203055708937,17.79172836717467,0.16143816338516517,31.261374498998936,0.15061299705363293,30.614272056170098,0.19211453683073426,28.28111989761476,0.03307329780323139,29.021700837718026,0.19218673982503917
1428,3.95,empty_shadow,IDEAM,0,0,1427,3.9000000000000004,1,1,302.55668899365423,-201.74240462949115,,,,,,,0,0,30.62514609078258,0.5558027478826943,0.6717278361320496,0.0,-0.006229214370250702,-0.007610421162098646,32.766653,0.00759661604087884,1,0,30.14894084494274,14.32529040134356,30.123256770620355,occluder,,,,,1.5499999999999998,1397,ok,stale_plan,0,ok,0.7105114,0.0006317999796010554,0.7094794000149705,0.0,1,0.0018391999999991526,0.012871300000000474,0,265.7494441260076,30.127033323609794,,3.5075953705088523,0,0,0,,,,,,,,,,,,0,18.099883127477394,-0.019111848105834994,23.67971761376177,-0.005798135020497043,20.036040517387598,0.18356260918911582,23.155427668796197,-0.0024413301491932452,17.78780686665626,-0.07843000963580773,31.267047242772037,0.11345573393065655,30.621947427184992,0.1535078650324091,28.28149754661573,0.007552981031161534,29.029192932165603,0.1498419099555129
1429,4.0,empty_shadow,IDEAM,0,0,1428,3.95,1,1,304.0882288926106,-201.78681929578678,,,,,,,0,0,30.65390861748021,0.5752505339525982,0.6807563900947571,0.0,-0.006229214370250702,-0.007610421162098646,32.766653,0.007582367483685407,1,0,30.773439313766854,14.215322809599888,30.74876262988048,occluder,,,,,1.5999999999999996,1397,ok,stale_plan,1,ok,0.7223793,0.0006350000039674342,0.721295099996496,0.0,0,0.0018391999999991526,0.010007300000001607,0,266.65441243397004,30.75360491460367,,3.463180704213215,0,0,0,,,,,,,,,,,,0,18.09949211143277,-0.007820315889671251,23.67936667309651,-0.007018811442667896,20.04281729426769,0.1355355576906639,23.155244566963923,-0.0036620367830481207,17.791383153876684,0.07152574521675768,31.270881218189306,0.07667995061386096,30.62770201667222,0.11509196654132518,28.280662121795107,-0.0167084954420185,29.034567792238864,0.10749719504529733
1430,4.05,empty_shadow,IDEAM,0,0,1429,4.0,1,1,305.6211727822676,-201.83176754077274,,,,,,,0,0,30.683960009332072,0.6010278370372646,0.6910999417304993,0.0,-0.0005099762347526848,-0.000623053521849215,32.779051483211106,0.007567523219043815,0,0,30.800668775467358,14.103551552120194,30.77462562106087,follower_1,,,,,0.9499999999999997,1411,ok,accepted,0,ok,0.7223793,0.0006350000039674342,0.721295099996496,0.0,1,0.001185199999998332,0.013840099999999467,0,267.5592891944089,31.381672043821823,,3.418232459227255,0,0,0,,,,,,,,,,,,0,18.09959510011816,0.00205977803234824,23.67896614076648,-0.008010645646693177,20.0472480349312,0.0886148342555624,23.15500615290926,-0.004768280899147791,17.78308619123665,-0.1659392522732365,31.272906939134003,0.04051458298913221,30.631572064391307,0.07740098417717417,28.27868801019585,-0.03948223112008835,29.03785594373992,0.06576308463765863
1431,4.1,empty_shadow,IDEAM,0,0,1430,4.05,1,1,307.15567309955077,-201.87680680753812,,,,,,,0,0,30.715617150937526,0.6331428321090726,0.7024360299110413,0.0,-0.0005099762347526848,-0.000623053521849215,32.779051483211106,0.007551932870654287,0,0,30.7714786962797,13.98941808898871,30.74650326713092,follower_1,,,,,0.9999999999999996,1411,ok,accepted,0,ok,0.7223793,0.0006350000039674342,0.721295099996496,0.0,0,0.001185199999998332,0.0107034999999982,0,268.46434905510046,32.01111250041345,,3.3731931924618834,0,0,0,,,,,,,,,,,,0,18.100155853890943,0.011215079036460511,23.67852364704328,-0.008849872589189706,20.04940331260381,0.0431055736583283,23.15472577596871,-0.005607538748125017,17.78264559304889,-0.008811963843335005,31.27317399832466,0.005341205078424467,30.63359762731029,0.040511251788748065,28.275657227791722,-0.06061564730871382,29.039095544993145,0.02479220542566666
1432,4.15,empty_shadow,IDEAM,0,0,1431,4.1000000000000005,1,1,308.69179083276424,-201.92179974616772,,,,,,,0,0,30.749124633611434,0.6701496534781626,0.7148810029029846,0.0,0.0017578385304659605,0.0021476049441844225,33.07345021952691,0.007535483699788227,0,0,30.74393655059872,13.872455334358916,30.71975408662669,follower_1,,,,,1.0500000000000003,1411,ok,accepted,0,ok,0.7223793,0.0006350000039674342,0.721295099996496,0.0,1,0.001169300000000817,0.009099299999999033,0,269.36943943336837,32.642139855359005,,3.3282002538322786,0,0,0,,,,,,,,,,,,0,18.1011572065919,0.020027056831733142,23.67805254323841,-0.009422075033751805,20.049365142405406,-0.0007633849388096788,23.154411066960904,-0.006294180162821619,17.770451906048407,-0.2438737410460286,31.27173008251587,-0.028878317972721154,30.633830210739877,0.004651721163590183,28.271642253335617,-0.08029948836250703,29.038338103905946,-0.01514847200467265
1433,4.2,empty_shadow,IDEAM,0,0,1432,4.15,1,1,310.2297090561339,-201.9666547414679,,,,,,,0,0,30.784759753914518,0.7127024060616804,0.7281644344329834,0.0,0.0017578385304659605,0.0021476049441844225,33.07345021952691,0.0075180489477829505,0,0,30.718408523313713,13.752151150827778,30.694738150691663,follower_1,,,,,1.1,1411,ok,accepted,0,ok,0.7223793,0.0006350000039674342,0.721295099996496,0.0,0,0.001169300000000817,0.010010499999999922,0,270.2745298116363,33.27496770046076,,3.2833452585321083,0,0,0,,,,,,,,,,,,0,18.102581992037123,0.02849571096962353,23.677560458639938,-0.009841690078470189,20.04722889209808,-0.04272498960151462,23.154067747824005,-0.006866382823595323,17.766551366894717,-0.07801078495666866,31.268643863445273,-0.061724305022542246,30.632330856775127,-0.02998689083092499,28.266734640067835,-0.09815226467846701,29.03564466620541,-0.05386821300386224
1434,4.25,empty_shadow,IDEAM,0,0,1433,4.2,1,1,311.7693972833156,-202.01146335657842,,,,,,,0,0,30.822750456468444,0.7598140510785356,0.7424129843711853,0.0,0.0035424965899437666,0.004327976144850254,33.370584340320434,0.007499528262714387,0,0,30.694772570146128,13.628259809077754,30.67130286893761,follower_1,,,,,1.15,1411,ok,accepted,0,ok,0.7223793,0.0006350000039674342,0.721295099996496,0.0,1,0.0011728000000026384,0.010803900000002642,0,271.17971174263323,33.90947399664549,,3.2385366434215825,0,0,0,,,,,,,,,,,,0,18.10441495139166,0.036659188453246075,23.677058837458,-0.010032422574658976,20.043099466216432,-0.08258850459228302,23.15370916990455,-0.0071715582134117975,17.751014095117494,-0.3107454368099081,31.26398783043175,-0.09312042918263909,30.629166333441542,-0.063290088787885,28.26102212548994,-0.1142502908835112,29.031089628651355,-0.09110001467508394
1435,4.3,empty_shadow,IDEAM,0,0,1434,4.25,1,1,313.31109969656325,-202.05634757851848,,,,,,,0,0,30.863335824336005,0.8117073573512101,0.757407546043396,0.0,0.0035424965899437666,0.004327976144850254,33.370584340320434,0.007479818168460729,0,0,30.6734864963844,13.50048515527842,30.64992916010843,follower_1,,,,,1.1999999999999997,1411,ok,accepted,0,ok,0.7223793,0.0006350000039674342,0.721295099996496,0.0,0,0.0011728000000026384,0.01355580000000245,0,272.0849852315646,34.545902920961794,,3.1936524214815165,0,0,0,,,,,,,,,,,,0,18.106648455976806,0.04467009207057076,23.676545772161514,-0.010261304052549342,20.03708749127891,-0.12023948972287998,23.153342962416527,-0.00732414966757321,17.744258256373435,-0.135116775692872,31.25785545422048,-0.12264708665825519,30.624422481405738,-0.0948764394617195,28.25459626287994,-0.1285172515934685,29.02475883282762,-0.12661499857502403
1436,4.35,empty_shadow,IDEAM,0,0,1435,4.3,1,1,314.85493847549554,-202.10162780019664,,,,,,,0,0,30.906706548572394,0.8674144847277887,0.7733471393585205,0.0,0.004634861368685961,0.005662551149725914,33.67064461683481,0.0074588411371595735,0,0,30.654702994018052,13.368747354179554,30.630789520929568,follower_1,,,,,1.2499999999999996,1411,ok,accepted,0,ok,0.7223793,0.0006350000039674342,0.721295099996496,0.0,1,0.001186800000002819,0.010127100000001832,0,272.9904113031723,35.184315628286356,,3.1483721998033616,0,0,0,,,,,,,,,,,,0,18.10925961588568,0.052223198403885944,23.67604415027571,-0.010032436720588447,20.029315038552646,-0.15544904994973596,23.152976752198974,-0.00732420434055527,17.725970587559555,-0.36575337640781985,31.250323040413875,-0.150647604712908,30.618198497292124,-0.1244788553738543,28.247556233772087,-0.14080058153417704,29.016747658321663,-0.1602224252636647
1437,4.4,empty_shadow,IDEAM,0,0,1436,4.3500000000000005,1,1,316.4010052457168,-202.14751761341503,,,,,,,0,0,30.9530389289473,0.9266476074981256,0.7884972095489502,0.0,0.004634861368685961,0.005662551149725914,33.67064461683481,0.007436528984344317,0,0,30.63851372508924,13.232926522766446,30.614021569379453,follower_1,,,,,1.3000000000000003,1411,ok,accepted,0,ok,0.7223793,0.0006350000039674342,0.721295099996496,0.0,0,0.001186800000002819,0.01029670000000138,0,273.8959594450855,35.82483425659444,,3.102482386584967,0,0,0,,,,,,,,,,,,0,18.11224080260186,0.05962373405215525,23.675550158686395,-0.00987982990378001,20.019906084947245,-0.1881790707503769,23.152610536740468,-0.007324309283801259,17.716986966034227,-0.1796724299894494,31.241505040578982,-0.17635908186632365,30.61058212926703,-0.15232631722973022,28.23999168407527,-0.15129099335879287,29.007161016897037,-0.19173165096306108
1438,4.45,empty_shadow,IDEAM,0,0,1437,4.4,1,1,317.9495134272515,-202.19342185255937,,,,,,,0,0,31.002393710277886,0.9870956266117048,0.8023952841758728,0.0,-0.003550250781700015,-0.00743652880191803,32.766653,0.007412871284833281,1,0,30.625254153900784,13.093181888611046,30.600548225883458,follower_1,,,,,1.35,1411,ok,stale_plan,0,ok,0.7223793,0.0006350000039674342,0.721295099996496,0.0,1,0.00114939999999919,0.012952800000000764,0,274.80166017488034,36.46764170833427,,3.056578147440632,0,0,0,,,,,,,,,,,,0,18.11557675725199,0.06671909233293385,23.67507142516621,-0.00957466942306524,20.00899032952291,-0.21831510908638593,23.15225195058359,-0.007171723379046623,17.69657641850256,-0.4082109495996912,31.23150065143591,-0.20008664604157378,30.601680198990028,-0.1780373726574156,28.231992258642144,-0.1599885080580623,28.996100005192265,-0.2212189867452087
1439,4.5,empty_shadow,IDEAM,0,0,1438,4.45,1,1,319.50052393552824,-202.23898954468012,,,,,,,0,0,31.05468505637491,1.0458269219405025,0.8151540756225586,0.0,-0.00608688173815608,-0.00743652880191803,32.766653,0.007387928926118466,1,0,30.615015713457737,12.94987065278214,30.590859240737952,follower_1,,,,,1.4,1411,ok,stale_plan,0,ok,0.7223793,0.0006350000039674342,0.721295099996496,0.0,0,0.00114939999999919,0.010271800000001718,0,275.7075745277097,37.11273786378166,,3.0110104553198767,0,0,0,,,,,,,,,,,,0,18.119254129079895,0.07354743529503271,23.67461748803408,-0.009078740781764964,19.996701288246804,-0.24578082756447137,23.15190480747234,-0.006942862695514026,17.686005880544236,-0.21141075728180006,31.2204109727367,-0.22179224358954638,30.591599529856882,-0.20161201067742915,28.223660954801897,-0.16662607623390943,28.983684793532277,-0.2483029686485347
1440,4.55,empty_shadow,IDEAM,0,0,1439,4.5,1,1,321.0543419775428,-202.2843121383985,,,,,,,0,0,31.10986257582848,1.1035503890713727,0.8268803954124451,0.0,-0.006047102157026529,-0.007387929130345583,32.766653,0.007361746146246909,1,0,30.60819518430644,12.8032407072335,30.585281627962175,follower_1,,,,,1.4499999999999997,1411,ok,stale_plan,0,ok,0.7223793,0.0006350000039674342,0.721295099996496,0.0,1,0.001154100000000824,0.013792399999999816,0,276.61370250877883,37.76042792472708,,2.965687861601509,0,0,0,,,,,,,,,,,,0,18.123257658333966,0.08007058363185793,23.674190253067426,-0.008544698378732932,19.983180103889087,-0.27042368898213964,23.151580551038528,-0.006485128410035923,17.66409806305204,-0.4381563479313074,31.208354269645334,-0.2411325796163555,30.580448848088686,-0.2230121716128256,28.21508551009088,-0.17150889361670574,28.970033641045095,-0.27302180940612975
1441,4.6,empty_shadow,IDEAM,0,0,1440,4.55,1,1,322.61102851557257,-202.32917598985856,,,,,,,0,0,31.16775058263019,1.1577601360342271,0.8374319076538086,0.0,-0.006047102157026529,-0.007387929130345583,32.766653,0.007334426512691223,1,0,30.604853502697367,12.653876093868103,30.58372392981467,follower_1,,,,,1.4999999999999996,1411,ok,stale_plan,0,ok,0.7223793,0.0006350000039674342,0.721295099996496,0.0,0,0.001154100000000824,0.007996800000000803,0,277.5199830725244,38.41083389901132,,2.9208240101414447,0,0,0,,,,,,,,,,,,0,18.127572085418578,0.08628854036486709,23.673795438925648,-0.007896281745192246,19.968564105410938,-0.29231996998998094,23.15128490608766,-0.005912899030425159,17.65256622410966,-0.23063677699493232,31.195448807567942,-0.258107665061304,30.568346416214823,-0.24204713735637093,28.20635747775468,-0.17456064615081784,28.955266713701953,-0.2953373716732509
1442,4.65,empty_shadow,IDEAM,0,0,1441,4.6000000000000005,1,1,324.1706750086496,-202.37330640964078,,,,,,,0,0,31.228162295023967,1.2082342478755237,0.8468255400657654,0.0,-0.006003309972584248,-0.007334426511079073,32.766653,0.007306077684601816,1,0,30.605112660855013,12.502318208954767,30.586190369499278,follower_1,,,,,1.5500000000000003,1411,ok,stale_plan,0,ok,0.7223793,0.0006350000039674342,0.721295099996496,0.0,1,0.0011563000000016643,0.010546299999997899,0,278.4265077768807,39.063955687732005,,2.876693590359224,0,0,0,,,,,,,,,,,,0,18.13218215316875,0.09220135332875691,23.673436858229127,-0.0071716138168233644,19.95299443641095,-0.3113933780167472,23.15101977633528,-0.005302594265287468,17.629779121541382,-0.45574204974216653,31.18180521842833,-0.2728701622058467,30.55540858841766,-0.25875507770614525,28.19755505856729,-0.17604838313778093,28.9395118065826,-0.3150970722460817
1443,4.7,empty_shadow,IDEAM,0,0,1442,4.65,1,1,325.73340337612285,-202.41626085124503,,,,,,,0,0,31.29087781865554,1.254310472631488,0.8550505042076111,0.0,-0.006003309972584248,-0.007334426511079073,32.766653,0.007276821291408291,1,0,30.609186130857466,12.349149476078408,30.592799304214573,follower_1,,,,,1.6,1411,ok,stale_plan,1,ok,0.7196986,0.0006496999994851649,0.7186169999768026,0.0,0,0.0011563000000016643,0.012926000000000215,0,279.3332766218478,39.719915210238184,,2.8337391487549723,0,0,0,,,,,,,,,,,,0,18.13707260180335,0.0978089709835222,23.67311451275657,-0.006446909940137563,19.936610332306735,-0.32768207709368075,23.15078516583124,-0.004692209755654254,17.617886795598825,-0.23784651734556114,31.167547486066713,-0.2851530423009074,30.541751715996,-0.27313603952486604,28.188765991060585,-0.17578134955146113,28.922900526062552,-0.3322246651745901
1444,4.75,empty_shadow,IDEAM,0,0,1443,4.7,1,1,327.2993663984737,-202.45860383777983,,,,,,,0,0,31.355825830775963,1.2989602424084268,0.8617743849754333,0.0,0.0021818021778017282,0.007276821415871382,32.57000965309897,0.00724670828799014,1,0,30.617226682775197,12.194686546644341,30.603107719152806,follower_1,,,,,0.8499999999999996,1427,ok,accepted,0,ok,0.7196986,0.0006496999994851649,0.7186169999768026,0.0,1,0.001158100000001383,0.010573700000001907,0,280.24025908984936,40.37889576458747,,2.791396162220167,0,0,0,,,,,,,,,,,,0,18.142228172497692,0.103111412176612,23.672836029941692,-0.00556965705484153,19.9195567521888,-0.34107159376181195,23.150584886920228,-0.004005577355697563,17.5948135919337,-0.46146407204063694,31.152791962679494,-0.2951089315327474,30.527497871614557,-0.2850755922801956,28.180072290753827,-0.17387400551833174,28.905556850152422,-0.34687271857425733
1445,4.8,empty_shadow,IDEAM,0,0,1444,4.75,1,1,328.8686252201678,-202.50065578297534,,,,,,,0,0,31.422589549533548,1.3352743751516982,0.8668618202209473,0.0,0.0059561594389379025,0.007276821415871382,32.57000965309897,0.007215947844368303,1,0,30.629295492306397,12.039584542803533,30.616678443427674,follower_1,,,,,0.8999999999999995,1427,ok,accepted,0,ok,0.7196986,0.0006496999994851649,0.7186169999768026,0.0,0,0.001158100000001383,0.008622899999998879,0,281.1475772563962,41.040836419734774,,2.7493442170246567,0,0,0,,,,,,,,,,,,0,18.14763742189416,0.1081849860493362,23.672601410937858,-0.0046923802038549576,19.901972932935237,-0.3516763724415132,23.150418941426036,-0.00331890940830435,17.583121540276476,-0.23384103238868117,31.137656905318348,-0.3026997198547223,30.512759590052017,-0.2947644855238918,28.17154071487976,-0.17063151683285577,28.887604755395085,-0.3590412481165202
1446,4.8500000000000005,empty_shadow,IDEAM,0,0,1445,4.800000000000001,1,1,330.4413019219214,-202.54244716276477,,,,,,,0,0,31.490941255837694,1.3670341260829133,0.8703525066375732,0.0,0.005906333681195974,0.0072159478440880775,32.57962097699683,0.007184658206002503,1,0,30.645606151253105,11.884217861271205,30.633750036485146,follower_1,,,,,0.9500000000000002,1427,ok,accepted,0,ok,0.7196986,0.0006496999994851649,0.7186169999768026,0.0,1,0.0013146000000006097,0.011731399999998615,0,282.055109040772,41.705981337112576,,2.7075528372352267,1,0,0,,,,,,,,,,,,0,18.153277460071227,0.11280076189416544,23.672412567564905,-0.0037768662477685225,19.88399429507709,-0.3595727409484606,23.150291143820883,-0.0025559518824096188,17.560315368067847,-0.4561234436289778,31.122260572318208,-0.30792538833520844,30.497658940349847,-0.30201201459795857,28.163243743146378,-0.16593943421568189,28.869177754440983,-0.36853952152781794
1447,4.9,empty_shadow,IDEAM,0,0,1446,4.8500000000000005,1,1,332.01745758573577,-202.58411528542018,,,,,,,0,0,31.56054229294093,1.3920207420647301,0.8721246719360352,0.0,0.005906333681195974,0.0072159478440880775,32.57962097699683,0.007153005315726106,1,0,30.666097676516543,11.729266908380191,30.654463038962987,follower_1,,,,,1.0,1427,ok,accepted,0,ok,0.7196986,0.0006496999994851649,0.7186169999768026,0.0,0,0.0013146000000006097,0.008361100000001898,0,282.9629460009113,42.3743000407876,,2.6658847145798177,1,0,0,,,,,,,,,,,,0,18.159140658536707,0.11726396772697559,23.672269499371538,-0.002861361054777728,19.86575816829099,-0.3647225156550528,23.15020149356617,-0.0017930050419029595,17.549332852753682,-0.21965030611256386,31.106717403251498,-0.310862284600836,30.48231227076669,-0.306932595826943,28.15524431732556,-0.15998851571392955,28.85040554458358,-0.37544383555683475
1448,4.95,empty_shadow,IDEAM,0,0,1447,4.9,1,1,333.5970618137584,-202.6260111134803,,,,,,,0,0,31.631033469483246,1.4098235308463103,0.872120201587677,0.0,0.005854814779013395,0.007153005339205265,32.48741437321963,0.007121160333295509,1,0,30.69080074183472,11.575385243489093,30.679025852885342,follower_1,,,,,1.0499999999999998,1427,ok,accepted,0,ok,0.7196986,0.0006496999994851649,0.7186169999768026,0.0,1,0.001165900000000164,0.009167099999999095,0,283.87108813681414,43.045762132907385,,2.6239888865196974,1,0,0,,,,,,,,,,,,0,18.165209851874383,0.12138386508258484,23.672168392076998,-0.0020221416268772154,19.84739615683757,-0.36724020690345116,23.15014999175457,-0.001030035939915331,17.527291530886842,-0.4408264373870811,31.091136115277745,-0.31162484757212855,30.46682829794582,-0.30967884058399275,28.147601566184555,-0.15285502216771052,28.831408287205676,-0.3799449056717688
1449,5.0,empty_shadow,IDEAM,0,0,1448,4.95,1,1,335.1802063096746,-202.6685771205699,,,,,,,0,0,31.702029788625822,1.4199263828515285,0.870432436466217,0.0,0.005854814779013395,0.007153005339205265,32.48741437321963,0.007089301610009063,1,0,30.719837526826225,11.423176114048122,30.70767459309796,follower_1,,,,,1.0999999999999996,1427,ok,accepted,0,ok,0.7196986,0.0006496999994851649,0.7186169999768026,0.0,0,0.001165900000000164,0.0075299999999991485,0,284.7795659660568,43.72042879958093,,2.5814228794301073,1,0,0,,,,,,,,,,,,0,18.17147168767504,0.12523671440325804,23.672114968532732,-0.0010684657059296214,19.829041771720124,-0.3670876804630545,23.150142360682683,-0.00015262131994047578,17.517462962709637,-0.1965713635432112,31.075627334572815,-0.3101748985678825,30.451313831060933,-0.31028888899789936,28.1403612653382,-0.14480601622022524,28.812311865975847,-0.38192828157113223
1450,5.05,empty_shadow,IDEAM,0,0,1449,5.0,1,1,336.7668607068644,-202.7122558219568,,,,,,,0,0,31.773125619658963,1.421916620662813,0.8668932318687439,0.0,0.005802672356367111,0.007089301478117704,32.348750971374834,0.0070576119902711065,1,0,30.753177675281776,11.273194758405262,30.74046561798264,follower_1,,,,,1.1499999999999995,1427,ok,accepted,0,ok,0.7196986,0.0006496999994851649,0.7186169999768026,0.0,1,0.0011715000000016573,0.012121900000000352,0,285.68834897626834,44.3983001865592,,2.537744178043198,1,0,0,,,,,,,,,,,,0,18.17791662919958,0.1288988289459419,23.67210732134752,-0.00015293803414059801,19.81081326788416,-0.3645700561293663,23.15017478374861,0.0006484614288798284,17.496617549778655,-0.4169082587129599,31.060294055111513,-0.3066650566955589,30.435875679581432,-0.30876272823101647,28.133576820600037,-0.1356888940122735,28.793230720423733,-0.38162284210884867
1451,5.1000000000000005,empty_shadow,IDEAM,0,0,1450,5.050000000000001,1,1,338.3570556738604,-202.7574897120873,,,,,,,0,0,31.84390268783132,1.4155413634471614,0.8616136312484741,0.0,0.005802672356367111,0.007089301478117704,32.348750971374834,0.00702627503313385,1,0,30.790790810170435,11.125934340732995,30.777443846975828,follower_1,,,,,1.2000000000000002,1427,ok,accepted,0,ok,0.7196986,0.0006496999994851649,0.7186169999768026,0.0,0,0.0011715000000016573,0.009996900000000863,0,286.59743715703803,45.07940697278548,,2.492510287912694,1,0,0,,,,,,,,,,,,0,18.184525602937356,0.132179473277907,23.67213973094794,0.0006481969705288408,19.792836531040827,-0.3595347179168885,23.150245355498587,0.0014114350076536843,17.488320584857743,-0.16593929847761202,31.045237363942267,-0.3011334544551624,30.42061302398506,-0.3052529327669544,28.127288286778114,-0.12577067571121264,28.774271660671793,-0.37918117364452997
1452,5.15,empty_shadow,IDEAM,0,0,1451,5.1000000000000005,1,1,339.9506997984789,-202.80469080947447,,,,,,,0,0,31.913950563472874,1.4009575128310559,0.8543708920478821,0.0,0.005751084536314011,0.0070262751542031765,32.17977729677395,0.006995465971963318,1,0,30.832616068117417,10.981847289552192,30.818629690338536,follower_1,,,,,1.25,1427,ok,accepted,0,ok,0.7196986,0.0006496999994851649,0.7186169999768026,0.0,1,0.00171100000000024,0.011955000000000382,0,287.50689154872384,45.763596705718214,,2.445309190525535,1,0,0,,,,,,,,,,,,0,18.191289072127233,0.13526938238382913,23.67221219608484,0.0014493059567459207,19.775220278622676,-0.3523250329001408,23.150355982251938,0.0022125350386391226,17.469039199738216,-0.3856277023983388,31.030554533547686,-0.2936563760388508,30.405619322982602,-0.2998739335326703,28.121526180955232,-0.11524211568213132,28.75554912666653,-0.3744506805135812
1453,5.2,empty_shadow,IDEAM,0,0,1452,5.15,1,1,341.54770164771503,-202.85421009747859,,,,,,,0,0,31.98284944171636,1.3779775648697523,0.8452606797218323,0.0,0.005751084536314011,0.0070262751542031765,32.17977729677395,0.006965359523688925,1,0,30.87853147771969,10.841359182859861,30.863954750370237,follower_1,,,,,1.2999999999999998,1427,ok,accepted,0,ok,0.7196986,0.0006496999994851649,0.7186169999768026,0.0,0,0.00171100000000024,0.008726600000002804,0,288.41668162854415,46.45080847513401,,2.3957899025214147,1,0,0,,,,,,,,,,,,0,18.198186055905005,0.13793967420047698,23.672328531982522,0.002326721438507655,19.75807513643679,-0.342902832435629,23.150499035472272,0.002861064278457515,17.462575199548972,-0.12928000370288983,31.016331393296593,-0.28446268159819765,30.39099184915098,-0.292549448404191,28.116319115655177,-0.10414130552230802,28.737162299885103,-0.36773653394151407
1454,5.25,empty_shadow,IDEAM,0,0,1453,5.2,1,1,343.14812207973813,-202.90552875648024,,,,,,,0,0,32.05052268243767,1.3534648144262462,0.8352347016334534,0.0,-0.0024340273812413216,-0.006965359672904015,32.766653,0.006935977433030868,1,0,30.928536861994047,5.831633253132728,30.913969215607285,follower_1,,,,,1.3499999999999996,1427,ok,stale_plan,0,ok,0.7196986,0.0006496999994851649,0.7186169999768026,0.0,1,0.0011518999999999835,0.013594499999999954,0,289.32677688933336,47.141133646367905,,2.344471243519763,1,0,0,,,,,,,,,,,,0,18.205208926468043,0.14045740970146173,23.67248111106844,0.0030515835818118444,19.741506008244777,-0.33138255698011077,23.150680236219223,0.0036240147384547787,17.445145850155733,-0.34858698773122826,31.002651865062347,-0.2735905162800336,30.376806895974045,-0.2836990627635536,28.11169188678946,-0.09254457719445223,28.719212269184403,-0.35900058963696146
1455,5.3,empty_shadow,IDEAM,0,0,1454,5.25,1,1,344.75174731014675,-202.95817383692142,,,,,,,0,0,32.116375036516224,1.317047081571019,0.8241393566131592,0.0,-0.005701224319636822,-0.006965359672904015,32.766653,0.0069075640376724924,1,0,30.982448948909934,5.743374840333276,30.96890492505939,follower_1,,,,,1.3999999999999995,1427,ok,stale_plan,1,ok,0.5717733,0.0006202000076882541,0.5699308000039309,0.0,0,0.0011518999999999835,0.011998599999998305,0,290.23726887861505,47.834266887494834,,2.291826163078582,1,0,0,,,,,,,,,,,,0,18.212346237848173,0.1427462260269125,23.672671838632773,0.0038145524381947163,19.725604446468573,-0.31803123275073875,23.150890047813707,0.004196231962221855,17.440734157382835,-0.08823385518421305,30.989586519365172,-0.2613069062033005,30.363144571327098,-0.27324648941240753,28.1076597537059,-0.08064266191851975,28.701782957961253,-0.34858616062736747
1456,5.3500000000000005,empty_shadow,IDEAM,0,0,1455,5.300000000000001,1,1,346.3585775367456,-203.0127251727528,,,,,,,0,0,32.18001293665657,1.272758002806853,0.8113685846328735,0.0,-9.520105231786147e-05,-0.00011631002416834235,32.29089567695283,0.006880271672422644,0,0,31.04017637833769,5.6572296776737545,31.02824831936812,follower_1,,,,,0.75,1441,ok,accepted,0,ok,0.5717733,0.0006202000076882541,0.5699308000039309,0.0,1,0.0011915000000009002,0.009581199999999512,0,291.14806604366026,48.53029994904847,,2.237274827247205,1,0,0,,,,,,,,,,,,0,18.219586546821855,0.14480617778326607,23.672893087161217,0.004424971038986865,19.710462004571358,-0.3028488379659451,23.151132284492856,0.004844733589129005,17.4253666530976,-0.3073500853812754,30.977204020139343,-0.2476499850233039,30.350081168777894,-0.2612680183145365,28.104228438750468,-0.06862629948598456,28.684960196748854,-0.33645510900867925
1457,5.4,empty_shadow,IDEAM,0,0,1456,5.3500000000000005,1,1,347.9683075889767,-203.06919812687025,,,,,,,0,0,32.24126949126059,1.2251310920804315,0.7970408797264099,0.0,-9.520105231786147e-05,-0.00011631002416834235,32.29089567695283,0.006854153088691502,0,0,31.101383472553636,5.573308663710032,31.091346603965487,follower_1,,,,,0.7999999999999998,1441,ok,accepted,0,ok,0.5717733,0.0006202000076882541,0.5699308000039309,0.0,0,0.0011915000000009002,0.009452299999999525,0,292.05929045997976,49.22880558496007,,2.1808018731297523,1,0,0,,,,,,,,,,,,0,18.226914593721883,0.14656093631831357,23.673148669675882,0.005111650512661077,19.69615306812118,-0.2861787310883381,23.15140313191499,0.005416948361488833,17.423146504855232,-0.044402964401497345,30.96557303107795,-0.23261976053134428,30.337670094001183,-0.24822141203363626,28.101411293757863,-0.05634289981518986,28.668824094183577,-0.3227218771666469
1458,5.45,empty_shadow,IDEAM,0,0,1457,5.4,1,1,349.5810288790234,-203.1271806807608,,,,,,,0,0,32.29979158915227,1.1704419578336456,0.7811837792396545,0.0,-0.00043152645230293274,-0.0005272090202197433,32.22598489178717,0.006829339086334009,0,0,31.16619215611226,5.491706859569324,31.158262476361863,follower_1,,,,,0.8499999999999996,1441,ok,accepted,0,ok,0.5717733,0.0006202000076882541,0.5699308000039309,0.0,1,0.001228399999998686,0.0122169999999997,0,292.9708505644337,49.929966770552824,,2.1228193192391984,1,0,0,,,,,,,,,,,,0,18.234322749212957,0.14816310818468498,23.67342905108328,0.005607628039267903,19.68275774603574,-0.267906444315387,23.151698775273225,0.0059128673848456185,17.409962915471507,-0.26367178722982837,30.9547488655442,-0.21648324336810365,30.325972382014267,-0.23395408975002752,28.099194964968955,-0.044326574712432815,28.653437591521808,-0.30772982086942835
1459,5.5,empty_shadow,IDEAM,0,0,1458,5.45,1,1,351.196558223347,-203.18644401506646,,,,,,,0,0,32.35522927466877,1.108753710330035,0.7639299035072327,0.0,-0.00043152645230293274,-0.0005272090202197433,32.22598489178717,0.006805956980305565,0,0,31.23423612960582,5.412495607558763,31.228564262837313,follower_1,,,,,0.8999999999999995,1441,ok,accepted,0,ok,0.5717733,0.0006202000076882541,0.5699308000039309,0.0,0,0.001228399999998686,0.013496199999998737,0,293.88280739738013,50.633539281929984,,2.0635559849335436,1,0,0,,,,,,,,,,,,0,18.241788125165158,0.14930751747223003,23.673734229556786,0.00610356918091051,19.670337074701163,-0.24841342820875686,23.152017305961675,0.006370613862604483,17.409995344418427,0.0006485793080462463,30.944767763048556,-0.19962191646390617,30.31503762377984,-0.21869493890933034,28.09757945236158,-0.032310249622418234,28.638865537433485,-0.2914407968967944
1460,5.55,empty_shadow,IDEAM,0,0,1459,5.5,1,1,352.8147429611902,-203.2467745588067,,,,,,,0,0,32.40726752295863,1.0407649657970808,0.7452574372291565,0.0,-0.0007799757877364755,-0.0009529201779514551,32.12543750745052,0.006784117752575414,0,0,31.30548479217171,5.335733278122017,31.302194726117854,follower_1,,,,,0.9499999999999993,1441,ok,accepted,0,ok,0.5717733,0.0006202000076882541,0.5699308000039309,0.0,1,0.0011806999999990353,0.009520600000001878,0,294.7950999184611,51.33943149869219,,2.003225441193308,1,0,0,,,,,,,,,,,,0,18.249306907740667,0.1503756498845305,23.67405848394351,0.006485087794496703,19.658948273997943,-0.22777601330845124,23.152358725087595,0.006828382537337637,17.399047167416523,-0.2189635395621876,30.935673592565863,-0.18188319703481107,30.304907779733377,-0.2025965805231523,28.096553311941864,-0.020522804113418204,28.625157521778725,-0.27415998561732763
1461,5.6000000000000005,empty_shadow,IDEAM,0,0,1460,5.550000000000001,1,1,354.43539988298704,-203.30786719868266,,,,,,,0,0,32.455595821312926,0.9665659670859839,0.7253082990646362,0.0,-0.0007799757877364755,-0.0009529201779514551,32.12543750745052,0.0067639295079267555,0,0,31.37960236197847,5.261472170402689,31.3787828526379,follower_1,,,,,1.0,1441,ok,accepted,0,ok,0.5717733,0.0006202000076882541,0.5699308000039309,0.0,0,0.0011806999999990353,0.012610600000002137,0,295.70778917324,52.0473991657102,,1.9421328013173422,1,0,0,,,,,,,,,,,,0,18.25686955924464,0.15125302850151587,23.674403719953528,0.006904720050876318,19.648639029127548,-0.2061848934077515,23.15272112595189,0.0072480171920664685,17.40131310229594,0.04531869802258406,30.92750068538466,-0.16345784916856443,30.295620996745612,-0.18573528821271215,28.09610891452439,-0.00888794213272386,28.612359320332132,-0.25596366893815153
1462,5.65,empty_shadow,IDEAM,0,0,1461,5.6000000000000005,1,1,356.0583153292655,-203.3696151960526,,,,,,,0,0,32.4999365076078,0.8868137258974684,0.7040517330169678,0.0,-0.001087571494281292,-0.0013287191977724433,31.99645956467671,0.006745486174714436,0,0,31.456344661977596,5.18973959672541,31.458062565557242,follower_1,,,,,1.0499999999999998,1441,ok,accepted,0,ok,0.5717733,0.0006202000076882541,0.5699308000039309,0.0,1,0.0011670999999999765,0.011518099999999976,0,296.62087516171675,52.75722862351188,,1.8803848039474076,1,0,0,,,,,,,,,,,,0,18.26446272828973,0.151863379392865,23.67476230960884,0.00717179373647878,19.639449394009016,-0.1837926942798037,23.15309687809359,0.007515043076155675,17.392566005986186,-0.1749419257221289,30.92026620744747,-0.14468918420113655,30.287200161639824,-0.1684162721304446,28.09622146367213,0.002250990614711041,28.600510985158976,-0.23696632700298614
1463,5.7,empty_shadow,IDEAM,0,0,1462,5.65,1,1,357.68324507092314,-203.43175923480374,,,,,,,0,0,32.54002334743782,0.8017367966003519,0.6816373467445374,0.0,-0.001087571494281292,-0.0013287191977724433,31.99645956467671,0.0067288770595692144,0,0,31.535467478682875,5.120558021740486,31.53975792240244,follower_1,,,,,1.0999999999999996,1441,ok,accepted,0,ok,0.5717733,0.0006202000076882541,0.5699308000039309,0.0,0,0.0011670999999999765,0.0105208999999995,0,297.53432735590434,53.46870617098193,,1.8182407651962649,1,0,0,,,,,,,,,,,,0,18.27207497081043,0.1522448489852457,23.67513615848196,0.007476977650383954,19.631407978713625,-0.16082829305261298,23.153489796043342,0.007858359111677477,17.39697961569545,0.08827219458975681,30.913989231080876,-0.12553908378759684,30.27966816140203,-0.15063953098955543,28.096866163849775,0.012894012365326087,28.58963921819975,-0.2174349567013596
1464,5.75,empty_shadow,IDEAM,0,0,1463,5.7,1,1,359.31009750317696,-203.49414675828666,,,,,,,0,0,32.57561914619111,0.7119159750658355,0.6580208539962769,0.0,-0.0013029129477217793,-0.0015918085118755698,31.855588213955837,0.006714180074861971,0,0,31.616787638966116,5.053927569855043,31.623658738866357,follower_1,,,,,1.1499999999999995,1441,ok,accepted,0,ok,0.5717733,0.0006202000076882541,0.5699308000039309,0.0,1,0.00116599999999778,0.015095200000001086,0,298.4481457610081,54.18174019813199,,1.7558532417133392,1,0,0,,,,,,,,,,,,0,18.279694842722197,0.15239743689069118,23.6755176385687,0.007629603021974945,19.62454339593028,-0.13729163862666263,23.153892250788424,0.008049094914745382,17.390340138783,-0.1327895379023131,30.90867929277008,-0.10619826445394415,30.27304025392981,-0.1325576458433457,28.097999145070112,0.02265963346663842,28.579768810701992,-0.19740778091407074
1465,5.8,empty_shadow,IDEAM,0,0,1464,5.75,1,1,360.93856737738804,-203.55656424757473,,,,,,,0,0,32.60650127877201,0.6176426516179845,0.6334065794944763,0.0,-0.0013029129477217793,-0.0015918085118755698,31.855588213955837,0.006701468266548384,0,0,31.69993883300873,4.989851121968447,31.709367105686745,follower_1,,,,,1.1999999999999993,1441,ok,accepted,0,ok,0.5717733,0.0006202000076882541,0.5699308000039309,0.0,0,0.00116599999999778,0.008220000000001448,0,299.3623608946044,54.89599493874675,,1.6934357524252732,1,0,0,,,,,,,,,,,,0,18.287308993453845,0.1522830132565754,23.675908654660578,0.007820322396318883,19.618861372981357,-0.11364044048949797,23.154306149684174,0.008277977820948952,17.39675264915595,0.12825020776602758,30.904342112706928,-0.08674305993620934,30.267320250107858,-0.11439956751626787,28.099607055358838,0.03215821439889367,28.570903575533173,-0.17730435742411502
1466,5.8500000000000005,empty_shadow,IDEAM,0,0,1465,5.800000000000001,1,1,362.5683799989316,-203.61890498484772,,,,,,,0,0,32.6324713830547,0.5194020856538373,0.6077067852020264,0.0,-0.0013856356963515282,-0.001692873309366405,31.707504718394308,0.0066908062864141,0,0,31.784618184846032,4.928319449534517,31.796528527269075,follower_1,,,,,1.25,1441,ok,accepted,0,ok,0.5717733,0.0006202000076882541,0.5699308000039309,0.0,1,0.001292500000001695,0.014770699999999692,0,300.276942239117,55.611226215777776,,1.6310950151522832,1,0,0,,,,,,,,,,,,0,18.29490979262264,0.15201598204007005,23.676307305130337,0.007973011637494688,19.6143714452527,-0.08979853457049744,23.154720053289132,0.008278072577732977,17.392058669347175,-0.09387959576733373,30.900962429107494,-0.06759311415848535,30.26250624059941,-0.09627969153316839,28.101661284527342,0.041084591271218766,28.563058769377932,-0.15689580901681505
1467,5.9,empty_shadow,IDEAM,0,0,1466,5.8500000000000005,1,1,364.199382727872,-203.68101643427772,,,,,,,0,0,32.653367409529224,0.4179205294904875,0.5811532735824585,0.0,-0.0013856356963515282,-0.001692873309366405,31.707504718394308,0.006682245921704385,0,0,31.87081803047273,4.869311237217355,31.885030170793996,follower_1,,,,,1.2999999999999998,1441,ok,accepted,0,ok,0.5717733,0.0006202000076882541,0.5699308000039309,0.0,0,0.001292500000001695,0.00927599999999984,0,301.1918898205726,56.3272813632625,,1.5689835657222773,1,0,0,,,,,,,,,,,,0,18.302489611742114,0.15159638099971975,23.67670977352991,0.008049370936527368,19.611065983555992,-0.06610921368262128,23.155139683077905,0.00839259560818181,17.400260273933657,0.16403209205309788,30.89852688825888,-0.04871026161704882,30.258594408399937,-0.0782361704253277,28.104119869980703,0.049171715571629304,28.556232482815215,-0.13652545518703463
1468,5.95,empty_shadow,IDEAM,0,0,1467,5.9,1,1,365.8313312257935,-203.7423188452004,,,,,,,0,0,32.66900073936518,0.31266659671914,0.5555328130722046,0.0,-0.005469492636620998,-0.006682245992124081,32.766653,0.006675852236420384,1,0,31.958109919554374,4.812803973733066,31.974463129477854,follower_1,,,,,1.3499999999999996,1441,ok,stale_plan,1,ok,0.6916155,0.000658600009046495,0.6905220999906305,0.0,1,0.0011432000000013431,0.010388499999997691,0,302.10726465330254,57.04385502845412,,1.5076811547995987,1,0,0,,,,,,,,,,,,0,18.310038909630634,0.15098595682912136,23.67711225100773,0.00804955461299203,19.608929730276703,-0.04272504715499482,23.15556695482009,0.008545436864434782,17.39729816669238,-0.05924214448657518,30.897027858785997,-0.029980052518808357,30.255565677318717,-0.060574186192581606,28.10694847970042,0.05657219960226293,28.550409455241386,-0.11646031629303022
1469,6.0,empty_shadow,IDEAM,0,0,1468,5.95,1,1,367.46392019720884,-203.80246136959545,,,,,,,0,0,32.67952478972812,0.21048100725877816,0.5310481786727905,0.0,-0.005469492636620998,-0.006682245992124081,32.766653,0.006671553299527635,1,0,32.046179977899456,4.758684543490502,32.064430271098765,follower_1,,,,,1.3999999999999995,1441,ok,stale_plan,0,ok,0.6916155,0.000658600009046495,0.6905220999906305,0.0,0,0.0011432000000013431,0.008636499999997937,0,303.023005702154,57.76070295101795,,1.4475386304045514,1,0,0,,,,,,,,,,,,0,18.317548148386344,0.15018477477104178,23.67751283448873,0.008011678855381572,19.607945518690514,-0.019684215620650126,23.15599422310976,0.008545368525640515,17.407044723864793,0.1949311437528191,30.89643863493728,-0.011783974598141126,30.253399063443215,-0.04333189090134591,28.110105151243395,0.06313343452056516,28.545572517301956,-0.09673856803687766
