frame,time_s,condition,controller,hidden_visible,hidden_lidar_hits,lidar_frame,lidar_time_s,lidar_is_new,semantic_lidar_reveal_armed,ego_station_m,ego_local_y_m,hidden_station_m,hidden_local_y_m,hidden_reference_y_m,hidden_lateral_error_m,hidden_commanded_ay_mps2,hidden_road_lateral_velocity_mps,hidden_observation_submitted,hidden_aware_plan,ego_speed_mps,ego_accel_mps2,ego_throttle,ego_brake,ego_steer,commanded_ackermann_steer_rad,target_speed_mps,steer_limit_rad,steering_envelope_active,shield_active,minimum_clearance_m,minimum_ttc_s,minimum_oriented_clearance_m,minimum_oriented_clearance_actor_role,minimum_ttc_2d_s,minimum_ttc_2d_actor_role,hidden_oriented_clearance_m,hidden_ttc_2d_s,plan_age_s,plan_source_frame,plan_status,plan_rejection_reason,new_plan,latest_plan_status,planner_total_s,planner_decision_s,planner_mpc_s,planner_field_s,low_level_updated,low_level_time_s,physics_control_cycle_time_s,physics_control_deadline_miss,occluder_station_m,ego_pass_clearance_ahead_occluder_m,hidden_pass_clearance_ahead_occluder_m,ego_target_lane_error_m,ego_centre_lane_overlap,hidden_centre_lane_overlap,concurrent_centre_lane_overlap,hidden_center_geometric_visible_now,hidden_center_los_blocked,hidden_footprint_fully_blocked,hidden_footprint_blocked_sample_count,hidden_footprint_sample_count,hidden_footprint_blocked_sample_fraction,hidden_center_in_range,hidden_center_in_horizontal_fov,hidden_center_geometric_range_m,hidden_center_geometric_bearing_rad,hidden_center_geometric_clear_streak,hidden_center_geometric_reveal_confirmed,occluder_speed_mps,occluder_accel_mps2,lead_left_speed_mps,lead_left_accel_mps2,lead_centre_speed_mps,lead_centre_accel_mps2,lead_right_speed_mps,lead_right_accel_mps2,rear_centre_speed_mps,rear_centre_accel_mps2,follower_1_speed_mps,follower_1_accel_mps2,follower_2_speed_mps,follower_2_accel_mps2,follower_3_speed_mps,follower_3_accel_mps2,follower_4_speed_mps,follower_4_accel_mps2
3930,0.05,true_threat,DREAM,0,0,3929,,0,0,174.10342885503826,-201.74872459180185,194.77668638643198,-208.7499732978541,-208.75,4.7251031901396345e-05,-0.0016326172070792427,0.000928010018111311,0,0,32.730667771265765,0.0,0.5773849487304688,0.0,-0.0019452826818451285,-0.0023766111116856337,32.66778806100857,0.006650721064230382,0,0,5.229035308211061,13.005126120009562,5.229046723426332,rear_centre,,,16.542618438213935,,0.05,3929,ok,accepted,1,ok,0.4360558,0.0008002999820746481,0.39289540000027046,0.041510900016874075,1,0.001177399999999551,0.013047999999997728,0,190.04536074332722,-22.622143432325828,-2.0066077541883374,3.501275408198154,0,0,0,0,1,1,9,9,1.0,1,1,20.687706613378516,-0.3452955167146021,0,0,18.406783259441447,0.16578689439684205,22.885110212820134,2.932167164644225,18.13415083092354,0.03990202103962262,22.299679942963554,1.753311065634567,18.07717040471127,0.6607818954253997,31.427354824347557,0.13275116953011673,31.252056918595233,1.2603488246913315,31.65317352215981,1.9586946644483196,30.090677246945376,0.19725827653428876
3931,0.1,true_threat,DREAM,0,0,3930,0.05,1,0,175.74112412429733,-201.74831849570938,196.15952945367943,-208.7498830239888,-208.75,-2.670214590239084e-05,-0.0017819632143387695,0.000978111943120476,0,0,32.77446747020079,0.8759939787005067,0.571542501449585,0.0,-0.0019452826818451285,-0.0023766111116856337,32.66778806100857,0.006632957456937161,0,0,5.935084812720972,13.22001914992476,5.935187999684828,rear_centre,,,16.300652394827885,,0.1,3929,ok,accepted,0,ok,0.4360558,0.0008002999820746481,0.39289540000027046,0.041510900016874075,0,0.001177399999999551,0.012480999999997522,0,190.9658930204332,-21.90498044017275,-1.5442969640468789,3.501681504290616,0,0,0,0,1,1,9,9,1.0,1,1,20.448315752545845,-0.34986767304338756,0,0,18.414569066490884,0.15571613692564737,23.125680292168813,4.811401586883785,18.138959272590874,0.09616883523952624,22.541098784266545,4.828376827447287,18.100136792694983,0.45932775950178223,31.43768691423976,0.20664180283018854,31.299999630397192,0.959100779558792,31.728031241024084,1.497154377869097,30.104385377230635,0.2741626091312868
3932,0.15000000000000002,true_threat,DREAM,0,0,3931,0.1,1,0,177.3804672229553,-201.7475608853069,197.54466134435847,-208.7498072281033,-208.75,-0.00011697601121340995,-0.0019106680193387306,0.0010094928946488904,0,0,32.796753795506504,0.44572650611428344,0.5679578185081482,0.0,-0.0020432963501662016,-0.0024963575415313244,32.36778949303114,0.006623946217733251,0,0,6.647872104581159,13.400823174111322,6.648165955627059,rear_centre,,,16.0598060514376,,0.15000000000000002,3929,ok,accepted,0,ok,0.4360558,0.0008002999820746481,0.39289540000027046,0.041510900016874075,1,0.0011786999999969794,0.015656299999999845,0,191.88685253840274,-21.186596859484297,-1.080124591337352,3.5024391146930896,0,0,0,0,1,1,9,9,1.0,1,1,20.210096582683416,-0.35471110912815706,0,0,18.421837982641534,0.14537831946618796,23.31371817309876,3.760757618531419,18.14556633797933,0.13214130891409995,22.73226852373673,3.823394790696023,18.11357406728749,0.26874549165477785,31.448715183651306,0.2205653953660261,31.336689200851172,0.7339715086846011,31.78232010858176,1.085777351150734,30.118543643136263,0.2831653222369774
3933,0.2,true_threat,DREAM,0,0,3932,0.15000000000000002,1,0,179.01929138226984,-201.74639146460694,198.93131910864957,-208.74971565289079,-208.75,-0.00019277189670674488,-0.0020003048562104836,0.0010256040771361597,0,0,32.77478488699502,-0.4393781702296451,0.5694541335105896,0.0,-0.0020432963501662016,-0.0024963575415313244,32.36778949303114,0.006632828983773807,0,0,7.200196014073171,13.562733623266993,7.199452605715163,occluder,,,15.821446741026113,,0.2,3929,ok,accepted,0,ok,0.4360558,0.0008002999820746481,0.39289540000027046,0.041510900016874075,0,0.0011786999999969794,0.010749199999999348,0,192.80814774971208,-20.4690679114791,-0.6147620383555932,3.503608535393056,0,0,0,0,1,1,9,9,1.0,1,1,19.97437833852004,-0.3597718178601911,0,0,18.428572843506366,0.13469721381723818,23.439523078989303,2.516098117718324,18.1531690299734,0.15205383985360332,22.862313459338864,2.6008987131327754,18.116957707720406,0.06767280848994818,31.456861446558058,0.16292526764119225,31.364712707694114,0.5605920775352914,31.818622674553072,0.7260513191048281,30.12945369333318,0.21820100816277563
3934,0.25,true_threat,DREAM,0,0,3933,0.2,1,0,180.65698620907085,-201.74468837151963,200.31889240543654,-208.74963902414308,-208.75,-0.0002843471092148775,-0.0020793009164724045,0.0010287906828336125,0,0,32.752686720500904,-0.44196332988235554,0.5964347720146179,0.0,-0.001811020658351481,-0.0022125791292637587,32.067799784378415,0.006641782050602291,0,0,6.494500531533843,13.637832851839406,6.493508775773647,occluder,,,15.585648380737888,,0.25,3929,ok,accepted,0,ok,0.4360558,0.0008002999820746481,0.39289540000027046,0.041510900016874075,1,0.0011904999999998722,0.013533500000001197,0,193.7297481367849,-19.75297347175092,-0.14878912864145377,3.5053116284803707,0,0,0,0,1,1,9,9,1.0,1,1,19.741207117023055,-0.3650103468331367,0,0,18.43475457540316,0.1236346347383698,23.50281844615014,1.2659073431863654,18.161263811027034,0.16189562009772804,22.9300224243248,1.3541793006831304,18.111725855009418,-0.10463705429036844,31.458953781846436,0.04184671794356246,31.385633206225613,0.4184841261857397,31.839187703342375,0.4113005756187409,30.134058046166988,0.09208706038417497
3935,0.3,true_threat,DREAM,0,0,3934,0.25,1,1,182.29736636396424,-201.74234349318056,201.7068624307161,-208.74956226005528,-208.75,-0.0003609758569211863,-0.0021257214888661686,0.001020522668516233,0,0,32.84681016163856,1.8824688227530828,0.6085777282714844,0.0,-0.001811020658351481,-0.0022125791292637587,32.067799784378415,0.006603773276587079,0,0,5.789153426196584,13.464481584955632,5.787989400723502,occluder,,,15.3483835248038,,0.3,3929,ok,accepted,0,ok,0.4360558,0.0008002999820746481,0.39289540000027046,0.041510900016874075,0,0.0011904999999998722,0.011633299999999736,0,194.65165369962125,-19.03449887969387,0.3172753338017458,3.507656506819444,0,0,0,0,1,1,9,9,1.0,1,1,19.50657357468164,-0.3704841314948855,0,0,18.440373640571845,0.1123813007703935,23.51238570686096,0.19134521419741102,18.16961226272587,0.1669690323774259,22.943461596792428,0.26878345021574546,18.09627442883541,-0.3090285234015472,31.452905551206754,-0.12096459840034346,31.40024917087386,0.2923573555966919,31.846082760603675,0.13790114571468462,30.13052564651728,-0.07064799010793757
3936,0.35000000000000003,true_threat,DREAM,0,0,3935,0.30000000000000004,1,1,183.94174407670613,-201.73928008798538,203.0947714156375,-208.74947025800088,-208.75,-0.0004377399447150765,-0.002153977301614222,0.0010021029699123114,0,0,32.91164346302879,1.296666027804605,0.5047784447669983,0.0,-0.0013181234244257212,-0.001610391540452838,31.767823244805253,0.006577781845519443,0,0,5.084022490019243,13.278609814418656,5.082832350747404,occluder,,,15.108059616648319,,0.35000000000000003,3929,ok,accepted,0,ok,0.4360558,0.0008002999820746481,0.39289540000027046,0.041510900016874075,1,0.001180800000000204,0.017805000000002735,0,195.5738339258501,-18.31230139318083,0.7830040924943091,3.510719912014622,0,0,0,0,1,1,9,9,1.0,1,1,19.268866589256003,-0.3761850865938781,0,0,18.44541096624751,0.10074651143784284,23.481946328237044,-0.608787572480559,18.178187682229687,0.17150838859892906,22.915930918186206,-0.5506135711327156,18.07471567310638,-0.431175114271573,31.43809114676712,-0.29628807369316024,31.40883100717092,0.1716508072622081,31.8410320896585,-0.10101341719003637,30.11849219066389,-0.24066911515498826
3937,0.4,true_threat,DREAM,0,0,3936,0.35000000000000003,1,1,185.58847138255746,-201.7354529417516,204.48213108939004,-208.74939370212863,-208.75,-0.0005297419991165953,-0.0021778886270396387,0.000974497237636868,0,0,32.9477626177076,0.7223830935762976,0.42585015296936035,0.0,-0.0013181234244257212,-0.001610391540452838,31.767823244805253,0.006563368310395558,0,0,4.382615222175338,13.100795476578934,4.381622790227708,occluder,,,14.865853361601271,,0.4,3929,ok,accepted,0,ok,0.4360558,0.0008002999820746481,0.39289540000027046,0.041510900016874075,0,0.001180800000000204,0.010145800000000094,0,196.49625828227897,-17.58799844375838,1.247939409817974,3.514547058248411,0,0,0,0,1,1,9,9,1.0,1,1,19.02923061829649,-0.3820800470635717,0,0,18.449845570520296,0.08869208406056134,23.426310872633323,-1.1127091120739951,18.187079725104716,0.17784085742592343,22.862113160651695,-1.0763551497576098,18.0415678673782,-0.6629561140228604,31.41525252756768,-0.4567723689176047,31.411384275688047,0.051067169684847875,31.8254318702169,-0.3120043854158775,30.098917073401008,-0.3915023446155121
3938,0.45,true_threat,DREAM,0,0,3937,0.4,1,1,187.2362054977481,-201.73083199497708,205.86848367791765,-208.74930223102388,-208.75,-0.0006062978713714529,-0.002174623874584564,0.0009386586541596676,0,0,32.96057582971935,0.25626424023499794,0.36747321486473083,0.0,-0.000630564521998167,-0.0007703799055889249,31.46785907477378,0.0065582665141162904,0,0,3.6895408240519108,12.939694660609018,3.6890886279606345,occluder,,,14.622652200742209,,0.45,3929,ok,accepted,0,ok,0.4360558,0.0008002999820746481,0.39289540000027046,0.041510900016874075,1,0.0011640000000028294,0.015347899999998305,0,197.41886574937132,-16.862871795660084,1.7116845312532405,3.5191680050229195,0,0,0,0,1,1,9,9,1.0,1,1,18.788512430036672,-0.38811344749740895,0,0,18.45366410184139,0.07637062574054813,23.35758909732497,-1.3744355061601377,18.19641236624868,0.1866528241548045,22.794169578128262,-1.3588716493325563,18.00676257572704,-0.6961058322335938,31.386066253771116,-0.5837254619186899,31.40778508197077,-0.0719836767884134,31.800390271415143,-0.5008319702591434,30.0735855737157,-0.5066299938266496
3939,0.5,true_threat,DREAM,0,0,3938,0.45,1,1,188.8839698494241,-201.72538706323036,207.25346298071494,-208.7492264871923,-208.75,-0.00069776897612428,-0.00217031199854327,0.00089560934313547,0,0,32.95508872589198,-0.10974207654740553,0.322441428899765,0.0,-0.000630564521998167,-0.0007703799055889249,31.46785907477378,0.0065604505684825854,0,0,3.01206494668319,12.799543404163039,3.0126778084171875,occluder,,,14.379103536989012,,0.5,3929,ok,accepted,0,ok,0.4360558,0.0008002999820746481,0.39289540000027046,0.041510900016874075,0,0.0011640000000028294,0.01417730000000006,0,198.3416563219218,-16.137898016534564,2.173873261500063,3.5246129367696426,0,0,0,0,1,1,9,9,1.0,1,1,18.54733742717294,-0.3942714255842716,0,0,18.456855116824357,0.06382029965901183,23.284646359330818,-1.4588547598729038,18.206271437972934,0.19718143652423517,22.72110095007849,-1.461372559818794,17.958170969260554,-0.9718321281401484,31.35268190769798,-0.6676869092680098,31.39793646126323,-0.1969646829235692,31.76675224960484,-0.6727604278790175,30.0446301065334,-0.5791093440328907
3940,0.55,true_threat,DREAM,0,0,3939,0.5,1,1,190.53100153981978,-201.71924047708626,208.63658071135492,-208.74915137841816,-208.75,-0.0007735128077115405,-0.002141880778010826,0.0008461502954675518,0,0,32.935424485407886,-0.3932848096819441,0.2847133278846741,0.0,0.0005692710401490331,0.0006954957498237491,31.16851748371255,0.0065682865737732255,0,0,2.364048764026736,12.681652365806935,2.366566497820976,occluder,,,14.135465366409294,,0.55,3929,ok,accepted,1,ok,0.4788677,0.0007788999937474728,0.4679683000140358,0.009773800004040822,1,0.0011650999999979206,0.013455000000000439,0,199.26453846281746,-15.413748467034537,2.6341088512443775,3.5307595229137405,0,0,0,0,1,1,9,9,1.0,1,1,18.30591770223484,-0.4004788100338494,0,0,18.459403356441367,0.050964792989969684,23.21334966347937,-1.4259339170256855,18.216670290640717,0.20797705576199896,22.648905886910335,-1.4439012618944393,17.912518587272594,-0.9130476383479682,31.317241443083145,-0.7088092828877279,31.38182363853878,-0.32223405219076845,31.725212079299357,-0.8308033946291056,30.014059109396452,-0.6114199424936286
3941,0.6000000000000001,true_threat,DREAM,0,0,3940,0.55,1,1,192.17665973626964,-201.71249926668835,210.017379100987,-208.74906180207495,-208.75,-0.0008486215818379605,-0.0021025049362210606,0.0007908931504170512,0,0,32.904636564113495,-0.6157584258878046,0.2503819763660431,0.0,0.0005692710401490331,0.0006954957498237491,31.16851748371255,0.006580583482867574,0,0,1.7774881803027438,12.585430750190655,1.7832880374308182,occluder,,,13.891912650766967,,0.6000000000000001,3929,ok,accepted,0,ok,0.4788677,0.0007788999937474728,0.4679683000140358,0.009773800004040822,0,0.0011650999999979206,0.008923299999999301,0,200.1876037299928,-14.691155537760011,3.091841973701122,3.5375007333116457,0,0,0,0,1,1,9,9,1.0,1,1,18.064406642511546,-0.40671679938550387,0,0,18.461295465677225,0.03784218597912944,23.146952946746712,-1.3279343346641699,18.227549797196954,0.21759013332017252,22.58100617240437,-1.357994288419547,17.851958368307933,-1.2112043775540229,31.281524416784432,-0.7143405195774815,31.359554036309873,-0.4453500210171163,31.67634959509923,-0.9772496693111237,29.98345377539137,-0.612106678202813
3942,0.6500000000000001,true_threat,DREAM,0,0,3941,0.6000000000000001,1,1,193.82045614193584,-201.70511782224455,211.39552246668205,-208.74898839025755,-208.75,-0.0009381979250520089,-0.0020658447432900244,0.0007307146684713429,0,0,32.864822652774976,-0.7962782267703972,0.21657007932662964,0.0,0.0008168494678102434,0.0009979698807001114,30.872182861716777,0.006596536702685787,0,0,1.3335109509019738,12.509091071991339,1.3444742748708327,occluder,,,13.648668750911442,,0.6500000000000001,3929,ok,accepted,0,ok,0.4788677,0.0007788999937474728,0.4679683000140358,0.009773800004040822,1,0.001160500000001008,0.015618199999998694,0,201.11060795681001,-13.970363358911044,3.5469811125789477,3.5448821777554542,0,0,0,0,1,1,9,9,1.0,1,1,17.82302421888936,-0.41301790135221783,0,0,18.462512368807385,0.02433806435358021,23.086654023582973,-1.2059784632615556,18.238774536247238,0.2244947826699351,22.518778912428317,-1.2445451976243742,17.797589403550074,-1.0873792931833552,31.246743902599487,-0.6956102799600599,31.33133622826142,-0.5642917700255005,31.620677874064285,-1.1134344026857927,29.953804017490786,-0.5929951532198727
3943,0.7000000000000001,true_threat,DREAM,0,0,3942,0.65,1,1,195.46202462918845,-201.69734040929495,212.7706140695368,-208.74890076072978,-208.75,-0.001011609742448627,-0.0020081034099766588,0.0006660086755654205,0,0,32.81732892681596,-0.9498745191802982,0.1820773035287857,0.0,0.0008168494678102434,0.0009979698807001114,30.872182861716777,0.0066156431738134385,0,0,1.1936872524255477,12.450197603963877,1.2080771187704338,occluder,,,13.405658290818115,,0.7000000000000001,3929,ok,accepted,0,ok,0.4788677,0.0007788999937474728,0.4679683000140358,0.009773800004040822,0,0.001160500000001008,0.009136200000000372,0,202.033764771509,-13.251951686357415,3.9989159007347155,3.5526595907050478,0,0,0,0,1,1,9,9,1.0,1,1,17.58168523934,-0.4194013667265247,0,0,18.463044530503073,0.010643236042602554,23.03219540205389,-1.0891724305566894,18.250182384722176,0.22815697029374055,22.4621382777159,-1.1328126925083333,17.728123774243738,-1.3893125838263387,31.213506438071086,-0.6647492890656503,31.297487516205788,-0.6768868862526202,31.558708085302218,-1.2393957534329085,29.925535177691426,-0.5653767882014225
3944,0.7500000000000001,true_threat,DREAM,0,0,3943,0.7000000000000001,1,1,197.10106002746932,-201.68918239073557,214.14228773507278,-208.74890584993815,-208.75,-0.0010992392702178222,-0.0019550007727984807,0.000597560753680124,0,0,32.76295424748137,-1.0874935866918634,0.14608128368854523,0.0,0.00076486129546538,0.0009344543796032667,30.574145835731354,0.006637619911445349,0,0,1.20191179384247,12.406085332228793,1.2116609913501624,occluder,,,13.162922924377021,,0.7500000000000001,3929,ok,accepted,0,ok,0.4788677,0.0007788999937474728,0.4679683000140358,0.009773800004040822,1,0.001380000000001047,0.011103599999998437,0,202.95698262136068,-12.53613413792823,4.447371716419013,3.560817609264433,0,0,0,0,1,1,9,9,1.0,1,1,17.34042819707419,-0.4259177267121909,0,0,18.46287478395583,-0.003394929019744651,22.98244983987792,-0.9949112435327341,18.26158451351408,0.22804257615049423,22.41008100201418,-1.041145512268786,17.667374727313078,-1.214980936411271,31.18189976129331,-0.6321335354019405,31.258405276972333,-0.781535651418529,31.4909952694206,-1.3542562936089546,29.898597665624496,-0.5387502305562615
3945,0.8,true_threat,DREAM,0,0,3944,0.75,1,1,198.7371656447237,-201.6807507134237,215.51017722634685,-208.74892748887112,-208.75,-0.0010941500618457667,-0.001821681132615383,0.0005257561572993164,0,0,32.70215766532305,-1.215931643166357,0.10874439775943756,0.0,0.00076486129546538,0.0009344543796032667,30.574145835731354,0.0066623221218116025,0,0,1.2104253152647289,12.374155299224855,1.2156373186360283,occluder,,,12.920486171524935,,0.8,3929,ok,accepted,0,ok,0.4788677,0.0007788999937474728,0.4679683000140358,0.009773800004040822,0,0.001380000000001047,0.01635169999999775,0,203.88001737095965,-11.823063270272826,4.892226458094115,3.5692492865763086,0,0,0,0,1,1,9,9,1.0,1,1,17.09926137698684,-0.4325885739898694,0,0,18.461997408197398,-0.017547513656461896,22.935889550597185,-0.9312057856476503,18.272803540556893,0.22438054060847357,22.361210906138975,-0.9774019157717039,17.591595772555543,-1.5155790927193762,31.151674009144447,-0.6045150431564538,31.214534498161292,-0.8772875363565777,31.418145964046257,-1.4569860820841913,29.87266532525319,-0.5186467941205164
3946,0.8500000000000001,true_threat,DREAM,0,0,3945,0.8,1,1,200.37009738198384,-201.67216753095096,216.8740383975428,-208.74895050202676,-208.75,-0.00107251112888207,-0.0016713572687286943,0.00045186020312391016,0,0,32.635210371156425,-1.3389458833324852,0.07008017599582672,0.0,0.00047728081699460745,0.000583108514547348,30.270957221258016,0.006689683283203452,0,0,1.2190750830596926,12.352136193912475,1.2199983199956324,occluder,,,12.6783662272658,,0.8500000000000001,3929,ok,accepted,0,ok,0.4788677,0.0007788999937474728,0.4679683000140358,0.009773800004040822,1,0.0011440000000000339,0.0135908000000029,0,204.80305211535324,-11.113166277406265,5.3330528848964605,3.577832469049042,0,0,0,0,1,1,9,9,1.0,1,1,16.858190911626096,-0.4394552068872948,0,0,18.460395236222084,-0.03204343912700564,22.891002006670895,-0.8977508785643936,18.283694504671363,0.21781928207819434,22.314107018860422,-0.9420777447681904,17.526827942483973,-1.295356598845896,31.122428638688454,-0.5849074087161601,31.166371562810856,-0.9631157786198464,31.340772428068387,-1.5474706931624873,29.847335707330792,-0.506592343880925
3947,0.9000000000000001,true_threat,DREAM,0,0,3946,0.8500000000000001,1,1,201.9994585367842,-201.66350927259833,218.23356607289716,-208.7489749935128,-208.75,-0.0010494979732413867,-0.0015171291282605325,0.00037640597203745726,0,0,32.56229105708719,-1.4583862813847759,0.030664309859275818,0.0,0.00047728081699460745,0.000583108514547348,30.270957221258016,0.006719677403716024,0,0,1.2278152063442462,12.33827891307146,1.2247465659668875,occluder,,,12.436690442609503,,0.9000000000000001,3929,ok,accepted,1,ok,0.3557032,0.0010397000005468726,0.32307220000075176,0.031258100003469735,0,0.0011440000000000339,0.01208869999999962,0,205.7260258297995,-10.406778837052173,5.76960684580456,3.5864907274016673,0,0,0,0,1,1,9,9,1.0,1,1,16.61732261605257,-0.44654089666770785,0,0,18.458062546099676,-0.046653803558486986,22.846537893973487,-0.889282253964823,18.294141059487515,0.2089310956828425,22.26757915497756,-0.9305572778410856,17.447110312832223,-1.5943525904467117,31.0938050676932,-0.572471418127607,31.11442227056038,-1.0388329254086384,31.259502179599508,-1.6254049429321922,29.822284563049152,-0.5010228708286966
3948,0.9500000000000001,true_threat,DREAM,0,0,3947,0.9,1,1,203.62506608695287,-201.6550201414413,219.58839404149376,-208.74900108825864,-208.75,-0.0010250064871968334,-0.0013603053322518374,0.0003001667458302059,0,0,32.48245783445012,-1.5966644527412654,0.0,0.007107485085725784,0.002191998763009906,0.002678031800314784,31.449431924631593,0.006752747342380033,0,0,1.2363862544871154,12.332751404155996,1.2297895467350553,occluder,,,12.195235824375782,,0.55,3937,ok,accepted,0,ok,0.3557032,0.0010397000005468726,0.32307220000075176,0.031258100003469735,1,0.0011970999999988408,0.012391199999999714,0,206.64884695636403,-9.70399241344802,6.201613687836641,3.594979858558702,0,0,0,1,1,0,8,9,0.8888888888888888,1,1,16.376367264940797,-0.4537160125643261,1,0,18.454989801141945,-0.06145490201879839,22.801648442338767,-0.8977890326951247,18.304065003292425,0.19847887604456407,22.220810969974544,-0.9353637011763861,17.380568647510508,-1.3308333040390055,31.06559730265315,-0.5641552969564237,31.059201823192787,-1.104251246308174,31.174962737112914,-1.6907888246105283,29.79736121272767,-0.4984669926002865
3949,1.0,true_threat,DREAM,0,1,3948,0.9500000000000001,1,1,205.24624871348024,-201.6468987307632,220.93821712756906,-208.74902889037202,-208.75,-0.0009989117413624626,-0.0012016271344427055,0.0002236098563070752,0,0,32.391648230488606,-1.8161920792303476,0.0,0.041694603860378265,0.002191998763009906,0.002678031800314784,31.449431924631593,0.006790661748709085,0,0,1.2445743962382778,12.340383612135467,1.2352718399942275,occluder,,,11.954301725601855,,0.6,3937,ok,accepted,0,ok,0.3557032,0.0010397000005468726,0.32307220000075176,0.031258100003469735,0,0.0011970999999988408,0.009748399999999435,0,207.57145445468873,-9.005417285245358,6.628829275587236,3.603101269236788,0,0,0,1,1,0,8,9,0.8888888888888888,1,1,16.13558667996884,-0.4609244712267073,2,1,18.45117127851483,-0.07637045773743205,22.75591594309757,-0.9146499848092605,18.313409114658878,0.18688222754729758,22.173388568624883,-0.9484480283261517,17.29915919766164,-1.6281889948031332,31.03781297217656,-0.5556866033338893,31.001238643117194,-1.159106435882449,31.087754915565053,-1.7441564078647096,29.772632413830745,-0.494575968085039
3950,1.05,true_threat,DREAM,0,24,3949,1.0,1,1,206.86270123539742,-201.63912988588368,222.28288274324134,-208.74905845190682,-208.75,-0.000971109627982969,-0.0010423419488679389,0.00014747458137864648,0,0,32.29140226716803,-2.004919266411491,0.0,0.06932207942008972,0.002082495717331767,0.002544248476624489,31.149202095024883,0.006832887968073979,0,0,1.252425303854551,12.359381943517553,1.2421532273740428,occluder,,,11.714105831220017,,0.65,3937,ok,accepted,0,ok,0.3557032,0.0010397000005468726,0.32307220000075176,0.031258100003469735,1,0.001442199999999616,0.01174699999999973,0,208.49384833518437,-8.311358643823809,7.051101010763887,3.6108701141163237,0,0,0,1,1,0,6,9,0.6666666666666666,1,1,15.895187371566507,-0.46822362434731857,3,1,18.4465955360362,-0.09151485617227086,22.709317507169885,-0.9319687185356014,18.322142875390657,0.17467521515905335,22.125279525665075,-0.962180859720311,17.232918891717535,-1.3248061168944627,31.010667606770745,-0.5429072992254566,30.941045766693797,-1.2037058521749704,30.998475715537616,-1.7855839803953786,29.74834802933932,-0.48568767968296467
3951,1.1,true_threat,DREAM,1,68,3950,1.05,1,1,208.47387441441094,-201.63194267601932,223.62220778305252,-208.7490898353277,-208.75,-0.0009415480931806997,-0.0008831390614716976,7.216699273729886e-05,0,0,32.184167866227234,-2.144688018815941,0.0,0.0910530835390091,0.002082495717331767,0.002544248476624489,31.149202095024883,0.006878495376865387,0,0,1.2596793905428854,12.387246070259486,1.2512107614532537,occluder,,,11.47494713405549,,0.7000000000000001,3937,ok,accepted,0,ok,0.3557032,0.0010397000005468726,0.32307220000075176,0.031258100003469735,0,0.001442199999999616,0.012768299999997623,0,209.41602858744017,-7.622365717066089,7.468245798319259,3.618057323980679,0,0,0,1,0,0,3,9,0.3333333333333333,1,1,15.655449474632062,-0.4756361145986219,4,1,18.441245406612513,-0.10700259681888594,22.662144959645055,-0.9434509504675982,18.330247211878884,0.16208673059130677,22.076747057097613,-0.9706493696943739,17.151915705502862,-1.6200637225492929,30.984519787610374,-0.5229563716050704,30.879126581820692,-1.2382418993797342,30.907699249089113,-1.8155293121277305,29.72487427197473,-0.46947514082680786
3952,1.1500000000000001,true_threat,DREAM,1,119,3951,1.1,1,1,210.07958515547355,-201.62536768121115,224.95610069427354,-208.74912307186702,-208.75,-0.0009101646722911028,-0.0007250341624468478,-1.7208752144635964e-06,1,0,32.07159724334684,-2.2514124576079553,0.0,0.10904182493686676,0.001627875491976738,0.0019888251554220915,30.848732366272014,0.00692686532209946,0,0,1.2662908487064612,12.422703865387518,1.2597225242740817,occluder,,,11.236973945584888,,0.7500000000000001,3937,ok,accepted,0,ok,0.3557032,0.0010397000005468726,0.32307220000075176,0.031258100003469735,1,0.0013461000000027923,0.013035999999999603,0,210.33790365352172,-6.938530042085034,7.880263643458733,3.624632318788855,0,0,0,1,0,0,1,9,0.1111111111111111,1,1,15.416502746111446,-0.48322231255779197,5,1,18.435040781717415,-0.12409250773521159,22.61489802504961,-0.9449386918894029,18.337708772432197,0.14923121215001334,22.028256552306644,-0.9698100909544032,17.087886015085736,-1.2805938068356513,30.95978340861769,-0.49472756586267064,30.815974846482444,-1.262906332219623,30.815982462677976,-1.8343357152940931,29.702625035375114,-0.44498472685601126
3953,1.2000000000000002,true_threat,DREAM,1,161,3952,1.1500000000000001,1,1,211.67937573658304,-201.61952712792623,226.2846225120571,-208.74915814070323,-208.75,-0.0008769281329819023,-0.0005691671467432162,-7.354186646794762e-05,0,0,31.95482603308821,-2.3354242051725294,0.0,0.12404675036668777,0.001627875491976738,0.0019888251554220915,30.848732366272014,0.006977581300298346,0,0,1.2721221930900413,12.465325795181814,1.2674792107476764,occluder,,,11.000664816616544,,0.8000000000000002,3937,ok,accepted,0,ok,0.3557032,0.0010397000005468726,0.32307220000075176,0.031258100003469735,0,0.0013461000000027923,0.012822100000001058,0,211.2594735282236,-6.2603093356774195,8.287215586540412,3.630472872073767,0,0,0,1,0,0,0,9,0.0,1,1,15.178799097140125,-0.49099917499237006,6,1,18.42794733172506,-0.14186900946100472,22.56818896229634,-0.9341812550567451,18.34451802152198,0.13618498320365277,21.98039356622864,-0.9572597130916137,17.009230774502708,-1.5731048102386327,30.93686664255283,-0.4583353049192762,30.752057547111296,-1.2782335872079866,30.723853692127946,-1.8425754019181533,29.681968438583716,-0.4131319327626792
3954,1.2500000000000002,true_threat,DREAM,1,173,3953,1.2000000000000002,1,1,213.2733987456212,-201.6144209641107,227.60783427155587,-208.74919502101474,-208.75,-0.0008418592967700533,-0.0004162269444395714,-0.00014292249609803957,1,0,31.834725073137875,-2.402019199006702,0.0,0.13669607043266296,0.0009283757535740733,0.001134224934503436,30.548306872996843,0.007030326685250926,0,0,1.2772040245561698,12.515037872962322,1.2743863261491368,occluder,,,10.766026843274183,,0.8500000000000002,3937,ok,accepted,0,ok,0.3557032,0.0010397000005468726,0.32307220000075176,0.031258100003469735,1,0.0013670999999995104,0.010832800000002862,0,212.18064666922754,-5.587459467643214,8.68925420503524,3.635579035889293,0,0,0,1,0,0,0,9,0.0,1,1,14.942315987822195,-0.49903193237201804,7,1,18.41996505800425,-0.15964548270057474,22.52267199277817,-0.9103393903540407,18.35066923675494,0.12302430631475374,21.933770356976215,-0.9324641734057159,16.94914547946625,-1.2017058997639531,30.916080386479706,-0.4157251032918311,30.687845440961848,-1.2841472160136536,30.631833643516508,-1.8404009664419172,29.663188676194455,-0.3755952462105144
3955,1.3,true_threat,DREAM,1,181,3954,1.25,1,1,214.86128800290413,-201.6101408674229,228.92567493761717,-208.74923373362313,-208.75,-0.000804978985257776,-0.0002675568919545163,-0.0002091257201398359,0,0,31.712016423309286,-2.4541729965717707,0.0,0.14693978428840637,0.0009283757535740733,0.001134224934503436,30.548306872996843,0.007084837387543019,0,0,1.2814751934336357,12.57197593226371,1.2803295620780508,occluder,,,10.53336565403188,,0.9,3937,ok,accepted,0,ok,0.3557032,0.0010397000005468726,0.32307220000075176,0.031258100003469735,0,0.0013670999999995104,0.016757600000001815,0,213.101392569368,-4.920316110500721,9.086348970956095,3.639859132577101,0,0,0,1,0,0,0,9,0.0,1,1,14.707321059214065,-0.5073368190395896,8,1,18.411111127954214,-0.17707860714593465,22.478961281120647,-0.8742142331534049,18.356158594847976,0.10978716285172327,21.889002997751362,-0.8953471706141175,16.874629183029057,-1.4903259279636365,30.897623004368157,-0.3691476226599748,30.623788286176307,-1.2810661551826188,30.540435393777535,-1.8279649917372245,29.646453594727248,-0.3347016287576479
3956,1.35,true_threat,DREAM,1,187,3955,1.3,1,1,216.44304349281572,-201.60664106149832,230.23841916842818,-208.74927418483142,-208.75,-0.0007662663768712719,-0.00012368103972590643,-0.00027185114542839506,1,0,31.587352840878474,-2.4932716486162576,0.0,0.1550467312335968,0.00010134546755580232,0.00012381684791762382,30.248004171699943,0.007140868301047874,0,0,1.2849509793321374,12.636286241242217,1.2848542705148935,occluder,,,10.303038028127872,,0.9500000000000001,3937,ok,accepted,0,ok,0.3557032,0.0010397000005468726,0.32307220000075176,0.031258100003469735,1,0.0015025000000008504,0.014745700000002415,0,214.02165018308145,-4.258818234302595,9.478835588053641,3.6433589385016774,0,0,0,1,0,0,0,9,0.0,1,1,14.474130411590195,-0.5159615451512709,9,1,18.401414149696283,-0.19393956986912778,22.437608052759252,-0.8270645672264769,18.360974651542836,0.09632113404159416,21.846629360991695,-0.8474727200031936,16.820042772060138,-1.0917282189173347,30.881553624188886,-0.3213875827509767,30.560297700784414,-1.2697522192819077,30.4501281510616,-1.8061448533786377,29.631787989527265,-0.29331210393158136
3957,1.4000000000000001,true_threat,DREAM,1,194,3956,1.35,1,1,218.01851262226882,-201.6039063396027,231.54612799914156,-208.749316353818,-208.75,-0.0007258151685789471,1.4563963957727973e-05,-0.0003306756104560476,0,0,31.461348930707874,-2.520078203411984,0.0,0.1608394831418991,0.00010134546755580232,0.00012381684791762382,30.248004171699943,0.007198179774422676,0,0,1.2876771065623132,12.708046329925624,1.2871086188257959,occluder,,,10.075323503164565,,1.0,3937,ok,accepted,0,ok,0.3557032,0.0010397000005468726,0.32307220000075176,0.031258100003469735,0,0.0015025000000008504,0.012746499999998662,0,214.9414195207787,-3.6031184425467586,9.866775081069761,3.646093660397298,0,0,0,1,0,0,0,9,0.0,1,1,14.242972743777594,-0.524919904326219,10,1,18.390902735159525,-0.21022829365170453,22.399058626388282,-0.7709885274040806,18.365117406062776,0.08285508940865817,21.807105301408285,-0.7904811772758791,16.751256149099575,-1.3757324588603606,30.86782074495722,-0.27465756444938233,30.497794867152436,-1.2500132757488707,30.361404011002932,-1.774482801312933,29.619151806027382,-0.25272367004459756
3958,1.4500000000000002,true_threat,DREAM,1,203,3957,1.4000000000000001,1,1,219.58772574747272,-201.6014636688918,232.84901505279174,-208.74936016770747,-208.75,-0.0006836461820114437,0.00014625238792838997,-0.00038509407418752493,1,0,31.33483610259642,-2.5302565622290984,0.0,0.16312338411808014,-0.004308973904699087,-0.005264404695481062,30.902906073299988,0.007256419654819138,0,0,1.290096121624373,12.786922056441133,1.2898528795338977,occluder,,,9.850873120434834,,0.6500000000000001,3945,ok,accepted,1,ok,0.5184691,0.0008619999862276018,0.4833968000020832,0.03387370001291856,1,0.0014132999999993956,0.013331599999997223,0,215.86060901931995,-2.9530948158841,10.2504726361787,3.648536331108204,0,0,0,1,0,0,0,9,0.0,1,1,14.014453283191411,-0.5345529308800886,11,1,18.379603585467557,-0.22598299549482664,22.363660138769326,-0.7079697523181332,18.368598305530785,0.06961798789866092,21.7707951227382,-0.7262035605084445,16.703536192569345,-0.9543991303745374,30.856290851517887,-0.23059785008402,30.436659053007133,-1.2226869221913967,30.274703571115484,-1.7340087980790084,29.608417251578526,-0.2146910888312565
3959,1.5000000000000002,true_threat,DREAM,1,215,3958,1.4500000000000002,1,1,221.15059123241213,-201.59906893998718,234.14720239968415,-208.7494055848567,-208.75,-0.0006398322925349476,0.00027078431953776294,-0.00043480564086984495,0,0,31.208694235161374,-2.5228373487009037,0.0,0.161929190158844,-0.004308973904699087,-0.005264404695481062,30.902906073299988,0.0073151953008280795,0,0,1.2924826410623211,12.872282143692319,1.2925586392296915,occluder,,,9.630194412806988,,0.7000000000000002,3945,ok,accepted,0,ok,0.5184691,0.0008619999862276018,0.4833968000020832,0.03387370001291856,0,0.0014132999999993956,0.00907280000000199,0,216.77924920669233,-2.308869518317067,10.630019795698729,3.650931060012823,0,0,0,1,0,0,0,9,0.0,1,1,13.788988442601442,-0.5449778876631842,12,1,18.36755294211425,-0.2410128675329005,22.331652917442558,-0.6401444264548425,18.37142879097198,0.05660970726645009,21.737950593548387,-0.6568905738050033,16.64191356943187,-1.2324524626938878,30.846786559022007,-0.19008583401067577,30.377258139578245,-1.188000410398681,30.190471243554196,-1.6846465508939972,29.599427923276004,-0.1797865655088755
3960,1.55,true_threat,DREAM,1,220,3959,1.5,1,1,222.7071700601859,-201.59656954418557,235.44075107497147,-208.74945258444413,-208.75,-0.0005944151432970557,0.00038741397471527033,-0.0004794144940849527,1,0,31.08368233940502,-2.5002379151271015,0.0,0.15784455835819244,-0.0046942345798015594,-0.005735089536756277,30.602744712905256,0.007374151782937425,0,0,1.2949587976461885,12.9635918205226,1.2932862122746291,occluder,,,9.413484999797436,,0.75,3945,ok,accepted,0,ok,0.5184691,0.0008619999862276018,0.4833968000020832,0.03387370001291856,1,0.0016710999999993703,0.016439099999999485,0,217.6972180021796,-1.6702594860305737,11.005599675498786,3.65343045581443,0,0,0,1,0,0,0,9,0.0,1,1,13.566657861382339,-0.5561155191540239,13,1,18.354788951255465,-0.25527981680455747,22.30320290081762,-0.5690003323527968,18.373627947486145,0.043983130098073135,21.708722394035384,-0.5845639833518933,16.602212104151548,-0.7940293056683626,30.839113317697766,-0.15346481379526267,30.31993147014831,-1.1465241921513398,30.109141903673482,-1.626586795875932,29.592044584345228,-0.14766677757260047
3961,1.6,true_threat,DREAM,1,226,3960,1.55,1,1,224.25761472497874,-201.5936907712459,236.7299052192645,-208.74950108318356,-208.75,-0.0005474155558715665,0.0004964535310443948,-0.0005191033198564711,0,0,30.960522442865244,-2.463197930795502,0.0,0.15086504817008972,-0.0046942345798015594,-0.005735089536756277,30.602744712905256,0.007432934562287956,0,0,1.297814560405243,13.060174279509118,1.29323378453028,occluder,,,9.201101095991493,,0.8,3945,ok,accepted,0,ok,0.5184691,0.0008619999862276018,0.4833968000020832,0.03387370001291856,0,0.0016710999999993703,0.012170400000002246,0,218.6145154109872,-1.0371122300453237,11.377456410984223,3.656309228754111,0,0,0,1,0,0,0,9,0.0,1,1,13.347695872695025,-0.5679038387703543,14,1,18.341353574738076,-0.2687075294572522,22.278378753543397,-0.49648294526435977,18.37522438379828,0.03192872731065086,21.68319254074569,-0.5105970613745767,16.548901705375815,-1.0662079755672755,30.833093743810075,-0.12039146850386027,30.26499366198863,-1.0987527225585254,30.031125631266146,-1.5603254444116983,29.586124183796123,-0.11840800932877668
3962,1.6500000000000001,true_threat,DREAM,1,247,3961,1.6,1,1,225.80195565066998,-201.59015795257025,238.01475638529232,-208.74955104984264,-208.75,-0.0004989168164399871,0.0005970601736603055,-0.0005534409037846084,1,0,30.83985312588474,-2.4133863396100708,0.0,0.14148275554180145,-0.004176465794444084,-0.005102515686303377,30.302595539297045,0.0074912129450265975,0,0,1.301339835903974,13.161374201089178,1.2933247708554594,occluder,,,8.993358237233751,,0.8500000000000001,3945,ok,accepted,0,ok,0.5184691,0.0008619999862276018,0.4833968000020832,0.03387370001291856,1,0.0013828999999994096,0.015386599999999362,0,219.53120247347317,-0.409458366840056,11.745620514526053,3.6598420474297484,0,0,0,1,0,0,0,9,0.0,1,1,13.132294095274796,-0.5802431364208221,15,1,18.327283053156453,-0.2814104305770019,22.257205271166715,-0.42346964722847,18.376252430867837,0.020560943364190322,21.66137438405141,-0.4363631318771083,16.518141889587667,-0.6151963158510587,30.828598136013348,-0.08991215053462222,30.21274032919423,-1.0450661758853748,29.956822969347378,-1.4860532322363267,29.581563724064473,-0.09120919244876222
3963,1.7000000000000002,true_threat,DREAM,1,256,3962,1.6500000000000001,1,1,227.3404063822133,-201.58574213346057,239.29564026639468,-208.74960236990282,-208.75,-0.000448950157363015,0.0006895908586739253,-0.0005826394358690763,0,0,30.722264134053006,-2.351779836634691,0.0,0.1296534240245819,-0.004176465794444084,-0.005102515686303377,30.302595539297045,0.007548665518179425,0,0,1.3230030389318628,13.266387954296654,1.3120910323221575,occluder,,,8.790628870156594,,0.9000000000000001,3945,ok,accepted,0,ok,0.5184691,0.0008619999862276018,0.4833968000020832,0.03387370001291856,0,0.0013828999999994096,0.011821799999999882,0,220.44712659134507,0.21306824683136938,12.110580277756526,3.6642578665394296,0,0,0,1,0,0,0,9,0.0,1,1,12.920704444497273,-0.5930749569521314,16,1,18.312621253953214,-0.29323598291755254,22.23964430672242,-0.35121928848603,18.37674642170851,0.009879819097685535,21.643245036833562,-0.3625869436887378,16.474028725131973,-0.8822632891590746,30.82551586858362,-0.061645346056686715,30.163438536576123,-0.9860358124925694,29.886603943008403,-1.4043805181810465,29.578283096304833,-0.06561255251577879
3964,1.7500000000000002,true_threat,DREAM,1,262,3963,1.7000000000000002,1,1,228.87308890662783,-201.58019913166297,240.57270945045346,-208.74965499131022,-208.75,-0.000397630097182855,0.0007742198085468766,-0.0006068466034962004,1,0,30.608285979129942,-2.2795630984612814,0.0,0.11587504297494888,-0.00298788002692163,-0.003650384023785591,30.00244468105513,0.007604986985474899,0,0,1.5521809456388187,13.374449935141056,1.5421970988292826,occluder,,,8.593189514761951,,0.9500000000000002,3945,ok,accepted,0,ok,0.5184691,0.0008619999862276018,0.4833968000020832,0.03387370001291856,1,0.001372699999997451,0.012938100000003061,0,221.36228776980823,0.8305895927827294,12.472488283352135,3.6698008683370347,0,0,0,1,0,0,0,9,0.0,1,1,12.713083868349466,-0.6062943503849354,17,1,18.29742158398051,-0.30399339852577073,22.225632917763267,-0.2802277786839979,18.376748318599844,3.793990200369683e-05,21.62873583370572,-0.2901840627511653,16.452868593367892,-0.42320263529615587,30.823759202158413,-0.035133328141609965,30.11732870825326,-0.9221948432804778,29.820838577988788,-1.3153072891643138,29.576221265161536,-0.04123661976716779
3965,1.8,true_threat,DREAM,1,268,3964,1.75,1,1,230.40018625649623,-201.5733152616783,241.84636066596107,-208.7497087787247,-208.75,-0.0003450086897771598,0.0008505822351194184,-0.0006258828816339702,0,0,30.49839025188399,-2.197914544919044,0.0,0.10013814270496368,-0.00298788002692163,-0.003650384023785591,30.00244468105513,0.00765989012541712,0,0,1.9546128093379853,13.484671480384568,1.9470660718324058,occluder,,,8.401492061788746,,1.0,3945,ok,accepted,0,ok,0.5184691,0.0008619999862276018,0.4833968000020832,0.03387370001291856,0,0.001372699999997451,0.012561300000001552,0,222.27668600886264,1.4432887035967212,12.83174125980534,3.676684738321711,0,0,0,1,0,0,0,9,0.0,1,1,12.509770652254689,-0.6198536286232753,18,1,18.281722191072475,-0.3139878575971768,22.21506238541403,-0.21141064637809717,18.376300084993517,-0.008964670834087154,21.61774187087824,-0.2198792568448679,16.418553477587338,-0.6863023155636399,30.823253750596432,-0.010109031613744143,30.074613167533027,-0.8543057878666188,29.759854937967926,-1.219672786728259,29.575324824652334,-0.01792880676108452
3966,1.85,true_threat,DREAM,1,279,3965,1.8,1,1,231.92197318890805,-201.5653803467849,243.11689908868107,-208.74976362803852,-208.75,-0.00029122127529035424,0.0009191701138890999,-0.0006400817411785463,1,1,30.39317994523545,-2.104206132970816,0.0,0.08216079324483871,0.0013257539831101894,0.0016197140794247389,30.209869405976647,0.007713011407958742,0,0,2.442746488656126,13.595932060716862,2.4378708627280465,occluder,,,8.2152938732694,,0.55,3955,ok,accepted,1,ok,0.4024927,0.0007060000207275152,0.360573200014187,0.04086529999040067,1,0.001402999999999821,0.011868899999999627,0,223.19026027335562,2.0515013715155703,13.188705418032356,3.684619653215094,0,0,0,1,0,0,0,9,0.0,1,1,12.310485239056554,-0.6334120783882892,19,1,18.26557838747471,-0.3228760716488278,22.207816362194922,-0.1449204637527086,18.375441773795824,-0.017166223208237828,21.610142986565524,-0.15197768608556847,16.407366871747218,-0.22373211665429588,30.823921313096594,0.013351250245925103,30.03547900041572,-0.7826739162791139,29.703965827512633,-1.1177821934816372,29.575538461512433,0.004272740856464793
3967,1.9000000000000001,true_threat,DREAM,1,287,3966,1.85,1,1,233.4386022969504,-201.55640959371706,244.38459937680062,-208.74981944555466,-208.75,-0.00023637196147774375,0.0009795740882634052,-0.0006492620319142224,0,1,30.293122945914195,-2.0011399864250734,0.0,0.06211206316947937,0.0013257539831101894,0.0016197140794247389,30.209869405976647,0.00776404505878016,0,0,2.9720513506268036,13.70707150102725,2.9695307920178844,occluder,,,8.034717263660978,,0.6000000000000001,3955,ok,accepted,0,ok,0.4024927,0.0007060000207275152,0.360573200014187,0.04086529999040067,0,0.001402999999999821,0.015235700000001628,0,224.1030410860689,2.6553496668446144,13.543624893438619,3.6935904062829366,0,0,0,1,0,0,0,9,0.0,1,1,12.115302044338282,-0.646854330089987,20,1,18.249041671671208,-0.33073431597492936,22.203763240227467,-0.08106243860652988,18.374219162906794,-0.024452217732111692,21.60581138786294,-0.08663197304800081,16.383141629216297,-0.4845048503689222,30.825679872958762,0.035171199441060175,30.00007326082568,-0.7081004223409524,29.653464978393732,-1.0100169649773536,29.576783974284417,0.024910259228059003
3968,1.9500000000000002,true_threat,DREAM,1,303,3967,1.9000000000000001,1,1,234.95043983318257,-201.54652494785086,245.64985823278528,-208.74979980199217,-208.749997427217,-0.00017798166234683777,0.09222277664765441,-0.0006536315423851038,1,1,30.198624595553905,-1.8899670072057972,0.0,0.04062065854668617,0.0027395638171583414,0.0033470087219029665,29.910095655839118,0.007812710028903658,0,0,3.5221530568921358,13.817075154206881,3.5215184021876293,occluder,,,7.8598059866433365,,0.6500000000000001,3955,ok,accepted,0,ok,0.4024927,0.0007060000207275152,0.360573200014187,0.04086529999040067,1,0.0013564999999999827,0.012101100000002418,0,225.0149368838627,3.2552914052830033,13.896987951629484,3.7034750521491446,0,0,0,1,0,0,0,9,0.0,1,1,11.924186303356619,-0.6601768248699323,21,1,18.23216354211228,-0.33756259118019133,22.202754245628867,-0.020179891037620065,18.37267611843898,-0.03086088942729429,21.60459830284482,-0.02426169843510664,16.381974325912235,-0.02334606574726956,30.82841499061628,0.05470235827845321,29.96851439436708,-0.6311579745434484,29.60860225333928,-0.897254482123164,29.578973624750258,0.04379301314437809
3969,2.0,true_threat,DREAM,1,325,3968,1.9500000000000002,1,1,236.4576689499112,-201.53586367581516,246.91285873606617,-208.74962834094546,-208.74971661800527,8.318398690221329e-05,0.4381616386574563,0.0002931551147892057,0,1,30.110028646082807,-1.7719189894219767,0.0,0.017737053334712982,0.0027395638171583414,0.0033470087219029665,29.910095655839118,0.007858752119622883,0,0,4.082959675459255,13.92492042658486,4.083734235630513,occluder,,,7.69068884703407,,0.7,3955,ok,accepted,0,ok,0.4024927,0.0007060000207275152,0.360573200014187,0.04086529999040067,0,0.0013564999999999827,0.009459700000000737,0,225.92606974224776,3.851387663626582,14.248855596525317,3.7141363241848353,0,0,0,1,0,0,0,9,0.0,1,1,11.73709058387192,-0.6734164638885898,22,1,18.215001219253608,-0.343246457108223,22.204646328920987,0.03784166675198331,18.370854604882577,-0.03643027170073848,21.60634923653627,0.03501867669103872,16.367789365780496,-0.28369920211584027,30.8319931511564,0.07156321996099402,29.94089604540364,-0.5523430575452449,29.569526424562206,-0.7815165560250303,29.581991064586845,0.060348800544585315
3970,2.05,true_threat,DREAM,1,335,3969,2.0,1,1,237.96071700251832,-201.52474606641078,248.1739670194787,-208.7490760556626,-208.74840605740343,0.0012222835420345746,0.7736424708827231,0.004850797357558379,1,1,30.026598455822555,-1.6686038052050378,0.00598512589931488,0.0,0.0035064525436609983,0.004283939953893423,29.610275687896234,0.007902482734830093,0,0,4.649615919896174,14.031455287274662,4.651363656499028,occluder,,,7.527235935686986,,0.7499999999999998,3955,ok,accepted,0,ok,0.4024927,0.0007060000207275152,0.360573200014187,0.04086529999040067,1,0.0014143000000004236,0.01464640000000017,0,226.83625655576597,4.444248902715486,14.599777066419648,3.725253933589215,0,0,0,1,0,0,0,9,0.0,1,1,11.553700311593804,-0.6865855123009991,23,1,18.1976023867908,-0.3479766489331239,22.209267827788864,0.09242997838005158,18.368800397497605,-0.041084147902884983,21.61089824909856,0.09098025515436178,16.376340002161196,0.17101272824706684,30.836278934380452,0.08571567784431015,29.91727369051072,-0.472419376648127,29.53619934522392,-0.6665415668349334,29.585716130685743,0.07450132570810108
3971,2.1,true_threat,DREAM,1,340,3970,2.0500000000000003,1,1,239.45961459707186,-201.5134315086259,249.433427161169,-208.7479597573993,-208.7453353267742,0.0037407288884026,1.097131238858896,0.013105309600626357,0,1,29.945459580795205,-1.622777500546988,0.03139030188322067,0.0,0.0035064525436609983,0.004283939953893423,29.610275687896234,0.00794536337855725,0,0,5.218931637154418,14.141469409427767,5.2212673664176625,occluder,,,7.369556386955111,,0.8,3955,ok,accepted,0,ok,0.4024927,0.0007060000207275152,0.360573200014187,0.04086529999040067,0,0.0014143000000004236,0.011998099999999567,0,227.74564991229911,5.033753140735882,14.949843851576787,3.7365684913741006,0,0,0,1,0,0,0,9,0.0,1,1,11.373971974109146,-0.6997018163068744,24,1,18.180033801872842,-0.3513716975805791,22.216441359641614,0.1434706380623639,18.366549735267682,-0.045013244545212584,21.6180641436113,0.14331789480625903,16.37178715335554,-0.09105697545257568,30.841119752419687,0.09681637880359664,29.89766844811081,-0.39207435856500356,29.508485593337472,-0.5542750178081507,29.590013401272834,0.08594541536514962
3972,2.15,true_threat,DREAM,1,352,3971,2.1,1,1,240.95460596787967,-201.50219457736142,250.69142219371972,-208.7460657606564,-208.7398522848672,0.008107472532088877,1.4061396816001974,0.025712732828155394,1,1,29.86676377181741,-1.5739161795558942,0.06062259525060654,0.0,0.003678226610645652,0.004493801388889551,29.310392424104965,0.007987287170619448,0,0,5.7894507487008875,14.254484894403912,5.792046584330756,occluder,,,7.217505512404703,,0.8499999999999999,3955,ok,accepted,0,ok,0.4024927,0.0007060000207275152,0.360573200014187,0.04086529999040067,1,0.0013538000000004047,0.014894500000000477,0,228.65406671159448,5.620327712248326,15.299422084832145,3.747805422638578,0,0,0,1,0,0,0,9,0.0,1,1,11.197604900439645,-0.7128017188870059,25,1,18.162343148153653,-0.35381307296109826,22.225980003476373,0.19077287780201727,18.364148393806957,-0.04802682881622604,21.627659999322113,0.1919171194999991,16.389399603626227,0.35224900624955746,30.846366832691164,0.10494162804155638,29.882086145144854,-0.3116139716868449,29.486181082365295,-0.446090199913147,29.59474745498787,0.09468107791197707
3973,2.1999999999999997,true_threat,DREAM,1,359,3972,2.15,1,1,242.44569123466567,-201.49138622474538,251.94828769074672,-208.74304299878733,-208.73138035146297,0.014685409193418764,1.6978987632368514,0.04349228439243751,0,1,29.791306259110012,-1.5091502541479684,0.09331703931093216,0.0,0.003678226610645652,0.004493801388889551,29.310392424104965,0.008027798200120067,0,0,6.359776108387374,14.36873315283761,6.3623586857404355,occluder,,,7.070988120647462,,0.8999999999999997,3955,ok,accepted,0,ok,0.4024927,0.0007060000207275152,0.360573200014187,0.04086529999040067,0,0.0013538000000004047,0.014693299999997578,0,229.56169004869935,6.203789641929461,15.648664244754286,3.7586137752546165,0,0,0,1,0,0,0,9,0.0,1,1,11.024433045094348,-0.7258743266961164,26,1,18.144587645197575,-0.3551100571206437,22.23768920981866,0.23418412802231073,18.361634519946957,-0.05027747642705945,21.639476008993984,0.2363201989837815,16.393725462231934,0.0865171730562586,30.851871403476988,0.11009144199472772,29.87048489345126,-0.23199258690583774,29.46907028134977,-0.34221600175117867,29.599798128375664,0.10101347123521812
3974,2.25,true_threat,DREAM,1,373,3973,2.2,1,1,243.93314511808165,-201.48118946253888,253.20423719199823,-208.73864725830592,-208.71941579101744,0.023627207769891356,1.969626955882181,0.06723101507124926,1,1,29.719735738393002,-1.4314104143402062,0.12740057706832886,0.0,0.0033320682123303413,0.004070889204740524,29.010466397275103,0.008066507872633981,0,0,6.914656804680329,14.482510520923176,6.929823855634326,latent_vehicle,,,6.929823855634326,,0.95,3955,ok,accepted,0,ok,0.4024927,0.0007060000207275152,0.360573200014187,0.04086529999040067,1,0.001356099999998861,0.015087900000001042,0,230.46833682336108,6.784596750683704,15.997966971344056,3.768810537461121,0,0,0,1,0,0,0,9,0.0,1,1,10.854152759312782,-0.7389682693222528,27,1,18.126826422466923,-0.3552244513652318,22.251351541705915,0.27324663886433775,18.359048167691327,-0.05172704399731987,21.653304271659973,0.27656525903116924,16.41940408955367,0.5135725475053606,30.857496137951458,0.11249471740959709,29.862807510285485,-0.1535160243735825,29.456920493960894,-0.24299573014636505,29.60504335115778,0.10490445901713887
3975,2.3,true_threat,DREAM,1,397,3974,2.25,1,1,245.41718133485907,-201.4718788760536,254.45936210965783,-208.73246652069903,-208.70352499630607,0.03512226199984525,2.2189170724542,0.09757865779525929,0,1,29.65246605591001,-1.3453936496598118,0.1604372262954712,0.0,0.0033320682123303413,0.004070889204740524,29.010466397275103,0.008103147199968018,0,0,6.7764617879873645,14.594443548238594,6.793527260802307,latent_vehicle,,,6.793527260802307,,0.9999999999999998,3955,ok,accepted,0,ok,0.4024927,0.0007060000207275152,0.360573200014187,0.04086529999040067,0,0.001356099999998861,0.013048799999999972,0,231.3741901410377,7.3627796497845,16.34723857132704,3.7781211239463914,0,0,0,1,0,0,0,9,0.0,1,1,10.686203899081908,-0.7520906410754391,28,1,18.10910906993978,-0.3543470463018006,22.266755282572202,0.3080748185191599,18.35641985579177,-0.05256623646272274,21.668915904724383,0.31223266734668287,16.431504301036995,0.24200423080483938,30.86311133686676,0.11230400670460138,29.858956726846927,-0.07698586957761168,29.449432266265905,-0.14976453742319298,29.61038966326471,0.10692624542278736
3976,2.35,true_threat,DREAM,1,413,3975,2.3000000000000003,1,1,246.89795257698745,-201.46375958899918,255.71387595224144,-208.72416501975147,-208.6833417720681,0.049124748630930526,2.443600121935056,0.1350024005787792,1,1,29.58968765468264,-1.2555680245474576,0.1921212375164032,0.0,0.0038515429478138685,0.004705547355115414,28.922361984189052,0.008137565936537182,0,0,6.642133156175196,14.703485456875924,6.66161908715656,latent_vehicle,,,6.66161908715656,,0.6499999999999999,3963,ok,accepted,1,ok,0.5112278,0.0009160000190604478,0.4697607999842148,0.040192399988882244,1,0.001670499999999464,0.018323599999998663,0,232.27906689106578,7.938674141884803,16.696875663882565,3.7862404110008185,0,0,0,1,0,0,0,9,0.0,1,1,10.520111885298034,-0.7651692558739394,29,1,18.091498530035654,-0.3522107927964056,22.283671551453164,0.338325378737325,18.35379154416889,-0.05256623073851145,21.686083935535667,0.34336062187620153,16.463978811397592,0.6494902084616301,30.868610189821634,0.10997708606508168,29.858823802808846,-0.0026313603308400764,29.44631949579151,-0.06225539431490694,29.615758863426347,0.10738400643509344
3977,2.4,true_threat,DREAM,1,424,3976,2.35,1,1,248.37576410351653,-201.4570756378786,256.96805326862295,-208.7134222272145,-208.6585646186508,0.06560040110068144,2.5,0.17977575898891382,0,1,29.531496305277223,-1.1638269881083119,0.22240550816059113,0.0,0.0038515429478138685,0.004705547355115414,28.922361984189052,0.008169665999200198,0,0,6.511148663943615,14.808706984125914,6.533538900828053,latent_vehicle,,,6.533538900828053,,0.6999999999999997,3963,ok,accepted,0,ok,0.5112278,0.0009160000190604478,0.4697607999842148,0.040192399988882244,0,0.001670499999999464,0.012162000000000006,0,233.1831807120959,8.512371847383776,17.046939159233972,3.792924362121397,0,0,0,1,0,0,0,9,0.0,1,1,10.355378386373214,-0.7781674067375833,30,1,18.0740443937153,-0.34908272006977137,22.301873372988958,0.36403643189355156,18.351188029625646,-0.052070288820078345,21.704575665791264,0.36983461096843334,16.482525862123147,0.370941015699733,30.873908774218492,0.10597171192517064,29.86226755217403,0.06889881724381475,29.447359022662503,0.020790551253999697,29.621068935651753,0.10620144672379508
3978,2.45,true_threat,DREAM,1,441,3977,2.4000000000000004,1,1,249.85076849191722,-201.4517964530616,258.22198554386136,-208.70003974760957,-208.62895401565368,0.08446821156081796,2.5,0.2305113577620792,1,1,29.477904160203327,-1.0718429014779218,0.25128552317619324,0.0,0.002598842605948448,0.0031750851776450872,28.622446841476762,0.008199397306737301,0,0,6.383271437814284,14.90931641977596,6.409134972763061,latent_vehicle,,,6.409134972763061,,0.75,3963,ok,accepted,0,ok,0.5112278,0.0009160000190604478,0.4697607999842148,0.040192399988882244,1,0.0013746999999995069,0.0146872000000009,0,234.0863484830538,9.08420846482656,17.397703663514477,3.798203546938396,0,0,0,1,0,0,0,9,0.0,1,1,10.19183906294509,-0.7911990880311858,31,1,18.056796251110335,-0.3449628451788539,22.32112614338108,0.3850554090547886,18.34863791660069,-0.05100225885792666,21.72415649262156,0.3916165422176183,16.520350486088514,0.7564924806385176,30.878925074326254,0.10032602228625483,29.869141051556017,0.13749019341625704,29.452381092790635,0.10044141507001855,29.626249308542803,0.10360746098492611
3979,2.5,true_threat,DREAM,1,463,3978,2.45,1,1,251.32327096480157,-201.44805925953403,259.4759473008038,-208.68362075874708,-208.59432970557287,0.10571004203669077,2.5,0.28683164535540456,0,1,29.428832095715833,-0.981441289749867,0.27886953949928284,0.0,0.002598842605948448,0.0031750851776450872,28.622446841476762,0.008226763576539514,0,0,6.257961617937268,15.004637043254252,6.287877192692095,latent_vehicle,,,6.287877192692095,,0.7999999999999998,3963,ok,accepted,0,ok,0.5112278,0.0009160000190604478,0.4697607999842148,0.040192399988882244,0,0.0013746999999995069,0.009865600000001251,0,234.98869227945028,9.654367141314424,17.74932162406043,3.801940740465966,0,0,0,1,0,0,0,9,0.0,1,1,10.02903170129162,-0.8042827056629844,32,1,18.03980941617456,-0.3397366907436353,22.3412047962366,0.40157305824645845,18.346165997134776,-0.049438389009707144,21.744586093906044,0.40859202967667957,16.543869994411857,0.4703901678393515,30.88359233398033,0.09334520667635297,29.87925159358312,0.20222725063408564,29.461238840303896,0.17715496149949256,29.631244668461353,0.09990720052522581
3980,2.55,true_threat,DREAM,1,486,3979,2.5,1,1,252.7934546120115,-201.44581821846668,260.730121587649,-208.6639973514925,-208.55456797744517,0.12905278130190823,2.5,0.3485139490467463,1,1,29.38423388829495,-0.8919641484176566,0.30526870489120483,0.0,0.0009323374833911657,0.0011390651343390346,28.344766558095028,0.00825175389615722,0,0,6.1350277503652375,15.09396961822422,6.169703237834974,latent_vehicle,,,6.169703237834974,,0.8499999999999996,3963,ok,accepted,0,ok,0.5112278,0.0009160000190604478,0.4697607999842148,0.040192399988882244,1,0.0018124000000021567,0.016715999999998843,0,235.89018158370897,10.223061484265656,18.102006606646967,3.804181781533316,0,0,0,1,0,0,0,9,0.0,1,1,9.866845624373322,-0.817521435364307,33,1,18.02312966511801,-0.3335950122494608,22.361880448853316,0.41351305353716994,18.34379897612562,-0.04734042036865321,21.765639402722474,0.42106617861151185,16.58549214931218,0.8324430994495621,30.88784761012406,0.08510553184994471,29.89240455988214,0.2630720460360885,29.47378730668733,0.25096933770393204,29.635984444139446,0.09479551675474718
3981,2.6,true_threat,DREAM,1,506,3980,2.5500000000000003,1,1,254.26150253900505,-201.4450732673949,261.9845693562635,-208.64092536441345,-208.50959895049246,0.1543984010000372,2.5,0.41503703451363316,0,1,29.343981901967467,-0.8050397265496656,0.33058813214302063,0.0,0.0009323374833911657,0.0011390651343390346,28.344766558095028,0.008274406728047438,0,0,6.014110614456382,15.176741483821713,6.054286889748471,latent_vehicle,,,6.054286889748471,,0.8999999999999999,3963,ok,accepted,0,ok,0.5112278,0.0009160000190604478,0.4697607999842148,0.040192399988882244,0,0.0018124000000021567,0.011498600000003023,0,236.79084691340623,10.790444081561958,18.45578904556416,3.804926732605111,0,0,0,1,0,0,0,9,0.0,1,1,9.704930672561408,-0.8309377532981722,34,1,18.00680849622214,-0.32642336827716023,22.38293757165352,0.421142457142115,18.34155401729311,-0.04489917849229029,21.787093258434755,0.4290771151367755,16.612435349256057,0.5388640001944798,30.891626053874973,0.07556888031200339,29.908380538991928,0.31952886219602117,29.489864367328803,0.3215412217686573,29.6404343021782,0.08899716286533754
3982,2.65,true_threat,DREAM,1,524,3981,2.6,1,1,255.72768933109398,-201.4456106895872,263.23953468479334,-208.6142216087656,-208.45940385776578,0.18152150664766964,2.5,0.48577457410452396,1,1,29.30801188202765,-0.7194003987963526,0.3549654483795166,0.0,-0.0008566687465645373,-0.0010466183302924037,28.097057659325667,0.00829472878710944,0,0,5.89514284804447,15.25228309756279,5.941701808924995,latent_vehicle,,,5.941701808924995,,0.9499999999999997,3963,ok,accepted,0,ok,0.5112278,0.0009160000190604478,0.4697607999842148,0.040192399988882244,1,0.0014436000000017657,0.013180000000001968,0,237.69068827374744,11.356789513309678,18.81091301375281,3.8043893104128017,0,0,0,1,0,0,0,9,0.0,1,1,9.543247563785698,-0.8446230766135248,35,1,17.990887871026725,-0.31841249367534874,22.40416635615799,0.42457569118581084,18.339454008285372,-0.042000182165794146,21.808728316884768,0.4327011684984396,16.65628910270709,0.8770750704337227,30.894874259226405,0.0649641105490917,29.926952496746157,0.3714454693894029,29.509283102059918,0.38837470255809947,29.644546560133012,0.08224516230678512
3983,2.7,true_threat,DREAM,1,548,3982,2.6500000000000004,1,1,257.1921675345169,-201.4473083626843,264.4952006214374,-208.58371817541442,-208.40401232978974,0.21020927897586716,2.5,0.5600907954349251,0,1,29.276209234739618,-0.636052945760639,0.37845247983932495,0.0,-0.0008566687465645373,-0.0010466183302924037,28.097057659325667,0.008312758817266723,0,0,5.778024103299555,15.320059069306325,5.831872180101019,latent_vehicle,,,5.831872180101019,,1.0,3963,ok,accepted,1,ok,0.3497806,0.0009109000093303621,0.3120551999891177,0.036473599990131333,0,0.0014436000000017657,0.013270800000000804,0,238.5897361718982,11.922219818581823,19.16753105224609,3.8026916373156894,0,0,0,1,0,0,0,9,0.0,1,1,9.381678532870938,-0.8585794650968123,36,1,17.975407842865728,-0.3096005531300062,22.425364622700528,0.42396533200573444,18.33751231083857,-0.03883394980813332,21.830348122153413,0.43239610402887757,16.685124393080613,0.576705808749666,30.897554080144836,0.05359641969333834,29.94788005721274,0.41855508303566397,29.53182416583372,0.4508212825215352,29.64829069608795,0.07488272081489554
3984,2.75,true_threat,DREAM,1,566,3983,2.7,1,1,258.6552726083712,-201.44947952669986,265.7516281649107,-208.54930823202108,-208.34349967820668,0.24021849720773503,2.5,0.6373933785545294,1,1,29.24847230918859,-0.5547385110205738,0.4011733829975128,0.0,-0.006804085802286863,-0.00831275898963213,28.290989368064533,0.008328531883308598,1,0,5.663119833442304,15.37956442140327,5.725889633959659,latent_vehicle,,,5.725889633959659,,0.5499999999999998,3973,ok,accepted,0,ok,0.3497806,0.0009109000093303621,0.3120551999891177,0.036473599990131333,1,0.0014276999999971451,0.011807000000001011,0,239.48805164301118,12.487009421323165,19.525643124606432,3.800520473300139,0,0,0,1,0,0,0,9,0.0,1,1,9.220722430929428,-0.8732667857414133,37,1,17.9604141890034,-0.2998730667415938,22.446337822521354,0.4194639974915291,18.33574036693656,-0.03543887756614742,21.85174858870279,0.42800933006831926,16.729706753301972,0.8916472059126191,30.89963690597908,0.04165651654214067,29.97090759684363,0.4605528090622418,29.557243416891726,0.5083850269387897,29.651626656396427,0.06671920775712889
3985,2.8,true_threat,DREAM,1,589,3984,2.75,1,1,260.11706540041547,-201.45157484443797,267.00909192134634,-208.51083909700682,-208.27798417942086,0.27132405260022097,2.5,0.7171580467657966,0,1,29.224725835411878,-0.4749294755342248,0.4231604337692261,0.0,-0.006804085802286863,-0.00831275898963213,28.290989368064533,0.00834207140758805,1,0,5.550862073928609,15.430147862497074,5.624450054124348,latent_vehicle,,,5.624450054124348,,0.5999999999999996,3973,ok,accepted,0,ok,0.3497806,0.0009109000093303621,0.3120551999891177,0.036473599990131333,0,0.0014276999999971451,0.011843300000002444,0,240.38563469749715,13.051219158881452,19.885523826556096,3.798425155562029,0,0,0,1,0,0,0,9,0.0,1,1,9.060839010918812,-0.8887985339634499,38,1,17.945937427755098,-0.28953521367333435,22.4669219228367,0.4116820074280148,18.334149623492145,-0.031814867376280344,21.872752329388415,0.4200748148980743,16.758986454736874,0.5855940301086531,30.901086495668586,0.02899179367315416,29.99577569098654,0.49736266976574156,29.58526428861808,0.5604174387576932,29.65453727449067,0.05821236261543443
3986,2.85,true_threat,DREAM,1,613,3985,2.8000000000000003,1,1,261.57766791328515,-201.45339591000925,268.2677139402283,-208.4682496935759,-208.20762435824287,0.30321473876395544,2.5,0.7989357683747749,1,1,29.20485418040524,-0.3974331001327869,0.4438075125217438,0.0,-0.006828078534454107,-0.008342071436345577,28.000956225415244,0.008353427016641924,1,0,5.441369274434207,15.471540516675143,5.527376822748785,latent_vehicle,,,5.527376822748785,,0.6499999999999999,3973,ok,accepted,0,ok,0.3497806,0.0009109000093303621,0.3120551999891177,0.036473599990131333,1,0.001397600000000665,0.012985199999999253,0,241.28251584772713,13.614940521521163,20.247264695208088,3.796604089990751,0,0,0,1,0,0,0,9,0.0,1,1,8.901891475324993,-0.9049772249197877,39,1,17.932011890268264,-0.2785107385867808,22.486941447660055,0.4003904971342075,18.332745801289292,-0.02807644187703597,21.893185774348535,0.40866890328173217,16.802927946670167,0.8788298399501775,30.90188568377973,0.01598376298393735,30.022226833237006,0.529022976742398,29.61559495708948,0.6066133723967255,29.656993939029704,0.04913329068571587
3987,2.9,true_threat,DREAM,1,639,3986,2.85,1,1,263.03756826162936,-201.4544542756197,269.52761626062966,-208.42144842735613,-208.13261627153364,0.3356334220422639,2.5,0.8823507100910785,0,1,29.188707433824984,-0.32293493160509,0.4630716145038605,0.0,-0.006828078534454107,-0.008342071436345577,28.000956225415244,0.008362671118299149,1,0,5.334915249076335,15.503488857066976,5.434704549371321,latent_vehicle,,,5.434704549371321,,0.6999999999999997,3973,ok,accepted,0,ok,0.3497806,0.0009109000093303621,0.3120551999891177,0.036473599990131333,0,0.001397600000000665,0.013801600000000747,0,242.17875612885376,14.178600588738732,20.610926734482803,3.795545724380304,0,0,0,1,0,0,0,9,0.0,1,1,8.743771342165067,-0.9217092504072681,40,1,17.91867572257569,-0.2667233435094686,22.506257160752984,0.3863142630153599,18.33153462442363,-0.024223535308861597,21.91290587172691,0.39440195461517885,16.831341713329486,0.5682753337131374,30.90201730338348,0.002632394389222388,30.04999017778523,0.5552668971066113,29.647911172095714,0.6463243016550084,29.658985205932247,0.039825337231076084
3988,2.95,true_threat,DREAM,1,666,3987,2.9000000000000004,1,1,264.4967052645445,-201.45432271602198,270.7888904248686,-208.37040474953878,-208.05319079184892,0.3682576355072058,2.5,0.96709671645001,1,1,29.176087269000572,-0.25240329648823945,0.48051413893699646,0.0,-0.006844939664006233,-0.008362671360373497,27.740990546222186,0.008369906919619093,1,0,5.231975377918687,15.52592753576574,5.346706026589336,latent_vehicle,,,5.346706026589336,,0.75,3973,ok,accepted,0,ok,0.3497806,0.0009109000093303621,0.3120551999891177,0.036473599990131333,1,0.0013749999999959073,0.011982699999997237,0,243.07435554608242,14.742138174425236,20.976601481493105,3.795677283978023,0,0,0,1,0,0,0,9,0.0,1,1,8.586739227199189,-0.9388975374718252,41,1,17.90595562853465,-0.2544018706272144,22.524733640544714,0.3695295969909405,18.33052372120056,-0.020218063501488085,21.931775292021673,0.37738841544031865,16.87343307570404,0.8418272489858574,30.90147753985807,-0.010795266089303876,30.07879679584216,0.5761326858400878,29.681892499649077,0.6796265515830632,29.66051107402627,0.030517361948112342
3989,3.0,true_threat,DREAM,1,693,3988,2.95,1,1,265.95532290127437,-201.45252812549643,272.05175004556884,-208.31508806967213,-207.9696108910834,0.40079385845538695,2.5,1.0529277141159832,0,1,29.16675453671599,-0.18665464569160406,0.4960854649543762,0.0,-0.006844939664006233,-0.008362671360373497,27.740990546222186,0.008375263905470913,1,0,5.133029558032432,15.538955040471508,5.263690963586081,latent_vehicle,,,5.263690963586081,,0.7999999999999998,3973,ok,accepted,0,ok,0.3497806,0.0009109000093303621,0.3120551999891177,0.036473599990131333,0,0.0013749999999959073,0.01485240000000232,0,243.96928357142605,15.30582778581146,21.3445330768497,3.7974718745035716,0,0,0,1,0,0,0,9,0.0,1,1,8.431016909391346,-0.9564952361988409,42,1,17.893872587988866,-0.24166080157568434,22.54226407642014,0.35060871852773434,18.329711183656798,-0.016250749589817853,21.94966814962918,0.3578571632011809,16.899849848018725,0.5283354474756067,30.900272114407404,-0.024108502385897308,30.10838348745803,0.5917348144495405,29.7172089673369,0.7063293533631712,29.66157154390211,0.021209399159965704
3990,3.05,true_threat,DREAM,1,715,3989,3.0,1,1,267.4135430859626,-201.44861269875472,273.3162561162399,-208.25537629662918,-207.88216892411486,0.4329191455572641,2.5,1.1396475181875125,1,1,29.160441168635977,-0.1262673616002985,0.509445309638977,0.0,-0.006855246610939503,-0.008375263772904873,27.511111673743503,0.008378890693759359,1,0,5.038469081377205,15.542736485677489,5.185903927083111,latent_vehicle,,,5.185903927083111,,0.8499999999999996,3973,ok,accepted,0,ok,0.3497806,0.0009109000093303621,0.3120551999891177,0.036473599990131333,1,0.0013751000000041813,0.014323799999999665,0,244.86360124524265,15.869730296683088,21.714721473704174,3.801387301245285,0,0,0,1,0,0,0,9,0.0,1,1,8.276755693539283,-0.9744747335501345,43,1,17.88245521213326,-0.22834750800652814,22.558735933276115,0.329437138238933,18.329087477617026,-0.012474120368790916,21.96648716899287,0.3363803985362862,16.939095448392784,0.7849120086252204,30.898408656481138,-0.03726914950297029,30.138490873325175,0.6021495829405691,29.753519160270265,0.7262038580314167,29.662176152480203,0.012092175920420263
3991,3.1,true_threat,DREAM,1,755,3990,3.0500000000000003,1,1,268.8715182971778,-201.4422559491913,274.5826833002744,-208.19128459550114,-207.7911839124487,0.46419238418047826,2.5,1.227103277638689,0,1,29.156839123923234,-0.07204089425485449,0.5205445289611816,0.0,-0.006855246610939503,-0.008375263772904873,27.511111673743503,0.008380960986077546,1,0,4.948732694803781,15.537635254281092,5.113648191221384,latent_vehicle,,,5.113648191221384,,0.8999999999999999,3973,ok,accepted,0,ok,0.3497806,0.0009109000093303621,0.3120551999891177,0.036473599990131333,0,0.0013751000000041813,0.011266300000002616,0,245.75740012026137,16.43390663287954,22.08734978271997,3.807744050808708,0,0,0,1,0,0,0,9,0.0,1,1,8.124236199416782,-0.9928070856940058,44,1,17.871722574346304,-0.21465274701556233,22.574067195967185,0.3066252548741538,18.32865641741334,-0.008621204154984706,21.982138889355248,0.31303441754954686,16.962576812126745,0.46962727574638574,30.89591005342952,-0.04997204993279196,30.168863390046326,0.6074532107766722,29.790491199118897,0.7394407767405662,29.662338253875802,0.0032420352059224413
3992,3.15,true_threat,DREAM,1,790,3991,3.1,1,1,270.3294010238994,-201.43316790777695,275.85103159246694,-208.12279770749979,-207.69699882786185,0.49428576763929755,2.5,1.3151780221363238,1,1,29.15565392132765,-0.02370405191165048,0.5291162729263306,0.0,-0.006042890716344118,-0.0073827835731208324,27.311322527430285,0.008381642354668185,0,0,4.864155413457164,15.524075953877839,5.046998748619376,latent_vehicle,,,5.046998748619376,,0.9499999999999997,3973,ok,accepted,0,ok,0.3497806,0.0009109000093303621,0.3120551999891177,0.036473599990131333,1,0.0013538999999980206,0.013187799999997196,0,246.65071075049616,16.998478729366354,22.462387444677688,3.816832092223052,0,0,0,1,0,0,0,9,0.0,1,1,7.973494870793756,-1.0114362804206016,45,1,17.861689933345538,-0.20065281177201763,22.588191108732474,0.2824782560494218,18.328408465182367,-0.004959044897231923,21.996556552827936,0.2883532778817604,16.99818319219961,0.7121276024614973,30.892799193980977,-0.06221717557290591,30.199253104093245,0.607798173527751,29.827806556465948,0.7463071480291879,29.662076921831034,-0.005226630523427539
3993,3.2,true_threat,DREAM,1,822,3992,3.1500000000000004,1,1,271.7872827511863,-201.42115017903308,277.12145359110997,-208.04994609814764,-207.59997787604726,0.522819831452523,2.412490057712331,1.4037822020849244,0,1,29.15645357244736,0.01599302239419842,0.535175085067749,0.0,-0.006042890716344118,-0.0073827835731208324,27.311322527430285,0.008381182629077942,0,0,4.78506652718843,15.502841252847794,4.986012566151821,latent_vehicle,,,4.986012566151821,,1.0,3973,ok,accepted,1,ok,0.4772947,0.0008907000010367483,0.44655980000970885,0.02950159998727031,0,0.0013538999999980206,0.013172199999999634,0,247.543533094304,17.563538112845436,22.839987099512882,3.828849820966923,0,1,0,1,0,0,0,9,0.0,1,1,7.82470361495514,-1.030332243145985,46,1,17.85236872664073,-0.18642413005754166,22.601052360986763,0.25722504511116945,18.3283398070481,-0.0013731635173384181,22.009679124603846,0.2624514420857714,17.018000539173226,0.39634694050151603,30.88910659450923,-0.07385197444022737,30.229425431046607,0.6034513780988805,29.86513716862447,0.7466122465704847,29.661415045210582,-0.013237519443736627
3994,3.25,true_threat,DREAM,1,850,3993,3.2,1,1,273.24513316967773,-201.40681312489744,278.3941018788799,-207.9727144566026,-207.50050378025801,0.5494423178896284,2.1967610525648693,1.4919783504806237,1,1,29.159232869550543,0.055585942063629545,0.5393162965774536,0.0,0.0021422214340418577,0.008381182327866554,27.635719019698527,0.008379585083893464,1,0,4.7109329702820855,15.473964588150858,4.9235860881362585,latent_vehicle,,,4.9235860881362585,,0.6499999999999999,3981,ok,accepted,0,ok,0.4772947,0.0008907000010367483,0.44655980000970885,0.02950159998727031,1,0.0019518000000005031,0.01585370000000097,0,248.43586716209566,18.129054463545202,23.220301319491142,3.8431868751025604,0,1,0,1,0,0,0,9,0.0,1,1,7.6767917889031185,-1.0488008347535855,47,1,17.843776122272466,-0.17185208622344497,22.612612806267094,0.23120890494675575,18.328442811658256,0.0020600920912596204,22.021466549195978,0.2357484960640508,17.049397400921162,0.6279372358453515,30.88487421691264,-0.08464753532608651,30.259149597536855,0.5944889529296639,29.902196932500324,0.7411952845215006,29.66038123523111,-0.020676185059253727
3995,3.3,true_threat,DREAM,1,887,3994,3.25,1,1,274.70319666463786,-201.39087382512804,279.66903753777797,-207.89124009113667,-207.39897506495163,0.5737393916509745,1.9624469523324048,1.578447898653815,0,1,29.16334905240158,0.08232365702070865,0.5413129925727844,0.0,0.006860090885311365,0.008381182327866554,27.635719019698527,0.008377219933277658,1,0,4.641225311555762,15.438443712397902,4.854307266931101,latent_vehicle,,,4.854307266931101,,0.6999999999999997,3981,ok,accepted,0,ok,0.4772947,0.0008907000010367483,0.44655980000970885,0.02950159998727031,0,0.0019518000000005031,0.011285100000002046,0,249.32783501897111,18.695150101629878,23.60326912151376,3.8591261748719603,0,1,0,1,0,0,0,9,0.0,1,1,7.528539470847715,-1.0662467435318308,48,1,17.835925470308126,-0.15701304205108943,22.622843830979118,0.20462049367675023,18.32870985018222,0.005340770685960741,22.03189021550945,0.20847332825169196,17.06501858198892,0.3124236221050722,30.880121134003804,-0.09506164049445553,30.28821771294267,0.5813685038853793,29.938680673158014,0.7296748246645831,29.658998381024464,-0.027657069253217068
3996,3.35,true_threat,DREAM,1,937,3995,3.3000000000000003,1,1,276.1614732933258,-201.37350012639476,280.9464131973289,-207.80564502000138,-207.2958033394343,0.5954367517023798,1.710690138233214,1.6628033799982807,1,1,29.168394152538955,0.10090200274753158,0.5410485863685608,0.0,0.006856847554445267,0.008377219550311565,27.425689581861235,0.008374322394110243,1,0,4.572977258165793,15.397120059798171,4.7783868563313945,latent_vehicle,,,4.7783868563313945,,0.75,3981,ok,accepted,0,ok,0.4772947,0.0008907000010367483,0.44655980000970885,0.02950159998727031,1,0.0013593999999983453,0.012305099999998959,0,250.21946717730134,19.261794571987593,23.989012622734492,3.8764998736052405,0,1,0,1,0,0,0,9,0.0,1,1,7.380008498392376,-1.0827631701751783,49,1,17.828814864941673,-0.1422121133093238,22.631743526320715,0.17799390677021765,18.32912757047655,0.00835440644920432,22.04094058854524,0.1810074616049777,17.091841622644193,0.5364608137513007,30.874885493012425,-0.10471280106868909,30.316425696100673,0.5641662087832775,29.974328991239858,0.7129663787002454,29.65729509367167,-0.03406573298371126
3997,3.4,true_threat,DREAM,1,983,3996,3.35,1,1,277.6199936878366,-201.35502771162672,282.22635097468674,-207.7160665306472,-207.191410581505,0.6142344384963678,1.4432479815429817,1.7443585900962446,0,1,29.17397448425109,0.11160663424270467,0.5385843515396118,0.0,0.006856847554445267,0.008377219550311565,27.425689581861235,0.008371119207368341,1,0,4.501871183579652,15.351281774194316,4.696376822960249,latent_vehicle,,,4.696376822960249,,0.7999999999999998,3981,ok,accepted,0,ok,0.4772947,0.0008907000010367483,0.44655980000970885,0.02950159998727031,0,0.0013593999999983453,0.01140020000000419,0,251.11073309348302,19.829049050316712,24.377684483910627,3.894972288373282,0,1,0,1,0,0,0,9,0.0,1,1,7.231295051778232,-1.0986397808072068,50,1,17.822448122061996,-0.12733486609835729,22.63930807944399,0.1512910631459364,18.32969025166708,0.011253624809852219,22.048623389515296,0.15365601944350585,17.102936666202442,0.22190087170313863,30.86920734757092,-0.11356288956226442,30.343594254974,0.5433778157996956,30.008897748470556,0.6913751665780365,29.655303799296096,-0.03982587781778351
3998,3.45,true_threat,DREAM,1,1018,3997,3.4000000000000004,1,1,279.07878857916745,-201.33608218072823,283.50900355143017,-207.6227792292074,-207.0862264211001,0.6298401095471036,1.1622137109842248,1.8222984495353212,1,1,29.17966458995992,0.11380211417659325,0.5338799953460693,0.0,0.006851854268461466,0.008371119387447834,27.245562587068363,0.008367854900809407,1,0,4.427529413038343,15.30216557557711,4.608545631702618,latent_vehicle,,,4.608545631702618,,0.8500000000000001,3981,ok,accepted,0,ok,0.4772947,0.0008907000010367483,0.44655980000970885,0.02950159998727031,1,0.0015086000000010813,0.01164079999999501,0,252.0016633215303,20.3969137136003,24.76940683260679,3.9139178192717736,0,1,0,1,0,0,0,9,0.0,1,1,7.082296854351193,-1.1140745292278345,51,1,17.816829061881332,-0.11238121063162373,22.645552747563013,0.1248933638350371,18.330380725698838,0.013809481916753626,22.054936711391754,0.12626643730050038,17.125008501257717,0.44143670165288057,30.863128659236814,-0.12157374711878553,30.3695536284839,0.5191939580612392,30.04215043372186,0.6650537319914507,29.653055014701284,-0.04497568165355
3999,3.5,true_threat,DREAM,1,1063,3998,3.45,1,1,280.53785815991773,-201.3172281088618,284.79437101605083,-207.5260425150809,-206.9806854239371,0.6420938052702923,0.8699737359227407,1.8957581647282333,0,1,29.185012137973736,0.1069509602763219,0.5271408557891846,0.0,0.006851854268461466,0.008371119387447834,27.245562587068363,0.008364788853165345,1,0,4.349646770778264,15.251006136611112,4.515106998158548,latent_vehicle,2.5835621460484295,latent_vehicle,4.515106998158548,2.5835621460484295,0.8999999999999999,3981,ok,accepted,0,ok,0.4772947,0.0008907000010367483,0.44655980000970885,0.02950159998727031,0,0.0015086000000010813,0.009509999999998797,0,252.89234940376136,20.96529721211951,25.164088214996383,3.932771891138202,0,1,0,1,0,0,0,9,0.0,1,1,6.93283624657937,-1.1292305586313192,52,1,17.811957682528213,-0.0974275934549337,22.6504985121098,0.09891529325427205,18.331191363199334,0.016212751564581886,22.059922516178194,0.09971609566891389,17.131430540641826,0.12844078810124585,30.856695201445227,-0.1286691379755878,30.39415121718023,0.49195790157405034,30.073877239004062,0.6345361371006892,29.65057544432323,-0.049591400827294074
4000,3.55,true_threat,DREAM,1,1112,3999,3.5,1,1,281.9972026383031,-201.2990758475544,286.08260603971655,-207.4261004768246,-206.87522437515932,0.6508181399215687,0.5689811732334717,1.9638824645154933,1,1,29.18963642098532,0.0924856602316737,0.5196569561958313,0.0,0.00684667332097888,0.008364789187908173,27.985796067192897,0.008362138852107182,1,0,4.267856993829355,15.198770486541965,4.416148727726917,latent_vehicle,2.4148509307590613,latent_vehicle,4.416148727726917,2.4148509307590613,0.44999999999999973,3991,ok,accepted,1,ok,0.3546436,0.0009061000018846244,0.31636019999859855,0.03704109997488558,1,0.0014102999999963117,0.012040999999996416,0,253.78282186295797,21.534169231308283,25.561850779465487,3.9509241524455945,0,1,0,1,0,0,0,9,0.0,1,1,6.782699987792063,-1.1442064343163538,53,1,17.807830169766376,-0.0825502605116973,22.654187335063977,0.07377646228139292,18.332104997817662,0.01827269412670431,22.063601785016274,0.07358537717088516,17.148745449976175,0.3462981869375245,30.84995275037688,-0.13484900562278435,30.417249676425552,0.46197477730754266,30.10389696674265,0.6003945896494725,29.6479013271922,-0.05348233717343099
4001,3.6,true_threat,DREAM,1,1164,4000,3.5500000000000003,1,1,283.4567306437831,-201.28215948562448,287.3738307916353,-207.32324298977076,-206.77027956297982,0.6558209138447637,0.2617070671934028,2.02585386122414,0,1,29.193232036588153,0.07191231205666782,0.5115542411804199,0.0,0.00684667332097888,0.008364789187908173,27.985796067192897,0.008360079211416219,1,0,4.18191586870546,15.146272898130519,4.3118235870570745,latent_vehicle,2.253270099480279,latent_vehicle,4.3118235870570745,2.253270099480279,0.5,3991,ok,accepted,0,ok,0.3546436,0.0009061000018846244,0.31636019999859855,0.03704109997488558,0,0.0014102999999963117,0.011976900000000512,0,254.6731112166965,22.103407883049726,25.96278617764574,3.967840514375524,0,1,0,1,0,0,0,9,0.0,1,1,6.631763556470487,-1.159067432685094,54,1,17.8044388938002,-0.06782552357354052,22.656663084284595,0.04951498798984824,18.333112094104738,0.02014192780401957,22.066027924870593,0.04852279803010858,17.150507838031974,0.03524776132768857,30.842935637746326,-0.140342241913044,30.438734546318855,0.42970231851672397,30.13204176984335,0.5628960999858212,29.64506127431564,-0.05680105422245564
4002,3.65,true_threat,DREAM,1,1218,4001,3.6,1,1,284.91638132859896,-201.2670283602679,288.66798439281604,-207.21792783838615,-206.6662840623259,0.6569589274448617,-0.049353613421615705,2.080917680713046,1,1,29.195548362247127,0.04632651317947989,0.5025079846382141,0.0,0.006842818111181259,0.008360079489648342,27.745712308525906,0.008358752776608072,1,0,4.091731842677433,15.094157824603808,4.202376765461822,latent_vehicle,2.1007824769720607,latent_vehicle,4.202376765461822,2.1007824769720607,0.5499999999999998,3991,ok,accepted,0,ok,0.3546436,0.0009061000018846244,0.31636019999859855,0.03704109997488558,1,0.0013816000000019812,0.0133560000000017,0,255.56324798255326,22.67292180200883,26.366803012969683,3.9829716397321135,0,1,0,1,0,0,0,9,0.0,1,1,6.479921316186776,-1.1738957103861252,55,1,17.801785761777303,-0.053062643693898605,22.6579772579595,0.026283477196342924,18.33420310650379,0.021820249196892787,22.067256247488174,0.024566454078308188,17.163220315444246,0.25424954841067055,30.835689639974035,-0.14491994538430486,30.458504717425612,0.39540759127663894,30.15817241358394,0.5226129131318713,29.64208580277591,-0.059509428951018954
4003,3.7,true_threat,DREAM,1,1286,4002,3.6500000000000004,1,1,286.37612431571984,-201.2540944691761,289.96512799292987,-207.11049069518904,-206.56366501848316,0.6542628199029821,-0.36160313990963433,2.128393748786654,0,1,29.196376232965243,0.016557414362310396,0.49252942204475403,0.0,0.006842818111181259,0.008360079489648342,27.745712308525906,0.008358278776258849,1,0,3.9972285905721208,15.042998975856818,4.088032485923061,latent_vehicle,1.958483864587487,latent_vehicle,4.088032485923061,1.958483864587487,0.6000000000000001,3991,ok,accepted,0,ok,0.3546436,0.0009061000018846244,0.31636019999859855,0.03704109997488558,0,0.0013816000000019812,0.011552700000002858,0,256.4532932008864,23.24261957079659,26.773901394750396,3.9959055308239044,0,1,0,1,0,0,0,9,0.0,1,1,6.327098317554915,-1.1887438563471284,56,1,17.79985742128849,-0.0385668122089934,22.65818898290289,0.0042345021612486995,18.335366590782765,0.023269685726349167,22.067349697463907,0.001869001667431721,17.160488989638726,-0.05462651592603605,30.828250994576006,-0.14877290191051734,30.476478153441217,0.3594721062209583,30.182166828151004,0.4798883285696158,29.639007337441093,-0.06156930575575261
4004,3.75,true_threat,DREAM,1,1359,4003,3.7,1,1,287.83589872094933,-201.24380033802774,291.2653532956622,-207.00137403380418,-206.46284093073982,0.647649764449227,-0.6725944650061955,2.1676895009626995,1,1,29.195512839434418,-0.017267870616493042,0.481326699256897,0.0,0.006841343827545643,0.008358278311789036,27.535580669158957,0.008358773116224039,1,0,3.898406060335617,14.9933734558314,3.969064912129767,latent_vehicle,1.8267832181149957,latent_vehicle,3.969064912129767,1.8267832181149957,0.6499999999999999,3991,ok,accepted,0,ok,0.3546436,0.0009061000018846244,0.31636019999859855,0.03704109997488558,1,0.00136659999999722,0.015909699999994587,0,257.34330789643775,23.812379280474715,27.18411200193134,4.006199661972261,0,1,0,1,0,0,0,9,0.0,1,1,6.173295569984406,-1.2036475927708132,57,1,17.798640521092846,-0.024338005384077592,22.657370738902003,-0.01636487706687962,18.336585380678383,0.024375797237098294,22.066373124032207,-0.019531465979572456,17.16887560002411,0.167732207830317,30.820673107743385,-0.15155773331568306,30.4925804491392,0.32204853621330976,30.203925831902904,0.4351801098070797,29.635858303254427,-0.06298068345960056
4005,3.8,true_threat,DREAM,1,1432,4004,3.75,1,1,289.2955825520629,-201.23637489028854,292.56869097995644,-206.8910508662542,-206.3642189360309,0.6371550977732738,-0.9798517129270197,2.1983032011228385,0,1,29.192758017733976,-0.05509643400884556,0.46893516182899475,0.0,0.006841343827545643,0.008358278311789036,27.535580669158957,0.008360350695370392,1,0,3.795508340524833,14.945913030531377,3.845968327307992,latent_vehicle,1.705622320053239,latent_vehicle,3.845968327307992,1.705622320053239,0.6999999999999997,3991,ok,accepted,0,ok,0.3546436,0.0009061000018846244,0.31636019999859855,0.03704109997488558,0,0.00136659999999722,0.013070100000000195,0,258.23313949173644,24.382231516289607,27.597618090926915,4.013625109711455,0,1,0,1,0,0,0,9,0.0,1,1,6.018730648602054,-1.2186496574477717,58,1,17.7981217108485,-0.010376205262781801,22.655608356401675,-0.03524764756725166,18.337851848804405,0.025329360443371394,22.06440091329149,-0.03944421159711918,17.16192712698439,-0.1389694607094131,30.812980774299948,-0.1538466676122811,30.506769624331408,0.28378541162727483,30.22338076071449,0.38909860741239105,29.632669218116444,-0.06378170284723711
4006,3.85,true_threat,DREAM,1,1512,4005,3.8000000000000003,1,1,290.7550233409027,-201.23216913014042,293.87514118635806,-206.77993317981984,-206.26819209258267,0.6228587736715383,-1.2809363296265477,2.2198280043883614,1,1,29.18792957407769,-0.09656887312573303,0.45517441630363464,0.0,0.006843040231615305,0.008360350504517555,27.35545407521241,0.008363116834642297,1,0,3.6885964142385887,14.90116481588659,3.7190235490635373,latent_vehicle,1.594456751215165,latent_vehicle,3.7190235490635373,1.594456751215165,0.75,3991,ok,accepted,0,ok,0.3546436,0.0009061000018846244,0.31636019999859855,0.03704109997488558,1,0.0013731000000021254,0.013284999999996217,0,259.1230015994061,24.951810197459736,28.014206189658864,4.01783086985958,0,1,0,1,0,0,0,9,0.0,1,1,5.863438025919443,-1.2337718401231916,59,1,17.798289545601094,0.003356695691030681,22.652964777739786,-0.052871571368916806,18.33915645443253,0.026092110806707553,22.061511268420542,-0.05779289420076768,17.1663693416883,0.08884429410083713,30.80520451126053,-0.15552526107747194,30.51900751845565,0.2447591691421253,30.24046676511333,0.34172011473910563,29.629462968584985,-0.06412499085710986
4007,3.9,true_threat,DREAM,1,1596,4006,3.85,1,1,292.21422114993345,-201.23136616304146,295.1846125391213,-206.66853980453132,-206.17513666355657,0.6047965162632636,-1.5735220038664104,2.2319540924765024,0,1,29.18080708342739,-0.1424498130059959,0.4401255249977112,0.0,0.006843040231615305,0.008360350504517555,27.35545407521241,0.008367199703975977,1,0,3.578006006049037,14.859763611781311,3.5887447041411775,latent_vehicle,1.492637053318032,latent_vehicle,3.5887447041411775,1.492637053318032,0.7999999999999998,3991,ok,accepted,0,ok,0.3546436,0.0009061000018846244,0.31636019999859855,0.03704109997488558,0,0.0013731000000021254,0.010644900000002622,0,260.0129247474338,25.521084858462814,28.43375439439444,4.018633836958543,0,1,0,1,0,0,0,9,0.0,1,1,5.707629499813624,-1.249087948861358,60,1,17.79912495298498,0.016708149182621743,22.64952011078615,-0.0688933379106759,18.340482045353337,0.026511818124529053,22.05778811200603,-0.07446312491371619,17.155592820934174,-0.2155304150632247,30.797378651914787,-0.15651718708150192,30.52928458346111,0.20554207645279673,30.255149513125122,0.29365498212688296,29.62627770304962,-0.06370531022242716
4008,3.95,true_threat,DREAM,1,1695,4007,3.9000000000000004,1,1,293.67293191662515,-201.23419495410047,296.49716622435506,-206.55731322442418,-206.0854094006937,0.5831304038376288,-1.8552616462484535,2.2344705882063725,1,1,29.17119277249185,-0.192286218710791,0.42369282245635986,0.0,0.0068486458621919155,0.008367199450731277,27.2053485773435,0.008372715718211899,1,0,3.4639506348828775,14.822361192765497,3.4555355230500524,latent_vehicle,1.3993072223894811,latent_vehicle,3.4555355230500524,1.3993072223894811,0.8500000000000001,3991,ok,accepted,0,ok,0.3546436,0.0009061000018846244,0.31636019999859855,0.03704109997488558,1,0.0015118000000029497,0.017090699999997128,0,260.9029394429852,26.08978092960308,28.856293384076764,4.015805045899526,0,1,0,1,0,0,0,9,0.0,1,1,5.551529305557761,-1.2645966617637185,61,1,17.800612673372086,0.029754410105596433,22.645354465018986,-0.08331291458497765,18.34182289562258,0.02681700647484729,22.05332681163295,-0.08922600403795171,17.15655603085004,0.019264198359252263,30.789554694224826,-0.15647915261310458,30.537585552590183,0.16601977315228203,30.267413746193753,0.24528467830829512,29.62312104902923,-0.06313308019553072
4009,4.0,true_threat,DREAM,1,1799,4008,3.95,1,1,295.1310946474682,-201.24077759444447,297.8127413734792,-206.44674174154156,-205.99934482795896,0.5579683964652133,-2.1239279106008264,2.2272634129852373,0,1,29.158894626889257,-0.2459629120518514,0.4060431122779846,0.0,0.0068486458621919155,0.008367199450731277,27.2053485773435,0.008379779481997461,1,0,3.3467965116562652,14.789596943885083,3.319904506873619,latent_vehicle,1.313655523316822,latent_vehicle,3.319904506873619,1.313655523316822,0.8999999999999999,3991,ok,accepted,0,ok,0.3546436,0.0009061000018846244,0.31636019999859855,0.03704109997488558,0,0.0015118000000029497,0.010173100000002933,0,261.79298465611294,26.657898447318416,29.28182332007316,4.009222405555533,0,1,0,1,0,0,0,9,0.0,1,1,5.395409530787905,-1.2803521189133875,62,1,17.802739356413472,0.04253366369504197,22.640574651953916,-0.09559626086893812,18.34316565544521,0.026855198362573662,22.04819984665566,-0.10253929615629472,17.142411131794944,-0.2828979810792979,30.781736453308124,-0.15636481464632748,30.543929497402367,0.1268790347272686,30.277261371811637,0.19695252460636903,29.62000826638279,-0.0622556512113599
4010,4.05,true_threat,DREAM,1,1914,4009,4.0,1,1,296.58852619536145,-201.25099207623268,299.131307640695,-206.33732890630398,-205.91725252518538,0.5294892163561826,-2.3773162832245003,2.210316949882413,1,1,29.14390261621742,-0.29984021343672396,0.3871672451496124,0.0,0.004232899285852909,0.005171461962163448,27.085250553510107,0.00838840263491981,0,0,3.227169194630477,14.761725638618902,3.1830518897284836,latent_vehicle,1.239532647452208,latent_vehicle,3.1830518897284836,1.239532647452208,0.9499999999999997,3991,ok,accepted,0,ok,0.3546436,0.0009061000018846244,0.31636019999859855,0.03704109997488558,1,0.001419200000000842,0.013086399999998832,0,262.68321297990417,27.22510167142042,29.710161263497753,3.999007923767323,0,1,0,1,0,0,0,9,0.0,1,1,5.240059339795851,-1.2965921879995579,63,1,17.805472577202917,0.054664418992235966,22.635247428089873,-0.10654447715702349,18.344498878392685,0.02666446149617793,22.04251021321488,-0.11379266529373017,17.140416044306118,-0.039901749762645176,30.773954446698646,-0.15564012493093832,30.548337398906902,0.08815804201587539,30.284713370910403,0.14903999007107563,29.616964148974343,-0.06088234705558694
4011,4.1,true_threat,DREAM,1,2011,4010,4.05,1,1,298.04510447958864,-201.2648079235319,300.45265155392445,-206.229517296444,-205.83941441171822,0.497914494585757,-2.5,2.183706184926045,0,1,29.125868141470136,-0.3606894949457029,0.3670967221260071,0.0,0.004232899285852909,0.005171461962163448,27.085250553510107,0.008398793409100838,0,0,3.1055417374712704,14.739578182919804,3.0456873019920327,latent_vehicle,1.1705878024427787,latent_vehicle,3.0456873019920327,1.1705878024427787,0.9999999999999996,3991,ok,accepted,1,ok,0.5210528,0.0007433999853674322,0.488874400005443,0.031010700011393055,0,0.001419200000000842,0.013911800000002472,0,263.5736244039481,27.79126853160369,30.141093752683275,3.9851920764681097,0,1,0,1,0,0,0,9,0.0,1,1,5.08592464303986,-1.3134558303671384,64,1,17.80873413447351,0.06523114878088157,22.629468161802897,-0.11558532571430362,18.345820660818706,0.026435650589293678,22.03633802163423,-0.12344382844567474,17.12341966008253,-0.33992768447679356,30.766227749341535,-0.15453393595972637,30.5508588518756,0.05042905913658171,30.28980216843036,0.10177595509634302,29.614005864167883,-0.05916569312570023
4012,4.15,true_threat,DREAM,1,2142,4011,4.1000000000000005,1,1,299.5006766259718,-201.28138595504635,301.7767732433023,-206.1236883816659,-205.76608203005935,0.4634352663846357,-2.5,2.1486497778307974,1,1,29.105015022622307,-0.4170623769565651,0.3465617299079895,0.0,-0.003952212631702423,-0.008398793637752533,27.392892100928833,0.008410832263750095,1,0,2.9831347911787134,14.72310073156829,2.910336491944347,latent_vehicle,1.119796953661975,latent_vehicle,2.910336491944347,1.119796953661975,0.75,3997,ok,accepted,0,ok,0.5210528,0.0007433999853674322,0.488874400005443,0.031010700011393055,1,0.0019227000000014982,0.015095500000001039,0,264.4641579035028,28.356307178432132,30.574681942506402,3.9686140449536538,0,1,0,1,0,0,0,9,0.0,1,1,4.934799774210337,-1.3315609280957643,65,1,17.81245345635778,0.07438644105525871,22.623318869153177,-0.12298585300549852,18.347119557318415,0.025977930997660416,22.029778638381337,-0.13118766195024703,17.119028943552628,-0.08781433060224056,30.758586878859056,-0.15281739402685054,30.55153773225361,0.013577691948745413,30.29258117010956,0.05558003574821969,29.611146761556956,-0.0571820502093839
4013,4.2,true_threat,DREAM,1,2278,4012,4.15,1,1,300.95499827006813,-201.3000701261708,303.103520219849,-206.02013213099897,-205.69747382951147,0.42621455215441983,-2.5,2.106352087752135,0,1,29.080983844989415,-0.4806235526578462,0.32552191615104675,0.0,-0.006874506361782551,-0.008398793637752533,27.392892100928833,0.008424737993874552,1,0,2.8608943693873528,14.712853919813085,2.77883148769504,latent_vehicle,1.077924489821845,latent_vehicle,2.77883148769504,1.077924489821845,0.7999999999999998,3997,ok,accepted,0,ok,0.5210528,0.0007433999853674322,0.488874400005443,0.031010700011393055,0,0.0019227000000014982,0.013073200000000895,0,265.3549355384629,28.919851187568383,31.010651284093,3.9499298738292055,0,1,0,1,0,0,0,9,0.0,1,1,4.788027884029328,-1.3513347427489326,66,1,17.816598116233074,0.08289320145188107,22.616885380255027,-0.12866977796445989,18.348389846564476,0.02540578582960282,22.02291598689648,-0.13725302669520253,17.099739925238918,-0.3857803662663342,30.751043279536116,-0.15087196610153863,30.550436992233394,-0.022014557037820827,30.293113318376186,0.010642965879846204,29.608400193952786,-0.054931348176456826
4014,4.25,true_threat,DREAM,1,2404,4013,4.2,1,1,302.4080692817432,-201.32047896720084,304.4327400154069,-205.91919954862507,-205.6337724498222,0.38635968117677066,-2.5,2.0571541862477765,1,1,29.0536791624687,-0.5460936504142921,0.30397507548332214,0.0,-0.006895742379128933,-0.008424738422036171,27.239001513766798,0.008440579840828601,1,0,2.739552945983405,14.709376603776104,2.6514988561879864,latent_vehicle,1.0423265065551623,latent_vehicle,2.6514988561879864,1.0423265065551623,0.8499999999999996,3997,ok,accepted,0,ok,0.5210528,0.0007433999853674322,0.488874400005443,0.031010700011393055,1,0.0013835999999969317,0.012707800000001157,0,266.2459267964574,29.481930941248947,31.44887982165642,3.9295210327991583,0,1,0,1,0,0,0,9,0.0,1,1,4.646078687814354,-1.3726646409064056,67,1,17.821145227974686,0.09094223835053014,22.61025161937573,-0.13267521753521452,18.349623899752654,0.024681063986950347,22.01583399048798,-0.14163992527077326,17.093529597343288,-0.12420655791011914,30.743602675803768,-0.1488120508711284,30.547623400070545,-0.0562713907976706,30.291472999706418,-0.03280637357113455,29.60577951103709,-0.05241365567971122
4015,4.3,true_threat,DREAM,1,2498,4014,4.25,1,1,303.85964535901905,-201.34213953898933,305.7643106689838,-205.82121111073897,-205.5751220048286,0.34407754379648736,-2.5,2.0017208006804306,0,1,29.02306075661332,-0.6123681171076356,0.28211942315101624,0.0,-0.006895742379128933,-0.008424738422036171,27.239001513766798,0.00845839747233291,1,0,2.619903936308816,14.71338382858254,2.528533987835693,latent_vehicle,1.0143538513003392,latent_vehicle,2.528533987835693,1.0143538513003392,0.8999999999999995,3997,ok,accepted,0,ok,0.5210528,0.0007433999853674322,0.488874400005443,0.031010700011393055,0,0.0013835999999969317,0.014925999999995554,0,267.1371011599101,30.042332655072073,31.88927611178059,3.907860461010671,0,1,0,1,0,0,0,9,0.0,1,1,4.509438941651396,-1.3952837799783349,68,1,17.82607190333212,0.09853351020712342,22.60349960188081,-0.1350403497554813,18.350821715703894,0.023956318883567293,22.00860894237316,-0.14450095930817208,17.07251824343414,-0.42022707818209803,30.73627269885125,-0.14659951345198013,30.543182797138982,-0.0888113680420661,30.28774795198781,-0.07450095445482449,29.603292343512308,-0.049743346176553294
4016,4.35,true_threat,DREAM,1,2563,4015,4.3,1,1,305.3095126446186,-201.36436526894386,307.09804914799696,-205.72638050283985,-205.52162536610112,0.29958574463785226,-2.5,1.9408294375515691,1,1,28.989079618660945,-0.6796227590474757,0.260042667388916,0.0,-0.006923292297869921,-0.008458397351205349,27.113725859562976,0.008478238093069716,1,0,2.502847598455162,14.725439643391686,2.4103787451179697,latent_vehicle,0.9945239475904326,latent_vehicle,2.4103787451179697,0.9945239475904326,0.9499999999999993,3997,ok,accepted,0,ok,0.5210528,0.0007433999853674322,0.488874400005443,0.031010700011393055,1,0.0017965999999987048,0.015561099999999328,0,268.0285806991262,30.600720401455533,32.331535051577646,3.885634731056143,0,1,0,1,0,0,0,9,0.0,1,1,4.378756616341194,-1.4190022665951103,69,1,17.83136669814277,0.10589589879033263,22.596697993174786,-0.1360321739139687,18.351973758055223,0.02304084639377636,22.001326674841387,-0.14564534796711548,17.065071953728896,-0.1489257941044789,30.729070514911765,-0.14404365222289056,30.53720293613028,-0.11959629413108346,30.282037356873055,-0.11421190161396634,29.60094441180822,-0.0469586311788256
4017,4.4,true_threat,DREAM,1,2626,4016,4.3500000000000005,1,1,306.7577014322868,-201.38650001876206,308.4339250129509,-205.634936617161,-205.47334144658814,0.2530390562517084,-2.5,1.8752622622847914,0,1,28.951705296189694,-0.7474864494250255,0.2379966825246811,0.0,-0.006923292297869921,-0.008458397351205349,27.113725859562976,0.008500140614809954,1,0,2.3892689629581128,14.74593888309577,2.2975563375046892,latent_vehicle,0.9830044626993373,latent_vehicle,2.2975563375046892,0.9830044626993373,1.0,3997,ok,accepted,0,ok,0.5210528,0.0007433999853674322,0.488874400005443,0.031010700011393055,0,0.0017965999999987048,0.011848200000002862,0,268.92030438415856,31.157185504091387,32.77568723149926,3.8634999812379363,0,1,0,1,0,0,0,9,0.0,1,1,4.254705948606018,-1.443681247737829,70,1,17.837010538870395,0.11287681662940091,22.58992308731213,-0.13549811699598602,18.353076213458216,0.022049107760674532,21.994061572766775,-0.14530203866127167,17.04291237596868,-0.44319155520400155,30.721990403151022,-0.1416022095519565,30.529784916859736,-0.14835923730398962,30.27445184072053,-0.15171032104830404,29.59873571722333,-0.044173887374007834
4018,4.45,true_threat,DREAM,1,2690,4017,4.4,1,1,308.2031741556598,-201.4086356951395,309.7715110646252,-205.54701692854698,-205.4302824842599,0.204654132901112,-2.5,1.8057513815144277,1,1,28.878630562448052,-1.461494674832835,0.0,0.75,0.0,,26.792512811956893,0.008543210607468925,0,1,2.2792135979666455,14.851209818367057,2.1886625559699557,latent_vehicle,0.96860624064118,latent_vehicle,2.1886625559699557,0.96860624064118,1.0499999999999998,3997,ok,accepted,0,ok,0.5210528,0.0007433999853674322,0.488874400005443,0.031010700011393055,1,0.0013896999999971626,0.012478000000001543,0,269.812333239749,31.710629371873893,33.22124442758309,3.841364304860491,0,1,0,1,0,0,0,9,0.0,1,1,4.136614860335097,-1.468494601774909,71,1,17.842982443798235,0.11943810053029628,22.58324354815517,-0.13359078278134007,18.354127170605004,0.021019142914870222,21.98688039725827,-0.1436235081904996,17.034792791320886,-0.16239169295545944,30.715032364740388,-0.13916074525633335,30.521027933234684,-0.1751383391619515,30.26510012216475,-0.18703436740086,29.59668151760149,-0.041083989457414136
4019,4.5,true_threat,DREAM,1,2752,4018,4.45,1,1,309.6422381047132,-201.43052941716948,311.1107463355372,-205.46281982206554,-205.39241132575302,0.15460560279396418,-2.5,1.7329505950402773,0,1,28.721079435074262,-3.1510225474757902,0.0,0.75,0.0,,26.792512811956893,0.008637191578202419,0,1,2.173122769455233,15.165885114940664,2.0837209691310723,latent_vehicle,0.961289813026591,latent_vehicle,2.0837209691310723,0.961289813026591,1.0999999999999996,3997,ok,accepted,1,ok,0.3983918,0.0007783999899402261,0.350616000010632,0.046658100007334724,0,0.0013896999999971626,0.013730899999998769,0,270.7046367535266,32.257389807149764,33.66817618471754,3.819470582830519,0,1,0,1,0,0,0,9,0.0,1,1,4.024775034097069,-1.4922453795118498,72,1,17.849261433050692,0.12557978642945364,22.576722319125494,-0.13042458022814693,18.355128539632524,0.02002738090370678,21.97985372049176,-0.14053353427102758,17.012040027406304,-0.455055278292503,30.708184955803834,-0.13694815929779983,30.5110445295207,-0.19966660694736296,30.25411762271654,-0.21964998330058372,29.594766554892193,-0.03829924994026011
4020,4.55,true_threat,DREAM,1,2805,4019,4.5,1,1,311.0709258019224,-201.4516179630906,312.451447761872,-205.3824674304868,-205.35963871001454,0.10318111205100422,-2.5,1.6574293155035202,1,1,28.48857016381985,-4.650185425088225,0.0,0.75,0.0,,26.849332941160746,0.008778744447429687,0,1,2.071681831955374,15.69495178303772,1.9838421261221717,latent_vehicle,0.9592320542019217,latent_vehicle,1.9838421261221717,0.9592320542019217,0.5499999999999998,4009,ok,accepted,0,ok,0.3983918,0.0007783999899402261,0.350616000010632,0.046658100007334724,1,0.00224539999999962,0.015863799999998207,0,271.59727596064397,32.79343829724155,34.116238403934915,3.798382036909402,0,1,0,1,0,0,0,9,0.0,1,1,3.919841014522121,-1.5139662572455466,73,1,17.85583034040222,0.13137814786829904,22.570420434641246,-0.12603768941656943,18.356070780488512,0.018844817764508213,21.973042579059992,-0.1362228288449235,17.003783113861264,-0.1651382708992525,30.70144626957151,-0.13477371133262372,30.49994533934929,-0.22198225381810055,30.2416245047908,-0.24986235094462858,29.592992735188993,-0.035476391245495335
4021,4.6,true_threat,DREAM,1,2857,4020,4.55,1,1,312.48734513152647,-201.47182568443023,313.7933712186349,-205.30600561346145,-205.33182055194632,0.05064687854047634,-2.5,1.5796725644826766,0,1,28.252025462078393,-4.730894034829163,0.0,0.75,0.0,,26.849332941160746,0.008926355020037134,0,1,1.975012293590396,16.280440271969027,1.8893379706361677,latent_vehicle,0.9616847208291592,latent_vehicle,1.8893379706361677,0.9616847208291592,0.5999999999999996,4009,ok,accepted,0,ok,0.3983918,0.0007783999899402261,0.350616000010632,0.046658100007334724,0,0.00224539999999962,0.012524900000002503,0,272.49025086110123,33.31688272638837,34.56518696024057,3.778174315569771,0,1,0,1,0,0,0,9,0.0,1,1,3.8215060311768063,-1.533083851966531,74,1,17.862671999647386,0.13683318524189764,22.564383671624597,-0.12073525988473725,18.35695771070067,0.01773860534725766,21.966496562521254,-0.1309203316341216,16.98096550017355,-0.45635227374876186,30.69480486224744,-0.13282813556365056,30.48784862540979,-0.2419327070421996,30.227758097612554,-0.2773281339596014,29.5913505230176,-0.03284423940012867
4022,4.65,true_threat,DREAM,1,2899,4021,4.6000000000000005,1,1,313.892930377971,-201.49103002157642,315.136272617269,-205.23358704215752,-205.30875522604916,-0.0027496125877064514,-2.5,1.5000858678822766,1,1,28.040081904181147,-4.238871157944928,0.0,0.75,0.0,,26.890520852309077,0.009061799007278312,0,1,1.8833893851402763,16.842337691249966,1.8004249703950062,latent_vehicle,0.9724918034514959,latent_vehicle,1.8004249703950062,0.9724918034514959,0.6500000000000004,4009,ok,accepted,0,ok,0.3983918,0.0007783999899402261,0.350616000010632,0.046658100007334724,1,0.0013867999999988,0.016028699999999674,0,273.3836224952564,33.82909633867774,35.014716724719506,3.758969978423579,0,1,0,1,0,0,0,9,0.0,1,1,3.7294677832667644,-1.5498353082455127,75,1,17.869771151941286,0.14198304575914436,22.55866734380103,-0.11432655607911471,18.35778551355133,0.016556058360473053,21.960276707901883,-0.12439709359477853,16.973067168204334,-0.15796663938803884,30.688230217089412,-0.13149289648203255,30.474872648505336,-0.2595180021502352,30.212648100641992,-0.3021999278998735,29.589839917115818,-0.030212115355271386
4023,4.7,true_threat,DREAM,1,2941,4022,4.65,1,1,315.2876510809389,-201.50939883160987,316.48009092782706,-205.16522699618469,-205.29018085006715,-0.05659380790962132,-2.5,1.4190082399845612,0,1,27.795693142623076,-4.887775231161413,0.0,0.75,0.0,,26.890520852309077,0.009221839094250218,0,1,1.7966605291339874,17.55932423492646,1.7169422541954846,latent_vehicle,0.9890899119188924,latent_vehicle,1.7169422541954846,0.9890899119188924,0.7000000000000002,4009,ok,accepted,0,ok,0.3983918,0.0007783999899402261,0.350616000010632,0.046658100007334724,0,0.0013867999999988,0.00975970000000359,0,274.27732981754605,34.33010971935596,35.464827712987926,3.7406011683901284,0,1,0,1,0,0,0,9,0.0,1,1,3.6431307644806603,-1.5640297900340339,76,1,17.877110630237752,0.14678956578663246,22.55330578235239,-0.10723122852658598,18.358556097715844,0.015411684989477703,21.954417346898286,-0.11718722041395321,16.95067489231895,-0.4478455177449656,30.681676557228506,-0.13107319334630602,30.461131852314672,-0.2748144717185918,30.196439471836936,-0.3241725630682447,29.58845901139209,-0.027618110673423044
4024,4.75,true_threat,DREAM,1,2983,4023,4.7,1,1,316.6656783521149,-201.52684255026006,317.8245209953671,-205.10098661480345,-205.2757725686318,-0.1105455724471085,-2.5,1.3367186279081529,1,1,27.430168825729954,-7.310486337862443,0.0,0.75,0.0,,26.915876339086047,0.009469235698391774,0,1,1.7149764291025633,18.80488920291279,1.6392462815916395,latent_vehicle,1.0140036546647193,latent_vehicle,1.6392462815916395,1.0140036546647193,0.75,4009,ok,accepted,0,ok,0.3983918,0.0007783999899402261,0.350616000010632,0.046658100007334724,1,0.0034200000000055297,0.015339099999998496,0,275.17137283317555,34.814093974902505,35.91521476489845,3.7231574497399436,0,1,0,1,0,0,0,9,0.0,1,1,3.5621862444762136,-1.5739225391502236,77,1,17.884669455489,0.15117650407437835,22.548344764503867,-0.0992203565702982,18.359271370155298,0.01430545076391192,21.94896616197316,-0.10902369668099396,16.943579553234787,-0.14190678165631557,30.67509047710431,-0.1317216007101131,30.44674830971984,-0.2876695309808856,30.179273355154,-0.343322319119442,29.587194453132835,-0.025291162658072474
4025,4.8,true_threat,DREAM,1,3016,4024,4.75,1,1,318.02618821693784,-201.543361458618,319.16937974045794,-205.04094225441932,-205.26513983690637,-0.16415322210292516,-2.5,1.2534449604520839,0,1,27.090917132113557,-6.7850338723279435,0.0,0.75,0.0,,26.915876339086047,0.0097078668197319,0,1,1.6384131603604999,20.13779435075164,1.56733891951971,latent_vehicle,1.0441168247360324,latent_vehicle,1.56733891951971,1.0441168247360324,0.7999999999999998,4009,ok,accepted,0,ok,0.3983918,0.0007783999899402261,0.350616000010632,0.046658100007334724,0,0.0034200000000055297,0.012817699999999377,0,276.0658430948739,35.28013357802706,36.36560324829094,3.7066385413820058,0,1,0,1,0,0,0,9,0.0,1,1,3.4862611097129577,-1.5790210769085726,78,1,17.892432367823574,0.155258245436136,22.543807177646784,-0.0907517367067444,18.35993323393609,0.013237277380629757,21.943944131108434,-0.10044061281859094,16.922049399380253,-0.4306030770623996,30.668435737142158,-0.1330947992079959,30.431853627964365,-0.29789247652307793,30.161294709548176,-0.359572895888128,29.586044336239326,-0.023002334313305964
4026,4.8500000000000005,true_threat,DREAM,1,3055,4025,4.800000000000001,1,1,319.3699128473812,-201.55822288499263,320.5144535400652,-204.98509398790782,-205.25782370423008,-0.21688144981075652,-2.5,1.169374775290135,1,1,26.742838781686864,-6.961567008533862,0.0,1.0,-0.007945997640490532,-0.009707867167890072,27.339645639879958,0.009962205329527638,1,0,1.5677034674743595,21.734262850152824,1.5031131561809827,latent_vehicle,1.102641368845635,latent_vehicle,1.5031131561809827,1.102641368845635,0.8500000000000005,4009,ok,accepted,0,ok,0.3983918,0.0007783999899402261,0.350616000010632,0.046658100007334724,1,0.001394599999997581,0.010665599999995834,0,276.96067956748846,35.729021735855895,36.81584057528363,3.691777115007369,0,1,0,1,0,0,0,9,0.0,1,1,3.4165361739051767,-1.579824980451213,79,1,17.900376479021762,0.15888222244115113,22.539725447547305,-0.08163460160865119,18.36054740744035,0.012283471119601862,21.939393216205254,-0.09101829074803303,16.91614233893847,-0.1181412087974743,30.66164557928455,-0.13580315729038933,30.416556524407024,-0.3059410898841441,30.142642770258508,-0.37303876881565656,29.58500103007537,-0.02086612091685293
4027,4.9,true_threat,DREAM,1,3090,4026,4.8500000000000005,1,1,320.69627235223527,-201.5712591805188,321.85946775682316,-204.93350294411854,-205.25329409776236,-0.268200109854547,-2.5,1.0846622321476294,0,1,26.41757036298841,-6.505368373969063,0.0,0.0,-0.007945997640490532,-0.009707867167890072,27.339645639879958,0.010209019530732789,1,0,1.5030761281589093,23.484065409777834,1.4471237809939994,latent_vehicle,1.176371231459851,latent_vehicle,1.4471237809939994,1.176371231459851,0.9000000000000004,4009,ok,accepted,0,ok,0.3983918,0.0007783999899402261,0.350616000010632,0.046658100007334724,0,0.001394599999997581,0.013120399999998256,0,277.85594329137734,36.16011751682106,37.26559106815273,3.6787408194811917,0,1,0,1,0,0,0,9,0.0,1,1,3.3534749967208746,-1.5761367737178078,80,1,17.908492252318087,0.16231546416913317,22.536112924823907,-0.07225045405518414,18.36111388860168,0.011329623054227946,21.93532486095204,-0.08136709539286549,16.89585005445357,-0.40584568965285056,30.654687578546092,-0.13916001429209535,30.400977161440707,-0.311586468261199,30.123460588723198,-0.3836436128675848,29.58405118445019,-0.01899690918088136
4028,4.95,true_threat,DREAM,1,3126,4027,4.9,1,1,322.0103936582997,-201.58239230224504,323.2044224011428,-204.88619964062792,-205.25094710612714,-0.3174441620085986,-2.5,0.9994311630489153,1,1,26.216105130712208,-4.02930464552405,1.0,0.0,-0.008356195874512196,-0.010209019295871258,27.24810502718683,0.010366519554565617,1,0,1.4446397029420552,24.698017444346856,1.3988544590868093,latent_vehicle,1.2738414333796093,latent_vehicle,1.3988544590868093,1.2738414333796093,0.9500000000000002,4009,ok,accepted,0,ok,0.3983918,0.0007783999899402261,0.350616000010632,0.046658100007334724,1,0.0014034000000009428,0.011357999999994206,0,278.75163425612965,36.57854785813316,37.71485474772004,3.66760769775496,0,1,0,1,0,0,0,9,0.0,1,1,3.2973110416974802,-1.5691032680678667,81,1,17.916762520675306,0.16540536530688385,22.53298677640047,-0.06252296809981012,18.36163077261111,0.01033767901801058,21.93175432356631,-0.07141073663956757,16.89145552075921,-0.08789067380978496,30.647536939042908,-0.14301278835817094,30.385231885363453,-0.3149049168298971,30.103885493583977,-0.391501884529256,29.583192888180633,-0.017165923549182432
4029,5.0,true_threat,DREAM,1,3162,4028,4.95,1,1,323.3181360413311,-201.59133033432664,324.5489206976829,-204.84304688368243,-205.250102263057,-0.363902622429066,-2.223383515873337,0.9137855005269022,0,1,26.114028429516075,-2.041534023922651,1.0,0.0,-0.008356195874512196,-0.010209019295871258,27.24810502718683,0.01044771510206905,1,0,1.3925489139149647,25.333224522633227,1.3578046366331964,latent_vehicle,1.403976974567472,latent_vehicle,1.3578046366331964,1.403976974567472,1.0,4009,ok,accepted,1,ok,0.5268487,0.000747500016586855,0.4872946999967098,0.038465999998152256,0,0.0014034000000009428,0.009997099999999648,0,279.6477219493745,36.99020254791975,38.1632653510153,3.658669665673358,0,1,0,1,0,0,0,9,0.0,1,1,3.248330398396637,-1.5603682695959078,82,1,17.925170119349215,0.1681519715001734,22.530362260979103,-0.05249030808721939,18.362105687594813,0.009498297901516723,21.928698768671204,-0.06111108710920731,16.872710095507898,-0.3749085049566696,30.640189845677394,-0.14694186399565995,30.369429412215542,-0.3160490273078246,30.084056721556642,-0.3965754217943316,29.5824089752844,-0.015678256984869642
4030,5.05,true_threat,DREAM,1,3196,4029,5.0,1,1,324.62242938646386,-201.59865211127962,325.8929320976348,-204.80395313096386,-205.25,-0.4069531163175668,-1.820039353974415,0.8302649227335342,1,1,26.059807931732358,-1.0844099556743458,1.0,0.0,-0.00017108404426835477,0.009247721172869205,27.35646209966901,0.010491232545227042,0,0,1.3461333842434158,25.657442758256746,1.3212630091690145,latent_vehicle,1.531219394062433,latent_vehicle,1.3212630091690145,1.531219394062433,0.6499999999999995,4017,ok,accepted,0,ok,0.5268487,0.000747500016586855,0.4872946999967098,0.038465999998152256,1,0.0015259000000042988,0.012858699999995338,0,280.54423688868826,37.39798095373874,38.61076181165345,3.6513478887203803,0,1,0,1,0,0,0,9,0.0,1,1,3.205121618701337,-1.5500763932331252,83,1,17.933701695874888,0.1706315282045958,22.528239377826093,-0.042457662682083216,18.362538635919773,0.0086589651713954,21.926162011973616,-0.05073512356188672,16.870072230352214,-0.05275730304265887,30.632653927446803,-0.1507183595191055,30.3536822731366,-0.3149424918587765,30.064105879246682,-0.39901682739897626,29.58169372368224,-0.014305031638922739
4031,5.1000000000000005,true_threat,DREAM,1,3217,4030,5.050000000000001,1,1,325.9258985019711,-201.60522648870304,327.23624295193724,-204.76884216140672,-205.25,-0.4460468690361381,-1.7070390021308035,0.7501119482788293,0,1,26.062764728936237,0.059135944077581826,1.0,0.0,0.007569362875074148,0.009247721172869205,27.35646209966901,0.010488852413071958,0,0,1.3044480372628584,25.574785015386418,1.2860912176703054,latent_vehicle,1.6477224144400242,latent_vehicle,1.2860912176703054,1.6477224144400242,0.7000000000000002,4017,ok,accepted,0,ok,0.5268487,0.000747500016586855,0.4872946999967098,0.038465999998152256,0,0.0015259000000042988,0.010520900000003053,0,281.44114855649457,37.804538401439686,39.057160998149584,3.644773511296961,0,1,0,1,0,0,0,9,0.0,1,1,3.165731062260068,-1.5382548812417278,84,1,17.942336270379027,0.17269148782476387,22.526614313049127,-0.03250129520096038,18.36293343900029,0.007896061739562388,21.924145958470724,-0.04032106196267171,16.853110176408997,-0.3392410787926262,30.62494062848527,-0.1542659721999931,30.338091556799554,-0.31181415991955164,30.044164573603577,-0.398826094198672,29.581033781172113,-0.013198850179657131
4032,5.15,true_threat,DREAM,1,3230,4031,5.1000000000000005,1,1,327.23116799311595,-201.61132722945717,328.5787006258598,-204.73757669797138,-205.25,-0.4811578385932762,-1.593311499175484,0.6713251268338127,1,1,26.113399261439042,1.0126906500561006,1.0,0.0,0.008585242554545403,0.010488852858543396,27.176715401928348,0.010448218519457942,1,0,1.2670818330733766,25.155504037827637,1.2516669652190442,latent_vehicle,1.7822965849024017,latent_vehicle,1.2516669652190442,1.7822965849024017,0.75,4017,ok,accepted,0,ok,0.5268487,0.000747500016586855,0.4872946999967098,0.038465999998152256,1,0.0013664000000019882,0.01140709999999956,0,282.3385485107279,38.21240793835119,39.50221871783884,3.6386727705428257,0,1,0,1,0,0,0,9,0.0,1,1,3.1295395328235305,-1.525730648776986,85,1,17.95106049024237,0.17448439463711965,22.525481343803225,-0.022659384543024387,18.36329391205656,0.007209462570129509,21.922639165377458,-0.03013585545866345,16.852408269561003,-0.014038136853590205,30.617057577371636,-0.1576610135566833,30.32275072093823,-0.30681663915370794,30.02436631931268,-0.3959650671973065,29.58042342392956,-0.012207145729582532
4033,5.2,true_threat,DREAM,1,3242,4032,5.15,1,1,328.54000795220196,-201.61716735275135,329.92009144951976,-204.7100194844397,-205.25,-0.5124233020286226,-1.4807179408675282,0.5948773884692389,0,1,26.196489694761233,1.661808666443818,1.0,0.0,0.008585242554545403,0.010488852858543396,27.176715401928348,0.010382048759174981,1,0,1.2336844962475197,24.53117593209877,1.2184446150789687,latent_vehicle,1.9265174113350014,latent_vehicle,1.2184446150789687,1.9265174113350014,0.7999999999999998,4017,ok,accepted,0,ok,0.5268487,0.000747500016586855,0.4872946999967098,0.038465999998152256,0,0.0013664000000019882,0.010923300000001746,0,283.2363451882483,38.623451219916774,39.94581286397835,3.632832647248648,0,1,0,1,0,0,0,9,0.0,1,1,3.096384467342354,-1.5135183541635346,86,1,17.959861005169287,0.17601029612402389,22.524832840054188,-0.012970074511611706,18.363621961044764,0.006560982148297611,21.921639723275998,-0.019988838222117045,16.837397432026474,-0.30021675056901087,30.60902003305473,-0.16075087588764742,30.30776085358083,-0.2997973246985232,30.004825556833772,-0.3908152314260412,29.579847393460167,-0.011520609367783598
4034,5.25,true_threat,DREAM,1,3233,4033,5.2,1,1,329.85366975602125,-201.6232041953889,331.2603543409157,-204.68603321253963,-205.25,-0.5399805155603019,-1.370449959771581,0.5213697485129664,1,1,26.30170230942615,2.1042522932983587,1.0,0.0,0.008497823029756546,0.010382048785686493,27.02468263560555,0.010299159802454319,1,0,1.2036613817099067,23.79635819944148,1.1865583819553935,latent_vehicle,2.064033911171107,latent_vehicle,1.1865583819553935,2.064033911171107,0.8499999999999996,4017,ok,accepted,0,ok,0.5268487,0.000747500016586855,0.4872946999967098,0.038465999998152256,1,0.0013788999999988505,0.012811200000001577,0,284.13463014699033,39.03882806499405,40.38779079663226,3.626795804611106,0,1,0,1,0,0,0,9,0.0,1,1,3.065777359504216,-1.5023894312976935,87,1,17.968724462414194,0.17726914204929065,22.524655451116807,-0.0035477782356979747,18.363921402754933,0.005988836608200198,21.92112855951655,-0.010223273159709131,16.838736388024646,0.026779120073677064,30.600845160931353,-0.16349743067772568,30.293205877040172,-0.29109953149192425,29.985660542066487,-0.38330027752761364,29.57929233868692,-0.011101093866541937
4035,5.3,true_threat,DREAM,1,3235,4034,5.25,1,1,331.1730691244636,-201.630002020209,332.59936716727765,-204.66543481845622,-205.25,-0.5639667874603731,-1.2633227529175874,0.45119406830516046,0,1,26.422017409208877,2.406301995654516,1.0,0.0,0.008497823029756546,0.010382048785686493,27.02468263560555,0.01020558353204829,1,0,1.176265162806402,23.013549634578915,1.1557991656899689,latent_vehicle,2.175192748533018,latent_vehicle,1.1557991656899689,2.175192748533018,0.8999999999999995,4017,ok,accepted,0,ok,0.5268487,0.000747500016586855,0.4872946999967098,0.038465999998152256,0,0.0013788999999988505,0.014617700000002287,0,285.0333118342249,39.459545746201854,40.82812193575967,3.619997979791009,0,1,0,1,0,0,0,9,0.0,1,1,3.036974677408907,-1.4929440412090962,88,1,17.97763560447304,0.17822283868670605,22.524937734215616,0.005645662435721056,18.36419795689812,0.005531085299185063,21.921096137355317,-0.0006484424928793281,16.82576259944861,-0.2594757714089656,30.59253296081493,-0.16624398938660492,30.279167806825203,-0.2807613980231916,29.966974271419886,-0.3737253957889566,29.578756352956386,-0.01071971037013221
4036,5.3500000000000005,true_threat,DREAM,1,3238,4035,5.300000000000001,1,1,332.4986335274297,-201.63821680935223,333.9369772730538,-204.64802598999708,-205.25,-0.5845651815437805,-1.1599252233695827,0.38459615451919904,1,1,26.552660059382436,2.612853003471187,1.0,0.0,0.008353384211659431,0.010205583646893501,26.901693111845624,0.010105411759131643,1,0,1.1506415452040244,22.22164726873343,1.1257352477096687,latent_vehicle,2.2445202841057394,latent_vehicle,1.1257352477096687,2.2445202841057394,0.9500000000000002,4017,ok,accepted,0,ok,0.5268487,0.000747500016586855,0.4872946999967098,0.038465999998152256,1,0.0013615000000015698,0.012505199999999661,0,285.9324818026811,39.88594018071177,41.266562073079626,3.6117831906477704,0,1,0,1,0,0,0,9,0.0,1,1,3.0091120415214654,-1.485578574982109,89,1,17.986577263782106,0.1788331831923127,22.525654892187294,0.01434316001609131,18.364451626970634,0.0050734024337523356,21.921517661327837,0.008430479433193201,16.82917293650279,0.06820674120661552,30.584083432519954,-0.16899055203180505,30.265722936351974,-0.26889737024647736,29.948873556394503,-0.36201428407750647,29.578218457524756,-0.010757901440070106
4037,5.4,true_threat,DREAM,1,3238,4036,5.3500000000000005,1,1,333.8308819198791,-201.64830614948062,335.2731540729978,-204.63360837332672,-205.25,-0.6019740100029196,-1.0606702483591899,0.3217172446426967,0,1,26.69036730640969,2.754144940545089,1.0,0.0,0.008353384211659431,0.010205583646893501,26.901693111845624,0.010001411280388657,1,0,1.1261345884052787,21.44365247543924,1.0960152967521135,latent_vehicle,2.258139856570533,latent_vehicle,1.0960152967521135,2.258139856570533,1.0,4017,ok,accepted,1,ok,0.3901399,0.0012020999856758863,0.34727399999974295,0.041158400010317564,0,0.0013615000000015698,0.010249399999999298,0,286.83204849962976,40.31862187621249,41.70317217607493,3.601693850519382,0,1,0,1,0,0,0,9,0.0,1,1,2.981509102387689,-1.4806352805830798,90,1,17.995537997665544,0.17921467516093725,22.52678785239618,0.022659204779522008,18.36468813256511,0.0047301123389517676,21.922375965568847,0.01716608459171847,16.818260992149813,-0.2182388869304627,30.575502297807628,-0.17162267974467543,30.252932300903872,-0.2558126156707014,29.931451854826367,-0.3484340171195639,29.577684374731195,-0.01068164560959187
4038,5.45,true_threat,DREAM,1,3231,4037,5.4,1,1,335.1667929316185,-201.65988960155678,336.60771443041915,-204.62209047818075,-205.25,-0.616391626673277,-0.9658374827827598,0.2626245452467435,1,1,26.705085279581763,0.29435946344143815,1.0,0.0,0.00016827193030621856,-0.008138004690408707,26.28456973391044,0.00999039089673966,0,0,1.103033241183141,21.326437566798543,1.0686165395705252,latent_vehicle,2.356129672180001,latent_vehicle,1.0686165395705252,2.356129672180001,0.5499999999999998,4027,ok,accepted,0,ok,0.3901399,0.0012020999856758863,0.34727399999974295,0.041158400010317564,1,0.001512800000000425,0.017837700000001178,0,287.7321034778,40.7544779097816,42.137677555326036,3.5901103984432154,0,1,0,1,0,0,0,9,0.0,1,1,2.9554328952520605,-1.477932928812515,91,1,18.004506359632163,0.1793672365881021,22.528308003890373,0.030403030587362365,18.36491129046981,0.0044631581839244235,21.92364244010525,0.025329490706660386,16.823702654122343,0.10883323967213002,30.566791464333498,-0.17421665430462988,30.240855028327182,-0.2415452889998069,29.914793090484476,-0.3331752744968953,29.577142661293706,-0.010834255975426576
4039,5.5,true_threat,DREAM,1,3224,4038,5.45,1,1,336.5015445461369,-201.6722669062276,337.9406582516208,-204.61319764637204,-205.25,-0.6279095218192481,-0.8755148869210878,0.20732626081427186,0,1,26.689295341272576,-0.3157987661837325,1.0,0.0,-0.0066610476933419704,-0.008138004690408707,26.28456973391044,0.010002214648506915,0,0,1.0817631047036116,21.367563927161527,1.0458032557105792,latent_vehicle,2.5467502332473173,latent_vehicle,1.0458032557105792,2.5467502332473173,0.5999999999999996,4027,ok,accepted,0,ok,0.3901399,0.0012020999856758863,0.34727399999974295,0.041158400010317564,0,0.001512800000000425,0.013882399999999961,0,288.6325857020392,41.18874730006087,42.570139152288505,3.5777330937723946,0,1,0,1,0,0,0,9,0.0,1,1,2.9325737464855983,-1.476663535864594,92,1,18.013470908980253,0.17929098448369038,22.530190551236913,0.037650947716101967,18.365121100721403,0.004196204942572606,21.925288474236257,0.03292068314446671,16.81479723951707,-0.1781082919200207,30.557945209429985,-0.17692508265135512,30.229550246135105,-0.22609540418203683,29.89898309348589,-0.3161999299469595,29.576585688715273,-0.011139437271466275
4040,5.55,true_threat,DREAM,1,3231,4039,5.5,1,1,337.83785276005926,-201.68523877268757,339.2719244441909,-204.6067620520522,-205.25,-0.6368023536279566,-0.7898660086264095,0.15579118095780242,1,1,26.788843101173605,1.990955198020572,1.0,0.0,-0.008186924271285534,-0.010002214461565018,26.350772560956624,0.00992802088844811,1,0,1.0623556439238087,20.829476293257834,1.0277866429738016,latent_vehicle,2.775967872186363,latent_vehicle,1.0277866429738016,2.775967872186363,0.6499999999999995,4027,ok,accepted,0,ok,0.3901399,0.0012020999856758863,0.34727399999974295,0.041158400010317564,1,0.0014200000000030855,0.01262129999999928,0,289.53352568992364,41.62411552609876,43.00046535697419,3.564761227312431,0,1,0,1,0,0,0,9,0.0,1,1,2.9128260782710482,-1.477857090710241,93,1,18.022416384271523,0.17890950271426784,22.532404978301887,0.04428854196911109,18.365325190161226,0.004081788581897667,21.927289274510585,0.04001600659029245,16.822172953807915,0.14751428600448438,30.54897306973883,-0.17944277828616875,30.21905991510046,-0.20980630478832676,29.884090527751322,-0.29785130732966675,29.57600392120731,-0.01163533555492868
4041,5.6000000000000005,true_threat,DREAM,1,3237,4040,5.550000000000001,1,1,339.1823093230285,-201.69866562311512,340.6014519105121,-204.60260061058474,-205.25,-0.6432379479477959,-0.7089065463867713,0.10795343779363031,0,1,26.945024515606203,3.1236282886519717,1.0,0.0,-0.008186924271285534,-0.010002214461565018,26.350772560956624,0.009813270299394558,1,0,1.0447673520287992,20.05364582990991,1.0138437395654047,latent_vehicle,3.0755699297074095,latent_vehicle,1.0138437395654047,3.0755699297074095,0.7000000000000002,4027,ok,accepted,0,ok,0.3901399,0.0012020999856758863,0.34727399999974295,0.041158400010317564,0,0.0014200000000030855,0.013904599999996492,0,290.4349539590296,42.06714381996204,43.42856455418939,3.5513343768848813,0,1,0,1,0,0,0,9,0.0,1,1,2.8953078931206178,-1.483518529454212,94,1,18.031325620960285,0.1781847313319821,22.534905512059755,0.05001067521702893,18.365527376539546,0.00404372672582333,21.929604785123168,0.04631021421216094,16.81516725898761,-0.14011389621466047,30.53989221086875,-0.1816171621094628,30.20942408861988,-0.19271614474785026,29.87017642886394,-0.27828197268505006,29.57539354496866,-0.012207511025975474
4042,5.65,true_threat,DREAM,1,3243,4041,5.6000000000000005,1,1,340.53396804963234,-201.71213579296366,341.92927112131207,-204.60057598246524,-205.25,-0.6473993894152557,-0.6326221810477356,0.06372370528640617,1,1,27.083531036330413,2.7701304144842,1.0,0.0,-0.008032271638512611,-0.009813270531594753,26.455435289343338,0.00971316217816596,1,0,1.0292725540607535,19.404859890086026,1.0036245972835545,latent_vehicle,3.5487003791956817,latent_vehicle,1.0036245972835545,3.5487003791956817,0.75,4027,ok,accepted,0,ok,0.3901399,0.0012020999856758863,0.34727399999974295,0.041158400010317564,1,0.0026390999999961195,0.01881209999999811,0,291.3367484442572,42.51700806133829,43.8545892797618,3.5378642070363355,0,1,0,1,0,0,0,9,0.0,1,1,2.880172578330205,-1.4930853565785136,95,1,18.040192895368126,0.17734548502869038,22.537676892690392,0.05542761220768366,18.36572193601182,0.0038911894194306055,21.932204490635836,0.051994112685739106,16.824318715303395,0.1830291265177169,30.53069881564968,-0.18386789078714327,30.200669468781495,-0.175091954308189,29.857301830806925,-0.2574919586146364,29.574746931260023,-0.012932264537353026
4043,5.7,true_threat,DREAM,1,3248,4042,5.65,1,1,341.8922184165659,-201.72514595043899,343.2553209581521,-204.60044404790452,-205.25,-0.6494240175347556,-0.5609263613569273,0.02299285962729041,0,1,27.210159505085684,2.5325693751054246,1.0,0.0,-0.008032271638512611,-0.009813270531594753,26.455435289343338,0.009622973453343835,1,0,1.0161304620247051,18.841351074815226,0.9969353152340961,latent_vehicle,4.362515069401388,latent_vehicle,0.9969353152340961,4.362515069401388,0.7999999999999998,4027,ok,accepted,0,ok,0.3901399,0.0012020999856758863,0.34727399999974295,0.041158400010317564,0,0.0026390999999961195,0.014809899999995935,0,292.23903120550096,42.972975667028095,44.27835635535803,3.5248540495610143,0,1,0,1,0,0,0,9,0.0,1,1,2.867689142880992,-1.5061963583186926,96,1,18.0490048577124,0.1762392444989627,22.540686696181556,0.06019606907355103,18.365922219083675,0.004005661784339803,21.935050242515963,0.05691504081821255,16.819050613838492,-0.10536202899112317,30.521402420184476,-0.18592789793891654,30.192817035699036,-0.1570481748991476,29.845504880640956,-0.23593900269064602,29.574058357762162,-0.013771459744317887
4044,5.75,true_threat,DREAM,1,3249,4043,5.7,1,1,343.25648038166315,-201.7370859418189,344.5796013845943,-204.60209799538532,-205.25,-0.6495559520954828,-0.4937932070156551,-0.014361974811517344,1,1,27.32876223257974,2.372054549881142,0.9988490343093872,0.0,-0.007876510731875896,-0.009622973389923573,26.596787987972867,0.009539635251918947,1,0,1.005844418125605,18.337441821080038,0.9939359997608269,latent_vehicle,,,0.9939359997608269,,0.8499999999999996,4027,ok,accepted,0,ok,0.3901399,0.0012020999856758863,0.34727399999974295,0.041158400010317564,1,0.0013767000000015628,0.010571200000001113,0,293.1417412128136,43.43452762481269,44.69992677448761,3.51291405818111,0,1,0,1,0,0,0,9,0.0,1,1,2.8584888273782605,-1.5225107421399027,97,1,18.05774815483599,0.17486593935476363,22.543904402392098,0.06435412387209431,18.366124410562804,0.004043830356767118,21.938115339132818,0.06130193595074885,16.82977944649305,0.21457665336067122,30.51202782000884,-0.18749199591653,30.18588776843705,-0.13858483177849934,29.83482372502483,-0.21362311288121674,29.573325918572085,-0.014648777083768263
4045,5.8,true_threat,DREAM,1,3245,4044,5.75,1,1,344.6264485973826,-201.74745233120137,345.9021733733268,-204.60535469862802,-205.25,-0.6479020046146786,-0.4310649720327364,-0.048475906477225876,0,1,27.441499262036704,2.254740589139246,0.9871648550033569,0.0,-0.007876510731875896,-0.009622973389923573,26.596787987972867,0.009461418194187334,1,0,0.9987347319858202,17.878314560895642,0.9884682166527053,latent_vehicle,,,0.9884682166527053,,0.8999999999999995,4027,ok,accepted,0,ok,0.3901399,0.0012020999856758863,0.34727399999974295,0.041158400010317564,0,0.0013767000000015628,0.013554599999999084,0,294.0449089837715,43.90132806957422,45.11933099226218,3.502547668798627,0,1,0,1,0,0,0,9,0.0,1,1,2.853110182441,-1.5417771909887723,98,1,18.066415159076033,0.17334008249192642,22.547280418724235,0.0675203271594456,18.366332325009786,0.004158290135555023,21.941371170379163,0.06511662884092069,16.826037224790042,-0.07484443380421955,30.502582643938457,-0.18890351519657636,30.179877848828735,-0.12019787506150385,29.825286973972652,-0.19073502180147778,29.572545798369227,-0.015602399719808539
4046,5.8500000000000005,true_threat,DREAM,1,3253,4045,5.800000000000001,1,1,346.0018176953614,-201.75568064753176,347.22303687229567,-204.61006156975085,-205.25,-0.6446453013719804,-0.3726333179268204,-0.07949051287264661,1,1,27.54899771966506,2.149969152567124,0.9645563364028931,0.0,-0.007744275964796543,-0.0094614177942276,26.769085859109005,0.009387728136963683,1,0,0.9952132867782666,17.45708784343772,0.9796593218435947,latent_vehicle,,,0.9796593218435947,,0.9500000000000002,4027,ok,accepted,0,ok,0.3901399,0.0012020999856758863,0.34727399999974295,0.041158400010317564,1,0.0015757999999976846,0.014915900000005422,0,294.9484429656456,44.37316318567895,45.53666050935698,3.4943193524682385,0,1,0,1,0,0,0,9,0.0,1,1,2.8522512795020543,-1.5637614858782438,99,1,18.074984887820825,0.17139457181138468,22.550795672785945,0.07030508290008936,18.36654977687529,0.004349038858807558,21.944766237976467,0.06790135604854655,16.838103109444322,0.2413176933486591,30.493072612746943,-0.1902006204116115,30.174802533314068,-0.10150580650036152,29.816907978810608,-0.16757990300058062,29.571714182665612,-0.016632311489015672
4047,5.9,true_threat,DREAM,1,3266,4046,5.8500000000000005,1,1,347.38240445041754,-201.7614200011467,348.5422528802159,-204.61611177641507,-205.25,-0.6399384302491455,-0.3183533403404235,-0.1075541132549405,0,1,27.650872950769948,2.0375046220977566,0.931675136089325,0.0,-0.007744275964796543,-0.0094614177942276,26.769085859109005,0.009318684407477972,1,0,0.9955241398275518,17.071285000325535,0.9744242289262325,latent_vehicle,,,0.9744242289262325,,1.0,4027,ok,accepted,0,ok,0.3901399,0.0012020999856758863,0.34727399999974295,0.041158400010317564,0,0.0015757999999976846,0.010562100000001351,0,295.85249578275534,44.84969712362533,45.951823700167495,3.488579998853311,0,1,0,1,0,0,0,9,0.0,1,1,2.8565013340890455,-1.5882399794185194,100,1,18.08345543640632,0.16941096929514707,22.554419646074003,0.07247946849033682,18.36677485995078,0.0045016634684221105,21.9482776546763,0.07022833792802372,16.835650255908632,-0.04905707045451065,30.483518707323768,-0.1910781070381236,30.170648468416765,-0.08308082117768752,29.809705812618116,-0.1440433212315612,29.57083107149799,-0.017662221942450325
4048,5.95,true_threat,DREAM,1,3273,4047,5.9,1,1,348.7678425319109,-201.76431956484748,349.85988237498094,-204.62333745112915,-205.25,-0.6338882235849326,-0.2680385109157063,-0.13281781552902208,1,1,27.746167940673715,1.905899798075339,0.8903641700744629,0.0,-0.007627446670085192,-0.009318684227764606,27.081259676686383,0.009254787427304439,1,0,0.9998502508408365,16.7205615079481,0.9729061395176303,latent_vehicle,,,0.9729061395176303,,0.6499999999999995,4035,ok,accepted,1,ok,0.5360961,0.0007224000000860542,0.4960600000049453,0.03896929998882115,1,0.0014126000000018735,0.010949899999999957,0,296.75694532835763,45.330685659516405,46.36500364933022,3.485680435152517,0,1,0,1,0,0,0,9,0.0,1,1,2.866412032097027,-1.6149010259404655,101,1,18.091813444232177,0.16716015508592197,22.55810847075694,0.07377649769035304,18.367011387049725,0.0047305440578978685,21.951874901324192,0.07194493714840107,16.848797606018948,0.2629470025916795,30.473934277916157,-0.1916885884365786,30.167398485573038,-0.06499921909852326,29.80368047587595,-0.12050672849613826,29.56989074276184,-0.018806574030803404
4049,6.0,true_threat,DREAM,1,3272,4048,5.95,1,1,350.1577961163669,-201.76399798344835,351.17592530974224,-204.63160126479954,-205.25,-0.6266625488708542,-0.22154741774964826,-0.15543478963724172,0,1,27.833704619199466,1.750733570515024,0.8423532247543335,0.0,-0.007627446670085192,-0.009318684227764606,27.081259676686383,0.009196669855003062,1,0,1.0084356459103674,16.405403390481773,0.9752986025132577,latent_vehicle,,,0.9752986025132577,,0.6999999999999993,4035,ok,accepted,0,ok,0.5360961,0.0007224000000860542,0.4960600000049453,0.03896929998882115,0,0.0014126000000018735,0.015376600000003293,0,297.6617915920417,45.815792980288336,46.77620032040744,3.4860020165516516,0,1,0,1,0,0,0,9,0.0,1,1,2.8826054885264525,-1.6434461602673331,102,1,18.10005128472871,0.16475680978684937,22.561841164757006,0.07465388475414311,18.367259359668793,0.004959454754702192,21.95553127605401,0.0731274986523524,16.847368997809447,-0.028572163867199008,30.464317418496506,-0.19233718868215846,30.165043045025094,-0.047108422321992006,29.798820524987708,-0.09719900650838625,29.568902733064615,-0.019760193661145415
