frame,time_s,condition,controller,hidden_visible,hidden_lidar_hits,lidar_frame,lidar_time_s,lidar_is_new,semantic_lidar_reveal_armed,ego_station_m,ego_local_y_m,hidden_station_m,hidden_local_y_m,hidden_reference_y_m,hidden_lateral_error_m,hidden_commanded_ay_mps2,hidden_road_lateral_velocity_mps,hidden_observation_submitted,hidden_aware_plan,ego_speed_mps,ego_accel_mps2,ego_throttle,ego_brake,ego_steer,commanded_ackermann_steer_rad,target_speed_mps,steer_limit_rad,steering_envelope_active,shield_active,minimum_clearance_m,minimum_ttc_s,minimum_oriented_clearance_m,minimum_oriented_clearance_actor_role,minimum_ttc_2d_s,minimum_ttc_2d_actor_role,hidden_oriented_clearance_m,hidden_ttc_2d_s,plan_age_s,plan_source_frame,plan_status,plan_rejection_reason,new_plan,latest_plan_status,planner_total_s,planner_decision_s,planner_mpc_s,planner_field_s,low_level_updated,low_level_time_s,physics_control_cycle_time_s,physics_control_deadline_miss,occluder_station_m,ego_pass_clearance_ahead_occluder_m,hidden_pass_clearance_ahead_occluder_m,ego_target_lane_error_m,ego_centre_lane_overlap,hidden_centre_lane_overlap,concurrent_centre_lane_overlap,hidden_center_geometric_visible_now,hidden_center_los_blocked,hidden_footprint_fully_blocked,hidden_footprint_blocked_sample_count,hidden_footprint_sample_count,hidden_footprint_blocked_sample_fraction,hidden_center_in_range,hidden_center_in_horizontal_fov,hidden_center_geometric_range_m,hidden_center_geometric_bearing_rad,hidden_center_geometric_clear_streak,hidden_center_geometric_reveal_confirmed,occluder_speed_mps,occluder_accel_mps2,lead_left_speed_mps,lead_left_accel_mps2,lead_centre_speed_mps,lead_centre_accel_mps2,lead_right_speed_mps,lead_right_accel_mps2,rear_centre_speed_mps,rear_centre_accel_mps2,follower_1_speed_mps,follower_1_accel_mps2,follower_2_speed_mps,follower_2_accel_mps2,follower_3_speed_mps,follower_3_accel_mps2,follower_4_speed_mps,follower_4_accel_mps2
1230,0.05,empty_shadow,APF,0,0,1229,,0,0,180.70645676667561,-201.74956582402078,,,,,,,0,0,33.00170922078922,0.0,0.5812826752662659,0.0,-0.002437727991491556,-0.0029782464262098074,32.938562610284414,0.006541928698337154,0,0,3.897242689394248,14.671221284575072,3.897227061578185,rear_centre,,,,,0.05,1229,ok,accepted,1,ok,0.4059969,0.0007329999934881926,0.3811042000015732,0.023396600008709356,1,0.0016090999999995859,0.013532200000000216,0,195.79322472448607,-21.766979501847317,,3.5004341759792226,0,0,0,,,,,,,,,,,,0,19.4723637365151,0.37883764152632743,23.777894213423192,1.8646759978563605,21.596728669746046,0.8481214262794287,24.52584797127298,1.6989138372584913,17.667788732282492,-0.017928917142345745,31.96223825975561,0.09971591059082527,31.96225584445546,1.2404990128242086,31.161967778859694,1.2569180876601327,27.865985445601716,5.62976855340252
1231,0.1,empty_shadow,APF,0,0,1230,0.05,1,0,182.35773228453462,-201.74894147209778,,,,,,,0,0,33.045852916311965,0.8828739104548333,0.576166570186615,0.0,-0.002437727991491556,-0.0029782464262098074,32.938562610284414,0.0065244630378534325,0,0,4.61560687325589,14.656143627983798,4.615641617767136,rear_centre,,,,,0.1,1229,ok,accepted,0,ok,0.4059969,0.0007329999934881926,0.3811042000015732,0.023396600008709356,0,0.0016090999999995859,0.0122850000000021,0,196.76740692684098,-21.08988618634322,,3.5010585279022166,0,0,0,,,,,,,,,,,,0,19.490117339147577,0.35507205223611443,23.843961296093294,1.3213424085084866,21.621617648182866,0.49777957216057694,24.591903281815426,1.321106212082802,17.669951674141334,0.04325883775591413,31.97084801575873,0.1721951244919285,32.009725640230315,0.9496394980512292,31.209588275392974,0.9526548637754471,28.1200404762418,5.081100612937249
1232,0.15000000000000002,empty_shadow,APF,0,0,1231,0.1,1,0,184.0106556213818,-201.74793508828844,,,,,,,0,0,33.06853397852525,0.45362124426574724,0.5732309818267822,0.0,-0.0024647144600749016,-0.0030112166423350573,32.63856234875963,0.006515516356770507,0,0,5.3492597493816625,14.640481514121003,5.349476286512061,rear_centre,,,,,0.15000000000000002,1229,ok,accepted,0,ok,0.4059969,0.0007329999934881926,0.3811042000015732,0.023396600008709356,1,0.001204099999998931,0.013739499999999794,0,197.74238259138633,-20.411938514041395,,3.5020649117115568,0,0,0,,,,,,,,,,,,0,19.506648331088265,0.33061983857167143,23.88817751443926,0.8843244291966007,21.632115678223613,0.20996060594391946,24.640906895999127,0.9800722853736515,17.67427373366331,0.08644119090914394,31.98027220770161,0.18848384463529574,32.046446237450475,0.7345948476946126,31.24583159774372,0.7250447895608747,28.324555938355857,4.0903092423849685
1233,0.2,empty_shadow,APF,0,0,1232,0.15000000000000002,1,0,185.6630599824478,-201.74641008266437,,,,,,,0,0,33.04626360963822,-0.4454073777407075,0.5753657817840576,0.0,-0.0024647144600749016,-0.0030112166423350573,32.63856234875963,0.006524300873636089,0,0,6.091043924650357,14.669351985049463,6.091578792145564,rear_centre,,,,,0.2,1229,ok,accepted,0,ok,0.4059969,0.0007329999934881926,0.3811042000015732,0.023396600008709356,0,0.001204099999998931,0.013990800000001968,0,198.71818222528773,-19.735333786876794,,3.5035899173356313,0,0,0,,,,,,,,,,,,0,19.521903305910815,0.30509949672593045,23.915135771111512,0.5391650396732128,21.630618391117533,-0.029945735597166883,24.67475662534052,0.6769945889868204,17.680045377372334,0.11543287458916254,31.986976518424267,0.13408622175346474,32.074869384988446,0.5685912286413082,31.27332296456653,0.5499474239104468,28.468116349986065,2.8712082326851607
1234,0.25,empty_shadow,APF,0,0,1233,0.2,1,0,187.31430444137004,-201.744198827182,,,,,,,0,0,33.02385465178113,-0.4481791571417659,0.603611946105957,0.0,-0.002082390710711479,-0.0025441201869398355,32.338565215579,0.00653315800012659,0,0,5.814387154667733,14.67687137006714,5.813269026175112,occluder,,,,,0.25,1229,ok,accepted,0,ok,0.4059969,0.0007329999934881926,0.3811042000015732,0.023396600008709356,1,0.001183499999999782,0.013714600000000132,0,199.69465325107421,-19.06056035374104,,3.5058011728179963,0,0,0,,,,,,,,,,,,0,19.535840302698993,0.2787399360117577,23.9284047423378,0.2653796703151133,21.618888176789042,-0.23460427856017502,24.695460908172702,0.41408565935178626,17.6867993064639,0.13507858227250916,31.987735622135144,0.015182082811034624,32.096439929500384,0.4314930181523214,31.293648324315715,0.4065797223350843,28.548490112785647,1.6074752561066445
1235,0.3,empty_shadow,APF,0,0,1234,0.25,1,1,188.9682647043179,-201.7412237057317,,,,,,,0,0,33.11881913095097,1.8992895833967793,0.6169700622558594,0.0,-0.002082390710711479,-0.0025441201869398355,32.338565215579,0.006495746582898296,0,0,5.1533054467148895,14.47880218560478,5.152079605269529,occluder,,,,,0.3,1229,ok,accepted,0,ok,0.4059969,0.0007329999934881926,0.3811042000015732,0.023396600008709356,0,0.001183499999999782,0.010175500000002557,0,200.67182618111673,-18.38377302083569,,3.5087762942683014,0,0,0,,,,,,,,,,,,0,19.5484230809327,0.25165556522889027,23.930528874490793,0.042483616751723206,21.598119035310383,-0.4153828200300058,24.70488894686028,0.1885607772120798,17.69430282412013,0.15007035355633339,31.980369421005772,-0.14732401354564512,32.11186287532292,0.3085047343658067,31.307619504974515,0.27946043041173513,28.572427333518007,0.4787444148861948
1236,0.35000000000000003,empty_shadow,APF,0,0,1235,0.30000000000000004,1,1,190.62628351862384,-201.73740796629835,,,,,,,0,0,33.18492691078315,1.3221555966435972,0.5133253335952759,0.0,-0.001392957055941224,-0.0017018180806189775,32.03857458530595,0.006469892696466413,0,0,4.4937502632715125,14.314207304987415,4.492639100041789,occluder,,,,,0.35000000000000003,1229,ok,accepted,0,ok,0.4059969,0.0007329999934881926,0.3811042000015732,0.023396600008709356,1,0.0011748000000011416,0.01162610000000086,0,201.64957893990447,-17.7035069653175,,3.512592033701651,0,0,0,,,,,,,,,,,,0,19.559602049420743,0.2235793705060535,23.92322483837973,-0.14607879078602048,21.56914638717635,-0.5794529524627295,24.704616210349315,-0.005454726226637712,17.702483449508758,0.1636125081245652,31.964135957118586,-0.32466926893823667,32.12133229218886,0.18940841896881166,31.315527908281446,0.15818133192149061,28.55270534179579,-0.3944398340078963
1237,0.4,empty_shadow,APF,0,0,1236,0.35000000000000003,1,1,192.28674340068744,-201.73259957277142,,,,,,,0,0,33.22234022520319,0.7482662884008562,0.43424442410469055,0.0,-0.001392957055941224,-0.0017018180806189775,32.03857458530595,0.006455329176751533,0,0,3.8399295830815032,14.182805282806925,3.839268006872906,occluder,,,,,0.4,1229,ok,accepted,0,ok,0.4059969,0.0007329999934881926,0.3811042000015732,0.023396600008709356,0,0.0011748000000011416,0.010643899999998041,0,202.6278810202719,-17.021349163621323,,3.51740042722858,0,0,0,,,,,,,,,,,,0,19.5693466911334,0.19489283494163362,23.907589412553964,-0.31270553945752955,21.53256913931733,-0.7315449460877893,24.695928250703876,-0.17375918864192802,17.71136788741387,0.1776887584917353,31.93966084138366,-0.4895023068328153,32.12479453054084,0.06924968828333716,31.3173848289007,0.03713988574630924,28.504607722073356,-0.961952393632029
1238,0.45,empty_shadow,APF,0,0,1237,0.4,1,1,193.94824058363974,-201.7269210743521,,,,,,,0,0,33.236379463269586,0.280784761327908,0.37573593854904175,0.0,-0.0004931215080432594,-0.0006024615722708404,31.738590335809548,0.006449876943402463,0,0,3.1976908778885984,14.076278889145836,3.1979861182530396,occluder,,,,,0.45,1229,ok,accepted,0,ok,0.4059969,0.0007329999934881926,0.3811042000015732,0.023396600008709356,1,0.0011822000000023536,0.014647899999999936,0,203.6065798239265,-16.338550784323616,,3.5230789256478943,0,0,0,,,,,,,,,,,,0,19.57761885810456,0.165443340207067,23.884292138118496,-0.4659415535812147,21.488873666569887,-0.8739094435838534,24.679811165066276,-0.322341708967367,17.721017171203304,0.19298567611910084,31.90858820874287,-0.6214526464230217,32.12209316254156,-0.05402764644237064,31.31308926944268,-0.08591081086554547,28.441966567811168,-1.2528230839909231
1239,0.5,empty_shadow,APF,0,0,1238,0.45,1,1,195.60982900179238,-201.72031175862182,,,,,,,0,0,33.23201825269417,-0.08722421150835657,0.330690860748291,0.0,-0.0004931215080432594,-0.0006024615722708404,31.738590335809548,0.0064515699093011716,0,0,2.577084541124475,13.987081798925676,2.579123197266174,occluder,,,,,0.5,1229,ok,accepted,0,ok,0.4059969,0.0007329999934881926,0.3811042000015732,0.023396600008709356,0,0.0011822000000023536,0.012352099999997534,0,204.58564484370265,-15.65602738594714,,3.5296882413781816,0,0,0,,,,,,,,,,,,0,19.584384218635716,0.13530721134217183,23.853771749857994,-0.6104030292851668,21.438519639427803,-1.007080531040677,24.657020264229985,-0.455818013384988,17.7314484688166,0.20862595263713463,31.873061920252628,-0.7105257654976195,32.113098672674916,-0.1798864600045184,31.30254237548222,-0.21092949847721032,28.375266574528066,-1.3339998638086503
1240,0.55,empty_shadow,APF,0,0,1239,0.5,1,1,197.27074574696894,-201.71286343857903,,,,,,,0,0,33.213380545856744,-0.37275413674848323,0.2930651903152466,0.0,0.0008779445779509842,0.0010726116597652435,31.44724103527756,0.0064588123435622485,0,0,1.9985988056621138,13.909170607216515,2.003629173906367,occluder,,,,,0.55,1229,ok,accepted,1,ok,0.474582,0.0007028000254649669,0.46811019998858683,0.00541819998761639,1,0.0011855999999994538,0.011227099999999268,0,205.5650150392423,-14.97448083631022,,3.537136561420965,0,0,0,,,,,,,,,,,,0,19.589610346872078,0.10452256547017838,23.816350630799274,-0.7484170967705246,21.38196291384141,-1.131134499426817,24.62814873288111,-0.5774306245503525,17.74262935506437,0.22361772533846083,31.83527733443702,-0.7556917139499162,32.09778090626273,-0.30634109859538816,31.285742739714767,-0.3359692431698422,28.311683188237698,-1.2716677233174225
1241,0.6000000000000001,empty_shadow,APF,0,0,1240,0.55,1,1,198.93031949495443,-201.70475944871896,,,,,,,0,0,33.18353072834576,-0.5969963502197118,0.2589021623134613,0.0,0.0008779445779509842,0.0010726116597652435,31.44724103527756,0.006470437128494714,0,0,1.5102978743176636,13.838255652566795,1.5201853112046912,occluder,,,,,0.6000000000000001,1229,ok,accepted,0,ok,0.474582,0.0007028000254649669,0.46811019998858683,0.00541819998761639,0,0.0011855999999994538,0.011063899999999904,0,206.54462936498197,-14.294521414064405,,3.54524055128104,0,0,0,,,,,,,,,,,,0,19.593264817844865,0.07308942017796545,23.77232826118676,-0.8804418190203156,21.31970703139642,-1.245117637088895,24.593682944664923,-0.6893157630073533,17.754460646350044,0.23662582605035873,31.797090302100614,-0.7637406459654434,32.07623954158917,-0.4307967938517106,31.262795885859344,-0.45889367099204986,28.25533818967969,-1.1268999680723986
1242,0.6500000000000001,empty_shadow,APF,0,0,1241,0.6000000000000001,1,1,200.58812300488532,-201.69601519358065,,,,,,,0,0,33.14459476141899,-0.7787193385352964,0.22537629306316376,0.0,0.0013248928589746356,0.0016186620341613889,31.188354378859053,0.006485647671497475,0,0,1.2225818503126207,13.771608812039915,1.238562119363001,occluder,,,,,0.6500000000000001,1229,ok,accepted,0,ok,0.474582,0.0007028000254649669,0.46811019998858683,0.00541819998761639,1,0.001969100000000168,0.012178200000001027,0,207.5243046998474,-13.616393238998938,,3.5539848064193507,0,0,0,,,,,,,,,,,,0,19.595324744745557,0.04119853864822003,23.722049891290766,-1.0055618275493559,21.25228033149396,-1.3485339889793473,24.55404823855399,-0.7926941218815022,17.766784034360857,0.24646776059926664,31.759811172066733,-0.7455826007954376,32.048684966445244,-0.5510412978984945,31.233925658619803,-0.5773385728814631,28.22275494104802,-0.6516649690751269
1243,0.7000000000000001,empty_shadow,APF,0,0,1242,0.65,1,1,202.24369859119722,-201.6868597111484,,,,,,,0,0,33.09794396502446,-0.933015927890608,0.1912417858839035,0.0,0.0013248928589746356,0.0016186620341613889,31.188354378859053,0.006503942785482849,0,0,1.2045966643856332,13.707748018632138,1.2189329441399348,occluder,,,,,0.7000000000000001,1229,ok,accepted,0,ok,0.474582,0.0007028000254649669,0.46811019998858683,0.00541819998761639,0,0.001969100000000168,0.0078125,0,208.50416314017093,-12.94067609301058,,3.5631402888515993,0,0,0,,,,,,,,,,,,0,19.595771056661043,0.008926238851749091,23.66589890374501,-1.1230144142218152,21.18023975879845,-1.4408114470071567,24.509652786229406,-0.8879090471314289,17.779414504661595,0.2526094063592854,31.72412658998396,-0.713691641736254,32.01542296216093,-0.6651686685955731,31.19944554822296,-0.6895131513274709,28.192038986549615,-0.6143190861372935
1244,0.7500000000000001,empty_shadow,APF,0,0,1243,0.7000000000000001,1,1,203.8967716321407,-201.67739990663642,,,,,,,0,0,33.04440809289006,-1.0707174426880783,0.15576626360416412,0.0,0.001395143335685134,0.0017044891137629747,30.95830393736383,0.006525033581317931,0,0,1.2140274482863447,13.646083587122522,1.223239034756631,occluder,,,,,0.7500000000000001,1229,ok,accepted,0,ok,0.474582,0.0007028000254649669,0.46811019998858683,0.00541819998761639,1,0.0011930000000006658,0.012645299999999082,0,209.48380796266537,-12.26724787456152,,3.572600093363576,0,0,0,,,,,,,,,,,,0,19.59458468026408,-0.023727527414903502,23.60432352382638,-1.231502687442102,21.104147980549595,-1.5218355600756561,24.460878057211556,-0.9754945814748094,17.79214987992437,0.2547075056474623,31.69019105107077,-0.6787107773386367,31.976856572477796,-0.7712354842884627,31.159751026912435,-0.7937797676178902,28.249661888393373,1.1524580406619984
1245,0.8,empty_shadow,APF,0,0,1244,0.75,1,1,205.5469454564825,-201.66780376205475,,,,,,,0,0,32.98444776889213,-1.1992064799585478,0.11905495077371597,0.0,0.001395143335685134,0.0017044891137629747,30.95830393736383,0.006548777350656668,0,0,1.223579313468548,13.586647699863954,1.227962504008641,occluder,,,,,0.8,1229,ok,accepted,0,ok,0.474582,0.0007028000254649669,0.46811019998858683,0.00541819998761639,0,0.0011930000000006658,0.011950600000002254,0,210.46345277995445,-11.596718867508827,,3.5821962379452543,0,0,0,,,,,,,,,,,,0,19.59175417038432,-0.05661019703680366,23.537819655392976,-1.330073034100957,21.023789467269808,-1.6071702632568166,24.408120779869627,-1.0551455476873883,17.804808961648355,0.25318163488406714,31.65778330312108,-0.6481549560900579,31.933430760959247,-0.86840484668029,31.11529661568351,-0.8889588268364718,28.31168504469926,1.2404631293366455
1246,0.8500000000000001,empty_shadow,APF,0,0,1245,0.8,1,1,207.19394544247322,-201.65817818261763,,,,,,,0,0,32.918349438640995,-1.3219666050227374,0.08128294348716736,0.0,0.0011365372920408845,0.0013885422376915812,30.75391670021042,0.006575102204470479,0,0,1.233160675970879,13.52979187263106,1.2332089124416616,occluder,,,,,0.8500000000000001,1229,ok,accepted,0,ok,0.474582,0.0007028000254649669,0.46811019998858683,0.00541819998761639,1,0.0018970999999972094,0.011430000000000717,0,211.44291449178544,-10.929180593349088,,3.5918218173823675,0,0,0,,,,,,,,,,,,0,19.587275712946358,-0.0895691483461024,23.466932789259214,-1.4177336689808924,20.938580569730732,-1.704177950440869,24.351775775883656,-1.1269000793568666,17.81722199574628,0.24826068186350597,31.626519968408385,-0.6252666886794663,31.88563046507147,-0.9558786997200737,31.066578692949456,-0.9742144537848084,28.34241814586204,0.61466202593385
1247,0.9000000000000001,empty_shadow,APF,0,0,1246,0.8500000000000001,1,1,208.8375580139269,-201.64866057029403,,,,,,,0,0,32.84631527191448,-1.4406833345303482,0.04299367964267731,0.0,0.0011365372920408845,0.0013885422376915812,30.75391670021042,0.006603972268109167,0,0,1.2426341650566712,13.475999676921687,1.238937639861521,occluder,,,,,0.9000000000000001,1229,ok,accepted,1,ok,0.3626735,0.0008827999990899116,0.340705499984324,0.02048330000252463,0,0.0018970999999972094,0.012094700000002234,0,212.42210154542929,-10.264755075539256,,3.6013394297059733,0,0,0,,,,,,,,,,,,0,19.58115121524447,-0.12248995387447142,23.392238928695384,-1.4938742520269592,20.850211199833627,-1.7673873994383849,24.292245499120124,-1.1906055331779732,17.829265005474788,0.2408601950511831,31.596015762301413,-0.6100841133325089,31.833969134674167,-1.033087603781585,31.014110680132116,-1.0492065935144959,28.343059007161315,0.012817228077546256
1248,0.9500000000000001,empty_shadow,APF,0,0,1247,0.9,1,1,210.4773864787887,-201.63935787194134,,,,,,,0,0,32.76854230369008,-1.5554593644878878,0.006259862333536148,0.0,0.001150901080109179,0.001406090916134417,31.72082286947185,0.006635356329415582,0,0,1.2518928755116576,13.425806366916225,1.2450973283975195,occluder,,,,,0.55,1237,ok,accepted,0,ok,0.3626735,0.0008827999990899116,0.340705499984324,0.02048330000252463,1,0.0014292999999980793,0.012192800000001114,0,213.40089187058055,-9.603716935828714,,3.6106421280586574,0,0,0,,,,,,,,,,,,0,19.57338067732227,-0.15541075861585696,23.314314078691478,-1.5584947377192748,20.76019006983936,-1.8004226020842151,24.229924769986727,-1.246414578482116,17.84082544615438,0.2312088135883289,31.56604752504957,-0.5993647325088041,31.778962012139186,-1.0999963130701849,30.95841731030561,-1.113709384731174,28.318160470063503,-0.49797074036146216
1249,1.0,empty_shadow,APF,0,0,1248,0.9500000000000001,1,1,212.1130036586598,-201.63046859755667,,,,,,,0,0,32.68089090791373,-1.753027915527099,0.0,0.02839718386530876,0.001150901080109179,0.001406090916134417,31.72082286947185,0.006670995562627573,0,0,1.2607535769485025,13.385893505217528,1.251545642932087,occluder,,,,,0.6,1237,ok,accepted,0,ok,0.3626735,0.0008827999990899116,0.340705499984324,0.02048330000252463,0,0.0014292999999980793,0.012196400000000551,0,214.379224437292,-8.946432322669068,,3.6195314024433287,0,0,0,,,,,,,,,,,,0,19.56397363605035,-0.18814082598062645,23.23375713137253,-1.6111373162985525,20.66953761148852,-1.8130491688938257,24.165217946112193,-1.2941364709844974,17.851834656745265,0.2201842115536398,31.53659999714122,-0.5889505419723168,31.721126129397412,-1.1565692642969347,30.90001936551519,-1.167801806262049,28.274094986199085,-0.8813096759838094
1250,1.05,empty_shadow,APF,0,0,1249,1.0,1,1,213.74398229185516,-201.6219471165264,,,,,,,0,0,32.5835114337847,-1.947589482580554,0.0,0.05698269233107567,0.0007457598694600165,0.0009111175895668566,31.45312256023517,0.006710927986365474,0,0,1.2692313719936408,13.356871784059683,1.2590061307802796,occluder,,,,,0.65,1237,ok,accepted,0,ok,0.3626735,0.0008827999990899116,0.340705499984324,0.02048330000252463,1,0.0013265999999987343,0.017761000000000138,0,215.35712975272918,-8.293359004910883,,3.6280528834736003,0,0,0,,,,,,,,,,,,0,19.552939626941296,-0.2206801827796264,23.151166981838955,-1.6518019140269635,20.579028208389598,-1.8101880623497304,24.098508405677453,-1.3341908003653173,17.86223350749455,0.20797701318495293,31.507865820562664,-0.574683511736369,31.660978401551777,-1.2028086968120695,30.839427965814203,-1.2116768147626045,28.21721021424498,-1.1376954383990021
1251,1.1,empty_shadow,APF,0,0,1250,1.05,1,1,215.36980361601456,-201.61390041735098,,,,,,,0,0,32.47873404095972,-2.0955478564995644,0.0,0.07932582497596741,0.0007457598694600165,0.0009111175895668566,31.45312256023517,0.0067542958333627195,0,0,1.2772346038102569,13.336268643301151,1.2681293152763633,occluder,,,,,0.7000000000000001,1237,ok,accepted,0,ok,0.3626735,0.0008827999990899116,0.340705499984324,0.02048330000252463,0,0.0013265999999987343,0.014708000000002386,0,216.334394199063,-7.644802127085313,,3.636099582649024,0,0,0,,,,,,,,,,,,0,19.540311076670022,-0.25257100621714035,23.06711582399412,-1.6810225252666995,20.48931608112351,-1.794242543010935,24.030187155654104,-1.366424990871312,17.871978137787828,0.19489260507049147,31.480194039710042,-0.553435593888845,31.59902609823362,-1.2389071257065412,30.777156026378048,-1.245297815355703,28.152932561033488,-1.285553064018203
1252,1.1500000000000001,empty_shadow,APF,0,0,1251,1.1,1,1,216.9902845256799,-201.60632856249504,,,,,,,0,0,32.36840040353387,-2.2066727485170645,0.0,0.09740617871284485,0.00022168357099872082,0.0002708375686779618,31.21529264430379,0.00680041941077536,0,0,1.2847632307552885,13.322326664849337,1.2766403116878622,occluder,,,,,0.7500000000000001,1237,ok,accepted,0,ok,0.3626735,0.0008827999990899116,0.340705499984324,0.02048330000252463,1,0.0011749000000023102,0.009654699999998684,0,217.3109567411408,-7.000883759497782,,3.6436714375049633,0,0,0,,,,,,,,,,,,0,19.52611659556289,-0.283889622843103,22.982181576632662,-1.6986846415683654,20.400975341573567,-1.7668147849581164,23.96036482282151,-1.3964466465465364,17.881036123314257,0.1811597104975761,31.454009990947455,-0.5236809506880841,31.535738248209213,-1.2656287072122188,30.71369157638021,-1.2691617012716112,28.08555546948302,-1.3475418313150587
1253,1.2000000000000002,empty_shadow,APF,0,0,1252,1.1500000000000001,1,1,218.6051503678694,-201.59924690444382,,,,,,,0,0,32.25380531087296,-2.2919018532181212,0.0,0.11223757266998291,0.00022168357099872082,0.0002708375686779618,31.21529264430379,0.006848826396778091,0,0,1.291801910754259,13.314053688195015,1.284503946218679,occluder,,,,,0.8000000000000002,1237,ok,accepted,0,ok,0.3626735,0.0008827999990899116,0.340705499984324,0.02048330000252463,0,0.0011749000000023102,0.011417599999997918,0,218.28678686138625,-6.361848037553699,,3.6507530955561833,0,0,0,,,,,,,,,,,,0,19.510384793942208,-0.3146360326326498,22.89692499548689,-1.7051315311057242,20.31452860312547,-1.7289347583738397,23.889230234679044,-1.4226917526993539,17.889376946865884,0.16681647173817055,31.42972756763169,-0.4856484419258016,31.471610507492677,-1.282440124005526,30.649516854363856,-1.2833833290531467,28.018241323473834,-1.3462829207013693
1254,1.2500000000000002,empty_shadow,APF,0,0,1253,1.2000000000000002,1,1,220.2141875091379,-201.59262499849638,,,,,,,0,0,32.135900515071256,-2.358095916034131,0.0,0.12449337542057037,-0.00034658945514820516,-0.00042343890527263284,31.0073262473362,0.006899172908981179,0,0,1.298411647727562,13.310909754090309,1.2917198064566853,occluder,,,,,0.8500000000000002,1237,ok,accepted,0,ok,0.3626735,0.0008827999990899116,0.340705499984324,0.02048330000252463,1,0.001960500000002696,0.01219960000000242,0,219.26176249990468,-5.727786534803641,,3.657375001503624,0,0,0,,,,,,,,,,,,0,19.493138559376945,-0.34492469056622777,22.811876321274557,-1.7009735019797505,20.230464146113587,-1.681289124891961,23.81772943670713,-1.4300159499689895,17.896973907041676,0.15193920456553112,31.407669111016688,-0.4411691094237259,31.407098426028032,-1.2901425069161867,30.585091170038837,-1.288420168397635,27.953135891115856,-1.302108647444932
1255,1.3,empty_shadow,APF,0,0,1254,1.25,1,1,221.8171823108347,-201.5864171411636,,,,,,,0,0,32.015476716835636,-2.4084759647124088,0.0,0.13421766459941864,-0.00034658945514820516,-0.00042343890527263284,31.0073262473362,0.006951170287812599,0,0,1.3046687043838006,13.31260566714725,1.29835865034392,occluder,,,,,0.9,1237,ok,accepted,0,ok,0.3626735,0.0008827999990899116,0.340705499984324,0.02048330000252463,0,0.001960500000002696,0.010007599999998007,0,220.23576159680147,-5.098790830003622,,3.6635828588364063,0,0,0,,,,,,,,,,,,0,19.473628303274413,-0.39020511989444123,22.727565796919748,-1.68621052854003,20.14838333523598,-1.6416161968702547,23.746682589844227,-1.420936929337368,17.90380983630144,0.1367185863873606,31.388063502472896,-0.39211215064252386,31.34264989053897,-1.2888882422480956,30.520856649967293,-1.2846148686036492,27.8915285400803,-1.2321470199161035
1256,1.35,empty_shadow,APF,0,0,1255,1.3,1,1,223.41416525409852,-201.58051651051755,,,,,,,0,0,31.89324312854367,-2.444671765839317,0.0,0.14156150817871094,-0.0008739684708416462,-0.0010677538812160492,30.829242939521578,0.007004552564098036,0,0,1.3106188570874053,13.318875650862779,1.3044268485912707,occluder,,,,,0.9500000000000001,1237,ok,accepted,0,ok,0.3626735,0.0008827999990899116,0.340705499984324,0.02048330000252463,1,0.0014532000000002654,0.012713500000000266,0,221.20881464883144,-4.47486093876978,,3.6694834894824453,0,0,0,,,,,,,,,,,,0,19.4522412140669,-0.42774178083328546,22.644481705077308,-1.6616818347564843,20.067570914373892,-1.6162483913887724,23.67609732259346,-1.411705338278677,17.909873291182766,0.12126909862621461,31.370973683510027,-0.3417963628332086,31.278687989085114,-1.2791722576284414,30.457238265142436,-1.2723095368985644,27.834058233065115,-1.1494061371633544
1257,1.4000000000000001,empty_shadow,APF,0,0,1256,1.35,1,1,225.00501426341853,-201.5749078894131,,,,,,,0,0,31.76987485342409,-2.4673655023916297,0.0,0.14636710286140442,-0.0008739684708416462,-0.0010677538812160492,30.829242939521578,0.007059056318177485,0,0,1.3162926546471567,13.329531329875179,1.309962052546098,occluder,,,,,1.0,1237,ok,accepted,1,ok,0.4692121,0.0007907999970484525,0.44844730000477284,0.01962989999447018,0,0.0014532000000002654,0.011503199999999936,0,222.18070803816553,-3.8559053187838686,,3.6750921105868883,0,0,0,,,,,,,,,,,,0,19.429324429831375,-0.45833568017864873,22.56310470006511,-1.6275400088242913,19.98848464371197,-1.5817253847942254,23.60600224603291,-1.401901526144714,17.915150919130046,0.1055525597847307,31.35634624709617,-0.2925487164556129,31.215611022584415,-1.2614895107630508,30.394641941080735,-1.2518842713589273,27.78089472348239,-1.0632701848498443
1258,1.4500000000000002,empty_shadow,APF,0,0,1257,1.4000000000000001,1,1,226.58966814227497,-201.56911827623847,,,,,,,0,0,31.646164536498954,-2.4742063385026825,0.0,0.14787423610687256,-0.004113794770091772,-0.0050259483978152275,31.25406808964831,0.007114352471452052,0,0,1.3221325706876712,13.3441624824949,1.3148993005730314,occluder,,,,,0.6500000000000001,1245,ok,accepted,0,ok,0.4692121,0.0007907999970484525,0.44844730000477284,0.01962989999447018,1,0.0014578000000007307,0.014054399999999134,0,223.1514722719693,-3.2420156737312027,,3.68088172376153,0,0,0,,,,,,,,,,,,0,19.405104924677822,-0.4843900977903166,22.48387919689967,-1.5845098564126479,19.911732965844177,-1.5350335280488323,23.53669681400477,-1.3861086370612405,17.91964462933738,0.0898742045610127,31.344051493361665,-0.24589506709386943,31.153823051300634,-1.2357240072774027,30.33346029796344,-1.223604514515591,27.731925476664493,-0.9793849249997293
1259,1.5000000000000002,empty_shadow,APF,0,0,1258,1.4500000000000002,1,1,228.16818786335588,-201.56296454471396,,,,,,,0,0,31.522973321089825,-2.4638243081825806,0.0,0.1460563987493515,-0.004113794770091772,-0.0050259483978152275,31.25406808964831,0.007170064746274499,0,0,1.3283523115296987,13.36219763849233,1.3192884449971591,occluder,,,,,0.7000000000000002,1245,ok,accepted,0,ok,0.4692121,0.0007907999970484525,0.44844730000477284,0.01962989999447018,0,0.0014578000000007307,0.010122300000002582,0,224.12092425519546,-2.6329479358764445,,3.6870354552860363,0,0,0,,,,,,,,,,,,0,19.379744824916543,-0.5072019885263083,22.407238166603413,-1.5328202731764506,19.837834677780375,-1.477965733500029,23.468516719885073,-1.3636018802233192,17.92336395830113,0.07438657938444661,31.333894871739272,-0.20313242866912806,31.09368621770347,-1.2027135594987854,30.274044056687078,-1.1883077625222254,27.68688727716751,-0.9007639740125218
1260,1.55,empty_shadow,APF,0,0,1259,1.5,1,1,229.74063441496548,-201.55630934492444,,,,,,,0,0,31.401043426553027,-2.438597890735963,0.0,0.1413637101650238,-0.003968252334743738,-0.004848134703934193,31.03373950826936,0.007225853478912806,0,0,1.3350586886904239,13.38323792061726,1.3234823306998147,occluder,,,,,0.75,1245,ok,accepted,0,ok,0.4692121,0.0007907999970484525,0.44844730000477284,0.01962989999447018,1,0.0011934000000017875,0.01336780000000104,0,225.0891250125859,-2.028702141657277,,3.6936906550755566,0,0,0,,,,,,,,,,,,0,19.353385272726754,-0.5271910371645145,22.333585970242616,-1.47304346676142,19.767264709879978,-1.4113993324232765,23.401772862031052,-1.3348771561024468,17.92632607199879,0.059242273874510004,31.325672296195034,-0.16445150965942718,31.03554937455798,-1.162723542148591,30.216738290129772,-1.146106690722832,27.645482578914404,-0.8280939443429577
1261,1.6,empty_shadow,APF,0,0,1260,1.55,1,1,231.3070077086121,-201.54889327747094,,,,,,,0,0,31.281104327776106,-2.3987819755384265,0.0,0.1337824910879135,-0.003968252334743738,-0.004848134703934193,31.03373950826936,0.007281368991694466,0,0,1.3425416607883278,13.406841705642552,1.327945141882528,occluder,,,,,0.8,1245,ok,accepted,0,ok,0.4692121,0.0007907999970484525,0.44844730000477284,0.01962989999447018,0,0.0011934000000017875,0.012560799999999261,0,226.05595248424603,-1.4291563196707955,,3.7011067225290617,0,0,0,,,,,,,,,,,,0,19.326154061940855,-0.5446242082544587,22.263296448660714,-1.4057898634709254,19.700436956145268,-1.33655505292479,23.33677995171372,-1.2998582059141635,17.928551951054146,0.0445175809572745,31.319194939096903,-0.1295471420570264,30.979725194917417,-1.1164773712013005,30.161861432702377,-1.097534039710767,27.607417649134202,-0.7612985714045535
1262,1.6500000000000001,empty_shadow,APF,0,0,1261,1.6,1,1,232.8675213569195,-201.5406857519017,,,,,,,0,0,31.16381618041152,-2.345762947291732,0.0,0.12366723269224167,-0.003033222397789359,-0.003705780254676938,30.84345956847583,0.0073362784919237195,0,0,1.3507860314998368,13.432567479638037,1.3329433473184817,occluder,,,,,0.8500000000000001,1245,ok,accepted,0,ok,0.4692121,0.0007907999970484525,0.44844730000477284,0.01962989999447018,1,0.0013016000000014571,0.009946499999998082,0,227.02143717213602,-0.8341273592533867,,3.709314248098309,0,0,0,,,,,,,,,,,,0,19.29817326106761,-0.5596160113528272,22.19670148127291,-1.3318986907046535,19.637727162741005,-1.2541958519991045,23.27382981381415,-1.2590027579758725,17.930075926096585,0.03047950076731536,31.31432547105462,-0.09738936096741668,30.926513069223727,-1.0642406714931285,30.10970147738292,-1.0431987461066279,27.572473142537266,-0.6988901053346483
1263,1.7000000000000002,empty_shadow,APF,0,0,1262,1.6500000000000001,1,1,234.42223628572714,-201.53136631284343,,,,,,,0,0,31.049793533989448,-2.2804529284414343,0.0,0.11103041470050812,-0.003033222397789359,-0.003705780254676938,30.84345956847583,0.00739025678382612,0,0,1.3601733538155827,13.460030499660249,1.3390071222295201,occluder,,,,,0.9000000000000001,1245,ok,accepted,0,ok,0.4692121,0.0007907999970484525,0.44844730000477284,0.01962989999447018,0,0.0013016000000014571,0.011826499999997964,0,227.9853959916193,-0.2433712499290266,,3.7186336871565686,0,0,0,,,,,,,,,,,,0,19.26956303447114,-0.5722045260156478,22.13412913138264,-1.2514462790814205,19.579478653759637,-1.1649701681884397,23.213214272522556,-1.2123108259528455,17.930930423523986,0.017089948544268548,31.310928471099864,-0.06793999800701388,30.87618765539207,-1.0065082519608313,30.06051404805954,-0.9837484879420557,27.540515543334298,-0.6391519573790237
1264,1.7500000000000002,empty_shadow,APF,0,0,1263,1.7000000000000002,1,1,235.97136626382036,-201.52136213348967,,,,,,,0,0,30.939749293402024,-2.2008848117484803,0.0,0.09573672711849213,0.0030677756294608116,0.003747995011508465,30.9625042332038,0.00744291858595512,0,0,1.41254335011601,13.488624599882634,1.3920032892353595,occluder,,,,,0.4500000000000002,1255,ok,accepted,1,ok,0.3513814,0.0006613000005017966,0.32533810002496466,0.025029600015841424,1,0.0012261999999978457,0.017215700000001277,0,228.9480730728959,0.34308164688758325,,3.7286378665103257,0,0,0,,,,,,,,,,,,0,19.240449266060164,-0.5822753641486186,22.075857871460727,-1.1654244409904593,19.525996602581536,-1.0696410180499847,23.155213707327015,-1.1600113039408566,17.93115549727809,0.0045014751930221525,31.308914293788288,-0.04028354287207604,30.82898361272008,-0.9440803812924641,30.01453766723017,-0.91952569814313,27.51150288961429,-0.5802530488934621
1265,1.8,empty_shadow,APF,0,0,1264,1.75,1,1,237.5151249714929,-201.51084098763482,,,,,,,0,0,30.834268564508744,-2.1096145778655995,0.0,0.07797396183013916,0.0030677756294608116,0.003747995011508465,30.9625042332038,0.00749392663747306,0,0,1.6623976344616929,13.51774561909676,1.6474375868832194,occluder,,,,,0.5,1255,ok,accepted,0,ok,0.3513814,0.0006613000005017966,0.32533810002496466,0.025029600015841424,0,0.0012261999999978457,0.008658900000000358,0,229.9092242701497,0.9256891573063228,,3.739159012365178,0,0,0,,,,,,,,,,,,0,19.2109463958016,-0.5900574045366711,22.022137558923895,-1.0744054963305552,19.477548039789095,-0.9689712540435103,23.10008179661654,-1.1026382140107114,17.930795016150647,-0.007209622308902964,31.308202831411986,-0.014229241230316984,30.785116581090303,-0.8773378566807378,29.971976563679316,-0.8512167491133448,27.48544090211103,-0.521239727710573
1266,1.85,empty_shadow,APF,0,0,1265,1.8,1,1,239.0538176053298,-201.49986380632384,,,,,,,0,0,30.7338738030719,-2.0078952287368423,0.0,0.05818180739879608,0.004466966725885868,0.005457429215312004,30.77009220129242,0.007542963820336576,0,0,2.0497770901471233,13.546959721597233,2.0403241420728975,occluder,,,,,0.55,1255,ok,accepted,0,ok,0.3513814,0.0006613000005017966,0.32533810002496466,0.025029600015841424,1,0.0011903000000010877,0.012232499999999646,0,230.8688495937914,1.5047564675015508,,3.7501361936761555,0,0,0,,,,,,,,,,,,0,19.181178402034114,-0.5953598775263481,21.97318372204257,-0.9790760056073556,19.43437329017597,-0.8634949935007578,23.048079846272472,-1.0400390063743945,17.92989666363123,-0.017967050015679227,31.308712068485566,0.010184751141995836,30.744777437292655,-0.8067764180256422,29.933006386513387,-0.7793937749930324,27.462390615869303,-0.46100570614283604
1267,1.9000000000000001,empty_shadow,APF,0,0,1266,1.85,1,1,240.5876578820625,-201.48870517486841,,,,,,,0,0,30.639058861431167,-1.8962988328146935,0.0,0.03643972426652908,0.004466966725885868,0.005457429215312004,30.77009220129242,0.007589718836800546,0,0,2.5093524192850967,13.575808489597256,2.503987628087786,occluder,,,,,0.6000000000000001,1255,ok,accepted,0,ok,0.3513814,0.0006613000005017966,0.32533810002496466,0.025029600015841424,0,0.0011903000000010877,0.01171409999999895,0,231.82701006856294,2.0804362694626946,,3.7612948251315856,0,0,0,,,,,,,,,,,,0,19.151263539423272,-0.5982972587132407,21.929190907085136,-0.8798556098144745,19.396577256288815,-0.7559206809155874,22.99944627470583,-0.9726714304852381,17.9285043071458,-0.02784712926973346,31.310356174442926,0.03288213255611509,30.708115121945582,-0.7332353014002857,29.897772281966844,-0.7046673710332535,27.442420695401914,-0.3993983944398616
1268,1.9500000000000002,empty_shadow,APF,0,0,1267,1.9000000000000001,1,1,242.11698157831708,-201.47760911936078,,,,,,,0,0,30.55022097668881,-1.7767576948471486,0.0,0.013142764568328857,0.004884683061391115,0.005967766046524048,30.606640511719856,0.0076339220360296155,0,0,3.006494010917211,13.603917846570056,3.0038719064635373,occluder,,,,,0.6500000000000001,1255,ok,accepted,0,ok,0.3513814,0.0006613000005017966,0.32533810002496466,0.025029600015841424,1,0.0012806999999988022,0.01474529999999774,0,232.78367518729877,2.653094846981446,,3.7723908806392217,0,0,0,,,,,,,,,,,,0,19.12131243491065,-0.5990221001135282,21.890296434936662,-0.7778888271237167,19.364117978913328,-0.649185550148277,22.954415685018983,-0.9006117926504214,17.926667539373405,-0.03673535486603875,31.3130188020168,0.05325256838188243,30.675249977380208,-0.6572869788049143,29.866392697165566,-0.6275720302802575,27.425607433741625,-0.33626522243929174
1269,2.0,empty_shadow,APF,0,0,1268,1.9500000000000002,1,1,243.64197192968635,-201.46695704704067,,,,,,,0,0,30.465834644628842,-1.6877266411993475,0.011665694415569305,0.0,0.004884683061391115,0.005967766046524048,30.606640511719856,0.007676268854278571,0,0,3.5238789277397173,13.633891121095347,3.522967335669414,occluder,,,,,0.7,1255,ok,accepted,0,ok,0.3513814,0.0006613000005017966,0.32533810002496466,0.025029600015841424,0,0.0012806999999988022,0.01262050000000059,0,233.73884494479347,3.2229154408560134,,3.7830429529593346,0,0,0,,,,,,,,,,,,0,19.091443343204798,-0.5973818493349422,21.8566147434968,-0.6736332915899277,19.33686575857144,-0.5450444074310626,22.91319597872341,-0.8243941245338228,17.92443404376758,-0.04466991143988235,31.316574066284,0.07110530578453492,30.64628327389571,-0.5793133677736464,29.83894792338024,-0.5488713175515466,27.411998513954664,-0.2721783888494454
1270,2.05,empty_shadow,APF,0,0,1269,2.0,1,1,245.16284265810714,-201.4570388020079,,,,,,,0,0,30.383801928330005,-1.6406543259767403,0.03934105485677719,0.0,0.004491433035582304,0.005487320479005575,30.472995486724177,0.0077177732243078655,0,0,4.052644125680034,13.669159493016423,4.052673679219762,occluder,,,,,0.7499999999999998,1255,ok,accepted,0,ok,0.3513814,0.0006613000005017966,0.32533810002496466,0.025029600015841424,1,0.0012052999999987435,0.01237769999999827,0,234.6925193254309,3.790111788639365,,3.792961197992099,0,0,0,,,,,,,,,,,,0,19.061766889982405,-0.593529084226419,21.828162994262517,-0.5690345330937454,19.314641304013897,-0.444489088313781,22.875989334555015,-0.7441328817816314,17.921855318587802,-0.05157450285048168,31.320877009643564,0.08605889060080439,30.62127240030279,-0.500192495038444,29.81549915535342,-0.4689474918959926,27.401630176237063,-0.20736675028765789
1271,2.1,empty_shadow,APF,0,0,1270,2.0500000000000003,1,1,246.6796854360324,-201.44820530515818,,,,,,,0,0,30.30453172630741,-1.5854040404519054,0.07174596935510635,0.0,0.004491433035582304,0.005487320479005575,30.472995486724177,0.007758200516630659,0,0,4.587850817806279,13.709006065847737,4.588259430933046,occluder,,,,,0.8,1255,ok,accepted,0,ok,0.3513814,0.0006613000005017966,0.32533810002496466,0.025029600015841424,0,0.0012052999999987435,0.012799499999999853,0,235.64469832400567,4.354775567989861,,3.801794694841817,0,0,0,,,,,,,,,,,,0,19.03239370496879,-0.5874637200278034,21.804811485045967,-0.4670298149225576,19.29726723340182,-0.34748140500346164,22.842975042473437,-0.6602858400531288,17.918977140054363,-0.05756356986715639,31.32575024908934,0.09746481489269913,30.600253744294964,-0.4203446940173569,29.79605606542399,-0.3888312669577601,27.394500512698077,-0.14259326896494381
1272,2.15,empty_shadow,APF,0,0,1271,2.1,1,1,248.1926834261796,-201.4406243406968,,,,,,,0,0,30.228874390773807,-1.5131467106720464,0.10682003200054169,0.0,0.0034906615037471056,0.0042646476067602634,30.36939011401114,0.00779708225235883,0,0,5.1267265352091265,13.751845205055172,5.127110951260255,occluder,,,,,0.8499999999999999,1255,ok,accepted,0,ok,0.3513814,0.0006613000005017966,0.32533810002496466,0.025029600015841424,1,0.0011630999999994174,0.010227799999999121,0,236.59544299649204,4.917028885650694,,3.809375659303214,0,0,0,,,,,,,,,,,,0,19.003430601681792,-0.5792620823069516,21.786361841218284,-0.3689925994490117,19.284558534408124,-0.25417396754653476,22.814315227648866,-0.57319629485778,17.915847185998857,-0.06259908067867864,31.33104692166449,0.10593347759242021,30.58322933722452,-0.3404573286555753,29.78062257299875,-0.30863785593095217,27.390567562436335,-0.07865900467089647
1273,2.1999999999999997,empty_shadow,APF,0,0,1272,2.15,1,1,249.70201981729295,-201.43453998676983,,,,,,,0,0,30.157408436113073,-1.429319093214687,0.14102628827095032,0.0,0.0034906615037471056,0.0042646476067602634,30.36939011401114,0.007834079025683532,0,0,5.667616843110194,13.796409932621353,5.667695238850384,occluder,,,,,0.8999999999999997,1255,ok,accepted,0,ok,0.3513814,0.0006613000005017966,0.32533810002496466,0.025029600015841424,0,0.0011630999999994174,0.013907899999999529,0,237.54475334288998,5.4770549303661085,,3.8154600132301653,0,0,0,,,,,,,,,,,,0,18.974974854259848,-0.5691149625241795,21.772585181679656,-0.27553298942204746,19.276354992939304,-0.1640708127853653,22.790095720570527,-0.4843901399734184,17.91251122922973,-0.06671913566831962,31.336612532411696,0.11131224023589958,30.570172568535206,-0.2611033472067813,29.769156784471406,-0.22928353172742824,27.389762660527744,-0.01609803824670598
1274,2.25,empty_shadow,APF,0,0,1273,2.2,1,1,251.2079082688447,-201.43005898201906,,,,,,,0,0,30.09049327132226,-1.3383032958162744,0.17389921844005585,0.0,0.0021100661251693964,0.002577932085841894,30.29583735283432,0.007868959141915668,0,0,6.2095780736135024,13.841764915611568,6.209177153618938,occluder,,,,,0.95,1255,ok,accepted,0,ok,0.3513814,0.0006613000005017966,0.32533810002496466,0.025029600015841424,1,0.0011815000000012787,0.015548600000002466,0,238.49262937361027,6.0350673511975685,,3.8199410179809377,0,0,0,,,,,,,,,,,,0,18.947131366526808,-0.5568697666970328,21.763250714269432,-0.18668921374528288,19.272505931996797,-0.07698120013474755,22.770312705786406,-0.39566029432142535,17.90901695486253,-0.0698854885247154,31.342313567463087,0.11402072426719567,30.561024370978117,-0.18293191083077331,29.761591977045615,-0.15126481268840802,27.391965644858207,0.04405968655944385
1275,2.3,empty_shadow,APF,0,0,1274,2.25,1,1,252.71059295267793,-201.42727279588738,,,,,,,0,0,30.028243920883007,-1.2449870087850456,0.2052302360534668,0.0,0.0021100661251693964,0.002577932085841894,30.29583735283432,0.007901616726032372,0,0,6.7519361281038535,13.887350042351114,6.750959360203474,occluder,,,,,0.9999999999999998,1255,ok,accepted,0,ok,0.3513814,0.0006613000005017966,0.32533810002496466,0.025029600015841424,0,0.0011815000000012787,0.009021000000000612,0,239.43919313813677,6.59118827050429,,3.822727204112624,0,0,0,,,,,,,,,,,,0,18.919991689560415,-0.5427935511513845,21.75816388841622,-0.10173643623852852,19.272893094812027,0.007743276773340498,22.75489561197469,-0.3083418749994771,17.905410146435205,-0.07213616953757258,31.34801460572056,0.11402078511624833,30.5556894036171,-0.10666839536340979,29.757832787322926,-0.07515438202985074,27.39703918660563,0.10147083533126403
1276,2.35,empty_shadow,APF,0,0,1275,2.3000000000000003,1,1,254.2103179833765,-201.4261050511476,,,,,,,0,0,29.97072602676116,-1.1503578824369498,0.23504769802093506,0.0,0.0005795939359813929,0.0007081075455062091,30.23855439824252,0.007931973108987177,0,0,7.294488318387636,13.93275297562129,7.292918453173048,occluder,,,,,1.05,1255,ok,accepted,0,ok,0.3513814,0.0006613000005017966,0.32533810002496466,0.025029600015841424,1,0.0011904999999998722,0.012442199999998849,0,240.38438361172757,7.145722827612076,,3.8238949488523986,0,0,0,,,,,,,,,,,,0,18.893645470434546,-0.5269243924052496,21.757128249057,-0.02071274420602482,19.277388689349195,0.08991191140158321,22.743758607667207,-0.22274008520338584,17.901728951540182,-0.07362389830543699,31.3535992995015,0.1116938894116835,30.55407420382052,-0.03227508053638427,29.757764751360074,-0.0013340675865717345,27.404821160984365,0.15563948871298247
1277,2.4,empty_shadow,APF,0,0,1276,2.35,1,1,255.70735800871677,-201.42652513652644,,,,,,,0,0,29.917874014777226,-1.0570402396786704,0.2634033262729645,0.0,0.0005795939359813929,0.0007081075455062091,30.23855439824252,0.007960021448005486,0,0,7.83704246166673,13.977737313026392,7.834910630410463,occluder,,,,,1.0999999999999999,1255,ok,accepted,0,ok,0.3513814,0.0006613000005017966,0.32533810002496466,0.025029600015841424,0,0.0011904999999998722,0.010046299999999064,0,241.3282923471117,7.698854117568203,,3.823474863473564,0,0,0,,,,,,,,,,,,0,18.868178539802937,-0.5093386207835061,21.7599893009082,0.057221054345996,19.285901162442613,0.170249481778457,22.736787253185497,-0.13942708874745732,17.898009610810526,-0.0743868143529077,31.358972281330406,0.10745964834077908,30.556041417437992,0.039370365339247156,29.761244772430807,0.06962377374135298,27.41512083289889,0.20599344047972115
1278,2.45,empty_shadow,APF,0,0,1277,2.4000000000000004,1,1,257.2018960768976,-201.42836514288928,,,,,,,0,0,29.86962715144726,-0.9649372665992928,0.2904396057128906,0.0,-0.0008810112485662103,-0.0010763582540675998,30.192599434900355,0.007985755945159493,0,0,8.379470001068603,14.022210580099049,8.376863530658266,occluder,,,,,1.1500000000000001,1255,ok,accepted,0,ok,0.3513814,0.0006613000005017966,0.32533810002496466,0.025029600015841424,1,0.0011890000000001066,0.010895500000000169,0,242.27098037944188,8.250704153418837,,3.8216348571107233,0,0,0,,,,,,,,,,,,0,18.84367100635304,-0.49015067558341296,21.766615437865262,0.13252274194053723,19.298310353284652,0.248183833265119,22.733870920859733,-0.05832664592442776,17.894288363826696,-0.07442493898504483,31.364059166054624,0.10173770167380557,30.561423152660158,0.10765745467951707,29.76810685383908,0.13726131606358824,27.427732210117156,0.252227547482102
1279,2.5,empty_shadow,APF,0,0,1278,2.45,1,1,258.6941152413231,-201.43147241988973,,,,,,,0,0,29.825865092619104,-0.8752411765631507,0.31630921363830566,0.0,-0.0008810112485662103,-0.0010763582540675998,30.192599434900355,0.00800920636772823,0,0,8.921737611060282,14.066093958862034,8.91877082725211,occluder,,,,,1.2,1255,ok,accepted,0,ok,0.3513814,0.0006613000005017966,0.32533810002496466,0.025029600015841424,0,0.0011890000000001066,0.011620499999999367,0,243.21247823670518,8.801425460581072,,3.8185275801102705,0,0,0,,,,,,,,,,,,0,18.820199164112214,-0.46943685001043006,21.776865518565526,0.2050016114495,19.31446748869557,0.32314272064196037,22.734904706586086,0.020675714885113106,17.890599543177515,-0.0737764121213684,31.36878938130897,0.09460430920835389,30.570059135023538,0.17273872315998,29.778177360713627,0.20142605896318752,27.442445483935916,0.29426548057847
1280,2.55,empty_shadow,APF,0,0,1279,2.5,1,1,260.18422901571466,-201.43552646010065,,,,,,,0,0,29.786494561946792,-0.7874106134462266,0.34114599227905273,0.0,-0.0020901362877339125,-0.0025535831227898598,30.155895405828556,0.00803039191205735,0,0,9.46389770701194,14.109300770656185,9.460718789366227,occluder,,,,,1.2499999999999998,1255,ok,accepted,0,ok,0.3513814,0.0006613000005017966,0.32533810002496466,0.025029600015841424,1,0.001201300000001737,0.01330510000000018,0,244.15281641565645,9.351201056021353,,3.8144735398993532,0,0,0,,,,,,,,,,,,0,18.797829769633267,-0.4473878939737709,21.790598402508333,0.27465767739531105,19.334204722057997,0.3947446755224423,22.739795151585167,0.09780890029572628,17.8869774815421,-0.07244123240325771,31.373101892678648,0.08625022853160647,30.581745213849565,0.2337369242763053,29.79125404545127,0.26154594269441434,27.459024143930346,0.33157320495678255
1281,2.6,empty_shadow,APF,0,0,1280,2.5500000000000003,1,1,261.6726035797561,-201.4404355858637,,,,,,,0,0,29.751398259065407,-0.701926057627702,0.3650722801685333,0.0,-0.0020901362877339125,-0.0025535831227898598,30.155895405828556,0.008049348408331351,0,0,10.00610250544524,14.15169847689349,10.002868840504807,occluder,,,,,1.3,1255,ok,accepted,0,ok,0.3513814,0.0006613000005017966,0.32533810002496466,0.025029600015841424,0,0.001201300000001737,0.012214499999998907,0,245.0920864794355,9.900305556283769,,3.809564414136304,0,0,0,,,,,,,,,,,,0,18.776625765646212,-0.4240800833805166,21.80765387396569,0.3411094326969722,19.357308429543654,0.46207415466358903,22.748443072317087,0.17295841477445315,17.883446972220536,-0.07061018562537207,31.376937571487087,0.07671357609030116,30.596271514920442,0.29053776461142894,29.80711558975191,0.3172397929955497,27.477237401077552,0.36426514877773813
1282,2.65,empty_shadow,APF,0,0,1281,2.6,1,1,263.1592694874615,-201.44630659828528,,,,,,,0,0,29.72041891192485,-0.6195869428111678,0.38819533586502075,0.0,0.0022283014841377735,0.0027223839424550533,32.449989,0.008066137048634518,0,0,10.548166447588468,14.193224427684584,10.544835856936261,occluder,,,,,1.3499999999999999,1255,ok,stale_plan,0,ok,0.3513814,0.0006613000005017966,0.32533810002496466,0.025029600015841424,1,0.0011721999999991795,0.01015340000000009,0,246.03037998077133,10.448677962653278,,3.8036934017147246,0,0,0,,,,,,,,,,,,0,18.756652002912368,-0.39947525732997285,21.827839294113357,0.4037084134853027,19.38354019265946,0.5246352644326491,22.76073021454917,0.24574284475289984,17.880040444354407,-0.06813055708470928,31.38024301208608,0.06610881182810908,30.613412908354825,0.3428363266155121,29.82553114579255,0.36831710813936125,27.496846837021632,0.39218872531216775
1283,2.7,empty_shadow,APF,0,0,1282,2.6500000000000004,1,1,264.64453191979965,-201.4531546520458,,,,,,,0,0,29.69352568956156,-0.5378644472657612,0.4106425940990448,0.0,0.0022283014841377735,0.0027223839424550533,32.449989,0.008080753919272335,0,0,11.090334021302024,14.233537383283878,11.086762218382232,occluder,,,,,1.4000000000000001,1255,ok,stale_plan,0,ok,0.3513814,0.0006613000005017966,0.32533810002496466,0.025029600015841424,0,0.0011721999999991795,0.013472100000001319,0,246.96766640208767,10.996653973675109,,3.7968453479541893,0,0,0,,,,,,,,,,,,0,18.737893222644416,-0.37517560721264115,21.850941041164774,0.4620349594024084,19.41261581719644,0.5815124905234863,22.776530691906547,0.3160095471638148,17.87677315471211,-0.0653457927695788,31.3829724378993,0.05458851714866596,30.632929012634456,0.3903277042385012,29.846264153678195,0.4146637714386614,27.51761594069353,0.4153820802917548
1284,2.75,empty_shadow,APF,0,0,1283,2.7,1,1,266.128634944506,-201.46076604082464,,,,,,,0,0,29.670634587276485,-0.4578220457015192,0.4324249029159546,0.0,0.00203685718588531,0.002488490426912904,32.449989,0.008093226901301749,0,0,11.632715958475377,14.2722956400701,11.628793179617544,occluder,,,,,1.45,1255,ok,stale_plan,0,ok,0.3513814,0.0006613000005017966,0.32533810002496466,0.025029600015841424,1,0.0011660000000013326,0.012888300000000186,0,247.90403730131897,11.544386099150188,,3.7892339591753625,0,0,0,,,,,,,,,,,,0,18.719826811302756,-0.36132822804904763,21.87673214365486,0.5158220754170469,19.44423012706148,0.6322861959394006,22.795686195233856,0.3831100665410503,17.873666084566363,-0.062141402976512466,31.38508388696303,0.04222898409538489,30.65457564127877,0.43293591327091724,29.86905517663296,0.4558223039283462,27.539308201032092,0.4338452138592828
1285,2.8,empty_shadow,APF,0,0,1284,2.75,1,1,267.6116396019386,-201.46915600258836,,,,,,,0,0,29.651658001656813,-0.37953171239344385,0.4535784125328064,0.0,0.00203685718588531,0.002488490426912904,32.449989,0.008103588833628526,0,0,12.175277078010529,14.309133652312235,12.170919454984713,occluder,,,,,1.4999999999999998,1255,ok,stale_plan,0,ok,0.3513814,0.0006613000005017966,0.32533810002496466,0.025029600015841424,0,0.0011660000000013326,0.01203970000000254,0,248.8395231856307,12.091904872271016,,3.780843997411637,0,0,0,,,,,,,,,,,,0,18.702666390487067,-0.34320841743757574,21.90495701844669,0.5644975278516013,19.478056965366807,0.6765367646833784,22.8180136196741,0.44654848880476944,17.87073258544266,-0.058669982734175556,31.386554470728164,0.029411680692774358,30.67809145321379,0.47031789210735503,29.89364669866566,0.49183112511021354,27.561690921698748,0.4476544204639294
1286,2.85,empty_shadow,APF,0,0,1285,2.8000000000000003,1,1,269.09379000147595,-201.47823290132172,,,,,,,0,0,29.636541631717478,-0.30232739878670145,0.47413358092308044,0.0,0.0016247461317107081,0.0019850018434226513,32.449989,0.008111857188025347,0,0,12.71819260953484,14.343572693195513,12.713351500567873,occluder,,,,,1.55,1255,ok,stale_plan,0,ok,0.3513814,0.0006613000005017966,0.32533810002496466,0.025029600015841424,1,0.0020206999999992092,0.012454200000000526,0,249.77415457780467,12.639423879634421,,3.771767098678282,0,0,0,,,,,,,,,,,,0,18.686598882107916,-0.32135016822161006,21.935346730771613,0.607794283761847,19.513751101713353,0.7138827263895893,22.843303155558356,0.5057907176830166,17.867982192681342,-0.055007855681302925,31.38736893001135,0.0162891939809376,30.70321511926586,0.5024738881386022,29.91978312227529,0.5227285656877115,27.58453712829093,0.4569241388870575
1287,2.9,empty_shadow,APF,0,0,1286,2.85,1,1,270.5752692850138,-201.48810348607725,,,,,,,0,0,29.625198284161186,-0.2268669511258281,0.49409860372543335,0.0,0.0016247461317107081,0.0019850018434226513,32.449989,0.008118070087516171,0,0,13.261500242658512,14.375166881520244,13.256147700177662,occluder,,,,,1.5999999999999999,1255,ok,stale_plan,0,ok,0.3513814,0.0006613000005017966,0.32533810002496466,0.025029600015841424,0,0.0020206999999992092,0.010518999999998613,0,250.70802303056985,13.18703471040709,,3.76189651392275,0,0,0,,,,,,,,,,,,0,18.671727282910723,-0.29743198418643907,21.96762090076299,0.6454834416377636,19.550952046113697,0.7440188890643954,22.871318293084784,0.5603027505375118,17.865430166711263,-0.05104051942802541,31.3875139130142,0.002899671434483152,30.729681507551895,0.5293278213934164,29.94718978771381,0.548133328158895,27.607635105220872,0.46195954543794454
1288,2.95,empty_shadow,APF,0,0,1287,2.9000000000000004,1,1,272.0563826126995,-201.4987218763827,,,,,,,0,0,29.61758099226304,-0.1523458379629261,0.5134950280189514,0.0,0.0011091679334640503,0.0013551042648032308,32.449989,0.008122246184288761,0,0,13.805416891828797,14.403376338849712,13.799554496884177,occluder,,,,,1.6500000000000001,1255,ok,stale_plan,0,ok,0.3513814,0.0006613000005017966,0.32533810002496466,0.025029600015841424,1,0.0012007999999994468,0.012623900000001242,0,251.64118958948984,13.734981479172802,,3.751278123617311,0,0,0,,,,,,,,,,,,0,18.65809927654663,-0.2725601271968431,22.001495335256344,0.6774887348891288,19.589299311088155,0.7669453028049729,22.90179009539071,0.6094360461457448,17.863078412508337,-0.04703508445594199,31.38698560461712,-0.010566153601376136,30.75722549598855,0.5508798161158586,29.975605396441107,0.5683125495772997,27.63077504415711,0.46279878530164614
1289,3.0,empty_shadow,APF,0,0,1288,2.95,1,1,273.53716050731487,-201.5101033206154,,,,,,,0,0,29.61361103005509,-0.07939924415900634,0.5323588252067566,0.0,0.0011091679334640503,0.0013551042648032308,32.449989,0.008124423949973827,0,0,14.349814930326245,14.427709026873185,14.343457824528294,occluder,,,,,1.7,1255,ok,stale_plan,0,ok,0.3513814,0.0006613000005017966,0.32533810002496466,0.025029600015841424,0,0.0012007999999994468,0.009126899999998273,0,252.5737763040484,14.283172659229592,,3.7398966793846,0,0,0,,,,,,,,,,,,0,18.645747285656835,-0.24703981788723428,22.036680117666798,0.7036956959567632,19.628432406447182,0.7826619129299076,22.93444008963777,0.6529998849884282,17.860938376412133,-0.04280072161736961,31.38578782002773,-0.02395567418171732,30.78558387966746,0.567168131426127,30.004764842202363,0.5831899682665345,27.65375095149819,0.4595181530855518
1290,3.05,empty_shadow,APF,0,0,1289,3.0,1,1,275.0179081394179,-201.52223245587945,,,,,,,0,0,29.613241299531506,-0.00739461047167822,0.5506758093833923,0.0,0.000565813563298434,0.0006912716780789196,32.449989,0.008124626814230162,0,0,14.895039247850034,14.447576484981267,14.88822492107616,occluder,,,,,1.7499999999999998,1255,ok,stale_plan,0,ok,0.3513814,0.0006613000005017966,0.32533810002496466,0.025029600015841424,1,0.0015694999999986692,0.014836999999999989,0,253.50572214950364,14.831974445877393,,3.727767544120553,0,0,0,,,,,,,,,,,,0,18.63468084949406,-0.22132872299646913,22.072879609548455,0.7239898875791324,19.667994657733203,0.7912450340545321,22.968963100713047,0.6904602215503564,17.859010055832588,-0.0385664119450415,31.383930094792014,-0.03715448456629933,30.81449155240646,0.578154640917993,30.034414467328585,0.5929944442521166,27.676377814412646,0.45253726423739865
1291,3.1,empty_shadow,APF,0,0,1290,3.0500000000000003,1,1,276.498656026585,-201.53510927176407,,,,,,,0,0,29.616378017279896,0.06273435496780166,0.5684632062911987,0.0,0.000565813563298434,0.0006912716780789196,32.449989,0.008122905996749053,0,0,15.44100838707388,14.462524997216846,15.433781324593003,occluder,,,,,1.8,1255,ok,stale_plan,0,ok,0.3513814,0.0006613000005017966,0.32533810002496466,0.025029600015841424,0,0.0015694999999986692,0.008849899999997746,0,254.43711867858457,15.381325803963591,,3.714890728235929,0,0,0,,,,,,,,,,,,0,18.624899967861964,-0.19561763208498664,22.10980580300903,0.738523920032181,19.707640835391746,0.7929235643888173,23.00505013745301,0.7217407348624028,17.85729345174741,-0.03433208111046913,31.38143340953736,-0.0499336826222674,30.84369867158068,0.5841445041721233,30.064296800913475,0.5976496164920784,27.698474434771022,0.44193241280752377
1292,3.15,empty_shadow,APF,0,0,1291,3.1,1,1,277.9796787853602,-201.54861160426685,,,,,,,0,0,29.622928974983047,0.13101915406302567,0.5857629776000977,0.0,4.296828046790324e-05,5.249565947451629e-05,32.449989,0.008119313874517135,0,0,15.987807222544575,14.472052388037266,15.980227750702108,occluder,,,,,1.8499999999999999,1255,ok,stale_plan,0,ok,0.3513814,0.0006613000005017966,0.32533810002496466,0.025029600015841424,1,0.0011599999999987176,0.010630199999997814,0,255.3681490019547,15.931318239368636,,3.7013883957331473,0,0,0,,,,,,,,,,,,0,18.61639891781418,-0.1700210002977434,22.14717069142754,0.7472978173870622,19.747040967732488,0.7880026607752525,23.04237313658861,0.7464599827611413,17.855792377543317,-0.030021484215170837,31.37833400364486,-0.06198809337418308,30.872955395643505,0.5851376358873394,30.09416963131808,0.5974605448629003,27.71987868841098,0.4280850779628403
1293,3.2,empty_shadow,APF,0,0,1292,3.1500000000000004,1,1,279.4611595212015,-201.5627393909231,,,,,,,0,0,29.632796566168217,0.1973518237034,0.6026093363761902,0.0,4.296828046790324e-05,5.249565947451629e-05,32.449989,0.008113907620442666,0,0,16.535687804042784,14.475710827002287,16.527817977579446,occluder,,,,,1.9000000000000001,1255,ok,stale_plan,0,ok,0.3513814,0.0006613000005017966,0.32533810002496466,0.025029600015841424,0,0.0011599999999987176,0.010439400000002763,0,256.29872154606346,16.482226431101196,,3.687260609076901,0,0,0,,,,,,,,,,,,0,18.60917388463604,-0.14450066280880053,22.184701525308036,0.7506167224795287,19.78588034027623,0.7767874666246555,23.080607848187494,0.7646942320373717,17.854497299065923,-0.025901568680706165,31.374649040864725,-0.0736992310652915,30.902030956881195,0.5815153986675856,30.1238002806897,0.5926178374816502,27.74044752360218,0.4113767087372165
1294,3.25,empty_shadow,APF,0,0,1293,3.2,1,1,280.943189745195,-201.57737053019514,,,,,,,0,0,29.645920816856094,0.26248501375754074,0.6190444827079773,0.0,-0.0004291593795642257,-0.0005243170890025795,32.449989,0.008106725470800165,0,0,17.08453096441534,14.473005672108881,17.076443046722098,occluder,,,,,1.95,1255,ok,stale_plan,0,ok,0.3513814,0.0006613000005017966,0.32533810002496466,0.025029600015841424,1,0.0011828999999998757,0.012421700000000868,0,257.2290499651775,17.033928235980625,,3.6726294698048605,0,0,0,,,,,,,,,,,,0,18.603211519107077,-0.1192473093592464,22.222119832000843,0.7483661726206715,19.82386712612774,0.7597357331265999,23.119426208377185,0.7763672038551691,17.853398676491555,-0.021972451561487635,31.370414759634393,-0.08468560135447264,30.93069267726222,0.5732395191226267,30.152973233541037,0.5834646537641753,27.760041703926767,0.391883611141111
1295,3.3,empty_shadow,APF,0,0,1294,3.25,1,1,282.4259830647589,-201.59245917284295,,,,,,,0,0,29.662223089556623,0.3260454540105684,0.6350439786911011,0.0,-0.0004291593795642257,-0.0005243170890025795,32.449989,0.00809781744303027,0,0,17.634625688705416,14.463508441588074,17.62639004563028,occluder,,,,,1.9999999999999998,1255,ok,stale_plan,0,ok,0.3513814,0.0006613000005017966,0.32533810002496466,0.025029600015841424,0,0.0011828999999998757,0.01018460000000232,0,258.15904268574644,17.586728834975588,,3.6575408271570495,0,0,0,,,,,,,,,,,,0,18.598492745097605,-0.09437547906042242,22.259173840518542,0.7410802022502803,19.86073238755536,0.7373052437556087,23.158513505244663,0.7817459373875065,17.852492696508747,-0.018119598775678106,31.365663584754746,-0.09502347635998241,30.958730763265336,0.5607675993212063,30.18146915445089,0.5699245548523318,27.77854297374935,0.37002540085614477
1296,3.35,empty_shadow,APF,0,0,1295,3.3000000000000003,1,1,283.9096615085555,-201.60788320691807,,,,,,,0,0,29.681647747746045,0.38849316378843923,0.6506598591804504,0.0,-0.0008336440077982843,-0.0010184883140027523,32.449989,0.008087222410956005,0,0,18.185938984771557,14.446790454620274,18.177631482563122,occluder,,,,,2.05,1255,ok,stale_plan,0,ok,0.3513814,0.0006613000005017966,0.32533810002496466,0.025029600015841424,1,0.0012164999999981774,0.011812899999998905,0,259.0888523008572,18.140597663661424,,3.642116793081925,0,0,0,,,,,,,,,,,,0,18.59499658182492,-0.06992326438130801,22.29562131799158,0.728949573769478,19.896226261896725,0.7098775005589528,23.19754930415087,0.7807159781432947,17.851771717853897,-0.014419573133648788,31.36044129177478,-0.10444584150335327,30.985941138275678,0.5442139366518297,30.209097312607785,0.5525696058084801,27.795852151385915,0.34618355676233153
1297,3.4,empty_shadow,APF,0,0,1296,3.35,1,1,285.3943776228233,-201.62352051006118,,,,,,,0,0,29.704136824071583,0.44978152651076186,0.6658791899681091,0.0,-0.0008336440077982843,-0.0010184883140027523,32.449989,0.00807498186645254,0,0,18.738558410969688,14.422455914007788,18.730250850159404,occluder,,,,,2.0999999999999996,1255,ok,stale_plan,0,ok,0.3513814,0.0006613000005017966,0.32533810002496466,0.025029600015841424,0,0.0012164999999981774,0.009342199999998968,0,260.0185398456626,18.695626233123846,,3.6264794899388164,0,0,0,,,,,,,,,,,,0,18.592700141906235,-0.0459287972531262,22.331225753768216,0.7120887324999122,19.93012940376654,0.6780628488587664,23.236237966041628,0.7737732378180788,17.85122239314786,-0.010986494776212512,31.354789841138984,-0.11302899877443662,31.012142608188643,0.524036150755217,30.235676507859885,0.5315904056710216,27.81188340557974,0.3206250877414031
1298,3.45,empty_shadow,APF,0,0,1297,3.4000000000000004,1,1,286.8803144765829,-201.6392642082904,,,,,,,0,0,29.729633184361653,0.5099272058014037,0.6807029247283936,0.0,-0.0011621033772826195,-0.0014197771670296788,32.449989,0.008061138073652004,0,0,19.292631505848842,14.390153826261281,19.284397394960575,occluder,,,,,2.1500000000000004,1255,ok,stale_plan,0,ok,0.3513814,0.0006613000005017966,0.32533810002496466,0.025029600015841424,1,0.0012073000000007994,0.012828800000001195,0,260.9481358377389,19.251967094807128,,3.610735791709601,0,0,0,,,,,,,,,,,,0,18.591584351724464,-0.022315802540327705,22.365775431605737,0.6909935676623656,19.962243448482372,0.6422809028469912,23.274297202691976,0.7611847330130753,17.850835187919664,-0.007744105908386372,31.34875119428843,-0.12077292718868367,31.037161602299953,0.5003866978539234,30.261042700757788,0.5073301839521739,27.826566165851148,0.29365520867107686
1299,3.5,empty_shadow,APF,0,0,1298,3.45,1,1,288.36768566163624,-201.65502267600127,,,,,,,0,0,29.75808767089669,0.5690897307007248,0.6951372027397156,0.0,-0.0011621033772826195,-0.0014197771670296788,32.449989,0.008045730095820162,0,0,19.848336502600688,14.349588662492568,19.840243807874867,occluder,,,,,2.2,1255,ok,stale_plan,1,ok,1.7474707,0.3350726999924518,1.3927211000118405,0.01928599999519065,0,0.0012073000000007994,0.011853099999999728,0,261.87767079986793,19.80980331773145,,3.5949773239987337,0,0,0,,,,,,,,,,,,0,18.591616786252747,0.0006486915725774407,22.399068171933212,0.6658548127858376,19.99239864162167,0.6031038681012387,23.311463800671163,0.7433319595788777,17.850598665145412,-0.004730456191524172,31.342382570651953,-0.12737246697492702,31.06084743316247,0.47372326594566977,30.28504710612085,0.4800940560141684,27.839839398337208,0.2654646519419743
1300,3.55,empty_shadow,APF,0,0,1299,3.5,1,1,289.8564911363403,-201.67067384288833,,,,,,,0,0,29.78943865184964,0.6270196190590127,0.7091813683509827,0.0,-0.0014115243684500456,-0.0017245023045688868,32.449989,0.008028804771615158,0,0,20.40548537661723,14.300570342517556,20.3976009185728,occluder,,,,,2.25,1255,ok,stale_plan,0,ok,1.7474707,0.3350726999924518,1.3927211000118405,0.01928599999519065,1,0.0011742000000012354,0.011624499999999927,0,262.80732782709697,20.368951765206475,,3.579326157111666,0,0,0,,,,,,,,,,,,0,18.592766927067544,0.023002817119725318,22.4309208680292,0.6370539248878616,20.020455746392333,0.5611420976724496,23.347484082586085,0.7204056382913214,17.85050328721546,-0.001907558609247741,31.335712580583984,-0.13339979869857624,31.083057037424346,0.44419835126807905,30.307563822242336,0.45033971667148653,27.851664956502415,0.2365111644000822
1301,3.6,empty_shadow,APF,0,0,1300,3.5500000000000003,1,1,291.34694448208637,-201.68609556577078,,,,,,,0,0,29.823639487781058,0.6840167186283708,0.7228544354438782,0.0,-0.0014115243684500456,-0.0017245023045688868,32.449989,0.008010401743703207,0,0,20.964380324314394,14.242907198676203,20.956764748728318,occluder,,,,,2.3,1255,ok,stale_plan,0,ok,1.7474707,0.3350726999924518,1.3927211000118405,0.01928599999519065,0,0.0011742000000012354,0.010294900000001661,0,263.7370153719023,20.92971756614719,,3.563904434229215,0,0,0,,,,,,,,,,,,0,18.595006163985307,0.0447847390253447,22.461167580472235,0.604934249619582,20.046285062915025,0.5165863302760468,23.382136795944533,0.6930542671690726,17.850533793652414,0.0006101293404038976,31.328785092947893,-0.138549752103438,31.10367786490083,0.41242225011476885,30.328470760983294,0.4181435015082838,27.862018045034983,0.20706177073192045
1302,3.65,empty_shadow,APF,0,0,1301,3.6,1,1,292.8391982555239,-201.7011962398657,,,,,,,0,0,29.860631570819642,0.739841660771674,0.7361376881599426,0.0,-0.001583301229402423,-0.0019343673484399915,32.449989,0.007990567918038089,0,0,21.525046748036,14.176507508786813,21.517757284652657,occluder,,,,,2.3499999999999996,1255,ok,stale_plan,0,ok,1.7474707,0.3350726999924518,1.3927211000118405,0.01928599999519065,1,0.001392500000001462,0.01498950000000221,0,264.6668555045895,21.492131206897568,,3.548803760134291,0,0,0,,,,,,,,,,,,0,18.598298258177806,0.06584188439457699,22.489655720570347,0.5697628014347108,20.069793131083127,0.4701613616978163,23.415219761787807,0.6616593168836484,17.850680649828572,0.002937124425777863,31.32164779101168,-0.1427460389881691,31.122601178522107,0.3784712845252634,30.347676349534964,0.38411575420053534,27.87088531281682,0.17734535507822755
1303,3.7,empty_shadow,APF,0,0,1302,3.6500000000000004,1,1,294.33343553087866,-201.71588424997935,,,,,,,0,0,29.900370258403168,0.7947737516705189,0.7490523457527161,0.0,-0.001583301229402423,-0.0019343673484399915,32.449989,0.007969343416905956,0,0,22.087601703667236,14.101332225717229,22.080689203118304,occluder,,,,,2.4000000000000004,1255,ok,stale_plan,0,ok,1.7474707,0.3350726999924518,1.3927211000118405,0.01928599999519065,0,0.001392500000001462,0.01117219999999719,0,265.59690926031107,22.05631472653073,,3.5341157500206464,0,0,0,,,,,,,,,,,,0,18.60261078458287,0.08625052844474713,22.516257494627244,0.5320354799157007,20.0909074717594,0.4222868115089001,23.446553689351347,0.6266785513197907,17.850930504540845,0.004997094428883076,31.314352173909494,-0.14591234190251778,31.13974112799859,0.3428032368611997,30.36509282936869,0.34833280831127483,27.87827248182439,0.14774337973499677
1304,3.75,empty_shadow,APF,0,0,1303,3.7,1,1,295.829686773673,-201.7300069978192,,,,,,,0,0,29.942795398829514,0.8485028085269164,0.7616037726402283,0.0,-0.001681317575275898,-0.0020541169214993715,32.449989,0.007946777270889016,0,0,22.6520139962898,14.017461754946801,22.6455242943845,occluder,,,,,2.45,1255,ok,stale_plan,0,ok,1.7474707,0.3350726999924518,1.3927211000118405,0.01928599999519065,1,0.0011664000000024544,0.01028349999999989,0,266.5272376794252,22.62223755021097,,3.5199930021807972,0,0,0,,,,,,,,,,,,0,18.607905596147827,0.105896231384153,22.54087181375769,0.49228638116956985,20.109580401482376,0.3734585932629503,23.475982175462576,0.5885697223004646,17.851266190498446,0.006713720081482334,31.306938295794055,-0.1482775606491303,31.155032841961287,0.3058377219318227,30.380664870381782,0.31144329311698304,27.884192903873615,0.11840844176354054
1305,3.8,empty_shadow,APF,0,0,1304,3.75,1,1,297.32819611931245,-201.7435491413109,,,,,,,0,0,29.9878506304045,0.9011046314996918,0.7737999558448792,0.0,-0.001681317575275898,-0.0020541169214993715,32.449989,0.007922916946351412,0,0,23.218517394969183,13.925002556467177,23.212490139082263,occluder,,,,,2.5,1255,ok,stale_plan,0,ok,1.7474707,0.3350726999924518,1.3927211000118405,0.01928599999519065,0,0.0011664000000024544,0.010245199999999954,0,267.457840751521,23.190143823754568,,3.5064508586891066,0,0,0,,,,,,,,,,,,0,18.61414645237536,0.12481712437394162,22.563403308740746,0.45062989817314186,20.125777589159302,0.32394375422062605,23.50336598490193,0.5476761889446891,17.85167817423383,0.0082396749987338,31.299442397237303,-0.14991796713590066,31.16842098807078,0.2677655791261742,30.394344770282107,0.2735997810582628,27.88866946650413,0.08953125572763224
1306,3.85,empty_shadow,APF,0,0,1305,3.8000000000000003,1,1,298.8290245613066,-201.75638858932743,,,,,,,0,0,30.035490340343273,0.9527941987754929,0.7856477499008179,0.0,-0.0017105452716350555,-0.002089825225993991,32.449989,0.007897804626402395,0,0,23.78711009498256,13.824128934737052,23.78157867539392,occluder,,,,,2.55,1255,ok,stale_plan,0,ok,1.7474707,0.3350726999924518,1.3927211000118405,0.01928599999519065,1,0.0011535999999985336,0.011028400000000715,0,268.38877951695673,23.760033500313,,3.493611410672571,0,0,0,,,,,,,,,,,,0,18.621289484320393,0.14286063850505307,22.5837775931647,0.40748568716488703,20.139493311401225,0.27431444833527896,23.52859258279507,0.5045319580544908,17.85215500783007,0.00953667211114975,31.291910254589677,-0.15064284586663712,31.179871216244177,0.22900649058917374,30.406100090940278,0.23510760069346343,27.891744129654757,0.06149326894211015
1307,3.9,empty_shadow,APF,0,0,1306,3.85,1,1,300.3322941543446,-201.7684795238612,,,,,,,0,0,30.08566346236957,1.0034624405259507,0.7971611022949219,0.0,-0.0017105452716350555,-0.002089825225993991,32.449989,0.00787148573071639,0,0,24.35790792014872,13.715088337418019,24.352900157505562,occluder,,,,,2.5999999999999996,1255,ok,stale_plan,0,ok,1.7474707,0.3350726999924518,1.3927211000118405,0.01928599999519065,0,0.0011535999999985336,0.011943099999999873,0,269.32005397573226,24.332028634575465,,3.4815204761387974,0,0,0,,,,,,,,,,,,0,18.629298453178976,0.16017937650984176,22.601937446155507,0.36319705880841147,20.15073901384652,0.22491405570869655,23.55157613971748,0.4596711387604998,17.852681434848368,0.010528540405888053,31.28438573743091,-0.15049033259303196,31.189362532366797,0.1898276168053097,30.41591747187305,0.19634832641429367,27.89346457708323,0.03440895768643686
1308,3.95,empty_shadow,APF,0,0,1307,3.9000000000000004,1,1,301.83815746548663,-201.7797608577056,,,,,,,0,0,30.13831099218907,1.0529505963899766,0.8083423972129822,0.0,-0.0016784832114353776,-0.0020506540313363075,32.449989,0.007844010050104771,0,0,24.930935749100968,13.59817375217111,24.92647228802429,occluder,,,,,2.6500000000000004,1255,ok,stale_plan,0,ok,1.7474707,0.3350726999924518,1.3927211000118405,0.01928599999519065,1,0.0013079999999980885,0.012188500000000602,0,270.25178619294763,24.906159728502132,,3.470239142294389,0,0,0,,,,,,,,,,,,0,18.638137119222574,0.17677331989006828,22.61783899842474,0.31803104478165034,20.159537585959395,0.17597145245775359,23.572244175127345,0.4133607085514503,17.853249825767925,0.011367818328349412,31.276903179020277,-0.14965115416055114,31.196891108509703,0.15057229286954218,30.423793089368875,0.1575126952802638,27.893888028852153,0.008469047459416006
1309,4.0,empty_shadow,APF,0,0,1308,3.95,1,1,303.3467060214349,-201.79015626568744,,,,,,,0,0,30.19338921988608,1.101564553940193,0.8191841244697571,0.0,-0.0016784832114353776,-0.0020506540313363075,32.449989,0.007815419519542103,0,0,25.506283157892845,13.473775491198845,25.502379893971284,occluder,,,,,2.7,1255,ok,stale_plan,0,ok,1.7474707,0.3350726999924518,1.3927211000118405,0.01928599999519065,0,0.0013079999999980885,0.010647699999999816,0,271.1839761842191,25.48251829317894,,3.4598437343125568,0,0,0,,,,,,,,,,,,0,18.64776352070891,0.19252802838936056,22.631472713018887,0.272674291763338,20.16593861756523,0.12802064643871658,23.59054709864723,0.3660584708583625,17.85384682962526,0.011940076841850587,31.269491189633975,-0.14823977001956817,31.202464568350273,0.11146957867556086,30.42974983080426,0.11913494326770246,27.893075519536172,-0.016250172024058377
1310,4.05,empty_shadow,APF,0,0,1309,4.0,1,1,304.8581229276474,-201.79966568534206,,,,,,,0,0,30.250847482741595,1.1491652571103117,0.8297216296195984,0.0,-0.0015934387920424342,-0.001946752774529159,32.449989,0.007785759802168362,0,0,26.084124261812136,13.342257790203298,26.080789484253405,occluder,,,,,2.75,1255,ok,stale_plan,0,ok,1.7474707,0.3350726999924518,1.3927211000118405,0.01928599999519065,1,0.0011657999999989954,0.011943600000002164,0,272.1166239339303,26.061287449680208,,3.450334314657937,0,0,0,,,,,,,,,,,,0,18.658133787766257,0.20740533956801407,22.642830959885423,0.22716493779743577,20.16999551671942,0.08113800053156618,23.60646011468427,0.31826032130853193,17.8544610017556,0.01228344246603948,31.26217838047671,-0.1462561622635464,31.206115333618413,0.0730154346160253,30.433808677091477,0.08117693021667316,27.89109952816336,-0.03951981171579849
1311,4.1,empty_shadow,APF,0,0,1310,4.05,1,1,306.37240815809724,-201.80821282272856,,,,,,,0,0,30.31063642705192,1.19577888620654,0.8399591445922852,0.0,-0.0015934387920424342,-0.001946752774529159,32.449989,0.007755075882538144,0,0,26.66427370464768,13.20407814446891,26.66151186795333,occluder,,,,,2.8,1255,ok,stale_plan,0,ok,1.7474707,0.3350726999924518,1.3927211000118405,0.01928599999519065,0,0.0011657999999989954,0.012611599999999612,0,273.0499125527449,26.64228406131548,,3.4417871772714363,0,0,0,,,,,,,,,,,,0,18.66920405226436,0.22140528804210433,22.65192136893463,0.1818081821257594,20.171780761407778,0.03570491499151854,23.619971779128843,0.2702332895703522,17.85508470999326,0.012474164397562737,31.255010528346972,-0.14335701888045893,31.207875831397097,0.03520996433507088,30.43600587285435,0.04394391991307698,27.888036349257277,-0.0612635611709785
1312,4.15,empty_shadow,APF,0,0,1311,4.1000000000000005,1,1,307.8898668781371,-201.81576705616283,,,,,,,0,0,30.372710883565727,1.2414891302761077,0.849887490272522,0.0,-0.001464027795009315,-0.0017886473797261715,32.449989,0.0077234105474961075,0,0,27.24718721063372,13.059703074757648,27.24499510401652,occluder,,,,,2.8500000000000005,1255,ok,stale_plan,0,ok,1.7474707,0.3350726999924518,1.3927211000118405,0.01928599999519065,1,0.0011790999999981011,0.012746100000001093,0,273.98368947880806,27.225965855292202,,3.4342329438371735,0,0,0,,,,,,,,,,,,0,18.680938074520895,0.23468044284646172,22.658778272343294,0.13713807007202913,20.171384002242224,-0.007935161864241543,23.631082091944137,0.22220625709778094,17.855708420803914,0.012474216363688919,31.24800861538558,-0.14003823380878522,31.20779565620669,-0.0016034993635978176,30.436402459669537,0.007931833199842211,27.88397371661594,-0.08125263831233197
1313,4.2,empty_shadow,APF,0,0,1312,4.15,1,1,309.41046858060156,-201.822358913632,,,,,,,0,0,30.43701823655376,1.2861470597606939,0.8595086336135864,0.0,-0.001464027795009315,-0.0017886473797261715,32.449989,0.007690810258307035,0,0,27.832673304805837,12.909631712120689,27.83104492496419,occluder,,,,,2.9000000000000004,1255,ok,stale_plan,0,ok,1.7474707,0.3350726999924518,1.3927211000118405,0.01928599999519065,0,0.0011790999999981011,0.010607000000000255,0,274.91810728438526,27.812149752179437,,3.4276410863679985,0,0,0,,,,,,,,,,,,0,18.693293888745576,0.24711628276140649,22.66342646568841,0.09296386958431131,20.168894885733593,-0.049782309871363534,23.639819663353446,0.17475142909663208,17.856324502318373,0.012321629951313083,31.24119171714904,-0.13633793961506266,31.2059320360124,-0.037272306526661934,30.435059482315015,-0.026859287490610805,27.879005091830898,-0.0993724828972946
1314,4.25,empty_shadow,APF,0,0,1313,4.2,1,1,310.9343353305904,-201.8279730947048,,,,,,,0,0,30.503506692698068,1.3297691228861197,0.8686595559120178,0.0,-0.001298885210417211,-0.0015868876362219453,32.449989,0.007657320810621089,0,0,28.420879050239076,12.754406339362658,28.419801115404283,occluder,,,,,2.95,1255,ok,stale_plan,0,ok,1.7474707,0.3350726999924518,1.3927211000118405,0.01928599999519065,1,0.0011454000000021836,0.012234599999999318,0,275.8531354414895,28.400988345064036,,3.422026905295212,0,0,0,,,,,,,,,,,,0,18.706225717518173,0.2586365746773448,22.665938431015963,0.0502393093260298,20.164424037158174,-0.0894169525686348,23.64622073239281,0.12802138174029395,17.856925327265607,0.012016499429893586,31.234582721794762,-0.13217988298714187,31.20235364547926,-0.07156754775429447,30.43204752318651,-0.06023871237988226,27.873216304982165,-0.11577572657119414
1315,4.3,empty_shadow,APF,0,0,1314,4.25,1,1,312.4615892036145,-201.83262481652625,,,,,,,0,0,30.572094194337094,1.3717500327805254,0.8771344423294067,0.0,-0.001298885210417211,-0.0015868876362219453,32.449989,0.007623002781846494,0,0,29.01186000239805,12.59462359167032,29.011317587166644,occluder,,,,,3.0,1255,ok,stale_plan,0,ok,1.7474707,0.3350726999924518,1.3927211000118405,0.01928599999519065,0,0.0011454000000021836,0.00947320000000218,0,276.78883498006803,28.992542679509597,,3.4173751834737516,0,0,0,,,,,,,,,,,,0,18.719691599786092,0.2693176453568514,22.66636948150013,0.008621012136556276,20.15808589845084,-0.12676275835258893,23.650327261957273,0.0821305924616969,17.857503263479177,0.011558723993162712,31.228198796502983,-0.12767848430750628,31.19714251149862,-0.10422220318221713,30.427454332454406,-0.09186311056141308,27.866700815719035,-0.1303097775116738
1316,4.35,empty_shadow,APF,0,0,1315,4.3,1,1,313.99238278235026,-201.83629876825432,,,,,,,0,0,30.642697123846293,1.4120585901839888,0.884748101234436,0.0,-0.0011080948170274496,-0.0013537931954488158,32.449989,0.007587916731104156,0,0,29.605705428788283,12.430851117563934,29.605676746450452,occluder,,,,,3.05,1255,ok,stale_plan,0,ok,1.7474707,0.3350726999924518,1.3927211000118405,0.01928599999519065,1,0.001174699999999973,0.011064000000001073,0,277.7252669456843,29.58690429262907,,3.4137012317456765,0,0,0,,,,,,,,,,,,0,18.733651482428233,0.27919765326170437,22.664799727298266,-0.03139508262288376,20.1499949099911,-0.1618197567722212,23.652207915292532,0.037613067895780845,17.85804686802785,0.010872091664283216,31.22206664471675,-0.12264301775204865,31.190394013035615,-0.1349692548508705,30.42136766148127,-0.1217324842398549,27.85955971326809,-0.1428220437911409
1317,4.4,empty_shadow,APF,0,0,1316,4.3500000000000005,1,1,315.526716072003,-201.83901020867717,,,,,,,0,0,30.715172081265916,1.449499148392448,0.8913475275039673,0.0,-0.0011080948170274496,-0.0013537931954488158,32.449989,0.007552151722290637,0,0,30.20244066498353,12.263785647551133,30.202903378092415,occluder,,,,,3.1000000000000005,1255,ok,stale_plan,0,ok,1.7474707,0.3350726999924518,1.3927211000118405,0.01928599999519065,0,0.001174699999999973,0.010495699999999886,0,278.66240081035124,30.184103717614903,,3.4109897913228338,0,0,0,,,,,,,,,,,,0,18.748065310420774,0.2882765606806818,22.661313091746617,-0.0697327106539164,20.14028458579412,-0.19420647489137927,23.651938987623378,-0.005378551966289792,17.85855995428222,0.010261725012395272,31.216188174346613,-0.11756939520355512,31.1821901776172,-0.16407575208101763,30.41387716632119,-0.14980875394410909,27.85188264287135,-0.15354140485385923
1318,4.45,empty_shadow,APF,0,0,1317,4.4,1,1,317.06477219364706,-201.84080485169468,,,,,,,0,0,30.789350089686714,1.4835601684159627,0.8968097567558289,0.0,-0.0009003024897538126,-0.00109992700163275,32.449989,0.007515807491130487,0,0,30.80221455843206,12.094123719639937,30.80313951422616,occluder,,,,,3.1500000000000004,1255,ok,stale_plan,0,ok,1.7474707,0.3350726999924518,1.3927211000118405,0.01928599999519065,1,0.0011738000000001136,0.011816699999997127,0,279.6002671020559,30.784293547554284,,3.409195148305315,0,0,0,,,,,,,,,,,,0,18.762887308370452,0.2964399600956232,22.656008757699766,-0.10608668120478777,20.129080812680943,-0.2240754577094431,23.64959867893749,-0.04680617229253847,17.859038710164924,0.009575118555290797,31.21057482943682,-0.1122668902813927,31.172647366875914,-0.19085503844499924,30.40509539170192,-0.17563416621717132,27.84376497245494,-0.1623534067157372
1319,4.5,empty_shadow,APF,0,0,1318,4.45,1,1,318.6065511681039,-201.84174373245952,,,,,,,0,0,30.865040181736457,1.5138018409948728,0.9010096192359924,0.0,-0.0009003024897538126,-0.00109992700163275,32.449989,0.007478992155858617,0,0,30.93435045286965,11.922582778427506,30.932854394624034,follower_1,,,,,3.2,1255,ok,stale_plan,0,ok,1.7474707,0.3350726999924518,1.3927211000118405,0.01928599999519065,0,0.0011738000000001136,0.009706300000001278,0,280.53883529801664,31.38750432605042,,3.40825626754048,0,0,0,,,,,,,,,,,,0,18.778081235823414,0.30387855064350305,22.64899925970016,-0.14018995989522343,20.11652282630673,-0.2511597261280121,23.6452766353235,-0.08644087071746628,17.85948122086961,0.008850214174043594,31.205230425265466,-0.10688807749232593,31.16187049566304,-0.2155360608490686,30.395123437561878,-0.19943763157206082,27.835303976376085,-0.16921992103444253
1320,4.55,empty_shadow,APF,0,0,1319,4.5,1,1,320.15211400970475,-201.84176579499746,,,,,,,0,0,30.94202053684307,1.5396071021322655,0.9038763046264648,0.0,-0.0006842960137873888,-0.0008360252832062542,32.449989,0.007441825998260265,0,0,30.919854624925307,11.749848079093201,30.917931227550664,follower_1,,,,,3.25,1255,ok,stale_plan,0,ok,1.7474707,0.3350726999924518,1.3927211000118405,0.01928599999519065,1,0.0011514999999988618,0.011793500000003121,0,281.4782274373065,31.993675028361395,,3.408234205002543,0,0,0,,,,,,,,,,,,0,18.79359750262831,0.31032533828160314,22.640385686428335,-0.17227146358328055,20.102747956565114,-0.2754973960570336,23.639093019713215,-0.12367231051772938,17.859883670514197,0.008048992801858047,31.200162592120808,-0.10135665991559394,31.149968292574762,-0.2380425575759752,30.384083381678952,-0.22079959442994912,27.826591207626617,-0.17425537495845056
1321,4.6,empty_shadow,APF,0,0,1320,4.55,1,1,321.70155230761634,-201.84097781959338,,,,,,,0,0,31.020012881366338,1.5598468904653373,0.9053443670272827,0.0,-0.0006842960137873888,-0.0008360252832062542,32.449989,0.0074044530562303885,0,0,30.909447876326183,11.576687485836986,30.90713433111444,follower_1,,,,,3.3,1255,ok,stale_plan,0,ok,1.7474707,0.3350726999924518,1.3927211000118405,0.01928599999519065,0,0.0011514999999988618,0.01332479999999947,0,282.418413028376,32.60292773520348,,3.409022180406623,0,0,0,,,,,,,,,,,,0,18.80940178040815,0.31608555821426376,22.630293923641418,-0.2018352505612151,20.08789543904046,-0.29705035265028173,23.631139384205557,-0.15907270845917554,17.86024605468403,0.007247681643404331,31.19539231004546,-0.09540564084222396,31.137057114104962,-0.2582219781628953,30.37207822769958,-0.24010154426017474,27.817718219179913,-0.17745976897563018
1322,4.65,empty_shadow,APF,0,0,1321,4.6000000000000005,1,1,323.2549271282237,-201.83947133815474,,,,,,,0,0,31.098759965616168,1.5749416849966025,0.905383288860321,0.0,-0.0004669615300372243,-0.0005705011426471174,32.449989,0.007367003348230283,0,0,30.903160755880876,11.403744346116962,30.900500943108884,follower_1,,,,,3.3500000000000005,1255,ok,stale_plan,0,ok,1.7474707,0.3350726999924518,1.3927211000118405,0.01928599999519065,1,0.001995799999999548,0.012090199999999385,0,283.35936156405967,33.215354020127165,,3.4105286618452624,0,0,0,,,,,,,,,,,,0,18.825455922290175,0.3210828409594018,22.618836504810815,-0.22914836675398614,20.07211023146111,-0.3157041532863897,23.62152635630168,-0.19226055613761767,17.860564567817274,0.006370261384465712,31.190910042117196,-0.08964535873969122,31.123255222201745,-0.2760362147475539,30.359230050419626,-0.25696205274817696,27.80877084205239,-0.17894754234427154
1323,4.7,empty_shadow,APF,0,0,1322,4.65,1,1,324.8122384559107,-201.83720057431708,,,,,,,0,0,31.177942171477504,1.5836441172267257,0.9039310216903687,0.0,-0.0004669615300372243,-0.0005705011426471174,32.449989,0.00732963244615517,0,0,30.901054283126044,11.231735480091046,30.89808847548088,follower_1,,,,,3.4000000000000004,1255,ok,stale_plan,0,ok,1.7474707,0.3350726999924518,1.3927211000118405,0.01928599999519065,0,0.001995799999999548,0.009882900000000916,0,284.3011035567284,33.830923355145444,,3.4127994256829197,0,0,0,,,,,,,,,,,,0,18.84171415135864,0.3251645856083273,22.606154570077955,-0.2536386810243284,20.055529664375864,-0.3316113419775188,23.610379819674456,-0.22293073062945637,17.86083921460979,0.005492935363031789,31.18671769580244,-0.08384692625276785,31.108690415585023,-0.29129454009347566,30.3456552003808,-0.27149559480211577,27.799832999876408,-0.1787568428654988
1324,4.75,empty_shadow,APF,0,0,1323,4.7,1,1,326.37354736747307,-201.8342875775642,,,,,,,0,0,31.257253816248255,1.5862328954150229,0.9010326862335205,0.0,-0.00025662448024377227,-0.00031352596124634147,32.449989,0.0072924847779919115,0,0,30.903159017281027,11.06126588881096,30.899931781909956,follower_1,,,,,3.45,1255,ok,stale_plan,0,ok,1.7474707,0.3350726999924518,1.3927211000118405,0.01928599999519065,1,0.0011469000000019491,0.009958799999999712,0,285.24370003632947,34.44963578710673,,3.415712422435803,0,0,0,,,,,,,,,,,,0,18.85814213428418,0.3285596640760841,22.592372096231966,-0.27564946045695676,20.03830060251869,-0.3445812348816595,23.597814215350375,-0.2513120845639124,17.86106808587808,0.004577425584526828,31.18280764139248,-0.07820108697119262,31.0934752300059,-0.3043021952726492,30.331477658283465,-0.2835495714110358,27.7909848015987,-0.17696396435644876
1325,4.8,empty_shadow,APF,0,0,1324,4.75,1,1,327.93882336095066,-201.8307781346714,,,,,,,0,0,31.336364521284175,1.5822141007183887,0.8966535925865173,0.0,-0.00025662448024377227,-0.00031352596124634147,32.449989,0.007255711838973847,0,0,30.909413938809323,10.892928377180741,30.905965909242923,follower_1,,,,,3.5,1255,ok,stale_plan,0,ok,1.7474707,0.3350726999924518,1.3927211000118405,0.01928599999519065,0,0.0011469000000019491,0.012414099999997319,0,286.18708997291566,35.07152184399814,,3.419221865328609,0,0,0,,,,,,,,,,,,0,18.874694096251947,0.3310392454145327,22.577620689288505,-0.2950281213558736,20.020560374762418,-0.35480454956446295,23.58396115162022,-0.27706127244440987,17.861254996337856,0.0037382099127163506,31.179177971241895,-0.07259339984332472,31.077729830968018,-0.3149065875412501,30.316811864682403,-0.2933147633123752,27.782300634140014,-0.17368334742556335
1326,4.8500000000000005,empty_shadow,APF,0,0,1325,4.800000000000001,1,1,329.5080054220124,-201.82673330161296,,,,,,,0,0,31.414935806367154,1.5714257016595923,0.8908369541168213,0.0,-5.892527042306028e-05,-7.199079846031964e-05,32.449989,0.007219464249487069,0,0,30.919727515803515,10.727285815359538,30.91610269691874,follower_1,,,,,3.5500000000000007,1255,ok,stale_plan,0,ok,1.7474707,0.3350726999924518,1.3927211000118405,0.01928599999519065,1,0.001458400000000637,0.012616299999997693,0,287.1313038840633,35.69648999391222,,3.423266698387039,0,0,0,,,,,,,,,,,,0,18.89133761140881,0.33287031000777745,22.562039584591258,-0.3116220773738035,20.002448217305066,-0.3622431398054107,23.568946512127784,-0.3002927877471008,17.861398039116526,0.0028608564842652314,31.175822962544174,-0.06710016846405559,31.061580104787655,-0.32299329212021105,30.301779888553074,-0.30063859034616885,27.773849162283245,-0.16902943573941148
1327,4.9,empty_shadow,APF,0,0,1326,4.8500000000000005,1,1,331.0810630434926,-201.82218360637597,,,,,,,0,0,31.49264557129965,1.5541952986499297,0.8836112022399902,0.0,-5.892527042306028e-05,-7.199079846031964e-05,32.449989,0.007183880616745478,0,0,30.934069241097916,10.564800808859827,30.930307740430067,follower_1,,,,,3.6000000000000005,1255,ok,stale_plan,1,ok,1.4010316,0.0008382999803870916,1.2911134000169113,0.1087204999930691,0,0.001458400000000637,0.00806050000000269,0,288.07637228734865,36.324479212107065,,3.4278163936240276,0,0,0,,,,,,,,,,,,0,18.90803262553057,0.33390028984609477,22.54576038858149,-0.3255839059114654,19.984097643492596,-0.3670114632536892,23.552903811994895,-0.32085400045883206,17.86150293521048,0.00209792222744319,31.172736893306904,-0.06172137657356842,31.045136676277043,-0.3288675180197544,30.286494262864824,-0.30571176933835614,27.765699050210003,-0.16300223860893698
1328,4.95,empty_shadow,APF,0,0,1327,4.9,1,1,332.6579962566237,-201.8172206016895,,,,,,,0,0,31.56915914253953,1.5302714247975757,0.8749987483024597,0.0,0.00012050762597937137,0.00014722783816978335,32.449989,0.0071491011345328264,0,0,30.95243915113035,10.405890069282908,30.9485829838962,follower_1,,,,,3.6500000000000004,1255,ok,stale_plan,0,ok,1.4010316,0.0008382999803870916,1.2911134000169113,0.1087204999930691,1,0.0011602999999986707,0.012665699999999447,0,289.02229519318263,36.95548951940418,,3.432779398310487,0,0,0,,,,,,,,,,,,0,18.924739084444138,0.3341291858696467,22.52891470676432,-0.3369136255933619,19.96564598379576,-0.3690331766118785,23.53595893557485,-0.33889752625062475,17.861571592847447,0.0013731535817088918,31.169914041066587,-0.05645703392895318,31.02852161461632,-0.332300372076745,30.271063704023238,-0.30861061217965036,27.757909427215665,-0.15579245685758353
1329,5.0,empty_shadow,APF,0,0,1328,4.95,1,1,334.23871352429273,-201.81189009515043,,,,,,,0,0,31.644149231996213,1.4998017891336701,0.8650535941123962,0.0,0.00012050762597937137,0.00014722783816978335,32.449989,0.007115258645868589,0,0,30.97477621595344,10.250964259409471,30.97086397278578,follower_1,,,,,3.7,1255,ok,stale_plan,0,ok,1.4010316,0.0008382999803870916,1.2911134000169113,0.1087204999930691,0,0.0011602999999986707,0.01124009999999842,0,289.9690115455909,37.58949043466498,,3.4381099048495685,0,0,0,,,,,,,,,,,,0,18.941422655281187,0.3336714248281033,22.51164177568691,-0.3454586140887621,19.947217215422636,-0.3685753461695468,23.518241582620742,-0.35434705697349433,17.86160210720077,0.0006102873276670286,31.1673353323847,-0.0515741599482084,31.01184363735431,-0.333558877184569,30.255600743349426,-0.30925881315387316,27.75052797597611,-0.14762902133602074
1330,5.05,empty_shadow,APF,0,0,1329,5.0,1,1,335.8231233197977,-201.8062684119319,,,,,,,0,0,31.717289084214197,1.4627970443596894,0.853813886642456,0.0,0.00027800159296020865,0.0003396430111024529,32.449989,0.007082482104865151,0,0,31.000897361341487,10.100332395555409,30.99696713855517,follower_1,,,,,3.75,1255,ok,stale_plan,0,ok,1.4010316,0.0008382999803870916,1.2911134000169113,0.1087204999930691,1,0.0012048000000000059,0.012731200000001053,0,290.9165823901369,38.2263293856239,,3.44373158806809,0,0,0,,,,,,,,,,,,0,18.958043284746786,0.3324125967133517,22.49407129418104,-0.35140962573395634,19.928937220570507,-0.36559987364520985,23.49988717614906,-0.3670881271156099,17.86160401296612,3.811540427235299e-05,31.1650141179464,-0.04642427264814319,30.99521336817465,-0.33260489470822946,30.2402121899547,-0.3077708076937254,27.743610010312228,-0.1383593096541579
1331,5.1000000000000005,empty_shadow,APF,0,0,1330,5.050000000000001,1,1,337.4111341164363,-201.8004318772072,,,,,,,0,0,31.788278495249433,1.419788220704703,0.8413504958152771,0.0,0.00027800159296020865,0.0003396430111024529,32.449989,0.0070508853547081324,0,0,31.030711060592267,9.954284747096423,31.026798554834187,follower_1,,,,,3.8000000000000007,1255,ok,stale_plan,0,ok,1.4010316,0.0008382999803870916,1.2911134000169113,0.1087204999930691,0,0.0012048000000000059,0.013266500000000292,0,291.86497721444977,38.86594535794967,,3.4495681227928117,0,0,0,,,,,,,,,,,,0,18.974568548024287,0.33050527135355634,22.476329147239888,-0.3548429367100508,19.91092806537252,-0.360183081454597,23.481023507137287,-0.3772733780229615,17.86157921799708,-0.0004958994131532302,31.162921787256504,-0.041846595465059436,30.97873380123383,-0.329591006155537,30.224993410123297,-0.30437545118007975,27.73719176991981,-0.12836480411354773
1332,5.15,empty_shadow,APF,0,0,1331,5.1000000000000005,1,1,339.0025323067905,-201.79442634021623,,,,,,,0,0,31.856823638507326,1.3709028651578592,0.8277443647384644,0.0,0.0004102526872884482,0.0005012181936763227,32.449989,0.007020576740091744,0,0,31.064003706287664,9.813029956844039,31.0601441809613,follower_1,,,,,3.8500000000000005,1255,ok,stale_plan,0,ok,1.4010316,0.0008382999803870916,1.2911134000169113,0.1087204999930691,1,0.001193999999998141,0.011129100000001557,0,292.81419600811864,39.50812475463499,,3.4555736597837665,0,0,0,,,,,,,,,,,,0,18.990962204913046,0.32787314359619557,22.458543128151902,-0.3557203809857374,19.89329846892967,-0.3525919076962341,23.46177836866254,-0.38490276722730693,17.861529628279698,-0.0009917944355658285,31.161043080860885,-0.03757410790808564,30.962504117181407,-0.3245934799595651,30.21004549155951,-0.2989583079830829,27.73131140189197,-0.11760735677946817
1333,5.2,empty_shadow,APF,0,0,1332,5.15,1,1,340.59731791688716,-201.7883280948999,,,,,,,0,0,31.922641680075365,1.3163608313607966,0.8130358457565308,0.0,0.0004102526872884482,0.0005012181936763227,32.449989,0.0069916575056648824,0,0,31.100775319249095,9.676768572884411,31.097000205592572,follower_1,,,,,3.9000000000000004,1255,ok,stale_plan,0,ok,1.4010316,0.0008382999803870916,1.2911134000169113,0.1087204999930691,0,0.001193999999998141,0.01418119999999945,0,293.764238776349,40.15286759650132,,3.461671905100104,0,0,0,,,,,,,,,,,,0,19.007184202660525,0.32443995828491645,22.440835306824496,-0.35415642648802204,19.876160965407742,-0.34275005109261286,23.442279552414398,-0.38997632278466926,17.86145906026759,-0.0014113605780715379,31.159368462191765,-0.033492351792943256,30.946617774550933,-0.3177267521284454,30.1954580776476,-0.29174826279608335,27.725991794434968,-0.1063921453569959
1334,5.25,empty_shadow,APF,0,0,1333,5.2,1,1,342.1953078516789,-201.7821677212992,,,,,,,0,0,31.985473755068856,1.256641499869815,0.7973426580429077,0.0,0.0005145615432411432,0.000628655485343188,32.449989,0.0069642166333125175,0,0,31.1408427784024,9.545622530949561,31.13718210584591,follower_1,,,,,3.95,1255,ok,stale_plan,0,ok,1.4010316,0.0008382999803870916,1.2911134000169113,0.1087204999930691,1,0.0011617999999984363,0.01178910000000144,0,294.71504448398804,40.80005182365397,,3.467832278700797,0,0,0,,,,,,,,,,,,0,19.023207838034757,0.32047270895981583,22.42332012535875,-0.35030362942903576,19.859614735477898,-0.3309245829559322,23.422652943471412,-0.39253217675267615,17.86137323570085,-0.0017164914036381475,31.157886486444138,-0.02963949246706526,30.931164416856763,-0.30906711907786505,30.181313184012424,-0.2828978742706471,27.721263465171432,-0.09456658152435683
1335,5.3,empty_shadow,APF,0,0,1334,5.25,1,1,343.7962579913765,-201.7760063378531,,,,,,,0,0,32.045092368732035,1.1923722732635866,0.7807082533836365,0.0,0.0005145615432411432,0.000628655485343188,32.449989,0.0069383282776154095,0,0,31.183992517972314,9.41971251229216,31.180473627725,follower_1,,,,,4.0,1255,ok,stale_plan,0,ok,1.4010316,0.0008382999803870916,1.2911134000169113,0.1087204999930691,0,0.0011617999999984363,0.010327200000002534,0,295.66670468376486,41.44934176357475,,3.47399366214691,0,0,0,,,,,,,,,,,,0,19.038993056670233,0.31570437221866476,22.406112024535705,-0.3441620164047597,19.84375514698933,-0.31719175790957893,23.403016795548115,-0.39272295683334835,17.86127215289048,-0.002021656625813529,31.156578077196478,-0.026168163828263848,30.91622605915625,-0.29876715156045835,30.16769091868201,-0.27244529586061916,27.717139765608408,-0.0824739875927776
1336,5.3500000000000005,empty_shadow,APF,0,0,1335,5.300000000000001,1,1,345.40013784963594,-201.76993550770135,,,,,,,0,0,32.10126790626501,1.1235107506594488,0.7632434368133545,0.0,0.0005909128813073039,0.0007219362887553871,32.449989,0.006914066877365448,0,0,31.23004145852778,9.299090771975033,31.22668998423916,follower_1,,,,,4.050000000000001,1255,ok,stale_plan,0,ok,1.4010316,0.0008382999803870916,1.2911134000169113,0.1087204999930691,1,0.0011833999999986133,0.012118600000000868,0,296.6191278281558,42.10079847744328,,3.480064492298652,0,0,0,,,,,,,,,,,,0,19.0545112480728,0.31036382594150064,22.38931209441453,-0.33599860217638333,19.82866612187135,-0.30178049520269057,23.383485547806238,-0.390624954057675,17.86116344301736,-0.0021741972364581175,31.155437512578906,-0.02281127291272455,30.901877087276247,-0.2869794356044003,30.154663760377442,-0.26054311841625083,27.71362832516271,-0.07022880534393634
1337,5.4,empty_shadow,APF,0,0,1336,5.3500000000000005,1,1,347.00673381383353,-201.7639858212958,,,,,,,0,0,32.1538242666437,1.0511272075738987,0.7450443506240845,0.0,0.0005909128813073039,0.0007219362887553871,32.449989,0.006891483579224763,0,0,31.27883701739239,9.183780289905346,31.275675867250897,follower_1,,,,,4.1000000000000005,1255,ok,stale_plan,0,ok,1.4010316,0.0008382999803870916,1.2911134000169113,0.1087204999930691,0,0.0011833999999986133,0.012028799999999507,0,297.5723139067501,42.75420836304659,,3.4860141787042096,0,0,0,,,,,,,,,,,,0,19.06972617260265,0.30429848699572626,22.37302333189708,-0.3257752495430948,19.814433490579937,-0.284652622887333,23.3641812713582,-0.3860855288704401,17.861049009471426,-0.002288671214597645,31.15444381062984,-0.019874022442748565,30.88818807295781,-0.2737802562991103,30.142292744420505,-0.2474202147336715,27.710734865889005,-0.05786918201192162
1338,5.45,empty_shadow,APF,0,0,1337,5.4,1,1,348.6158017589748,-201.75820313828717,,,,,,,0,0,32.20258582863523,0.9752312398305207,0.7261666059494019,0.0,0.0006380992126651108,0.000779585272539407,32.449989,0.00687062969471361,0,0,31.33028766786404,9.073805152936528,31.32733822564862,follower_1,,,,,4.15,1255,ok,stale_plan,0,ok,1.4010316,0.0008382999803870916,1.2911134000169113,0.1087204999930691,1,0.0011556000000005895,0.012511600000003398,0,298.5262629247531,43.40932729018482,,3.491796861712828,0,0,0,,,,,,,,,,,,0,19.084607312771485,0.29762279835992833,22.35734110565409,-0.3136445238270466,19.801122103751595,-0.2662277364721328,23.345212684283524,-0.3793717422423314,17.86093267101243,-0.0023267686256556023,31.15358743389074,-0.0171275236027647,30.875218143761433,-0.25939850220495636,30.130635090904427,-0.23315289665044633,27.708465109849936,-0.045395117435145765
1339,5.5,empty_shadow,APF,0,0,1338,5.45,1,1,350.2272501427413,-201.75261800748413,,,,,,,0,0,32.24741250607897,0.8965335488748849,0.706733226776123,0.0,0.0006380992126651108,0.000779585272539407,32.449989,0.006851542036675028,0,0,31.384118751755608,8.969132820825246,31.381395807476085,follower_1,,,,,4.2,1255,ok,stale_plan,0,ok,1.4010316,0.0008382999803870916,1.2911134000169113,0.1087204999930691,0,0.0011556000000005895,0.01226869999999991,0,299.4809138470122,44.06612475169226,,3.4973819925158693,0,0,0,,,,,,,,,,,,0,19.099122244416975,0.2902986259817674,22.34234933949064,-0.2998353221372579,19.78880062497571,-0.24642957749390898,23.32668659666807,-0.3705217536158272,17.86081633205141,-0.002326779394297068,31.15285503126199,-0.01464804303507922,30.86301689084429,-0.24402490700991336,30.119742298543517,-0.2178555962377526,27.706807612927378,-0.0331499352118838
1340,5.55,empty_shadow,APF,0,0,1339,5.5,1,1,351.8408043277675,-201.74729155773645,,,,,,,0,0,32.28818635102841,0.8154768989886918,0.6868486404418945,0.0,0.0006579196196980774,0.0008038004743866622,32.449989,0.006834249110169849,0,0,31.44005564211227,8.869714534330242,31.43757478759134,follower_1,,,,,4.25,1255,ok,stale_plan,0,ok,1.4010316,0.0008382999803870916,1.2911134000169113,0.1087204999930691,1,0.00115780000000143,0.013103900000000834,0,300.43626667352726,44.72432611020338,,3.502708442263554,0,0,0,,,,,,,,,,,,0,19.11324235647631,0.2824022333472977,22.328122419695166,-0.2845383946596036,19.77752436850043,-0.2255251318204528,23.308700287937125,-0.359726175445457,17.860703809731504,-0.0022504456019659166,31.1522332490162,-0.012435639382191808,30.85163009059279,-0.22773577281052332,30.10965060547202,-0.20183353720021674,27.70575283837479,-0.021095487913868033
1341,5.6000000000000005,empty_shadow,APF,0,0,1340,5.550000000000001,1,1,353.45625070663516,-201.742269638284,,,,,,,0,0,32.32480896427316,0.7324522648950449,0.6665976047515869,0.0,0.0006579196196980774,0.0008038004743866622,32.449989,0.0068187725443572865,0,0,31.497884726310332,8.775509538455568,31.495657805696403,follower_1,,,,,4.300000000000001,1255,ok,stale_plan,0,ok,1.4010316,0.0008382999803870916,1.2911134000169113,0.1087204999930691,0,0.00115780000000143,0.009820399999998841,0,301.3923214095038,45.383717753094516,,3.507730361716,0,0,0,,,,,,,,,,,,0,19.126937132135108,0.2738955040568555,22.31473282587666,-0.2677918751331698,19.767335295327406,-0.20378146492439855,23.291351030208595,-0.34698515459632917,17.860597008536267,-0.0021360240368512385,31.151710643775942,-0.01045210183660705,30.84110161096594,-0.21056927886535987,30.100409602045985,-0.1848196783693905,27.705285527382514,-0.009346216796626892
1342,5.65,empty_shadow,APF,0,0,1341,5.6000000000000005,1,1,355.0734366966679,-201.7375675599689,,,,,,,0,0,32.3572275401307,0.6483715171508209,0.6460948586463928,0.0,0.0006516400608234107,0.0007961285300552845,32.449989,0.00680511640959108,0,0,31.55745341646812,8.686412129435967,31.555490048361925,follower_1,,,,,4.3500000000000005,1255,ok,stale_plan,0,ok,1.4010316,0.0008382999803870916,1.2911134000169113,0.1087204999930691,1,0.00115109999999774,0.012574499999999489,0,302.3490780445309,46.044147108100105,,3.512432440031091,0,0,0,,,,,,,,,,,,0,19.140177959580836,0.26481654001026217,22.302247316074173,-0.2497101950383788,19.75827536767877,-0.18119855224629627,23.274720840689078,-0.3326037889852051,17.860503559153326,-0.0018689868082853284,31.151268141490455,-0.00885004517717972,30.8314600619997,-0.19283058735241984,30.09203645371933,-0.16746252164633468,27.70538660644531,0.0020215842289358437
1343,5.7,empty_shadow,APF,0,0,1342,5.65,1,1,356.6920876500893,-201.73321593406448,,,,,,,0,0,32.385396787824696,0.5633849538799041,0.6254509091377258,0.0,0.0006516400608234107,0.0007961285300552845,32.449989,0.0067932835615091315,0,0,31.618487075219974,8.602336201557872,31.6167935808817,follower_1,,,,,4.4,1255,ok,stale_plan,1,ok,0.8181197,0.0008066000009421259,0.7464510000136215,0.07049380001262762,0,0.00115109999999774,0.01359430000000117,0,303.30650606103234,46.70537004502012,,3.516784065935525,0,0,0,,,,,,,,,,,,0,19.15293623019468,0.2551654027017997,22.290719294941024,-0.23056042167137514,19.750371289830568,-0.158081553084244,23.258903182749226,-0.3163531560321227,17.860421545384906,-0.0016402753014873735,31.15090192717869,-0.007324286543735232,30.82273023800709,-0.17459602193467996,30.084555954479054,-0.14960950164957731,27.706031279988974,0.012893473789921887
1344,5.75,empty_shadow,APF,0,0,1343,5.7,1,1,358.311990131259,-201.72976414982048,,,,,,,0,0,32.409231523804536,0.476694719596793,0.6061787009239197,0.0,0.005560378078371286,0.006793283391743898,33.39650104921742,0.006783295567047868,1,0,31.68077225651473,8.523228538692448,31.67967784514446,follower_1,,,,,0.9499999999999993,1325,ok,accepted,0,ok,0.8181197,0.0008066000009421259,0.7464510000136215,0.07049380001262762,1,0.0014885000000006698,0.013912399999998826,0,304.26451392189523,47.3672646653269,,3.5202358501795175,0,0,0,,,,,,,,,,,,0,19.16518333360855,0.24494205840764333,22.280188818187234,-0.2106095343655346,19.74364594953969,-0.13450679792272777,23.24397244413927,-0.2986147686181681,17.860356689983952,-0.001297108255473456,31.150589113312595,-0.006256277154266009,30.814921674882633,-0.15617075262072863,30.07798145485585,-0.13148948479520928,27.707194754377873,0.0232694901040491
1345,5.8,empty_shadow,APF,0,0,1344,5.75,1,1,359.93302216877396,-201.72750216585536,,,,,,,0,0,32.429002069662516,0.39541091715960874,0.5884498953819275,0.0,0.005560378078371286,0.006793283391743898,33.39650104921742,0.006775027383500489,1,0,31.744278552089156,8.448753378419847,31.74423232517388,follower_1,,,,,0.9999999999999991,1325,ok,accepted,0,ok,0.8181197,0.0008066000009421259,0.7464510000136215,0.07049380001262762,0,0.0014885000000006698,0.011847600000002956,0,305.2231321655174,48.02967845921967,,3.5224978341446445,0,0,0,,,,,,,,,,,,0,19.176894473425243,0.23422278692601928,22.270709291552695,-0.1895905322222197,19.738106977708803,-0.11077942458983756,23.229989668627248,-0.2796555095874064,17.860308994172595,-0.0009539175597623909,31.150322070342433,-0.005340857582427167,30.80805535261982,-0.13732589816157031,30.07231867266406,-0.11325513712438194,27.708846512851512,0.033035170965991664
1346,5.8500000000000005,empty_shadow,APF,0,0,1345,5.800000000000001,1,1,361.55484807449966,-201.72644535547576,,,,,,,0,0,32.444874107896375,0.31744076467717264,0.5712651610374451,0.0,0.005545435473322868,0.006775027606636286,32.81801486421024,0.00676840051814909,1,0,31.808670268603407,8.378685179567585,31.80732875002851,follower_1,,,,,1.0499999999999998,1325,ok,accepted,0,ok,0.8181197,0.0008066000009421259,0.7464510000136215,0.07049380001262762,1,0.0012012000000005685,0.014191100000001455,0,306.1823302378848,48.692306292577996,,3.523554644524239,0,0,0,,,,,,,,,,,,0,19.188046756165164,0.22304564860256798,22.26229788082901,-0.16822821417069447,19.733762003345035,-0.08689947065278265,23.21702738988888,-0.2592456038037833,17.860284185052492,-0.000496183419316472,31.150087447667484,-0.004692449119385033,30.802119823145834,-0.11871003209077335,30.06756379156161,-0.09509712982871765,27.710946501585468,0.04199977522388424
1347,5.9,empty_shadow,APF,0,0,1346,5.8500000000000005,1,1,363.17737641022575,-201.72692944325394,,,,,,,0,0,32.457007521187066,0.24266826581381906,0.5546576976776123,0.0,0.005545435473322868,0.006775027606636286,32.81801486421024,0.006763341151801739,1,0,31.87376440991258,8.312806551140655,31.870786537109392,follower_1,,,,,1.0999999999999996,1325,ok,accepted,0,ok,0.8181197,0.0008066000009421259,0.7464510000136215,0.07049380001262762,0,0.0012012000000005685,0.011241000000001833,0,307.14204711425555,49.355117751933335,,3.523070556746063,0,0,0,,,,,,,,,,,,0,19.198609666456537,0.21125820165480355,22.254988917187294,-0.14617927257736402,19.730597678940526,-0.06328646883413075,23.205133677322987,-0.23787458940406472,17.860282265910875,-3.838308766677517e-05,31.149873801681395,-0.00427291213748234,30.797122713882494,-0.09994163461092331,30.063716808776697,-0.07693919356652403,27.713458480754557,0.05023958320407814
1348,5.95,empty_shadow,APF,0,0,1347,5.9,1,1,364.800424164191,-201.72922914984167,,,,,,,0,0,32.46548030145332,0.1694556053250551,0.5362909436225891,0.0,0.00553587032482028,0.006763341370970011,31.251031997820647,0.0067598115517814115,1,0,31.939408492242734,8.250954525149597,31.93461069609845,follower_1,,,,,1.1499999999999995,1325,ok,accepted,0,ok,0.8181197,0.0008066000009421259,0.7464510000136215,0.07049380001262762,1,0.0011965000000024872,0.011130500000000154,0,308.1022522666425,50.017960353511626,,3.5207708501583284,0,0,0,,,,,,,,,,,,0,19.208566037586905,0.1991274202680434,22.248782399615628,-0.12413035117514648,19.728602562766625,-0.03990230349475432,23.194365341774766,-0.21536693613442287,17.86030323590092,0.00041940022283136653,31.149673502644923,-0.004005969203683139,30.793041134650203,-0.08163105601683292,30.060754834173053,-0.05923906962689066,27.716355747860785,0.05794534158132801
1349,6.0,empty_shadow,APF,0,0,1348,5.95,1,1,366.4237472998924,-201.7336497342887,,,,,,,0,0,32.47024444093262,0.0952827895859798,0.5163113474845886,0.0,0.00553587032482028,0.006763341370970011,31.251031997820647,0.006757828114791483,1,0,32.00529743352732,8.193106548162222,31.99854592801742,follower_1,,,,,1.1999999999999993,1325,ok,accepted,0,ok,0.8181197,0.0008066000009421259,0.7464510000136215,0.07049380001262762,0,0.0011965000000024872,0.007966899999999555,0,309.062945700251,50.68059005560451,,3.51635026571131,0,0,0,,,,,,,,,,,,0,19.217892980756194,0.18653886247367873,22.243691679060092,-0.10181441081035411,19.727753765595935,-0.01697592296089001,23.184758154810197,-0.19214361472753042,17.860349002456356,0.0009153319663280452,31.149478922659977,-0.0038915844435809237,30.789859823815124,-0.06362572523277438,30.058666420201604,-0.04176790756308956,27.719596342118678,0.06481188494577457
