frame,time_s,condition,controller,hidden_visible,hidden_lidar_hits,lidar_frame,lidar_time_s,lidar_is_new,semantic_lidar_reveal_armed,ego_station_m,ego_local_y_m,hidden_station_m,hidden_local_y_m,hidden_reference_y_m,hidden_lateral_error_m,hidden_commanded_ay_mps2,hidden_road_lateral_velocity_mps,hidden_observation_submitted,hidden_aware_plan,ego_speed_mps,ego_accel_mps2,ego_throttle,ego_brake,ego_steer,commanded_ackermann_steer_rad,target_speed_mps,steer_limit_rad,steering_envelope_active,shield_active,minimum_clearance_m,minimum_ttc_s,minimum_oriented_clearance_m,minimum_oriented_clearance_actor_role,minimum_ttc_2d_s,minimum_ttc_2d_actor_role,hidden_oriented_clearance_m,hidden_ttc_2d_s,plan_age_s,plan_source_frame,plan_status,plan_rejection_reason,new_plan,latest_plan_status,planner_total_s,planner_decision_s,planner_mpc_s,planner_field_s,low_level_updated,low_level_time_s,physics_control_cycle_time_s,physics_control_deadline_miss,occluder_station_m,ego_pass_clearance_ahead_occluder_m,hidden_pass_clearance_ahead_occluder_m,ego_target_lane_error_m,ego_centre_lane_overlap,hidden_centre_lane_overlap,concurrent_centre_lane_overlap,hidden_center_geometric_visible_now,hidden_center_los_blocked,hidden_footprint_fully_blocked,hidden_footprint_blocked_sample_count,hidden_footprint_sample_count,hidden_footprint_blocked_sample_fraction,hidden_center_in_range,hidden_center_in_horizontal_fov,hidden_center_geometric_range_m,hidden_center_geometric_bearing_rad,hidden_center_geometric_clear_streak,hidden_center_geometric_reveal_confirmed,occluder_speed_mps,occluder_accel_mps2,lead_left_speed_mps,lead_left_accel_mps2,lead_centre_speed_mps,lead_centre_accel_mps2,lead_right_speed_mps,lead_right_accel_mps2,rear_centre_speed_mps,rear_centre_accel_mps2,follower_1_speed_mps,follower_1_accel_mps2,follower_2_speed_mps,follower_2_accel_mps2,follower_3_speed_mps,follower_3_accel_mps2,follower_4_speed_mps,follower_4_accel_mps2
3790,0.05,true_threat,IDEAM,0,0,3789,,0,0,179.57935901874853,-201.750085920754,198.95342182131776,-208.75040454349855,-208.75,0.00040234148752915644,-0.0009400719753232999,0.0007010806474147917,0,0,33.34039168931008,0.0,0.5769319534301758,0.0,0.00023186593898572028,0.0002832776808645576,33.27898622028631,0.006409697379289534,0,0,2.936315529617617,13.529404454022936,2.936339915717418,rear_centre,,,15.31280587805573,,0.05,3789,ok,accepted,1,ok,0.4810051,0.0008129999914672226,0.47918930000741966,0.0,1,0.0011721000000015636,0.010814499999998617,0,193.79112673597203,-20.89197926126036,-1.5756383119473583,3.499914079245997,0,0,0,0,1,1,9,9,1.0,1,1,19.469771306963427,-0.3677521468510782,0,0,18.634591322065976,0.15106223013240722,23.725205951167304,0.3725435377861722,21.4652684454618,0.8547970739382025,23.172582085804972,0.3492737408546159,19.259030634672275,0.9008410076115443,31.951748717132173,1.2520639763973296,31.361468261245545,1.2477360690297663,28.23551332749014,5.638618748605041,29.951817365016232,1.2667291176413313
3791,0.1,true_threat,IDEAM,0,0,3790,0.05,1,0,181.2474804834056,-201.75017298512594,200.38140042042343,-208.75040568361024,-208.75,0.00040454349854712746,-0.0010575413848488112,0.0007673201020480629,0,0,33.38263596303028,0.8448854744040091,0.5724273324012756,0.0,0.00023186593898572028,0.0002832776808645576,33.27898622028631,0.0063934856995625814,0,0,3.5594013895455854,13.453221382911204,3.5594207995776532,rear_centre,,,15.086789864742597,,0.1,3789,ok,accepted,0,ok,0.4810051,0.0008129999914672226,0.47918930000741966,0.0,0,0.0011721000000015636,0.009907699999999409,0,194.72310309900362,-20.15583415963488,-1.0796360758732817,3.4998270148740573,0,0,0,0,1,1,9,9,1.0,1,1,19.24583099728456,-0.37218871532334363,0,0,18.641730541158527,0.14278437783506776,23.74876743965285,0.47122977079874384,21.490462595647816,0.5038830102745339,23.195674359025013,0.4618454644221009,19.28625232171919,0.5444337421059443,31.999970193273242,0.9646752517390248,31.40875988622483,0.9460715479954005,28.4909073220997,5.107879892051395,29.99885636207374,0.9410343982048059
3792,0.15000000000000002,true_threat,IDEAM,0,0,3791,0.1,1,0,182.9171888724436,-201.75029002571378,201.8115762850263,-208.75040607414593,-208.75,0.00040568361023929356,-0.0011637269418010333,0.0008268187944402601,0,0,33.403746425563234,0.42220925065905135,0.5702550411224365,0.0,-0.00011625079059740528,-0.00014202712918631732,32.97898529571245,0.0063854073768637,0,0,4.208906852916015,13.407541209381845,4.208908626465874,rear_centre,,,14.861777659360463,,0.15000000000000002,3789,ok,accepted,0,ok,0.4810051,0.0008129999914672226,0.47918930000741966,0.0,1,0.0011434999999977435,0.010704700000001566,0,195.65538464300408,-19.418407314597346,-0.5817417552708832,3.499709974286219,0,0,0,0,1,1,9,9,1.0,1,1,19.022845746035127,-0.37672583269233095,0,0,18.648444423538127,0.13427764396309652,23.77296788955173,0.48400899910530787,21.501250539212247,0.21575887970134242,23.22001213095525,0.4867554386432762,19.299205129319198,0.2590561525237599,32.03761602777431,0.7531010365817951,31.444783175900444,0.7206412276464259,28.69739689505316,4.129791458920775,30.033605460099285,0.6951572728546281
3793,0.2,true_threat,IDEAM,0,0,3792,0.15000000000000002,1,0,184.5863174223256,-201.75039200531822,203.24327802844658,-208.75040594414276,-208.75,0.0004060741459284145,-0.001254615139796022,0.0008774858091881964,0,0,33.38113291222812,-0.45227026670232817,0.5728514790534973,0.0,-0.00011625079059740528,-0.00014202712918631732,32.97898529571245,0.006394061455230799,0,0,4.873085002481,13.418639462388624,4.873066935497141,rear_centre,,,14.639201949433359,,0.2,3789,ok,accepted,0,ok,0.4810051,0.0008129999914672226,0.47918930000741966,0.0,0,0.0011434999999977435,0.013355599999997025,0,196.58800186993358,-18.681895991644836,-0.08265723878008657,3.4996079946817815,0,0,0,0,1,1,9,9,1.0,1,1,18.80223710588385,-0.3813533721682957,0,0,18.65471770956266,0.12546571759998926,23.79408034296953,0.4222490697040016,21.500058424204695,-0.023842290074866067,23.24175590930196,0.4348755670028605,19.300660435230693,0.029106117931114735,32.06713795658262,0.5905676823914211,31.472138604844083,0.5472279477378509,28.843326238434525,2.918586867498077,30.05884226843612,0.5048456453499219
3794,0.25,true_threat,IDEAM,0,0,3793,0.2,1,0,186.25428628869017,-201.7504486041677,204.67589529915736,-208.75040550181623,-208.75,0.0004059441427557431,-0.0013281721096359141,0.0009182930132447271,0,0,33.35836631753613,-0.45533189383974104,0.6005005836486816,0.0,-0.000509581295773387,-0.0006225709803402424,32.67898479466094,0.006402791900966485,0,0,4.726035332052439,13.422452265527877,4.726069463571372,occluder,,,14.419055222673007,,0.25,3789,ok,accepted,0,ok,0.4810051,0.0008129999914672226,0.47918930000741966,0.0,1,0.0011766000000008603,0.012005699999999564,0,197.52089376025566,-17.946819015602358,0.4170681416086097,3.499551395832299,0,0,0,0,1,1,9,9,1.0,1,1,18.58400297090596,-0.3860992745453915,0,0,18.66053323310699,0.11631046881766288,23.809632874918016,0.31105064038455876,21.48863338252108,-0.2285008221983568,23.258286903285853,0.33061987974978585,19.29257708644264,-0.16166697689097886,32.089975095406636,0.4568253039037585,31.49239880464624,0.40527723426924345,28.926177651953715,1.6570282702887742,30.07627282474243,0.34866997029019986
3795,0.3,true_threat,IDEAM,0,0,3794,0.25,1,1,187.92494068615727,-201.75045851050422,206.10893981593702,-208.75040491373883,-208.75,0.0004055018162318902,-0.0013837952574807678,0.0009489981724812666,0,0,33.45242485285128,1.8811707063029814,0.613442063331604,0.0,-0.000509581295773387,-0.0006225709803402424,32.67898479466094,0.006366837899161601,0,0,4.014311013257674,13.25408416319604,4.0143162350005435,occluder,,,14.19731052535852,,0.3,3789,ok,accepted,0,ok,0.4810051,0.0008129999914672226,0.47918930000741966,0.0,0,0.0011766000000008603,0.010638799999998838,0,198.45409083675196,-17.209361694631554,0.9169155818919705,3.4995414894957833,0,0,0,0,1,1,9,9,1.0,1,1,18.364145120543647,-0.39106076645507104,0,0,18.665883365502914,0.1070026466262377,23.818597425283382,0.17929100891600366,21.468203747071463,-0.40859269637064805,23.268454982472182,0.20336158382831757,19.276313115115208,-0.3252794282561343,32.10682863318048,0.33711668811738116,31.506356537658405,0.27919276717507113,28.95232358732112,0.5229187072585422,30.086821537961374,0.21099836404322872
3796,0.35000000000000003,true_threat,IDEAM,0,0,3795,0.30000000000000004,1,1,189.59965387443035,-201.75032970311372,207.54186226241129,-208.75040436730453,-208.75,0.00040491373883355664,-0.0014211675723969175,0.0009694992019243127,0,0,33.51772403525461,1.3059836480665865,0.5099656581878662,0.0,-0.0008523009601049125,-0.0010412820847705007,32.378987418821566,0.006342055001082407,0,0,3.3103465267105014,13.118576719411973,3.310341125115268,occluder,,,13.97225624353388,,0.35000000000000003,3789,ok,accepted,0,ok,0.4810051,0.0008129999914672226,0.47918930000741966,0.0,1,0.0011681999999986203,0.012033599999998756,0,199.38753207468065,-16.46808974428717,1.4163967904375454,3.499670296886279,0,0,0,0,1,1,9,9,1.0,1,1,18.140960857669,-0.39630379862196996,0,0,18.67075856813256,0.09750405220997949,23.82125628005712,0.05317709705256098,21.439583956691553,-0.5723957944474212,23.272458511142723,0.08007057354600268,19.252726828120245,-0.4717257416716547,32.11788118788239,0.22107112615109328,31.51429557337347,0.15879524320883484,28.93428578849762,-0.3607559765536443,30.090879136473202,0.08115675345453564
3797,0.4,true_threat,IDEAM,0,0,3796,0.35000000000000003,1,1,191.27668635165745,-201.75006277541056,208.9742048749349,-208.75040401867503,-208.75,0.0004043673045259766,-0.0014405365276426042,0.000980016872924103,0,0,33.55419952462249,0.729509787357614,0.4310563802719116,0.0,-0.0008523009601049125,-0.0010412820847705007,32.378987418821566,0.006328274452065507,0,0,2.6251575556903783,13.016242758919622,2.625224758139025,occluder,,,13.745142261776119,,0.4,3789,ok,accepted,1,ok,0.3171047,0.0007354999834205955,0.3159118000185117,0.0,0,0.0011681999999986203,0.009627999999999304,0,200.32118694084915,-15.724712133228564,1.9150845367926763,3.499937224589445,0,0,0,0,1,1,9,9,1.0,1,1,17.9156749740448,-0.4018117982719066,0,0,18.675143578900464,0.08770021592296892,23.818839680145704,-0.04833199652968727,21.403378640353854,-0.7241063128895253,23.271451434473093,-0.020141533247388755,19.22241522475654,-0.6062320684844279,32.12308673596114,0.10411579526309393,31.516217642992576,0.038443529178399743,28.887286806236244,-0.9399796452318001,30.088525787312616,-0.04706747781970036
3798,0.45,true_threat,IDEAM,0,0,3797,0.4,1,1,192.9547868920029,-201.7496428954484,210.40554038661747,-208.75034297844846,-208.75,0.0004040186750273733,-0.0014431011769501165,0.0009812867316511195,0,0,33.56720737409841,0.2601569895183786,0.3730587363243103,0.0,-0.00043034309055656195,-0.0005257632583379745,32.17771628527679,0.006323370910568159,0,0,1.9817355877536122,12.941150854373394,1.9820773678594075,occluder,,,13.5167663595194,,0.45,3789,ok,accepted,0,ok,0.3171047,0.0007354999834205955,0.3159118000185117,0.0,1,0.0011816000000024474,0.011581300000003125,0,201.25505542484672,-14.980480076880696,2.412551564477667,3.500357104551597,0,0,0,0,1,1,9,9,1.0,1,1,17.689044393273466,-0.40752566641929777,0,0,18.67903076795578,0.07774378237030256,23.813016556480484,-0.11646247137460325,21.360076079617492,-0.866051200503399,23.26705690721031,-0.08789054505066513,19.18578838796486,-0.7325367355137803,32.122277413682056,-0.01618674251609506,31.512010279056003,-0.0841472607883593,28.825296061694598,-1.239814890677513,30.079717981492067,-0.17614987572678492
3799,0.5,true_threat,IDEAM,0,0,3798,0.45,1,1,194.6329178926654,-201.74905515840558,211.83541107545682,-208.75034347309196,-208.75,0.0003429784484580978,-0.0014787149849303984,0.0009739431909427092,0,0,33.56179436100369,-0.10826026189434401,0.3288101553916931,0.0,-0.00043034309055656195,-0.0005257632583379745,32.17771628527679,0.006325410750066503,0,0,1.4393060080477573,12.888297926368363,1.4403331232013823,occluder,,,13.28776558610181,,0.5,3789,ok,accepted,0,ok,0.3171047,0.0007354999834205955,0.3159118000185117,0.0,0,0.0011816000000024474,0.012581000000000842,0,202.1891375370841,-14.236431188455555,2.908340141079634,3.5009448415944178,0,0,0,0,1,1,9,9,1.0,1,1,17.461679827672853,-0.41342355102847306,0,0,18.68240487761685,0.0674821948945833,23.805442486106326,-0.15148140559088466,21.3101245041929,-0.9990314957857925,23.26091143369815,-0.12290947001558228,19.14321253207007,-0.8515171157654307,32.115323713702274,-0.1390705118852842,31.50157076039285,-0.20878363617120915,28.758992801011228,-1.3260652132840471,30.064416271007435,-0.3060117503082514
3800,0.55,true_threat,IDEAM,0,0,3799,0.5,1,1,196.31025534785124,-201.748208292644,213.26348122729155,-208.75034458197132,-208.75,0.0003434730919593676,-0.0014506850286183763,0.0009585908345477057,0,0,33.542119075137926,-0.39350571731532114,0.29233261942863464,0.0,-0.0008096839883364737,-0.0009892155649140477,31.972209129021277,0.006332833503497403,0,0,1.150640079222275,12.853691839513376,1.1529425785661898,occluder,,,13.058656568571047,,0.55,3789,ok,accepted,0,ok,0.3171047,0.0007354999834205955,0.3159118000185117,0.0,1,0.0011860000000005755,0.013700499999998783,0,203.12331120205053,-13.493267398236156,3.4022366279479286,3.5017917073560056,0,0,0,0,1,1,9,9,1.0,1,1,17.23408975911651,-0.419535059802239,0,0,18.685256370276505,0.05702985467556762,23.797410653212815,-0.1606366557215155,21.25399503025462,-1.1225894684126625,23.25431391936233,-0.13195028640848894,19.095019535337133,-0.9638599308495449,32.10219547953481,-0.262550045606727,31.484891912965946,-0.3335565231191002,28.69571840952281,-1.2654878291153968,30.042653867406216,-0.4352028022740757
3801,0.6000000000000001,true_threat,IDEAM,0,0,3800,0.55,1,1,197.98624993598068,-201.74708722676948,214.68929307847645,-208.75034646124823,-208.75,0.0003445819713192577,-0.0014093163378858377,0.0009361010638562466,0,0,33.511329035966085,-0.6158007834368107,0.2596546411514282,0.0,-0.0008096839883364737,-0.0009892155649140477,31.972209129021277,0.006344475688053122,0,0,1.1441142772658282,12.834220388656153,1.1464089738396388,occluder,,,12.829585170082728,,0.6000000000000001,3789,ok,accepted,0,ok,0.3171047,0.0007354999834205955,0.3159118000185117,0.0,0,0.0011860000000005755,0.012103299999999706,0,204.0576679620643,-12.751629570120485,3.8936917191190616,3.50291277323052,0,0,0,0,1,1,9,9,1.0,1,1,17.006404234838342,-0.42587755642500663,0,0,18.687575709223594,0.04638677977968443,23.789727864525503,-0.15365577165454264,21.19217593826844,-1.2363818314636366,23.248082615879028,-0.12462606933411377,19.04160040436407,-1.0683826144639859,32.082977140199695,-0.38433556613494724,31.46208112366852,-0.45617676940403384,28.639741533388985,-1.119537521684909,30.01457277938926,-0.561549938262132
3802,0.6500000000000001,true_threat,IDEAM,0,0,3801,0.6000000000000001,1,1,199.66044384135466,-201.74553952906197,216.11244990051898,-208.75034924626277,-208.75,0.00034646124822756974,-0.0013559030795224766,0.000907262265613629,0,0,33.47160790547958,-0.7944226097301055,0.22800223529338837,0.0,-0.001364666037261486,-0.001667254138737917,31.799513720247536,0.0063595423372582414,0,0,1.1457246874862506,12.8274630913621,1.147408894938711,occluder,,,12.600733840028754,,0.6500000000000001,3789,ok,accepted,0,ok,0.3171047,0.0007354999834205955,0.3159118000185117,0.0,1,0.0012893999999974426,0.012290300000000087,0,204.99205524485978,-12.011822947541987,4.3824612583661064,3.504460470938028,0,0,0,0,1,1,9,9,1.0,1,1,16.778796611503324,-0.4325018102340736,0,0,18.689351452005905,0.03551485600958492,23.782689760066766,-0.1407620869742427,21.125187935232237,-1.3397600552784663,23.24253032764591,-0.11104576436785865,18.983340423116918,-1.165199619157239,32.057875279396974,-0.5019860107921897,31.433358376340635,-0.5743945503381582,28.60650406817929,-0.6647493029148547,29.98039895984399,-0.6833770793894267
3803,0.7000000000000001,true_threat,IDEAM,0,0,3802,0.65,1,1,201.3324403250698,-201.74353481728522,217.53261600007926,-208.75035305153358,-208.75,0.0003492462627718851,-0.0012917491210458103,0.0008728589618129546,0,0,33.424382593128804,-0.9445062470155108,0.19609227776527405,0.0,-0.001364666037261486,-0.001667254138737917,31.799513720247536,0.006377525341360556,0,0,1.1478073185101891,12.831547898071367,1.1483916096233076,occluder,,,12.372240929869873,,0.7000000000000001,3789,ok,accepted,1,ok,0.2895546,0.0006379000260494649,0.288504699972691,0.0,0,0.0012893999999974426,0.012362100000000709,0,205.92659512074243,-11.274366339709502,4.868087482043734,3.506465182714777,0,0,0,0,1,1,9,9,1.0,1,1,16.551381545203032,-0.4394253707778396,0,0,18.690572153387205,0.024414026961731557,23.776189528179465,-0.1300046354835726,21.053586059757095,-1.432037506884989,23.23754643015459,-0.09967794945606996,18.9206897274053,-1.2530139088653622,32.027207124687095,-0.6132903723504797,31.399033313213053,-0.6864187224791369,28.57512245328817,-0.6276322964543505,29.940474662471935,-0.7983605049982991
3804,0.7500000000000001,true_threat,IDEAM,0,0,3803,0.7000000000000001,1,1,203.001842757536,-201.74136314375465,218.94936413108843,-208.75035802281144,-208.75,0.00035305153357967356,-0.0012180778277913152,0.0008336216970305857,0,0,33.3705767388577,-1.0761170854220836,0.16415716707706451,0.0,0.0017561407294124365,0.00214553065598011,32.252592046986884,0.0063981072741429515,0,0,1.1500569008771606,12.844983513960708,1.1489780820435131,occluder,,,12.143978477829801,,0.45000000000000007,3795,ok,accepted,0,ok,0.2895546,0.0006379000260494649,0.288504699972691,0.0,1,0.0012046999999988373,0.010265700000001488,0,206.86116551420142,-10.539534300702286,5.350265219593922,3.508636856245346,0,0,0,0,1,1,9,9,1.0,1,1,16.32392544531331,-0.4463832601707215,0,0,18.6912282757079,0.013122444278834099,23.769899101513438,-0.1258085316164293,20.977936794596452,-1.512985303131593,23.23278378483573,-0.09525290603225042,18.85408509957304,-1.3320925519382758,31.99135856834643,-0.716877222447825,31.359507100817634,-0.790420666001849,28.633376692431934,1.165084784163842,29.89520689508415,-0.9052070989256232
3805,0.8,true_threat,IDEAM,0,0,3804,0.75,1,1,204.66843753654035,-201.7390856164984,220.36235860020668,-208.75036427461498,-208.75,0.0003580228114401507,-0.001135960589456911,0.0007902104658939063,0,0,33.310775294325005,-1.1960288906539063,0.13224107027053833,0.0,0.0017561407294124365,0.00214553065598011,32.252592046986884,0.0064210997739405805,0,0,1.1523970781816786,12.866563457664126,1.14956897683512,occluder,,,11.91584251543223,,0.5,3795,ok,accepted,0,ok,0.2895546,0.0006379000260494649,0.288504699972691,0.0,0,0.0012046999999988373,0.015746599999999944,0,207.79573590245502,-9.807509909951534,5.828689300458564,3.510914383501614,0,0,0,0,1,1,9,9,1.0,1,1,16.096277541969844,-0.45328074223278725,0,0,18.691310282325166,0.0016401287445862336,23.763377880177323,-0.13042442601149565,20.897913983291144,-1.6004562278857797,23.227815146363948,-0.09937276905903948,18.78338348896842,-1.4140322085796198,31.95077457777674,-0.8115666109637826,31.315230427867384,-0.8854113772828452,28.697185131352402,1.2761687795062366,29.84506548303406,-1.0026621710639796
3806,0.8500000000000001,true_threat,IDEAM,0,0,3805,0.8,1,1,206.33185846678282,-201.73674813681032,221.77138578439948,-208.75037187981962,-208.75,0.0003642746149807863,-0.0010466134029159292,0.000743351719389199,0,0,33.24539526262496,-1.3076006340008917,0.10027071088552475,0.0,0.0019276062957942486,0.0023550153709948063,31.952048571180782,0.006446379237943903,0,0,1.1548124667061472,12.895473355794461,1.1506383784141974,occluder,,,11.688015421176521,,0.55,3795,ok,accepted,0,ok,0.2895546,0.0006379000260494649,0.288504699972691,0.0,1,0.0011900000000011346,0.010419100000000014,0,208.73030629591398,-9.078659373168023,6.303146091192417,3.51325186318968,0,0,0,1,1,0,8,9,0.8888888888888888,1,1,15.868617429286056,-0.46017203304867843,1,0,18.690808636595186,-0.010032919554246024,23.75627872759521,-0.14198305171579115,20.813025529371075,-1.6977690808092558,23.22227430288654,-0.11081686920837716,18.707060923372662,-1.526451309427011,31.90594391315855,-0.8964839557925155,31.266699665859377,-0.9704785118640311,28.729886620801285,0.6540297897172296,29.790560142476277,-1.0899287403091364
3807,0.9000000000000001,true_threat,IDEAM,0,12,3806,0.8500000000000001,1,1,207.9918309161032,-201.73442709232833,223.17617102547976,-208.75038093212237,-208.75,0.0003718798196246098,-0.0009510411047219584,0.0006936360891231369,0,0,33.174748984643905,-1.412925559621101,0.06869570910930634,0.0,0.0019276062957942486,0.0023550153709948063,31.952048571180782,0.006473863086822514,0,0,1.157196161236385,12.931215497378691,1.152650163607952,occluder,,,11.46053363453847,,0.6000000000000001,3795,ok,accepted,0,ok,0.2895546,0.0006379000260494649,0.288504699972691,0.0,0,0.0011900000000011346,0.010831299999999544,0,209.66487668416758,-8.353257312101249,6.773360944019089,3.515572907671668,0,0,0,1,1,0,6,9,0.6666666666666666,1,1,15.640972852733517,-0.4671089103654419,2,1,18.68971952394102,-0.02178225917071186,23.748397556158167,-0.15762342946256622,20.72497278807707,-1.7610548277688347,23.21594000205472,-0.12668601631966364,18.62667570792659,-1.6077043078609357,31.857364771344457,-0.9714415847080927,31.214428236312457,-1.045281755812797,28.732413854073055,0.050544665914102414,29.732219493525992,-1.1666293356306257
3808,0.9500000000000001,true_threat,IDEAM,1,45,3807,0.9,1,1,209.64814130311018,-201.7322446262332,224.57643966526035,-208.7503915252202,-208.75,0.0003809321223684492,-0.0008503049237910534,0.0006416947898254515,0,0,33.099115459257064,-1.5126705077368285,0.037618473172187805,0.0,0.0016676293453201652,0.0020373936276882887,31.667607168049265,0.006503482411743189,0,0,1.1594566090433602,12.973586438043961,1.1561649367461535,occluder,,,11.233369285457272,,0.65,3795,ok,accepted,0,ok,0.2895546,0.0006379000260494649,0.288504699972691,0.0,1,0.002055800000000829,0.017424200000000667,0,210.5992334545921,-7.631303695518795,7.239272813375152,3.5177553737667893,0,0,0,1,0,0,4,9,0.4444444444444444,1,1,15.413305486825964,-0.4741570285307003,3,1,18.688031501224746,-0.033760460904613064,23.73971720027558,-0.1736071182621379,20.635256842886125,-1.794318903898291,23.20877600508012,-0.14327993913915182,18.544056990049448,-1.6523743575777088,31.80555239729468,-1.0360990236448138,31.158931343956375,-1.109785990719419,28.709119401512446,-0.46588905097616534,29.67058152156911,-1.2325766038012584
3809,1.0,true_threat,IDEAM,1,106,3808,0.9500000000000001,1,1,211.30051500084895,-201.73029238495104,225.9718560104014,-208.75040377363172,-208.75,0.0003915252202091324,-0.0007456357026873976,0.0005882532660303908,0,0,33.018738543303236,-1.6075383190765535,0.007530419155955315,0.0,0.0016676293453201652,0.0020373936276882887,31.667607168049265,0.006535182667596909,0,0,1.1614257864738988,13.022683316376082,1.1595720787721246,occluder,,,11.006510526936179,,0.7,3795,ok,accepted,0,ok,0.2895546,0.0006379000260494649,0.288504699972691,0.0,0,0.002055800000000829,0.017354199999999764,0,211.53362072177146,-6.913317264959375,7.7003018913368635,3.519707615048958,0,0,0,1,0,0,2,9,0.2222222222222222,1,1,15.185582280695302,-0.4813639476724118,4,1,18.68574266033362,-0.045776824801615164,23.730382619747196,-0.18669161014845229,20.544890496615977,-1.8073269223513815,23.200904381425044,-0.1574324727747715,18.460131741160524,-1.6785049784918435,31.751018100883737,-1.0905351757108408,31.100735508822908,-1.1637649442806288,28.666299420279003,-0.8563996245132487,29.606195496130958,-1.2875444697559042
3810,1.05,true_threat,IDEAM,1,174,3809,1.0,1,1,212.94867740839163,-201.7287383088487,227.36229799059754,-208.75041771899996,-208.75,0.00040377363171728575,-0.0006378333369505586,0.0005338068012913262,1,0,32.93054608788155,-1.763849108433675,0.0,0.021454935893416405,0.0011117926333099604,0.0013583109248429537,31.41326401793227,0.006570232740366082,0,0,1.1629510952355417,13.08343644492141,1.1625780713006062,occluder,,,10.78011159150755,,0.75,3795,ok,accepted,0,ok,0.2895546,0.0006379000260494649,0.288504699972691,0.0,1,0.0013940000000012276,0.015405999999998699,0,212.46779435030015,-6.1993284859453865,8.156570243004296,3.5212616911512953,0,0,0,1,0,0,0,9,0.0,1,1,14.957936083492964,-0.48878733046005596,5,1,18.682845375306535,-0.057945706419254596,23.72062651427628,-0.1951221075147179,20.45464622461821,-1.804885432727458,23.192542569688065,-0.16723623437321333,18.375754453365477,-1.6875457568397572,31.694267354207465,-1.1348668252952554,31.04035377699668,-1.2074877760070368,28.610332084938012,-1.1193467067381817,29.539591471624743,-1.3319163943843224
3811,1.1,true_threat,IDEAM,1,179,3810,1.05,1,1,214.59226230961664,-201.72756726406743,228.74758250039068,-208.75043342378964,-208.75,0.0004177189999552411,-0.0005278067304444262,0.0004788788502270106,0,0,32.83419490923684,-1.9270235728941998,0.0,0.045952197164297104,0.0011117926333099604,0.0013583109248429537,31.41326401793227,0.006608848585764572,0,0,1.1640934247300265,13.157253196366703,1.163061863691751,occluder,,,10.554434526400387,,0.8,3795,ok,accepted,1,ok,0.428938,0.0006118000019341707,0.4279912000056356,0.0,0,0.0013940000000012276,0.010391800000000728,0,213.40181539094715,-5.489764625367371,8.607833712150438,3.5224327359325684,0,0,0,1,0,0,0,9,0.0,1,1,14.730594392259103,-0.49646278069386907,6,1,18.67933964817971,-0.07011454635959717,23.71073880078104,-0.19775426641691812,20.365180154023687,-1.7893213998752064,23.183957597864648,-0.17169943611758998,18.29152021840332,-1.6846846998865517,31.635786443066902,-1.1694771608501677,30.97829908703277,-1.2409560782369438,28.546746799316203,-1.271705712393136,29.47130320244792,-1.3656174101776826
3812,1.1500000000000001,true_threat,IDEAM,1,187,3811,1.1,1,1,216.23078136083774,-201.7265963117215,230.127556951899,-208.75045094005466,-208.75,0.00043342378964439376,-0.000416248408016643,0.00042388191096231,1,0,32.73166336871178,-2.050630810501275,0.0,0.06438930332660675,-0.002184294629842043,-0.0026686193887144327,32.01258398117422,0.006650316492980937,0,0,1.1650357138430252,13.242261178063558,1.1632429491017804,occluder,,,10.330052155152485,,0.55,3801,ok,accepted,0,ok,0.428938,0.0006118000019341707,0.4279912000056356,0.0,1,0.0013782000000013284,0.01166770000000028,0,214.3356838437124,-4.785114026911515,9.05393971089353,3.5234036882785063,0,0,0,1,0,0,0,9,0.0,1,1,14.50412118189395,-0.5046525007138015,7,1,18.67521975635337,-0.0823978382885499,23.70099413725107,-0.19489326564164725,20.27706067537815,-1.762389555292562,23.175412679382397,-0.17089836935719585,18.20805655490571,-1.6692732700638793,31.57605774407604,-1.1944437925606517,30.915046139365945,-1.2649339036038592,28.479943816366358,-1.3360596589559846,29.401847192422835,-1.3889912690345945
3813,1.2000000000000002,true_threat,IDEAM,1,192,3812,1.1500000000000001,1,1,217.86399041103334,-201.72579501752082,231.5022823802753,-208.75047024697344,-208.75,0.0004509400546623965,-0.0003039718531252486,0.0003692910538084255,0,0,32.62477142037319,-2.13783896677171,0.0,0.07812540978193283,-0.002184294629842043,-0.0026686193887144327,32.01258398117422,0.0066939648372512355,0,0,1.1658389560841442,13.33662573355138,1.164558726093688,occluder,,,10.107402883214634,,0.6000000000000001,3801,ok,accepted,0,ok,0.428938,0.0006118000019341707,0.4279912000056356,0.0,0,0.0013782000000013284,0.012240499999997212,0,215.26927764870123,-4.085498781704757,9.495071334280965,3.5242049824791764,0,0,0,1,0,0,0,9,0.0,1,1,14.278902108428252,-0.5134516055317315,8,1,18.67048379144102,-0.09471929814718874,23.69162713009578,-0.1873401377581371,20.190814215879325,-1.7249291670849873,23.167134790442855,-0.16555777858786175,18.125811689525264,-1.6448973069173518,31.515548299057,-1.2100725424626873,30.85108482410896,-1.2791164893370397,28.413156092120914,-1.3357544848636225,29.3317131897673,-1.4025718417605515
3814,1.2500000000000002,true_threat,IDEAM,1,202,3813,1.2000000000000002,1,1,219.49179786583133,-201.7250413423923,232.87169775036682,-208.7504913653675,-208.75,0.00047024697343545085,-0.00019198343334826884,0.00031565611783146083,1,0,32.51476710850587,-2.200086237346426,0.0,0.08861634135246277,-0.002704313723370433,-0.0033039425034075975,31.72614205811275,0.0067393342765178854,0,0,1.166564134552175,13.439174032118352,1.166087277354451,occluder,,,9.886693214060163,,0.6500000000000001,3801,ok,accepted,0,ok,0.428938,0.0006118000019341707,0.4279912000056356,0.0,1,0.0018503000000009706,0.01355490000000259,0,216.20265782024487,-3.391071498450401,9.931106532828863,3.524958657607698,0,0,0,1,0,0,0,9,0.0,1,1,14.05505794389961,-0.5228361589701791,9,1,18.66513556819355,-0.10696446319472688,23.682796088274216,-0.17662083086259736,20.106929058083317,-1.6777031269654552,23.15928796225564,-0.15693656341649861,18.045369269728432,-1.6088483943541745,31.454711745316065,-1.2166305503412427,30.786872562172,-1.284152218264288,28.348559911413034,-1.2919236141010302,29.261371851743654,-1.4067396475207374
3815,1.3,true_threat,IDEAM,1,210,3814,1.25,1,1,221.1140816184885,-201.72422851646186,234.23604720278436,-208.7505142119507,-208.75,0.0004913653675089336,-8.115352443855973e-05,0.00026346989913650365,0,0,32.40260799712758,-2.2431822275657964,0.0,0.09630053490400314,-0.002704313723370433,-0.0033039425034075975,31.72614205811275,0.006786068958129847,0,0,1.1673485679299063,13.5489860201188,1.1673582697214377,occluder,,,9.668413983315713,,0.7,3801,ok,accepted,0,ok,0.428938,0.0006118000019341707,0.4279912000056356,0.0,0,0.0018503000000009706,0.009743300000000232,0,217.135732816025,-2.7018627415733647,10.36238098946626,3.5257714835381364,0,0,0,1,0,0,0,9,0.0,1,1,13.832993280315563,-0.532764339307345,10,1,18.659175087511205,-0.11920961065393967,23.674583029393823,-0.16426117425801526,20.02525260888022,-1.6335289530908805,23.15194848913094,-0.14678946230317574,17.96704019424246,-1.566581507086706,31.39397116907882,-1.2147279149656514,30.722851498316203,-1.2803455686365135,28.28747325216959,-1.221733184794502,29.191297660989374,-1.4014170435795537
3816,1.35,true_threat,IDEAM,1,215,3815,1.3,1,1,222.7306584958768,-201.72315823794787,235.59526970237525,-208.75053880754456,-208.75,0.0005142119507013376,2.7692147401661032e-05,0.00021315411842189394,1,0,32.289046761179094,-2.271224718969762,0.0,0.10162650793790817,-0.002799118170514703,-0.0034197678323835135,31.469539648749006,0.006833884900230563,0,0,1.1683905684097624,13.66529691877206,1.1667014371390134,occluder,,,9.452898432530779,,0.75,3801,ok,accepted,0,ok,0.428938,0.0006118000019341707,0.4279912000056356,0.0,1,0.0013707000000025005,0.010289200000002552,0,218.0684721184653,-2.018025166625364,10.788864186616848,3.526841762052129,0,0,0,1,0,0,0,9,0.0,1,1,13.612945974402006,-0.5432027514950701,11,1,18.65260616412212,-0.13137846396346423,23.667007026366054,-0.1515200564031106,19.94481211798856,-1.6088097873135112,23.14514498097068,-0.13607016317647305,17.89145197945911,-1.511764292192337,31.333751559103593,-1.2043255573951352,30.659444705983105,-1.2680770554891148,28.230538890866097,-1.1386872259706777,29.121932714861387,-1.387250725304723
3817,1.4000000000000001,true_threat,IDEAM,1,224,3816,1.35,1,1,224.34155896351862,-201.72167790855784,236.94954835459754,-208.7505650896844,-208.75,0.0005388075445580398,0.000133777546924389,0.00016514916040113493,0,0,32.17476083636406,-2.285718496300717,0.0,0.10455434024333954,-0.002799118170514703,-0.0034197678323835135,31.469539648749006,0.006882518009876561,0,0,1.1698427342842024,13.787336178192627,1.1660228217027218,occluder,,,9.240496653670002,,0.8,3801,ok,accepted,0,ok,0.428938,0.0006118000019341707,0.4279912000056356,0.0,0,0.0013707000000025005,0.008948100000001347,0,219.00087572756578,-1.3395283080840272,11.210739229738664,3.5283220914421634,0,0,0,1,0,0,0,9,0.0,1,1,13.395167643786799,-0.5541247334662176,12,1,18.64543833486975,-0.1433565808542897,23.660062358720666,-0.13889335052712795,19.866010037561924,-1.576041578182428,23.138867900287934,-0.12554161375395342,17.906481903314653,0.3005984810823475,31.274439768295466,-1.1861853617105105,30.597061933939845,-1.2476123105437282,28.177897971280277,-1.0528183915860658,29.05370200376557,-1.3645820631831822
3818,1.4500000000000002,true_threat,IDEAM,1,239,3817,1.4000000000000001,1,1,225.94681346611492,-201.7195738948465,238.2989747121803,-208.75059302713785,-208.75,0.0005650896843860664,0.0002361099998167988,0.00011997874871780799,1,1,32.0605858459764,-2.283499807753202,0.0,0.10405324399471283,-0.002886313246563077,-0.0035262969322502613,32.06136377379003,0.006931624132351167,0,0,1.171949226985646,13.913943826270325,1.1656870187628867,occluder,,,9.031530734401295,,0.4500000000000002,3809,ok,accepted,1,ok,0.321049,0.0006488999933935702,0.31998359999852255,0.0,1,0.0015412999999995236,0.014910000000000423,0,219.93291313616083,-0.666311214082782,11.62812817872637,3.5304261051535093,0,0,0,1,0,0,0,9,0.0,1,1,13.179875723944157,-0.5655224670600282,13,1,18.63762963743866,-0.15617394422889846,23.65371469425478,-0.12695328752810117,19.789481512361945,-1.5305704771789634,23.133088638601162,-0.1155852333904128,17.85386961108985,-1.0522458399303176,31.216415056073007,-1.1604584082739648,30.536076730427112,-1.2196746983433544,28.129416978997316,-0.9696198454938902,28.987005802984772,-1.3339047981979106
3819,1.5000000000000002,true_threat,IDEAM,1,252,3818,1.4500000000000002,1,1,227.54642194120095,-201.71666309135577,239.64360981027625,-208.75062259908344,-208.75,0.0005930271378531415,0.0003341516410286631,7.7927816252139e-05,0,1,31.94736780820318,-2.2643607554643808,0.0,0.10023455321788788,-0.002886313246563077,-0.0035262969322502613,32.06136377379003,0.00698083945632729,0,0,1.174833295181513,14.043852194488343,1.1658895984138733,occluder,,,8.826329885957792,,0.5000000000000002,3809,ok,accepted,0,ok,0.321049,0.0006488999933935702,0.31998359999852255,0.0,0,0.0015412999999995236,0.010726600000001696,0,220.86455380585258,0.0016565913115016428,12.041122607130575,3.5333369086442303,0,0,0,1,0,0,0,9,0.0,1,1,12.967282194767161,-0.5773907053957387,14,1,18.629143831703093,-0.16971611026370717,23.647941144171895,-0.11547100066372144,19.715743434240935,-1.474761539757211,23.127782398069233,-0.10612481049474828,17.701132953789298,-3.0547331409311624,31.160031934328302,-1.1276390688350646,30.476860800103854,-1.1843005425598945,28.084802182276675,-0.892295934206683,28.92221394540399,-1.295827552358567
3820,1.55,true_threat,IDEAM,1,256,3819,1.5,1,1,229.1403538087358,-201.71276240303837,240.9836672719198,-208.75065373264567,-208.75,0.0006225990834423101,0.00042748316728143424,3.922005526245213e-05,1,1,31.835861765158715,-2.2301208608892864,0.0,0.09359770268201828,-0.0025788801722228527,-0.003150696400552988,31.806451732084355,0.0070298246784033696,0,0,1.3530483366481802,14.175826338959782,1.3450081983862319,occluder,,,8.62536915269594,,0.55,3809,ok,accepted,0,ok,0.321049,0.0006488999933935702,0.31998359999852255,0.0,1,0.0013764999999992256,0.014214400000000182,0,221.79576722947542,0.6643750352235145,12.449966645151306,3.5372375969616314,0,0,0,1,0,0,0,9,0.0,1,1,12.757747237331698,-0.5896964940909348,15,1,18.619982826839582,-0.18322009372037046,23.642711191137064,-0.10459906032250386,19.64527645437665,-1.4093395799707604,23.122933922222664,-0.09696951661859189,17.530833429163398,-3.4059904871877693,31.10561636279588,-1.0882979933075094,30.41974966587357,-1.1422132318324283,28.04374077599179,-0.8212281254539278,28.859686826422084,-1.250538995178827
3821,1.6,true_threat,IDEAM,1,267,3820,1.55,1,1,230.72882263969993,-201.70771916913705,242.31933020256906,-208.75068636535988,-208.75,0.0006537326456736992,0.0005153352908017138,4.250458742914229e-06,0,1,31.72676372340803,-2.181960835013683,0.0,0.08419071137905121,-0.0025788801722228527,-0.003150696400552988,31.806451732084355,0.007078252760721642,0,0,1.7746192096142606,14.308592166026415,1.7690308262542986,occluder,,,8.428908663838312,,0.6000000000000001,3809,ok,accepted,0,ok,0.321049,0.0006488999933935702,0.31998359999852255,0.0,0,0.0013764999999992256,0.011242599999999214,0,222.72646185430034,1.3221492413627232,12.854934950975633,3.54228083086295,0,0,0,1,0,0,0,9,0.0,1,1,12.551401091859672,-0.6024346550942316,16,1,18.610159974257314,-0.1964570490724297,23.63801339088778,-0.09395600496121465,19.578498280685015,-1.3355634629617568,23.118539394706755,-0.08789055016823004,17.410521700720047,-2.4062345635504543,31.053473385245475,-1.042853296897104,30.365054131172496,-1.093907027944157,28.005940935725935,-0.7559968050282214,28.799752488112357,-1.1986864204946175
3822,1.6500000000000001,true_threat,IDEAM,1,274,3821,1.6,1,1,232.31195048878263,-201.70148757164424,243.65072067252945,-208.75072045558298,-208.75,0.0006863653598827568,0.0005975526859324793,-2.6922443347929953e-05,1,1,31.620699285686023,-2.121288754440158,0.0,0.07244376838207245,-0.0020097154192626476,-0.002455330453813076,31.558295256170055,0.007125815569650743,0,0,2.305832171701717,14.440964610832967,2.3025560615438403,occluder,,,8.237165870890387,,0.6500000000000001,3809,ok,accepted,0,ok,0.321049,0.0006488999933935702,0.31998359999852255,0.0,1,0.001398999999999262,0.012692300000001211,0,223.65666820310904,1.9750707416367277,13.25611907212732,3.548512428355764,0,0,0,1,0,0,0,9,0.0,1,1,12.34833264657766,-0.615569061056565,17,1,18.599709605485327,-0.2090073735914654,23.633855371823884,-0.08316038132958896,19.515790385338363,-1.2541579001194143,23.114600722712513,-0.07877343968498264,17.300008020175337,-2.210273606416668,31.00388904164209,-0.9916850354861947,30.313062177483445,-1.0398384753971575,27.971194760525563,-0.6949235036768592,28.74271235202437,-1.1408025919368634
3823,1.7000000000000002,true_threat,IDEAM,1,284,3822,1.6500000000000001,1,1,233.88988990222254,-201.6939454882006,244.97820489271712,-208.75075587838563,-208.75,0.0007204555829787296,0.0006738940356936542,-5.418309406148361e-05,0,1,31.518244213633842,-2.0491014410436037,0.0,0.05842271074652672,-0.0020097154192626476,-0.002455330453813076,31.558295256170055,0.007172216477032377,0,0,2.8837267790123575,14.571744050169631,2.8823977965949026,occluder,,,8.050603193970192,,0.7000000000000002,3809,ok,accepted,0,ok,0.321049,0.0006488999933935702,0.31998359999852255,0.0,0,0.001398999999999262,0.011631699999998801,0,224.58632523033808,2.6233531278475937,13.653946265085949,3.5560545117994025,0,0,0,1,0,0,0,9,0.0,1,1,12.14887267999117,-0.6290889825359022,18,1,18.58865460883267,-0.22109993195209218,23.630254301494848,-0.07202140658798294,19.457494180514953,-1.1659240948380543,23.111136980920275,-0.06927483563336585,17.22519037150766,-1.49635296899645,30.95711319224215,-0.9355169722876099,30.264037055604422,-0.9805024447251982,27.939383994751328,-0.6362153151076018,28.68884310704086,-1.0773826726662794
3824,1.7500000000000002,true_threat,IDEAM,1,298,3823,1.7000000000000002,1,1,235.46273242754327,-201.68507762878565,246.3020270037429,-208.75079255048158,-208.75,0.0007558783856325135,0.00074419937569206,-7.749814843669399e-05,1,1,31.41989540609001,-1.966976150876647,0.0,0.04251024127006531,-0.001245648949407041,-0.0015218473272398114,31.328264217693345,0.007217185337794858,0,0,3.4827019234818937,14.699804251988896,3.4830334182679024,occluder,,,7.869545775748642,,0.7500000000000002,3809,ok,accepted,0,ok,0.321049,0.0006488999933935702,0.31998359999852255,0.0,1,0.0013519999999971333,0.0125265999999975,0,225.51540242361648,3.2671184598899288,14.048691182833323,3.564922371214351,0,0,0,1,0,0,0,9,0.0,1,1,11.95322157928991,-0.6429483437772807,19,1,18.57703122472378,-0.23246768192981723,23.627229251332892,-0.06050100307300595,19.40391484318079,-1.0715867480012482,23.10816724206101,-0.05939477701297975,17.152072169130907,-1.4623640437542542,30.91336905834319,-0.8748821839504684,30.218219179868754,-0.9163560556756642,27.910457139965168,-0.5785370952947751,28.638389067683757,-1.009074749475248
3825,1.8,true_threat,IDEAM,1,314,3824,1.75,1,1,237.03087477762125,-201.67483808169473,247.6224921449325,-208.75072355624587,-208.7499888122064,0.0008037382751808764,0.17358937991359608,-9.654663656208547e-05,0,1,31.32611978562156,-1.8755124093689801,0.0,0.02472776174545288,-0.001245648949407041,-0.0015218473272398114,31.328264217693345,0.007260458190788235,0,0,4.091783685601288,14.82391090398782,4.093550646975797,occluder,,,7.694159989362322,,0.8,3809,ok,accepted,0,ok,0.321049,0.0006488999933935702,0.31998359999852255,0.0,0,0.0013519999999971333,0.011172899999998265,0,226.44389978294424,3.906763450640142,14.44065896469516,3.5751619183052696,0,0,0,1,0,0,0,9,0.0,1,1,11.761361531931579,-0.6571439684700987,20,1,18.564877599303134,-0.24307250857416351,23.62478403599225,-0.048904306441443245,19.355330845490407,-0.9716799567271844,23.105714395227263,-0.04905693649152758,17.108130679645125,-0.8788297864358616,30.8728608302413,-0.8101617027397987,30.17580132155975,-0.8483526373025809,27.884437084387738,-0.520401111069181,28.591567874113185,-0.9364129382273774
3826,1.85,true_threat,IDEAM,1,333,3825,1.8,1,1,238.59456113991573,-201.66336409273524,248.93999700313543,-208.75042669003298,-208.74952175576678,0.0012018004790945724,0.6023185723134814,0.0015246397435217012,1,1,31.23731407216122,-1.7761142692068432,0.0,0.0054781027138233185,-0.0003682133974507451,-0.0004498575290199369,31.11825041543615,0.007301797455967477,0,0,4.705638094006978,14.942949283358434,4.70864605901039,occluder,,,7.524719431658984,,0.8500000000000001,3809,ok,accepted,0,ok,0.321049,0.0006488999933935702,0.31998359999852255,0.0,1,0.001383799999999269,0.010611100000001983,0,227.37175627316867,4.542593322710189,14.83030733267367,3.586635907264764,0,0,0,1,0,0,0,9,0.0,1,1,11.573328007058471,-0.671615882354756,21,1,18.55222997298486,-0.252952526842466,23.62292247148244,-0.03723128949947648,19.311976790856136,-0.867081095496647,23.103774624839183,-0.038795407609260125,17.059851877794745,-0.9655760342639937,30.8357603198384,-0.7420035939535137,30.136961028239163,-0.776797187960864,27.861390585189444,-0.46092998342724667,28.54856284994485,-0.8600841928621419
3827,1.9000000000000001,true_threat,IDEAM,1,340,3826,1.85,1,1,240.1538220163869,-201.65060987513183,250.25475513892144,-208.74971877350936,-208.74764485767463,0.0027818323583517213,1.015087867176319,0.007251558176422404,0,1,31.15139134377134,-1.718454567797565,0.015222474932670593,0.0,-0.0003682133974507451,-0.0004498575290199369,31.11825041543615,0.007342131647169774,0,0,5.321298564273103,15.060656453751136,5.32536827649625,occluder,,,7.361647316214114,,0.9000000000000001,3809,ok,accepted,0,ok,0.321049,0.0006488999933935702,0.31998359999852255,0.0,0,0.001383799999999269,0.008832399999999296,0,228.29897189949514,5.174638572854889,15.217849842133205,3.5993901248681652,0,0,0,1,0,0,0,9,0.0,1,1,11.389268227222034,-0.6863469395517373,22,1,18.53912458527647,-0.2621077546112713,23.621636926413725,-0.02571090052444001,19.27397666035456,-0.7600026106490266,23.102349837470197,-0.02849574728425726,17.035262345450786,-0.49179064486982327,30.802199300834648,-0.6712091245987647,30.1018472532351,-0.7022621149442605,27.841384399573432,-0.4001237117183383,28.509532521009238,-0.7805850276550916
3828,1.9500000000000002,true_threat,IDEAM,1,348,3827,1.9000000000000001,1,1,241.70884058016293,-201.63677373066614,251.5671631922914,-208.74834027193594,-208.74347162845206,0.006247145057301395,1.4097926777302607,0.017315501741644236,1,1,31.06749887827131,-1.6778493100006386,0.0391521155834198,0.0,0.0005183704779483378,0.000633309013210237,30.929415806247636,0.007381836086574994,0,0,5.937133816856113,15.178582294298309,5.942086747810268,occluder,,,7.205091410906409,,0.9500000000000002,3809,ok,accepted,0,ok,0.321049,0.0006488999933935702,0.31998359999852255,0.0,1,0.0013784999999977288,0.013809099999999574,0,229.2255466515129,5.8030823846131625,15.603683143485398,3.6132262693338646,0,0,0,1,0,0,0,9,0.0,1,1,11.209121187594969,-0.7012694615680859,23,1,18.5256053035891,-0.2703856337735883,23.62089879207179,-0.01476268567303014,19.241290397953588,-0.6537252451784,23.101419054127554,-0.018615666732184767,17.002362493551004,-0.6579970363754309,30.772294304749074,-0.5980836621957405,30.070572710531952,-0.6254726755319207,27.82449482151236,-0.33779156055528564,28.47460679245993,-0.6984883565415997
3829,2.0,true_threat,IDEAM,1,357,3828,1.9500000000000002,1,1,243.25976946076867,-201.62197767758963,252.8776177772194,-208.74595535663278,-208.7362200187751,0.01212025316084464,1.7832813218584305,0.03252813108637041,0,1,30.986201695302647,-1.6259436593732346,0.06710675358772278,0.0,0.0005183704779483378,0.000633309013210237,30.929415806247636,0.007420620300340792,0,0,6.552283977893465,15.295396446548772,6.557947179228746,occluder,,,7.055192136800079,,1.0,3809,ok,accepted,0,ok,0.321049,0.0006488999933935702,0.31998359999852255,0.0,0,0.0013784999999977288,0.011086299999998772,0,230.1513889816983,6.428168935033511,15.988295398228018,3.6280223224103736,0,0,0,1,0,0,0,9,0.0,1,1,11.032844919283379,-0.7163441633377133,24,1,18.511715998585,-0.2777860994283457,23.620681363723637,-0.0043485657203259555,19.21379021201368,-0.5500037113738379,23.100957478248617,-0.00923151748122009,16.9897205918518,-0.2528380327615254,30.746117994321498,-0.5235050624214658,30.043215780085553,-0.5471160021402424,27.810782886152893,-0.2742387064520756,28.4438678555048,-0.6147487993054449
3830,2.05,true_threat,IDEAM,1,368,3829,2.0,1,1,244.8067002681924,-201.60638953133994,254.18611879480295,-208.74227411062455,-208.72520846937584,0.020746887256933633,2.132112899332063,0.05386221487927579,1,1,30.908229756000733,-1.5594387860382852,0.09825710952281952,0.0,0.0013147061690688133,0.0016062166541814804,30.761944438309772,0.007458106015086706,0,0,6.889308609817124,15.409334842155081,6.911786661440073,latent_vehicle,,,6.911786661440073,,1.0499999999999998,3809,ok,accepted,0,ok,0.321049,0.0006488999933935702,0.31998359999852255,0.0,1,0.0013594999999995139,0.012068599999999208,0,231.0765599199986,7.049928804156934,16.37162547751126,3.6436104686600572,0,0,0,1,0,0,0,9,0.0,1,1,10.860101803111407,-0.7315308666366502,25,1,18.49749290895179,-0.28446179111456893,23.620940772328165,0.005188173386117247,19.191312072129683,-0.44956278518109655,23.10093650053941,-0.00041955407099022996,16.966832411549255,-0.4577636051737332,30.723729670036768,-0.4477409885720304,30.019835750016806,-0.4675742785325977,27.80027911106797,-0.21007550088493349,28.41738070386482,-0.5297105604689307
3831,2.1,true_threat,IDEAM,1,389,3830,2.0500000000000003,1,1,246.34984669313872,-201.59020758328788,255.4930323258236,-208.73691493927754,-208.7098519609445,0.032422149680058965,2.453043059612966,0.08223782802848731,0,1,30.834184061400034,-1.480913892013973,0.13195183873176575,0.0,0.0013147061690688133,0.0016062166541814804,30.761944438309772,0.007493967711188845,0,0,6.748334156575474,15.518736809599277,6.774758463975522,latent_vehicle,,,6.774758463975522,,1.1,3809,ok,accepted,0,ok,0.321049,0.0006488999933935702,0.31998359999852255,0.0,0,0.0013594999999995139,0.011526599999999831,0,232.00099844167192,7.6686367074299255,16.75410048685859,3.659792416712122,0,0,0,1,0,0,0,9,0.0,1,1,10.690656449641983,-0.7467932277525642,26,1,18.482983719893767,-0.2901837782032136,23.621629335706793,0.013771269105275505,19.17367096949135,-0.3528220363465334,23.101314158412546,0.0075531575603083306,16.962809817963155,-0.08045187098660171,30.705144739503396,-0.3716695973755059,30.000451827769236,-0.3876493638093229,27.792979681534582,-0.1459885897698432,28.39516833099989,-0.44421375713160394
3832,2.15,true_threat,IDEAM,1,413,3831,2.1,1,1,247.88936138595392,-201.57361488683762,256.7986634315263,-208.72954204514414,-208.68965806403145,0.04725687524609157,2.5,0.11840471985978909,1,1,30.764581415718705,-1.3920529136265714,0.16723030805587769,0.0,0.0019270757911726832,0.002354367170482874,30.61888873876974,0.007527913912503558,0,0,6.612935384327903,15.622059743007672,6.643861524391669,latent_vehicle,,,6.643861524391669,,1.15,3809,ok,accepted,0,ok,0.321049,0.0006488999933935702,0.31998359999852255,0.0,1,0.0013627000000013823,0.019455499999999404,0,232.92470454151282,8.28444530040423,17.136025492720364,3.6763851131623824,0,0,0,1,0,0,0,9,0.0,1,1,10.524272659224824,-0.7620845738657933,27,1,18.468232298603297,-0.2950284216373941,23.62270127558619,0.021438799049481018,19.160685708454697,-0.2597052021169714,23.102054212355107,0.014801078943135652,16.948050757071897,-0.2951812173634332,30.690353789619632,-0.29578752823573706,29.985058395732878,-0.30783791087255097,27.78885026530704,-0.08258832356987185,28.37723461994854,-0.3586406314565252
3833,2.1999999999999997,true_threat,IDEAM,1,422,3832,2.15,1,1,249.42561062001897,-201.55679442251798,258.10319512887736,-208.71989596636072,-208.6642229889495,0.06531905619465306,2.5,0.1605655026259691,0,1,30.69975906955481,-1.2964469232779408,0.20068518817424774,0.0,0.0019270757911726832,0.002354367170482874,30.61888873876974,0.0075597365498465685,0,0,6.482733174900404,15.718077942946925,6.518630566766652,latent_vehicle,,,6.518630566766652,,1.1999999999999997,3809,ok,accepted,0,ok,0.321049,0.0006488999933935702,0.31998359999852255,0.0,0,0.0013627000000013823,0.008837799999998452,0,233.8476782247268,8.897720851255315,17.517583506857477,3.6932055774820185,0,0,0,1,0,0,0,9,0.0,1,1,10.360510153151878,-0.7774050697327547,28,1,18.453280607532452,-0.299033815621855,23.624114632009295,0.028267130101256064,19.152199885313156,-0.16971644250575227,23.103114700744804,0.021209767882116523,16.95190169725428,0.0770188039329546,30.679320676716817,-0.22062953996355072,29.973617381547637,-0.2287890911251663,27.78781266203112,-0.02075206460875083,28.363541450431683,-0.2738311124810396
3834,2.25,true_threat,IDEAM,1,436,3833,2.2,1,1,250.9587470665018,-201.53999027888585,259.4067798912402,-208.70764095753358,-208.63322763567587,0.08666833068485857,2.5,0.20886808391459116,1,1,30.639835076659473,-1.1984798579067046,0.23222006857395172,0.0,0.0022890265099704266,0.0027965735644102097,30.498155638793577,0.0075893343076746415,0,0,6.357318745472749,15.806015002689119,6.398571144209115,latent_vehicle,,,6.398571144209115,,1.25,3809,ok,accepted,0,ok,0.321049,0.0006488999933935702,0.31998359999852255,0.0,1,0.0017580999999999847,0.011529400000000578,0,234.7698279281739,9.508707594291025,17.89901856577322,3.7100097211141474,0,0,0,1,0,0,0,9,0.0,1,1,10.198946009338707,-0.7927294372354192,29,1,18.43817823602438,-0.30204742325820366,23.625831256119298,0.03433248372616054,19.148062818196788,-0.08274132068511343,23.10446129123938,0.02693180997253985,16.945214533758236,-0.13374326982213705,30.67197870453335,-0.146806689393158,29.96605634487068,-0.15119018490482394,27.789756247782982,0.038871715467111274,28.354023967365475,-0.19031974073989902
3835,2.3,true_threat,IDEAM,1,455,3834,2.25,1,1,252.4890454356434,-201.52335495012593,260.7096617499123,-208.69245650082476,-208.5964336437543,0.11120731377928905,2.5,0.2632486381877741,0,1,30.5848134733412,-1.100432066365471,0.261922150850296,0.0,0.0022890265099704266,0.0027965735644102097,30.498155638793577,0.007616664002800493,0,0,6.236317191505963,15.885354486735828,6.283255619264615,latent_vehicle,,,6.283255619264615,,1.2999999999999998,3809,ok,accepted,0,ok,0.321049,0.0006488999933935702,0.31998359999852255,0.0,0,0.0017580999999999847,0.01364900000000091,0,235.69127572215962,10.117558169446909,18.280452630459592,3.7266450498740653,0,0,0,1,0,0,0,9,0.0,1,1,10.039194067218942,-0.8080518604419377,30,1,18.42297096211847,-0.3041454693046576,23.627809187278526,0.03955862404943733,19.148150532773627,0.0017543106623530993,23.106067281908324,0.032119813434221434,16.957207943687905,0.23986819864681302,30.66823062351031,-0.07492992259025331,29.962287558784052,-0.0753468396393834,27.794551322303597,0.09590149043985673,28.34859249124988,-0.10860277706480877
3836,2.35,true_threat,IDEAM,1,477,3835,2.3000000000000003,1,1,254.016719548283,-201.50746819731347,262.01202374788716,-208.67415942831155,-208.5536794421972,0.13877705862756784,2.5,0.3232427102712887,1,1,30.534561034558134,-1.005048775661308,0.28997156023979187,0.0,0.005173684563487768,0.0063208481296896935,32.766653,0.007641753999273653,0,0,6.119072959873468,15.955891826589516,6.171644974411974,latent_vehicle,,,6.171644974411974,,1.35,3809,ok,stale_plan,0,ok,0.321049,0.0006488999933935702,0.31998359999852255,0.0,1,0.0013372999999994306,0.014091300000000473,0,236.61193006436562,10.724577939880504,18.662160286228442,3.7425318026865284,0,0,0,1,0,0,0,9,0.0,1,1,9.880459747358396,-0.8231283042673123,31,1,18.40770265382318,-0.3053661556590551,23.63001027910254,0.044021838177550836,19.152348587288127,0.08396110667070243,23.107896432240384,0.03658300673870218,16.959014203489634,0.036125196058939296,30.667965807321536,-0.005266684642453428,29.96218702727519,-0.001984212729029719,27.802030039677067,0.1495743471084697,28.34711154416964,-0.029595877440874593
3837,2.4,true_threat,IDEAM,1,502,3836,2.35,1,1,255.54207464785418,-201.49252828058695,263.31410993207857,-208.6524749985206,-208.50487629938766,0.16928312892389386,2.5,0.3882139770240501,0,1,30.488988112575285,-0.9114584396569825,0.31662338972091675,0.0,0.005173684563487768,0.0063208481296896935,32.766653,0.007664614955133886,0,0,6.005127621935224,16.01741175587819,6.063099738441458,latent_vehicle,,,6.063099738441458,,1.4,3809,ok,stale_plan,0,ok,0.321049,0.0006488999933935702,0.31998359999852255,0.0,0,0.0013372999999994306,0.011715600000002269,0,237.53185198473923,11.33001111907808,19.04432455004624,3.757471719413047,0,0,0,1,0,0,0,9,0.0,1,1,9.722219567954651,-0.8378816958215334,32,1,18.392419088253607,-0.30567129931145315,23.632404011673014,0.04787465221889698,19.160557799870254,0.1641842644744732,23.109918224418184,0.04043584359712591,16.97938850316732,0.4074859935575494,30.6710449928431,0.06161052446601465,29.965621199332954,0.06870677220396985,27.812005479632006,0.19950879874206903,28.34944372760372,0.046662804475066835
3838,2.45,true_threat,IDEAM,1,522,3837,2.4000000000000004,1,1,257.06532443026686,-201.47874875010535,264.61607283310894,-208.62723531272806,-208.4500043729817,0.2024706255388935,2.5,0.4574774785683405,1,1,30.447962703853314,-0.8205081744394249,0.3420265018939972,0.0,0.004990313667804003,0.006096818018704653,32.766653,0.00768528257295036,0,0,5.894085892917669,16.069790476992807,5.957308610926525,latent_vehicle,,,5.957308610926525,,1.4500000000000002,3809,ok,stale_plan,0,ok,0.321049,0.0006488999933935702,0.31998359999852255,0.0,1,0.0013334000000000401,0.013268700000001132,0,238.45104148848588,11.934071397744106,19.42709794732997,3.7712512498946467,0,0,0,1,0,0,0,9,0.0,1,1,9.564135638282554,-0.8524047328152183,33,1,18.37716604076078,-0.30506093660510814,23.634952241301853,0.05096459432270196,19.17265991588007,0.2420423286445437,23.112100234783785,0.04364020743151108,16.98974540682822,0.2071380732146539,30.677317454534073,0.12547262683342844,29.97242408206405,0.13607750682593472,27.824271648477108,0.24532337716842723,28.355419211349385,0.1195248515469496
3839,2.5,true_threat,IDEAM,1,543,3838,2.45,1,1,258.58665210508684,-201.4664347191675,265.91803446402446,-208.5982724826209,-208.38910875981023,0.23812655291783358,2.5,0.530369668708838,0,1,30.411344860206963,-0.7323568729270136,0.3663589656352997,0.0,0.004990313667804003,0.006096818018704653,32.766653,0.007703800450085358,0,0,5.785459288698966,16.112994264182834,5.853847062369682,latent_vehicle,,,5.853847062369682,,1.5,3809,ok,stale_plan,1,ok,1.0608487,0.3309540000045672,0.7294649000104982,0.0,0,0.0013334000000000401,0.010246099999999814,0,239.36943753004203,12.537003031007941,19.810663536689333,3.783565280832505,0,0,0,1,0,0,0,9,0.0,1,1,9.405767111906188,-0.8667541182171041,34,1,18.36198547295667,-0.30361134174883697,23.63762253967795,0.05340596834155242,19.188517605280005,0.3171537930598497,23.114415758275435,0.046310469869682756,17.01814010649082,0.5678939932343927,30.686601936200166,0.1857093268628813,29.98241250862716,0.19978476287651042,27.838614921152214,0.2868654548897478,28.36484337007955,0.18849460327855844
3840,2.55,true_threat,IDEAM,1,565,3839,2.5,1,1,260.10624056435125,-201.4549605149936,267.220238913382,-208.56543383703118,-208.3222955457812,0.2759769368396974,2.5,0.606285674211504,1,1,30.379128602060163,-0.6443251629359992,0.38978785276412964,0.0,-0.0031947980169206858,-0.007703800220042467,33.28510850460469,0.007720147816025464,1,0,5.679670081911438,16.14674435774889,5.754329971051751,latent_vehicle,,,5.754329971051751,,1.2499999999999998,3815,ok,accepted,0,ok,1.0608487,0.3309540000045672,0.7294649000104982,0.0,1,0.0019085000000025332,0.017875000000000085,0,240.28710114976582,13.13892787054857,20.195204366323082,3.795039485006413,0,0,0,1,0,0,0,9,0.0,1,1,9.248000562754108,-0.8816635496036876,35,1,18.346928883179427,-0.3011317802650174,23.64038248442316,0.055198896552780825,19.2079553920291,0.3887557371884098,23.116832372205227,0.04833227870899763,17.03640678422478,0.36533355467150447,30.698705730467086,0.2420917407519347,29.99538804962515,0.25952348871180714,27.854812138661668,0.32394435319786236,28.37751013979818,0.253343462517155
3841,2.6,true_threat,IDEAM,1,582,3840,2.5500000000000003,1,1,261.6243948328674,-201.44388352861878,268.522838737831,-208.52862777117593,-208.24972785578174,0.3157059812494367,2.5,0.6846958176520243,0,1,30.35110171074507,-0.5605378263018679,0.4123331606388092,0.0,-0.006305646151304245,-0.007703800220042467,33.28510850460469,0.007734411747669421,1,0,5.576977777190125,16.17095139859083,5.660016777257512,latent_vehicle,,,5.660016777257512,,1.3,3815,ok,accepted,0,ok,1.0608487,0.3309540000045672,0.7294649000104982,0.0,0,0.0019085000000025332,0.011979500000002474,0,241.2040018248755,13.740181463955025,20.580903515662442,3.806116471381216,0,0,0,1,0,0,0,9,0.0,1,1,9.091377539582702,-0.8976872065977702,36,1,18.332030603621423,-0.29796557510164445,23.64319774163098,0.056305145013426455,19.23077300522386,0.45635226374772436,23.11932146491854,0.049781854314818484,17.071748048056268,0.7068252766335763,30.713415146627767,0.2942004857989982,30.011137018550766,0.31498873001845606,27.87262869653249,0.356331162139253,28.393188670440978,0.3135758343780589
3842,2.65,true_threat,IDEAM,1,608,3841,2.6,1,1,263.14126780042955,-201.4340887177033,269.82598648881543,-208.4877474214841,-208.1716219035802,0.3570058675957455,2.5,0.7651470816335623,1,1,30.32711710893015,-0.4796920362984025,0.43409326672554016,0.0,0.0018794656498357654,0.005344429053366184,32.766653,0.0077466498197591915,0,0,5.476461196501347,16.18558036112343,5.568680824063919,latent_vehicle,,,5.568680824063919,,1.3499999999999999,3815,ok,stale_plan,0,ok,1.0608487,0.3309540000045672,0.7294649000104982,0.0,1,0.0013618999999991388,0.011055700000000002,0,242.12013958139798,14.340916674994702,20.96791351012436,3.815911282296696,0,0,0,1,0,0,0,9,0.0,1,1,8.934402013480277,-0.9140090970029564,37,1,18.31733641226686,-0.2938838092581824,23.6460377943992,0.05680105689293134,19.256732025971502,0.5191804136070717,23.121852519333178,0.05062108829826046,17.096616059769815,0.4973602342866233,30.730506960848945,0.34184507404016995,30.02942856820365,0.36583743580828054,27.891831897870205,0.3840640330386851,28.411634772781596,0.36892503626849565
3843,2.7,true_threat,IDEAM,1,634,3842,2.6500000000000004,1,1,264.6570426870143,-201.4259117131223,271.1298042314354,-208.44277748752432,-208.08824304172828,0.3995043797558253,2.5,0.8472618991257458,0,1,30.307094084692743,-0.40046048474813745,0.4551209807395935,0.0,0.004374474752694368,0.005344429053366184,32.766653,0.007756888767487604,0,0,5.377763247659323,16.190971154140023,5.478702410370323,latent_vehicle,,,5.478702410370323,,1.4000000000000001,3815,ok,stale_plan,0,ok,1.0608487,0.3309540000045672,0.7294649000104982,0.0,0,0.0013618999999991388,0.00860280000000202,0,243.0355754492806,14.94125569369686,21.35629538486171,3.8240882868776964,0,0,0,1,0,0,0,9,0.0,1,1,8.776075893549717,-0.9299696035289922,38,1,18.30289017350059,-0.288924759275286,23.648875933301557,0.05676277844934409,19.28555398026851,0.5764390846108743,23.124402648054794,0.051002574555163355,17.137297897915136,0.8136367629565884,30.749756049019748,0.38498763170613204,30.05001469408194,0.41172654284497484,27.912185231506196,0.4070666803891086,28.43260045639282,0.4193150547791213
3844,2.75,true_threat,IDEAM,1,661,3843,2.7,1,1,266.17202462674214,-201.41923034046266,272.4345055366713,-208.39356530853948,-207.99990181146313,0.4428756760611918,2.5,0.9307294668032027,1,1,30.291012794444704,-0.32162580496077453,0.475620299577713,0.0,0.004433237947523594,0.005416221916675568,32.766653,0.007765126780497806,0,0,5.280840013759931,16.18692977815065,5.389903219206389,latent_vehicle,,,5.389903219206389,,1.45,3815,ok,stale_plan,0,ok,1.0608487,0.3309540000045672,0.7294649000104982,0.0,1,0.0015764000000011436,0.01492709999999775,0,243.9503094181126,15.541503664592682,21.746262721265595,3.8307696595373386,0,0,0,1,0,0,0,9,0.0,1,1,8.61617604519985,-0.9455655716746462,39,1,18.288726217319127,-0.28327911096676156,23.651677828557286,0.05603790510715958,19.31693941420115,0.6277086780911119,23.126933702620843,0.050621091364900526,17.167042998651567,0.5949020147772126,30.770908686467088,0.42305626356676385,30.072651217117087,0.45273263129670926,27.933463629175804,0.4255679615414504,28.455812949702583,0.46425027805143404
3845,2.8,true_threat,IDEAM,1,687,3844,2.75,1,1,267.68624410595703,-201.41395303658453,273.7402430080212,-208.34015660884015,-207.9069499926095,0.4866153159299813,2.5,1.0152994748460986,0,1,30.278783301517855,-0.24458985853698323,0.49553602933883667,0.0,0.004433237947523594,0.005416221916675568,32.766653,0.007771400408939503,0,0,5.185888371006569,16.17349093672374,5.302593018369975,latent_vehicle,,,5.302593018369975,,1.4999999999999998,3815,ok,stale_plan,0,ok,1.0608487,0.3309540000045672,0.7294649000104982,0.0,0,0.0015764000000011436,0.011092400000002556,0,244.86431095990682,16.141721602013348,22.137998650821288,3.8360469634154697,0,0,0,1,0,0,0,9,0.0,1,1,8.454859999537515,-0.9609110931645879,40,1,18.274878876560678,-0.2769468055859426,23.65442249766141,0.05489338145796846,19.350567893753748,0.6725695918785003,23.129426611116653,0.04985816989895998,17.21121147194267,0.8833694658707022,30.793720696896546,0.4562419708854368,30.097076803942258,0.48851263235603465,27.955421042431094,0.43914827309442633,28.48099758574103,0.5036927300766338
3846,2.85,true_threat,IDEAM,1,715,3845,2.8000000000000003,1,1,269.19997583489993,-201.41023229567264,275.04716920213446,-208.28245978364345,-207.80977665348175,0.5303799553583985,2.5,1.1007716282353917,1,1,30.270321471390435,-0.1692366025483949,0.514887809753418,0.0,0.004089102614670992,0.00499578146263957,32.766653,0.007775745708759682,0,0,5.0926946969794145,16.150700194557494,5.216713597275364,latent_vehicle,,,5.216713597275364,,1.55,3815,ok,stale_plan,0,ok,1.0608487,0.3309540000045672,0.7294649000104982,0.0,1,0.0013566999999952145,0.013828900000000033,0,245.77767163780305,16.742092653060013,22.53156416703831,3.8397677043273575,0,0,0,1,0,0,0,9,0.0,1,1,8.291846243267052,-0.9761259573128205,41,1,18.26139202056233,-0.2697371135600766,23.657079423033174,0.053138506853966073,19.386090373699727,0.710449601624819,23.131868021182143,0.048828201207341757,17.243975906892096,0.6552886990604583,30.817944101898384,0.48446872129625296,30.12302441141966,0.5189523414792263,27.977845755507648,0.4484942689880224,28.50787398718553,0.5375281282056716
3847,2.9,true_threat,IDEAM,1,754,3846,2.85,1,1,270.713402945056,-201.4081443492032,276.3554061580841,-208.22038323857717,-207.70880420078598,0.5736555828574694,2.5,1.186989974551805,0,1,30.265515722890918,-0.09611496999035296,0.533711850643158,0.0,0.004089102614670992,0.00499578146263957,32.766653,0.0077782151686119055,0,0,5.001163867529947,16.11873159786364,5.13225539023114,latent_vehicle,,,5.13225539023114,,1.5999999999999999,3815,ok,stale_plan,0,ok,1.0608487,0.3309540000045672,0.7294649000104982,0.0,0,0.0013566999999952145,0.012025000000001285,0,246.690391446596,17.3427999544231,22.92708131419502,3.841855650796788,0,0,0,1,0,0,0,9,0.0,1,1,8.126919788951676,-0.9912926976218058,42,1,18.248292351495188,-0.2619933791614482,23.65962953063144,0.05100215233307663,19.423155901521373,0.7413105612949131,23.134242673256317,0.04749304134345377,17.289763718123996,0.9157562247623205,30.843317583330663,0.5074696983891254,30.150238449776523,0.544280761569111,28.00052032970987,0.45349149025079866,28.53615987860043,0.5657184069711672
3848,2.95,true_threat,IDEAM,1,787,3847,2.9000000000000004,1,1,272.2268001154339,-201.40775013863194,277.665137017766,-208.1540337226939,-207.60448442952216,0.615898809055011,2.5,1.2738300274212826,1,1,30.264279999110087,-0.024714475616605114,0.5520375370979309,0.0,0.003486103378236294,0.00425907876342535,32.766653,0.007778850342087535,0,0,4.911443181955294,16.077734929074676,5.049498289668568,latent_vehicle,,,5.049498289668568,,1.6500000000000001,3815,ok,stale_plan,0,ok,1.0608487,0.3309540000045672,0.7294649000104982,0.0,1,0.003393099999996707,0.012987000000002524,0,247.60240934592753,17.944179225469497,23.32479427454541,3.8422498613680602,0,0,0,1,0,0,0,9,0.0,1,1,7.960049249121227,-1.0065293534665443,43,1,18.23561420271165,-0.253562977064829,23.66206328854386,0.048675160307534146,19.46140398800142,0.7649617367309455,23.136529588326287,0.04573830157271585,17.32376029957571,0.679931629152141,30.869589370709566,0.5254357847436284,30.178451895665503,0.5642691498203625,28.023242586229976,0.4544451353714126,28.565569176075012,0.5881872905852475
3849,3.0,true_threat,IDEAM,1,815,3848,2.95,1,1,273.7401673980874,-201.40920225184058,278.97645329226606,-208.0832891344559,-207.49729457288626,0.6567391498076347,2.5,1.3611996178974817,0,1,30.266509847292514,0.044596963648544374,0.5699079632759094,0.0,0.003486103378236294,0.00425907876342535,32.766653,0.007777704235920462,0,0,4.823416601054781,16.028009420864777,4.967750399998535,latent_vehicle,,,4.967750399998535,,1.7,3815,ok,stale_plan,0,ok,1.0608487,0.3309540000045672,0.7294649000104982,0.0,0,0.003393099999996707,0.010927999999999827,0,248.51381689893742,18.546138955113122,23.724702996035546,3.8407977481594173,0,1,0,1,0,0,0,9,0.0,1,1,7.791000793094826,-1.0218761778000816,44,1,18.223388091752927,-0.2445222243468746,23.664373068578918,0.046195604562588574,19.50047032840797,0.781326817214902,23.138713505335666,0.043678340250292866,17.369477540424356,0.914344817049689,30.89650770293235,0.5383670788681859,30.20740345528978,0.5790320043277453,28.045812252688172,0.45139333262793485,28.595817706433007,0.604972860533591
3850,3.05,true_threat,IDEAM,1,865,3849,3.0,1,1,275.2537184212565,-201.41251587474187,280.28953809224777,-208.0081646701867,-207.38773335217223,0.6955557822836624,2.5,1.4490279070368912,1,1,30.272154047447476,0.11288400309922508,0.5873313546180725,0.0,0.002747125690802932,0.0033562472090125084,32.766653,0.007774804339352814,0,0,4.737256699544852,15.96966020978903,4.880467834199991,latent_vehicle,,,4.880467834199991,,1.7499999999999998,3815,ok,stale_plan,0,ok,1.0608487,0.3309540000045672,0.7294649000104982,0.0,1,0.0013557999999989079,0.01757260000000116,0,249.42464461279133,19.148862264428317,24.12696008216335,3.837484125258129,0,1,0,1,0,0,0,9,0.0,1,1,7.619727219783723,-1.0374262311257372,45,1,18.21163881323368,-0.23498558023986216,23.666543610570898,0.04341084566488934,19.540005879466428,0.790711032761386,23.140788704454355,0.04150398238593911,17.40310981950328,0.6726455816616533,30.92382463985109,0.5463399070611725,30.236829932042653,0.5885311493234294,28.06803859457106,0.4445268399490535,28.62663083359679,0.6162657698621431
3851,3.1,true_threat,IDEAM,1,904,3850,3.0500000000000003,1,1,276.7676363164262,-201.417767238812,281.60448297044024,-207.9286602986539,-207.27631702667423,0.7318476435124524,2.386885147564494,1.537262418680237,0,1,30.281130844052417,0.17953593209881546,0.6043267846107483,0.0,0.002747125690802932,0.0033562472090125084,32.766653,0.007770195549609984,0,0,4.651725424401093,15.902921045267826,4.785746682591034,latent_vehicle,,,4.785746682591034,,1.8,3815,ok,stale_plan,0,ok,1.0608487,0.3309540000045672,0.7294649000104982,0.0,0,0.0013557999999989079,0.00862870000000271,0,250.33486198032364,19.752562792065703,24.531687592823516,3.83223276118801,0,1,0,1,0,0,0,9,0.0,1,1,7.446057648197696,-1.0532397079820355,46,1,18.200393071052282,-0.22491485698851577,23.668567286865585,0.04047353281618802,19.579665410630838,0.7931906370803978,23.142736111091214,0.038948132667887755,17.447295460467963,0.8837128193216899,30.951299876196945,0.549506837517065,30.266483389975008,0.593071711673667,28.089744228378606,0.43411267747534144,28.65773392042971,0.6220658824588912
3852,3.15,true_threat,IDEAM,1,932,3851,3.1,1,1,278.28210417864375,-201.42492576400994,282.9214710583284,-207.84485225133378,-207.16357544358868,0.7650848550652256,2.0779932968578025,1.6248182350025102,1,1,30.293419568883916,0.2457744966299913,0.6208727359771729,0.0,0.0019552805460989475,0.002388825872913003,32.766653,0.007763893019801787,0,0,4.5607588518830084,15.827954285479123,4.683684560856175,latent_vehicle,2.3506667234620493,latent_vehicle,4.683684560856175,2.3506667234620493,1.8499999999999999,3815,ok,stale_plan,0,ok,1.0608487,0.3309540000045672,0.7294649000104982,0.0,1,0.001698199999999872,0.013926399999995454,0,251.24459105622356,20.35730157838333,24.938946604811747,3.8250742359900585,0,1,0,1,0,0,0,9,0.0,1,1,7.270057639001288,-1.0694046217791802,47,1,18.18967184600542,-0.21442451744122004,23.670432654162003,0.03730735313657611,19.619117042072723,0.7890326442005932,23.144550003289662,0.036277843821558374,17.47920158900688,0.6381225708554834,30.978704551997513,0.54809667924289,30.29611970902755,0.5927298948731881,28.11077465842733,0.42060860151109125,28.688863770059577,0.6226019340345504
3853,3.2,true_threat,IDEAM,1,997,3852,3.1500000000000004,1,1,279.7972440782146,-201.4339914086926,284.2405634431189,-207.7568930952865,-207.05004808791637,0.7948041634174103,1.7490045258335702,1.7098518156804154,0,1,30.308929675358723,0.31020212949613324,0.6369758248329163,0.0,0.0019552805460989475,0.002388825872913003,32.766653,0.007755949277337823,0,0,4.463734051153068,15.745055813641248,4.574394743593202,latent_vehicle,2.1546807160090373,latent_vehicle,4.574394743593202,2.1546807160090373,1.9000000000000001,3815,ok,stale_plan,1,ok,0.6889994,0.0006713000184390694,0.6879138999793213,0.0,0,0.001698199999999872,0.021254300000002502,0,252.1537402773513,20.963292256826435,25.34888976847452,3.8160085913073942,0,1,0,1,0,0,0,9,0.0,1,1,7.091782756821326,-1.0859878365496147,48,1,18.179503749234044,-0.2033619536477214,23.672133991141138,0.034026746295197426,19.658044149505884,0.7785421633213551,23.146226567239758,0.0335312791988351,17.520652092158112,0.8290100630344834,31.005817436855054,0.5422619151292575,30.325511933203128,0.5878488988309956,28.130983019469458,0.40416722098346697,28.719766717556237,0.6180645018788615
3854,3.25,true_threat,IDEAM,1,1057,3853,3.2,1,1,281.3133613470639,-201.44542183239744,285.56197381031086,-207.66496586309472,-206.93628013236452,0.8206129629219845,1.4018285788439742,1.791931246613507,1,1,30.327408412210325,0.369574737032039,0.6526485085487366,0.0,0.006348330993205309,0.0077559491619467735,33.837697595882695,0.007746501008930541,1,0,4.360376395256452,15.654917076743171,4.456826760663503,latent_vehicle,1.9682651096760544,latent_vehicle,4.456826760663503,1.9682651096760544,0.8499999999999996,3837,ok,accepted,0,ok,0.6889994,0.0006713000184390694,0.6879138999793213,0.0,1,0.0013913000000016496,0.012108999999995262,0,253.0623706944757,21.570779108551335,25.761669718542066,3.804578167602557,0,1,0,1,0,0,0,9,0.0,1,1,6.910528289663458,-1.102657493650418,49,1,18.16990022820117,-0.1920704369194282,23.67367320577919,0.030784296861090944,19.69615490812638,0.7622151859200648,23.147761986078642,0.03070837684356075,17.549710550463505,0.5811691661132036,31.0324268347457,0.5321931511725739,30.354433103151287,0.5784285794882478,28.15023198204946,0.38497925154362134,28.750204350949115,0.608758606852394
3855,3.3,true_threat,IDEAM,1,1120,3854,3.25,1,1,282.8303950072982,-201.45938490261597,286.885763262727,-207.56926889818314,-206.8228184872489,0.8421473758458262,1.0392963363277876,1.8702046413507096,0,1,30.34902951863027,0.432422128398926,0.6680524945259094,0.0,0.006348330993205309,0.0077559491619467735,33.837697595882695,0.007735467932669515,1,0,4.250716360126347,15.557509502414588,4.330827701290479,latent_vehicle,1.8054040900080421,latent_vehicle,4.330827701290479,1.8054040900080421,0.8999999999999995,3837,ok,accepted,0,ok,0.6889994,0.0006713000184390694,0.6879138999793213,0.0,0,0.0013913000000016496,0.012279399999997054,0,253.97060438310757,22.179579080153758,26.17722548232632,3.790615097384034,0,1,0,1,0,0,0,9,0.0,1,1,6.726181676543311,-1.1193113730648763,50,1,18.160872727265208,-0.1805500322793513,23.675040760721696,0.02735110343857192,19.73317656711721,0.7404331917025061,23.149150540122516,0.02777108087213848,17.587470335094043,0.7551956925781614,31.058332489857847,0.5181190947185504,30.382681050451847,0.5649647074309524,28.168410920637378,0.36357877174203934,28.779945881568366,0.5948367014709576
3856,3.35,true_threat,IDEAM,1,1194,3855,3.3000000000000003,1,1,284.348558681952,-201.47588054647267,288.21208451317835,-207.4701683594141,-206.71020785039602,0.8590610477871223,0.664726220234763,1.9436360471511833,1,1,30.373698778271898,0.4933851928325339,0.6830320954322815,0.0,0.006331566721200943,0.007735467981547117,33.34764499190943,0.007722908172794544,1,0,4.135120177500596,15.453160258645996,4.19714461130742,latent_vehicle,1.6602680397658018,latent_vehicle,4.19714461130742,1.6602680397658018,0.9499999999999997,3837,ok,accepted,0,ok,0.6889994,0.0006713000184390694,0.6879138999793213,0.0,1,0.0020314999999939687,0.015612500000003138,0,254.87838030809422,22.789966829820912,26.59577080779104,3.7741194535273337,0,1,0,1,0,0,0,9,0.0,1,1,6.539108863562966,-1.1361423989261266,51,1,18.152444134152265,-0.16857187314554947,23.67623856478298,0.023956083866983204,19.768861170001063,0.7136920667520265,23.150394134761076,0.024871892692053654,17.612794205748102,0.5064774130570361,31.083357029493627,0.5004973869242981,30.410055508850697,0.5474952940041167,28.185416838568635,0.34011835876767416,28.80877768098159,0.5766419944992172
3857,3.4,true_threat,IDEAM,1,1271,3856,3.35,1,1,285.8680050109609,-201.49506129979545,289.5411207504094,-207.36790832493367,-206.5989867570451,0.8711816023689778,0.2818242668130902,2.0111304955217832,0,1,30.401347054542555,0.5529655254131427,0.6976123452186584,0.0,0.006331566721200943,0.007735467981547117,33.34764499190943,0.007708868035635173,1,0,4.013679389697387,15.342216879476373,4.056236104987912,latent_vehicle,1.529453307491576,latent_vehicle,4.056236104987912,1.529453307491576,0.9999999999999996,3837,ok,accepted,0,ok,0.6889994,0.0006713000184390694,0.6879138999793213,0.0,0,0.0020314999999939687,0.011242700000003936,0,255.78575951499909,23.402033951924977,27.017427838117214,3.754938700204548,0,1,0,1,0,0,0,9,0.0,1,1,6.349463929108244,-1.1532971719748812,52,1,18.144625893606808,-0.156364818681612,23.677272340119224,0.020675508092587048,19.802987464957795,0.6825259055039866,23.15149086362284,0.021934577397813914,17.646151829560008,0.6671524762234138,31.107321167815236,0.4792897125133755,30.43638481654666,0.5265924079467759,28.201163904911926,0.3149413272672128,28.83649946731234,0.554441443708844
3858,3.45,true_threat,IDEAM,1,1349,3857,3.4000000000000004,1,1,287.3888866602875,-201.51715599235303,290.8729636572837,-207.2628702332139,-206.48968362975026,0.8782246951834054,-0.10568323273469271,2.071611003605547,1,1,30.431919384470472,0.611446598558345,0.711804986000061,0.0,0.006309794262051582,0.007708868011832237,32.62497710847565,0.007693387554952606,1,0,3.886546605420051,15.225015856742104,3.908598860142522,latent_vehicle,1.4108244469528097,latent_vehicle,3.908598860142522,1.4108244469528097,1.0499999999999998,3837,ok,accepted,0,ok,0.6889994,0.0006713000184390694,0.6879138999793213,0.0,1,0.0017097999999933222,0.014675199999999222,0,256.6928335357297,24.01584158052094,27.442196724260953,3.7328440076469747,0,1,0,1,0,0,0,9,0.0,1,1,6.157422516584794,-1.170931398828289,53,1,18.137423724975108,-0.14404337838369685,23.67814208534635,0.017394905618304497,19.835353272596752,0.6473161562297779,23.152446448483396,0.01911169730131286,17.66707926262995,0.4185486613930495,31.130078037802654,0.4551444390405918,30.461499213812765,0.5022941003700728,28.21557964113316,0.2883147250723586,28.862933842338766,0.5286927505581762
3859,3.5,true_threat,IDEAM,1,1440,3858,3.45,1,1,288.9113257522911,-201.54231717038405,292.2077354602685,-207.15551180625695,-206.38281282828254,0.8800574049313639,-0.49393107977496586,2.124069718867977,0,1,30.465351375219477,0.6686398149800965,0.7256108522415161,0.0,0.006309794262051582,0.007708868011832237,32.62497710847565,0.0076765123827090675,1,0,3.7540270004320746,15.10193968778933,3.7548646485500776,latent_vehicle,1.302770437563381,latent_vehicle,3.7548646485500776,1.302770437563381,1.0999999999999996,3837,ok,accepted,0,ok,0.6889994,0.0006713000184390694,0.6879138999793213,0.0,0,0.0017097999999933222,0.010358700000004717,0,257.5994803103914,24.631633897862798,27.870321752584005,3.7076828296159476,0,1,0,1,0,0,0,9,0.0,1,1,5.963336085078763,-1.1891981380921484,54,1,18.13084525975459,-0.1315693075153632,23.678861154141874,0.014381376179209095,19.865781209177733,0.6085587324251341,23.15326279683699,0.016326967101129235,17.695548352720778,0.5693818018319862,31.151490303807115,0.4282522104743017,30.48525754687164,0.47517251773173425,28.228612548990075,0.26065815801338615,28.88791484801317,0.4996247534298267
3860,3.55,true_threat,IDEAM,1,1534,3859,3.5,1,1,290.4354139021653,-201.57072790811426,293.54543633114156,-207.04633658407255,-206.2788706995321,0.8766411067248612,-0.879026526560567,2.1676043951854993,1,1,30.501592467390562,0.724821843421708,0.7390453219413757,0.0,0.006283311173319817,0.007676512468606234,31.79149100828189,0.007658281922678378,1,0,3.616441040517458,14.973299999441066,3.595657963312218,latent_vehicle,1.2040693090017816,latent_vehicle,3.595657963312218,1.2040693090017816,1.1499999999999995,3837,ok,accepted,0,ok,0.6889994,0.0006713000184390694,0.6879138999793213,0.0,1,0.001408499999996593,0.012286000000003128,0,258.5058524320713,25.249349926057107,28.301650501777146,3.6792720918857356,0,1,0,1,0,0,0,9,0.0,1,1,5.767559272360222,-1.2082692311188423,55,1,18.124896220077858,-0.11898079419905346,23.679431451515143,0.011405947450333713,19.894130130748064,0.5669784302735764,23.153945631537184,0.013656693957822683,17.711629213613538,0.3216172179084162,31.171435883837756,0.39891812053498754,30.50752628709251,0.44538018861647877,28.24021494448529,0.23204791103581449,28.911293692365977,0.4675808394891606
3861,3.6,true_threat,IDEAM,1,1644,3860,3.5500000000000003,1,1,291.9614258253566,-201.6025559585166,294.8861274664226,-206.9358175682726,-206.17833162741024,0.868004956662304,-1.2571073887371926,2.201438892938033,0,1,30.54059064754129,0.7799636030145507,0.7521008849143982,0.0,0.006283311173319817,0.007676512468606234,31.79149100828189,0.007638736999462163,1,0,3.474093974315167,14.839446014341757,3.431558091026591,latent_vehicle,1.1135711335555871,latent_vehicle,3.431558091026591,1.1135711335555871,1.1999999999999997,3837,ok,accepted,0,ok,0.6889994,0.0006713000184390694,0.6879138999793213,0.0,0,0.001408499999996593,0.014080800000002114,0,259.41194989035876,25.869264390961007,28.736244178770733,3.6474440414833964,0,1,0,1,0,0,0,9,0.0,1,1,5.5704252746109155,-1.2283446389730357,56,1,18.11957660606881,-0.10639227870548845,23.679864422518538,0.008659419964508381,19.920270337615516,0.5228041352854058,23.154498766363186,0.011062696672627643,17.734942742047487,0.46627056877893147,31.189807949920468,0.3674472785117174,30.52819097606049,0.4132985550890073,28.25037538419005,0.20320879534984054,28.932946377730705,0.4330569329711925
3862,3.65,true_threat,IDEAM,1,1780,3861,3.6,1,1,293.48930053876626,-201.63795393029437,296.22996162056586,-206.82444298802474,-206.0816440827516,0.8541734855209882,-1.6244244497022764,2.2249367786273098,1,1,30.58225259949231,0.8332390390204125,0.7634248733520508,0.0,0.006252391263842583,0.007638737093657255,30.93381528160663,0.007617939603913492,1,0,3.3273214222895433,14.700849017846025,3.2631949400765343,latent_vehicle,1.0303345018988215,latent_vehicle,3.2631949400765343,1.0303345018988215,1.2499999999999996,3837,ok,accepted,0,ok,0.6889994,0.0006713000184390694,0.6879138999793213,0.0,1,0.0021431999999990126,0.011541199999996365,0,260.3177726956644,26.491316299064977,29.174255527608352,3.6120460697056274,0,1,0,1,0,0,0,9,0.0,1,1,5.37246875401357,-1.2495683533199053,57,1,18.11489023340366,-0.09372745017318285,23.680161973046893,0.005951010317948829,19.94410646163943,0.4767224784861005,23.154929829971657,0.008621272229004976,17.74593670449893,0.2198792491582136,31.20651874573648,0.3342211783043144,30.547152413042998,0.37923282294914207,28.25906907269927,0.17387377150645697,28.952766073677957,0.3963964271410484
3863,3.7,true_threat,IDEAM,1,1915,3862,3.6500000000000004,1,1,295.01928224546964,-201.67710484561943,297.57693899137604,-206.71279267727965,-205.98922667321608,0.8352163148086618,-1.9773197028376925,2.237611333251228,0,1,30.62639918584926,0.882931727138967,0.7728632092475891,0.0,0.006252391263842583,0.007638737093657255,30.93381528160663,0.007595994438508248,1,0,3.1765201962194,14.55810693698634,3.0911988378149338,latent_vehicle,0.9534427233175038,latent_vehicle,3.0911988378149338,0.9534427233175038,1.2999999999999998,3837,ok,accepted,0,ok,0.6889994,0.0006713000184390694,0.6879138999793213,0.0,0,0.0021431999999990126,0.009712100000001556,0,261.2233818727303,27.115688828702503,29.615623721352677,3.572895154380575,0,1,0,1,0,0,0,9,0.0,1,1,5.174180193282256,-1.2721800480481895,58,1,18.110839007821685,-0.08102450695929703,23.680337455734,0.0035096540502228394,19.96556602572485,0.429191281192925,23.155250268339827,0.00640876736778292,17.764016468667748,0.3615952835896986,31.22149577132899,0.2995449876602847,30.564336192689755,0.3436789472915886,28.266305546896792,0.14472948527762175,28.970653580593453,0.3577519757226473
3864,3.75,true_threat,IDEAM,1,2067,3863,3.7,1,1,296.55076038572423,-201.71939856118033,298.927181841758,-206.60143116955666,-205.90146419319117,0.8113284840884774,-2.3121698120687815,2.2391298425366766,1,1,30.639004482798217,0.2521059389791702,0.0,0.75,0.0,,27.05776232558943,0.007589745776517333,0,1,3.0228649729355084,14.482166894494085,2.9180754935258713,latent_vehicle,0.8885995132349437,latent_vehicle,2.9180754935258713,0.8885995132349437,1.3499999999999996,3837,ok,stale_plan,0,ok,0.6889994,0.0006713000184390694,0.6879138999793213,0.0,1,0.0016024999999970646,0.012517400000000123,0,262.12880794954344,27.741740892143923,30.060440494921465,3.530601438819673,0,1,0,1,0,0,0,9,0.0,1,1,4.977626472983172,-1.296768723178151,59,1,18.107417208413313,-0.06843598262784904,23.680400405640093,0.0012589981112932338,19.984593715207538,0.38055379157695945,23.15546198777039,0.00423438852992334,17.7698739426902,0.11714948074271173,31.23468750657934,0.2638383515621599,30.57968126069922,0.3069039855894564,28.272100065214474,0.11589036772385734,28.98653640478181,0.317657731045525
3865,3.8,true_threat,IDEAM,1,2221,3864,3.75,1,1,298.0795844650388,-201.7645313170794,300.28059880117127,-206.4908925536742,-205.81870367369388,0.7827274958627868,-2.5,2.2293145642779435,0,1,30.547742776739913,-1.8252341211660905,0.0,0.75,0.0,,27.05776232558943,0.007635160649142054,0,1,2.8671936011539856,14.624274837177165,2.7455276576857237,latent_vehicle,0.82797505435397,latent_vehicle,2.7455276576857237,0.82797505435397,1.3999999999999995,3837,ok,stale_plan,0,ok,0.6889994,0.0006713000184390694,0.6879138999793213,0.0,0,0.0016024999999970646,0.010675400000003776,0,263.0340814384748,28.36529148252714,30.508583965403375,3.4854686829206116,0,1,0,1,0,0,0,9,0.0,1,1,4.784894822328115,-1.3228871165709866,60,1,18.104626741844843,-0.0558093250848229,23.680360360729562,-0.0008008972061454983,20.00115710750139,0.3312678508546672,23.155576432421288,0.002288893179235482,17.782822940282106,0.25897995222735676,31.24605387827204,0.22733027142955783,30.593134195155574,0.2690606336259801,28.27646979434974,0.08739458398863535,29.000363036367794,0.27653339117986747
3866,3.85,true_threat,IDEAM,1,2398,3865,3.8000000000000003,1,1,299.6002001908207,-201.81223034989097,301.63719001536674,-206.3816040757012,-205.7412504322729,0.7496421214013083,-2.5,2.2092541953460465,1,1,30.353447877008016,-3.8858979946379435,0.0,0.75,0.0,,27.18309857736987,0.007733216180615918,0,1,2.710206090369411,14.999155501614428,2.574351817157496,latent_vehicle,0.7716976183291534,latent_vehicle,2.574351817157496,0.7716976183291534,0.75,3851,ok,accepted,1,ok,0.6666273,0.3350166000018362,0.33116279999376275,0.0,1,0.0013866999999976315,0.016120499999999538,0,263.93923285189544,28.98075579488841,30.96002376617821,3.4377696501090327,0,1,0,1,0,0,0,9,0.0,1,1,4.597412821612386,-1.3492564155235236,61,1,18.102461886292062,-0.0432971044274361,23.680224947746158,-0.002708259275266038,20.01524284980845,0.28171485508145305,23.155605045454422,0.0005722607279266012,17.783656459036084,0.016670375563977814,31.255570071957724,0.19032595219488965,30.604672092906316,0.23075929184790409,28.279466232781797,0.05992876981608707,29.01209150824926,0.23456983136046747
3867,3.9,true_threat,IDEAM,1,2505,3866,3.85,1,1,301.1094641017498,-201.86205422706814,302.99692511772435,-206.2740082509055,-205.66936412291068,0.7122399527905259,-2.5,2.180513075697611,0,1,30.12070760206334,-4.654805498893495,0.0,0.75,0.0,,27.18309857736987,0.007853180873358572,0,1,2.5527863883965267,15.48992409119543,2.4053287854840746,latent_vehicle,0.7192489357612832,latent_vehicle,2.4053287854840746,0.7192489357612832,0.7999999999999998,3851,ok,accepted,0,ok,0.6666273,0.3350166000018362,0.33116279999376275,0.0,0,0.0013866999999976315,0.016123300000003837,0,264.8443232301633,29.584929327549617,31.414668490267957,3.3879457729318574,0,1,0,1,0,0,0,9,0.0,1,1,4.415865281460234,-1.3749780719067586,62,1,18.100909292050666,-0.03105187886959542,23.68000752055127,-0.004348542363334716,20.02686238776816,0.23239077205081057,23.155549735300795,-0.001106203055708937,17.79172836717467,0.16143816338516517,31.263232258501375,0.15324514502049277,30.614275870658137,0.19207638988028244,28.28111989761476,0.03307329780323139,29.021700837718026,0.19218673982503917
3868,3.95,true_threat,IDEAM,1,2588,3867,3.9000000000000004,1,1,302.6064911204418,-201.91380488627715,304.35980423837884,-206.1684865489914,-205.6032547859256,0.6707534649798959,-2.5,2.1433366437174084,1,1,29.873281955453113,-4.948512932204565,0.0,0.75,0.0,,27.303763755144104,0.00798380213592143,0,1,2.3955140272734354,16.057197276763652,2.238827012273703,latent_vehicle,0.6717684496569878,latent_vehicle,2.238827012273703,0.6717684496569878,0.8500000000000001,3851,ok,accepted,0,ok,0.6666273,0.3350166000018362,0.33116279999376275,0.0,1,0.0013714000000035753,0.01175349999999753,0,265.7494441260076,30.176835450397334,31.872426715078177,3.3361951137228516,0,1,0,1,0,0,0,9,0.0,1,1,4.240087540233315,-1.399575498286989,63,1,18.099961328755548,-0.018959260331673125,23.67971761376177,-0.005798135020497043,20.036040517387598,0.18356260918911582,23.155427668796197,-0.0024413301491932452,17.78780686665626,-0.07843000963580773,31.26903088760233,0.11597344205125454,30.62195314900432,0.15354601166752868,28.28149754661573,0.007552981031161534,29.029192932165603,0.1498419099555129
3869,4.0,true_threat,IDEAM,1,2680,3868,3.95,1,1,304.0908234051707,-201.96725360185707,305.7256138792251,-206.0654052537506,-205.543078897874,0.6254076511173992,-2.5,2.098440497248817,0,1,29.617459273536735,-5.116453638327556,0.0,0.75,0.0,,27.303763755144104,0.00812231294139997,0,1,2.2389840164527186,16.69718799239478,2.0752285227142298,latent_vehicle,0.6320099614420438,latent_vehicle,2.0752285227142298,0.6320099614420438,0.8999999999999999,3851,ok,accepted,0,ok,0.6666273,0.3350166000018362,0.33116279999376275,0.0,0,0.0013714000000035753,0.010660500000000184,0,266.65447346912276,30.756138392011053,32.333207012809225,3.2827463981429332,0,1,0,1,0,0,0,9,0.0,1,1,4.069823885639593,-1.4227009793567666,64,1,18.099579849456592,-0.007629580975362607,23.67936667309651,-0.007018811442667896,20.04281729426769,0.1355355576906639,23.155244566963923,-0.0036620367830481207,17.791383153876684,0.07152574521675768,31.272983118957473,0.07904507049082808,30.627709645884103,0.11513011449915826,28.280662121795107,-0.0167084954420185,29.034567792238864,0.10749719504529733
3870,4.05,true_threat,IDEAM,1,2759,3869,4.0,1,1,305.5623082691523,-202.02211050888647,307.09432362158907,-205.9650542925692,-205.48893542145234,0.5764698322982724,-2.5,2.0466303530995047,1,1,29.356979603097056,-5.20959340879358,0.0,0.75,0.0,,27.417219290585756,0.008267081754050254,0,1,2.0837761482418955,17.41111646499244,1.9149155580847277,latent_vehicle,0.5936892604943076,latent_vehicle,1.9149155580847277,0.5936892604943076,0.9499999999999997,3851,ok,accepted,0,ok,0.6666273,0.3350166000018362,0.33116279999376275,0.0,1,0.0013860999999977253,0.013044800000002965,0,267.55944178229066,31.322654942824784,32.796948442005316,3.2278894911135296,0,1,0,1,0,0,0,9,0.0,1,1,3.904815965856112,-1.4440145874024433,65,1,18.099692374888694,0.0022505129674284165,23.67896614076648,-0.008010645646693177,20.0472480349312,0.0886148342555624,23.15500615290926,-0.004768280899147791,17.78308619123665,-0.1659392522732365,31.27511755897683,0.04268896499879726,30.631581601015093,0.07743913247867616,28.27868801019585,-0.03948223112008835,29.03785594373992,0.06576308463765863
3871,4.1,true_threat,IDEAM,1,2828,3870,4.05,1,1,307.02091513234575,-202.07819251231803,308.465933574784,-205.8677540999988,-205.44086185539916,0.5241924371700293,-2.5,1.9890208038831072,0,1,29.113136072803396,-4.876870605873194,0.0,0.75,0.0,,27.417219290585756,0.008406140770136617,0,1,1.930393952239939,18.14014897533216,1.7582051485057042,latent_vehicle,0.5560309051496649,latent_vehicle,1.7582051485057042,0.5560309051496649,0.9999999999999996,3851,ok,accepted,0,ok,0.6666273,0.3350166000018362,0.33116279999376275,0.0,0,0.0013860999999977253,0.008784800000000814,0,268.4645321605585,31.876171427750364,33.26346801693239,3.171807487681974,0,1,0,1,0,0,0,9,0.0,1,1,3.744762951584938,-1.4631687833214353,66,1,18.10026457275577,0.011443960923974475,23.67852364704328,-0.008849872589189706,20.04940331260381,0.0431055736583283,23.15472577596871,-0.005607538748125017,17.78264559304889,-0.008811963843335005,31.275457097621622,0.006790794359748448,30.633610978642945,0.04058754595422444,28.275657227791722,-0.06061564730871382,29.039095544993145,0.02479220542566666
3872,4.15,true_threat,IDEAM,1,2886,3871,4.1000000000000005,1,1,308.4686276007758,-202.13539212393397,309.84019966586914,-205.77370312357195,-205.39883028439743,0.4689238156013573,-2.5,1.9263936248616949,1,1,28.90020751526767,-4.258571150714516,0.0,0.75,0.0,,27.33936693778158,0.008530459232359039,0,1,1.7791433641971537,18.82745544346606,1.6051106697983517,latent_vehicle,0.5184739871404971,latent_vehicle,1.6051106697983517,0.5184739871404971,1.0500000000000003,3851,ok,accepted,0,ok,0.6666273,0.3350166000018362,0.33116279999376275,0.0,1,0.0013768999999967946,0.011274600000000135,0,269.3695920212501,32.4188240354888,33.73267424732592,3.1146078760660316,0,1,0,1,0,0,0,9,0.0,1,1,3.5891267474403183,-1.480413046171742,67,1,18.10127355484783,0.020179644658371704,23.67805254323841,-0.009422075033751805,20.049365142405406,-0.0007633849388096788,23.154411066960904,-0.006294180162821619,17.770451906048407,-0.2438737410460286,31.27403797746485,-0.02838240502133126,30.633841654760246,0.004613574871709483,28.271642253335617,-0.08029948836250703,29.038338103905946,-0.01514847200467265
3873,4.2,true_threat,IDEAM,1,2955,3872,4.15,1,1,309.9055066419252,-202.19351095866645,311.2169693590167,-205.68305400322427,-205.3627434289764,0.4109596945955616,-2.5,1.8595640969138354,0,1,28.653484890322947,-4.934452498894473,0.0,0.75,0.0,,27.33936693778158,0.008677988458066655,0,1,1.6303754091169935,19.708105116934437,1.455823143087936,latent_vehicle,0.4820028720779167,latent_vehicle,1.455823143087936,0.4820028720779167,1.1,3851,ok,accepted,0,ok,0.6666273,0.3350166000018362,0.33116279999376275,0.0,0,0.0013768999999967946,0.013667599999998004,0,270.27468239951804,32.950612698370264,34.20435356220554,3.056489041333549,0,1,0,1,0,0,0,9,0.0,1,1,3.4376759519476123,-1.4954736126325001,68,1,18.102707877035897,0.028686445828974245,23.677560458639938,-0.009841690078470189,20.04722889209808,-0.04272498960151462,23.154067747824005,-0.006866382823595323,17.766551366894895,-0.07801078495313768,31.270905982110207,-0.06263983091398512,30.632346115546305,-0.029910595899325185,28.266734640067835,-0.09815226467846701,29.03564466620541,-0.05386821300386224
3874,4.25,true_threat,IDEAM,1,3024,3873,4.2,1,1,311.32502132267746,-202.25204770441218,312.59609012880946,-205.59598989646773,-205.3324306954138,0.3506233078104799,-2.5,1.789245227812371,1,1,28.276789921326515,-7.533899379928641,0.0,0.75,0.0,,27.111541666253185,0.008910727514213936,0,1,1.484774556614724,21.268579970591784,1.3111810242866875,latent_vehicle,0.44796798249252434,latent_vehicle,1.3111810242866875,0.44796798249252434,1.15,3851,ok,accepted,0,ok,0.6666273,0.3350166000018362,0.33116279999376275,0.0,1,0.0013848000000038496,0.014749700000002974,0,271.179864330515,33.464945448125604,34.678292401001386,2.9979522955878224,0,1,0,1,0,0,0,9,0.0,1,1,3.2906776754316205,-1.5060218019575164,69,1,18.104554187830175,0.03692621725036226,23.677058837458,-0.010032422574658976,20.043099466216432,-0.08258850459228302,23.15370916990455,-0.0071715582134117975,17.75101409511767,-0.3107454368100112,31.26610499042106,-0.09601960258699054,30.62918349954845,-0.06325194208339703,28.26102212548994,-0.1142502908835112,29.031089628651355,-0.09110001467508394
3875,4.3,true_threat,IDEAM,1,3073,3874,4.25,1,1,312.7265917518225,-202.31083471230596,313.97747046936695,-205.51264816362826,-205.30764422563806,0.28834567082967055,-2.5,1.7160443016619575,0,1,27.929036937191768,-6.955059682694937,0.0,0.75,0.0,,27.111541666253185,0.009133997111344043,0,1,1.3426458158814683,22.953953453710625,1.1712986385884103,latent_vehicle,0.4132901245813848,latent_vehicle,1.1712986385884103,0.4132901245813848,1.1999999999999997,3851,ok,accepted,1,ok,0.4436424,0.0007180999964475632,0.44253289999323897,0.0,0,0.0013848000000038496,0.012221599999996613,0,272.08513781944635,33.961242388339315,35.15439925262751,2.9391652876940384,0,1,0,1,0,0,0,9,0.0,1,1,3.1478417646399417,-1.5112068551095552,70,1,18.106799136501653,0.04489897380052568,23.676545772161514,-0.010261304052549342,20.03708749127891,-0.12023948972287998,23.153342962416527,-0.00732414966757321,17.74425825637379,-0.1351167756893565,31.259694141110895,-0.12821654816060746,30.62444155486596,-0.09483829246349469,28.25459626287994,-0.1285172515934685,29.02475883282762,-0.12661499857502403
3876,4.35,true_threat,IDEAM,1,3139,3875,4.3,1,1,314.11140808881123,-202.36979528238663,315.3608052413634,-205.43313572033085,-205.2880549471302,0.2245932164980502,-2.5,1.6404111362143485,1,1,27.59993061276536,-6.582126488528175,0.0,0.75,0.0,,27.69316748978265,0.009353113915212598,0,1,1.2041728025033933,24.82490617929424,1.0361059142547797,latent_vehicle,0.37796882636750967,latent_vehicle,1.0361059142547797,0.37796882636750967,0.6499999999999995,3863,ok,accepted,0,ok,0.4436424,0.0007180999964475632,0.44253289999323897,0.0,1,0.001401600000001224,0.011128499999998098,0,272.9905638910541,34.440632653720286,35.63230795301621,2.880204717613367,0,1,0,1,0,0,0,9,0.0,1,1,3.009019007321471,-1.5107378463081902,71,1,18.109421740500203,0.05245208019891747,23.67604415027571,-0.010032436720588447,20.029315038552646,-0.15544904994973596,23.152976752198974,-0.00732420434055527,17.725970587560436,-0.36575337639744626,31.251734480774303,-0.15919253362540745,30.618219478144187,-0.1244407077353319,28.247556233772087,-0.14080058153417704,29.016747658321663,-0.1602224252636647
3877,4.4,true_threat,IDEAM,1,3203,3876,4.3500000000000005,1,1,315.48026378542306,-202.4289138851858,316.74603344087836,-205.3575441401261,-205.2732486228261,0.1598870975047646,-2.5,1.562895696730818,0,1,27.28274005659941,-6.343811123319014,0.0,0.75,0.0,,27.69316748978265,0.009571844500210537,0,1,1.0694626194994612,26.953032736835205,0.9055051300233128,latent_vehicle,0.3419421977084617,latent_vehicle,0.9055051300233128,0.3419421977084617,0.7000000000000002,3863,ok,accepted,0,ok,0.4436424,0.0007180999964475632,0.44253289999323897,0.0,0,0.001401600000001224,0.009648399999996116,0,273.8961120329672,34.90394020841899,36.11198801061806,2.821086114814193,0,1,0,1,0,0,0,9,0.0,1,1,2.874318091831213,-1.5040915420491792,72,1,18.112416278650162,0.059890762730423916,23.675550158686395,-0.00987982990378001,20.019906084947245,-0.1881790707503769,23.152610536740468,-0.007324309283801259,17.71698887338413,-0.17963428300918016,31.24228324059347,-0.18902388547939944,30.6106012027624,-0.15236446444179966,28.23999168407527,-0.15129099335879287,29.007161016897037,-0.19173165096306108
3878,4.45,true_threat,IDEAM,1,3255,3877,4.4,1,1,316.83358604608395,-202.48806830464716,318.13291093771204,-205.28590402387658,-205.26272190101844,0.09482223910765697,-2.5,1.4837754497167297,1,1,26.97332750114412,-6.188251109105778,0.0,0.75,0.0,,27.75820311415437,0.009792688384639906,0,1,0.938668083788599,29.42612325407939,0.7794589536427206,latent_vehicle,0.30510758275414024,latent_vehicle,0.7794589536427206,0.30510758275414024,0.75,3863,ok,accepted,0,ok,0.4436424,0.0007180999964475632,0.44253289999323897,0.0,1,0.0016119000000003325,0.012830699999994977,0,274.8018127627621,35.35156173928499,36.59316477765685,2.7619316953528426,1,1,1,1,0,0,0,9,0.0,1,1,2.744234225129547,-1.4906300604752614,73,1,18.115767492080444,0.06702426793868269,23.67507142516621,-0.00957466942306524,20.00899032952291,-0.21831510908638593,23.15225195058359,-0.007171723379046623,17.69657641850431,-0.4082490965630654,31.231399562859018,-0.21767241198317244,30.601699272541797,-0.1780373718604131,28.231992258642144,-0.1599885080580623,28.996100005192265,-0.2212189867452087
3879,4.5,true_threat,IDEAM,1,3298,3878,4.45,1,1,318.17161898017235,-202.54716690475541,319.52116309449855,-205.21827650043198,-205.255878365259,0.03002565861757489,-2.5,1.4033461098071176,0,1,26.66917813221348,-6.082987378612756,0.0,0.75,0.0,,27.75820311415437,0.01001730915782087,0,1,0.8119419602357425,32.35880638615563,0.6579441622042347,latent_vehicle,0.267338910085122,latent_vehicle,0.6579441622042347,0.267338910085122,0.7999999999999998,3863,ok,accepted,0,ok,0.4436424,0.0007180999964475632,0.44253289999323897,0.0,0,0.0016119000000003325,0.01330090000000439,0,275.70772711559147,35.78368032054402,37.07550258161399,2.7028330952445856,1,1,1,1,0,0,0,9,0.0,1,1,2.6196445204284458,-1.4696068864012939,74,1,18.119458215348896,0.07381446410388826,23.67461748803408,-0.009078740781764964,19.996701288246804,-0.24578082756447137,23.15190480747234,-0.006942862695514026,17.686005880543014,-0.21141075734154724,31.219148307745638,-0.2450237628050161,30.591618603403713,-0.20161201086008426,28.223660954801897,-0.16662607623390943,28.983684793532277,-0.2483029686485347
3880,4.55,true_threat,IDEAM,1,3358,3879,4.5,1,1,319.49463721464303,-202.60611803908458,320.91066787737043,-205.15476842295263,-205.2520245842606,-0.03374808382861261,-2.5,1.3218463027534422,1,1,26.368730015617047,-6.0089623319287,0.0,0.75,0.0,,27.807939983174972,0.010246870345460908,0,1,0.6894827484272241,35.91002155972173,0.5409904926254392,latent_vehicle,0.2285137387511238,latent_vehicle,0.5409904926254392,0.2285137387511238,0.8499999999999996,3863,ok,accepted,0,ok,0.4436424,0.0007180999964475632,0.44253289999323897,0.0,1,0.0013943999999952439,0.012474900000000844,0,276.6138550966606,36.20057057394558,37.55887938341675,2.6438819609154223,1,1,1,1,0,0,0,9,0.0,1,1,2.501910391287664,-1.4401940372584692,75,1,18.123475096032653,0.08033761222652322,23.674190253067426,-0.008544698378732932,19.983180103889087,-0.27042368898213964,23.151580551038528,-0.006485128410035923,17.664098063054478,-0.4381563478600039,31.205603871410442,-0.2708872314576842,30.580469829001814,-0.22297402445636116,28.21508551009088,-0.17150889361670574,28.970033641045095,-0.27302180940612975
3881,4.6,true_threat,IDEAM,1,3411,3880,4.55,1,1,320.80276280418525,-202.66487588962698,322.3012116580878,-205.09536460552582,-205.2503661617993,-0.09559773884666356,-2.5,1.2394697221677229,0,1,26.07103605638217,-5.953879184697541,0.0,0.75,0.0,,27.807939983174972,0.010482198545193737,0,1,0.5713210804580058,40.311548189687294,0.42846703780466056,latent_vehicle,0.18842732103116586,latent_vehicle,0.42846703780466056,0.18842732103116586,0.8999999999999995,3863,ok,accepted,1,ok,0.3075737,0.0006763999990653247,0.3065609999757726,0.0,0,0.0013943999999952439,0.014824900000000696,0,277.52013566040614,36.602415599742244,38.04314260038859,2.585124110373016,1,1,1,1,0,0,0,9,0.0,1,1,2.392725323002029,-1.4015453062433099,76,1,18.12780478189329,0.08659371588700397,23.673795438925648,-0.007896281745192246,19.968564105410938,-0.29231996998998094,23.15128490608766,-0.005912899030425159,17.652566224116935,-0.23063677689993686,31.190833020879,-0.2954154166167415,30.568371211830446,-0.2419708433718983,28.20635747775468,-0.17456064615081784,28.955266713701953,-0.2953373716732509
3882,4.65,true_threat,IDEAM,1,3461,3881,4.6000000000000005,1,1,322.09608728591184,-202.72339464878576,323.6925197888743,-205.0400956594249,-205.2500037866164,-0.15463918109057317,-2.322613113183152,1.156374429147928,1,1,25.77551004107007,-5.9105203062419776,0.0,0.75,0.0,,27.841903330468668,0.010723922934705756,0,1,0.4575333751983237,45.91972747227758,0.3202583803494206,latent_vehicle,0.14676678914990418,latent_vehicle,0.3202583803494206,0.14676678914990418,0.4500000000000002,3873,ok,accepted,0,ok,0.3075737,0.0006763999990653247,0.3065609999757726,0.0,1,0.0019058000000029551,0.01383360000000522,0,278.4266603647625,36.98921537711249,38.527926026818704,2.5266053512142435,1,1,1,1,0,0,0,9,0.0,1,1,2.294367908099393,-1.3529289546229262,77,1,18.132428201076348,0.09246838198567882,23.673436858229127,-0.0071716138168233644,19.95299443641095,-0.3113933780167472,23.15101977633528,-0.005302594265287468,17.62977912155002,-0.455742049715841,31.174921592607827,-0.3182269224758108,30.555439106080758,-0.2586406367777887,28.19755505856729,-0.17604838313778093,28.9395118065826,-0.3150970722460817
3883,4.7,true_threat,IDEAM,1,3498,3882,4.65,1,1,323.3746716689486,-202.7815980017985,325.0843786050523,-204.9888395872199,-205.25,-0.20990434057509333,-2.1014090545020814,1.0741586566900039,0,1,25.48179664751932,-5.874267871014993,0.0,0.75,0.0,,27.841903330468668,0.010972544423475589,0,1,0.3480739499805736,53.315913319499835,0.2161378335419509,latent_vehicle,0.10329900037555079,latent_vehicle,0.2161378335419509,0.10329900037555079,0.5,3873,ok,accepted,0,ok,0.3075737,0.0006763999990653247,0.3065609999757726,0.0,0,0.0019058000000029551,0.012598199999999338,0,279.33342920972956,37.3610309151822,39.01301599802963,2.4684019982015,1,1,1,1,0,0,0,9,0.0,1,1,2.209565614853198,-1.2938154196653058,78,1,18.1373358158439,0.09815229364051603,23.67311451275657,-0.006446909940137563,19.936610332306735,-0.32768207709368075,23.15078516583124,-0.004692209755654254,17.61788870295646,-0.23780837036618951,31.157961145456827,-0.33920731018200817,30.5417879556948,-0.2730215987515395,28.188765991060585,-0.17578134955146113,28.922900526062552,-0.3322246651745901
3884,4.75,true_threat,IDEAM,1,3523,3883,4.7,1,1,324.6386380131901,-202.83945538944576,326.4766660415219,-204.9416116893421,-205.25,-0.26116041278010016,-1.9969111848869812,0.9933238081460561,1,1,25.189666423089413,-5.842604488598155,0.0,0.75,0.0,,27.86017074180991,0.011228501041626354,0,1,0.2429886644555097,63.52133523037721,0.1160305796468361,latent_vehicle,0.05789769499722251,latent_vehicle,0.1160305796468361,0.05789769499722251,0.5499999999999998,3873,ok,accepted,0,ok,0.3075737,0.0006763999990653247,0.3065609999757726,0.0,1,0.001388400000003287,0.011841900000000294,0,280.2404116777311,37.71801479142209,39.498320966497715,2.41054461055424,1,1,1,1,0,0,0,9,0.0,1,1,2.141658466957261,-1.2241201522483858,79,1,18.142508552674535,0.10345473489901383,23.672836029941692,-0.00556965705484153,19.9195567521888,-0.34107159376181195,23.150584886920228,-0.004005577355697563,17.594817406641706,-0.46142592503420216,31.140043236077258,-0.358356617656152,30.527534111287242,-0.2850755926641602,28.180072290753827,-0.17387400551833174,28.905556850152422,-0.34687271857425733
3885,4.8,true_threat,IDEAM,1,3544,3884,4.75,1,1,325.88810836291486,-202.8968904761435,327.86919895118183,-204.8982899579508,-205.25,-0.30838831065790373,-1.8906824614431217,0.9133176738426658,0,1,24.898983196933443,-5.8136645231193995,0.0,0.75,0.0,,27.86017074180991,0.011492182780526713,0,1,0.1422318463664567,16.033703451826735,0.019802221292088716,latent_vehicle,0.010325675730744225,latent_vehicle,0.019802221292088716,0.010325675730744225,0.5999999999999996,3873,ok,accepted,0,ok,0.3075737,0.0006763999990653247,0.3065609999757726,0.0,0,0.001388400000003287,0.012804299999999103,0,281.14772984427793,38.060166974600065,39.983535709610805,2.3531095238564887,1,1,1,1,0,0,0,9,0.0,1,1,2.0942388158215564,-1.1444703609136606,80,1,18.147936875555132,0.10856645572751662,23.672601410937858,-0.0046923802038549576,19.901972932935237,-0.3516763724415132,23.150418941426036,-0.00331890940830435,17.58312344763356,-0.23387917940723754,31.121272770162346,-0.3754078518626987,30.51279773707893,-0.29472633847449825,28.17154071487976,-0.17063151683285577,28.887604755395085,-0.3590412481165202
3886,4.8500000000000005,true_threat,IDEAM,1,3529,3885,4.800000000000001,1,1,327.1230521849303,-202.95385749593805,329.26167215306316,-204.85885923836557,-205.25,-0.35171004204920564,-1.7838798978175927,0.834728813432349,1,1,24.609665833108703,-5.786347276494794,0.0,0.75,0.0,,27.863118081189203,0.011763956251085042,0,1,0.045834106986688994,16.90344428647951,-0.07258912079228708,latent_vehicle,0.0,latent_vehicle,-0.07258912079228708,0.0,0.6500000000000004,3873,ok,accepted,0,ok,0.3075737,0.0006763999990653247,0.3065609999757726,0.0,1,0.001400699999997812,0.016803500000001748,0,282.05526162865374,38.38757901223971,40.46847712711633,2.2961425040619474,1,1,1,1,0,0,0,9,0.0,1,1,2.0710387689878416,-1.0563876118167725,81,1,18.153595987208217,0.11318223141220077,23.672412567564905,-0.0037768662477685225,19.88399429507709,-0.3595727409484606,23.150291143820883,-0.0025559518824096188,17.560317275424232,-0.4561234436432805,31.101750839875663,-0.39043729024797874,30.49769899470126,-0.30197386793084335,28.163243743146378,-0.16593943421568189,28.869177754440983,-0.36853952152781794
3887,4.9,true_threat,IDEAM,1,3480,3886,4.8500000000000005,1,1,328.34356103717096,-203.0103716763852,330.65393301243574,-204.82318225354672,-205.25,-0.391140761634432,-1.6773306491959368,0.7580100221602173,0,1,24.321651974760606,-5.760277166961956,0.0,0.75,0.0,,27.863118081189203,0.012044193619827831,0,1,0.0,17.875932228036408,-0.161353334279994,latent_vehicle,0.0,latent_vehicle,-0.161353334279994,0.0,0.7000000000000002,3873,ok,accepted,0,ok,0.3075737,0.0006763999990653247,0.3065609999757726,0.0,0,0.001400699999997812,0.011184900000003495,0,282.9631596239458,38.70018986918831,40.95283999119687,2.239628323614795,1,1,1,1,0,0,0,9,0.0,1,1,2.0752966575329697,-0.962287555540076,82,1,18.159476351802954,0.11760729030921373,23.672269499371538,-0.002861361054777728,19.86575816829099,-0.3647225156550528,23.15020149356617,-0.0017930050419029595,17.54933476011212,-0.21965030607198682,31.0815842554204,-0.40333054486480424,30.48235232511992,-0.3069325957364789,28.15524431732556,-0.15998851571392955,28.85040554458358,-0.37544383555683475
3888,4.95,true_threat,IDEAM,1,3421,3887,4.9,1,1,329.6020943434977,-203.15502291469886,332.0215002230386,-204.7730636186457,-205.25,-0.4268177464532812,-1.5717966070105507,0.6835235610266254,1,1,24.143711224205127,-3.558815011109573,0.0,0.75,0.0,,27.851481792755884,0.012222363228028601,0,1,0.0,18.480327937727125,-0.22515513727086045,latent_vehicle,0.0,latent_vehicle,-0.22515513727086045,0.0,0.75,3873,ok,accepted,0,ok,0.3075737,0.0006763999990653247,0.3065609999757726,0.0,1,0.0012849999999957618,0.01086369999999448,0,283.87127124227226,39.050611557188574,41.412295583473224,2.0949770853011387,1,1,1,1,0,0,0,9,0.0,1,1,2.029183902134205,-0.9370825981685929,83,1,18.165564618623932,0.12176533474391502,23.672168392076998,-0.0020221416268772154,19.84739615683757,-0.36724020690345116,23.15014999175457,-0.001030035939915331,17.527293438252137,-0.4408264372507567,31.06087601246236,-0.41416390119492974,30.466862630228704,-0.30979328180694055,28.147601566184555,-0.15285502216771052,28.831408287205676,-0.3799449056717688
3889,5.0,true_threat,IDEAM,1,0,3888,4.95,1,1,330.81510905720637,-203.25019016664362,333.41932548907425,-204.76730722267575,-205.25,-0.4769363813543066,-1.1680581798593557,0.4369494859866169,0,1,24.211372352075063,1.3532225573987233,0.0,0.75,0.0,,27.851481792755884,0.012154152159574102,0,1,0.0,18.113689044191315,-0.25862513938881193,latent_vehicle,0.0,latent_vehicle,-0.25862513938881193,0.0,0.7999999999999998,3873,ok,accepted,0,ok,0.3075737,0.0006763999990653247,0.3065609999757726,0.0,0,0.0012849999999957618,0.01481979999999794,0,284.7797490715149,39.35514844165459,41.90164302026625,1.9998098333563803,1,1,1,1,0,0,0,9,0.0,1,1,2.092755242913219,-0.8717740346813775,84,1,18.171847435259526,0.12565633109630234,23.672114968532732,-0.0010684657059296214,19.829041771720124,-0.3670876804630545,23.150142360682683,-0.00015262131994047578,17.517464870072363,-0.19657136359439184,31.03973101433718,-0.42289920005104636,30.451348163335943,-0.31028888909780333,28.1403612653382,-0.14480601622022524,28.812311865975847,-0.38192828157113223
3890,5.05,true_threat,IDEAM,1,0,3889,5.0,1,1,332.03187498106786,-203.3381692488325,334.818975479938,-204.7429955156388,-205.25,-0.482692777324246,-1.4057892093681599,0.5664638819493129,1,1,24.226752265905112,0.3075982766009844,0.0,0.75,0.0,,27.956040864620434,0.012138726888495792,0,1,0.0,18.055135174114742,-0.36208160840342885,latent_vehicle,0.0,latent_vehicle,-0.36208160840342885,0.0,0.8499999999999996,3873,ok,accepted,0,ok,0.3075737,0.0006763999990653247,0.3065609999757726,0.0,1,0.0013025000000013165,0.011759299999994255,0,285.68853208172646,39.66313135530453,42.392510000918435,1.911830751167514,1,1,1,1,0,0,0,9,0.0,1,1,2.1598955995846634,-0.8024823357201354,85,1,18.178309542918132,0.12924215162146116,23.67210732134752,-0.00015293803414059801,19.81081326788416,-0.3645700561293663,23.15017478374861,0.0006484614288798284,17.49662136449967,-0.41687011154780185,31.01825988447264,-0.4294220192227382,30.435910011851057,-0.3087627283150176,28.133576820600037,-0.1356888940122735,28.793230720423733,-0.38162284210884867
3891,5.1000000000000005,true_threat,IDEAM,1,0,3890,5.050000000000001,1,1,333.2474169224804,-203.41653571090245,336.2118452697664,-204.70315267343275,-205.25,-0.5070044843612038,-1.9555809079672972,0.8610985113768522,0,1,24.218584201918034,-0.1633612797415651,0.0,0.75,0.0,,27.956040864620434,0.01214691538259012,0,1,0.0,18.07629510793428,-0.4697994884062098,latent_vehicle,0.0,latent_vehicle,-0.4697994884062098,0.0,0.9000000000000004,3873,ok,accepted,1,ok,0.4731574,0.0006853999802842736,0.472066000016639,0.0,0,0.0013025000000013165,0.01283730000000105,0,286.59765078007246,39.969554598371076,42.87626109240085,1.8334642890975488,1,1,1,1,0,0,0,9,0.0,1,1,2.232249010740714,-0.7322142522921266,86,1,18.1849394974884,0.13259908992136882,23.67213973094794,0.0006481969705288408,19.792836531040827,-0.3595347179168885,23.150245355498587,0.0014114350076536843,17.488324399575173,-0.16593929854933487,30.996569432432135,-0.43380863211866144,30.42064544890692,-0.30529107973162667,28.127288286778114,-0.12577067571121264,28.774271660671793,-0.37918117364452997
3892,5.15,true_threat,IDEAM,1,0,3891,5.1000000000000005,1,1,334.4631384453028,-203.48457191091353,337.6014799986971,-204.6627311008185,-205.25,-0.5468473265672458,-1.9867165324384926,0.8606881506581644,1,1,24.210468506750782,-0.16231390334503715,0.0,0.75,0.0,,27.81437739934681,0.012155059584944455,0,1,0.0,18.11221533967903,-0.5628472381701499,latent_vehicle,0.0,latent_vehicle,-0.5628472381701499,0.0,0.6500000000000004,3879,ok,accepted,0,ok,0.4731574,0.0006853999802842736,0.472066000016639,0.0,1,0.0013474000000002206,0.011642399999999498,0,287.5071051717583,40.275821729507584,43.356441429645656,1.7654280890864698,1,1,1,1,0,0,0,9,0.0,1,1,2.3219559547039483,-0.670072002059038,87,1,18.19172394750624,0.13568899893719896,23.67221219608484,0.0014493059567459207,19.775220278622676,-0.3523250329001408,23.150355982251938,0.0022125350386391226,17.469043014447255,-0.38562770256625406,30.974758837675516,-0.4362116291834649,30.40564602585515,-0.29998837451822435,28.121526180955232,-0.11524211568213132,28.75554912666653,-0.3744506805135812
3893,5.2,true_threat,IDEAM,1,0,3892,5.15,1,1,335.6788253747293,-203.54066049019465,338.9886738004155,-204.62371416957853,-205.25,-0.5872688991815096,-1.9679822829389186,0.832315090885395,0,1,24.20240319499647,-0.16130623508622932,0.0,0.75,0.0,,27.81437739934681,0.01216316134341677,0,1,0.0,18.152693056908262,-0.6387932139110148,latent_vehicle,0.0,latent_vehicle,-0.6387932139110148,0.0,0.7000000000000002,3879,ok,accepted,0,ok,0.4731574,0.0006853999802842736,0.472066000016639,0.0,0,0.0013474000000002206,0.010502400000000023,0,288.4168647340023,40.581749096690146,43.83387566912012,1.7093395098053463,1,1,1,1,0,0,0,9,0.0,1,1,2.427823028356771,-0.6166101443981203,88,1,18.19864381945848,0.13839743768419127,23.672328531982522,0.002326721438507655,19.75807513643679,-0.342902832435629,23.150499035472272,0.002861064278457515,17.462577106911255,-0.12931815063776592,30.95291774459515,-0.4368217130177383,30.39101092264397,-0.29270203602464,28.116319115655177,-0.10414130552230802,28.737162299885103,-0.36773653394151407
3894,5.25,true_threat,IDEAM,1,0,3893,5.2,1,1,336.89429416284383,-203.58350451421566,340.37376255045024,-204.58663582278038,-205.25,-0.626285830421466,-1.9278425380383029,0.7926743742784055,1,1,24.19438435660194,-0.16037676789061095,0.0,0.75,0.0,,27.72524873948785,0.012171224450649597,0,1,0.0,18.186702819007287,-0.697173339525051,latent_vehicle,0.0,latent_vehicle,-0.697173339525051,0.0,0.75,3879,ok,accepted,0,ok,0.4731574,0.0006853999802842736,0.472066000016639,0.0,1,0.0012935999999967862,0.012339099999998382,0,289.32702102994415,40.88706158886282,44.308808123213,1.6664954857843384,1,1,1,1,0,0,0,9,0.0,1,1,2.5473074440690824,-0.5714752907350087,89,1,18.20568767085454,0.14087702635416702,23.67248111106844,0.0030515835818118444,19.741506008244777,-0.33138255698011077,23.150680236219223,0.0036240147384547787,17.445149664857222,-0.3485488409471444,30.931147240942476,-0.43541000856048523,30.376818340077236,-0.28385165056316886,28.11169188678946,-0.09254457719445223,28.719212269184403,-0.35900058963696146
3895,5.3,true_threat,IDEAM,1,0,3894,5.25,1,1,338.1095140213899,-203.61231053640225,341.75714310222315,-204.55186213600015,-205.25,-0.6633641772196199,-1.8730196380658937,0.7457379423834432,0,1,24.186404252576008,-0.15960208051865266,0.0,0.75,0.0,,27.72524873948785,0.0121792565712093,0,1,0.0,18.203503764456762,-0.7383348584124576,latent_vehicle,0.0,latent_vehicle,-0.7383348584124576,0.0,0.7999999999999998,3879,ok,accepted,0,ok,0.4731574,0.0006853999802842736,0.472066000016639,0.0,0,0.0012935999999967862,0.010513199999998335,0,290.2374825016495,41.19181997570354,44.78172720328058,1.6376894635977521,1,1,1,1,0,0,0,9,0.0,1,1,2.677885980285388,-0.5338163290798001,90,1,18.21284787041065,0.1432039895395446,23.672671838632773,0.0038145524381947163,19.725604446468573,-0.31803123275073875,23.150890047813707,0.004196231962221855,17.440737972080353,-0.0882338552632836,30.909533155653456,-0.4322816906997765,30.36314647868456,-0.2734372243238876,28.1076597537059,-0.08064266191851975,28.701782957961253,-0.34858616062736747
3896,5.3500000000000005,true_threat,IDEAM,1,0,3895,5.300000000000001,1,1,339.32424058071956,-203.62640725336095,343.13890707613325,-204.5195914422518,-205.25,-0.6981378639998468,-1.8071894228607421,0.6937106287004804,1,1,24.178455131737287,-0.15898241677440694,0.0,0.75,0.0,,27.656215566570957,0.012187265413113416,0,1,0.0,18.19402056089238,-0.7630035386867462,latent_vehicle,0.0,latent_vehicle,-0.7630035386867462,0.0,0.8500000000000005,3879,ok,accepted,0,ok,0.4731574,0.0006853999802842736,0.472066000016639,0.0,1,0.0012801000000024487,0.01293969999999689,0,291.1483407018474,41.49568833483528,45.25263297699274,1.6235927466390478,1,1,1,1,0,0,0,9,0.0,1,1,2.817397931157734,-0.5026015036452217,91,1,18.220109160224276,0.14522579457225615,23.672893087161217,0.004424971038986865,19.710462004571358,-0.3028488379659451,23.151132284492856,0.004844733589129005,17.42537046780257,-0.30735008523163415,30.888168948135352,-0.4272841526297432,30.350071632042134,-0.2614969001693761,28.104228438750468,-0.06862629948598456,28.684960196748854,-0.33645510900867925
3897,5.4,true_threat,IDEAM,1,0,3896,5.3500000000000005,1,1,340.5384432868186,-203.6256878639853,344.51905455546694,-204.4900678821461,-205.25,-0.7304085577482056,-1.7331039103904589,0.6382094801066079,0,1,24.170527325706843,-0.15855612060889257,0.0,0.75,0.0,,27.656215566570957,0.012195260649813916,0,1,0.0,18.151665172471198,-0.7724732169360493,latent_vehicle,0.0,latent_vehicle,-0.7724732169360493,0.0,0.9000000000000004,3879,ok,accepted,1,ok,0.3336296,0.00074230000609532,0.3324207999976352,0.0,0,0.0012801000000024487,0.010895700000006059,0,292.0595651181669,41.79866662461484,45.72155604000693,1.6243121360147086,1,1,1,1,0,0,0,9,0.0,1,1,2.9637961854553505,-0.4767053668687182,92,1,18.227460095301776,0.1470186998589062,23.673148669675882,0.005111650512661077,19.69615306812118,-0.2861787310883381,23.15140313191499,0.005416948361488833,17.42315222690264,-0.044364817553011755,30.867121375062684,-0.4209514512288505,30.337639576448563,-0.24864102833080512,28.101411293757863,-0.05634289981518986,28.668824094183577,-0.3227218771666469
3898,5.45,true_threat,IDEAM,1,0,3897,5.4,1,1,341.7518780667465,-203.61035081580783,345.8976465961983,-204.46335247001417,-205.25,-0.7599321178539071,-1.6528433022815285,0.5804986711102238,1,1,24.162599713409147,-0.15855224595391348,0.0,0.75,0.0,,25.268558438374104,0.01220326356034296,0,1,0.0,18.07359865254337,-0.7684289484917315,latent_vehicle,0.0,latent_vehicle,-0.7684289484917315,0.0,0.4500000000000002,3889,ok,accepted,0,ok,0.3336296,0.00074230000609532,0.3324207999976352,0.0,1,0.0013125000000044906,0.014204599999999346,0,292.97115574019716,42.10051078251246,46.18855745870803,1.6396491841921659,1,1,1,1,0,0,0,9,0.0,1,1,3.1157015938525503,-0.4549484888534272,93,1,18.234889231628213,0.14858272488167637,23.67342905108328,0.005607628039267903,19.68275774603574,-0.267906444315387,23.151698775273225,0.0059128673848456185,17.40996863752901,-0.26367178702710625,30.846474359521864,-0.412940262622792,30.32592279095605,-0.2343355599108755,28.099194964968955,-0.044326574712432815,28.653437591521808,-0.30772982086942835
3899,5.5,true_threat,IDEAM,1,0,3898,5.45,1,1,342.96439255124767,-203.58103702998574,347.2745916508037,-204.43946049587655,-205.25,-0.786647529985828,-1.5681857927464846,0.5215932048654567,0,1,24.15466642581683,-0.15866575184631415,0.0,0.75,0.0,,25.268558438374104,0.012211280087979327,0,1,0.0,17.96071723666619,-0.7370365266652357,latent_vehicle,0.0,latent_vehicle,-0.7370365266652357,0.0,0.5,3889,ok,accepted,0,ok,0.3336296,0.00074230000609532,0.3324207999976352,0.0,0,0.0013125000000044906,0.009307999999997207,0,293.88314309072,42.40103791649079,46.6535151627906,1.6689629700142632,1,1,1,1,0,0,0,9,0.0,1,1,3.271877101190095,-0.4362377993879014,94,1,18.24237558841211,0.14972713409582647,23.673734229556786,0.00610356918091051,19.670337074701163,-0.24841342820875686,23.152017305961675,0.006370613862604483,17.410001066478213,0.0006485793537903009,30.826294658719824,-0.403593909764934,30.314963237193847,-0.21919084946567904,28.09757945236158,-0.032310249622418234,28.638865537433485,-0.2914407968967944
3900,5.55,true_threat,IDEAM,1,17,3899,5.5,1,1,344.17592601228745,-203.53864679584288,348.64992024206504,-204.4184072081106,-205.25,-0.8105395041234544,-1.4806061235018029,0.4623191778905774,1,1,24.14671395992272,-0.15904931788220722,0.0,0.75,0.0,,25.553978635405254,0.01221932392492345,0,1,0.0,17.817789371783604,-0.5690747281593929,latent_vehicle,0.0,latent_vehicle,-0.5690747281593929,0.0,0.5499999999999998,3889,ok,accepted,0,ok,0.3336296,0.00074230000609532,0.3324207999976352,0.0,1,0.0012820999999973992,0.011189600000001576,0,294.79549664695367,42.70021782129692,47.11649019781828,1.7113532041571204,1,1,1,1,0,0,0,9,0.0,1,1,3.4314770861897923,-0.4196310184365281,95,1,18.24991725916974,0.15083341351501708,23.67405848394351,0.006485087794496703,19.658948273997943,-0.22777601330845124,23.152358725087595,0.006828382537337637,17.399052889470052,-0.21896353968808924,30.806643308159668,-0.3930268319435131,30.304804782912118,-0.20316878530796065,28.096553311941864,-0.020522804113418204,28.625157521778725,-0.27415998561732763
3901,5.6000000000000005,true_threat,IDEAM,1,38,3900,5.550000000000001,1,1,345.3688133799287,-203.4966901687541,350.0236323751875,-204.40020786550454,-205.25,-0.831592791889392,-1.3913094616660344,0.4033529045302894,0,1,21.501832289637697,-52.897633405700475,0.0,0.75,0.0,,25.553978635405254,0.015409890403835553,0,1,0.0,44.69223832021562,-0.385105150665936,latent_vehicle,0.0,latent_vehicle,-0.385105150665936,0.0,0.6000000000000005,3889,ok,accepted,0,ok,0.3336296,0.00074230000609532,0.3324207999976352,0.0,0,0.0012820999999973992,0.011133799999996086,0,295.7082164193088,42.98038541658303,47.57748255858559,1.7533098312459003,1,1,1,1,0,0,0,9,0.0,1,1,3.6092719417043573,-0.4054397386969998,96,1,18.257498984152736,0.15163449807046486,23.674403719953528,0.006904720050876318,19.648639029127548,-0.2061848934077515,23.15272112595189,0.0072480171920664685,17.401320731698156,0.045356844996220905,30.787573712927497,-0.3813916468088599,30.295489389677414,-0.18630749333270746,28.09610891452439,-0.00888794213272386,28.612359320332132,-0.25596366893815153
3902,5.65,true_threat,IDEAM,1,31,3901,5.6000000000000005,1,1,346.3568757492044,-203.48110956961824,351.39560597986576,-204.38486250970146,-205.25,-0.8497921344954591,-1.3012824913268428,0.34524932429470867,1,1,18.0690281274558,-68.65608324363798,0.0,0.75,0.0,,25.865262310737087,0.021819578230166663,0,1,0.08862670931435446,,-0.008941475084384365,latent_vehicle,0.0,latent_vehicle,-0.008941475084384365,0.0,0.6500000000000004,3889,ok,accepted,0,ok,0.3336296,0.00074230000609532,0.3324207999976352,0.0,1,0.0012864000000050169,0.012562899999998933,0,296.6213024077856,43.05536179738192,48.036370174787066,1.7688904303817594,1,1,1,1,0,0,0,9,0.0,1,1,3.984469101697245,-0.3945050152235448,97,1,18.26511122667456,0.1522448489165729,23.67476230960884,0.00717179373647878,19.639449394009016,-0.1837926942798037,23.15309687809359,0.007515043076155675,17.39257363538684,-0.17494192575386625,30.76914118520587,-0.3686502204883082,30.28703231491047,-0.16914106567075105,28.09622146367213,0.002250990614711041,28.600510985158976,-0.23696632700298614
3903,5.7,true_threat,IDEAM,1,0,3902,5.65,1,1,347.30776577928737,-203.45988064039682,352.76584099884053,-204.37220329403146,-205.25,-0.8651374902985367,-1.211347121803284,0.28846507198025256,0,1,18.065363161323447,-0.07329932264703132,0.0,0.75,0.0,,25.865262310737087,0.021828429503074714,0,1,0.5079716982061484,,0.40353353570278844,latent_vehicle,1.6651068330806016,follower_1,0.40353353570278844,,0.7000000000000002,3889,ok,accepted,0,ok,0.3336296,0.00074230000609532,0.3324207999976352,0.0,0,0.0012864000000050169,0.008891599999998334,0,297.53478511954955,43.092769115700946,48.49312248199789,1.7901193596031817,1,1,1,1,0,0,0,9,0.0,1,1,4.397873809332433,-0.38676098091089695,98,1,18.27274445001784,0.15266446542665546,23.67513615848196,0.007476977650383954,19.631407978713625,-0.16082829305261298,23.153489796043342,0.007858359111677477,17.396987245093477,0.08827219453679201,30.751389593296278,-0.3550314360439228,30.27945644561558,-0.15151691249583019,28.096866163849775,0.012894012365326087,28.58963921819975,-0.2174349567013596
3904,5.75,true_threat,IDEAM,1,0,3903,5.7,1,1,348.2579535511479,-203.4376143530274,354.1344289796356,-204.362214928474,-205.25,-0.8777967059685352,-1.1223059538253906,0.23337143836142343,1,1,17.928226296961444,-2.742737287240047,0.0,0.75,0.0,,26.208911987458013,0.02216353847549368,0,1,0.9263719071406342,,0.8154417954686779,latent_vehicle,1.6030239301533202,follower_1,0.8154417954686779,,0.75,3889,ok,accepted,0,ok,0.3336296,0.00074230000609532,0.3324207999976352,0.0,1,0.0017093999999957532,0.01320909999999742,0,298.44866455980605,43.12907744730501,48.947831022536434,1.8123856469725865,1,1,1,1,0,0,0,9,0.0,1,1,4.812975933349644,-0.38355285545667694,99,1,18.280383395413836,0.1527789065641025,23.6755176385687,0.007629603021974945,19.62454339593028,-0.13729163862666263,23.153892250788424,0.008049094914745382,17.39034967551968,-0.1327513911301344,30.734353269378698,-0.3407260173813667,30.272777039685515,-0.1335876154303377,28.097999145070414,0.022659633473611582,28.579768810701992,-0.19740778091407074
3905,5.8,true_threat,IDEAM,1,0,3904,5.75,1,1,349.17893531012544,-203.41332860994504,355.50130886107115,-204.35482113990977,-205.25,-0.8877850715259967,-1.0347083921602032,0.18026685274411433,0,1,16.133896548201495,-35.88659497519899,0.0,0.75,0.0,,26.208911987458013,0.027365154633785953,0,1,1.3722700295986385,,1.2547414036812838,latent_vehicle,1.3648743608838798,follower_1,1.2547414036812838,,0.7999999999999998,3889,ok,accepted,0,ok,0.3336296,0.00074230000609532,0.3324207999976352,0.0,0,0.0017093999999957532,0.013620699999997044,0,299.3629102109787,43.13581355510985,49.400465252799336,1.8366713900549598,1,1,1,1,0,0,0,9,0.0,1,1,5.257690955236163,-0.3840925295740222,100,1,18.2880128049283,0.15258818890144607,23.675908654660578,0.007820322396318883,19.618861372981357,-0.11364044048949797,23.154306149684174,0.008277977820948952,17.3967602785561,0.12821206103663976,30.718064636591226,-0.32577215381184094,30.266997907973412,-0.11558212592424962,28.099607055360355,0.03215821442513362,28.570903575533173,-0.17730435742411502
3906,5.8500000000000005,true_threat,IDEAM,1,0,3905,5.800000000000001,1,1,349.97183824192734,-203.39917261988006,356.86657212820626,-204.34982353286017,-205.25,-0.8951788600902262,-0.9490434738653453,0.12938910321842462,1,1,14.724173928365815,-28.1944523967136,0.0,1.0,0.008185111917555332,0.027365155518054962,26.572499382485258,0.032852370348417384,0,0,1.9446303649318395,,1.822999589921217,latent_vehicle,1.1990411882391196,follower_1,1.822999589921217,,0.8500000000000005,3889,ok,accepted,0,ok,0.3336296,0.00074230000609532,0.3324207999976352,0.0,1,0.0013876000000010436,0.013033400000004747,0,300.27755259064395,43.01407410724653,49.85108614026922,1.850827380119938,1,1,1,1,0,0,0,9,0.0,1,1,5.823862978629804,-0.37607341225637114,101,1,18.295628863736397,0.15232117470020343,23.676307305130337,0.007973011637494688,19.6143714452527,-0.08979853457049744,23.154720053289132,0.008278072577732977,17.392068206103428,-0.0938414486449305,30.702552303461054,-0.31024613702919396,30.26211714118633,-0.09761483769567637,28.10166128453192,0.04108459133598092,28.563058769377932,-0.15689580901681505
3907,5.9,true_threat,IDEAM,1,0,3906,5.8500000000000005,1,1,350.7605298887385,-203.38543005378315,358.2302798057828,-204.34719156892731,-205.25,-0.9001764671398291,-0.8658010203514551,0.08092213702199541,0,1,14.723365989375093,-0.016158779814432478,0.0,0.0,0.016370223835110664,0.027365155518054962,26.572499382485258,0.03285597337529301,0,0,2.5196463956972366,,2.3909382626657827,latent_vehicle,1.1528747309226117,follower_1,2.3909382626657827,,0.9000000000000004,3889,ok,accepted,0,ok,0.3336296,0.00074230000609532,0.3324207999976352,0.0,0,0.0013876000000010436,0.010612199999997074,0,301.1925612072523,42.88775713744934,50.2997852012374,1.8645699462168466,1,1,1,1,0,0,0,9,0.0,1,1,6.397996627028479,-0.38033044243802433,102,1,18.303214404752755,0.15171081888787186,23.67670977352991,0.008049370936527368,19.611065983555992,-0.06610921368262128,23.155139683077905,0.00839259560818181,17.4002698106802,0.1640320918582605,30.687827710873446,-0.2944913247950123,30.258130922305362,-0.07972390466001884,28.104119869986835,0.04917171560401579,28.556232482815215,-0.13652545518703463
3908,5.95,true_threat,IDEAM,1,0,3907,5.9,1,1,351.54555956172794,-203.37208546547208,359.59243182613073,-204.3467268838649,-205.25,-0.9028084310726854,-0.785249148321819,0.035001335257594836,1,1,14.722854593172553,-0.010227924050809634,1.0,0.0,0.024555334821343422,0.03285597264766693,26.92348739619327,0.03285825426729743,1,0,3.0967687430557476,,2.9577676689360293,latent_vehicle,1.1061887978441718,follower_1,2.9577676689360293,,0.9500000000000002,3889,ok,accepted,0,ok,0.3336296,0.00074230000609532,0.3324207999976352,0.0,1,0.0014365999999981227,0.014771200000005535,0,302.1079665575586,42.75738146013248,50.746531871279046,1.8779145345279176,1,1,1,1,0,0,0,9,0.0,1,1,6.981040671838686,-0.40011623683131015,103,1,18.310759887858072,0.15090966114932397,23.67711225100773,0.00804955461299203,19.608929730276703,-0.04272504715499482,23.15556695482009,0.008545436864434782,17.397307703440706,-0.059242144450753834,30.673902300775893,-0.2785076898473211,30.25501826777512,-0.06225265582608811,28.106948479694573,0.05657219935776647,28.550409455241386,-0.11646031629303022
3909,6.0,true_threat,IDEAM,1,0,3908,5.95,1,1,352.3261337882943,-203.35909334926257,360.95321126868123,-204.34835312126742,-205.25,-0.9032731161350966,-0.707719144268072,-0.008277415911114075,0,1,14.722567095304104,-0.005749957368976766,1.0,0.0,0.026892978698015213,0.03285597264766693,26.92348739619327,0.03285953664852127,1,0,3.6769739590399126,,3.5252851959038085,latent_vehicle,1.0822082624401963,follower_1,3.5252851959038085,,1.0,3889,ok,accepted,0,ok,0.3336296,0.00074230000609532,0.3324207999976352,0.0,0,0.0014365999999981227,0.013994500000002574,0,303.0237076064101,42.62221463784738,51.191570264978054,1.8909066507374348,1,1,1,1,0,0,0,9,0.0,1,1,7.578621515246831,-0.44358387481191414,104,1,18.3182519604263,0.14984145102101198,23.67751283448873,0.008011678855381572,19.607945518690514,-0.019684215620650126,23.15599422310976,0.008545368525640515,17.407056167965884,0.19496929080850475,30.660781792902995,-0.2624096746923931,30.25276010103757,-0.045162948790431465,28.110105151243395,0.06313343464012057,28.545572517301956,-0.09673856803687766
