frame,time_s,condition,controller,hidden_visible,hidden_lidar_hits,lidar_frame,lidar_time_s,lidar_is_new,semantic_lidar_reveal_armed,ego_station_m,ego_local_y_m,hidden_station_m,hidden_local_y_m,hidden_reference_y_m,hidden_lateral_error_m,hidden_commanded_ay_mps2,hidden_road_lateral_velocity_mps,hidden_observation_submitted,hidden_aware_plan,ego_speed_mps,ego_accel_mps2,ego_throttle,ego_brake,ego_steer,commanded_ackermann_steer_rad,target_speed_mps,steer_limit_rad,steering_envelope_active,shield_active,minimum_clearance_m,minimum_ttc_s,minimum_oriented_clearance_m,minimum_oriented_clearance_actor_role,minimum_ttc_2d_s,minimum_ttc_2d_actor_role,hidden_oriented_clearance_m,hidden_ttc_2d_s,plan_age_s,plan_source_frame,plan_status,plan_rejection_reason,new_plan,latest_plan_status,planner_total_s,planner_decision_s,planner_mpc_s,planner_field_s,low_level_updated,low_level_time_s,physics_control_cycle_time_s,physics_control_deadline_miss,occluder_station_m,ego_pass_clearance_ahead_occluder_m,hidden_pass_clearance_ahead_occluder_m,ego_target_lane_error_m,ego_centre_lane_overlap,hidden_centre_lane_overlap,concurrent_centre_lane_overlap,hidden_center_geometric_visible_now,hidden_center_los_blocked,hidden_footprint_fully_blocked,hidden_footprint_blocked_sample_count,hidden_footprint_sample_count,hidden_footprint_blocked_sample_fraction,hidden_center_in_range,hidden_center_in_horizontal_fov,hidden_center_geometric_range_m,hidden_center_geometric_bearing_rad,hidden_center_geometric_clear_streak,hidden_center_geometric_reveal_confirmed,occluder_speed_mps,occluder_accel_mps2,lead_left_speed_mps,lead_left_accel_mps2,lead_centre_speed_mps,lead_centre_accel_mps2,lead_right_speed_mps,lead_right_accel_mps2,rear_centre_speed_mps,rear_centre_accel_mps2,follower_1_speed_mps,follower_1_accel_mps2,follower_2_speed_mps,follower_2_accel_mps2,follower_3_speed_mps,follower_3_accel_mps2,follower_4_speed_mps,follower_4_accel_mps2
1219,0.05,true_threat,IDEAM,0,0,1218,,0,0,180.70645676667561,-201.74956582402078,198.85179048118732,-208.75056301530662,-208.75,0.000680482123271986,-0.0022256948841754423,0.0015389336571072394,0,0,33.00170922078922,0.0,0.5812826752662659,0.0,-0.002437727991491556,-0.0029782464262098074,32.93856261027367,0.006541928698337154,0,0,3.897242689394248,14.671221284575072,3.897227061578185,rear_centre,,,14.161663653225023,,0.05,1218,ok,accepted,1,ok,0.4844895,0.0007619000098202378,0.4827649999933783,0.0,1,0.0011755999999998323,0.01632940000000005,0,195.79322472448607,-21.766979501847317,-3.6793676405918347,3.5004341759792226,0,0,0,1,1,0,8,9,0.8888888888888888,1,1,18.328876065687496,-0.39207895285281325,1,0,19.4723637365151,0.37883764152632743,23.777894213423192,1.8646759978563605,21.596728669746046,0.8481214262794287,24.52584797127298,1.6989138372584913,17.667788732282492,-0.017928917142345745,31.96223825975561,0.09971591059082527,31.96225584445546,1.2404990128242086,31.161967778859694,1.2569180876601327,27.865985445601716,5.62976855340252
1220,0.1,true_threat,IDEAM,0,13,1219,0.05,1,0,182.35773228453462,-201.74894147209778,200.31736670312293,-208.75045977661114,-208.75,0.0005630153066249477,-0.002584475720147359,0.0016860488696929538,0,0,33.045852916311965,0.8828739104548333,0.576166570186615,0.0,-0.002437727991491556,-0.0029782464262098074,32.93856261027367,0.0065244630378534325,0,0,4.61560687325589,14.656143627983798,4.615641617767136,rear_centre,,,13.989012838047454,,0.1,1218,ok,accepted,0,ok,0.4844895,0.0007619000098202378,0.4827649999933783,0.0,0,0.0011755999999998323,0.013451100000001048,0,196.76740692684098,-21.08988618634322,-3.187973621011139,3.5010585279022166,0,0,0,1,1,0,8,9,0.8888888888888888,1,1,18.157787481922952,-0.3964453850494306,2,1,19.490117339147577,0.35507205223611443,23.843961296093294,1.3213424085084866,21.621617648182866,0.49777957216057694,24.591903281815426,1.321106212082802,17.669951674141334,0.04325883775591413,31.97084801575873,0.1721951244919285,32.009725640230315,0.9496394980512292,31.209588275392974,0.9526548637754471,28.1200404762418,5.081100612937249
1221,0.15000000000000002,true_threat,IDEAM,0,0,1220,0.1,1,0,184.0106556213818,-201.74793508828844,201.785201220503,-208.75034050872995,-208.75,0.00045977661113738577,-0.002902168267943534,0.001816660864918579,0,0,33.06853397852525,0.45362124426574724,0.5732309818267822,0.0,-0.0024647144600749016,-0.0030112166423350573,32.63856234843815,0.006515516356770507,0,0,5.3492597493816625,14.640481514121003,5.349476286512061,rear_centre,,,13.81742552651298,,0.15000000000000002,1218,ok,accepted,0,ok,0.4844895,0.0007619000098202378,0.4827649999933783,0.0,1,0.0012821999999985678,0.012095500000000925,0,197.74238259138633,-20.411938514041395,-2.69511476817641,3.5020649117115568,0,0,0,0,1,1,9,9,1.0,1,1,17.987782112901662,-0.4010917967119047,0,1,19.506648331088265,0.33061983857167143,23.88817751443926,0.8843244291966007,21.632115678223613,0.20996060594391946,24.640906895999127,0.9800722853736515,17.67427373366331,0.08644119090914394,31.98027220770161,0.18848384463529574,32.046446237450475,0.7345948476946126,31.24583159774372,0.7250447895608747,28.324555938355857,4.0903092423849685
1222,0.2,true_threat,IDEAM,0,0,1221,0.15000000000000002,1,0,185.6630599824478,-201.74641008266437,203.25459213948227,-208.75023596868726,-208.75,0.00034050872994839665,-0.0031935019678537586,0.0019255049732291533,0,0,33.04626360963822,-0.4454073777407075,0.5753657817840576,0.0,-0.0024647144600749016,-0.0030112166423350573,32.63856234843815,0.006524300873636089,0,0,6.091043924650357,14.669351985049463,6.091578792145564,rear_centre,,,13.64834159234572,,0.2,1218,ok,accepted,0,ok,0.4844895,0.0007619000098202378,0.4827649999933783,0.0,0,0.0012821999999985678,0.012327000000002641,0,198.71818222528773,-19.735333786876794,-2.201523483098555,3.5035899173356313,0,0,0,0,1,1,9,9,1.0,1,1,17.82026455595868,-0.4059504727453921,0,1,19.521903305910815,0.30509949672593045,23.915135771111512,0.5391650396732128,21.630618391117533,-0.029945735597166883,24.67475662534052,0.6769945889868204,17.680045377372334,0.11543287458916254,31.986976518424267,0.13408622175346474,32.074869384988446,0.5685912286413082,31.27332296456653,0.5499474239104468,28.468116349986065,2.8712082326851607
1223,0.25,true_threat,IDEAM,0,0,1222,0.2,1,0,187.31430444137004,-201.744198827182,204.72489858575202,-208.75013111632123,-208.75,0.00023596868726372122,-0.0034285149757555516,0.002009605514203627,0,0,33.023854648617295,-0.4481792204184387,0.603611946105957,0.0,-0.002081609331071377,-0.0025431655813008547,32.338565214962,0.006533158001378366,0,0,5.814387154667733,14.67687138008689,5.813269026069086,occluder,,,13.481829887486658,,0.25,1218,ok,accepted,0,ok,0.4844895,0.0007619000098202378,0.4827649999933783,0.0,1,0.0011714999999981046,0.010874299999997561,0,199.69465325107421,-19.06056035374104,-1.70768806261529,3.5058011728179963,0,0,0,0,1,1,9,9,1.0,1,1,17.655273058844195,-0.4109650743841024,0,1,19.535840302698993,0.2787399360117577,23.9284047423378,0.2653796703151133,21.618888176789042,-0.23460427856017502,24.695460908172702,0.41408565935178626,17.6867993064639,0.13507858227250916,31.987735622135144,0.015182082811034624,32.096439929500384,0.4314930181523214,31.293648324315715,0.4065797223350843,28.548490112785647,1.6074752561066445
1224,0.3,true_threat,IDEAM,0,0,1223,0.25,1,1,188.9682647043179,-201.7412237057317,206.19569330803796,-208.75001083859462,-208.75,0.00013111632122786432,-0.003617623343602674,0.0020680646669916473,0,0,33.11881912197825,1.899289467219063,0.6169700622558594,0.0,-0.002081609331071377,-0.0025431655813008547,32.338565214962,0.006495746586417919,0,0,5.1533054467148895,14.478802169747086,5.152079783889634,occluder,,,13.313959806756973,,0.3,1218,ok,accepted,0,ok,0.4844895,0.0007619000098202378,0.4827649999933783,0.0,0,0.0011714999999981046,0.008555899999997507,0,200.67182618111673,-18.38377302083569,-1.214066270371859,3.5087762942683014,0,0,0,0,1,1,9,9,1.0,1,1,17.488881569470397,-0.41620100604295396,0,1,19.5484230809327,0.25165556522889027,23.930528874490793,0.042483616751723206,21.598119035310383,-0.4153828200300058,24.70488894686028,0.1885607772120798,17.69430282412013,0.15007035355633339,31.980369421005772,-0.14732401354564512,32.11186287532292,0.3085047343658067,31.307619504974515,0.27946043041173513,28.572427333518007,0.4787444148861948
1225,0.35000000000000003,true_threat,IDEAM,0,0,1224,0.30000000000000004,1,1,190.62628351862384,-201.73740796629835,207.66639648280025,-208.74990585088847,-208.75,1.0838594619144715e-05,-0.003774050189570727,0.002101511702925579,0,0,33.18492687431205,1.322155046675988,0.5133253335952759,0.0,-0.0013897322351112962,-0.0016978782368823886,32.03857458469724,0.006469892710687177,0,0,4.4937502632715125,14.314207357706225,4.492639228455251,occluder,,,13.143042080016729,,0.35000000000000003,1218,ok,accepted,0,ok,0.4844895,0.0007619000098202378,0.4827649999933783,0.0,1,0.0011691999999996483,0.011208899999999744,0,201.64957893990447,-17.7035069653175,-0.7211158543973113,3.512592033701651,0,0,0,0,1,1,9,9,1.0,1,1,17.319375629794312,-0.4216475993366836,0,1,19.559602049420743,0.2235793705060535,23.92322483837973,-0.14607879078602048,21.56914638717635,-0.5794529524627295,24.704616210349315,-0.005454726226637712,17.702483449508758,0.1636125081245652,31.964135957118586,-0.32466926893823667,32.12133229218886,0.18940841896881166,31.315527908281446,0.15818133192149061,28.55270534179579,-0.3944398340078963
1226,0.4,true_threat,IDEAM,0,0,1225,0.35000000000000003,1,1,192.28674340068744,-201.73259957277142,209.13661137113556,-208.7497857709666,-208.75,-9.414911153271532e-05,-0.00387526948967008,0.0021110834446910597,0,0,33.222340145066646,0.7482654150919643,0.43424442410469055,0.0,-0.0013897322351112962,-0.0016978782368823886,32.03857458469724,0.0064553292078928315,0,0,3.8399295830815032,14.182805382959737,3.8392681286743837,occluder,,,12.970300770836564,,0.4,1218,ok,accepted,1,ok,0.3229354,0.0007065000245347619,0.32181799999671057,0.0,0,0.0011691999999996483,0.009918700000000058,0,202.6278810202719,-17.021349163621323,-0.2292030464294328,3.51740042722858,0,0,0,0,1,1,9,9,1.0,1,1,17.14794807309743,-0.4272596831755851,0,1,19.5693466911334,0.19489283494163362,23.907589412553964,-0.31270553945752955,21.53256913931733,-0.7315449460877893,24.695928250703876,-0.17375918864192802,17.71136788741387,0.1776887584917353,31.93966084138366,-0.4895023068328153,32.12479453054084,0.06924968828333716,31.3173848289007,0.03713988574630924,28.504607722073356,-0.961952393632029
1227,0.45,true_threat,IDEAM,0,0,1226,0.4,1,1,193.9482406044613,-201.72698210950483,210.60591073738578,-208.74968126215626,-208.75,-0.00021422903338930155,-0.003948521213250712,0.002098409992521817,0,0,33.236399694511746,0.28119098890201144,0.3759584426879883,0.0,8.859866647981107e-05,0.0001082436865544878,31.886916362798186,0.006449869091447084,0,0,3.1976686325274164,14.076250194474367,3.1979608143441363,occluder,,,12.796607321044037,,0.45,1218,ok,accepted,0,ok,0.3229354,0.0007065000245347619,0.32181799999671057,0.0,1,0.0015415000000018608,0.010973299999999853,0,203.6065798239265,-16.33855076350207,0.26139751616619833,3.5230178904951686,0,0,0,0,1,1,9,9,1.0,1,1,16.975416128247822,-0.4329095561281714,0,1,19.57761885810456,0.165443340207067,23.884292138118496,-0.4659415535812147,21.488873666569887,-0.8739094435838534,24.679811165066276,-0.322341708967367,17.721017171203304,0.19298567611910084,31.90858820874287,-0.6214526464230217,32.12209316254156,-0.05402764644237064,31.31308926944268,-0.08591081086554547,28.441966567811168,-1.2528230839909231
1228,0.5,true_threat,IDEAM,0,0,1227,0.45,1,1,195.60982907466783,-201.72052538165627,212.07383681270028,-208.74957722183092,-208.75,-0.000318737843741701,-0.003972882803376391,0.0020654958491016836,0,0,33.2320756687329,-0.08648051557699432,0.33134475350379944,0.0,8.859866647981107e-05,0.0001082436865544878,31.886916362798186,0.006451547616803229,0,0,2.5769874036915024,13.986993190983297,2.5789777445476183,occluder,,,12.622451801175682,,0.5,1218,ok,accepted,0,ok,0.3229354,0.0007065000245347619,0.32181799999671057,0.0,0,0.0015415000000018608,0.009799000000001001,0,204.58564484370265,-15.65602731307169,0.7502585717045349,3.529474618343727,0,0,0,0,1,1,9,9,1.0,1,1,16.80224739262482,-0.43856016198473474,0,1,19.584384218635716,0.13530721134217183,23.853771749857994,-0.6104030292851668,21.438519639427803,-1.007080531040677,24.657020264229985,-0.455818013384988,17.7314484688166,0.20862595263713463,31.873061920252628,-0.7105257654976195,32.113098672674916,-0.1798864600045184,31.30254237548222,-0.21092949847721032,28.375266574528066,-1.3339998638086503
1229,0.55,true_threat,IDEAM,0,0,1228,0.5,1,1,197.27074588751444,-201.71327542585973,213.53993183343383,-208.74947380615222,-208.75,-0.0004227781690815391,-0.003964936734963927,0.002014841222054831,0,0,33.2135243165092,-0.37102704447391943,0.29450055956840515,0.0,0.0007252313662320375,0.0008860372472554445,31.69802455478547,0.006458756429000342,0,0,1.998355755310123,13.908944539137329,2.0032095293456824,occluder,,,12.448133418894683,,0.55,1218,ok,accepted,0,ok,0.3229354,0.0007065000245347619,0.32181799999671057,0.0,1,0.001167299999998761,0.01130589999999998,0,205.5650150392423,-14.974480695764726,1.236983396898438,3.5367245741402655,0,0,0,0,1,1,9,9,1.0,1,1,16.628728457631063,-0.4442028014488325,0,1,19.589610346872078,0.10452256547017838,23.816350630799274,-0.7484170967705246,21.38196291384141,-1.131134499426817,24.62814873288111,-0.5774306245503525,17.74262935506437,0.22361772533846083,31.83527733443702,-0.7556917139499162,32.09778090626273,-0.30634109859538816,31.285742739714767,-0.3359692431698422,28.311683188237698,-1.2716677233174225
1230,0.6000000000000001,true_threat,IDEAM,0,0,1229,0.55,1,1,198.93035021554093,-201.705354531047,215.00395165897564,-208.7493710984064,-208.75,-0.0005261938477758576,-0.0039275485387348695,0.0019481074780634353,0,0,33.18385766884474,-0.5933329532892628,0.2614608108997345,0.0,0.0007252313662320375,0.0008860372472554445,31.69802455478547,0.006470309634066454,0,0,1.5098113000967646,13.837756009477202,1.519296124105792,occluder,,,12.274003997213017,,0.6000000000000001,1218,ok,accepted,0,ok,0.3229354,0.0007065000245347619,0.32181799999671057,0.0,0,0.001167299999998761,0.011712099999996894,0,206.54462936498197,-14.294490693477911,1.7213888967005744,3.544645468953007,0,0,0,0,1,1,9,9,1.0,1,1,16.45520393377416,-0.44984214277567836,0,1,19.593264817844865,0.07308942017796545,23.77232826118676,-0.8804418190203156,21.31970703139642,-1.245117637088895,24.593682944664923,-0.6893157630073533,17.754460646350044,0.23662582605035873,31.797090302100614,-0.7637406459654434,32.07623954158917,-0.4307967938517106,31.262795885859344,-0.45889367099204986,28.25533818967969,-1.1268999680723986
1231,0.6500000000000001,true_threat,IDEAM,0,0,1230,0.6000000000000001,1,1,200.58815382437422,-201.696900192884,216.4654080081041,-208.7492692651659,-208.75,-0.0006289015935863063,-0.0038646763049011,0.0018675305722400306,0,0,33.14524780187094,-0.7721973394760084,0.22950729727745056,0.0,0.0010212608613073826,0.0012477055424824357,31.54107831921961,0.006485392115719052,0,0,1.2217100226400293,13.77063713801899,1.2370278869450508,occluder,,,12.10004720608132,,0.6500000000000001,1218,ok,accepted,0,ok,0.3229354,0.0007065000245347619,0.32181799999671057,0.0,1,0.0016049000000002422,0.010931100000000527,0,207.5243046998474,-13.61636241951004,2.2031699109636236,3.5530998071160127,0,0,0,0,1,1,9,9,1.0,1,1,16.28165180488004,-0.45549511743086285,0,1,19.595324744745557,0.04119853864822003,23.722049891290766,-1.0055618275493559,21.25228033149396,-1.3485339889793473,24.55404823855399,-0.7926941218815022,17.766784034360857,0.24646776059926664,31.759811172066733,-0.7455826007954376,32.048684966445244,-0.5510412978984945,31.233925658619803,-0.5773385728814631,28.22275494104802,-0.6516649690751269
1232,0.7000000000000001,true_threat,IDEAM,0,0,1231,0.65,1,1,202.243821041496,-201.68797356104204,217.92387362954494,-208.74915319339348,-208.75,-0.0007307348340930275,-0.003779686697465879,0.0017750549056619203,0,0,33.09911820575597,-0.9225919222993184,0.19736528396606445,0.0,0.0010212608613073826,0.0012477055424824357,31.54107831921961,0.00650348133248163,0,0,1.2034828144919913,13.706019563649889,1.2172729199908563,occluder,,,11.926192133095308,,0.7000000000000001,1218,ok,accepted,1,ok,0.2860262,0.0007307000050786883,0.28491779998876154,0.0,0,0.0016049000000002422,0.00962040000000286,0,208.50416314017093,-12.94055364271179,2.681777092080921,3.5620264389579575,0,0,0,0,1,1,9,9,1.0,1,1,16.107995347580328,-0.46118796755120506,0,1,19.595771056661043,0.008926238851749091,23.66589890374501,-1.1230144142218152,21.18023975879845,-1.4408114470071567,24.509652786229406,-0.8879090471314289,17.779414504661595,0.2526094063592854,31.72412658998396,-0.713691641736254,32.01542296216093,-0.6651686685955731,31.19944554822296,-0.6895131513274709,28.192038986549615,-0.6143190861372935
1233,0.7500000000000001,true_threat,IDEAM,0,0,1232,0.7000000000000001,1,1,203.89701626726344,-201.6788494082268,219.3791349106745,-208.74905347354087,-208.75,-0.0008468066065177027,-0.003687946835963664,0.0016725008615275008,0,0,33.046375449338434,-1.054855128350738,0.16515158116817474,0.0,0.0024523157626390457,0.00299606891348958,31.920940460491536,0.006524256714244743,0,0,1.2125779466959727,13.643211994421867,1.2213672718279776,occluder,,,11.752460763028983,,0.45000000000000007,1224,ok,accepted,0,ok,0.2860262,0.0007307000050786883,0.28491779998876154,0.0,1,0.0016396999999983564,0.016765899999999334,0,209.48380796266537,-12.267003239438793,3.1573935507160513,3.571150591773204,0,0,0,0,1,1,9,9,1.0,1,1,15.93422379029902,-0.4668295390973131,0,1,19.59458468026408,-0.023727527414903502,23.60432352382638,-1.231502687442102,21.104147980549595,-1.5218355600756561,24.460878057211556,-0.9754945814748094,17.79214987992437,0.2547075056474623,31.69019105107077,-0.6787107773386367,31.976856572477796,-0.7712354842884627,31.159751026912435,-0.7937797676178902,28.249661888393373,1.1524580406619984
1234,0.8,true_threat,IDEAM,0,0,1233,0.75,1,1,205.54737339486812,-201.6698330351311,220.83076459501314,-208.7489397337826,-208.75,-0.0009465264591312916,-0.003567744633407596,0.001561401925612535,0,0,32.987607115312535,-1.1753666805179819,0.13294972479343414,0.0,0.0024523157626390457,0.00299606891348958,31.920940460491536,0.006547523044814118,0,0,1.2215500403922022,13.582057596276842,1.2256160197982098,occluder,,,11.578675833488498,,0.5,1224,ok,accepted,0,ok,0.2860262,0.0007307000050786883,0.28491779998876154,0.0,0,0.0016396999999983564,0.014724900000000929,0,210.46345277995445,-11.5962909291232,3.6293784177655937,3.5801669648689085,0,0,0,0,1,1,9,9,1.0,1,1,15.760146803851232,-0.47239061258249326,0,1,19.59175417038432,-0.05661019703680366,23.537819655392976,-1.330073034100957,21.023789467269808,-1.6071702632568166,24.408120779869627,-1.0551455476873883,17.804808961648355,0.25318163488406714,31.65778330312108,-0.6481549560900579,31.933430760959247,-0.86840484668029,31.11529661568351,-0.8889588268364718,28.31168504469926,1.2404631293366455
1235,0.8500000000000001,true_threat,IDEAM,0,0,1234,0.8,1,1,207.19467883250792,-201.66101606735944,222.27854906993716,-208.74884256457054,-208.75,-0.001060266217393746,-0.0034464519061502934,0.0014434660734640534,0,0,32.92321867643576,-1.2877687775355184,0.1006588339805603,0.0,0.002633801195770502,0.0032177951652556658,31.63443267427299,0.006573157531520303,0,0,1.2303227912290708,13.522746296259848,1.2303651742105306,occluder,,,11.40484942481456,,0.55,1224,ok,accepted,0,ok,0.2860262,0.0007307000050786883,0.28491779998876154,0.0,1,0.0011714000000004887,0.015232199999999807,0,211.44291449178544,-10.928447203314391,4.097701180858621,3.5889839326405593,0,0,0,0,1,1,9,9,1.0,1,1,15.585776604224225,-0.4779113974385045,0,1,19.587275712946358,-0.0895691483461024,23.466932789259214,-1.4177336689808924,20.938580569730732,-1.704177950440869,24.351775775883656,-1.1269000793568666,17.81722199574628,0.24826068186350597,31.626519968408385,-0.6252666886794663,31.88563046507147,-0.9558786997200737,31.066578692949456,-0.9742144537848084,28.34241814586204,0.61466202593385
1236,0.9000000000000001,true_threat,IDEAM,0,0,1235,0.8500000000000001,1,1,208.83853593497656,-201.65264278086272,223.72206108417228,-208.74874685286733,-208.75,-0.001157435429462339,-0.003301832895985326,0.0013199358624530304,0,0,32.8535457475381,-1.3934585779531972,0.06877026706933975,0.0,0.002633801195770502,0.0032177951652556658,31.63443267427299,0.00660106584095013,0,0,1.2386519544879775,13.46560268081894,1.2356961052993463,occluder,,,11.23087610583538,,0.6000000000000001,1224,ok,accepted,0,ok,0.2860262,0.0007307000050786883,0.28491779998876154,0.0,0,0.0011714000000004887,0.01417719999999889,0,212.42210154542929,-10.263777154489588,4.5620261414499055,3.5973572191372796,0,0,0,0,1,1,9,9,1.0,1,1,15.411005695218211,-0.48341837166984375,0,1,19.58115121524447,-0.12248995387447142,23.392238928695384,-1.4938742520269592,20.850211199833627,-1.7673873994383849,24.292245499120124,-1.1906055331779732,17.829265005474788,0.2408601950511831,31.596015762301413,-0.610084113332465,31.833969134674167,-1.033087603781585,31.014110680132116,-1.0492065935144959,28.343059007161315,0.012817228077546256
1237,0.9500000000000001,true_threat,IDEAM,0,0,1236,0.9,1,1,210.47879214562457,-201.6448047804239,225.16114804463137,-208.74863739193873,-208.75,-0.0012531471326724386,-0.0031485185210162548,0.001192222674932391,0,0,32.778849475903435,-1.4939254326932883,0.037409085780382156,0.0,0.0024438330437988043,0.0029857053887099028,31.37811384171542,0.0066311841877132955,0,0,1.2464459670291035,13.411056086867175,1.2417328385258495,occluder,,,11.05675212112005,,0.65,1224,ok,accepted,0,ok,0.2860262,0.0007307000050786883,0.28491779998876154,0.0,1,0.0011599000000011017,0.015190299999996881,0,213.40089187058055,-9.60231126899285,5.022322776757733,3.6051952195761032,0,0,0,0,1,1,9,9,1.0,1,1,15.235828696329344,-0.48896010191679273,0,1,19.57338067732227,-0.15541075861585696,23.314314078691478,-1.5584947377192748,20.76019006983936,-1.8004226020842151,24.229924769986727,-1.246414578482116,17.84082544615438,0.2312088135883289,31.566051339746934,-0.599288438563162,31.778962012139186,-1.0999963130701849,30.95841731030561,-1.113709384731174,28.318160470063503,-0.49797074036146216
1238,1.0,true_threat,IDEAM,0,0,1237,0.9500000000000001,1,1,212.11517289475648,-201.6377615591389,226.5957184298177,-208.74860576574608,-208.75,-0.0013626080612709757,-0.003000920257407008,0.0010615743379945707,0,0,32.699387369806644,-1.5892421219358255,0.007046587765216827,0.0,0.0024438330437988043,0.0029857053887099028,31.37811384171542,0.006663451001469802,0,0,1.253460615366265,13.359547871456142,1.2483542858427765,occluder,,,10.88260112799444,,0.7,1224,ok,accepted,0,ok,0.2860262,0.0007307000050786883,0.28491779998876154,0.0,0,0.0011599000000011017,0.012411900000000031,0,214.379224437292,-8.944263086572391,5.478560595232608,3.6122384408610912,0,0,0,1,1,0,8,9,0.8888888888888888,1,1,15.060363264531418,-0.49455889391969554,1,1,19.56397363605035,-0.18814082598062645,23.23375713137253,-1.6111373162985525,20.66953761148852,-1.8130491688938257,24.165217946112193,-1.2941364709844974,17.851834656745265,0.2201842115536398,31.536605719183967,-0.5889123950701097,31.721126129397412,-1.1565692642969347,30.90001936551519,-1.167801806262049,28.274094986199085,-0.8813096759838094
1239,1.05,true_threat,IDEAM,0,12,1238,1.0,1,1,213.7474035554174,-201.6316047634338,228.02552808350435,-208.74860628121112,-208.75,-0.0013942342539223773,-0.002787403607916602,0.0009288978915437222,0,0,32.611959566275466,-1.7485560706235503,0.0,0.022169193252921104,0.0019375564297661185,0.0023671716917306185,31.151898557227657,0.00669922526211752,0,0,1.2595737250862271,13.316413663042528,1.2557128476237833,occluder,,,10.708433150231661,,0.75,1224,ok,accepted,0,ok,0.2860262,0.0007307000050786883,0.28491779998876154,0.0,1,0.0011636999999993236,0.01596410000000148,0,215.35712975272918,-8.289937741348638,5.930464933482085,3.6183952365661867,0,0,0,1,1,0,7,9,0.7777777777777778,1,1,14.884614562120184,-0.5002643235290383,2,1,19.552939626941296,-0.2206801827796264,23.151166981838955,-1.6518019140269635,20.579028208389598,-1.8101880623497304,24.098508405677453,-1.3341908003653173,17.86223350749455,0.20797701318495293,31.507871542596195,-0.5746835119308378,31.660978401551777,-1.2028086968120695,30.839427965814203,-1.2116768147626045,28.21721021424498,-1.1376954383990021
1240,1.1,true_threat,IDEAM,1,43,1239,1.05,1,1,215.3749653704526,-201.62645664059724,229.45045492497513,-208.74860846240057,-208.75,-0.0013937187888757308,-0.002547147940834292,0.0007956516165187263,0,0,32.51632522769236,-1.9126867716620666,0.0,0.04673726484179497,0.0019375564297661185,0.0023671716917306185,31.151898557227657,0.006738688439912076,0,0,1.2646783805639927,13.282760626049004,1.2632645186081077,occluder,,,10.534558592884897,,0.8,1224,ok,accepted,0,ok,0.2860262,0.0007307000050786883,0.28491779998876154,0.0,0,0.0011636999999993236,0.008893000000000484,0,216.334394199063,-7.639640372647278,6.37812732861903,3.6235433594027597,0,0,0,1,1,0,5,9,0.5555555555555556,1,1,14.70888451246939,-0.5060861744988394,3,1,19.540311076670022,-0.25257100621714035,23.06711582399412,-1.6810225252666995,20.48931608112351,-1.794242543010935,24.030187155654104,-1.366424990871312,17.871978137787828,0.19489260507049147,31.48020357643698,-0.553359300026398,31.59902609823362,-1.2389071257065412,30.777156026378048,-1.245297815355703,28.152932561033488,-1.285553064018203
1241,1.1500000000000001,true_threat,IDEAM,1,107,1240,1.1,1,1,216.99758355154015,-201.62193581462182,230.8703463663483,-208.74861236136837,-208.75,-0.0013915375994315582,-0.002306674112762573,0.0006630244628985146,1,0,32.414519612690306,-2.0361123000411396,0.0,0.06524355709552765,-0.002438457915559411,-0.0029791384004056454,31.697748600771796,0.006781082568388322,0,0,1.269155978628504,13.256545666497566,1.2689004559045673,occluder,,,10.361443807767143,,0.55,1230,ok,accepted,1,ok,0.4488126,0.0007285000174306333,0.44768449998809956,0.0,1,0.0013809000000009064,0.013792800000000938,0,217.3109567411408,-6.993584733637533,6.821456227914382,3.6280641853781788,0,0,0,1,0,0,2,9,0.2222222222222222,1,1,14.533659154714831,-0.5123807396338319,4,1,19.52611659556289,-0.283889622843103,22.982181576632662,-1.6986846415683654,20.400975341573567,-1.7668147849581164,23.96036482282151,-1.3964466465465364,17.881036123314257,0.1811597104975761,31.454019527678106,-0.523680950613015,31.535738248209213,-1.2656287072122188,30.71369157638021,-1.2691617012716112,28.08555546948302,-1.3475418313150587
1242,1.2000000000000002,true_threat,IDEAM,1,175,1241,1.1500000000000001,1,1,218.61501395806928,-201.61804236879374,232.28511085489475,-208.74861800934679,-208.75,-0.0013876386316269418,-0.0020677021536255873,0.0005319951379577966,0,0,32.30833775497269,-2.123637154352309,0.0,0.07912950962781906,-0.002438457915559411,-0.0029791384004056454,31.697748600771796,0.006825726697953689,0,0,1.273006446404338,13.235979633219706,1.272147916901399,occluder,,,10.189333472381168,,0.6000000000000001,1230,ok,accepted,0,ok,0.4488126,0.0007285000174306333,0.44768449998809956,0.0,0,0.0013809000000009064,0.010152200000000278,0,218.28678686138625,-6.3519844473538285,7.260390596215416,3.6319576312062622,0,0,0,1,0,0,0,9,0.0,1,1,14.35916010799726,-0.5192694231005573,5,1,19.510384793942208,-0.3146360326326498,22.89692499548689,-1.7051315311057242,20.31452860312547,-1.7289347583738397,23.889230234679044,-1.4226917526993539,17.889376946865884,0.16681647173817055,31.429740919054048,-0.48557214809734806,31.471610507492677,-1.282440124005526,30.649516854363856,-1.2833833290531467,28.018241323473834,-1.3462829207013693
1243,1.2500000000000002,true_threat,IDEAM,1,199,1242,1.2000000000000002,1,1,220.22698187459355,-201.61460855014013,233.69483994334362,-208.74862537510356,-208.75,-0.0013819906532148707,-0.0018315307607109092,0.00040329902118834034,1,0,32.19900789621068,-2.1865971752401947,0.0,0.08981356769800186,-0.0032860683277249336,-0.004014689940959215,31.440602663319247,0.006872156651117126,0,0,1.276428096083805,13.220141444260104,1.275929317603741,occluder,,,10.018678238217792,,0.6500000000000001,1230,ok,accepted,0,ok,0.4488126,0.0007285000174306333,0.44768449998809956,0.0,1,0.0013953999999998246,0.013131699999998858,0,219.26176249990468,-5.714992169347994,7.695144046145856,3.635391449859867,0,0,0,1,0,0,0,9,0.0,1,1,14.185787173705458,-0.5267106195206485,6,1,19.493138559376945,-0.34492469056622777,22.811876321274557,-1.7009735019797505,20.230464146113587,-1.681289124891961,23.81772943670713,-1.4300159499689895,17.896973907041676,0.15193920456553112,31.4076939065349,-0.4409402275039023,31.407098426028032,-1.2901425069161867,30.585091170038837,-1.288420168397635,27.953135891115856,-1.302108647444932
1244,1.3,true_threat,IDEAM,1,205,1243,1.25,1,1,221.83348723344292,-201.61143599441468,235.0994420789658,-208.74863448987097,-208.75,-0.0013746248964423557,-0.0015999684977441152,0.0002779269892167948,0,0,32.08749072953563,-2.230343333500997,0.0,0.09764282405376434,-0.0032860683277249336,-0.004014689940959215,31.440602663319247,0.006920005249520687,0,0,1.2796498511327172,13.208470531167219,1.2790013549799824,occluder,,,9.84955046031474,,0.7,1230,ok,accepted,0,ok,0.4488126,0.0007285000174306333,0.44768449998809956,0.0,0,0.0013953999999998246,0.009373599999999982,0,220.23576159680147,-5.082485907395409,8.12574708487125,3.638564005585323,0,0,0,1,0,0,0,9,0.0,1,1,14.013552651873656,-0.534665868928124,7,1,19.473628303274413,-0.39020511989444123,22.727565796919748,-1.68621052854003,20.14838333523598,-1.6416161968702547,23.746682589844227,-1.420936929337368,17.90380983630144,0.1367185863873606,31.388097834733223,-0.3919214157983489,31.34264989053897,-1.2888882422480956,30.520856649967293,-1.2846148686036492,27.8915285400803,-1.2321470199161035
1245,1.35,true_threat,IDEAM,1,212,1244,1.3,1,1,223.43434686148925,-201.60832639983582,236.4990393320667,-208.74864531200592,-208.75,-0.0013655101290339644,-0.0013743813884854674,0.00015665182514349764,1,0,31.97454951687194,-2.2588242532738434,0.0,0.10307522863149643,-0.0034650079905986786,-0.004233305808156729,31.213511742671987,0.00696897599949626,0,0,1.2828089677691423,13.200641258984664,1.2803333414884435,occluder,,,9.682357724078077,,0.75,1230,ok,accepted,0,ok,0.4488126,0.0007285000174306333,0.44768449998809956,0.0,1,0.0019372000000004164,0.017372100000002888,0,221.20881464883144,-4.4546793313790545,8.552291285942175,3.6416736001641823,0,0,0,1,0,0,0,9,0.0,1,1,13.842808333724035,-0.5430715659411183,8,1,19.4522412140669,-0.42774178083328546,22.644481705077308,-1.6616818347564843,20.067570914373892,-1.6162483913887724,23.67609732259346,-1.411705338278677,17.909873291182766,0.12126909862621461,31.371021367211483,-0.3415293340074268,31.278687989085114,-1.2791722576284414,30.457238265142436,-1.2723095368985644,27.834058233065115,-1.1494061371633544
1246,1.4000000000000001,true_threat,IDEAM,1,217,1245,1.35,1,1,225.0295606754463,-201.6050356257927,237.8937232553754,-208.74865781027606,-208.75,-0.0013546879940804502,-0.001156200838654145,4.025024632765828e-05,0,0,31.8608735623349,-2.2735190907408054,0.0,0.10604611784219742,-0.0034650079905986786,-0.004233305808156729,31.213511742671987,0.0070187921022642355,0,0,1.2861649182675592,13.196415697618978,1.2813345088189487,occluder,,,9.517358938660315,,0.8,1230,ok,accepted,0,ok,0.4488126,0.0007285000174306333,0.44768449998809956,0.0,0,0.0019372000000004164,0.008798300000002257,0,222.18070803816553,-3.831358906756094,8.975081819916767,3.644964374207291,0,0,0,1,0,0,0,9,0.0,1,1,13.673754103664868,-0.5518859037175989,9,1,19.429324429831375,-0.45833568017864873,22.56310470006511,-1.6275400088242913,19.98848464371197,-1.5817253847942254,23.60600224603291,-1.401901526144714,17.915150919130046,0.1055525597847307,31.356413004299366,-0.29216724641103037,31.215611022584415,-1.2614895107630508,30.394641941080735,-1.2518842713589273,27.78089472348239,-1.0632701848498443
1247,1.4500000000000002,true_threat,IDEAM,1,222,1246,1.4000000000000001,1,1,226.61912856600088,-201.60124323773374,239.28358540162088,-208.7486719534491,-208.75,-0.0013421897239425107,-0.000946511849867066,-7.068884960385706e-05,1,0,31.747236291087432,-2.2727454249493206,0.0,0.10594428330659866,-0.0030940761789679527,-0.0037801272701472044,31.54141091220964,0.0070691270242488075,0,0,1.2900076091924007,13.195377520092327,1.2824822836334029,occluder,,,9.354846943305105,,0.4500000000000002,1238,ok,accepted,1,ok,0.3261922,0.0007807000074535608,0.3250177000008989,0.0,1,0.0013977999999994495,0.010701399999998529,0,223.1514722719693,-3.2125552500052947,9.39417973235848,3.6487567622662596,0,0,0,1,0,0,0,9,0.0,1,1,13.506620162396546,-0.5610478219564687,10,1,19.405104924677822,-0.4843900977903166,22.48387919689967,-1.5845098564126479,19.911732965844177,-1.5350335280488323,23.53669681400477,-1.3861086370612405,17.91964462933738,0.0898742045610127,31.34413732404086,-0.2455135975771858,31.153823051300634,-1.2357240072774027,30.33346029796344,-1.223604514515591,27.731925476664493,-0.9793849249997293
1248,1.5000000000000002,true_threat,IDEAM,1,229,1247,1.4500000000000002,1,1,228.20298945635724,-201.59682718617503,240.6686868059559,-208.74868772070346,-208.75,-0.0013280465508955785,-0.0007464351328322332,-0.0001755567266023498,0,0,31.63441350564033,-2.2564557089420134,0.0,0.1028023362159729,-0.0030940761789679527,-0.0037801272701472044,31.54141091220964,0.007119638719494024,0,0,1.2944896700686286,13.197077507474189,1.2840439584710523,occluder,,,9.195049609169818,,0.5000000000000002,1238,ok,accepted,0,ok,0.3261922,0.0007807000074535608,0.3250177000008989,0.0,0,0.0013977999999994495,0.010844000000002296,0,224.12092425519546,-2.598146342875083,9.809829153467348,3.653172813824966,0,0,0,1,0,0,0,9,0.0,1,1,13.341580833133674,-0.5705144273413985,11,1,19.379744824916543,-0.5072019885263083,22.407238166603413,-1.5328202731764506,19.837834677780375,-1.477965733500029,23.468516719885073,-1.3636018802233192,17.92336395830113,0.07438657938444661,31.334007405329203,-0.20259837044358742,31.09368621770347,-1.2027135594987854,30.274044056687078,-1.1883077625222254,27.68688727716751,-0.9007639740125218
1249,1.55,true_threat,IDEAM,1,245,1248,1.5,1,1,229.78135688626358,-201.59154325763035,242.04921057383854,-208.74870504957445,-208.75,-0.001312279296541874,-0.0005565907190093288,-0.0002740181767912058,1,0,31.523107267709957,-2.2261247586074973,0.0,0.09701269119977951,-0.0023811240680515766,-0.002909091766923666,31.30778476521054,0.007170003815036033,0,0,1.2998247759845185,13.201115814897555,1.2864084779691909,occluder,,,9.038124562262146,,0.55,1238,ok,accepted,0,ok,0.3261922,0.0007807000074535608,0.3250177000008989,0.0,1,0.0014086000000013144,0.01271690000000092,0,225.0891250125859,-1.9879796703591808,10.22215216395955,3.6584567423696512,0,0,0,1,0,0,0,9,0.0,1,1,13.178732861796146,-0.5802295843756163,12,1,19.353385272726754,-0.5271910371645145,22.333585970242616,-1.47304346676142,19.767264709879978,-1.4113993324232765,23.401772862031052,-1.3348771561024468,17.92632607199879,0.059242273874510004,31.32581916205374,-0.16376486428639675,31.03554937455798,-1.162723542148591,30.216738290129772,-1.146106690722832,27.645482578914404,-0.8280939443429577
1250,1.6,true_threat,IDEAM,1,255,1249,1.55,1,1,231.3541697633079,-201.58522362625135,243.42540084587958,-208.7487238567759,-208.75,-0.0012949504255459487,-0.00037784251221109047,-0.00036562101568092704,0,0,31.413971718385213,-2.1827109864948824,0.0,0.08863645792007446,-0.0023811240680515766,-0.002909091766923666,31.30778476521054,0.0072199073684734,0,0,1.3062113120079175,13.207126848258644,1.2898579863401163,occluder,,,8.884485519462132,,0.6000000000000001,1238,ok,accepted,0,ok,0.3261922,0.0007807000074535608,0.3250177000008989,0.0,0,0.0014086000000013144,0.011151600000001594,0,226.05595248424603,-1.381994264974992,10.631514964340454,3.6647763737486514,0,0,0,1,0,0,0,9,0.0,1,1,13.018442038287963,-0.5901586034842633,13,1,19.326154061940855,-0.5446242082544587,22.263296448660714,-1.4057898634709254,19.700436956145268,-1.33655505292479,23.33677995171372,-1.2998582059141635,17.928551951054146,0.0445175809572745,31.319391396026923,-0.12855532063017258,30.979725194917417,-1.1164773712013005,30.161861432702377,-1.097534039710767,27.607417649134202,-0.7612985714045535
1251,1.6500000000000001,true_threat,IDEAM,1,256,1250,1.6,1,1,232.92158064413965,-201.57777668725504,244.79753228026618,-208.74874404861077,-208.75,-0.00127614322408931,-0.0002106412990796582,-0.0004501518223287721,1,0,31.30761171435264,-2.127200080651477,0.0,0.07799836248159409,-0.0013910677516832948,-0.001699509797617793,31.100736750042895,0.007269044733031577,0,0,1.313695096146489,13.214740462456437,1.2946022352496591,occluder,,,8.734324588348125,,0.6500000000000001,1238,ok,accepted,0,ok,0.3261922,0.0007807000074535608,0.3250177000008989,0.0,1,0.0013809000000009064,0.011080500000002047,0,227.02143717213602,-0.7800680720332309,11.038161710837073,3.6722233127449613,0,0,0,1,0,0,0,9,0.0,1,1,12.860856011298583,-0.6002330757223762,14,1,19.29817326106761,-0.5596160113528272,22.19670148127291,-1.3318986907046535,19.637727162741005,-1.2541958519991045,23.27382981381415,-1.2590027579758725,17.930075926096585,0.03047950076731536,31.314579148440213,-0.09624495185621124,30.926513069223727,-1.0642406714931285,30.10970147738292,-1.0431987461066279,27.572473142537266,-0.6988901053346483
1252,1.7000000000000002,true_threat,IDEAM,1,262,1251,1.6500000000000001,1,1,234.48380314138248,-201.56917185018972,246.16578798245644,-208.7487655626144,-208.75,-0.001255951389225629,-5.543225620371949e-05,-0.0005274049195426577,0,0,31.204577262644403,-2.0606890341647244,0.0,0.06512494385242462,-0.0013910677516832948,-0.001699509797617793,31.100736750042895,0.007317125618267163,0,0,1.3223678164692956,13.223636930068027,1.3007887066991426,occluder,,,8.587705445980822,,0.7000000000000002,1238,ok,accepted,0,ok,0.3261922,0.0007807000074535608,0.3250177000008989,0.0,0,0.0013809000000009064,0.009692000000001144,0,227.9853959916193,-0.18180439427368356,11.442458593544046,3.6808281498102815,0,0,0,1,0,0,0,9,0.0,1,1,12.705991253227797,-0.6104344409758041,15,1,19.26956303447114,-0.5722045260156478,22.13412913138264,-1.2514462790814205,19.579478653759637,-1.1649701681884397,23.213214272522556,-1.2123108259528455,17.930930423523986,0.017089948544268548,31.311250813042516,-0.06656670686774793,30.87618765539207,-1.0065082519606083,30.06051404805954,-0.9837484879420557,27.540515543334298,-0.6391519573790237
1253,1.7500000000000002,true_threat,IDEAM,1,272,1252,1.7000000000000002,1,1,236.04105088327623,-201.55942430096803,247.53053416336653,-208.74878827385749,-208.75,-0.0012344373855910362,8.752347595897552e-05,-0.0005972629913510025,1,0,31.105379259383792,-1.9839600652122158,0.0,0.050331614911556244,-0.00025123695377260447,-0.00030694383895024657,30.923188601408402,0.007363868365865354,0,0,1.3946646064239137,13.23350007132696,1.3747965864081657,occluder,,,8.444776448425024,,0.7500000000000002,1238,ok,accepted,0,ok,0.3261922,0.0007807000074535608,0.3250177000008989,0.0,1,0.0013598999999970829,0.016004699999999872,0,228.9480730728959,0.4127662663434535,11.844527693177525,3.6905756990319674,0,0,0,1,0,0,0,9,0.0,1,1,12.553965579234838,-0.6206959997870757,16,1,19.240449266060164,-0.5822753641486186,22.075857871460727,-1.1654244409904593,19.525996602581536,-1.0696410180499847,23.155213707327015,-1.1600113039408566,17.93115549727809,0.0045014751930221525,31.309311022338527,-0.03879581072511962,30.82898361272008,-0.9440803813017795,30.01453766723017,-0.91952569814313,27.51150288961429,-0.5802530488934621
1254,1.8,true_threat,IDEAM,1,276,1253,1.75,1,1,237.59341541734452,-201.54851874956952,248.8921065163363,-208.74881206782146,-208.75,-0.0012117261425146353,0.00021814775701318794,-0.0006597381505693868,0,0,31.010489524027996,-1.8977947071159207,0.0,0.03364453464746475,-0.00025123695377260447,-0.00030694383895024657,30.923188601408402,0.007409001420411073,0,0,1.6769041946694803,13.244020220849,1.6625264920679412,occluder,,,8.305802884368227,,0.8,1238,ok,accepted,0,ok,0.3261922,0.0007807000074535608,0.3250177000008989,0.0,0,0.0013598999999970829,0.013008400000000364,0,229.9092242701497,1.0039796031579442,12.2449488488935,3.7014812504304757,0,0,0,1,0,0,0,9,0.0,1,1,12.405016003495831,-0.6309965726792994,17,1,19.2109463958016,-0.5900574045366711,22.022137558923895,-1.0744054963305552,19.477548039789095,-0.9689712540435103,23.10008179661654,-1.1026382140107114,17.930795016150647,-0.007209622308902964,31.308683483308975,-0.012550774301189357,30.785116581090303,-0.87733785670821,29.971976563679316,-0.8512167491133448,27.48544090211103,-0.521239727710573
1255,1.85,true_threat,IDEAM,1,283,1254,1.8,1,1,239.1412324993919,-201.5366381869337,250.25074918197652,-208.74883686122007,-208.75,-0.001187932178538631,0.0003362085843982329,-0.0007147524040161876,1,0,30.92032328919482,-1.8033246966635375,0.0,0.015399932861328125,0.0008914220379665494,0.0010890774428844452,30.771628813089254,0.007452273354585013,0,0,2.0907620595498884,13.254918898263423,2.081440581542714,occluder,,,8.170629226068465,,0.8500000000000001,1238,ok,accepted,0,ok,0.3261922,0.0007807000074535608,0.3250177000008989,0.0,1,0.0027034999999990816,0.017075300000001903,0,230.8688495937914,1.5921713615636293,12.64396619089203,3.7133618130663137,0,0,0,1,0,0,0,9,0.0,1,1,12.258965396965214,-0.6412850478809519,18,1,19.181178402034114,-0.5953598775263481,21.97318372204257,-0.9790760056073556,19.43437329017597,-0.8634949935007578,23.048079846272472,-1.0400390063743945,17.92989666363123,-0.017967050015679227,31.309289995184393,0.012130247166683514,30.744777437298044,-0.8067764179520697,29.933006386513387,-0.7793937749930324,27.462390615869303,-0.46100570614283604
1256,1.9000000000000001,true_threat,IDEAM,1,290,1255,1.85,1,1,240.68462423095608,-201.52387412414652,251.60685887316362,-208.7488167423487,-208.74998935125592,-0.001152490035849496,0.1530265727338715,-0.0007624126625081183,0,0,30.83454720809145,-1.7155216220673708,0.004396814852952957,0.0,0.0008914220379665494,0.0010890774428844452,30.771628813089254,0.007493791201921318,0,0,2.5714322441705666,13.266979994230864,2.565914787534621,occluder,,,8.039467818046795,,0.9000000000000001,1238,ok,accepted,1,ok,0.4424864,0.0006797000241931528,0.44143789997906424,0.0,0,0.0027034999999990816,0.010102199999998618,0,231.82701006856294,2.1774026183562682,13.041915407307584,3.7261258758534836,0,0,0,1,0,0,0,9,0.0,1,1,12.115983737797684,-0.6515411471156738,19,1,19.151263539423272,-0.5982972587132407,21.929190907085136,-0.8798556098144745,19.396577256288815,-0.7559206809155874,22.99944627470583,-0.9726714304852381,17.9285043071458,-0.02784712926973346,31.311042820014098,0.03505650999866729,30.70811512196097,-0.7332353012672637,29.897772281966844,-0.7046673710332535,27.442420695401914,-0.3993983944398616
1257,1.9500000000000002,true_threat,IDEAM,1,303,1256,1.9000000000000001,1,1,242.22380445890326,-201.51088261622405,252.96067968886524,-208.74862955761574,-208.749579628786,-0.0007628864372861699,0.5190864785945974,0.0005716513714572897,1,1,30.750766454709666,-1.6756150676356896,0.026467815041542053,0.0,0.006133751478046179,0.0074937911704182625,30.917898301683433,0.007534679094308777,1,0,3.0861356235861335,13.284068360621971,3.083451145490573,occluder,,,7.911622248374452,,0.6500000000000001,1244,ok,accepted,0,ok,0.4424864,0.0006797000241931528,0.44143789997906424,0.0,1,0.0014657999999982962,0.014044300000001897,0,232.78367518729877,2.7599177275676254,13.439071104273381,3.739117383775948,0,0,0,1,0,0,0,9,0.0,1,1,11.975401366533891,-0.6613537914415366,20,1,19.12131243491065,-0.5990221001135282,21.890296434936662,-0.7778888271237167,19.364117978913328,-0.649185550148277,22.954415685018983,-0.9006117926504214,17.926667539373405,-0.03673535486603875,31.313835147322056,0.05584656304534218,30.675249977394667,-0.6572869788681802,29.866392697165566,-0.6275720302802575,27.425607433741625,-0.33626522243929174
1258,2.0,true_threat,IDEAM,1,319,1257,1.9500000000000002,1,1,243.75886485568637,-201.49801458406196,254.3125167371748,-208.74807683866717,-208.74795486821756,0.0006746893981812718,0.8739571550233418,0.005248011192570622,0,1,30.669174788495024,-1.6318333242928418,0.053155943751335144,0.0,0.006133751478046179,0.0074937911704182625,30.917898301683433,0.0075748211130167754,1,0,3.6190207453827155,13.306111132313191,3.61830805212868,occluder,,,7.786860768301836,,0.7,1244,ok,accepted,0,ok,0.4424864,0.0006797000241931528,0.44143789997906424,0.0,0,0.0014657999999982962,0.010189500000002738,0,233.73884494479347,3.339808366856033,13.835738395088242,3.7519854159380372,0,0,0,1,0,0,0,9,0.0,1,1,11.836972312077428,-0.6705708004378428,21,1,19.091443343204798,-0.5973818493349422,21.8566147434968,-0.6736332915899277,19.33686575857144,-0.5450444074310626,22.91319597872341,-0.8243941245338228,17.92443404376758,-0.04466991143988235,31.31752964804654,0.0738900349275243,30.646283273953813,-0.5793133673299762,29.83894792338024,-0.5488713175515466,27.411998513954664,-0.2721783888494454
1259,2.05,true_threat,IDEAM,1,329,1258,2.0,1,1,245.2899581080896,-201.48555989258168,255.6626751209804,-208.7469448583607,-208.74435434767102,0.003722490996153738,1.2157713682251325,0.013505121281135827,1,1,30.590580851918514,-1.5718787315302052,0.08391478657722473,0.0,0.006200075149536133,0.007574820891022682,30.774647107649685,0.007613792377301698,1,0,4.162043864394116,13.332080657431863,4.16253241788731,occluder,,,7.665142303957206,,0.7499999999999998,1244,ok,accepted,0,ok,0.4424864,0.0006797000241931528,0.44143789997906424,0.0,1,0.0013830000000005782,0.013674400000002862,0,234.6925193254309,3.9172272386218197,14.232222398256397,3.7644401074183236,0,0,0,1,0,0,0,9,0.0,1,1,11.700591675692701,-0.6793101322581048,22,1,19.061766889982405,-0.593529084226419,21.828162994262517,-0.5690345330937454,19.314641304013897,-0.444489088313781,22.875989334555015,-0.7441328817816314,17.921855318587802,-0.05157450285048168,31.321985179310683,0.08911064869114704,30.621272400364102,-0.5001924952953508,29.81549915535342,-0.4689474918959926,27.401630176237063,-0.20736675028765789
1260,2.1,true_threat,IDEAM,1,333,1259,2.0500000000000003,1,1,246.81720641655303,-201.47389996984447,257.0113378780701,-208.74503518998546,-208.73810171661907,0.008843141741635918,1.5418456893390435,0.026050783629058542,0,1,30.51567710887877,-1.4980748607948868,0.11804155260324478,0.0,0.006200075149536133,0.007574820891022682,30.774647107649685,0.007651214404448248,1,0,4.710785706582295,13.36085775324172,4.711838055483516,occluder,,,7.5462436076406485,,0.8,1244,ok,accepted,0,ok,0.4424864,0.0006797000241931528,0.44143789997906424,0.0,0,0.0013830000000005782,0.010967199999999622,0,235.64469832400567,4.492296548510495,14.62870615677133,3.7761000301555327,0,0,0,1,0,0,0,9,0.0,1,1,11.565995110697527,-0.6876527097658113,23,1,19.03239370496879,-0.5874637200278034,21.804811485045967,-0.4670298149225576,19.29726723340182,-0.34748140500346164,22.842975042473437,-0.6602858400531288,17.918977140054363,-0.05756356986715639,31.327037709515558,0.1010506300973953,30.60025374435203,-0.4203446944769908,29.79605606542399,-0.3888312669577601,27.394500512698077,-0.14259326896494381
1261,2.15,true_threat,IDEAM,1,337,1260,2.1,1,1,248.34088456419317,-201.46340093306952,258.35884058726504,-208.742012025683,-208.7286019865931,0.01643320339235288,1.849302582696354,0.04373146249122156,1,1,30.44503620559593,-1.4128180656567935,0.1538458615541458,0.0,0.006262604147195816,0.007651214487850666,30.64921010175303,0.007686760065765984,1,0,5.262804994790758,13.391321270181866,5.263904565954665,occluder,,,7.429783410057265,,0.8499999999999999,1244,ok,accepted,0,ok,0.4424864,0.0006797000241931528,0.44143789997906424,0.0,1,0.0013626000000002136,0.01207459999999827,0,236.59544299649204,5.06523002366427,15.025464193479905,3.786599066930478,0,0,0,1,0,0,0,9,0.0,1,1,11.432798844886209,-0.6956352996164789,24,1,19.003430601681792,-0.5792620823069516,21.786361841218284,-0.3689925994490117,19.284558534408124,-0.25417396754653476,22.814315227648866,-0.57319629485778,17.915847185998857,-0.06259908067867864,31.3325327463474,0.10990076274211691,30.583229337299517,-0.34045732895346337,29.78062257299875,-0.30863785593095217,27.390567562436335,-0.07865900467089647
1262,2.1999999999999997,true_threat,IDEAM,1,341,1261,2.15,1,1,249.86120635102765,-201.45458150817933,259.70539677269744,-208.7375853756026,-208.7153385218898,0.0266735037932051,2.135261726784498,0.06735947394528174,0,1,30.37904676769596,-1.3197887579993761,0.18793627619743347,0.0,0.006262604147195816,0.007651214487850666,30.64921010175303,0.00772018940713536,1,0,5.816610360774727,13.422546426072737,5.817341741612432,occluder,,,7.31520194882052,,0.8999999999999997,1244,ok,accepted,0,ok,0.4424864,0.0006797000241931528,0.44143789997906424,0.0,0,0.0013626000000002136,0.01292529999999914,0,237.54475334288998,5.636241464100806,15.422710032514374,3.7954184918206693,0,0,0,1,0,0,0,9,0.0,1,1,11.300469253891563,-0.703271594694927,25,1,18.974974854259848,-0.5691149625241795,21.772585181679656,-0.27553298942204746,19.276354992939304,-0.1640708127853653,22.790095720570527,-0.4843901399734184,17.91251122922973,-0.06671913566831962,31.33832151687399,0.1157754358489275,30.570172568606036,-0.2611033477790493,29.769156784471406,-0.22928353172742824,27.389762660527744,-0.01609803824670598
1263,2.25,true_threat,IDEAM,1,345,1262,2.2,1,1,251.37835492415772,-201.44756370301462,261.05115891814125,-208.73145001192685,-208.6978700302775,0.039715345325106455,2.3971614250706565,0.09761718363359825,1,1,30.317906617153536,-1.2228030108484944,0.22014528512954712,0.0,0.0048001292161643505,0.005864464212208986,30.540267581211577,0.0077513571655445585,0,0,6.371370030352886,13.453874663704735,6.371434906149254,occluder,,,7.2022805678760715,,0.95,1244,ok,accepted,0,ok,0.4424864,0.0006797000241931528,0.44143789997906424,0.0,1,0.001363400000002457,0.01505610000000246,0,238.49262937361027,6.205514006510583,15.820596147237893,3.802436296985377,0,0,0,1,0,0,0,9,0.0,1,1,11.168748917294083,-0.7107023888894376,26,1,18.947131366526808,-0.5568697666970328,21.763250714269432,-0.18668921374528288,19.272505931996797,-0.07698120013474755,22.770312705786406,-0.39566029432142535,17.90901695486253,-0.0698854885247154,31.34425334112356,0.1186365082390725,30.561024371081633,-0.18293191119003424,29.761591977045615,-0.15126481268840802,27.391965644858207,0.04405968655944385
1264,2.3,true_threat,IDEAM,1,359,1263,2.25,1,1,252.89260508231598,-201.44275941115913,262.39630998850896,-208.7231938849104,-208.67582755370267,0.05562245822417822,2.5,0.13501239688016542,0,1,30.261590398743103,-1.126324368208671,0.250519722700119,0.0,0.0048001292161643505,0.005864464212208986,30.540267581211577,0.007780233090579111,0,0,6.926471006813816,13.484962619112675,6.925661299181558,occluder,,,7.0903015399043445,,0.9999999999999998,1244,ok,accepted,0,ok,0.4424864,0.0006797000241931528,0.44143789997906424,0.0,0,0.001363400000002457,0.00982839999999996,0,239.43919313813677,6.773200400142343,16.219183453079097,3.8072405888408696,0,0,0,1,0,0,0,9,0.0,1,1,11.037000340278727,-0.7179556254497483,27,1,18.919991689560415,-0.5427935511513845,21.75816388841622,-0.10173643623852852,19.272893094812027,0.007743276773340498,22.75489561197469,-0.3083418749994771,17.905410146435205,-0.07213616953757258,31.35020614939594,0.11905618543647438,30.555689403726564,-0.10666839596239083,29.757832787322926,-0.07515438202985074,27.39703918660563,0.10147083533126403
1265,2.35,true_threat,IDEAM,1,385,1264,2.3000000000000003,1,1,254.4042009557025,-201.44013803175025,263.74109403591984,-208.71255751186803,-208.6489114589964,0.07428242591399226,2.5,0.17866725402529063,1,1,30.210111718873865,-1.0295735973847542,0.27922162413597107,0.0,0.0026290924288332462,0.003212042385712266,30.446290740476105,0.007806769974469072,0,0,6.9675833807506065,13.515483121292116,6.979091854161133,latent_vehicle,,,6.979091854161133,,1.05,1244,ok,accepted,0,ok,0.4424864,0.0006797000241931528,0.44143789997906424,0.0,1,0.0014112999999973397,0.011138700000000057,0,240.38438361172757,7.339605799938056,16.61877702689918,3.8098619682497485,0,0,0,1,0,0,0,9,0.0,1,1,10.905093031538698,-0.7251754413346625,28,1,18.893645470434546,-0.5269243924052496,21.757128249057,-0.02071274420602482,19.277388689349195,0.08991191140158321,22.743758607667207,-0.22274008520338584,17.901728951540182,-0.07362389830543699,31.35605787199512,0.1170344657854513,30.554074203905103,-0.03227508125635232,29.757764751360074,-0.0013340675865717345,27.404821160984365,0.15563948871298247
1266,2.4,true_threat,IDEAM,1,397,1265,2.35,1,1,255.91332569662376,-201.4398368314169,265.08566358058556,-208.6993424764996,-208.61688842858084,0.09566908328719137,2.5,0.22802884862339834,0,1,30.163314538786388,-0.9359436017495426,0.3063623309135437,0.0,0.0026290924288332462,0.003212042385712266,30.446290740476105,0.00783101156083859,0,0,6.854991876817037,13.545316425930402,6.86824728405626,latent_vehicle,,,6.86824728405626,,1.0999999999999999,1244,ok,accepted,0,ok,0.4424864,0.0006797000241931528,0.44143789997906424,0.0,0,0.0014112999999973397,0.01063299999999856,0,241.3282923471117,7.904821805475194,17.01943783618077,3.8101631685831023,0,0,0,1,0,0,0,9,0.0,1,1,10.77271983554709,-0.7323909006716413,29,1,18.868178539802937,-0.5093386207835061,21.7599893009082,0.057221054345996,19.285901162442613,0.170249481778457,22.736787253185497,-0.13942708874745732,17.898009610810526,-0.0743868143529077,31.36172267815786,0.11329613504284897,30.55604141750928,0.039370365320764246,29.761244772430807,0.06962377374135298,27.41512083289889,0.20599344047972115
1267,2.45,true_threat,IDEAM,1,406,1266,2.4000000000000004,1,1,257.420284449611,-201.44176415332228,266.43023212061127,-208.68318249501345,-208.57958845117565,0.11975402532394241,2.5,0.2830654228554664,1,1,30.121152057197516,-0.8432496317774252,0.332168847322464,0.0,0.0002591560478322208,0.00031661882530897856,30.367841030350444,0.007852949128085162,0,0,6.741732506144495,13.57434725623641,6.757479748689948,latent_vehicle,,,6.757479748689948,,1.1500000000000001,1244,ok,accepted,0,ok,0.4424864,0.0006797000241931528,0.44143789997906424,0.0,1,0.0013854000000002031,0.010263200000000694,0,242.27098037944188,8.469092526132272,17.421318343876294,3.808235846677718,0,0,0,1,0,0,0,9,0.0,1,1,10.639618634662876,-0.7397095955582091,30,1,18.84367100635304,-0.49015067558341296,21.766615437865262,0.13252274194053723,19.298310353284652,0.248183833265119,22.733870920859733,-0.05832664592442776,17.894288363826696,-0.07442493898504483,31.36712046069331,0.10795565792114192,30.5614231527169,0.10765745461622277,29.76810685383908,0.13726131606358824,27.427732210117156,0.252227547482102
1268,2.5,true_threat,IDEAM,1,418,1267,2.45,1,1,258.9252602784793,-201.4457978646963,267.7750437237322,-208.66386386108897,-208.5369018125045,0.14628068250894444,2.5,0.3433706426436085,0,1,30.08344318748903,-0.7541773941697016,0.35678631067276,0.0,0.0002591560478322208,0.00031661882530897856,30.367841030350444,0.007872647617989054,0,0,6.627616098713569,13.602550950519166,6.646621657893774,latent_vehicle,,,6.646621657893774,,1.2,1244,ok,accepted,0,ok,0.4424864,0.0006797000241931528,0.44143789997906424,0.0,0,0.0013854000000002031,0.010768099999999947,0,243.21247823670518,9.032570497737254,17.82463208973394,3.8042021353037114,0,0,0,1,0,0,0,9,0.0,1,1,10.50568395628945,-0.7471351902465622,31,1,18.820199164112214,-0.46943685001043006,21.776865518565526,0.2050016114495,19.31446748869557,0.32314272064196037,22.734904706586086,0.020675714885113106,17.890599543177515,-0.0737764121213684,31.372178740283243,0.10116559578131157,30.57005913506195,0.17273872308448482,29.778177360713627,0.20142605896318752,27.442445483935916,0.29426548057847
1269,2.55,true_threat,IDEAM,1,430,1268,2.5,1,1,260.42852773730783,-201.45163269607846,269.12022039258386,-208.64118816883672,-208.4887760860015,0.1750877750874622,2.5,0.408376101146474,1,1,30.050119637548015,-0.6664709988203299,0.3803596794605255,0.0,-0.001956127118319273,-0.0023898601066321135,30.302836982752513,0.007890117042310109,0,0,6.5124898267373,13.62983722689768,6.535634874502955,latent_vehicle,,,6.535634874502955,,1.2499999999999998,1244,ok,accepted,0,ok,0.4424864,0.0006797000241931528,0.44143789997906424,0.0,1,0.001372599999999835,0.014484899999999357,0,244.15281641565645,9.59549977761452,18.229470579634324,3.7983673039215375,0,0,0,1,0,0,0,9,0.0,1,1,10.370837738970684,-0.754757081176144,32,1,18.797829769633267,-0.4473878939737709,21.790598402508333,0.27465767739531105,19.334204722057997,0.3947446755224423,22.739795151585167,0.09780890029572628,17.8869774815421,-0.07244123240325771,31.376836481731395,0.09315483011193328,30.5817452138686,0.2337369241849027,29.79125404545127,0.26154594269441434,27.459024143930346,0.33157320495678255
1270,2.6,true_threat,IDEAM,1,448,1269,2.5500000000000003,1,1,261.9302088287321,-201.4590702415794,270.46588413500683,-208.6149722711555,-208.43521312351768,0.2059750453190361,2.5,0.4774634829820624,0,1,30.021026100927674,-0.5818707324068129,0.40302538871765137,0.0,-0.001956127118319273,-0.0023898601066321135,30.302836982752513,0.007905416524670163,0,0,6.396227033719587,13.656144180810399,6.424397763458041,latent_vehicle,,,6.424397763458041,,1.3,1244,ok,accepted,0,ok,0.4424864,0.0006797000241931528,0.44143789997906424,0.0,0,0.001372599999999835,0.01853940000000165,0,245.0920864794355,10.157910805259718,18.635864258278247,3.7909297584205888,0,0,0,1,0,0,0,9,0.0,1,1,10.234988604113015,-0.7625579711436772,33,1,18.776625765646212,-0.4240800833805166,21.80765387396569,0.3411094326969722,19.357308429543654,0.46207415466358903,22.748443072317087,0.17295841477445315,17.883446972220536,-0.07061018562537207,31.381038371484525,0.08403779498659303,30.59627342226868,0.29057591155919227,29.80711558975191,0.3172397929955497,27.477237401077552,0.36426514877773813
1271,2.65,true_threat,IDEAM,1,457,1270,2.6,1,1,263.43057824217146,-201.4682019602312,271.8122790187366,-208.58500246172468,-208.37626604602744,0.2387062251280554,2.5,0.5500279518760657,1,1,29.99598518994104,-0.5008182197326505,0.4248993396759033,0.0,0.0010572181781753898,0.0012916356790810823,32.449989,0.007918620504296574,0,0,6.278420428437177,13.681455493505487,6.31202575772471,latent_vehicle,,,6.31202575772471,,1.3499999999999999,1244,ok,stale_plan,0,ok,0.4424864,0.0006797000241931528,0.44143789997906424,0.0,1,0.001541800000001814,0.011609900000003393,0,246.03037998077133,10.71998671736327,19.043965640672184,3.781798039768802,0,0,0,1,0,0,0,9,0.0,1,1,10.097536295789816,-0.7701577379688411,34,1,18.756652002912368,-0.39947525732997285,21.827839294113357,0.4037084134853027,19.38354019265946,0.5246352644326491,22.76073021454917,0.24574284475289984,17.880040444354407,-0.06813055708470928,31.38471955981426,0.07362376645135642,30.613416723036536,0.34287447372672913,29.82553114579255,0.36831710813936125,27.496846837021632,0.39218872531216775
1272,2.7,true_threat,IDEAM,1,477,1271,2.6500000000000004,1,1,264.9297579854667,-201.47884470493258,273.15955763165476,-208.55127868849036,-208.31203623433498,0.272966227389702,2.5,0.6255132195345202,0,1,29.974963223650775,-0.42043932580533294,0.4461532533168793,0.0,0.0010572181781753898,0.0012916356790810823,32.449989,0.007929730867883213,0,0,6.159103237298888,13.705538030281586,6.198297024381349,latent_vehicle,,,6.198297024381349,,1.4000000000000001,1244,ok,stale_plan,0,ok,0.4424864,0.0006797000241931528,0.44143789997906424,0.0,0,0.001541800000001814,0.013727599999999285,0,246.96766640208767,11.281880039342184,19.453957832274,3.771155295067416,0,0,0,1,0,0,0,9,0.0,1,1,9.958402105397177,-0.7773894972040082,35,1,18.737893222644416,-0.37517560721264115,21.850941041164774,0.4620349594024084,19.41261581719644,0.5815124905234863,22.776530691906547,0.3160095471638148,17.87677315471211,-0.0653457927695788,31.387849528888765,0.06259938239208937,30.632938549352126,0.39044214528155863,29.846264153678195,0.4146637714386614,27.51761594069353,0.4153820802917548
1273,2.75,true_threat,IDEAM,1,497,1272,2.7,1,1,266.4279920951209,-201.49069321663387,274.50778092042253,-208.513541531232,-208.24267031978087,0.3086083687094856,2.5,0.7034266839213519,1,1,29.95788700248389,-0.3415244233377024,0.46681147813796997,0.0,0.0006965961656533182,0.0008510527550242841,32.449989,0.007938773077215066,0,0,6.038089785527519,13.728067400074123,6.083072898393222,latent_vehicle,,,6.083072898393222,,1.45,1244,ok,stale_plan,0,ok,0.4424864,0.0006797000241931528,0.44143789997906424,0.0,1,0.0013862000000024466,0.015011499999999955,0,247.90403730131897,11.843743249765055,19.865810221810477,3.759306783366128,0,0,0,1,0,0,0,9,0.0,1,1,9.817431185458476,-0.7843062694580397,36,1,18.719826811302756,-0.36132822804904763,21.87673214365486,0.5158220754170469,19.44423012706148,0.6322861959394006,22.795686195233856,0.3831100665410503,17.873666084566363,-0.062141402976512466,31.390392038767956,0.05085020042163726,30.654588992669083,0.4330122065700755,29.86905517663296,0.4558223039283462,27.539308201032092,0.4338452138592828
1274,2.8,true_threat,IDEAM,1,506,1273,2.75,1,1,267.92546361933273,-201.5035795862005,275.8572845783797,-208.47179087543103,-208.1683571749483,0.3451843562836814,2.5,0.7833446466165114,0,1,29.94466052643605,-0.26452952095681326,0.4868708848953247,0.0,0.0006965961656533182,0.0008510527550242841,32.449989,0.007945787400377654,0,0,5.915485266198596,13.74870271430059,5.966476337989181,latent_vehicle,,,5.966476337989181,,1.4999999999999998,1244,ok,stale_plan,0,ok,0.4424864,0.0006797000241931528,0.44143789997906424,0.0,0,0.0013862000000024466,0.010210500000003009,0,248.8395231856307,12.40572888966517,20.27982799545589,3.7464204137995125,0,0,0,1,0,0,0,9,0.0,1,1,9.674780731649673,-0.7909225241321276,37,1,18.702666390487067,-0.34320841743757574,21.90495701844669,0.5644975278516013,19.478056965366807,0.6765367646833784,22.8180136196741,0.44654848880476944,17.87073258544266,-0.058669982734175556,31.392314664178787,0.03845251361734375,30.67810671195096,0.4703560393046124,29.89364669866566,0.49183112511021354,27.561690921698748,0.4476544204639294
1275,2.85,true_threat,IDEAM,1,525,1274,2.8000000000000003,1,1,269.42238614469903,-201.51739692923974,277.2080380515122,-208.42591991998106,-208.08932490436985,0.38246597106117974,2.5,0.8649106451873643,1,1,29.935209235503322,-0.18902581865454238,0.5063899159431458,0.0,0.0002569770731497556,0.0003139567270409316,32.449989,0.0079508053468775,0,0,5.791055529903082,13.767048293480505,5.848317508340807,latent_vehicle,4.016078198931706,latent_vehicle,5.848317508340807,4.016078198931706,1.55,1244,ok,stale_plan,0,ok,0.4424864,0.0006797000241931528,0.44143789997906424,0.0,1,0.0013620999999979233,0.010305299999998851,0,249.77415457780467,12.968020022857502,20.69595007641442,3.7326030707602627,0,0,0,1,0,0,0,9,0.0,1,1,9.530226335521741,-0.7972816046251199,38,1,18.686598882107916,-0.32135016822161006,21.935346730771613,0.607794283761847,19.513751101713353,0.7138827263895893,22.843303155558356,0.5057907176830166,17.867982192681342,-0.055007855681302925,31.393602145928583,0.025749643305993143,30.703234192683173,0.502550181735845,29.91978312227529,0.5227285656877115,27.58453712829093,0.4569241388870575
1276,2.9,true_threat,IDEAM,1,543,1275,2.85,1,1,270.91903427735303,-201.5319925641729,278.56025494723826,-208.37588281564206,-208.0058378352336,0.4200820847474631,2.5,0.9478282371230518,0,1,29.929461004717542,-0.11496461571560701,0.5253687500953674,0.0,0.0002569770731497556,0.0003139567270409316,32.449989,0.007953859563293149,0,0,5.66476575560727,13.782664356723755,5.728575415110176,latent_vehicle,3.654670834448684,latent_vehicle,5.728575415110176,3.654670834448684,1.5999999999999999,1244,ok,stale_plan,0,ok,0.4424864,0.0006797000241931528,0.44143789997906424,0.0,0,0.0013620999999979233,0.010373399999998867,0,250.70802303056985,13.530799702746322,21.114298519375325,3.7180074358271042,0,0,0,1,0,0,0,9,0.0,1,1,9.383737087300497,-0.8033983729046492,39,1,18.671727282910723,-0.29743198418643907,21.96762090076299,0.6454834416377636,19.550952046113697,0.7440188890643954,22.871318293084784,0.5603027505375118,17.865430166711263,-0.05104051942802541,31.394229688101895,0.012550854802621882,30.729704395667007,0.5294041153809446,29.94718978771381,0.548133328158895,27.607635105220872,0.46195954543794454
1277,2.95,true_threat,IDEAM,1,560,1276,2.9000000000000004,1,1,272.41540798606235,-201.5472749382709,279.91408784302894,-208.32164899278385,-207.91819350808993,0.4576893075521298,2.5,1.0318561770639336,1,1,29.927344062572914,-0.042338842892561956,0.543830394744873,0.0,-0.00019783375319093466,-0.00024169952666852623,32.449989,0.00795498480485749,0,0,5.536650203920031,13.79515153544679,5.6073180795834014,latent_vehicle,3.346655212331688,latent_vehicle,5.6073180795834014,3.346655212331688,1.6500000000000001,1244,ok,stale_plan,1,ok,1.0726968,0.3261108000006061,0.7461427999951411,0.0,1,0.0013782999999989443,0.014800199999999819,0,251.64118958948984,14.094006852535642,21.534964856246006,3.7027250617290974,0,0,0,1,0,0,0,9,0.0,1,1,9.235410208231299,-0.8092797090812438,40,1,18.65809927654663,-0.2725601271968431,22.001495335256344,0.6774887348891288,19.589299311088155,0.7669453028049729,22.90179009539071,0.6094360461457448,17.863078412508337,-0.04703508445594199,31.394204920141895,-0.0004953446813565864,30.75725410614036,0.5509942568145254,29.975605396441107,0.5683125495772997,27.63077504415711,0.46279878530164614
1278,3.0,true_threat,IDEAM,1,581,1277,2.95,1,1,273.9117818769603,-201.56309136995503,281.269658788368,-208.26315737461059,-207.82671966755768,0.49492932522616684,2.5,1.1168009610160352,0,1,29.928742148701478,0.027961722571276937,0.5617740154266357,0.0,-0.00019783375319093466,-0.00024169952666852623,32.449989,0.00795424163797375,0,0,5.406632012533316,13.804113370206657,5.484475777305212,latent_vehicle,3.077084580524548,latent_vehicle,5.484475777305212,3.077084580524548,1.7,1244,ok,stale_plan,0,ok,1.0726968,0.3261108000006061,0.7461427999951411,0.0,0,0.0013782999999989443,0.013440700000000305,0,252.5737763040484,14.657794028875003,21.95794908702652,3.686908630044968,0,0,0,1,0,0,0,9,0.0,1,1,9.085143801913025,-0.8149369195317683,41,1,18.645747285656835,-0.24703981788723428,22.036680117666798,0.7036956959567632,19.628432406447182,0.7826619129299076,22.93444008963777,0.6529998849884282,17.860938376412133,-0.04280072161736961,31.39352593432253,-0.013579698836260454,30.7856143971778,0.5672062784448151,30.004764842202363,0.5831899682665345,27.65375095149819,0.4595181530855518
1279,3.05,true_threat,IDEAM,1,602,1278,3.0,1,1,275.40830874093876,-201.5800368999102,282.62708984315015,-208.2003774019028,-207.73177125303084,0.5313861215797431,2.5,1.2025066365600796,1,1,29.93341363009143,0.09342962779903985,0.5792586803436279,0.0,0.006085486616939306,0.0074348244816064835,31.03307874223535,0.007951759219743783,0,0,5.27405584262297,13.809380939760674,5.358522002763389,latent_vehicle,2.8010139051073395,latent_vehicle,5.358522002763389,2.8010139051073395,1.2499999999999998,1254,ok,accepted,0,ok,1.0726968,0.3261108000006061,0.7461427999951411,0.0,1,0.0013983999999993557,0.01059370000000115,0,253.50572214950364,15.222375047398259,22.383434296353414,3.6699631000898023,0,0,0,1,0,0,0,9,0.0,1,1,8.931971051516342,-0.8197931422863173,42,1,18.63468084949406,-0.22132872299646913,22.072879609548455,0.7239898875791324,19.667994657733203,0.7912450340545321,22.968963100713047,0.6904602215503564,17.859010055832588,-0.0385664119450415,31.39221371079613,-0.026244450371416136,30.814525884614444,0.5782309347755197,30.034414467328585,0.5929944442521166,27.676377814412646,0.45253726423739865
1280,3.1,true_threat,IDEAM,1,625,1279,3.0500000000000003,1,1,276.90514123875494,-201.59832509911695,283.9865640868064,-208.133232718255,-207.6337273893849,0.5666500125179255,2.5,1.288852658385747,0,1,29.94146145785171,0.16095655520558694,0.5964357256889343,0.0,0.006085486616939306,0.0074348244816064835,31.03307874223535,0.007947485340642942,0,0,5.138586037766505,13.810251252839382,5.228760997482894,latent_vehicle,2.562937829969339,latent_vehicle,5.228760997482894,2.562937829969339,1.3,1254,ok,accepted,0,ok,1.0726968,0.3261108000006061,0.7461427999951411,0.0,0,0.0013983999999993557,0.013365900000000153,0,254.43711867858457,15.787811016133503,22.811512010928766,3.6516749008830516,0,0,0,1,0,0,0,9,0.0,1,1,8.775473899637719,-0.8236205124710401,43,1,18.624899967861964,-0.19561763208498664,22.10980580300903,0.738523920032181,19.707640835391746,0.7929235643888173,23.00505013745301,0.7217407348624028,17.85729345174741,-0.03433208111046913,31.39027778605082,-0.03871847241069417,30.84374063318775,0.5842970920532461,30.064296800913475,0.5976496164920784,27.698474434771022,0.44193241280752377
1281,3.15,true_threat,IDEAM,1,653,1280,3.1,1,1,278.40249272276304,-201.61716243771477,285.34823412283487,-208.06176904797775,-207.53298837768332,0.6002443405716633,2.5,1.3758114605191143,1,1,29.95292792940945,0.22932943115485216,0.6131810545921326,0.0,-0.0014114632504060864,-0.0017244276823475957,32.449989,0.007941401906012228,0,0,5.000882035683218,13.806072841079962,5.097108668018355,latent_vehicle,2.3942713870969756,latent_vehicle,5.097108668018355,2.3942713870969756,1.3499999999999999,1254,ok,stale_plan,0,ok,1.0726968,0.3261108000006061,0.7461427999951411,0.0,1,0.0013705999999977792,0.013848899999999276,0,255.3681490019547,16.354132176771486,23.242151723587085,3.632837562285232,0,1,0,1,0,0,0,9,0.0,1,1,8.616788004472182,-0.8272349399133856,44,1,18.61639891781418,-0.1700210002977434,22.14717069142754,0.7472978173870622,19.747040967732488,0.7880026607752525,23.04237313658861,0.7464599827611413,17.855792377543317,-0.030021484215170837,31.38774867743004,-0.050582147908118914,30.873006894014125,0.5853283713880124,30.09416963131808,0.5974605448629003,27.71987868841098,0.4280850779628403
1282,3.2,true_threat,IDEAM,1,680,1281,3.1500000000000004,1,1,279.9005157756394,-201.6365336048616,286.7120999356192,-207.9859406147066,-207.429972685884,0.6317963620937519,2.3537309973216107,1.4631747485564066,0,1,29.96761313816776,0.29370417516616953,0.6293960213661194,0.0,-0.0014114632504060864,-0.0017244276823475957,32.449989,0.007933620994315091,0,0,4.860798268541308,13.796568735617356,4.963933445886802,latent_vehicle,2.2354183026411145,latent_vehicle,4.963933445886802,2.2354183026411145,1.4000000000000001,1254,ok,stale_plan,0,ok,1.0726968,0.3261108000006061,0.7461427999951411,0.0,0,0.0013705999999977792,0.011175599999997843,0,256.29872154606346,16.92158268553908,23.67544499226267,3.6134663951384027,0,1,0,1,0,0,0,9,0.0,1,1,8.456005098946608,-0.830960609069616,45,1,18.60917388463604,-0.14450066280880053,22.184701525308036,0.7506167224795287,19.78588034027623,0.7767874666246555,23.080607848187494,0.7646942320373717,17.854497299065923,-0.025901568680706165,31.384651178045292,-0.061949963155824295,30.902086269974482,0.5815916932867502,30.1238002806897,0.5926178374816502,27.74044752360218,0.4113767087372165
1283,3.25,true_threat,IDEAM,1,708,1282,3.2,1,1,281.39942398398085,-201.65633171616474,288.0783141598897,-207.90588469548118,-207.3251139395458,0.6608266751608198,2.1011810459842923,1.5497048826160928,1,1,29.985465439105216,0.35704601874911646,0.6451979279518127,0.0,-0.0022139649372547865,-0.0027048683259636164,32.449989,0.00792417739923068,0,0,4.718494120448681,13.78128424775118,4.829199810153826,latent_vehicle,2.09302898912957,latent_vehicle,4.829199810153826,2.09302898912957,1.45,1254,ok,stale_plan,0,ok,1.0726968,0.3261108000006061,0.7461427999951411,0.0,1,0.0013855999999989876,0.012411900000000031,0,257.2290499651775,17.490162474766464,24.1113307974191,3.5936682838352567,0,1,0,1,0,0,0,9,0.0,1,1,8.29318182199043,-0.8347555056770888,46,1,18.603211519107077,-0.1192473093593102,22.222119832000843,0.7483661726206715,19.82386712612774,0.7597357331265999,23.119426208377185,0.7763672038551691,17.853398676491555,-0.021972451561487635,31.381023433660456,-0.07255486449065734,30.930751805081158,0.5733158139546327,30.152973233541037,0.5834646537641753,27.760041703926767,0.391883611141111
1284,3.3,true_threat,IDEAM,1,739,1283,3.25,1,1,282.89930890572174,-201.67657199918008,289.44712097269496,-207.82170801853252,-207.21885791253482,0.6870267829463614,1.8297539006545467,1.6344166872556634,0,1,30.0064331339734,0.41935389736366346,0.6605770587921143,0.0,-0.0022139649372547865,-0.0027048683259636164,32.449989,0.007913107323455279,0,0,4.574078878272301,13.759833394460388,4.692779270241038,latent_vehicle,1.9639784773068003,latent_vehicle,4.692779270241038,1.9639784773068003,1.4999999999999998,1254,ok,stale_plan,0,ok,1.0726968,0.3261108000006061,0.7461427999951411,0.0,0,0.0013855999999989876,0.010470200000000318,0,258.15904268574644,18.06005467593843,24.550144889655428,3.5734280008199164,0,1,0,1,0,0,0,9,0.0,1,1,8.128395354606667,-0.8385324858804187,47,1,18.598492745097285,-0.09437547906681519,22.259173840518542,0.7410802022502803,19.86073238755536,0.7373052437556087,23.158513505244663,0.7817459373875065,17.852492696508747,-0.018119598775678106,31.37691503522143,-0.08216794763314045,30.95879179846143,0.5608057468071921,30.18146915445089,0.5699245548523318,27.77854297374935,0.37002540085614477
1285,3.35,true_threat,IDEAM,1,772,1284,3.3000000000000003,1,1,284.4002620103049,-201.69701028206447,290.8184593597037,-207.73347163983485,-207.1116595177311,0.7100485008014061,1.5409716051297049,1.7168258784112096,1,1,30.03045036931372,0.48034470680640595,0.6755402088165283,0.0,-0.0026951537001878023,-0.0032927514985203743,32.449989,0.007900455694903719,0,0,4.42776267776149,13.731896169743242,4.55469857834992,latent_vehicle,1.8491283839539203,latent_vehicle,4.55469857834992,1.8491283839539203,1.55,1254,ok,stale_plan,0,ok,1.0726968,0.3261108000006061,0.7461427999951411,0.0,1,0.0015393999999986363,0.012072499999998598,0,259.0888523008572,18.631198165410865,24.99167366155342,3.5529897179355316,0,1,0,1,0,0,0,9,0.0,1,1,7.96169973531784,-0.8422644639549303,48,1,18.59499658182476,-0.06992326437813655,22.29562131799158,0.728949573769478,19.896226261896725,0.7098775005589528,23.19754930415087,0.7807159781432947,17.851771717853897,-0.014419573133648788,31.372352684812796,-0.09124699017916485,30.986007895556916,0.5443283788163782,30.209097312607785,0.5525696058084801,27.795852151385915,0.34618355676233153
1286,3.4,true_threat,IDEAM,1,815,1285,3.35,1,1,285.9025273810818,-201.71747863486178,292.19254303244213,-207.64143488591174,-207.003979797735,0.7294918420998329,1.236907184761268,1.7961792339252243,0,1,30.05746467730422,0.5402861598100372,0.6901063919067383,0.0,-0.0026951537001878023,-0.0032927514985203743,32.449989,0.007886261511583312,0,0,4.279938201159241,13.697131862986323,4.415165055717528,latent_vehicle,1.7459787087802985,latent_vehicle,4.415165055717528,1.7459787087802985,1.5999999999999999,1254,ok,stale_plan,0,ok,1.0726968,0.3261108000006061,0.7461427999951411,0.0,0,0.0015393999999986363,0.011320099999998945,0,260.0185398456626,19.203775991382372,25.436069789486453,3.532521365138223,0,1,0,1,0,0,0,9,0.0,1,1,7.793325068268814,-0.8459203572844701,49,1,18.592702049254434,-0.04589065028601448,22.331225753768216,0.7120887324999122,19.93012940376654,0.6780628488587664,23.236237966041628,0.7737732378180788,17.85122239314786,-0.010986494776212512,31.367378342866484,-0.09948682510306582,31.01221127285329,0.5240742985057444,30.235676507859885,0.5315904056710216,27.81188340557974,0.3206250877414031
1287,3.45,true_threat,IDEAM,1,845,1286,3.4000000000000004,1,1,287.40622699986636,-201.7377176165299,293.56937205337476,-207.54578086222122,-206.8962829155735,0.7451519703382417,0.9201208642444775,1.8715997845967625,1,1,30.087412621754407,0.5989588890037112,0.7042937874794006,0.0,-0.0029388980474323034,-0.0035905414260923862,32.449989,0.007870570563002912,0,0,4.131010324291637,13.65527660157451,4.274429197383811,latent_vehicle,1.6540912990227463,latent_vehicle,4.274429197383811,1.6540912990227463,1.6500000000000001,1254,ok,stale_plan,0,ok,1.0726968,0.3261108000006061,0.7461427999951411,0.0,1,0.001389199999998425,0.010866599999999949,0,260.9481358377389,19.777879618090594,25.88330281834277,3.512282383470108,0,1,0,1,0,0,0,9,0.0,1,1,7.6234669962859325,-0.8494897126107499,50,1,18.591584351724304,-0.02235394950747505,22.365775431605737,0.6909935676623656,19.962243448482372,0.6422809028469912,23.274297202691976,0.7611847330130753,17.850835187919664,-0.007744105908386372,31.362028248772738,-0.10700187217394648,31.03723789638618,0.5005392861898127,30.261042700757788,0.5073301839521739,27.826566165851148,0.29365520867107686
1288,3.5,true_threat,IDEAM,1,884,1287,3.45,1,1,288.9114828744992,-201.75754407996763,294.9490685917095,-207.44679944409555,-206.78903314540685,0.7567477168143739,0.5932950290390913,1.9421689545825538,0,1,30.120238964170053,0.6565268483129216,0.7180876731872559,0.0,-0.0029388980474323034,-0.0035905414260923862,32.449989,0.007853425238979542,0,0,3.9814808219755347,13.606116999631833,4.132847661892867,latent_vehicle,1.571750193568571,latent_vehicle,4.132847661892867,1.571750193568571,1.7,1254,ok,stale_plan,0,ok,1.0726968,0.3261108000006061,0.7461427999951411,0.0,0,0.001389199999998425,0.009268399999999843,0,261.87767079986793,20.353600530594406,26.333464394548457,3.49245592003237,0,1,0,1,0,0,0,9,0.0,1,1,7.452431798879727,-0.8529571997788131,51,1,18.59161869360239,0.0006868385688334195,22.399068171933212,0.6658548127858376,19.99239864162167,0.6031038681012387,23.311463800671163,0.7433319595788777,17.850598665145412,-0.004730456191524172,31.35634627054668,-0.11363955886666882,31.060933264042614,0.4739140020889503,30.28504710612085,0.4800940560141684,27.839839398337208,0.2654646519419743
1289,3.55,true_threat,IDEAM,1,941,1288,3.5,1,1,290.4185088466411,-201.77759882140288,296.33169378670675,-207.34479578647662,-206.682691863235,0.7641075808605535,0.25929120312176285,2.006977573860529,1,1,30.155845500003423,0.7121307166674029,0.7315338850021362,0.0,0.005246214102953672,0.007853425107896328,31.5263735634377,0.007834891072637221,1,0,3.831058251775732,13.549564521263525,3.9886903370092224,latent_vehicle,1.481826284447456,latent_vehicle,3.9886903370092224,1.481826284447456,0.6499999999999995,1276,ok,accepted,1,ok,0.5765845,0.0007671000203117728,0.575328199978685,0.0,1,0.0015172999999997216,0.016989900000002223,0,262.80732782709697,20.930969475507254,26.78643256231669,3.4724011785971243,0,1,0,1,0,0,0,9,0.0,1,1,7.279267397909863,-0.855587283622232,52,1,18.5927726491152,0.023079111079998178,22.4309208680292,0.6370539248878616,20.020455746392333,0.5611420976724496,23.347484082586085,0.7204056382913214,17.85050328721546,-0.001907558609247741,31.35037436997278,-0.11943800889227113,31.083144775667982,0.44423649819385047,30.307563822242336,0.45033971667148653,27.851664956502415,0.2365111644000822
1290,3.6,true_threat,IDEAM,1,976,1289,3.5500000000000003,1,1,291.9273355327709,-201.7981717474002,297.7172172509249,-207.24015136947963,-206.577714537604,0.7670812488726142,-0.07898319283881083,2.0651605765898178,0,1,30.194236563143917,0.767821262809889,0.7446457147598267,0.0,0.006428116001188755,0.007853425107896328,31.5263735634377,0.007814980894080182,1,0,3.6799142858813476,13.485330691690782,3.8413043895137333,latent_vehicle,1.39843707370641,latent_vehicle,3.8413043895137333,1.39843707370641,0.6999999999999997,1276,ok,accepted,0,ok,0.5765845,0.0007671000203117728,0.575328199978685,0.0,0,0.0015172999999997216,0.011850800000001271,0,263.7370153719023,21.5101086168317,27.242268481729468,3.451828252599796,0,1,0,1,0,0,0,9,0.0,1,1,7.103691124848993,-0.8570146180845358,53,1,18.59501379338489,0.04482288606407569,22.461167580472235,0.604934249619582,20.046285062915025,0.5165863302760468,23.382136795944533,0.6930542671690726,17.850533793652414,0.0006101293404038976,31.344175489380817,-0.12397761103286103,31.10377513990519,0.41261298510785566,30.328470760983294,0.4181435015082838,27.862018045034983,0.20706177073192045
1291,3.65,true_threat,IDEAM,1,1035,1290,3.6,1,1,293.4381460487573,-201.81929331307126,299.1058832499041,-207.1332323207345,-206.47454772031253,0.7656036491671045,-0.41857014785855207,2.115922862367667,1,1,30.235373599227156,0.822740721664772,0.7573598027229309,0.0,0.0063966489396989346,0.007814981043338776,31.841820264886206,0.007793730723456627,1,0,3.5285185748002488,13.41332391644205,3.6913597473825606,latent_vehicle,1.3202887870703701,latent_vehicle,3.6913597473825606,1.3202887870703701,0.7499999999999996,1276,ok,accepted,0,ok,0.5765845,0.0007671000203117728,0.575328199978685,0.0,1,0.001409499999997621,0.01186840000000089,0,264.6668555045895,22.091079000130946,27.701094348021513,3.430706686928744,0,1,0,1,0,0,0,9,0.0,1,1,6.926125790024839,-0.8574108334915498,54,1,18.598305887570564,0.06584188425779669,22.489655720570347,0.5697628014347108,20.069793131083127,0.4701613616978163,23.415219761787807,0.6616593168836484,17.850680649828572,0.002937124425777863,31.337780145322643,-0.12790688148463644,31.1227098976272,0.378700166293143,30.347676349534964,0.38411575420053534,27.87088531281682,0.17734535507822755
1292,3.7,true_threat,IDEAM,1,1093,1291,3.6500000000000004,1,1,294.95118462890827,-201.84123809331695,300.49747830115535,-207.0244507003974,-206.37362603711824,0.7596062836162503,-0.7565620524662768,2.1585559946384367,0,1,30.2791747797947,0.8760236113509023,0.7696805000305176,0.0,0.0063966489396989346,0.007814981043338776,31.841820264886206,0.0077711994660598525,1,0,3.3770871575239148,13.33364085153169,3.5393395611559666,latent_vehicle,1.2453445224849773,latent_vehicle,3.5393395611559666,1.2453445224849773,0.7999999999999998,1276,ok,accepted,0,ok,0.5765845,0.0007671000203117728,0.575328199978685,0.0,0,0.001409499999997621,0.013645999999997827,0,265.59690926031107,22.674063824560335,28.162635643551198,3.408761906683054,0,1,0,1,0,0,0,9,0.0,1,1,6.746525082132293,-0.8570011116496176,55,1,18.602620321324952,0.08628867543161217,22.516257494627244,0.5320354799157007,20.0909074717594,0.4222868115089001,23.446553689351347,0.6266785513197907,17.850930504540845,0.004997094428883076,31.331226486715714,-0.1310731719495951,31.13986129119948,0.34303211851931936,30.36509282936781,0.34833280828716834,27.87827248182439,0.14774337973499677
1293,3.75,true_threat,IDEAM,1,1172,1292,3.7,1,1,296.46639034738416,-201.86432654351054,301.8921856923254,-206.9143405035898,-206.27536917844444,0.7490815219529736,-1.0900637710513532,2.192445705022342,1,1,30.325560336240695,0.9277111289198814,0.7816531658172607,0.0,0.00636081350967288,0.007771199569106102,32.158701494132245,0.0077474451620202925,1,0,3.2261095732310516,13.246452926393857,3.3859186368117866,latent_vehicle,1.1728935202050457,latent_vehicle,3.3859186368117866,1.1728935202050457,0.8499999999999996,1276,ok,accepted,0,ok,0.5765845,0.0007671000203117728,0.575328199978685,0.0,1,0.001397600000000665,0.013655599999999879,0,266.5272376794252,23.258941123922114,28.627014615607152,3.3856734564894566,0,1,0,1,0,0,0,9,0.0,1,1,6.565319648095923,-0.8558957738719973,56,1,18.607918947583638,0.10597252525922425,22.54087181375769,0.49228638116956985,20.109580401482376,0.3734585932629503,23.475982175462576,0.5885697223004646,17.851266190498446,0.006713720081482334,31.32456410378986,-0.1332476567341405,31.155164449221456,0.3060666026295448,30.380664870379903,0.3114432930759913,27.884192903873615,0.11840844176354054
1294,3.8,true_threat,IDEAM,1,1230,1293,3.75,1,1,297.9840074853413,-201.88897056764648,303.28982243768013,-206.80325274490437,-206.18017889008624,0.7341616135035736,-1.4161466056415808,2.217081433962106,0,1,30.374460826093497,0.978009797056032,0.7933241128921509,0.0,0.00636081350967288,0.007771199569106102,32.158701494132245,0.007722520681634033,1,0,3.0757528323583307,13.151901305325874,3.231407567948241,latent_vehicle,1.1025240015733884,latent_vehicle,3.231407567948241,1.1025240015733884,0.8999999999999995,1276,ok,accepted,0,ok,0.5765845,0.0007671000203117728,0.575328199978685,0.0,0,0.001397600000000665,0.011878700000000464,0,267.457840751521,23.84595518978341,29.09404828886602,3.3610294323535186,0,1,0,1,0,0,0,9,0.0,1,1,6.382270335743801,-0.854218090156247,57,1,18.614161711160154,0.12485527135415882,22.563403308740746,0.45062989817314186,20.125777589159302,0.32394375422062605,23.50336598490193,0.5476761889446891,17.85167817423383,0.0082396749987338,31.31783305180597,-0.13462103547999227,31.168567854143244,0.2680707552474855,30.39434477027619,0.27359978093910947,27.88866946650413,0.08953125572763224
1295,3.85,true_threat,IDEAM,1,1319,1294,3.8000000000000003,1,1,299.5040971976564,-201.91552109703127,304.69054132290603,-206.69176720623787,-206.08843596391733,0.7148167809870358,-1.7321005403294514,2.2320622859816974,1,1,30.425817278622535,1.0271290505807684,0.8047423958778381,0.0,0.0063209692016243935,0.007722520735114813,32.47370498207784,0.00769647366558755,1,0,2.926636927116289,13.050169549700252,3.0759226953769714,latent_vehicle,1.034270495173137,latent_vehicle,3.0759226953769714,1.034270495173137,0.9499999999999997,1276,ok,accepted,0,ok,0.5765845,0.0007671000203117728,0.575328199978685,0.0,1,0.001403099999997437,0.014618099999999856,0,268.38877951695673,24.435106136662796,29.563828408656207,3.3344789029687263,0,1,0,1,0,0,0,9,0.0,1,1,6.197675107138927,-0.8520346231147528,58,1,18.621308557803015,0.1429369324619947,22.5837775931647,0.40748568716488703,20.139493311401225,0.27431444833527896,23.52859258279507,0.5045319580544908,17.85215500783007,0.00953667211114975,31.31108482968836,-0.13496443517700507,31.180031433724924,0.22927351833508522,30.406100090932096,0.2351076006190873,27.891744129654757,0.06149326894211015
1296,3.9,true_threat,IDEAM,1,1411,1295,3.85,1,1,301.0267206496167,-201.9443595805477,306.09425095143564,-206.58034168246783,-206.00049722859623,0.6912699776416389,-2.0351037487977863,2.23709775925685,0,1,30.479573043529218,1.0751152981336531,0.8158635497093201,0.0,0.0063209692016243935,0.007722520735114813,32.47370498207784,0.007669350664204191,1,0,2.7792962472576903,12.941488425901609,2.917492512253408,latent_vehicle,0.9680628957517017,latent_vehicle,2.917492512253408,0.9680628957517017,0.9999999999999996,1276,ok,accepted,0,ok,0.5765845,0.0007671000203117728,0.575328199978685,0.0,0,0.001403099999997437,0.01408400000000043,0,269.32005397573226,25.02645512984759,30.036263578410285,3.3056404194522884,0,1,0,1,0,0,0,9,0.0,1,1,6.011542094463615,-0.849403508476126,59,1,18.629321341353922,0.16025567035703814,22.601937446155507,0.36319705880841147,20.15073901384652,0.22491405570869655,23.55157613971748,0.4596711387604998,17.852681434848368,0.010528540405888053,31.304349955151665,-0.13469748012477695,31.189538008585245,0.19013279116421386,30.41591747185728,0.19634832622274745,27.89346457708323,0.03440895768643686
1297,3.95,true_threat,IDEAM,1,1497,1296,3.9000000000000004,1,1,302.5514199578532,-201.97513522222945,307.5007683895888,-206.4694797760687,-205.91669254027286,0.66364914219497,-2.322509348816662,2.2320125003222198,1,1,30.501616977197976,0.44087867337516684,0.0,0.75,0.0,,28.184068105274413,0.007658269615422617,0,1,2.635176918398429,12.881642205786997,2.7580324269902023,latent_vehicle,0.9116980249541611,latent_vehicle,2.7580324269902023,0.9116980249541611,1.0499999999999998,1276,ok,accepted,0,ok,0.5765845,0.0007671000203117728,0.575328199978685,0.0,1,0.0014747999999968897,0.01384960000000035,0,270.25178619294763,25.619422220868728,30.51104879934809,3.2748647777705457,0,1,0,1,0,0,0,9,0.0,1,1,5.825152442623839,-0.8469171915330553,60,1,18.63816572943998,0.1768877607403552,22.61783899842474,0.31803104478165034,20.159537585959395,0.17597145245775359,23.572244175127345,0.4133607085514503,17.853249825767925,0.011367818328349412,31.29766085414459,-0.1337820062073122,31.197083750840896,0.15091561491845149,30.423793089313243,0.15751269439640486,27.893888028852153,0.008469047459416006
1298,4.0,true_threat,IDEAM,1,1602,1297,3.95,1,1,304.07392264085536,-202.00778844443263,308.9101548547068,-206.35971552380505,-205.83732177329495,0.6321580027737639,-2.5,2.2167425004357906,0,1,30.41879419764441,-1.6564555910713352,0.0,0.75,0.0,,28.184068105274413,0.007700027853898611,0,1,2.4927594439315897,12.991066665828782,2.5990723270395444,latent_vehicle,0.8602085514247958,latent_vehicle,2.5990723270395444,0.8602085514247958,1.0999999999999996,1276,ok,accepted,0,ok,0.5765845,0.0007671000203117728,0.575328199978685,0.0,0,0.0014747999999968897,0.012163799999999725,0,271.1839761842191,26.2097349125994,30.988245273194593,3.2422115555673656,0,1,0,1,0,0,0,9,0.0,1,1,5.641914326413865,-0.8442452774806546,61,1,18.647794038277784,0.1925661754192341,22.631472713018887,0.272674291763338,20.16593861756523,0.12802064643871658,23.59054709864723,0.3660584708583625,17.85384682962526,0.011940076841850587,31.291046136977943,-0.13229432595496035,31.2026781914843,0.11188919457292433,30.429749830789145,0.11913494412385289,27.893075519536172,-0.016250172024058377
1299,4.05,true_threat,IDEAM,1,1704,1298,4.0,1,1,305.58867444767384,-202.04216855403712,310.3221663206974,-206.25138470230291,-205.76265181091446,0.5970637128905878,-2.5,2.1920849030969864,1,1,30.23007778470998,-3.774328258688584,0.0,0.75,0.0,,28.29348401428729,0.007796461519949155,0,1,2.3500485128249693,13.28318477031651,2.441332175135717,latent_vehicle,0.8139341965328646,latent_vehicle,2.441332175135717,0.8139341965328646,1.1499999999999995,1276,ok,accepted,0,ok,0.5765845,0.0007671000203117728,0.575328199978685,0.0,1,0.001367200000000679,0.010690300000000263,0,272.1166239339303,26.791838969706646,31.467608989474,3.2078314459628814,0,1,0,1,0,0,0,9,0.0,1,1,5.465492765279495,-0.8404478312165475,62,1,18.65817002737721,0.20751978041071734,22.642830959885423,0.22716493779743577,20.16999551671942,0.08113800053156618,23.60646011468427,0.31826032130853193,17.8544610017556,0.01228344246603948,31.284549673601383,-0.12992924718870547,31.20634421546315,0.07332060869570513,30.43380867706123,0.08117692990434472,27.89109952816336,-0.03951981171579849
1300,4.1,true_threat,IDEAM,1,1810,1299,4.05,1,1,307.09222685574326,-202.0781699159435,311.73683344568235,-206.14489928843227,-205.6929135359942,0.5584711663087205,-2.5,2.15947938072909,0,1,30.000859331420575,-4.58436906578811,0.0,0.75,0.0,,28.29348401428729,0.007916047796068434,0,1,2.2075617370479392,13.663366423124721,2.285438938877111,latent_vehicle,0.7707480444615821,latent_vehicle,2.285438938877111,0.7707480444615821,1.1999999999999993,1276,ok,accepted,0,ok,0.5765845,0.0007671000203117728,0.575328199978685,0.0,0,0.001367200000000679,0.01048940000000087,0,273.0499125527449,27.3621027589615,31.94898749564436,3.171830084056495,0,1,0,1,0,0,0,9,0.0,1,1,5.298493975970986,-0.8348080872074659,63,1,18.669246013926028,0.22151972905619494,22.65192136893463,0.1818081821257594,20.171780761407778,0.03570491499151854,23.619971779128843,0.2702332895703522,17.85508470999326,0.012474164397562737,31.278182908586356,-0.12733527737181102,31.20812569408515,0.035629581203356304,30.43600778016404,0.04398206672367946,27.888036347471743,-0.06126359820401337
1301,4.15,true_threat,IDEAM,1,1905,1300,4.1000000000000005,1,1,308.58375582283225,-202.11559444699654,313.15394273155675,-206.04062556598473,-205.62829882171405,0.5166004667182165,-2.5,2.1191749772756623,1,1,29.755691819623173,-4.903350235948025,0.0,0.75,0.0,,28.392206297802446,0.008047025734768381,0,1,2.0658634835473606,14.097943876511135,2.131860649060197,latent_vehicle,0.7297143398743712,latent_vehicle,2.131860649060197,0.7297143398743712,1.25,1276,ok,accepted,0,ok,0.5765845,0.0007671000203117728,0.575328199978685,0.0,1,0.0015318000000021925,0.011368400000002055,0,273.98371999638437,27.919824282411014,32.4322893378793,3.134405553003461,0,1,0,1,0,0,0,9,0.0,1,1,5.141831215018512,-0.8270408480307955,64,1,18.68098575823213,0.23479488383707775,22.658778272343294,0.13713807007202913,20.171384002242224,-0.007935161864241543,23.631082091944137,0.22220625709778094,17.855708420803914,0.012474216363688919,31.271959193739733,-0.12447427182987822,31.208066499705726,-0.0011838831550729564,30.436406274303785,0.007969979738202997,27.88397371490397,-0.08125263687417693
1302,4.2,true_threat,IDEAM,1,1996,1301,4.15,1,1,310.06271198051274,-202.15428974670849,314.5733722277389,-205.9389145287314,-205.56895752227769,0.47166804370704085,-2.5,2.0718064998708234,0,1,29.501369201584936,-5.086452360764753,0.0,0.75,0.0,,28.392206297802446,0.008186359669025483,0,1,1.9254571465820902,14.581191175681102,1.9810018887204588,latent_vehicle,0.6903705484897686,latent_vehicle,1.9810018887204588,0.6903705484897686,1.2999999999999998,1276,ok,accepted,0,ok,0.5765845,0.0007671000203117728,0.575328199978685,0.0,0,0.0015318000000021925,0.010231099999998605,0,274.9181378019616,28.46436263451426,32.91730102848419,3.0957102532915144,0,1,0,1,0,0,0,9,0.0,1,1,4.996362579692761,-0.8169194289565352,65,1,18.693349201853884,0.24726887070219647,22.66342646568841,0.09296386958431131,20.168894885733593,-0.049782309871363534,23.639819663353446,0.17475142909663208,17.856324502318373,0.012321629951313083,31.265876624668447,-0.12165135662537661,31.206221953073364,-0.036890835404273105,30.435063296930924,-0.026859287786122586,27.879003182626217,-0.0994106330471931
1303,4.25,true_threat,IDEAM,1,2073,1302,4.2,1,1,311.52882062374886,-202.19411857968277,315.994999962826,-205.84005613529075,-205.51499446361882,0.42392006511258273,-2.5,2.01816110966659,1,1,29.241925585918597,-5.188872313326769,0.0,0.75,0.0,,28.478368593641374,0.008332261334949966,0,1,1.7867699201671599,15.111302742897179,1.8331717519799189,latent_vehicle,0.6522995186941402,latent_vehicle,1.8331717519799189,0.6522995186941402,1.3499999999999996,1276,ok,stale_plan,0,ok,0.5765845,0.0007671000203117728,0.575328199978685,0.0,1,0.0017689999999994654,0.015250200000000547,0,275.8531964766422,28.99541260306978,33.4038700888907,3.0558814203172346,0,1,0,1,0,0,0,9,0.0,1,1,4.862812278968979,-0.8042860914371999,66,1,18.706286752674902,0.25875101564510283,22.665938431015963,0.0502393093260298,20.164424037158174,-0.0894169525686348,23.64622073239281,0.12802138174029395,17.856925327265607,0.012016499429893586,31.259933294238643,-0.1188665849097588,31.202664543431148,-0.0711479301187449,30.43204943044222,-0.060276859492394745,27.873210580859514,-0.11585202528926548
1304,4.3,true_threat,IDEAM,1,2139,1303,4.25,1,1,312.9825089621719,-202.23497398865126,317.4185818690826,-205.7442640919834,-205.46646643410784,0.37358970118290813,-2.5,1.9590606655243041,0,1,29.008510144809,-4.668308822191918,0.0,0.75,0.0,,28.478368593641374,0.008466884626212848,0,1,1.6501224678913218,15.617872730786402,1.6885239773152072,latent_vehicle,0.6144638371308265,latent_vehicle,1.6885239773152072,0.6144638371308265,1.3999999999999995,1276,ok,stale_plan,0,ok,0.5765845,0.0007671000203117728,0.575328199978685,0.0,0,0.0017689999999994654,0.010232800000000708,0,276.7888960152207,29.513401402914326,33.89175245656878,3.0150260113487377,0,1,0,1,0,0,0,9,0.0,1,1,4.741362760561311,-0.7891383715478133,67,1,18.71976217168912,0.26950838028238844,22.66636948150013,0.008621012136556276,20.15808589845084,-0.12676275835258893,23.650327261957273,0.0821305924616969,17.857503263479177,0.011558723993162712,31.25410440748732,-0.1165777136424881,31.197480112380426,-0.10368814483987666,30.427456239696713,-0.0918631107179303,27.86669318400677,-0.130347929630122
1305,4.35,true_threat,IDEAM,1,2194,1304,4.3,1,1,314.42557747552723,-202.27668751270818,318.8439959438733,-205.65173680469877,-205.42337917525808,0.32088491672533337,-2.5,1.8952952084882986,1,1,28.795749729623548,-4.255208303709068,0.0,0.75,0.0,,27.484845463760838,0.008592457639289836,0,1,1.515881656549766,16.10522319083951,1.5472089568610146,latent_vehicle,0.5768079886071787,latent_vehicle,1.5472089568610146,0.5768079886071787,0.9499999999999993,1286,ok,accepted,1,ok,0.7804998,0.33526269998401403,0.4447457999922335,0.0,1,0.0013970000000007587,0.010113600000000389,0,277.72529746326063,30.020068468229738,34.3807650833196,2.973312487291821,0,1,0,1,0,0,0,9,0.0,1,1,4.6314193622484305,-0.7717309171027458,68,1,18.733733498429494,0.2794265352261145,22.664799727298266,-0.03139508262288376,20.1499949099911,-0.1618197567722212,23.652207915292532,0.037613067895780845,17.85804686802785,0.010872091664283216,31.248355632724856,-0.11497547722357855,31.19075259478389,-0.1345496378221689,30.421369568723097,-0.12173248416041108,27.859550173975943,-0.14286019563853805
1306,4.4,true_threat,IDEAM,1,2239,1305,4.3500000000000005,1,1,315.85704954931776,-202.31910689711663,320.27105915982094,-205.56270321772413,-205.38568437243245,0.2660524322663207,-2.5,1.827586365837486,0,1,28.514060703623453,-5.633780520001892,0.0,0.75,0.0,,27.484845463760838,0.00876305650646438,0,1,1.3844286851666823,16.819707496106226,1.4095341661904377,latent_vehicle,0.5409237723150382,latent_vehicle,1.4095341661904377,0.5409237723150382,1.0,1286,ok,accepted,0,ok,0.7804998,0.33526269998401403,0.4447457999922335,0.0,0,0.0013970000000007587,0.009803500000000298,0,278.6624313279276,30.514406677353293,34.87069443460024,2.930893102883374,0,1,0,1,0,0,0,9,0.0,1,1,4.534271998231197,-0.7519422853017274,69,1,18.748153048460683,0.28839100145591196,22.661313091746617,-0.0697327106539164,20.14028458579412,-0.19420647489137927,23.651938987623378,-0.005378551966289792,17.85855995428222,0.010261725012395272,31.24263928680951,-0.11432690601248946,31.182579276997267,-0.16346539987702932,30.41387907354595,-0.14980875414232836,27.851869288700943,-0.1536177025728724
1307,4.45,true_threat,IDEAM,1,2276,1306,4.4,1,1,317.2703332777388,-202.36191395605297,321.69955793032875,-205.47727021545217,-205.3532766455498,0.2094265721743227,-2.5,1.756574713600052,1,1,28.144962803669078,-7.381957999087518,0.0,0.75,0.0,,27.185006457637503,0.008994391744727865,0,1,1.2561886239583657,17.883339081727662,1.276089069401664,latent_vehicle,0.5067464493386507,latent_vehicle,1.276089069401664,0.5067464493386507,1.0499999999999998,1286,ok,accepted,0,ok,0.7804998,0.33526269998401403,0.4447457999922335,0.0,1,0.0013789000000024032,0.0126041999999984,0,279.6002976196323,30.989824114069677,35.36132691340339,2.888086043947027,0,1,0,1,0,0,0,9,0.0,1,1,4.455349331220849,-0.7288234013932864,70,1,18.762984583150335,0.29663069489741595,22.656008757699766,-0.10608668120478777,20.129080812680943,-0.2240754577094431,23.64959867893749,-0.04680617229253847,17.859040617512882,0.009613265514123405,31.236917222772693,-0.11444127273955221,31.17306698389489,-0.19024468618214013,30.40509729891889,-0.17563416629010722,27.843745896135296,-0.16246784977417178
1308,4.5,true_threat,IDEAM,1,2307,1307,4.45,1,1,318.66606947263455,-202.40494062422093,323.1293091967872,-205.39557518944108,-205.3259905397915,0.15127967566067468,-2.5,1.6828151306448018,0,1,27.80242689271514,-6.850718219078757,0.0,0.75,0.0,,27.185006457637503,0.009217372827869809,0,1,1.1314669297793216,18.99656851977253,1.1469562177688566,latent_vehicle,0.47180833864441896,latent_vehicle,1.1469562177688566,0.47180833864441896,1.0999999999999996,1286,ok,accepted,0,ok,0.7804998,0.33526269998401403,0.4447457999922335,0.0,0,0.0013789000000024032,0.013969299999999407,0,280.53889633316936,31.44696159542832,35.85247946632472,2.8450593757790728,0,1,0,1,0,0,0,9,0.0,1,1,4.3951383612817665,-0.7026382549549248,71,1,18.778189954693858,0.3041074324578242,22.64899925970016,-0.14018995989522343,20.11652282630673,-0.2511597261280121,23.6452766353235,-0.08644087071746628,17.859481220868894,0.00881206720047549,31.231145572161914,-0.1154330074786256,31.162316815603422,-0.21500200294265073,30.395129159487762,-0.19936133741859685,27.835281085336476,-0.1692962154521431
1309,4.55,true_threat,IDEAM,1,2317,1308,4.5,1,1,320.04520417887176,-202.4481865788864,324.56009936739406,-205.31770976529538,-205.30359751630766,0.09197767313341387,-2.5,1.6067818015669892,1,1,27.476715554162237,-6.514226771058063,0.0,0.75,0.0,,26.89326372265073,0.009437182200914454,0,1,1.0103555509681428,20.190974779140877,1.0220216439024659,latent_vehicle,,,1.0220216439024659,,1.1499999999999995,1286,ok,accepted,0,ok,0.7804998,0.33526269998401403,0.4447457999922335,0.0,1,0.0013828999999994096,0.011849300000001506,0,281.47825795488285,31.886734679952042,36.34390801521812,2.801813421113593,0,1,0,1,0,0,0,9,0.0,1,1,4.35372881698065,-0.6737733084212396,72,1,18.793717665596436,0.3105542202388333,22.640385686428335,-0.17227146358328055,20.102747956565114,-0.2754973960570336,23.639093019713215,-0.12367231051772938,17.85988367051527,0.008048992837741811,31.225282373219923,-0.11726397627090525,31.150447037483445,-0.23739405879482772,30.38408719626759,-0.22083774123380373,27.82656640927476,-0.1742935212005258
1310,4.6,true_threat,IDEAM,1,2320,1309,4.55,1,1,321.4085918625612,-202.49157523460673,325.99165382560534,-205.24379610701746,-205.28580294292388,0.031906822371496446,-2.5,1.528873581106033,0,1,27.16179860748169,-6.29833893361095,0.0,0.75,0.0,,26.89326372265073,0.009657268753644916,0,1,0.8930532369699051,21.498012939327783,0.9012873174368856,latent_vehicle,,,0.9012873174368856,,1.1999999999999993,1286,ok,accepted,0,ok,0.7804998,0.33526269998401403,0.4447457999922335,0.0,0,0.0013828999999994096,0.010165900000000505,0,282.41844354595236,32.30993677257197,36.83527688235989,2.758424765393272,0,1,0,1,0,0,0,9,0.0,1,1,4.331229069930753,-0.642708546194598,73,1,18.80953529481385,0.3163525869711555,22.630293923641418,-0.2018352505612151,20.08789543904046,-0.29705035265028173,23.631139384205557,-0.15907270845917554,17.860244147338918,0.007209534719755325,31.219266591434245,-0.12031563474867772,31.13756828397111,-0.25757347960766774,30.372082042299596,-0.24010154412899162,27.817685791555853,-0.1776123544189925
1311,4.65,true_threat,IDEAM,1,2305,1310,4.6000000000000005,1,1,322.75601857793447,-202.53416061939055,327.4238505063211,-205.17384951503863,-205.2722430848475,-0.028446977830043352,-2.5,1.4494255613499727,1,1,26.82841979466388,-6.667576256356185,0.0,1.0,-0.007904581725597382,-0.009657268412411213,26.625274670910038,0.009898753212959415,1,0,0.7805212602072515,23.090720399512698,0.7868868589532908,latent_vehicle,,,0.7868868589532908,,1.25,1286,ok,accepted,1,ok,0.3282654,0.0007351000094786286,0.32714260002830997,0.0,1,0.002251499999999851,0.012971900000000147,0,283.35942259921234,32.71638443468527,37.32649450981569,2.7158393806094523,1,1,1,1,0,0,0,9,0.0,1,1,4.329433024840877,-0.6106351640911717,74,1,18.825602788127128,0.3213498695916463,22.618836504810815,-0.22914836675398614,20.07211023146111,-0.3157041532863897,23.62152635630168,-0.19226055613761767,17.86056266048152,0.006370261571047202,31.213042913701553,-0.12447355480419091,31.1238026316939,-0.2753114226881061,30.359231957689055,-0.25700019953182046,27.808734599893697,-0.17902383305754271
1312,4.7,true_threat,IDEAM,1,2286,1311,4.65,1,1,324.08666024632214,-202.57563783856534,328.85647582815,-205.1079921325397,-205.26248209537422,-0.08863258033559873,-2.5,1.3687143123891885,0,1,26.512092392653393,-6.32654804020973,0.0,0.0,-0.007904581725597382,-0.009657268412411213,26.625274670910038,0.010136359038427876,1,0,0.673186658533524,24.83442299571211,0.6795603374916855,latent_vehicle,,,0.6795603374916855,,1.2999999999999998,1286,ok,accepted,0,ok,0.3282654,0.0007351000094786286,0.32714260002830997,0.0,0,0.002251499999999851,0.01211890000000082,0,284.3012256270338,33.1052230752515,37.81731680382313,2.674362161434658,1,1,1,1,0,0,0,9,0.0,1,1,4.349777142356452,-0.5782087639335248,75,1,18.841874368632098,0.32543161434441287,22.606154570077955,-0.2536386810243284,20.055529664375864,-0.3316113419775188,23.610379819674456,-0.22293073062945637,17.86083539993253,0.005454788532664334,31.20658082180542,-0.12924183800066727,31.10926834268255,-0.29068418855435,30.345657107677475,-0.2714955945082277,27.799791035876652,-0.17887127973836286
1313,4.75,true_threat,IDEAM,1,2258,1312,4.7,1,1,325.40530810118435,-202.61592896369814,330.2893161628521,-205.04620877360793,-205.25600900659435,-0.14801687405466168,-2.5,1.286970274876404,1,1,26.315945862129066,-3.922930610486546,1.0,0.0,-0.0082967234775424,-0.010136359371244907,29.23225489889732,0.010288014729236048,1,0,0.5711121744689649,25.999879406816422,0.5787322546551458,latent_vehicle,,,0.5787322546551458,,0.5499999999999998,1302,ok,accepted,0,ok,0.3282654,0.0007351000094786286,0.32714260002830997,0.0,1,0.0013899999999971158,0.012569500000001455,0,285.24382210663487,33.481274450512615,38.30756065892416,2.6340710363018616,1,1,1,1,0,0,0,9,0.0,1,1,4.388461562033034,-0.5463811316399322,76,1,18.858315702987248,0.3288266926783545,22.592372096231966,-0.27564946045695676,20.03830060251869,-0.3445812348816595,23.597814215350375,-0.2513120845639124,17.861066178531686,0.004615572201560307,31.199851705422,-0.13458232670299783,31.094091304050337,-0.3035392565728003,30.331483380306654,-0.2834732771442625,27.79094283785174,-0.1769639593874734
1314,4.8,true_threat,IDEAM,1,2204,1313,4.75,1,1,326.7177909215228,-202.65480312450782,331.72218842058555,-204.98854527707255,-205.25223472009952,-0.206025946491593,-2.5,1.2043830208512882,0,1,26.217150353830412,-1.975910165973076,1.0,0.0,-0.0082967234775424,-0.010136359371244907,29.23225489889732,0.010365693047214155,1,0,0.4776701878069994,26.549949185988243,0.48565610657434594,latent_vehicle,,,0.48565610657434594,,0.5999999999999996,1302,ok,accepted,0,ok,0.3282654,0.0007351000094786286,0.32714260002830997,0.0,0,0.0013899999999971158,0.010825600000000435,0,286.18721204322105,33.85036733426489,38.79704298007141,2.595196875492178,1,1,1,1,0,0,0,9,0.0,1,1,4.440467616414713,-0.5161272717878806,77,1,18.874882923739158,0.3313444211050002,22.577620689288505,-0.2950281213558736,20.020560374762418,-0.35480454956446295,23.58396115162022,-0.27706127244440987,17.86125308899355,0.003738209953157963,31.192863193647952,-0.1397702326608898,31.078382144624157,-0.3141817956069925,30.31681758671573,-0.29331476326114514,27.78225676328932,-0.17372148961194045
1315,4.8500000000000005,true_threat,IDEAM,1,2147,1314,4.800000000000001,1,1,328.0269467326249,-202.69193891824034,333.15484849197196,-204.93509327894878,-205.250488997689,-0.26194372061644344,-2.5,1.1211080311013768,1,1,26.164831739302443,-1.0463722905593897,1.0,0.0,-0.0082967234775424,,28.67917323958045,0.010407185519968288,0,1,0.4231524767948866,26.770822665612503,0.4291566206130329,latent_vehicle,,,0.4291566206130329,,0.6500000000000004,1302,ok,accepted,0,ok,0.3282654,0.0007351000094786286,0.32714260002830997,0.0,1,0.0013757000000005348,0.012820899999997692,0,287.131456471945,34.21527871664301,39.28545862273387,2.5580610817596607,1,1,1,1,0,0,0,9,0.0,1,1,4.502890059150973,-0.4879056976158762,78,1,18.891541697679063,0.3331754856778214,22.562039584591258,-0.3116220773738035,20.002448217305066,-0.3622431398054107,23.568946512127784,-0.3002927877471008,17.861398039125238,0.002899003543663843,31.185615285817754,-0.14495815144997695,31.06226865806897,-0.3222684999552927,30.301785610602774,-0.3006385902221899,27.773805291689115,-0.16902943070072285
1316,4.9,true_threat,IDEAM,1,2090,1315,4.8500000000000005,1,1,329.33533887035844,-202.7269234831097,334.58717427547344,-204.88576126815073,-205.25001745207607,-0.31492417312728094,-2.2912194894697606,1.0372745694814605,0,1,26.168897210768407,0.0813094293192762,1.0,0.0,-0.0082967234775424,,28.67917323958045,0.010403952385950151,0,1,0.42525795494449775,26.571121482120056,0.429189835506309,latent_vehicle,,,0.429189835506309,,0.7000000000000002,1302,ok,accepted,0,ok,0.3282654,0.0007351000094786286,0.32714260002830997,0.0,0,0.0013757000000005348,0.01567539999999923,0,288.07658591038313,34.578541415938446,39.77265496779722,2.5230765168903133,1,1,1,1,0,0,0,9,0.0,1,1,4.572907039790239,-0.46202588583391174,79,1,18.908251970583095,0.3342054655022181,22.54576038858149,-0.3255839059114654,19.984097643492596,-0.3670114632536892,23.552903811994895,-0.32085400045883206,17.861502935219164,0.002097922226626455,31.17811561139162,-0.1499934806049401,31.04586528386181,-0.32806643214163556,30.28649998493284,-0.3057117691937481,27.765653272533,-0.16304038041964528
1317,4.95,true_threat,IDEAM,1,2023,1316,4.9,1,1,330.64559173697626,-202.75943548923732,336.0190131623867,-204.84048826157957,-205.25,-0.36423873184926947,-2.0096985739081035,0.9546153269048266,1,1,26.22011009605737,1.0242577057792346,1.0,0.0,-0.0082967234775424,,28.65971911806453,0.010363353175184286,0,1,0.4779446221880318,26.03209154818612,0.47991783530909576,latent_vehicle,,,0.47991783530909576,,0.75,1302,ok,accepted,0,ok,0.3282654,0.0007351000094786286,0.32714260002830997,0.0,1,0.0013663000000008196,0.012823099999998533,0,289.0224782986407,34.9429018942987,40.258601466452944,2.490564510762681,1,1,1,1,0,0,0,9,0.0,1,1,4.6474550278180065,-0.43872421939896933,80,1,18.92497559562652,0.3344725084791339,22.52891470676432,-0.3369136255933619,19.96564598379576,-0.3690331766118785,23.53595893557485,-0.33889752625062475,17.861571592852293,0.0013731535057546524,31.170379428748312,-0.15472364209879597,31.0292921838359,-0.33146113945675365,30.27106942610236,-0.3086106121339485,27.75785792773694,-0.15590689304237162
1318,5.0,true_threat,IDEAM,1,1958,1317,4.95,1,1,331.95947525300426,-202.78918441582277,337.45009047370326,-204.79921331777962,-205.25,-0.4095117384204343,-1.9005183071699883,0.8738382869075781,0,1,26.30338847425795,1.6655675640116385,1.0,0.0,-0.0082967234775424,,28.65971911806453,0.010297839493726178,0,1,0.5611702227231798,25.29282044932712,0.5614054514125097,latent_vehicle,,,0.5614054514125097,,0.7999999999999998,1302,ok,accepted,0,ok,0.3282654,0.0007351000094786286,0.32714260002830997,0.0,0,0.0013663000000008196,0.00927210000000045,0,289.9692251686253,35.31003854034208,40.74293190778485,2.460815584177226,1,1,1,1,0,0,0,9,0.0,1,1,4.724038950790914,-0.41809704186123015,81,1,18.94167633259252,0.33401474742111464,22.51164177568691,-0.3454586140887621,19.947217215422636,-0.3685753461695468,23.518241582620742,-0.35434705697349433,17.861604014550483,0.0006484342252742845,31.16243534772731,-0.1588816068886841,31.012654260901833,-0.33275779091684504,30.255606465449837,-0.3092588129313305,27.75047456937267,-0.1476671639808838
1319,5.05,true_threat,IDEAM,1,1889,1318,5.0,1,1,333.2782710577467,-202.81587990863812,338.88031462025606,-204.76182965646595,-205.25,-0.4507866822203823,-1.7899246801902942,0.7940529635633268,1,1,26.408517215634667,2.1025748275343403,1.0,0.0,-0.008428896777331829,-0.010297839529812336,28.546358224003978,0.010216019785229185,1,0,0.6576906205056692,24.451048345134435,0.6562992110757195,latent_vehicle,,,0.6562992110757195,,0.8499999999999996,1302,ok,accepted,0,ok,0.3282654,0.0007351000094786286,0.32714260002830997,0.0,1,0.0013676999999994166,0.012246599999997443,0,290.9168265307477,35.681232982962115,41.22555469221527,2.4341200913618763,1,1,1,1,0,0,0,9,0.0,1,1,4.80075455764493,-0.4001475310059643,82,1,18.9583160355395,0.33279406635140296,22.49407129418104,-0.35140962573395634,19.928937220570507,-0.36559987364520985,23.49988717614906,-0.3670881271156099,17.861604012977523,-3.136246339189739e-08,31.154290997815227,-0.16288698188524017,30.996062138676752,-0.331841955737089,30.24021791206333,-0.30777080763415976,27.743550881855377,-0.13847374685779093
1320,5.1000000000000005,true_threat,IDEAM,1,1829,1319,5.050000000000001,1,1,334.60280303206804,-202.8392470284052,340.3095635265346,-204.72832206049353,-205.25,-0.4881703435340512,-1.6792124883874058,0.7159312297556472,0,1,26.528593452249112,2.401524732288891,1.0,0.0,-0.008428896777331829,-0.010297839529812336,28.546358224003978,0.010123753981607626,1,0,0.7572477978472824,23.570502783408667,0.7542216690061764,latent_vehicle,,,0.7542216690061764,,0.9000000000000004,1302,ok,accepted,1,ok,0.4541419,0.000731200008885935,0.45266919999266975,0.0,0,0.0013676999999994166,0.01300900000000027,0,291.8652518726369,36.057339615394255,41.70637825660458,2.4107529715948033,1,1,1,1,0,0,0,9,0.0,1,1,4.876157718545504,-0.3848369488386878,83,1,18.97486227964706,0.3309248879637451,22.476329147239888,-0.3548429367100508,19.91092806537252,-0.360183081454597,23.481023507137287,-0.3772733780229615,17.861581125334347,-0.0004577528945796751,31.14595591459607,-0.16670164593084014,30.979624533390396,-0.3287517731812772,30.2249991322403,-0.3043754510924526,27.737126919576962,-0.12847924195051993
1321,5.15,true_threat,IDEAM,1,1773,1320,5.1000000000000005,1,1,335.93362074220124,-202.86001800956237,341.73765402461584,-204.6985074868689,-205.25,-0.5216779395064748,-1.5692764880525512,0.6399634091374286,1,1,26.659442459088456,2.616980136786893,1.0,0.0,-0.00024378515081480145,0.007271856535226107,26.876888934640657,0.010024626379307473,0,0,0.853929761067576,11.869317995323312,0.8498558567606146,latent_vehicle,,,0.8498558567606146,,0.6500000000000004,1308,ok,accepted,0,ok,0.4541419,0.000731200008885935,0.45266919999266975,0.0,1,0.0013956999999997777,0.01038040000000251,0,292.8144706663058,36.43893853185858,42.18524996101695,2.389981990437633,1,1,1,1,0,0,0,9,0.0,1,1,4.948363156968974,-0.37115485490856887,84,1,18.991273102663865,0.32821646617210876,22.458543128151902,-0.3557203809857374,19.89329846892967,-0.3525919076962341,23.46177836866254,-0.38490276722730693,17.861533442990364,-0.0009536469692103934,31.137428190898675,-0.1705544534350535,30.96343108896943,-0.32386868750400877,30.210053121041806,-0.2989201607492945,27.731246551693044,-0.1176073540043714
1322,5.2,true_threat,IDEAM,1,1724,1321,5.15,1,1,337.2708159907339,-202.8789252427097,343.16452504290953,-204.67227914489644,-205.25,-0.5514925131311088,-1.4609387498034858,0.5665248551658881,0,1,26.765175652077286,2.1146638597765843,1.0,0.0,0.005952095612883568,0.007271856535226107,26.876888934640657,0.009945585453128314,0,0,0.9436055308285347,11.607905833550134,0.9398422949337446,latent_vehicle,,,0.9398422949337446,,0.7000000000000002,1308,ok,accepted,0,ok,0.4541419,0.000731200008885935,0.45266919999266975,0.0,0,0.0013956999999997777,0.008597800000000433,0,293.7645134345361,36.82609101216093,42.66207821108031,2.3710747572903017,1,1,1,1,0,0,0,9,0.0,1,1,5.016195585398876,-0.3580265231474472,85,1,19.00751798859356,0.3248977219339729,22.440835306824496,-0.35415642648802204,19.876160965407742,-0.34275005109261286,23.442279552414398,-0.38997632278466926,17.86146287497914,-0.0014113605607645168,31.128730714636994,-0.17394950301899362,30.94758098596424,-0.31700195971436557,30.195465707129582,-0.29174826281541144,27.725926944352523,-0.10639214311317832
1323,5.25,true_threat,IDEAM,1,1674,1322,5.2,1,1,338.6087126125731,-202.89627584001533,344.5900239466854,-204.6494997575364,-205.25,-0.5777208551035642,-1.3548024198181448,0.4959031865196074,1,1,26.74945936764458,-0.31432568865412236,1.0,0.0,0.008109495975077152,0.009907618165016174,26.836961811328617,0.00995727490355706,1,0,1.031207812765274,11.556277299775271,1.0288793597483128,latent_vehicle,,,1.0288793597483128,,0.75,1308,ok,accepted,0,ok,0.4541419,0.000731200008885935,0.45266919999266975,0.0,1,0.0013831000000017468,0.013397000000001213,0,294.71538017732786,37.21312089120835,43.13671037206444,2.353724159984665,1,1,1,1,0,0,0,9,0.0,1,1,5.084313896510688,-0.3447618507565315,86,1,19.023564512146404,0.32093047253979834,22.42332012535875,-0.35030362942903576,19.859614735477898,-0.3309245829559322,23.422652943471412,-0.39253217675267615,17.861375143054907,-0.0017546385535322894,31.119859670400913,-0.17742086147928038,30.932163867895532,-0.30834232661326316,30.181320813503973,-0.2828978740789766,27.721194800486153,-0.094642873651136
1324,5.3,true_threat,IDEAM,1,1633,1323,5.25,1,1,339.94560176919384,-202.9124976305517,346.0140591103389,-204.62995573298673,-205.25,-0.6005002424635961,-1.251365710121944,0.4283141756394817,0,1,26.73358749735979,-0.3174374056958129,1.0,0.0,0.008109495975077152,0.009907618165016174,26.836961811328617,0.009969101002296369,1,0,1.118353819798017,11.505923216571633,1.118186679299859,latent_vehicle,,,1.118186679299859,,0.7999999999999998,1308,ok,accepted,0,ok,0.4541419,0.000731200008885935,0.45266919999266975,0.0,0,0.0013831000000017468,0.024237200000001735,0,295.6670098595283,37.59838036562866,43.609115853517494,2.3375023694482877,1,1,1,1,0,0,0,9,0.0,1,1,5.153942671421799,-0.33143116382275684,87,1,19.039370711615256,0.31612398888862875,22.406112024535705,-0.3441620164047597,19.84375514698933,-0.31719175790957893,23.403016795548115,-0.39272295683334835,17.861275967595137,-0.001983509613795646,31.1108188700069,-0.18081598586444556,30.91725602778525,-0.29815679977132914,30.167698548177412,-0.27244529576938026,27.71706347161064,-0.08262657389869565
1325,5.3500000000000005,true_threat,IDEAM,1,1593,1324,5.300000000000001,1,1,341.2876787316054,-202.9281835936698,347.4365084375378,-204.61357081894965,-205.25,-0.6200442670132702,-1.151086169334159,0.3639170865130793,1,1,26.903616135277172,3.400572758347664,1.0,0.0,0.007304958999156952,0.008924691006541252,26.827187430231206,0.009843499552907586,0,0,1.1987261845852686,11.155006946440594,1.2010617899396494,latent_vehicle,,,1.2010617899396494,,0.8500000000000005,1308,ok,accepted,0,ok,0.4541419,0.000731200008885935,0.45266919999266975,0.0,1,0.001380000000001047,0.014073499999998518,0,296.6194330039193,37.98803418364923,44.07914203632538,2.321816406330214,1,1,1,1,0,0,0,9,0.0,1,1,5.218870965592,-0.3187007104206526,88,1,19.054913698539018,0.3108597363759386,22.38931209441453,-0.33599860217638333,19.82866612187135,-0.30178049520269057,23.383485547806238,-0.390624954057675,17.861167257712612,-0.0021741974249039385,31.10162738708236,-0.18382963807097494,30.902937573497542,-0.2863690837400238,30.15466948252968,-0.26058126526116354,27.713553938562086,-0.07019065743567553
1326,5.4,true_threat,IDEAM,1,1560,1325,5.3500000000000005,1,1,342.6376902690732,-202.9438821087738,348.85737185020116,-204.60011613360254,-205.25,-0.636429181050346,-1.054220460212564,0.3028206196512706,0,1,27.051273929304546,2.9531558805474845,1.0,0.0,0.007304958999156952,0.008924691006541252,26.827187430231206,0.009736339314386128,0,0,1.2695780597809119,10.85566052502987,1.2745320299164633,latent_vehicle,,,1.2745320299164633,,0.9000000000000004,1308,ok,accepted,0,ok,0.4541419,0.000731200008885935,0.45266919999266975,0.0,0,0.001380000000001047,0.013793500000002012,0,297.5726496000899,38.38482912494641,44.54678885281817,2.3061178912261937,1,1,1,1,0,0,0,9,0.0,1,1,5.27613868243628,-0.30678069883629105,89,1,19.070155325941357,0.3048325444514997,22.37302333189708,-0.3257752495430948,19.814433490579937,-0.284652622887333,23.3641812713582,-0.3860855288704401,17.86105091681782,-0.0023268181914289903,31.092296665050494,-0.1866144227800463,30.889273354726566,-0.27328434531762685,30.14230037392695,-0.24738206763479742,27.71065475727927,-0.05798362221495952
1327,5.45,true_threat,IDEAM,1,1524,1326,5.4,1,1,343.9945376759731,-202.95937992761736,350.2765272103535,-204.58939335434223,-205.25,-0.6498838663974595,-0.9610781387765771,0.24509502536589411,1,1,27.184081221021163,2.656145834332335,1.0,0.0,-0.0008801529766060412,-0.007785922382026911,27.662678234780532,0.009641444223818026,0,0,1.331886013033369,10.591109337413318,1.3390699917107558,latent_vehicle,,,1.3390699917107558,,0.4500000000000002,1318,ok,accepted,1,ok,0.3242182,0.0007533000025432557,0.32303670002147555,0.0,1,0.0013899000000030526,0.016401299999998287,0,298.5265681005166,38.78775803141963,45.01202571254379,2.2906200723826373,1,1,1,1,0,0,0,9,0.0,1,1,5.326764246863381,-0.29641433189972893,90,1,19.085059354293403,0.29808056201991456,22.35734110565409,-0.3136445238270466,19.801122103751595,-0.2662277364721328,23.345212684283524,-0.3793717422423314,17.860934578367964,-0.002326768442539397,31.082836239051428,-0.18920850805284123,30.87632249901696,-0.2590170324687227,30.13064272042287,-0.23315289639534284,27.708383093899933,-0.045433264243808384
1328,5.5,true_threat,IDEAM,1,1492,1327,5.45,1,1,345.3576410142468,-202.97437207224175,351.694005004339,-204.58131091802892,-205.25,-0.6606066456577651,-0.8718769762889236,0.19077314431261752,0,1,27.306836218560417,2.455099950785069,1.0,0.0,-0.006372864358127117,-0.007785922382026911,27.662678234780532,0.009554960163528473,0,0,1.3862604687451494,10.351200147681816,1.3949142122709084,latent_vehicle,,,1.3949142122709084,,0.5,1318,ok,accepted,0,ok,0.3242182,0.0007533000025432557,0.32303670002147555,0.0,0,0.0013899000000030526,0.009950800000002147,0,299.48128005792836,39.19614941228156,45.474791549117526,2.2756279277582507,1,1,1,1,0,0,0,9,0.0,1,1,5.371466466485077,-0.28837077570602243,91,1,19.099602896162345,0.29087083044851914,22.34234933949064,-0.2998353221372579,19.78880062497571,-0.24642957749390898,23.32668659666807,-0.3705217536158272,17.860818239394433,-0.0023267796443211175,31.073261368740166,-0.19149739563920293,30.86414031982398,-0.2436434318560996,30.119751835409396,-0.2178174493418073,27.70672368962508,-0.0331880822510178
1329,5.55,true_threat,IDEAM,1,1468,1328,5.5,1,1,346.7266035606071,-202.9888739367752,353.1096830889767,-204.57565524327123,-205.25,-0.6686890819710811,-0.7866979639435263,0.13985927687036745,1,1,27.42293861865598,2.32204800191127,1.0,0.0,-0.007820840924978256,-0.009554959833621979,28.0199249533848,0.00947422928898076,1,0,1.4329760070225461,10.129074977332442,1.4423802135696369,latent_vehicle,,,1.4423802135696369,,0.5499999999999998,1318,ok,accepted,0,ok,0.3242182,0.0007533000025432557,0.32303670002147555,0.0,1,0.001978100000002314,0.011881400000000042,0,300.43663288444344,39.60975913212678,45.93511680724015,2.2611260632247934,1,1,1,1,0,0,0,9,0.0,1,1,5.410318743304232,-0.28264280275692055,92,1,19.113751618438492,0.2829744376843847,22.328122419695166,-0.2845383946596036,19.77752436850043,-0.2255251318204528,23.308700287937125,-0.359726175445457,17.860705717099147,-0.002250445108841072,31.063600661469728,-0.19321413931309406,30.852768778387563,-0.22743059629905407,30.109663957021713,-0.20175724364759184,27.70566891505862,-0.021095488177506127
1330,5.6000000000000005,true_threat,IDEAM,1,1449,1329,5.550000000000001,1,1,348.10118114841623,-203.00280931056312,354.5236834825181,-204.57227370054434,-205.25,-0.6743447567287717,-0.7056727770790026,0.09233165094221393,0,1,27.534597363394045,2.233174894761305,1.0,0.0,-0.007820840924978256,-0.009554959833621979,28.0199249533848,0.009397549527969274,1,0,1.4723988127548182,9.920440632268638,1.4820302553214468,latent_vehicle,,,1.4820302553214468,,0.6000000000000005,1318,ok,accepted,0,ok,0.3242182,0.0007533000025432557,0.32303670002147555,0.0,0,0.001978100000002314,0.015157900000001945,0,301.39274865557263,40.028220948806734,46.39300142965237,2.247190689436877,1,1,1,1,0,0,0,9,0.0,1,1,5.443460698778159,-0.2788848477435949,93,1,19.127473096964163,0.27442956139265634,22.31473282587666,-0.2677918751331698,19.767335295327406,-0.20378146492439855,23.291351030208595,-0.34698515459632917,17.86060082319747,-0.0020978781648273706,31.05385411848469,-0.19493085629913046,30.8422441135325,-0.21049298290433968,30.100422953585976,-0.18481967868825416,27.705203511390426,-0.009308070295685285
1331,5.65,true_threat,IDEAM,1,1429,1330,5.6000000000000005,1,1,349.4812211221225,-203.01597988141307,355.93594509775664,-204.57101372278805,-205.25,-0.6777262994556565,-0.6288427640296165,0.048145402480606246,1,1,27.643136521191497,2.1707831559490387,0.9962676763534546,0.0,-0.007691998966038227,-0.00939754955470562,28.373247109413107,0.009323900838420844,1,0,1.504620454287135,9.722744287820436,1.5141206973602672,latent_vehicle,,,1.5141206973602672,,0.6500000000000004,1318,ok,accepted,0,ok,0.3242182,0.0007533000025432557,0.32303670002147555,0.0,1,0.0015511999999979764,0.011636199999998098,0,302.3495052905998,40.451504287485875,46.848506409863774,2.234020118586926,1,1,1,1,0,0,0,9,0.0,1,1,5.470831754304352,-0.27678046433237824,94,1,19.14074634932259,0.26546503826118,22.302247316074173,-0.2497101950383788,19.75827536767877,-0.18119855224629627,23.274720840689078,-0.3326037889852051,17.860505466463387,-0.0019071338285975893,31.044042719910127,-0.1962279707128202,30.832604472005176,-0.19279243794897122,30.09204789789939,-0.16750066898114324,27.705302683076855,0.0019834367221102764
1332,5.7,true_threat,IDEAM,1,1416,1331,5.65,1,1,350.8665402149006,-203.02791268935638,357.34643735985674,-204.57170747374323,-205.25,-0.6789862772119477,-0.5562177293410943,0.007238170873075609,0,1,27.74892196376639,2.1157088514978284,0.9824613928794861,0.0,-0.007691998966038227,-0.00939754955470562,28.373247109413107,0.009252950586315218,1,0,1.529793623609038,9.53483975894349,1.538905163319081,latent_vehicle,,,1.538905163319081,,0.7000000000000002,1318,ok,accepted,0,ok,0.3242182,0.0007533000025432557,0.32303670002147555,0.0,0,0.0015511999999979764,0.013217899999997229,0,303.30693330710125,40.87939536376251,47.3015706554624,2.222087310643616,1,1,1,1,0,0,0,9,0.0,1,1,5.492547606580106,-0.27614424403516175,95,1,19.1535370448534,0.25581390103113355,22.290719294941024,-0.23056042167137514,19.750371289830568,-0.158081553084244,23.258903182749226,-0.3163531560321227,17.86042536005541,-0.0016021280917136941,31.03419316825565,-0.1969910333911866,30.823867018712026,-0.1747486073581144,30.08456930599505,-0.14957135508712996,27.70594544924407,0.012855326280119315
1333,5.75,true_threat,IDEAM,1,1409,1332,5.7,1,1,352.2570772666687,-203.03824154429833,358.7552822766591,-204.57417180630864,-205.25,-0.6782925262567687,-0.48778793439418994,-0.030470048117347263,1,1,27.851486065211684,2.0512820289059164,0.9600632190704346,0.0,-0.007573643233627081,-0.009252950549125671,28.719305559999654,0.009184931257917873,1,0,1.5481014886433684,9.356631862829845,1.5560847180087107,latent_vehicle,,,1.5560847180087107,,0.75,1318,ok,accepted,0,ok,0.3242182,0.0007533000025432557,0.32303670002147555,0.0,1,0.0014146999999979926,0.01430870000000084,0,304.26497168554044,41.311894037091406,47.752377193825566,2.21175845570167,1,1,1,1,0,0,0,9,0.0,1,1,5.508749926521473,-0.2768262165425245,96,1,19.165818480535087,0.24562870374870693,22.280188818187234,-0.2106095343655346,19.74364594953969,-0.13450679792272777,23.24397244413927,-0.2986147686181681,17.860360504659692,-0.001297108151420752,31.02430737159424,-0.19771593322314163,30.816047011582388,-0.15639963228515735,30.07799480636103,-0.13148948517923956,27.707110830969615,0.023307636847905877
1334,5.8,true_threat,IDEAM,1,1403,1333,5.75,1,1,353.6525879962703,-203.04655454224448,360.1625103240969,-204.57828463976816,-205.25,-0.675828193691359,-0.42353199076241815,-0.06507253566148283,0,1,27.94989360867007,1.9681508691677152,0.9305550456047058,0.0,-0.007573643233627081,-0.009252950549125671,28.719305559999654,0.009120371075212817,1,0,1.5598188064795124,9.188530862572627,1.5658037566998462,latent_vehicle,,,1.5658037566998462,,0.7999999999999998,1318,ok,accepted,0,ok,0.3242182,0.0007533000025432557,0.32303670002147555,0.0,0,0.0014146999999979926,0.01155909999999949,0,305.223620446739,41.74875600549444,48.200956480064804,2.203445457755521,1,1,1,1,0,0,0,9,0.0,1,1,5.519726899144905,-0.2787425564070197,97,1,19.177565859961337,0.2349475791027885,22.270709291552695,-0.1895905322222197,19.738106977708803,-0.11077942458983756,23.229989668627248,-0.2796555095874064,17.86031471622714,-0.0009157699805846032,31.014398681145757,-0.1981738074340044,30.809157801170297,-0.1377836610379761,30.072332024151034,-0.11325513767750363,27.708760682082815,0.03299702376480131
1335,5.8500000000000005,true_threat,IDEAM,1,1401,1334,5.800000000000001,1,1,355.0529196752783,-203.052439747968,361.56818246444743,-204.58383233026572,-205.25,-0.6717153602318433,-0.3633593542890601,-0.09667385216467476,1,1,28.04306799105415,1.8634876476816231,0.8960650563240051,0.0,-0.007465125527232885,-0.00912037119269371,29.05494228221671,0.009059869375496242,1,0,1.5651592678220823,9.031025019301337,1.5690121667015475,latent_vehicle,,,1.5690121667015475,,0.8500000000000005,1318,ok,accepted,0,ok,0.3242182,0.0007533000025432557,0.32303670002147555,0.0,1,0.001408099999999024,0.01223229999999731,0,306.1828185191064,42.18988961213506,48.647430548047964,2.197560252031991,1,1,1,1,0,0,0,9,0.0,1,1,5.5257057848722475,-0.28182851646060797,98,1,19.188756289661683,0.2238085877989422,22.26229788082901,-0.16822821417069447,19.733762003345035,-0.08689947065278265,23.21702738988888,-0.2592456038037833,17.86028990710611,-0.0004961834359475437,31.00448426352203,-0.19828834835102863,30.803191754168175,-0.11932038262894187,30.067579050361363,-0.09505898380397619,27.710860670806575,0.04199977502398873
1336,5.9,true_threat,IDEAM,1,1397,1335,5.8500000000000005,1,1,356.45767544506543,-203.0555158271046,362.97232921008174,-204.59079960860242,-205.25,-0.6661676697342784,-0.3072359675239749,-0.12538787125747103,0,1,28.129986103310873,1.7383622451344394,0.8581252098083496,0.0,-0.007465125527232885,-0.00912037119269371,29.05494228221671,0.009003971194258371,1,0,1.5645502436692311,8.884499444644907,1.5661942417176669,latent_vehicle,,,1.5661942417176669,,0.9000000000000004,1318,ok,accepted,0,ok,0.3242182,0.0007533000025432557,0.32303670002147555,0.0,0,0.001408099999999024,0.008674400000000304,0,307.14259643062985,42.63486747039872,49.0917993821588,2.194484172895386,1,1,1,1,0,0,0,9,0.0,1,1,5.527189627172617,-0.2860691485724131,99,1,19.199359254266064,0.21205928790198864,22.254988917187294,-0.14617927257736402,19.730597678940526,-0.06328646883413075,23.205133677322987,-0.23787458940406472,17.860286080620185,-7.65299716326927e-05,30.994564119632198,-0.19840287043330457,30.798148868877412,-0.1008571541041525,30.063733974919195,-0.0769010468115034,27.71337264997359,0.05023958316246362
1337,5.95,true_threat,IDEAM,1,1400,1336,5.9,1,1,357.86664161492706,-203.0555844882835,364.37501152848233,-204.59898808971042,-205.25,-0.6592003913975759,-0.25495541030730173,-0.15133605711708834,1,1,28.209778501781702,1.5958479694165817,0.8171458840370178,0.0,-0.007369850296527147,-0.00900397077202797,28.449629119237503,0.008953109828484754,1,0,1.5582663922081679,8.749120482137629,1.5576666524879363,latent_vehicle,,,1.5576666524879363,,0.6499999999999995,1324,ok,accepted,1,ok,0.478281,0.0006984000210650265,0.4771720999851823,0.0,1,0.0014129999999994425,0.014576099999999315,0,308.1029236533222,43.083506417568,49.53415447786705,2.1944155117164996,1,1,1,1,0,0,0,9,0.0,1,1,5.524454042829254,-0.2914107275031216,100,1,19.209355679706352,0.19992850645546922,22.248782399615628,-0.12413035117514648,19.728602562766625,-0.03990230349475432,23.194365341774766,-0.21536693613442287,17.86030895792994,0.00045754661910346145,30.984651600567084,-0.19825036990761985,30.794013883851854,-0.08269917217781408,30.060772000280323,-0.05923907048843485,27.71626991709259,0.057945341834792954
1338,6.0,true_threat,IDEAM,1,1406,1337,5.95,1,1,359.2792382259834,-203.05227971839327,365.7763819658879,-204.60827565123043,-205.25,-0.6510119102895828,-0.20644887237815546,-0.174644808807506,0,1,28.281727200005715,1.4389739644802546,0.7741483449935913,0.0,-0.007369850296527147,-0.00900397077202797,28.449629119237503,0.008907616772277104,1,0,1.547040218557413,5.882386472651842,1.5441907934389654,latent_vehicle,,,1.5441907934389654,,0.6999999999999993,1324,ok,accepted,0,ok,0.478281,0.0006984000210650265,0.4771720999851823,0.0,0,0.0014129999999994425,0.010236900000002436,0,309.0636781220834,43.535348559863166,49.9747704465114,2.1977202816067347,1,1,1,1,0,0,0,9,0.0,1,1,5.518304445547721,-0.2978396876050018,101,1,19.21872649188346,0.1874162426213458,22.243691679060092,-0.10181441081035411,19.727753765595935,-0.01697592296089001,23.184758154810197,-0.19214361472753042,17.86035472449976,0.0009153322525628529,30.974760059282932,-0.1978308104267793,30.790769630560458,-0.06488457431313367,30.05868358632592,-0.0417679071891905,27.7195105113473,0.06481188488444127
