frame,time_s,condition,controller,hidden_visible,hidden_lidar_hits,lidar_frame,lidar_time_s,lidar_is_new,semantic_lidar_reveal_armed,ego_station_m,ego_local_y_m,hidden_station_m,hidden_local_y_m,hidden_reference_y_m,hidden_lateral_error_m,hidden_commanded_ay_mps2,hidden_road_lateral_velocity_mps,hidden_observation_submitted,hidden_aware_plan,ego_speed_mps,ego_accel_mps2,ego_throttle,ego_brake,ego_steer,commanded_ackermann_steer_rad,target_speed_mps,steer_limit_rad,steering_envelope_active,shield_active,minimum_clearance_m,minimum_ttc_s,minimum_oriented_clearance_m,minimum_oriented_clearance_actor_role,minimum_ttc_2d_s,minimum_ttc_2d_actor_role,hidden_oriented_clearance_m,hidden_ttc_2d_s,plan_age_s,plan_source_frame,plan_status,plan_rejection_reason,new_plan,latest_plan_status,planner_total_s,planner_decision_s,planner_mpc_s,planner_field_s,low_level_updated,low_level_time_s,physics_control_cycle_time_s,physics_control_deadline_miss,occluder_station_m,ego_pass_clearance_ahead_occluder_m,hidden_pass_clearance_ahead_occluder_m,ego_target_lane_error_m,ego_centre_lane_overlap,hidden_centre_lane_overlap,concurrent_centre_lane_overlap,hidden_center_geometric_visible_now,hidden_center_los_blocked,hidden_footprint_fully_blocked,hidden_footprint_blocked_sample_count,hidden_footprint_sample_count,hidden_footprint_blocked_sample_fraction,hidden_center_in_range,hidden_center_in_horizontal_fov,hidden_center_geometric_range_m,hidden_center_geometric_bearing_rad,hidden_center_geometric_clear_streak,hidden_center_geometric_reveal_confirmed,occluder_speed_mps,occluder_accel_mps2,lead_left_speed_mps,lead_left_accel_mps2,lead_centre_speed_mps,lead_centre_accel_mps2,lead_right_speed_mps,lead_right_accel_mps2,rear_centre_speed_mps,rear_centre_accel_mps2,follower_1_speed_mps,follower_1_accel_mps2,follower_2_speed_mps,follower_2_accel_mps2,follower_3_speed_mps,follower_3_accel_mps2,follower_4_speed_mps,follower_4_accel_mps2
1271,0.05,empty_shadow,ADA,0,0,1270,,0,0,180.70645676667561,-201.74956582402078,,,,,,,0,0,33.00170922078922,0.0,0.5812826752662659,0.0,-0.002437727991491556,-0.0029782464262098074,32.938562610334245,0.006541928698337154,0,0,3.897242689394248,14.671246457618222,3.897227061578185,rear_centre,,,,,0.05,1270,ok,accepted,1,ok,0.4137275,0.0007029999978840351,0.3801396999915596,0.03209299998707138,1,0.0011795000000027756,0.012089700000000647,0,195.79322472448607,-21.766979501847317,,3.5004341759792226,0,0,0,,,,,,,,,,,,0,19.4723637365151,0.37883764152632743,23.777907731391974,1.8646644057915602,21.596728660060393,0.8481213867247606,24.52584797127298,1.6989138372584913,17.667788732282492,-0.017928917142345745,31.96223825975561,0.09971591059082527,31.96225584445546,1.2404990128242086,31.161967778859694,1.2569180876601327,27.865985445601716,5.62976855340252
1272,0.1,empty_shadow,ADA,0,0,1271,0.05,1,0,182.35773228453462,-201.74894147209778,,,,,,,0,0,33.045852916311965,0.8828739104548333,0.576166570186615,0.0,-0.002437727991491556,-0.0029782464262098074,32.938562610334245,0.0065244630378534325,0,0,4.61560687325589,14.656168230052991,4.615641617767136,rear_centre,,,,,0.1,1270,ok,accepted,0,ok,0.4137275,0.0007029999978840351,0.3801396999915596,0.03209299998707138,0,0.0011795000000027756,0.008863500000000357,0,196.76740692684098,-21.08988618634322,,3.5010585279022166,0,0,0,,,,,,,,,,,,0,19.490117339147577,0.35507205223611443,23.84397452238929,1.3213358891412774,21.62161763746894,0.49777955257501055,24.591903281815426,1.321106212082802,17.669951674141334,0.04325883775591413,31.97084801575873,0.1721951244919285,32.009725640230315,0.9496394980512292,31.209588275392974,0.9526548637754471,28.1200404762418,5.081100612937249
1273,0.15000000000000002,empty_shadow,ADA,0,0,1272,0.1,1,0,184.0106556213818,-201.74793508828844,,,,,,,0,0,33.06853397852525,0.45362124426574724,0.5732309818267822,0.0,-0.0024647144600749016,-0.0030112166423350573,32.63856234841187,0.006515516356770507,0,0,5.3492597493816625,14.640505928999115,5.349476286512061,rear_centre,,,,,0.15000000000000002,1270,ok,accepted,0,ok,0.4137275,0.0007029999978840351,0.3801396999915596,0.03209299998707138,1,0.0015236000000022898,0.012192200000001208,0,197.74238259138633,-20.411938514041395,,3.5020649117115568,0,0,0,,,,,,,,,,,,0,19.506648331088265,0.33061983857167143,23.88819066777466,0.8843228890361566,21.632115666617306,0.20996058914697385,24.640906895999127,0.9800722853736515,17.67427373366331,0.08644119090914394,31.98027220770161,0.18848384463529574,32.046446237450475,0.7345948476946126,31.24583159774372,0.7250447895608747,28.324555938355857,4.0903092423849685
1274,0.2,empty_shadow,ADA,0,0,1273,0.15000000000000002,1,0,185.6630599824478,-201.74641008266437,,,,,,,0,0,33.04626360963822,-0.4454073777407075,0.5753657817840576,0.0,-0.0024647144600749016,-0.0030112166423350573,32.63856234841187,0.006524300873636089,0,0,6.091043924650357,14.66937672836862,6.091578792145564,rear_centre,,,,,0.2,1270,ok,accepted,0,ok,0.4137275,0.0007029999978840351,0.3801396999915596,0.03209299998707138,0,0.0015236000000022898,0.011654700000001128,0,198.71818222528773,-19.735333786876794,,3.5035899173356313,0,0,0,,,,,,,,,,,,0,19.521903305910815,0.30509949672593045,23.915149060714402,0.5391678298476068,21.630618378778667,-0.029945749247760896,24.67475662534052,0.6769945889868204,17.680045377372334,0.11543287458916254,31.986976518424267,0.13408622175346474,32.074869384988446,0.5685912286413082,31.27332296456653,0.5499474239104468,28.468116349986065,2.8712082326851607
1275,0.25,empty_shadow,ADA,0,0,1274,0.2,1,0,187.31430444137004,-201.744198827182,,,,,,,0,0,33.02385465178113,-0.4481791571417659,0.603611946105957,0.0,-0.002082390710711479,-0.0025441201869398355,32.33856521471191,0.00653315800012659,0,0,5.814387154667733,14.676896995991077,5.813269026175112,occluder,,,,,0.25,1270,ok,accepted,0,ok,0.4137275,0.0007029999978840351,0.3801396999915596,0.03209299998707138,1,0.001195299999999122,0.011802100000000593,0,199.69465325107421,-19.06056035374104,,3.5058011728179963,0,0,0,,,,,,,,,,,,0,19.535840302698993,0.2787399360117577,23.928416446256705,0.2653477590340288,21.61888816323927,-0.2346043015937632,24.695460908172702,0.41408565935178626,17.6867993064639,0.13507858227250916,31.987735622135144,0.015182082811034624,32.096439929500384,0.4314930181523214,31.293648324315715,0.4065797223350843,28.548490112785647,1.6074752561066445
1276,0.3,empty_shadow,ADA,0,0,1275,0.25,1,1,188.9682647043179,-201.7412237057317,,,,,,,0,0,33.11881913095097,1.8992895833967793,0.6169700622558594,0.0,-0.002082390710711479,-0.0025441201869398355,32.33856521471191,0.006495746582898296,0,0,5.1533054467148895,14.478828058516829,5.152079605269529,occluder,,,,,0.3,1270,ok,accepted,0,ok,0.4137275,0.0007029999978840351,0.3801396999915596,0.03209299998707138,0,0.001195299999999122,0.012724999999999653,0,200.67182618111673,-18.38377302083569,,3.5087762942683014,0,0,0,,,,,,,,,,,,0,19.5484230809327,0.25165556522889027,23.93054105012133,0.04249227805665599,21.59811902148868,-0.4153828247412609,24.70488894686028,0.1885607772120798,17.69430282412013,0.15007035355633339,31.980369421005772,-0.14732401354564512,32.11186287532292,0.3085047343658067,31.307619504974515,0.27946043041173513,28.572427333518007,0.4787444148861948
1277,0.35000000000000003,empty_shadow,ADA,0,0,1276,0.30000000000000004,1,1,190.62628351862384,-201.73740796629835,,,,,,,0,0,33.18492691078315,1.3221555966435972,0.5133253335952759,0.0,-0.001392957055941224,-0.0017018180806189775,32.0385745837303,0.006469892696466413,0,0,4.4937502632715125,14.314230389451877,4.492639100041789,occluder,,,,,0.35000000000000003,1270,ok,accepted,0,ok,0.4137275,0.0007029999978840351,0.3801396999915596,0.03209299998707138,1,0.0011777000000030569,0.01307870000000122,0,201.64957893990447,-17.7035069653175,,3.512592033701651,0,0,0,,,,,,,,,,,,0,19.559602049420743,0.2235793705060535,23.92323758998391,-0.14606880097570124,21.569146372511828,-0.5794529683669009,24.704616210349315,-0.005454726226637712,17.702483449508758,0.1636125081245652,31.964135957118586,-0.32466926893823667,32.12133229218886,0.18940841896881166,31.315527908281446,0.15818133192149061,28.55270534179579,-0.3944398340078963
1278,0.4,empty_shadow,ADA,0,0,1277,0.35000000000000003,1,1,192.28674340068744,-201.73259957277142,,,,,,,0,0,33.22234022520319,0.7482662884008562,0.43424442410469055,0.0,-0.001392957055941224,-0.0017018180806189775,32.0385745837303,0.006455329176751533,0,0,3.8399295830815032,14.182823272530971,3.839268006872906,occluder,,,,,0.4,1270,ok,accepted,0,ok,0.4137275,0.0007029999978840351,0.3801396999915596,0.03209299998707138,0,0.0011777000000030569,0.012101900000001109,0,202.6278810202719,-17.021349163621323,,3.51740042722858,0,0,0,,,,,,,,,,,,0,19.5693466911334,0.19489283494163362,23.907598988702414,-0.3127714039942202,21.532569124664615,-0.731544945398394,24.695928250703876,-0.17375918864192802,17.71136788741387,0.1776887584917353,31.93966084138366,-0.4895023068328153,32.12479453054084,0.06924968828333716,31.3173848289007,0.03713988574630924,28.50460962934669,-0.9619142481563294
1279,0.45,empty_shadow,ADA,0,0,1278,0.4,1,1,193.94824058363974,-201.7269210743521,,,,,,,0,0,33.236379475744044,0.28078501081708396,0.37573593854904175,0.0,-0.0004942462546750903,-0.0006038356805220246,31.738590333243025,0.006449876938560992,0,0,3.1976908778885984,14.076300574980618,3.1979861182530396,occluder,,,,,0.45,1270,ok,accepted,0,ok,0.4137275,0.0007029999978840351,0.3801396999915596,0.03209299998707138,1,0.0011823999999975854,0.01571660000000108,0,203.6065798239265,-16.338550784323616,,3.5230789256478943,0,0,0,,,,,,,,,,,,0,19.57761885810456,0.165443340207067,23.88430427734725,-0.4658934026513018,21.48887365130795,-0.8739094550180371,24.679811165066276,-0.322341708967367,17.721017171203304,0.19298567611910084,31.90858820874287,-0.6214526464230217,32.12209316254156,-0.05402764644237064,31.31308926944268,-0.08591081086554547,28.441974197129987,-1.2527086430806984
1280,0.5,empty_shadow,ADA,0,0,1279,0.45,1,1,195.60982900179238,-201.72031175862182,,,,,,,0,0,33.23201828220407,-0.08722387079941996,0.330690860748291,0.0,-0.0004942462546750903,-0.0006038356805220246,31.738590333243025,0.00645156989784355,0,0,2.577084541124475,13.987104683123482,2.579123197266174,occluder,,,,,0.5,1270,ok,accepted,0,ok,0.4137275,0.0007029999978840351,0.3801396999915596,0.03209299998707138,0,0.0011823999999975854,0.010765899999999107,0,204.58564484370265,-15.65602738594714,,3.5296882413781816,0,0,0,,,,,,,,,,,,0,19.584384218635716,0.13530721134217183,23.853782623532865,-0.6104320943858709,21.438519624363302,-1.0070805268517198,24.657020264229985,-0.455818013384988,17.7314484688166,0.20862595263713463,31.873061920252628,-0.7105257654976195,32.113098672674916,-0.1798864600045184,31.30254237548222,-0.21092949847721032,28.375285647938306,-1.3337709819771917
1281,0.55,empty_shadow,ADA,0,0,1280,0.5,1,1,197.27074574696894,-201.71286343857903,,,,,,,0,0,33.21338091189171,-0.37274740624724245,0.29305291175842285,0.0,0.0008549796766601503,0.0010445547522976995,31.439047007855475,0.0064588122012048405,0,0,1.9985988056621138,13.90919093048617,2.003630751232358,occluder,,,,,0.55,1270,ok,accepted,1,ok,0.4630951,0.0006729000015184283,0.4547825999907218,0.007200099993497133,1,0.0016260000000016817,0.012062600000000145,0,205.5650150392423,-14.97448083631022,,3.537136561420965,0,0,0,,,,,,,,,,,,0,19.589610346872078,0.10452256547017838,23.816360192255285,-0.7484475344736458,21.381962898970986,-1.1311344953168576,24.62814873288111,-0.5774306245503525,17.74262935506437,0.22361772533846083,31.83527733443702,-0.7556917139499162,32.09778090626273,-0.30634109859538816,31.285742739714767,-0.3359692431698422,28.31172705717053,-1.271171812860322
1282,0.6000000000000001,empty_shadow,ADA,0,0,1281,0.55,1,1,198.93031948974902,-201.70474418993078,,,,,,,0,0,33.18352768972465,-0.5970644433412531,0.2588618993759155,0.0,0.0008549796766601503,0.0010445547522976995,31.439047007855475,0.006470438313459687,0,0,1.5103098678566598,13.838278199107448,1.5202063124889351,occluder,,,,,0.6000000000000001,1270,ok,accepted,0,ok,0.4630951,0.0006729000015184283,0.4547825999907218,0.007200099993497133,0,0.0016260000000016817,0.009030899999999065,0,206.54462936498197,-14.294521419269813,,3.5452558100692215,0,0,0,,,,,,,,,,,,0,19.593264817844865,0.07308942017796545,23.772340258054193,-0.8803975355346437,21.319707019311448,-1.2451175827287344,24.593682944664923,-0.6893157630073533,17.754460646350044,0.23662582605035873,31.797090302100614,-0.7637406459654434,32.07623954158917,-0.4307967938517106,31.262795885859344,-0.45889367099204986,28.25541066886278,-1.1263277630739936
1283,0.6500000000000001,empty_shadow,ADA,0,0,1282,0.6000000000000001,1,1,200.5881229996799,-201.69599993479247,,,,,,,0,0,33.14458838614873,-0.7787860715183115,0.22524622082710266,0.0,0.001305231242440641,0.0015946407802402973,31.14241214819749,0.0064856501664206714,0,0,1.222596772011358,13.771640683732057,1.2386030945919408,occluder,,,,,0.6500000000000001,1270,ok,accepted,0,ok,0.4630951,0.0006729000015184283,0.4547825999907218,0.007200099993497133,1,0.0011748000000011416,0.010943600000000941,0,207.5243046998474,-13.616393244204346,,3.554000065207532,0,0,0,,,,,,,,,,,,0,19.595324744745557,0.04119853864822003,23.72206042990158,-1.0055954302178127,21.252280321218155,-1.3485339536826717,24.55404823855399,-0.7926941218815022,17.766784034360857,0.24646776059926664,31.759811172066733,-0.7455826007954376,32.048684966445244,-0.5510412978984945,31.233925658619803,-0.5773385728814631,28.2228312349305,-0.6515886750904188
1284,0.7000000000000001,empty_shadow,ADA,0,0,1283,0.65,1,1,202.24369857558105,-201.68681393478386,,,,,,,0,0,33.0979191441421,-0.9333848401327316,0.19097301363945007,0.0,0.001305231242440641,0.0015946407802402973,31.14241214819749,0.006503952540120661,0,0,1.2046424407501775,13.707806759073225,1.2190151417621167,occluder,,,,,0.7000000000000001,1270,ok,accepted,0,ok,0.4630951,0.0006729000015184283,0.4547825999907218,0.007200099993497133,0,0.0011748000000011416,0.00998339999999942,0,208.50416314017093,-12.940676108626747,,3.5631860652161436,0,0,0,,,,,,,,,,,,0,19.595771056661043,0.008926238851749091,23.665911715168615,-1.1229732180926661,21.180239750376142,-1.4408114110362067,24.509652786229406,-0.8879090471314289,17.779414504661595,0.2526094063592854,31.72412658998396,-0.713691641736254,32.01542296216093,-0.6651686685955731,31.19944554822296,-0.6895131513274709,28.192115280439104,-0.6143190860046663
1285,0.7500000000000001,empty_shadow,ADA,0,0,1284,0.7000000000000001,1,1,203.89677162172993,-201.67736938906006,,,,,,,0,0,33.0443455288247,-1.0714723063479425,0.15515553951263428,0.0,0.0013955096947029233,0.0017049367306753993,30.844529530150567,0.006525058288808432,0,0,1.2140579658627075,13.646194304393335,1.2233023418947355,occluder,,,,,0.7500000000000001,1270,ok,accepted,0,ok,0.4630951,0.0006729000015184283,0.4547825999907218,0.007200099993497133,1,0.001173699999998945,0.0132417000000018,0,209.48380796266537,-12.267247884972306,,3.572630610939939,0,0,0,,,,,,,,,,,,0,19.59458468026408,-0.023727527414903502,23.604334712194948,-1.2315390781917028,21.104147974729287,-1.5218355096420038,24.460878057211556,-0.9754945814748094,17.79214987992437,0.2547075056474623,31.69019105107077,-0.6787107773386367,31.976856572477796,-0.7712354842884627,31.159751026912435,-0.7937797676178902,28.249753441082813,1.1527632166506265
1286,0.8,empty_shadow,ADA,0,0,1285,0.75,1,1,205.54694543566094,-201.66774272690205,,,,,,,0,0,32.984317043314434,-1.2005697102053148,0.11798733472824097,0.0,0.0013955096947029233,0.0017049367306753993,30.844529530150567,0.006548829258350925,0,0,1.2236403486212453,13.586853258890905,1.228042766137461,occluder,,,,,0.8,1270,ok,accepted,0,ok,0.4630951,0.0006729000015184283,0.4547825999907218,0.007200099993497133,0,0.001173699999998945,0.010178299999999751,0,210.46345277995445,-11.596718888330372,,3.5822572730979516,0,0,0,,,,,,,,,,,,0,19.59175417038432,-0.05661019703680366,23.537829148095142,-1.3301104395509473,21.02378946408052,-1.6071702121277902,24.408120779869627,-1.0551455476873883,17.804808961648355,0.25318163488406714,31.65778330312108,-0.6481549560900579,31.933430760959247,-0.86840484668029,31.11529661568351,-0.8889588268364718,28.311814744373365,1.2412260690192003
1287,0.8500000000000001,empty_shadow,ADA,0,0,1286,0.8,1,1,207.19394542165165,-201.65811714746494,,,,,,,0,0,32.91809290901937,-1.3244826859012448,0.07943369448184967,0.0,0.0011610588990151882,0.001418501022271812,30.542097934375505,0.006575204681029098,0,0,1.2332217111235764,13.53017923610774,1.233270001933545,occluder,,,,,0.8500000000000001,1270,ok,accepted,0,ok,0.4630951,0.0006729000015184283,0.4547825999907218,0.007200099993497133,1,0.001173699999998945,0.011009000000001379,0,211.44291449178544,-10.929180614170662,,3.591882852535065,0,0,0,,,,,,,,,,,,0,19.587275712946358,-0.0895691483461024,23.466944335903754,-1.4176955458486096,20.938580569281747,-1.704177896865984,24.351775775883656,-1.1269000793568666,17.81722199574628,0.24826068186350597,31.626519968408385,-0.6252666886794663,31.88563046507147,-0.9558786997200737,31.066578692949456,-0.9742144537848084,28.342591714574795,0.6155394066941929
1288,0.9000000000000001,empty_shadow,ADA,0,0,1287,0.8500000000000001,1,1,208.83749694754187,-201.64856903838654,,,,,,,0,0,32.845841337710105,-1.4450314261853237,0.040131546556949615,0.0,0.0011610588990151882,0.001418501022271812,30.542097934375505,0.006604162842001718,0,0,1.2427256969641576,13.476698923580008,1.239010484625564,occluder,,,,,0.9000000000000001,1270,ok,accepted,0,ok,0.4630951,0.0006729000015184283,0.4547825999907218,0.007200099993497133,0,0.001173699999998945,0.01046609999999859,0,212.42210154542929,-10.264816141924285,,3.6014309616134597,0,0,0,,,,,,,,,,,,0,19.58115121524447,-0.12248995387447142,23.392248663057664,-1.4939129063507228,20.850211201573096,-1.7673873561488944,24.292245499120124,-1.1906055331779732,17.829265005474788,0.2408601950511831,31.596015762301413,-0.6100841133325089,31.833969134674167,-1.033087603781585,31.014110680132116,-1.0492065935144959,28.343284074303575,0.013847196657838571
1289,0.9500000000000001,empty_shadow,ADA,0,0,1288,0.9,1,1,210.47732541240367,-201.63926634003383,,,,,,,0,0,32.76774888124996,-1.5618491292029546,0.0024143196642398834,0.0,0.0011144002201035619,0.0013614967465400696,31.71885845106081,0.006635677654498211,0,0,1.2519844074191724,13.426956763494047,1.2451504562203473,occluder,,,,,0.55,1278,ok,accepted,1,ok,0.3931617,0.0007579000084660947,0.36684380000224337,0.025196700007654727,1,0.001241900000000129,0.010569300000000226,0,213.40089187058055,-9.603778002213744,,3.610733659966172,0,0,0,,,,,,,,,,,,0,19.57338067732227,-0.15541075861585696,23.31432386882572,-1.558495477696396,20.760190073946234,-1.8004225546151233,24.229924769986727,-1.246414578482116,17.84082544615438,0.2312088135883289,31.56604752504957,-0.5993647325099296,31.778962012139186,-1.0999963130701849,30.95841731030561,-1.113709384731174,28.31843894298923,-0.4969026247005345
1290,1.0,empty_shadow,ADA,0,0,1289,0.9500000000000001,1,1,212.1128815363005,-201.63031605131803,,,,,,,0,0,32.67891560739716,-1.7766654770559853,0.0,0.033125150948762894,0.0011144002201035619,0.0013614967465400696,31.71885845106081,0.006671802029302898,0,0,1.2609061231871408,13.388726132971785,1.251631335122818,occluder,,,,,0.6,1278,ok,accepted,0,ok,0.3931617,0.0007579000084660947,0.36684380000224337,0.025196700007654727,0,0.001241900000000129,0.012759200000001414,0,214.379224437292,-8.946554445028369,,3.619683948681967,0,0,0,,,,,,,,,,,,0,19.56397363605035,-0.18814082598062645,23.233766952179842,-1.6111380629222192,20.669537618686714,-1.8130491062673968,24.165217946112193,-1.2941364709844974,17.851834656745265,0.2201842115536398,31.53659999713965,-0.5889505420059229,31.721126129397412,-1.1565692642969347,30.90001936551519,-1.167801806262049,28.274423050201865,-0.8803178544470884
1291,1.05,empty_shadow,ADA,0,0,1290,1.0,1,1,213.74370757640875,-201.6217793635535,,,,,,,0,0,32.58018639905927,-1.9745841667577224,0.0,0.06188876926898956,0.0007054065936245024,0.0008618167485110462,31.419380323156354,0.006712297808918055,0,0,1.2693991249665544,13.36162847581028,1.2590724176689045,occluder,,,,,0.65,1278,ok,accepted,0,ok,0.3931617,0.0007579000084660947,0.36684380000224337,0.025196700007654727,1,0.0011791999999992697,0.012009700000000123,0,215.35712975272918,-8.293633720357292,,3.628220636446514,0,0,0,,,,,,,,,,,,0,19.552939626941296,-0.2206801827796264,23.15117491029885,-1.6518406790424234,20.579028218606204,-1.8101880003613084,24.098508405677453,-1.3341908003653173,17.86223350749455,0.20797701318495293,31.507865820561083,-0.5746835117358726,31.660978401551777,-1.2028086968120695,30.839427965814203,-1.2116768147626045,28.21758786931759,-1.1367036170029665
1292,1.1,empty_shadow,ADA,0,0,1291,1.05,1,1,215.36937627624866,-201.6136259049147,,,,,,,0,0,32.474089739123045,-2.121933198724548,0.0,0.08436554670333862,0.0007054065936245024,0.0008618167485110462,31.419380323156354,0.006756227852237384,0,0,1.2775091162465344,13.342915421435416,1.2682750195650763,occluder,,,,,0.7000000000000001,1278,ok,accepted,0,ok,0.3931617,0.0007579000084660947,0.36684380000224337,0.025196700007654727,0,0.0011791999999992697,0.014584899999999124,0,216.334394199063,-7.6452294668512195,,3.6363740950853014,0,0,0,,,,,,,,,,,,0,19.540311076670022,-0.25257100621714035,23.06712376067901,-1.6810229202594855,20.489316094285442,-1.794242481697543,24.030187155654104,-1.366424990871312,17.871978137787828,0.19489260507049147,31.48019403970685,-0.553435593916426,31.59902609823362,-1.2389071257065412,30.777156026378048,-1.245297815355703,28.153361714518724,-1.2845230957648737
1293,1.1500000000000001,empty_shadow,ADA,0,0,1292,1.1,1,1,216.98952146134184,-201.6059626118483,,,,,,,0,0,32.36239864530476,-2.233821876365738,0.0,0.10283051431179047,0.00018785959400702268,0.00022951379651203752,31.119798386892374,0.00680294190603847,0,0,1.2851291814020271,13.33094612238101,1.2768475033713078,occluder,,,,,0.7500000000000001,1278,ok,accepted,0,ok,0.3931617,0.0007579000084660947,0.36684380000224337,0.025196700007654727,1,0.001177399999999551,0.011386600000001579,0,217.3109567411408,-7.001646823835841,,3.644037388151702,0,0,0,,,,,,,,,,,,0,19.52611659556289,-0.283889622843103,22.98218761401278,-1.6987229207824646,20.400975356887816,-1.7668147390172413,23.96036482282151,-1.3964466465465364,17.881036123314257,0.1811597104975761,31.454009990963915,-0.523680950272428,31.535738248209213,-1.2656287072122188,30.71369157638021,-1.2691617012716112,28.08603421402429,-1.346550010193778
1294,1.2000000000000002,empty_shadow,ADA,0,0,1293,1.1500000000000001,1,1,218.6040210613828,-201.59878952599735,,,,,,,0,0,32.246358352510605,-2.3208058558830658,0.0,0.11817286908626556,0.00018785959400702268,0.00022951379651203752,31.119798386892374,0.006851989992342044,0,0,1.2922592892007287,13.324787103004391,1.2847700056338243,occluder,,,,,0.8000000000000002,1278,ok,accepted,0,ok,0.3931617,0.0007579000084660947,0.36684380000224337,0.025196700007654727,0,0.001177399999999551,0.013649099999998526,0,218.28678686138625,-6.362977344040303,,3.651210474002653,0,0,0,,,,,,,,,,,,0,19.510384793942208,-0.3146360326326498,22.896929137015118,-1.7051695594464635,20.314528620581644,-1.7289347120974536,23.889230234679044,-1.4226917526993539,17.889376946865884,0.16681647173817055,31.429725660304012,-0.4856865887953541,31.471610507492677,-1.282440124005526,30.649516854363856,-1.2833833290531467,28.01876775171652,-1.3453292466748612
1295,1.2500000000000002,empty_shadow,ADA,0,0,1294,1.2000000000000002,1,1,220.21260040256834,-201.59206096469435,,,,,,,0,0,32.12685571971712,-2.390052655869681,0.0,0.13114795088768005,-0.00036952769733034074,-0.00045146324555389583,30.820102320788447,0.006903058032979252,0,0,1.2989756815295834,13.324012491411448,1.292059957176964,occluder,,,,,0.8500000000000002,1278,ok,accepted,0,ok,0.3931617,0.0007579000084660947,0.36684380000224337,0.025196700007654727,1,0.0012174000000015894,0.014455099999999277,0,219.26176249990468,-5.729373641373201,,3.6579390353056453,0,0,0,,,,,,,,,,,,0,19.493138559376945,-0.34492469056622777,22.8118804799258,-1.7009731701356199,20.230464166361234,-1.6812890650140462,23.81772943670713,-1.4300159499689895,17.896973907041676,0.15193920456553112,31.407667203694107,-0.4411691093059813,31.407098426028032,-1.2901425069161867,30.585091170038837,-1.288420168397635,27.953704281021484,-1.3012694141912815
1296,1.3,empty_shadow,ADA,0,0,1295,1.25,1,1,221.81513739897682,-201.58573119321787,,,,,,,0,0,32.00464334863037,-2.4442474217350707,0.0,0.14172959327697754,-0.00036952769733034074,-0.00045146324555389583,30.820102320788447,0.006955876786355655,0,0,1.3053546523295267,13.328376748329715,1.2987894520642718,occluder,,,,,0.9,1278,ok,accepted,0,ok,0.3931617,0.0007579000084660947,0.36684380000224337,0.025196700007654727,0,0.0012174000000015894,0.013174600000002812,0,220.23576159680147,-5.100835741861516,,3.6642688067821325,0,0,0,,,,,,,,,,,,0,19.473628303274413,-0.39020511989444123,22.727568070894183,-1.6862481973410242,20.148383358810584,-1.6416161258057007,23.746682589844227,-1.420936929337368,17.90380983630144,0.1367185863873606,31.38805968782779,-0.39215029706489596,31.34264989053897,-1.2888882422480956,30.520856649967293,-1.2846148686036492,27.892135076945582,-1.2313840807298684
1297,1.35,empty_shadow,ADA,0,0,1296,1.3,1,1,223.4115099542759,-201.57972395927013,,,,,,,0,0,31.880373310719136,-2.485400758224614,0.0,0.15019012987613678,-0.0008922155830077827,-0.00109004694968462,30.534199403154613,0.007010208869161173,0,0,1.311411408334834,13.337727304754267,1.3049342948878149,occluder,,,,,0.9500000000000001,1278,ok,accepted,0,ok,0.3931617,0.0007579000084660947,0.36684380000224337,0.025196700007654727,1,0.001402999999999821,0.012424000000002877,0,221.20881464883144,-4.477516238592386,,3.670276040729874,0,0,0,,,,,,,,,,,,0,19.4522412140669,-0.42774178083328546,22.64448400612916,-1.6616812845244398,20.06757093706072,-1.6162484074237022,23.67609732259346,-1.411705338278677,17.909873291182766,0.12126909862621461,31.37096796151376,-0.34183450985018304,31.278687989085114,-1.2791722576284414,30.457238265142436,-1.2723095368985644,27.834701009542755,-1.1486813449231197
1298,1.4000000000000001,empty_shadow,ADA,0,0,1297,1.35,1,1,225.0016570020806,-201.57394773094367,,,,,,,0,0,31.7546691728107,-2.514082758168712,0.0,0.1563279926776886,-0.0008922155830077827,-0.00109004694968462,30.534199403154613,0.007065818151076289,0,0,1.3172528131165961,13.35195627110422,1.3106097530010843,occluder,,,,,1.0,1278,ok,accepted,0,ok,0.3931617,0.0007579000084660947,0.36684380000224337,0.025196700007654727,0,0.001402999999999821,0.009806300000001045,0,222.18070803816553,-3.8592625801217935,,3.6760522690563278,0,0,0,,,,,,,,,,,,0,19.429324429831375,-0.45833568017864873,22.563107030497783,-1.6275394630911435,19.98848466330998,-1.5817254466504298,23.60600224603291,-1.401901526144714,17.915150919130046,0.1055525597847307,31.356342432468754,-0.29251056906180933,31.215611022584415,-1.2614895107630508,30.394641941080735,-1.2518842713589273,27.78157373959105,-1.0625453922293764
1299,1.4500000000000002,empty_shadow,ADA,0,0,1298,1.4000000000000001,1,1,226.58548684391099,-201.56797529340193,,,,,,,0,0,31.62833699498918,-2.5266435564304146,0.0,0.15896980464458466,-0.004207542631775141,-0.005140482913702726,31.1836299790001,0.007122374573322674,0,0,1.323275553524212,13.370640355516462,1.3156894932563947,occluder,,,,,0.6500000000000001,1286,ok,accepted,1,ok,0.5116773,0.0007637999951839447,0.48408190000918694,0.026498799998080358,1,0.0013226999999993438,0.011978300000002662,0,223.1514722719693,-3.2461969720951913,,3.682024706598071,0,0,0,,,,,,,,,,,,0,19.405104924677822,-0.4843900977903166,22.483881556331237,-1.5845093885426709,19.91173298247789,-1.53503358794319,23.53669681400477,-1.3861086370612405,17.91964462933738,0.0898742045610127,31.344041956679934,-0.24600950817975603,31.153823051300634,-1.2357240072774027,30.33346029796344,-1.223604514515591,27.732636917702084,-0.9787364264204951
1300,1.5000000000000002,empty_shadow,ADA,0,0,1299,1.4500000000000002,1,1,228.16302994008404,-201.5616387895642,,,,,,,0,0,31.502272635105722,-2.521287197669153,0.0,0.15811298787593842,-0.004207542631775141,-0.005140482913702726,31.1836299790001,0.007179490664730983,0,0,1.3296780666794632,13.393187349154667,1.32020552196821,occluder,,,,,0.7000000000000002,1286,ok,accepted,0,ok,0.5116773,0.0007637999951839447,0.48408190000918694,0.026498799998080358,0,0.0013226999999993438,0.011906499999998488,0,224.12092425519546,-2.6381058591482827,,3.688361210435801,0,0,0,,,,,,,,,,,,0,19.379744824916543,-0.5072019885263083,22.407240550435503,-1.5328199784434298,19.83783469115026,-1.477965800667665,23.468516719885073,-1.3636018802233192,17.92336395830113,0.07438657938444661,31.333881520367086,-0.20320872247298458,31.09368621770347,-1.2027135594987854,30.274044056687078,-1.1883077625222254,27.687631143131313,-0.9001154754832054
1301,1.55,empty_shadow,ADA,0,0,1300,1.5,1,1,229.7343472528771,-201.55472457557448,,,,,,,0,0,31.377247934031303,-2.500494021488393,0.0,0.15436063706874847,-0.004099256359040737,-0.005008186213672161,30.883197604645407,0.007236816960462459,0,0,1.3366434580403848,13.419151665047469,1.3245831019076533,occluder,,,,,0.75,1286,ok,accepted,0,ok,0.5116773,0.0007637999951839447,0.48408190000918694,0.026498799998080358,1,0.001202700000000334,0.013300199999999762,0,225.0891250125859,-2.034989303745675,,3.6952754244255175,0,0,0,,,,,,,,,,,,0,19.353385272726754,-0.5271910371645145,22.333586462875967,-1.4730815709881016,19.767264720381956,-1.4113993922605879,23.401772862031052,-1.3348771561024468,17.92632607199879,0.059242273874510004,31.32565131543767,-0.16460409735984277,31.03554937455798,-1.162723542148591,30.216738290129772,-1.146106690722832,27.646253147758152,-0.8275598867334625
1302,1.6,empty_shadow,ADA,0,0,1301,1.55,1,1,231.29943873023623,-201.54708006355102,,,,,,,0,0,31.253984919748305,-2.4652602856599515,0.0,0.14771725237369537,-0.004099256359040737,-0.005008186213672161,30.883197604645407,0.007294010265331609,0,0,1.3443548747082446,13.448125754678156,1.3291809237976544,occluder,,,,,0.8,1286,ok,accepted,0,ok,0.5116773,0.0007637999951839447,0.48408190000918694,0.026498799998080358,0,0.001202700000000334,0.010793499999998346,0,226.05595248424603,-1.4367252980466674,,3.7029199364489784,0,0,0,,,,,,,,,,,,0,19.326154061940855,-0.5446242082544587,22.26329122503455,-1.4059045454806864,19.700436962310448,-1.3365551439999366,23.33677995171372,-1.2998582059141635,17.928551951054146,0.0445175809572745,31.319172050995736,-0.12958528893245866,30.979725194917417,-1.1164773712013005,30.161861432702377,-1.097534039710767,27.608216828224457,-0.7607263664411296
1303,1.6500000000000001,empty_shadow,ADA,0,0,1302,1.6,1,1,232.85845691319471,-201.5385678723464,,,,,,,0,0,31.13312701370238,-2.4171581209184723,0.0,0.13864019513130188,-0.0031846186611801386,-0.003890745574608445,30.59190701993712,0.007350748425141127,0,0,1.3529039110551366,13.479713453987355,1.3343709867514766,occluder,,,,,0.8500000000000001,1286,ok,accepted,0,ok,0.5116773,0.0007637999951839447,0.48408190000918694,0.026498799998080358,1,0.0012351999999999919,0.014156599999999742,0,227.02143717213602,-0.8431918029781684,,3.711432127653609,0,0,0,,,,,,,,,,,,0,19.29817326106761,-0.5596160113528272,22.19669625175501,-1.3318992320241767,19.637727164216603,-1.2541959504383708,23.27382981381415,-1.2590027579758725,17.930075926096585,0.03047950076731536,31.314294953554906,-0.09754194893935997,30.926513069223727,-1.0642406714931285,30.10970147738292,-1.0431987461066279,27.57329139512178,-0.69850863541424
1304,1.7000000000000002,empty_shadow,ADA,0,0,1303,1.6500000000000001,1,1,234.41152376795017,-201.52888278455396,,,,,,,0,0,31.015268642442827,-2.3571674251910935,0.0,0.12713821232318878,-0.0031846186611801386,-0.003890745574608445,30.59190701993712,0.007406718385405419,0,0,1.3626568821050569,13.513568168048092,1.3406708479671705,occluder,,,,,0.9000000000000001,1286,ok,accepted,0,ok,0.5116773,0.0007637999951839447,0.48408190000918694,0.026498799998080358,0,0.0012351999999999919,0.011578300000000041,0,227.9853959916193,-0.2540837677059926,,3.721117215446043,0,0,0,,,,,,,,,,,,0,19.26956303447114,-0.5722045260156478,22.1341238829718,-1.2514471316946927,19.579478650267188,-1.164970272062061,23.213214272522556,-1.2123108259528455,17.930930423523986,0.017089948544268548,31.31088841687617,-0.06813073249066123,30.87618765539207,-1.0065082519608313,30.06051404805954,-0.9837484879420557,27.541356684137142,-0.6386941929534473
1305,1.7500000000000002,empty_shadow,ADA,0,0,1304,1.7000000000000002,1,1,235.9587918823843,-201.51802474811984,,,,,,,0,0,30.90096084128058,-2.2861560232449563,0.0,0.11361375451087952,-0.0017135904636234045,-0.002093545626848936,30.330642253459267,0.007461615077551403,0,0,1.4127865964516777,13.54932753987907,1.3905577592050842,occluder,,,,,0.9500000000000002,1286,ok,accepted,0,ok,0.5116773,0.0007637999951839447,0.48408190000918694,0.026498799998080358,1,0.0014013999999988869,0.011455600000001454,0,228.9480730728959,0.33050726545153,,3.731975251880158,0,0,0,,,,,,,,,,,,0,19.240449266060164,-0.5822753641486186,22.075854498844237,-1.1653874342102999,19.52599468662932,-1.0696792709442997,23.155213707327015,-1.1600113039408566,17.93115549727809,0.0045014751930221525,31.3088589807537,-0.040588719090790516,30.82898361272008,-0.9440803812924641,30.01453766723017,-0.91952569814313,27.5123535671655,-0.58006231390362
1306,1.8,empty_shadow,ADA,0,0,1305,1.75,1,1,237.50050535025946,-201.50585635066423,,,,,,,0,0,30.790689086748273,-2.2054350906461195,0.0,0.09808138757944107,-0.0017135904636234045,-0.002093545626848936,30.330642253459267,0.007515153848960863,0,0,1.6584642908180667,13.586645073908096,1.6409612453460491,occluder,,,,,1.0,1286,ok,accepted,0,ok,0.5116773,0.0007637999951839447,0.48408190000918694,0.026498799998080358,0,0.0014013999999988869,0.012693399999999855,0,229.9092242701497,0.9110695360728869,,3.7441436493357685,0,0,0,,,,,,,,,,,,0,19.2109463958016,-0.5900574045366711,22.02213795609546,-1.0743306185457706,19.47754802516136,-0.9689332306249732,23.10008179661654,-1.1026382140107114,17.930795016150647,-0.007209622308902964,31.308128444905833,-0.014610710675770274,30.785116581090303,-0.8773378566807378,29.971976563679316,-0.8512167491133448,27.48630302376523,-0.5210108456332315
1307,1.85,empty_shadow,ADA,0,0,1306,1.8,1,1,239.03678647091812,-201.49304893722373,,,,,,,0,0,30.68503772517632,-2.1130272314390908,0.0,0.08029220998287201,0.005544920451939106,0.006774398498237133,30.51028208352334,0.007566991677567421,0,0,2.041969144350995,13.625030892896742,2.0300886592928125,occluder,,,,,0.55,1296,ok,accepted,1,ok,0.3964358,0.0007084000098984689,0.3612935999990441,0.034070399997290224,1,0.0012724999999988995,0.01558819999999983,0,230.8688495937914,1.4877253330898554,,3.756951062776267,0,0,0,,,,,,,,,,,,0,19.181178402034114,-0.5953598775263481,21.97318978305882,-0.9789632423772759,19.434373269822707,-0.8634951095377907,23.048079846272472,-1.0400390063743945,17.92989666363123,-0.017967050015679227,31.30861860850723,0.009803281680150265,30.744777437292655,-0.8067764180256422,29.933006386513387,-0.7793937749930324,27.463258459542,-0.4608912657937209
1308,1.9000000000000001,empty_shadow,ADA,0,0,1307,1.85,1,1,240.56800153856267,-201.4798465234798,,,,,,,0,0,30.584514311123883,-2.010468281048716,0.0,0.06041787564754486,0.005544920451939106,0.006774398498237133,30.51028208352334,0.007616813002459825,0,0,2.4980763942216213,13.66382350148263,2.490930640317039,occluder,,,,,0.6000000000000001,1296,ok,accepted,0,ok,0.3964358,0.0007084000098984689,0.3612935999990441,0.034070399997290224,0,0.0012724999999988995,0.009735799999997852,0,231.82701006856294,2.060779925962862,,3.7701534765201927,0,0,0,,,,,,,,,,,,0,19.151263539423272,-0.5982972587132407,21.92919499077407,-0.8798956505098604,19.39657723145736,-0.7559207700689433,22.99944627470583,-0.9726714304852381,17.9285043071458,-0.02784712926973346,31.31023982627931,0.03242436883392369,30.708115121945582,-0.7332353014002857,29.897772281966844,-0.7046673710332535,27.443290446432755,-0.3993602472736989
1309,1.9500000000000002,empty_shadow,ADA,0,0,1308,1.9000000000000001,1,1,242.09436423869226,-201.46643214201507,,,,,,,0,0,30.489515790994304,-1.8999704025915776,0.0,0.03905290365219116,0.006234446074813604,0.007616812828928232,30.238343590115736,0.0076643496666626044,1,0,2.9918631019318487,13.702727200155072,2.9881531523925307,occluder,,,,,0.6500000000000001,1296,ok,accepted,0,ok,0.3964358,0.0007084000098984689,0.3612935999990441,0.034070399997290224,1,0.0012222000000008393,0.009788600000000258,0,232.78367518729877,2.6304775073566304,,3.7835678579849343,0,0,0,,,,,,,,,,,,0,19.12131243491065,-0.5990221001135282,21.89030235124163,-0.7778526211383845,19.364117949854048,-0.6491856329562856,22.954415685018983,-0.9006117926504214,17.926667539373405,-0.03673535486603875,31.312879565697752,0.05279480523655763,30.675249977380208,-0.6572869788049143,29.866392697165566,-0.6275720302802575,27.426475277405487,-0.33630336979185915
1310,2.0,empty_shadow,ADA,0,0,1309,1.9500000000000002,1,1,243.61611882123086,-201.453126144095,,,,,,,0,0,30.400392613584778,-1.7824635481905204,0.0,0.016228023916482925,0.006234446074813604,0.007616812828928232,30.238343590115736,0.007709352074342279,1,0,3.505902857457012,13.741411098490254,3.5044841267050058,occluder,,,,,0.7,1296,ok,accepted,0,ok,0.3964358,0.0007084000098984689,0.3612935999990441,0.034070399997290224,0,0.0012222000000008393,0.008239100000000832,0,233.73884494479347,3.1970623324005203,,3.7968738559050053,0,0,0,,,,,,,,,,,,0,19.091443343204798,-0.5973818493349422,21.856620581060504,-0.673635261938359,19.336863818351095,-0.5450826277293509,22.91319597872341,-0.8243941245338228,17.92443404376758,-0.04466991143988235,31.316408127096388,0.07057124839176142,30.64628327389571,-0.5793133677736464,29.83894792338024,-0.5488713175515466,27.412870172322652,-0.2721020947650029
1311,2.05,empty_shadow,ADA,0,0,1310,2.0,1,1,245.1336011512961,-201.44043195521078,,,,,,,0,0,30.31616358330111,-1.6845806056733892,0.007619090378284454,0.0,0.006310190539807081,0.007709352299571037,29.996195296511427,0.0077522484871011274,1,0,4.031259962315193,13.781529233297707,4.031215184230313,occluder,,,,,0.7499999999999998,1296,ok,accepted,0,ok,0.3964358,0.0007084000098984689,0.3612935999990441,0.034070399997290224,1,0.0011831999999998288,0.011019499999999738,0,234.6925193254309,3.7608702818283177,,3.8095680447892164,0,0,0,,,,,,,,,,,,0,19.061766889982405,-0.593529084226419,21.82816875351375,-0.5690364344959389,19.3146412687261,-0.4444509859246957,22.875989334555015,-0.7441328817816314,17.921855318587802,-0.05157450285048168,31.32067292348089,0.08529595109464197,30.62127240030279,-0.500192495038444,29.81549915535342,-0.4689474918959926,27.40250183459719,-0.20736675044885358
1312,2.1,empty_shadow,ADA,0,0,1311,2.0500000000000003,1,1,246.64696395731525,-201.42876151058925,,,,,,,0,0,30.234207090511205,-1.6391298557980605,0.03355009853839874,0.0,0.006310190539807081,0.007709352299571037,29.996195296511427,0.007794332112603329,1,0,4.563000874094993,13.827234950924462,4.563615081082718,occluder,,,,,0.8,1296,ok,accepted,0,ok,0.3964358,0.0007084000098984689,0.3612935999990441,0.034070399997290224,0,0.0011831999999998288,0.00820410000000038,0,235.64469832400567,4.3220540892727115,,3.821238489410746,0,0,0,,,,,,,,,,,,0,19.03239370496879,-0.5874637200278034,21.80481907241844,-0.466993531748565,19.29726719522726,-0.34748145825163124,22.842975042473437,-0.6602858400531288,17.918977140054363,-0.05756356986715639,31.325504201248464,0.09662558133322036,30.600253744294964,-0.4203446940173569,29.79605606542399,-0.3888312669577601,27.39536644900706,-0.1427077099887715
1313,2.15,empty_shadow,ADA,0,0,1312,2.1,1,1,248.15632943972844,-201.41849623829165,,,,,,,0,0,30.1547354575534,-1.5894326591561025,0.06362862139940262,0.0,0.006173914764076471,0.007542859762907028,29.78397623305922,0.00783546788856141,1,0,5.0982208889691485,13.878003348527761,5.0989381410644175,occluder,,,,,0.8499999999999999,1296,ok,accepted,0,ok,0.3964358,0.0007084000098984689,0.3612935999990441,0.034070399997290224,1,0.0011876999999991256,0.013082100000001873,0,236.59544299649204,4.8806748991995335,,3.8315037617083476,0,0,0,,,,,,,,,,,,0,19.003430601681792,-0.5792620823069516,21.78636935601423,-0.3689942630014161,19.28455849926219,-0.2541739046432886,22.814315227648866,-0.57319629485778,17.915847185998857,-0.06259908067867864,31.33075509744632,0.10501795005149893,30.58322933722452,-0.3404573286758437,29.78062257299875,-0.30863785593095217,27.39142777669419,-0.07877344569361466
1314,2.1999999999999997,empty_shadow,ADA,0,0,1313,2.15,1,1,249.66188087577157,-201.4101396158631,,,,,,,0,0,30.078573779634556,-1.523233558376873,0.09741150587797165,0.0,0.006173914764076471,0.007542859762907028,29.78397623305922,0.007875196718262714,1,0,5.635203508807531,13.932238481597652,5.63559123993902,occluder,,,,,0.8999999999999997,1296,ok,accepted,0,ok,0.3964358,0.0007084000098984689,0.3612935999990441,0.034070399997290224,0,0.0011876999999991256,0.010262799999999572,0,237.54475334288998,5.436915988844731,,3.839860384136898,0,0,0,,,,,,,,,,,,0,18.974974854259848,-0.5691149625241795,21.772594537871917,-0.2754963183187244,19.27635496218024,-0.16407072392402108,22.790095720570527,-0.4843901399734184,17.91251122922973,-0.06671913566831962,31.336267302422304,0.1102441248128378,30.570172568536623,-0.2611033472390046,29.769156784471406,-0.22928353172742824,27.390611430712834,-0.016326919700363412
1315,2.25,empty_shadow,ADA,0,0,1314,2.2,1,1,251.1637098546114,-201.40379842358848,,,,,,,0,0,30.006424220619245,-1.4429911803062367,0.1318070888519287,0.0,0.0045098913833498955,0.005509871523827314,29.60168479119589,0.007913112024408227,0,0,6.172908297860108,13.988444501522658,6.172661394226641,occluder,,,,,0.95,1296,ok,accepted,0,ok,0.3964358,0.0007084000098984689,0.3612935999990441,0.034070399997290224,1,0.0012438999999986322,0.010630100000000198,0,238.49262937361027,5.990868936964262,,3.8462015764115165,0,0,0,,,,,,,,,,,,0,18.947131366526808,-0.5568697666970328,21.763260012604192,-0.18669047880663106,19.2725059054136,-0.07698111678306012,22.770312705786406,-0.39566029432142535,17.90901695486253,-0.0698854885247154,31.341903487622247,0.11272372723017154,30.56102437098654,-0.18293191086126198,29.761591977045615,-0.15126481268840802,27.392808693006582,0.043945245823530064
1316,2.3,empty_shadow,ADA,0,0,1315,2.25,1,1,252.66209112292677,-201.39973196716977,,,,,,,0,0,29.938627902361667,-1.3559263651515607,0.16501669585704803,0.0,0.0045098913833498955,0.005509871523827314,29.60168479119589,0.007948989735427925,0,0,6.710667055821844,14.045688378091391,6.709578479299379,occluder,,,,,0.9999999999999998,1296,ok,accepted,0,ok,0.3964358,0.0007084000098984689,0.3612935999990441,0.034070399997290224,0,0.0012438999999986322,0.009476899999999233,0,239.43919313813677,6.54268644075313,,3.850268032830229,0,0,0,,,,,,,,,,,,0,18.919991689560415,-0.5427935511513845,21.75817313792832,-0.1017374807147501,19.2728911644387,0.007705199705635789,22.75489561197469,-0.3083418749994771,17.905410146435205,-0.07213616953757258,31.347530139265807,0.11253305284287375,30.55568940362805,-0.10666839544413119,29.757832787322926,-0.07515438202985074,27.397866975985455,0.10116565995498102
1317,2.35,empty_shadow,ADA,0,0,1316,2.3000000000000003,1,1,254.1571467770499,-201.3980164989047,,,,,,,0,0,29.875471254605618,-1.2631329551209802,0.19680848717689514,0.0,0.0022804364562034607,0.0027860787231475115,29.449317377303554,0.007982632109305625,0,0,7.2481459684037155,14.10318257218114,7.246121323173103,occluder,,,,,1.05,1296,ok,accepted,1,ok,0.5125248,0.0011434000043664128,0.4781018999929074,0.0329230000206735,1,0.0015311000000011177,0.01361789999999985,0,240.38438361172757,7.092551621285452,,3.8519835010953045,0,0,0,,,,,,,,,,,,0,18.893645470434546,-0.5269243924052496,21.757137457070463,-0.02071361359831678,19.277388670411042,0.08995013702254888,22.743758607667207,-0.22274008520338584,17.901728951540182,-0.07362389830543699,31.353032817062648,0.11005356971888354,30.5540742038229,-0.03227508069315824,29.757764751360074,-0.0013340675865717345,27.405635598929724,0.15537246001617402
1318,2.4,empty_shadow,ADA,0,0,1317,2.35,1,1,255.64921251552607,-201.39866716306292,,,,,,,0,0,29.8169677583191,-1.170069925730317,0.22705592215061188,0.0,0.0022804364562034607,0.0027860787231475115,29.449317377303554,0.008013986744360201,0,0,7.7852244980401615,14.160508140854938,7.782242294663522,occluder,,,,,1.0999999999999999,1296,ok,accepted,0,ok,0.5125248,0.0011434000043664128,0.4781018999929074,0.0329230000206735,0,0.0015311000000011177,0.011266900000002522,0,241.3282923471117,7.64070862437751,,3.8513328369370754,0,0,0,,,,,,,,,,,,0,18.868178539802937,-0.5093386207835061,21.759998476296612,0.05722038360886554,19.285901148795237,0.17024958258368242,22.736787253185497,-0.13942708874745732,17.898009610810526,-0.0743868143529077,31.358321875551383,0.10578118153682992,30.55604141744554,0.03937036532397867,29.761244772430807,0.06962377374135298,27.415918104700033,0.20565011758806365
1319,2.45,empty_shadow,ADA,0,0,1318,2.4000000000000004,1,1,257.13847118354397,-201.400920957771,,,,,,,0,0,29.76325369115037,-1.074281343374608,0.2558324337005615,0.0,-0.005904675927013159,-0.007768471259623766,29.21924608670736,0.008042937457269826,1,0,8.321899682896026,14.217304031979193,8.318218894294601,occluder,,,,,0.75,1304,ok,accepted,0,ok,0.5125248,0.0011434000043664128,0.4781018999929074,0.0329230000206735,1,0.0016938999999993598,0.010779299999999381,0,242.27098037944188,8.187279260065225,,3.8490790422289933,0,0,0,,,,,,,,,,,,0,18.84367100635304,-0.49015067558341296,21.76662458859794,0.1325222444171048,19.298310345034036,0.248183935730493,22.733870920859733,-0.05832664592442776,17.894288363826696,-0.07442493898504483,31.36331720752947,0.09990664675608311,30.56142124531884,0.1076193076877398,29.76810685383908,0.13726131606358824,27.428519945186274,0.25203681283207874
1320,2.5,empty_shadow,ADA,0,0,1319,2.45,1,1,258.6252278163215,-201.40436579164052,,,,,,,0,0,29.7141522466538,-0.9820288899314278,0.2831783890724182,0.0,-0.006358580198138952,-0.007768471259623766,29.21924608670736,0.008069539529486976,1,0,8.85829733890964,14.273262730150405,8.854346040360024,occluder,,,,,0.7999999999999998,1304,ok,accepted,0,ok,0.5125248,0.0011434000043664128,0.4781018999929074,0.0329230000206735,0,0.0016938999999993598,0.009716499999999684,0,243.21247823670518,8.732538035579466,,3.8456342083594848,0,0,0,,,,,,,,,,,,0,18.820199164112214,-0.46943685001043006,21.77687465154977,0.20500126002899613,19.314467485900735,0.32314282438466607,22.734904706586086,0.020675714885113106,17.890599543177515,-0.0737764121213684,31.367944425933867,0.09254437221745829,30.570055320331637,0.1727005761683813,29.778177360713627,0.20142605896318752,27.443214146051677,0.29388402134831604
1321,2.55,empty_shadow,ADA,0,0,1320,2.5,1,1,260.1096654360307,-201.40875746159594,,,,,,,0,0,29.669568801011415,-0.8916689128476918,0.3091982305049896,0.0,-0.006605008151382208,-0.008069539442658424,29.068334976214988,0.008093808333971459,1,0,9.394417379161073,14.328437637963196,9.390602510980527,occluder,,,,,0.8499999999999996,1304,ok,accepted,0,ok,0.5125248,0.0011434000043664128,0.4781018999929074,0.0329230000206735,1,0.0015895000000014647,0.01444980000000129,0,244.15281641565645,9.276637476337385,,3.8412425384040603,0,0,0,,,,,,,,,,,,0,18.797829769633267,-0.4473878939737709,21.790607523757007,0.2746574499105399,19.334204724708915,0.3947447796981064,22.739795151585167,0.09780890029572628,17.8869774815421,-0.07244123240325771,31.372146311059126,0.08403770365061798,30.581739491806097,0.23369877730705133,29.79125404545127,0.26154594269441434,27.459773732542544,0.3311917348721448
1322,2.6,empty_shadow,ADA,0,0,1321,2.5500000000000003,1,1,261.59199751474955,-201.41365338990477,,,,,,,0,0,29.629384194425977,-0.8036921317087575,0.3341153860092163,0.0,-0.006605008151382208,-0.008069539442658424,29.068334976214988,0.008115776579148,1,0,9.93030645559749,14.382857897404834,9.926995485069499,occluder,,,,,0.8999999999999999,1304,ok,accepted,0,ok,0.5125248,0.0011434000043664128,0.4781018999929074,0.0329230000206735,0,0.0015895000000014647,0.011178199999999805,0,245.0920864794355,9.819699491277191,,3.8363466100952337,0,0,0,,,,,,,,,,,,0,18.776625765646212,-0.4240800833805166,21.807662988501377,0.3411093068287605,19.35730843674794,0.4620742423350801,22.748443072317087,0.17295841477445315,17.883446972220536,-0.07061018562537207,31.37585991951985,0.07427216914019602,30.596263885525833,0.29049961753683884,29.80711558975191,0.3172397929955497,27.47796791621708,0.3638836792742429
1323,2.65,empty_shadow,ADA,0,0,1322,2.6,1,1,263.07243747770787,-201.41847366974096,,,,,,,0,0,29.593455140161325,-0.718581085293053,0.35815733671188354,0.0,-0.00664285384118557,-0.008115776814520359,28.947467705859466,0.008135494204324595,1,0,10.466041531058027,14.436466776950352,10.463557364843092,occluder,,,,,0.9499999999999997,1304,ok,accepted,0,ok,0.5125248,0.0011434000043664128,0.4781018999929074,0.0329230000206735,1,0.0012028999999991186,0.014500000000001734,0,246.03037998077133,10.361845952899671,,3.831526330259038,0,0,0,,,,,,,,,,,,0,18.756652002912368,-0.39947525732997285,21.82784840605287,0.40370836930612625,19.383540205178335,0.5246353680973838,22.76073021454917,0.24574284475289984,17.880040444354407,-0.06813055708470928,31.379029938354755,0.06340037654485088,30.613405278957824,0.34283632669419595,29.82553114579255,0.36831710813936125,27.497560186042445,0.39184540287116254
1324,2.7,empty_shadow,ADA,0,0,1323,2.6500000000000004,1,1,264.5511987449298,-201.42262313549026,,,,,,,0,0,29.56165629266899,-0.6359769498467216,0.3814590275287628,0.0,-0.00664285384118557,-0.008115776814520359,28.947467705859466,0.008153005200178942,1,0,11.001830857700291,14.489053670018654,11.000452704241068,occluder,,,,,1.0,1304,ok,accepted,0,ok,0.5125248,0.0011434000043664128,0.4781018999929074,0.0329230000206735,0,0.0012028999999991186,0.010811399999997917,0,246.96766640208767,10.903320798805282,,3.827376864509745,0,0,0,,,,,,,,,,,,0,18.737893222644416,-0.37517560721264115,21.8509501538437,0.4620349805517475,19.41261583470928,0.5815125892114137,22.776530691906547,0.3160095471638148,17.87677315471211,-0.0653457927695788,31.38161631301193,0.051727494025324595,30.632921383232755,0.39032770408787687,29.846264153678195,0.4146637714386614,27.51830830893263,0.41496246457417485
1325,2.75,empty_shadow,ADA,0,0,1324,2.7,1,1,266.02852529045384,-201.4256134226448,,,,,,,0,0,29.533867722834866,-0.5557713966824451,0.40413010120391846,0.0,-0.006673325784504414,-0.008153005503118038,28.85666025527093,0.008168354145976105,1,0,11.537786745085672,14.540349543916111,11.5377536078365,occluder,,,,,1.0499999999999998,1304,ok,accepted,0,ok,0.5125248,0.0011434000043664128,0.4781018999929074,0.0329230000206735,1,0.0012310999999982641,0.013795000000001778,0,247.90403730131897,11.444276445098012,,3.824386577355199,0,0,0,,,,,,,,,,,,0,18.719826811302756,-0.36132822804904763,21.87674125960035,0.515822145328439,19.444230149240603,0.6322862893584301,22.795686195233856,0.3831100665410503,17.873666084566363,-0.062141402976512466,31.383569452124178,0.03906278506272816,30.654569919216115,0.4329740599531227,29.86905517663296,0.4558223039283462,27.53998340318964,0.43350189215391716
1326,2.8,empty_shadow,ADA,0,0,1325,2.75,1,1,267.50460004796014,-201.4269409287302,,,,,,,0,0,29.50999341629516,-0.4774861307941336,0.42621952295303345,0.0,-0.006673325784504414,-0.008153005503118038,28.85666025527093,0.00818157569940508,1,0,12.074025026664174,14.589964106497408,12.075539587290505,occluder,,,,,1.0999999999999996,1304,ok,accepted,0,ok,0.5125248,0.0011434000043664128,0.4781018999929074,0.0329230000206735,0,0.0012310999999982641,0.010754699999999673,0,248.8395231856307,11.984865318292577,,3.823059071269796,0,0,0,,,,,,,,,,,,0,18.702666390487067,-0.34320841743757574,21.904966141194034,0.564497665795536,19.47805699187324,0.6765368523973103,22.8180136196741,0.44654848880476944,17.87073258544266,-0.058669982734175556,31.384872189198507,0.026054746874925334,30.67808763849715,0.47035603908849277,29.89364669866566,0.49183112511021354,27.562348957730737,0.4473110979125623
1327,2.85,empty_shadow,ADA,0,0,1326,2.8000000000000003,1,1,268.97948390685053,-201.42617838685604,,,,,,,0,0,29.489951795880433,-0.4008324082945336,0.4477497339248657,0.0,-0.00662654684856534,-0.008095853962004185,28.795920862196382,0.008192699516726831,1,0,12.610543550682152,14.637445131052534,12.613773069367468,occluder,,,,,1.15,1304,ok,accepted,0,ok,0.5125248,0.0011434000043664128,0.4781018999929074,0.0329230000206735,1,0.0012096000000028084,0.010129400000000288,0,249.77415457780467,12.525117785009002,,3.823821613143963,0,0,0,,,,,,,,,,,,0,18.686598882107916,-0.32135016822161006,21.935359680931928,0.6078708292190207,19.513751131389938,0.713882791727835,22.843303155558356,0.5057907176830166,17.867982192681342,-0.055007855681302925,31.38550163567152,0.012588937784725375,30.70321321189353,0.5025120350370046,29.91978312227529,0.5227285656877115,27.585176090843095,0.4565426692725111
1328,2.9,empty_shadow,ADA,0,0,1327,2.85,1,1,270.4536039830592,-201.422944181567,,,,,,,0,0,29.473685458537958,-0.32532674684951246,0.46870487928390503,0.0,-0.00662654684856534,-0.008095853962004185,28.795920862196382,0.008201744602977016,1,0,13.147642967997482,14.682203544772333,13.152725683171541,occluder,,,,,1.1999999999999997,1304,ok,accepted,0,ok,0.5125248,0.0011434000043664128,0.4781018999929074,0.0329230000206735,0,0.0012096000000028084,0.00810329999999837,0,250.70802303056985,13.065369408452511,,3.8270558184329957,0,0,0,,,,,,,,,,,,0,18.671727282910723,-0.29743198418643907,21.967635776408628,0.645521942860265,19.55095207952297,0.744018966209697,22.871318293084784,0.5603027505375118,17.865430166711263,-0.05104051942802541,31.385442532356176,-0.0011820549296971085,30.729679600179114,0.5293278213934164,29.94718978771381,0.548133328158895,27.608253086895868,0.4615399279136894
1329,2.95,empty_shadow,ADA,0,0,1328,2.9000000000000004,1,1,271.92699076293025,-201.41714674972332,,,,,,,0,0,29.46126325504987,-0.2484440697617174,0.48886704444885254,0.0,-0.004044265020638704,-0.004941002000123262,28.76525440162567,0.008208662204791774,0,0,13.68523928963512,14.723458317652092,13.69216307658348,occluder,,,,,1.25,1304,ok,accepted,0,ok,0.5125248,0.0011434000043664128,0.4781018999929074,0.0329230000206735,1,0.001173699999998945,0.01315969999999922,0,251.64118958948984,13.60558962940354,,3.8328532502766848,0,0,0,,,,,,,,,,,,0,18.65809927654663,-0.2725601271968431,22.001510235085906,0.6774892025576132,19.589299347814876,0.7669453719775623,22.90179009539071,0.6094360461457448,17.863078412508337,-0.04703508445594199,31.38469678622567,-0.014914908257015051,30.757223588606067,0.5508798159163611,29.975605396441107,0.5683125495772997,27.631368230256488,0.462302873824042
1330,3.0,empty_shadow,ADA,0,0,1329,2.95,1,1,273.39985780703324,-201.4086029129914,,,,,,,0,0,29.452486457453286,-0.1755359519317068,0.5079740881919861,0.0,-0.004044265020638704,-0.004941002000123262,28.76525440162567,0.008213555052249587,0,0,14.223379507976528,14.760789658820642,14.232058657805956,occluder,,,,,1.2999999999999998,1304,ok,accepted,0,ok,0.5125248,0.0011434000043664128,0.4781018999929074,0.0329230000206735,0,0.001173699999998945,0.011722100000000069,0,252.5737763040484,14.14586995894797,,3.841397087008602,0,0,0,,,,,,,,,,,,0,18.645747285656835,-0.24703981788723428,22.036695047180842,0.7036962653801744,19.62843053873477,0.7826238269655564,22.93444008963777,0.6529998849884282,17.860938376412133,-0.04280072161736961,31.383262489973497,-0.02868590769282842,30.785580064938927,0.5671299844483434,30.004764842202363,0.5831899682665345,27.65432124934622,0.45906038811503824
1331,3.05,empty_shadow,ADA,0,0,1330,3.0,1,1,274.8723579739303,-201.3981060763025,,,,,,,0,0,29.447586964471796,-0.09798985962980566,0.5272026062011719,0.0,0.004140846896916628,0.008213555440306664,32.449989,0.008216288301137582,1,0,14.7621510352493,14.793165036851889,14.772095779441736,occluder,,,,,1.3499999999999996,1304,ok,stale_plan,0,ok,0.5125248,0.0011434000043664128,0.4781018999929074,0.0329230000206735,1,0.001923800000000142,0.01453379999999882,0,253.50572214950364,14.686424280389815,,3.851893923697503,0,0,0,,,,,,,,,,,,0,18.63468084949406,-0.22132872299646913,22.072894575609812,0.7239905850863237,19.66799470077631,0.7912832521589782,22.968963100713047,0.6904602215503564,17.859010055832588,-0.0385664119450415,31.381160624101437,-0.04203729732794973,30.81448964502662,0.5781927878494253,30.034414467328585,0.5929944442521166,27.67692903870225,0.4521557931326834
1332,3.1,empty_shadow,ADA,0,0,1331,3.0500000000000003,1,1,276.3447050376122,-201.38609867163817,,,,,,,0,0,29.446324906418276,-0.02524116107039731,0.5457017421722412,0.0,0.006722886580973864,0.008213555440306664,32.449989,0.008216992578382981,1,0,15.301598326373552,14.819944615431504,15.312033552735468,occluder,,,,,1.4,1304,ok,stale_plan,0,ok,0.5125248,0.0011434000043664128,0.4781018999929074,0.0329230000206735,0,0.001923800000000142,0.012189899999999199,0,254.43711867858457,15.227374814990753,,3.863901328361834,0,0,0,,,,,,,,,,,,0,18.624899967861964,-0.19561763208498664,22.109820809355128,0.7385246852773287,19.707640881412633,0.792923626682137,23.00505013745301,0.7217407348624028,17.85729345174741,-0.03433208111046913,31.37841979817864,-0.05481649607581002,30.84369485685926,0.5841063571995742,30.064296800913475,0.5976496164920784,27.69901040067517,0.44162724497645656
1333,3.15,empty_shadow,ADA,0,0,1332,3.1,1,1,277.81708219723384,-201.37285529472092,,,,,,,0,0,29.44865028457807,0.04650756319584559,0.5635048151016235,0.0,0.006725700106471777,0.00821699295192957,32.449989,0.008215694997634386,1,0,15.841671583982368,14.840588201467623,15.851917426076003,occluder,,,,,1.4499999999999997,1304,ok,stale_plan,0,ok,0.5125248,0.0011434000043664128,0.4781018999929074,0.0329230000206735,1,0.0011578999999990458,0.011589999999998213,0,255.3681490019547,15.768721651242288,,3.877144705279079,0,0,0,,,,,,,,,,,,0,18.61639891781418,-0.1700210002977434,22.147185739433823,0.7472986064872892,19.74704101389913,0.788002664993895,23.04237313658861,0.7464599827611413,17.855792377543317,-0.030021484215170837,31.37504764137421,-0.06744311172856139,30.87295158092528,0.585137636271005,30.09416963131808,0.5974605448629003,27.72039939540611,0.4277798998493869
1334,3.2,empty_shadow,ADA,0,0,1333,3.1500000000000004,1,1,279.289672698799,-201.3587878703668,,,,,,,0,0,29.454451254619954,0.11601940083771467,0.5806789994239807,0.0,0.006725700106471777,0.00821699295192957,32.449989,0.008212459346498523,1,0,16.382580583973567,14.854865866958235,16.392120203765693,occluder,,,,,1.5,1304,ok,stale_plan,0,ok,0.5125248,0.0011434000043664128,0.4781018999929074,0.0329230000206735,0,0.0011578999999990458,0.009343300000001165,0,256.29872154606346,16.31073960869867,,3.891212129633203,0,0,0,,,,,,,,,,,,0,18.60917388463604,-0.14450066280880053,22.184714706556733,0.7505793434034704,19.785880382376817,0.7767873842567501,23.080607848187494,0.7646942320373717,17.854497299065923,-0.025901568680706165,31.3710803909163,-0.07934498474651366,30.902023327478947,0.5814391050141675,30.1238002806897,0.5926178374816502,27.740952971771193,0.4110715322262401
1335,3.25,empty_shadow,ADA,0,0,1334,3.2,1,1,280.76265982474894,-201.34441513490907,,,,,,,0,0,29.463597104879206,0.18291700518503262,0.597381055355072,0.0,0.006721989251673222,0.008212459273636341,32.449989,0.008207361877087985,1,0,16.924242305055767,14.862487029284116,16.932688314332527,occluder,,,,,1.5499999999999998,1304,ok,stale_plan,0,ok,0.5125248,0.0011434000043664128,0.4781018999929074,0.0329230000206735,1,0.0013824999999982879,0.010834599999999028,0,257.2290499651775,16.853398315534548,,3.9055848650909297,0,0,0,,,,,,,,,,,,0,18.603211519107077,-0.1192473093592464,22.222134960569136,0.7484050786247057,19.823867162794205,0.7597356221886457,23.119426208377185,0.7763672038551691,17.853398676491555,-0.021972451561487635,31.36654856323174,-0.0906365305358171,30.930685047872768,0.5732395195885744,30.15297323354103,0.5834646537538212,27.760533800629897,0.39161658181675896
1336,3.3,empty_shadow,ADA,0,0,1335,3.25,1,1,282.236257411539,-201.33036262578747,,,,,,,0,0,29.47596009222494,0.24725974691470753,0.6137434244155884,0.0,0.006721989251673222,0.008212459273636341,32.449989,0.008200478865862967,1,0,17.466890126356816,14.863109241301546,17.473955040399613,occluder,,,,,1.5999999999999996,1304,ok,stale_plan,0,ok,0.5125248,0.0011434000043664128,0.4781018999929074,0.0329230000206735,0,0.0013824999999982879,0.011405100000001056,0,258.15904268574644,17.39700318175568,,3.9196373742125274,0,0,0,,,,,,,,,,,,0,18.598492745097605,-0.09437547906042242,22.259187099952047,0.7410427845920616,19.860730510590436,0.7372669675896939,23.158513505244663,0.7817459373875065,17.852492696508747,-0.018119598775678106,31.36149030518486,-0.101165139758138,30.9587231338905,0.5607675997616133,30.181469154450316,0.5699245547907651,27.779023626355578,0.3697965188997012
1337,3.35,empty_shadow,ADA,0,0,1336,3.3000000000000003,1,1,283.710557209703,-201.31721014572028,,,,,,,0,0,29.491434207563746,0.3094823067760899,0.6298276782035828,0.0,0.006712183356285095,0.008200478740036488,32.449989,0.008191875948445145,1,0,18.010409842416898,14.856377570305133,18.015883547408926,occluder,,,,,1.65,1304,ok,stale_plan,0,ok,0.5125248,0.0011434000043664128,0.4781018999929074,0.0329230000206735,1,0.0011868999999968821,0.010206600000000066,0,259.0888523008572,17.941493364808935,,3.9327898542797186,0,0,0,,,,,,,,,,,,0,18.59499658182492,-0.06992326438130801,22.295634612764683,0.7289502525229877,19.896224379227,0.7098773825512233,23.19754930415087,0.7807159781432947,17.851771717853897,-0.014419573133648788,31.355938040842798,-0.11104526878235854,30.985935416268337,0.5442520842542053,30.209097312610226,0.5525696058801913,27.796327081932777,0.34606911556164177
1338,3.4,empty_shadow,ADA,0,0,1337,3.35,1,1,285.18565094895325,-201.3054764622731,,,,,,,0,0,29.509947329077875,0.37026243028257966,0.6456408500671387,0.0,0.006712183356285095,0.008200478740036488,32.449989,0.008181601253467962,1,0,18.554787098940448,14.841838569789639,18.55851560073089,occluder,,,,,1.6999999999999997,1304,ok,stale_plan,0,ok,0.5125248,0.0011434000043664128,0.4781018999929074,0.0329230000206735,0,0.0011868999999968821,0.01231419999999872,0,260.0185398456626,18.4868995592538,,3.9445235377268943,0,0,0,,,,,,,,,,,,0,18.592700141906235,-0.0459287972531262,22.33123908032009,0.7120893469737178,19.930127514732344,0.6780627168239859,23.236237966041628,0.7737732378180788,17.85122239314786,-0.010986494776212512,31.34994326745469,-0.11989545380914868,31.01213116415371,0.5239217102784832,30.235674600512194,0.531552258507796,27.812346892084406,0.3203962068654992
1339,3.45,empty_shadow,ADA,0,0,1338,3.4000000000000004,1,1,286.66178294167844,-201.2956650321695,,,,,,,0,0,29.5314482058153,0.4300175347484725,0.6611698865890503,0.0,0.006405738648027182,0.00782608613371849,32.449989,0.008169692610788714,1,0,19.10019541762259,14.819026206273056,19.102082557971745,occluder,,,,,1.75,1304,ok,stale_plan,0,ok,0.5125248,0.0011434000043664128,0.4781018999929074,0.0329230000206735,1,0.0011609999999997456,0.012558399999999637,0,260.9481358377389,19.03343555990267,,3.954334967830505,0,0,0,,,,,,,,,,,,0,18.591584351724464,-0.022315802540327705,22.365786878381336,0.6909559568934178,19.962239645177842,0.64224261249702,23.274297202691976,0.7611847330130753,17.850835187919664,-0.007744105908386372,31.343555575808498,-0.12775382307903543,31.037148250918573,0.5003485505583976,30.26104079339887,0.507330183443696,27.82701439307881,0.29335002327630166
1340,3.5,empty_shadow,ADA,0,0,1339,3.45,1,1,288.1391058850733,-201.2880962379072,,,,,,,0,0,29.555891289781634,0.48886167932671754,0.6763796806335449,0.0,0.006405738648027182,0.00782608613371849,32.449989,0.008156185926334538,1,0,19.64673721134087,14.78755547776656,19.64672152396514,occluder,,,,,1.7999999999999998,1304,ok,stale_plan,1,ok,1.1082845,0.32647140001063235,0.7516414000128862,0.02980519999982789,0,0.0011609999999997456,0.009702499999999503,0,261.87767079986793,19.581223541168526,,3.9619037620927884,0,0,0,,,,,,,,,,,,0,18.591616786252747,0.0006486915725774407,22.399077733329566,0.6658170951369615,19.992396738323073,0.6031418637525116,23.311463800671163,0.7433319595788777,17.850598665145412,-0.004730456191524172,31.336813111887047,-0.1348492726307089,31.06083026711107,0.47364697261109784,30.285047106097537,0.4801322025151289,27.840276181016456,0.265235761119182
1341,3.55,empty_shadow,ADA,0,0,1340,3.5,1,1,289.61777246071676,-201.28304468561953,,,,,,,0,0,29.583288953998252,0.5479532843323653,0.6912386417388916,0.0,0.005384743679314852,0.00657870527356863,32.449989,0.008141086382123727,0,0,20.1943652111073,14.747000262886516,20.192453733582585,occluder,,,,,1.8499999999999996,1304,ok,stale_plan,0,ok,1.1082845,0.32647140001063235,0.7516414000128862,0.02980519999982789,1,0.0011460000000020898,0.010002000000000066,0,262.80732782709697,20.13023308958293,,3.9669553143804706,0,0,0,,,,,,,,,,,,0,18.592766927067544,0.023002817119725318,22.430928541264002,0.6370161553591437,20.020451927376495,0.5611037796526902,23.347484082586085,0.7204056382913214,17.85050328721546,-0.001907558609247741,31.329759744813735,-0.14106733876287572,31.083030334619895,0.4440076156393506,30.30756382221462,0.450339716534259,27.85208075831006,0.2360915469959643
1342,3.6,empty_shadow,ADA,0,0,1341,3.5500000000000003,1,1,291.09790483781654,-201.28080025063866,,,,,,,0,0,29.613557455155615,0.6053700231472448,0.7056761384010315,0.0,0.005384743679314852,0.00657870527356863,32.449989,0.008124453345053255,0,0,20.743280294491633,14.697163473561389,20.73950823094007,occluder,,,,,1.9,1304,ok,stale_plan,0,ok,1.1082845,0.32647140001063235,0.7516414000128862,0.02980519999982789,0,0.0011460000000020898,0.011932500000000346,0,263.7370153719023,20.68067792187736,,3.969199749361337,0,0,0,,,,,,,,,,,,0,18.595006163985307,0.0447847390253447,22.461175268963164,0.6049345508327322,20.046281236551465,0.516586181516669,23.382136795944533,0.6930542671690726,17.850533793652414,0.0006101293404038976,31.32243552872093,-0.14648432096365202,31.103645440042012,0.41230780862627214,30.328470760951177,0.4181435013766497,27.86240714336453,0.20652770131572562
1343,3.65,empty_shadow,ADA,0,0,1342,3.6,1,1,292.5796556354867,-201.28145443363974,,,,,,,0,0,29.646736236652718,0.6635756299420592,0.7197033166885376,0.0,0.004250610712915659,0.005193100776523352,32.449989,0.008106279552983967,0,0,21.293516896209454,14.6377101432056,21.287966286539394,occluder,,,,,1.9499999999999997,1304,ok,stale_plan,0,ok,1.1082845,0.32647140001063235,0.7516414000128862,0.02980519999982789,1,0.0012717000000002088,0.009571600000001013,0,264.6668555045895,21.232588586860345,,3.9685455663602625,0,0,0,,,,,,,,,,,,0,18.598298258177806,0.06584188439457699,22.489663420119516,0.5697630198925014,20.06978929752546,0.4701612177517205,23.415219761787807,0.6616593168836484,17.850680649828572,0.002937124425777863,31.31489386837002,-0.15083320733166594,31.12256303162804,0.37835684369635686,30.347676349496883,0.38411575404746146,27.871247707177226,0.1768112758368297
1344,3.7,empty_shadow,ADA,0,0,1343,3.6500000000000004,1,1,294.0630859097015,-201.2850682489539,,,,,,,0,0,29.68271882798524,0.7196518266504626,0.7332672476768494,0.0,0.004250610712915659,0.005193100776523352,32.449989,0.008086638803352494,0,0,21.845082062988595,14.568672304232626,21.83784585337897,occluder,,,,,2.0,1304,ok,stale_plan,0,ok,1.1082845,0.32647140001063235,0.7516414000128862,0.02980519999982789,0,0.0012717000000002088,0.009549799999998498,0,265.59690926031107,21.78596510535357,,3.9649317510460946,0,0,0,,,,,,,,,,,,0,18.60261078458287,0.08625052844474713,22.51626711021754,0.5320737989400218,20.090903631374193,0.42228667665270253,23.446553689351347,0.6266785513197907,17.850930504540845,0.004997094428883076,31.30717863465764,-0.15430467411381305,31.139699166401556,0.34272694256660324,30.365092829330717,0.34833280833802005,27.87860435796589,0.1471330152838057
1345,3.75,empty_shadow,ADA,0,0,1344,3.7,1,1,295.5485313798277,-201.29171787600353,,,,,,,0,0,29.72154244654793,0.7764723712537602,0.7463998794555664,0.0,0.003088786033913493,0.0037736641243100166,32.449989,0.008065527253908012,0,0,22.398257362494125,14.489907203278703,22.389460835610773,occluder,,,,,2.05,1304,ok,stale_plan,0,ok,1.1082845,0.32647140001063235,0.7516414000128862,0.02980519999982789,1,0.001158199999998999,0.011721800000000115,0,266.5272376794252,22.341082156365644,,3.9582821239964687,0,0,0,,,,,,,,,,,,0,18.607905596147827,0.105896231384153,22.54088143484046,0.49228648970638644,20.109576554828767,0.37345847115998004,23.475982175462576,0.5885697223004646,17.851266190498446,0.006713720081482334,31.299329880615055,-0.15697507912423353,31.15498515825089,0.30572327911296104,30.380664870349857,0.31144329328174314,27.884488539648228,0.1176836341449649
1346,3.8,empty_shadow,ADA,0,0,1345,3.75,1,1,297.0358699391222,-201.30129654491444,,,,,,,0,0,29.763083936819086,0.83082980542315,0.7590590119361877,0.0,0.003088786033913493,0.0037736641243100166,32.449989,0.008043029199676957,0,0,22.952938772685965,14.40165643152117,22.942707690031288,occluder,,,,,2.0999999999999996,1304,ok,stale_plan,0,ok,1.1082845,0.32647140001063235,0.7516414000128862,0.02980519999982789,0,0.001158199999998999,0.011669099999998878,0,267.457840751521,22.897817643564338,,3.948703455085564,0,0,0,,,,,,,,,,,,0,18.61414645237536,0.12481712437394162,22.563412934377716,0.4506299884558912,20.125773736103422,0.32394363069504484,23.50336598490193,0.5476761889446891,17.85167817423383,0.0082396749987338,31.2913876620007,-0.1588443681300344,31.16837330440929,0.2677655803278133,30.394344770252538,0.2735997811200622,27.88892886278198,0.08880646544793375
1347,3.85,empty_shadow,ADA,0,0,1346,3.8000000000000003,1,1,298.52537622495066,-201.31374312683695,,,,,,,0,0,29.807372702761736,0.8857753188529927,0.7713271379470825,0.0,0.001955971820279956,0.0023896703496575356,32.449989,0.008019146791782028,0,0,23.509356517143654,14.30396669217374,23.497839509501517,occluder,,,,,2.15,1304,ok,stale_plan,0,ok,1.1082845,0.32647140001063235,0.7516414000128862,0.02980519999982789,1,0.0024060000000005743,0.014308100000000934,0,268.38877951695673,23.456385163957066,,3.936256873163046,0,0,0,,,,,,,,,,,,0,18.621289484320393,0.14286063850505307,22.58378722162839,0.4074857431141205,20.139491360987094,0.27435250648988985,23.52859258279507,0.5045319580544908,17.85215500783007,0.00953667211114975,31.28340729236264,-0.1596073855497509,31.179817810537674,0.22889204957669254,30.406100090930046,0.2351076011423227,27.891969193719333,0.06080662429325748
1348,3.9,empty_shadow,ADA,0,0,1347,3.85,1,1,300.0171417431936,-201.32892026144518,,,,,,,0,0,29.85428167960827,0.93817953693069,0.7831646203994751,0.0,0.001955971820279956,0.0023896703496575356,32.449989,0.007993967261034098,0,0,24.06762241152002,14.197204480836588,24.054962533658674,occluder,,,,,2.1999999999999997,1304,ok,stale_plan,0,ok,1.1082845,0.32647140001063235,0.7516414000128862,0.02980519999982789,0,0.0024060000000005743,0.00948059999999984,0,269.32005397573226,24.016876223424447,,3.9210797385548233,0,0,0,,,,,,,,,,,,0,18.629298453178976,0.16017937650984176,22.60194707625852,0.3631970911651931,20.150735152060587,0.22487583410394624,23.55157613971748,0.4596711387604998,17.852681434848368,0.010528540405888053,31.275421196700698,-0.15972190244831017,31.189305311892866,0.18975132108889198,30.415917471842565,0.1963483259489542,27.89365530898393,0.03372231410874833
1349,3.95,empty_shadow,ADA,0,0,1348,3.9000000000000004,1,1,301.51128848607544,-201.34659902527338,,,,,,,0,0,29.903814897236966,0.9906643525739156,0.7946226000785828,0.0,0.0008922911365516484,0.0010901392670348287,32.449989,0.007967507613212795,0,0,24.627760483914763,14.081638604327225,24.614117164481744,occluder,,,,,2.25,1304,ok,stale_plan,0,ok,1.1082845,0.32647140001063235,0.7516414000128862,0.02980519999982789,1,0.0011764999999996917,0.009669600000002276,0,270.25178619294763,24.579290749090944,,3.9034009747266225,0,0,0,,,,,,,,,,,,0,18.638137119222574,0.17677331989006828,22.6178505367569,0.3180692090619598,20.15953372086514,0.17597139212470583,23.572244175127345,0.4133607085514503,17.853249825767925,0.011367818328349412,31.267461800989295,-0.15918789994489443,31.19683579537228,0.150610439473548,30.423793089306823,0.15751269459326808,27.89404442873586,0.007782407051788275
1350,4.0,empty_shadow,ADA,0,0,1349,3.95,1,1,303.0079689894242,-201.36662677838592,,,,,,,0,0,29.955857317411066,1.040848403482002,0.8057135939598083,0.0,0.0008922911365516484,0.0010901392670348287,32.449989,0.007939848865349384,0,0,25.189944236537645,13.957745416657934,25.175468017182933,occluder,,,,,2.3,1304,ok,stale_plan,0,ok,1.1082845,0.32647140001063235,0.7516414000128862,0.02980519999982789,0,0.0011764999999996917,0.009303199999997958,0,271.1839761842191,25.14378126116827,,3.883373221614079,0,0,0,,,,,,,,,,,,0,18.64776352070891,0.19252802838936056,22.63148043698462,0.27259800422954134,20.16593474991216,0.12802060098793303,23.59054709864723,0.3660584708583625,17.85384682962526,0.011940076841850587,31.25956725230785,-0.15789095572899725,31.202403533143844,0.11135513716788013,30.429749830772952,0.11913494392532509,27.89319949538951,-0.016898652058673993
1351,4.05,empty_shadow,ADA,0,0,1350,4.0,1,1,304.50727472268267,-201.3887593489397,,,,,,,0,0,30.010398494757393,1.0908235469265293,0.81646728515625,0.0,-7.455919694621116e-05,-9.109124221140519e-05,32.449989,0.007911016385332637,0,0,25.754284524901955,13.825914418478108,25.73913728973103,occluder,,,,,2.3499999999999996,1304,ok,stale_plan,0,ok,1.1082845,0.32647140001063235,0.7516414000128862,0.02980519999982789,1,0.001216899999999299,0.016726000000002017,0,272.1166239339303,25.710439244715474,,3.8612406510603137,0,0,0,,,,,,,,,,,,0,18.658133787766257,0.20740533956801407,22.64283677644144,0.22712678946476392,20.16999164873328,0.0811379980111399,23.60646011468427,0.31826032130853193,17.8544610017556,0.01228344246603948,31.251775698615088,-0.15583105285597937,31.206044761611274,0.0728246984854277,30.43380867706663,0.08117693034961405,27.891189172334194,-0.04020644474326165
1352,4.1,empty_shadow,ADA,0,0,1351,4.05,1,1,306.0093581644194,-201.41267625032913,,,,,,,0,0,30.067329849790077,1.138627100653693,0.8269038796424866,0.0,-7.455919694621116e-05,-9.109124221140519e-05,32.449989,0.007881087567278733,0,0,26.32077624695344,13.686708926995797,26.305109473468864,occluder,,,,,2.3999999999999995,1304,ok,stale_plan,0,ok,1.1082845,0.32647140001063235,0.7516414000128862,0.02980519999982789,0,0.001216899999999299,0.009668099999998958,0,273.0499125527449,26.279234067637617,,3.8373237496708725,0,0,0,,,,,,,,,,,,0,18.66920405226436,0.22140528804210433,22.65192909254395,0.1818463231067997,20.171778806130504,0.035743169123275825,23.619971779128843,0.2702332895703522,17.85508470999326,0.012474164397562737,31.24411575054368,-0.1531989376777068,31.207797629960616,0.035057375721352466,30.436005872830744,0.04394391994054125,27.888091660200327,-0.06195022602386714
1353,4.15,empty_shadow,ADA,0,0,1352,4.1000000000000005,1,1,307.5143108101042,-201.43820960465195,,,,,,,0,0,30.126626309074947,1.1859291856973897,0.8370518088340759,0.0,-0.000924973632209003,-0.0011300684418529272,32.449989,0.00785009561577364,0,0,26.889680691081104,13.540634641353853,26.8736530358724,occluder,,,,,2.45,1304,ok,stale_plan,0,ok,1.1082845,0.32647140001063235,0.7516414000128862,0.02980519999982789,1,0.0022891000000022643,0.01235579999999814,0,273.98368947880806,26.850409787259252,,3.811790395348055,0,0,0,,,,,,,,,,,,0,18.680938074520895,0.23468044284646172,22.658784088171373,0.13709991439522728,20.171382053304878,-0.007935036962511499,23.631082091944137,0.22220625709778094,17.855708420803914,0.012474216363688919,31.23660457515409,-0.15022348213587294,31.207704103268917,-0.001870529352191658,30.436402459632518,0.007931832949739636,27.883994696350516,-0.08193926124328195
1354,4.2,empty_shadow,ADA,0,0,1353,4.15,1,1,309.02228513830556,-201.46503892530262,,,,,,,0,0,30.18820603479201,1.2315945143412677,0.8469192385673523,0.0,-0.000924973632209003,-0.0011300684418529272,32.449989,0.007818103388400815,0,0,27.46101492600468,13.388252623697026,27.444773661783984,occluder,,,,,2.5,1304,ok,stale_plan,0,ok,1.1082845,0.32647140001063235,0.7516414000128862,0.02980519999982789,0,0.0022891000000022643,0.010697799999999091,0,274.91810728438526,27.42396630988344,,3.784961074697378,0,0,0,,,,,,,,,,,,0,18.693293888745576,0.24711628276140649,22.66343228095466,0.09296385832112576,20.168892942268823,-0.04978220320800729,23.639819663353446,0.17475142909663208,17.856324502318373,0.012321629951313083,31.229272692500373,-0.14663762775925512,31.20582903892735,-0.03750118937640717,30.43505948227463,-0.026859287536943003,27.878995554983664,-0.09998281343326589
1355,4.25,empty_shadow,ADA,0,0,1354,4.2,1,1,310.5334336327976,-201.49285898446377,,,,,,,0,0,30.252027960406703,1.2764385122938648,0.8565196394920349,0.0,-0.0016467308159917593,-0.0020118611864745617,32.449989,0.00778515221547205,0,0,28.03497663038471,13.23013855341414,28.0186727600412,occluder,,,,,2.55,1304,ok,stale_plan,0,ok,1.1082845,0.32647140001063235,0.7516414000128862,0.02980519999982789,1,0.0011751999999987106,0.010783400000001109,0,275.8531354414895,28.000086647271246,,3.7571410155362344,0,0,0,,,,,,,,,,,,0,18.706225717518173,0.2586365746773448,22.665946150264865,0.05027738964213149,20.164422099565513,-0.08941683968882395,23.64622073239281,0.12802138174029395,17.856925327265607,0.012016499429893586,31.222148713153935,-0.14247956291929623,31.202243019019363,-0.0717201351845522,30.432047523138177,-0.060238712505003976,27.873180066216033,-0.11630976396467413
1356,4.3,empty_shadow,ADA,0,0,1355,4.25,1,1,312.04778673307567,-201.52144088990198,,,,,,,0,0,30.318024732183996,1.3199354355458581,0.8658614754676819,0.0,-0.0016467308159917593,-0.0020118611864745617,32.449989,0.0077512967715485616,0,0,28.61154510625924,13.06690693718812,28.595317780342327,occluder,,,,,2.5999999999999996,1304,ok,stale_plan,1,ok,0.8263132,0.0007883000071160495,0.7477903999970295,0.07738900001277216,0,0.0011751999999987106,0.009504500000002025,0,276.78883498006803,28.57874020897077,,3.7285591100980184,0,0,0,,,,,,,,,,,,0,18.719691599786092,0.2693176453568514,22.666377194046785,0.008620879968543743,20.158082059840766,-0.12680078453887533,23.650327261957273,0.0821305924616969,17.857503263479177,0.011558723993162712,31.215249803807836,-0.137978165418089,31.19702044090247,-0.10445108571841795,30.427454332404782,-0.09186311056468917,27.86663596768682,-0.13088196195614835
1357,4.35,empty_shadow,ADA,0,0,1356,4.3,1,1,313.565496777163,-201.55005216773102,,,,,,,0,0,30.386076725379013,1.3610398639003307,0.8742891550064087,0.0,-0.006344522815197706,-0.007751296740025282,32.071682450847334,0.007716617759994993,1,0,29.190845057916924,12.899253095506538,29.175058502133385,occluder,,,,,0.9499999999999993,1338,ok,accepted,0,ok,0.8263132,0.0007883000071160495,0.7477903999970295,0.07738900001277216,1,0.0012232999999994831,0.011048499999997574,0,277.7252669456843,29.1600182874418,,3.6999478322689754,0,0,0,,,,,,,,,,,,0,18.733651482428233,0.27919765326170437,22.664807429078497,-0.031395294343758526,20.149992985444733,-0.16178148182370708,23.652207915292532,0.037613067895780845,17.85804686802785,0.010872091664283216,31.208585501840588,-0.1332860214173161,31.190260498347026,-0.13519813661390906,30.42136766142845,-0.12173248427856496,27.859471978016558,-0.14327978743219894
1358,4.4,empty_shadow,ADA,0,0,1357,4.3500000000000005,1,1,315.0866856844086,-201.57825027145066,,,,,,,0,0,30.456118102396474,1.400827540349212,0.8816866278648376,0.0,-0.006344522815197706,-0.007751296740025282,32.071682450847334,0.0076811674270293485,1,0,29.773041274320097,12.727747365954517,29.758133311026302,occluder,,,,,1.0,1338,ok,accepted,0,ok,0.8263132,0.0007883000071160495,0.7477903999970295,0.07738900001277216,0,0.0012232999999994831,0.009298300000001092,0,278.66240081035124,29.744073330020512,,3.6717497285493437,0,0,0,,,,,,,,,,,,0,18.748065310420774,0.2882765606806818,22.661320778660954,-0.06973300266028563,20.140282668969867,-0.19420632694302709,23.651938987623378,-0.005378551966289792,17.85855995428222,0.010261725012395272,31.202172973946325,-0.12825054571394906,31.182047126159823,-0.1642664872919267,30.413877166285925,-0.14980875364458346,27.85177392825026,-0.15396099145015085
1359,4.45,empty_shadow,ADA,0,0,1358,4.4,1,1,316.61141440147355,-201.60577578084042,,,,,,,0,0,30.527982106589516,1.4372800838608413,0.8882678747177124,0.0,-0.006287120748311281,-0.007681167218834162,32.38351552487431,0.007645047895834186,1,0,30.358168963910025,12.553207339882784,30.344478042540835,occluder,,,,,1.0499999999999998,1338,ok,accepted,0,ok,0.8263132,0.0007883000071160495,0.7477903999970295,0.07738900001277216,1,0.001450900000001809,0.010170800000000924,0,279.6002671020559,30.33093575538078,,3.6442242191595824,0,0,0,,,,,,,,,,,,0,18.762887308370452,0.2964399600956232,22.65601642454739,-0.1060870758214527,20.129078902856886,-0.22407532240584127,23.64959867893749,-0.04680617229253847,17.859038710164924,0.009575118555290797,31.196029385837782,-0.12287175411989282,31.172492871314912,-0.191083920394271,30.40509539166121,-0.17563416631975673,27.8436371852869,-0.1627348572120362
1360,4.5,empty_shadow,ADA,0,0,1359,4.45,1,1,318.13986587244904,-201.63215561100222,,,,,,,0,0,30.601492319638268,1.470204260975052,0.8939847946166992,0.0,-0.006287120748311281,-0.007681167218834162,32.38351552487431,0.007608363907937872,1,0,30.480513056857788,12.376388164556854,30.466752949393648,follower_1,,,,,1.0999999999999996,1338,ok,accepted,0,ok,0.8263132,0.0007883000071160495,0.7477903999970295,0.07738900001277216,0,0.001450900000001809,0.012021799999999416,0,280.53883529801664,30.920819030395535,,3.6178443889977814,0,0,0,,,,,,,,,,,,0,18.778081235823414,0.30387855064350305,22.649006902107754,-0.14019044237645759,20.11652092355189,-0.25115958779349357,23.6452766353235,-0.08644087071746628,17.85948122086961,0.008850214174043594,31.190166182608486,-0.11726405856888343,31.161704556043063,-0.21576494207783592,30.395123437530604,-0.19943763146754576,27.835157116679966,-0.16960137130834987
1361,4.55,empty_shadow,ADA,0,0,1360,4.5,1,1,319.67200947044546,-201.65706933779512,,,,,,,0,0,30.676471661158658,1.499586830407793,0.8992136120796204,0.0,-0.006227530539035797,-0.007608363870531321,32.692501831910924,0.00757121810289779,1,0,30.453330407141422,12.19798112863007,30.441536284228256,follower_1,,,,,1.1499999999999995,1338,ok,accepted,0,ok,0.8263132,0.0007883000071160495,0.7477903999970295,0.07738900001277216,1,0.0012959999999999638,0.01294950000000128,0,281.4782274373065,31.513570489102108,,3.5929306622048784,0,0,0,,,,,,,,,,,,0,18.79359750262831,0.31032533828160314,22.640395210395475,-0.17223382909397697,20.102744153438564,-0.2755354043885531,23.639093019713215,-0.12367231051772938,17.859883670514197,0.008048992801858047,31.184585272447396,-0.11161820017909509,31.149789001550534,-0.23830958570189503,30.3840814743301,-0.22083774099992967,27.826429090044698,-0.174560532550819
1362,4.6,empty_shadow,ADA,0,0,1361,4.55,1,1,321.20799761677205,-201.6800286279437,,,,,,,0,0,30.752773935772886,1.5260454922845668,0.9038142561912537,0.0,-0.006227530539035797,-0.007608363870531321,32.692501831910924,0.007533695465345294,1,0,30.430266963942373,12.018608031243014,30.420596901966082,follower_1,,,,,1.1999999999999993,1338,ok,accepted,0,ok,0.8263132,0.0007883000071160495,0.7477903999970295,0.07738900001277216,0,0.0012959999999999638,0.010807299999999742,0,282.418413028376,32.10937304435919,,3.569971372056301,0,0,0,,,,,,,,,,,,0,18.80940178040815,0.31608555821426376,22.630303419413817,-0.20183581597481903,20.0878935500185,-0.2970120694400122,23.631139384205557,-0.15907270845917554,17.86024605468403,0.007247681643404331,31.179284747554078,-0.10601049722434543,31.136864471644575,-0.25848900677649095,30.372076320334802,-0.24010154460910357,27.817537028980684,-0.17784122133811678
1363,4.65,empty_shadow,ADA,0,0,1362,4.6000000000000005,1,1,322.74789125288464,-201.70075880243925,,,,,,,0,0,30.830272109200646,1.549963468555191,0.9081379771232605,0.0,-0.006166413892060518,-0.007533695548772812,32.99844766309681,0.007495869530622376,1,0,30.411322633563742,11.83879293034298,30.403893736156604,follower_1,,,,,1.25,1338,ok,accepted,0,ok,0.8263132,0.0007883000071160495,0.7477903999970295,0.07738900001277216,1,0.0011903000000010877,0.011148999999999631,0,283.35936156405967,32.70831814478811,,3.5492411975607467,0,0,0,,,,,,,,,,,,0,18.825455922290175,0.3210828409594018,22.618845971129794,-0.22914896403197416,20.072108349631456,-0.3157040065966447,23.62152635630168,-0.19226055613761767,17.860564567817274,0.006370261384465712,31.174274144095197,-0.10021206936491961,31.123051135647266,-0.27626509644024,30.359228143077733,-0.256962052539075,27.80857248649792,-0.1792908495761039
1364,4.7,empty_shadow,ADA,0,0,1363,4.65,1,1,324.2916902330322,-201.71883261521285,,,,,,,0,0,30.908838700405795,1.5713318241029839,0.9120057225227356,0.0,-0.006166413892060518,-0.007533695548772812,32.99844766309681,0.007457812160061049,1,0,30.396558305407282,11.659073207650511,30.39146038359269,follower_1,,,,,1.2999999999999998,1338,ok,accepted,0,ok,0.8263132,0.0007883000071160495,0.7477903999970295,0.07738900001277216,0,0.0011903000000010877,0.011050799999999583,0,284.3011035567284,33.310375132266984,,3.531167384787153,0,0,0,,,,,,,,,,,,0,18.84171415135864,0.3251645856083273,22.606165917854703,-0.25360106577312946,20.0555277885007,-0.33161121840775365,23.610379819674456,-0.22293073062945637,17.86083921460979,0.005492935363031789,31.16954773978545,-0.09452808617217738,31.108471070242693,-0.2915997156397861,30.34565329304863,-0.2714955947826215,27.799623200930426,-0.17898571089849719
1365,4.75,empty_shadow,ADA,0,0,1364,4.7,1,1,325.83945570688604,-201.7345857387828,,,,,,,0,0,30.988636774892257,1.595961489729234,0.9144437909126282,0.0,-0.0009373354259878397,-0.0011451712343841791,32.449989,0.00741945416786155,0,0,30.386004611567884,11.479553019777912,30.382967450419248,follower_1,,,,,1.3499999999999996,1338,ok,stale_plan,0,ok,0.8263132,0.0007883000071160495,0.7477903999970295,0.07738900001277216,1,0.0011790000000004852,0.0131180999999998,0,285.24370003632947,33.915544126519706,,3.515414261217188,0,0,0,,,,,,,,,,,,0,18.85814213428418,0.3285596640760841,22.592381515182918,-0.2756880544668972,20.038300639576082,-0.344542970624325,23.597814215350375,-0.2513120845639124,17.86106808587808,0.004577425584526828,31.16511507151773,-0.0886533641908606,31.093236811173128,-0.30468366478211584,30.331475750974906,-0.28354957117805857,27.79076355914486,-0.17719283475417524
1366,4.8,empty_shadow,ADA,0,0,1365,4.75,1,1,327.39124871480436,-201.74803341111576,,,,,,,0,0,31.06916533688619,1.6105712398786665,0.9150922298431396,0.0,-0.0009373354259878397,-0.0011451712343841791,32.449989,0.00738104425663679,0,0,30.379692074827346,11.301024172442721,30.37830339126757,follower_1,,,,,1.3999999999999995,1338,ok,stale_plan,0,ok,0.8263132,0.0007883000071160495,0.7477903999970295,0.07738900001277216,0,0.0011790000000004852,0.009721799999997671,0,286.18708997291566,34.52394719785184,,3.501966588884244,0,0,0,,,,,,,,,,,,0,18.874694096251947,0.3310392454145327,22.577630092662115,-0.29502845062912286,20.020560416973847,-0.35480444021945867,23.58396115162022,-0.27706127244440987,17.861254996337856,0.0037382099127163506,31.160974231595883,-0.08281679538939479,31.077474245989375,-0.3152499101254973,30.316809957382922,-0.2933147632660322,27.782071762781076,-0.17383592577666596
1367,4.8500000000000005,empty_shadow,ADA,0,0,1366,4.800000000000001,1,1,328.9471302450912,-201.75903828229656,,,,,,,0,0,31.150243616541875,1.6215655931137007,0.9140342473983765,0.0,-0.00032744623604230583,-0.0004000510380137712,32.449989,0.007342672677723681,0,0,30.377620648337114,11.124018158123597,30.377525799805888,follower_1,,,,,1.4500000000000002,1338,ok,stale_plan,0,ok,0.8263132,0.0007883000071160495,0.7477903999970295,0.07738900001277216,1,0.0012143000000008897,0.012351800000001134,0,287.1313038840633,35.13561481699105,,3.490961717703442,0,0,0,,,,,,,,,,,,0,18.89133761140881,0.33287031000777745,22.562048979071598,-0.3116222693632053,20.00244635685433,-0.3622811865773769,23.568946512127784,-0.3002927877471008,17.861398039116526,0.0028608564842652314,31.157111868186885,-0.07724726275527063,31.061299724293185,-0.3234892022374606,30.30177798125985,-0.30063859033795975,27.773616476611757,-0.16910572218742265
1368,4.9,empty_shadow,ADA,0,0,1367,4.8500000000000005,1,1,330.5071003341843,-201.76770716384243,,,,,,,0,0,31.23154402664735,1.6260082021094746,0.9112054109573364,0.0,-0.00032744623604230583,-0.0004000510380137712,32.449989,0.007304495631700151,0,0,30.379881921263987,10.949165999537554,30.378978788520573,follower_1,,,,,1.5,1338,ok,stale_plan,0,ok,0.8263132,0.0007883000071160495,0.7477903999970295,0.07738900001277216,0,0.0012143000000008897,0.011419799999998759,0,288.07637228734865,35.7505165027988,,3.482292836157569,0,0,0,,,,,,,,,,,,0,18.90803262553057,0.33390028984609477,22.545769782079432,-0.3255839328554325,19.984095788818383,-0.36701134068900243,23.552903811994895,-0.32085400045883206,17.86150293521048,0.00209792222744319,31.15352607361371,-0.07171588337608097,31.044835314945868,-0.32928713443790975,30.286492355572108,-0.30571176940307515,27.76546445747288,-0.16304038012878508
1369,4.95,empty_shadow,ADA,0,0,1368,4.9,1,1,332.0711592683802,-201.77487928910298,,,,,,,0,0,31.312857011570514,1.6262596984633149,0.906157910823822,0.0,0.0059788110665977,0.007304495666176081,32.090155048360444,0.0072666097099795745,1,0,30.386354109598955,10.776941291166438,30.38509541088351,follower_1,,,,,0.75,1354,ok,accepted,1,ok,0.6439355,0.0007622000121045858,0.5959554000000935,0.04688209999585524,1,0.0012059999999998183,0.012134100000000814,0,289.02229519318263,36.368652531160706,,3.4751207108970164,0,0,0,,,,,,,,,,,,0,18.924739084444138,0.3341291858696467,22.528924106863922,-0.33691349206664517,19.965642226900773,-0.3690712144696852,23.53595893557485,-0.33889752625062475,17.861571592847447,0.0013731535817088918,31.15020158828796,-0.06648969589028417,31.028201179784713,-0.3326818417441084,30.271061796730486,-0.30861061224264597,27.757676742036153,-0.15575430586920921
1370,5.0,empty_shadow,ADA,0,0,1369,4.95,1,1,333.6392156354952,-201.78096667659125,,,,,,,0,0,31.393599917191267,1.6148581124150496,0.89885014295578,0.0,0.0059788110665977,0.007304495666176081,32.090155048360444,0.007229280305449876,1,0,30.39697632394021,10.608041749514056,30.396095438824993,follower_1,,,,,0.7999999999999998,1354,ok,accepted,0,ok,0.6439355,0.0007622000121045858,0.5959554000000935,0.04688209999585524,0,0.0012059999999998183,0.010204500000000394,0,289.9690115455909,36.98999254586744,,3.469033323408752,0,0,0,,,,,,,,,,,,0,18.941422655281187,0.3336714248281033,22.51165118778471,-0.3454583647937268,19.947215363891175,-0.36853723705678665,23.518241582620742,-0.35434705697349433,17.86160210720077,0.0006102873276670286,31.147134597582152,-0.0613398008927062,31.011502221696606,-0.33397849355063436,30.25559883606043,-0.3092588131444351,27.750301013491725,-0.14751456771318294
1371,5.05,empty_shadow,ADA,0,0,1370,5.0,1,1,335.21130009885655,-201.78639656196535,,,,,,,0,0,31.4733400870855,1.594803397884661,0.8898681998252869,0.0,0.005917246453464031,0.007229280192404985,32.35723191183141,0.007192696080674436,1,0,30.411809734780533,10.443089807946137,30.411761871491922,follower_1,,,,,0.8499999999999996,1354,ok,accepted,0,ok,0.6439355,0.0007622000121045858,0.5959554000000935,0.04688209999585524,1,0.001196000000000197,0.010593800000002318,0,290.9165823901369,37.61450616468278,,3.463603438034653,0,0,0,,,,,,,,,,,,0,18.958043284746786,0.3324125967133517,22.494080722753306,-0.3514092811724023,19.928935363178656,-0.3655999920067657,23.49988717614906,-0.3670881271156099,17.86160401296612,3.811540427235299e-05,31.144319379506744,-0.05630434568756,30.994849064329323,-0.3330626582858434,30.24021028266968,-0.30777080766227294,27.743384955218023,-0.13832116194303287
1372,5.1000000000000005,empty_shadow,ADA,0,0,1371,5.050000000000001,1,1,336.787290723499,-201.79156571536095,,,,,,,0,0,31.551644385753125,1.5660859733525,0.8794187903404236,0.0,0.005917246453464031,0.007229280192404985,32.35723191183141,0.0071570401975879485,1,0,30.43064085963097,10.282656535619621,30.42925418194073,follower_1,,,,,0.9000000000000004,1354,ok,accepted,0,ok,0.6439355,0.0007622000121045858,0.5959554000000935,0.04688209999585524,0,0.001196000000000197,0.014866800000000069,0,291.86497721444977,38.24210196501235,,3.458434284639054,0,0,0,,,,,,,,,,,,0,18.974568548024287,0.33050527135355634,22.476338596317728,-0.35484250834027803,19.910924295791002,-0.3602213267963502,23.481023507137287,-0.3772733780229615,17.86157921799708,-0.0004958994131532302,31.141744489210293,-0.051497788004769854,30.978350423910648,-0.3299724756416385,30.22499341018189,-0.3043373043097874,27.736970529586614,-0.12828850899306846
1373,5.15,empty_shadow,ADA,0,0,1372,5.1000000000000005,1,1,338.3671877124327,-201.79706922951684,,,,,,,0,0,31.628100238362475,1.5291170521869901,0.8678964972496033,0.0,0.005858117248862982,0.007157040294259787,32.52249253147889,0.007122481201204099,1,0,30.453500419078097,10.127115857983265,30.450477914994018,follower_1,,,,,0.9500000000000002,1354,ok,accepted,0,ok,0.6439355,0.0007622000121045858,0.5959554000000935,0.04688209999585524,1,0.0014787999999974488,0.011438399999999405,0,292.81419600811864,38.872780160277216,,3.4529307704831638,0,0,0,,,,,,,,,,,,0,18.990962204913046,0.32787314359619557,22.45855260009839,-0.35571990499174205,19.893298508547375,-0.3525157272234722,23.46177836866254,-0.38490276722730693,17.861529628279698,-0.0009917944355658285,31.139402297089482,-0.046843822616995386,30.962099759023374,-0.3250130965892046,30.21004549162174,-0.29895830793074846,27.73109779099055,-0.11745476823108997
1374,5.2,empty_shadow,ADA,0,0,1373,5.15,1,1,339.9508081319774,-201.80341070690744,,,,,,,0,0,31.70234202787504,1.4848357902513243,0.8554359078407288,0.0,0.005858117248862982,0.007157040294259787,32.52249253147889,0.00708916196902314,1,0,30.48026651459432,9.97679332587889,30.47539386413723,follower_1,,,,,1.0,1354,ok,accepted,0,ok,0.6439355,0.0007622000121045858,0.5959554000000935,0.04688209999585524,0,0.0014787999999974488,0.00964659999999995,0,293.764238776349,39.506357811591556,,3.4465892930925577,0,0,0,,,,,,,,,,,,0,19.007184202660525,0.32443995828491645,22.440844802677862,-0.35415593200194556,19.876160998686178,-0.3427501831454366,23.442279552414398,-0.38997632278466926,17.86145906026759,-0.0014113605780715379,31.137281358352947,-0.04241875364899219,30.946188620866348,-0.318222662635723,30.195458077697015,-0.29174826304014323,27.725787720297483,-0.1062014101503961
1375,5.25,empty_shadow,ADA,0,0,1374,5.2,1,1,341.53799956602916,-201.81109373959643,,,,,,,0,0,31.77406863604387,1.4345321633766162,0.8422170281410217,0.0,0.0058025578036904335,0.007089161779731512,32.58275476409659,0.00705719308741802,1,0,30.510603593385255,9.831843127496008,30.50373016777368,follower_1,,,,,1.0499999999999998,1354,ok,accepted,0,ok,0.6439355,0.0007622000121045858,0.5959554000000935,0.04688209999585524,1,0.001179799999999176,0.011619899999999461,0,294.71504448398804,40.142743538004254,,3.43890626040357,0,0,0,,,,,,,,,,,,0,19.023207838034757,0.32047270895981583,22.423331552241244,-0.3502649956641364,19.85961666891423,-0.33088658615164823,23.422652943471412,-0.39253217675267615,17.86137323570085,-0.0017164914036381475,31.135377858572966,-0.03806997325211952,30.930710467646016,-0.3095630295926231,30.18131318407544,-0.2828978740022281,27.721067020422616,-0.09441399380049958
1376,5.3,empty_shadow,ADA,0,0,1375,5.25,1,1,343.12879269873685,-201.82060659839462,,,,,,,0,0,31.84302579128607,1.3791431048439762,0.8282449245452881,0.0,0.0058025578036904335,0.007089161779731512,32.58275476409659,0.0070266620063051425,1,0,30.544725471084803,9.692357271423802,30.535746847520848,follower_1,,,,,1.0999999999999996,1354,ok,accepted,0,ok,0.6439355,0.0007622000121045858,0.5959554000000935,0.04688209999585524,0,0.001179799999999176,0.011185199999999895,0,295.66670468376486,40.78187647093512,,3.429393401605381,0,0,0,,,,,,,,,,,,0,19.038993056670233,0.31570437221866476,22.406121566491233,-0.34419970568108005,19.843757071666193,-0.3171919402196663,23.403016795548115,-0.39272295683334835,17.86127215289048,-0.002021656625813529,31.133668906619544,-0.03417901767888875,30.91574540705063,-0.29930120944374994,30.16768710404831,-0.2725215897918261,27.716949042881215,-0.08235954719036379
1377,5.3500000000000005,empty_shadow,ADA,0,0,1376,5.300000000000001,1,1,344.72282142849735,-201.83226984278298,,,,,,,0,0,31.908993817436414,1.3193605230068783,0.8134844303131104,0.0,0.00575140118598938,0.007026662118732929,32.53657154497173,0.0069976394224814855,1,0,30.58211346861887,9.55839542539328,30.570960621127306,follower_1,,,,,1.1500000000000004,1354,ok,accepted,0,ok,0.6439355,0.0007622000121045858,0.5959554000000935,0.04688209999585524,1,0.0012274999999988268,0.012285099999999716,0,296.6191278281558,41.42348205630469,,3.4177301572170222,0,0,0,,,,,,,,,,,,0,19.0545112480728,0.31036382594150064,22.38932165678649,-0.3359981893375079,19.828668038349882,-0.3017806649055552,23.383485547806238,-0.390624954057675,17.86116344301736,-0.0021741972364581175,31.13214305772248,-0.030516958366306367,30.90136782494384,-0.2875516401522988,30.154659945748513,-0.2605431183148186,27.713450953814824,-0.06996177776362832
1378,5.4,empty_shadow,ADA,0,0,1377,5.3500000000000005,1,1,346.3200553782798,-201.84649547045302,,,,,,,0,0,31.971772750268435,1.2555786566404237,0.7979251742362976,0.0,0.00575140118598938,0.007026662118732929,32.53657154497173,0.0069701865318972,1,0,30.622737198545963,9.429957481796674,30.609366075988877,follower_1,,,,,1.2000000000000002,1354,ok,accepted,0,ok,0.6439355,0.0007622000121045858,0.5959554000000935,0.04688209999585524,0,0.0012274999999988268,0.010041799999999768,0,297.5723139067501,42.06752992749284,,3.4035045295469786,0,0,0,,,,,,,,,,,,0,19.06972617260265,0.30429848699572626,22.37303291327308,-0.3257748665535762,19.814435398598533,-0.28465279632679447,23.3641812713582,-0.3860855288704401,17.861049009471426,-0.002288671214597645,31.13078314560266,-0.027198225221704963,30.887644478338235,-0.27446690208922275,30.14229083713948,-0.24738206778672134,27.710568938561977,-0.057640301585033284
1379,5.45,empty_shadow,ADA,0,0,1378,5.4,1,1,347.92028102395227,-201.86357347125548,,,,,,,0,0,32.0311849386336,1.1882437673033053,0.7814070582389832,0.0,0.005705175455659628,0.006970186717808247,32.384162870885504,0.006944354415101362,1,0,30.666535735026457,9.307045066386454,30.650920081610835,follower_1,,,,,1.25,1354,ok,accepted,0,ok,0.6439355,0.0007622000121045858,0.5959554000000935,0.04688209999585524,1,0.0017744000000021742,0.013726699999999425,0,298.5262629247531,42.71380655516231,,3.386426528744522,0,0,0,,,,,,,,,,,,0,19.084607312771485,0.29762279835992833,22.357352609734274,-0.313606068972828,19.801122095996796,-0.26626605429719397,23.345212684283524,-0.3793717422423314,17.86093267101243,-0.0023267686256556023,31.12957009508468,-0.024260998924375343,30.87463830949926,-0.2601232951442284,30.13062936892726,-0.23322919058524066,27.708310626507192,-0.04516623771699002
1380,5.5,empty_shadow,ADA,0,0,1379,5.45,1,1,349.52337638370085,-201.8837632862325,,,,,,,0,0,32.087053268502615,1.1173665973802827,0.7639236450195312,0.0,0.005705175455659628,0.006970186717808247,32.384162870885504,0.0069201939335116775,1,0,30.713173468006744,9.189627054092469,30.695304538235835,follower_1,,,,,1.2999999999999998,1354,ok,accepted,0,ok,0.6439355,0.0007622000121045858,0.5959554000000935,0.04688209999585524,0,0.0017744000000021742,0.010331400000001878,0,299.4809138470122,43.36225099265181,,3.366236713767506,0,0,0,,,,,,,,,,,,0,19.099122244416975,0.2902986259817674,22.342358949146835,-0.29987321094543146,19.788802516440562,-0.24639159317065162,23.32668659666807,-0.3705217536158272,17.86081633205141,-0.002326779394297068,31.128494370350477,-0.021514484551369534,30.86240653897512,-0.24463525928722385,30.119736576572173,-0.21785559612980754,27.706670295609225,-0.0328066146761915
1381,5.55,empty_shadow,ADA,0,0,1380,5.5,1,1,351.1291276054541,-201.90639360157977,,,,,,,0,0,32.13961414788637,1.0512175876750973,0.7456967830657959,0.0,-0.0024799364618957043,-0.006920193787664175,32.449989,0.0068975786955658095,1,0,30.762467057786267,9.07737477137079,30.74284510032924,follower_1,,,,,1.3499999999999996,1354,ok,stale_plan,0,ok,0.6439355,0.0007622000121045858,0.5959554000000935,0.04688209999585524,1,0.001186499999999313,0.01408050000000216,0,300.43626667352726,44.01264938788995,,3.343606398420235,0,0,0,,,,,,,,,,,,0,19.11324235647631,0.2824022333472977,22.328133947123792,-0.2845000402544614,19.77752434415403,-0.2255634461185778,23.308700287937125,-0.359726175445457,17.860703809731504,-0.0022504456019659166,31.12754452527943,-0.018996895289564882,30.850993035818473,-0.22826983105362775,30.10964679083503,-0.20179539060061072,27.705628872362755,-0.020828461734016424
1382,5.6000000000000005,empty_shadow,ADA,0,0,1381,5.550000000000001,1,1,352.7372903768232,-201.93096096057377,,,,,,,0,0,32.18837191056481,0.975155253568829,0.7264701128005981,0.0,-0.005664255935698748,-0.006920193787664175,32.449989,0.006876698784015342,1,0,30.814263755116144,8.970376335816463,30.793769683234945,follower_1,,,,,1.4000000000000004,1354,ok,stale_plan,0,ok,0.6439355,0.0007622000121045858,0.5959554000000935,0.04688209999585524,0,0.001186499999999313,0.00872330000000332,0,301.3923214095038,44.66475742328254,,3.3190390394262295,0,0,0,,,,,,,,,,,,0,19.126937132135108,0.2738955040568555,22.31474245407894,-0.2678298609103847,19.767337171590718,-0.20374344886146803,23.291351030208595,-0.34698515459632917,17.860597008536267,-0.0021360240368512385,31.126712930355186,-0.01663189519679084,30.840434038589834,-0.21117963106285353,30.100405787400952,-0.18481967859103027,27.705176820020906,-0.009041043724720076
1383,5.65,empty_shadow,ADA,0,0,1382,5.6000000000000005,1,1,354.34780361580715,-201.9573280549425,,,,,,,0,0,32.23317892458859,0.8961402804756347,0.7064948081970215,0.0,-0.005628654267638922,-0.006876698695123196,32.449989,0.0068575942139913046,1,0,30.86853298516087,8.86858576762562,30.84794732384018,follower_1,,,,,1.4500000000000002,1354,ok,stale_plan,0,ok,0.6439355,0.0007622000121045858,0.5959554000000935,0.04688209999585524,1,0.0011700999999995076,0.01423289999999966,0,302.3490780445309,45.31851402723936,,3.292671945057492,0,0,0,,,,,,,,,,,,0,19.140177959580836,0.26481654001026217,22.302256950373216,-0.24971007416193478,19.758275330565407,-0.18123681436302652,23.274720840689078,-0.3326037889852051,17.860503559153326,-0.0018689868082853284,31.125984326201966,-0.014572082383470712,30.83076197200939,-0.19344093985056532,30.092032639086348,-0.16746252139859044,27.70529125037302,0.0022886100842631307
1384,5.7,empty_shadow,ADA,0,0,1383,5.65,1,1,355.96045359526363,-201.9851897817979,,,,,,,0,0,32.27392013533853,0.8148242149987084,0.6859093904495239,0.0,-0.005628654267638922,-0.006876698695123196,32.449989,0.0068402922174133195,1,0,30.92493896088348,8.772057194101158,30.90485883694334,follower_1,,,,,1.5,1354,ok,stale_plan,1,ok,0.7514726,0.0007899999909568578,0.7057277999992948,0.044619399996008724,0,0.0011700999999995076,0.010364700000000227,0,303.30650606103234,45.97373599019443,,3.2648102182020864,0,0,0,,,,,,,,,,,,0,19.15293623019468,0.2551654027017997,22.29072893357095,-0.23056033598217393,19.750373154879124,-0.15804350355228905,23.258903182749226,-0.3163531560321227,17.860421545384906,-0.0016402753014873735,31.125347269169065,-0.012741140939060015,30.82200163039686,-0.17520637455039187,30.084552139835246,-0.14960950195441985,27.70595118257659,0.013198647051136582
1385,5.75,empty_shadow,ADA,0,0,1384,5.7,1,1,357.5749047363713,-202.01488194899838,,,,,,,0,0,32.310171573854426,0.7250287703179481,0.6618554592132568,0.0,0.002556457882747054,0.006840292364358902,30.404705079910098,0.006824951932487068,1,0,30.98314609825738,8.681061216252816,30.963541218828443,follower_1,,,,,0.9499999999999993,1366,ok,accepted,0,ok,0.7514726,0.0007899999909568578,0.7057277999992948,0.044619399996008724,1,0.001946799999998916,0.014114800000001537,0,304.26451392189523,46.630179270439214,,3.2351180510016206,0,0,0,,,,,,,,,,,,0,19.16518333360855,0.24494205840764333,22.280198459727007,-0.21060947676865524,19.74364590292872,-0.13454502426918477,23.24397244413927,-0.2986147686181681,17.860356689983952,-0.001297108255473456,31.124794130081906,-0.011062781717734439,30.814162549666943,-0.1567811048631249,30.07797382551792,-0.13156577870986302,27.70712800637205,0.023536478841744934
1386,5.8,empty_shadow,ADA,0,0,1385,5.75,1,1,359.19100448248093,-202.04649616132687,,,,,,,0,0,32.341712770277454,0.6308239284605577,0.6348093152046204,0.0,0.005598855670541525,0.006840292364358902,30.404705079910098,0.00681164679186882,1,0,31.04300183542776,8.595730860379724,31.02336055200982,follower_1,,,,,0.9999999999999991,1366,ok,accepted,0,ok,0.7514726,0.0007899999909568578,0.7057277999992948,0.044619399996008724,0,0.001946799999998916,0.00943449999999757,0,305.2231321655174,47.28766077292664,,3.2035038386731287,0,0,0,,,,,,,,,,,,0,19.176894473425243,0.23422278692601928,22.270718934212667,-0.1895905101003939,19.738106926814925,-0.1107795030519854,23.229989668627248,-0.2796555095874064,17.860308994172595,-0.0009539175597623909,31.124305835706373,-0.009765886012068594,30.80725808039286,-0.13808883854340456,30.072311043314464,-0.11325513741897283,27.708795020746155,0.0333402898392084
1387,5.8500000000000005,empty_shadow,ADA,0,0,1386,5.800000000000001,1,1,360.80847809211906,-202.07978837186957,,,,,,,0,0,32.368188632581564,0.5295172460822073,0.6046610474586487,0.0,0.005575408693403006,0.006811646744608879,30.110195053427745,0.006800508392684208,1,0,31.104200923755656,8.516146993767,31.084026007636396,follower_1,,,,,1.0499999999999998,1366,ok,accepted,0,ok,0.7514726,0.0007899999909568578,0.7057277999992948,0.044619399996008724,1,0.0011994999999984657,0.01606789999999947,0,306.1823302378848,47.945936310197396,,3.1702116281304313,0,0,0,,,,,,,,,,,,0,19.188046756165164,0.22304564860256798,22.262307523304276,-0.1682282179305406,19.73376004751164,-0.08693756596586025,23.21702738988888,-0.2592456038037833,17.860284185052492,-0.000496183419316472,31.123872849237536,-0.008659725344916613,30.801288218607212,-0.11939667844274038,30.067558069553794,-0.09505898302375053,27.71090835801545,0.04226674677658207
1388,5.9,empty_shadow,ADA,0,0,1387,5.8500000000000005,1,1,362.4271729357608,-202.11463656237498,,,,,,,0,0,32.38908089690049,0.41784528637847984,0.5717000961303711,0.0,0.005575408693403006,0.006811646744608879,30.110195053427745,0.006791738287367487,1,0,31.16665175845816,8.44254687480465,31.145575248528004,follower_1,,,,,1.0999999999999996,1366,ok,accepted,0,ok,0.7514726,0.0007899999909568578,0.7057277999992948,0.044619399996008724,0,0.0011994999999984657,0.01025229999999766,0,307.14204711425555,48.60491427746837,,3.135363437625017,0,0,0,,,,,,,,,,,,0,19.198609666456537,0.21125820165480355,22.25499856026741,-0.14617926054540575,19.730595726882694,-0.06328639142066235,23.205133677322987,-0.23787458940406472,17.860282265910875,-3.838308766677517e-05,31.123487541829817,-0.007706140826440541,30.79625677705856,-0.10062828033401902,30.063709179438487,-0.07697734012122694,27.713433685423226,0.050506548724593
1389,5.95,empty_shadow,ADA,0,0,1388,5.9,1,1,364.04660077903304,-202.15117822850908,,,,,,,0,0,32.40389834578923,0.2963489777748407,0.5359485149383545,0.0,0.005559113342314959,0.006791738327592611,29.814348126026164,0.006785528532297399,1,0,31.229835597996555,8.375180531376627,31.207593249053282,follower_1,,,,,1.1499999999999995,1366,ok,accepted,0,ok,0.7514726,0.0007899999909568578,0.7057277999992948,0.044619399996008724,1,0.0033002000000017517,0.013492600000002852,0,308.1022522666425,49.26413696835368,,3.0988217714909183,0,0,0,,,,,,,,,,,,0,19.208566037586905,0.1991274202680434,22.248792043966702,-0.12413032580208438,19.728602521790364,-0.039864081432775436,23.194365341774766,-0.21536693613442287,17.86030323590092,0.00041940022283136653,31.12313274789599,-0.007095867551209669,30.792137050838903,-0.08239399579101939,30.06074911216188,-0.05920092314713922,27.716344300446845,0.05821230030118383
1390,6.0,empty_shadow,ADA,0,0,1389,5.95,1,1,365.6664870366242,-202.18962708700337,,,,,,,0,0,32.412191964303155,0.16587237027849255,0.49790680408477783,0.0,0.005559113342314959,0.006791738327592611,29.814348126026164,0.006782056526502281,1,0,31.29363043973555,8.314282481238784,31.270040286619675,follower_1,,,,,1.1999999999999993,1366,ok,accepted,0,ok,0.7514726,0.0007899999909568578,0.7057277999992948,0.044619399996008724,0,0.0033002000000017517,0.008419799999998645,0,309.062945700251,49.92332979233629,,3.060372912996627,0,0,0,,,,,,,,,,,,0,19.217892980756194,0.18653886247367873,22.243701326795527,-0.10181434326538902,19.72775372873956,-0.0169758420022468,23.184758154810197,-0.19214361472753042,17.860349002456356,0.0009153319663280452,31.122800839038767,-0.00663816219917545,30.788919500350456,-0.0643505183739019,30.05865879087755,-0.04180605370014703,27.719596334869337,0.06504068786052251
