frame,time_s,condition,controller,hidden_visible,hidden_lidar_hits,lidar_frame,lidar_time_s,lidar_is_new,semantic_lidar_reveal_armed,ego_station_m,ego_local_y_m,hidden_station_m,hidden_local_y_m,hidden_reference_y_m,hidden_lateral_error_m,hidden_commanded_ay_mps2,hidden_road_lateral_velocity_mps,hidden_observation_submitted,hidden_aware_plan,ego_speed_mps,ego_accel_mps2,ego_throttle,ego_brake,ego_steer,commanded_ackermann_steer_rad,target_speed_mps,steer_limit_rad,steering_envelope_active,shield_active,minimum_clearance_m,minimum_ttc_s,minimum_oriented_clearance_m,minimum_oriented_clearance_actor_role,minimum_ttc_2d_s,minimum_ttc_2d_actor_role,hidden_oriented_clearance_m,hidden_ttc_2d_s,plan_age_s,plan_source_frame,plan_status,plan_rejection_reason,new_plan,latest_plan_status,planner_total_s,planner_decision_s,planner_mpc_s,planner_field_s,low_level_updated,low_level_time_s,physics_control_cycle_time_s,physics_control_deadline_miss,occluder_station_m,ego_pass_clearance_ahead_occluder_m,hidden_pass_clearance_ahead_occluder_m,ego_target_lane_error_m,ego_centre_lane_overlap,hidden_centre_lane_overlap,concurrent_centre_lane_overlap,hidden_center_geometric_visible_now,hidden_center_los_blocked,hidden_footprint_fully_blocked,hidden_footprint_blocked_sample_count,hidden_footprint_sample_count,hidden_footprint_blocked_sample_fraction,hidden_center_in_range,hidden_center_in_horizontal_fov,hidden_center_geometric_range_m,hidden_center_geometric_bearing_rad,hidden_center_geometric_clear_streak,hidden_center_geometric_reveal_confirmed,occluder_speed_mps,occluder_accel_mps2,lead_left_speed_mps,lead_left_accel_mps2,lead_centre_speed_mps,lead_centre_accel_mps2,lead_right_speed_mps,lead_right_accel_mps2,rear_centre_speed_mps,rear_centre_accel_mps2,follower_1_speed_mps,follower_1_accel_mps2,follower_2_speed_mps,follower_2_accel_mps2,follower_3_speed_mps,follower_3_accel_mps2,follower_4_speed_mps,follower_4_accel_mps2
1256,0.05,true_threat,ADA,0,0,1255,,0,0,180.88976518998263,-201.7489555523681,199.11566653973347,-208.7535415919982,-208.75,0.003850663054464576,-0.007193676037604732,0.0057078924895424404,0,0,32.56000591830123,0.0,0.56830233335495,0.0,-0.0017709070816636086,-0.002163571072742343,32.49878928629689,0.0067206206143526305,0,0,7.361400800164801,13.095015412595755,7.361376486453886,occluder,,,14.238063852789535,,0.05,1255,ok,accepted,1,ok,0.5262421,0.0008126999891828746,0.49235300000873394,0.032305500004440546,1,0.0014566999999985342,0.01629559999999941,0,194.84225595333106,-20.6327023073853,-2.464522810890685,3.501044447631898,0,0,0,0,1,1,9,9,1.0,1,1,18.404679810744796,-0.3904808325304605,0,0,18.449162660530316,0.16277330861658604,22.385457279148753,0.32489760743814533,21.550738681341944,0.8540723436257368,24.364482411419274,1.74743672304224,16.93737703634912,-0.13359074721519457,31.237887838121594,1.261501317501774,32.314443709734476,2.1241762811186287,30.65486909399536,0.18516532597698335,31.884513947970195,2.0540239353437513
1257,0.1,true_threat,ADA,0,0,1256,0.05,1,0,182.51888503069833,-201.7485828992805,200.5168505766698,-208.75317040306834,-208.75,0.0035415919981858224,-0.00910107915658411,0.00663019597507376,0,0,32.60190203164614,0.8379222668982322,0.5618324875831604,0.0,-0.0017709070816636086,-0.002163571072742343,32.49878928629689,0.006703359135335508,0,0,6.664465613429273,13.020614169360302,6.664302765556745,occluder,,,14.025794782830832,,0.1,1255,ok,accepted,0,ok,0.5262421,0.0008126999891828746,0.49235300000873394,0.032305500004440546,0,0.0014566999999985342,0.011932399999999177,0,195.76492446078151,-19.92625097412005,-1.9860072814047953,3.501417100719493,0,0,0,0,1,1,9,9,1.0,1,1,18.19424150777072,-0.39556076571747417,0,0,18.45681304622994,0.15300771012006634,22.40831875212713,0.4572294610629784,21.5759232991448,0.5036923591892775,24.431027907498482,1.3309099220360676,16.933716832352204,-0.0732040799448648,31.285887988350012,0.9602519991195888,32.39673818294106,1.6458894652408271,30.667901999771065,0.260658115707492,31.9638310466258,1.586341973266682
1258,0.15000000000000002,true_threat,ADA,0,0,1257,0.1,1,0,184.1495306461237,-201.74790454989054,201.9202318738979,-208.7527832057743,-208.75,0.003170403068338601,-0.010815495911436518,0.0074176768700596665,0,0,32.62247505129695,0.4114603930162275,0.5578063726425171,0.0,-0.001568916835822165,-0.001916793524287641,32.19878909783615,0.006694907248613093,0,0,5.96871536260858,12.976378889223612,5.968393346556811,occluder,,,13.814772518757593,,0.15000000000000002,1255,ok,accepted,0,ok,0.5262421,0.0008126999891828746,0.49235300000873394,0.032305500004440546,1,0.0011979000000010842,0.016368899999999798,0,196.6879896915191,-19.218670589432264,-1.5056912149142931,3.502095450109465,0,0,0,0,1,1,9,9,1.0,1,1,17.985017875858713,-0.40088093877990666,0,0,18.463963708014912,0.14301323213136555,22.433402287071473,0.5016707002240689,21.58671887582738,0.21591153848302055,24.478780297929035,0.9550478093671447,16.932597215577935,-0.022392335483550088,31.322633069208646,0.7350832655557448,32.45747579795318,1.2147523005209788,30.68146132981002,0.2711866019998274,32.022173028500895,1.1668396372525822
1259,0.2,true_threat,ADA,0,0,1258,0.15000000000000002,1,0,185.77968787621973,-201.74692119130953,203.32513906035425,-208.75242600551775,-208.75,0.002783205774306907,-0.012271523808823698,0.00805449357126068,0,0,32.600683886699535,-0.43582329194833846,0.5586835145950317,0.0,-0.001568916835822165,-0.001916793524287641,32.19878909783615,0.006703860080100712,0,0,5.276983265598349,12.984120091839447,5.276532390520666,occluder,,,13.606284243535335,,0.2,1255,ok,accepted,0,ok,0.5262421,0.0008126999891828746,0.49235300000873394,0.032305500004440546,0,0.0011979000000010842,0.00909950000000137,0,197.61139061559655,-18.511914283413688,-1.0241849525353928,3.503078808690475,0,0,0,0,1,1,9,9,1.0,1,1,17.778260047861565,-0.40637678104764563,0,0,18.470601295267713,0.13275174170934495,22.456788281361717,0.46771988715682994,21.585542022793085,-0.023537054206853814,24.50996164349446,0.6236269123859083,16.93361955174177,0.020446723290370988,31.350712044762723,0.5617021327231004,32.49941839593219,0.8388519594270935,30.691900233177353,0.20877807034345786,32.06221208936569,0.800781217054187
1260,0.25,true_threat,ADA,0,0,1259,0.2,1,0,187.40865478029264,-201.74552625146814,204.73099225003432,-208.75194641222168,-208.75,0.0024260055177478534,-0.013429992764157067,0.008539331765752972,0,0,32.57878799358944,-0.4379178622019708,0.5833871960639954,0.0,-0.0010655386140570045,-0.0013018009485676885,31.89878825871223,0.006712874038668921,0,0,4.591411840492699,12.986535017637793,4.590926527447038,occluder,,,13.40044044191034,,0.25,1255,ok,accepted,0,ok,0.5262421,0.0008126999891828746,0.49235300000873394,0.032305500004440546,1,0.00118980000000235,0.012142000000000763,0,198.53512723301384,-17.806683996758068,-0.5420683802726103,3.504473748531865,0,0,0,0,1,1,9,9,1.0,1,1,17.57404524993723,-0.4119867383641973,0,0,18.47670673350395,0.12210876196467155,22.475699636923643,0.37822711234305756,21.574134150600006,-0.2281574361281232,24.52694277931832,0.3396227180405437,16.93648438694839,0.05729670416417695,31.371701312664175,0.4198597027634176,32.52501119790808,0.5118560393286754,30.696111638795376,0.08422811787988065,32.086206529448916,0.4798888018698776
1261,0.3,true_threat,ADA,0,0,1260,0.25,1,1,189.04027654693547,-201.74364212466747,206.1372421682069,-208.7514666835855,-208.75,0.001946412221684568,-0.014424731740415813,0.008878811954313037,0,0,32.67097053343702,1.8436507969516924,0.5934031009674072,0.0,-0.0010655386140570045,-0.0013018009485676885,31.89878825871223,0.006675047285302946,0,0,3.9106734548573456,12.835859940239143,3.9103180174793066,occluder,,,13.193287239886864,,0.3,1255,ok,accepted,0,ok,0.5262421,0.0008126999891828746,0.49235300000873394,0.032305500004440546,0,0.00118980000000235,0.016283500000000117,0,199.4591079910419,-17.09904298814328,-0.059799220128070374,3.506357875332526,0,0,0,0,1,1,9,9,1.0,1,1,17.368426890580896,-0.4177937772201001,0,0,18.482268579363712,0.11123691495645457,22.488810744625052,0.26222215472469257,21.553708331959733,-0.4085163634202355,24.53190571129934,0.09925864157817647,16.940991449589305,0.09014125286505394,31.386389803521297,0.29380779790548534,32.53624166068082,0.224609255685899,30.69216721964192,-0.07888837528173792,32.09616288001038,0.19912701240192268
1262,0.35000000000000003,true_threat,ADA,0,0,1261,0.30000000000000004,1,1,190.67577387920224,-201.7412683944765,207.5433700160741,-208.75098699659245,-208.75,0.0014666835855052796,-0.015175415251085149,0.00908264562193854,0,0,32.733274677174904,1.2460828747576613,0.48952725529670715,0.0,-0.0003923888725694269,-0.0004793934349436313,31.598787291760285,0.006649661799448388,0,0,3.2382864563762235,12.717029957440126,3.2383288509219783,occluder,,,12.983276941543291,,0.35000000000000003,1255,ok,accepted,0,ok,0.5262421,0.0008126999891828746,0.49235300000873394,0.032305500004440546,1,0.001175700000001001,0.013358799999998894,0,200.38336340725712,-16.387801072091747,0.42207321152389454,3.508731605523508,0,0,0,0,1,1,9,9,1.0,1,1,17.15983144051308,-0.4237946113320057,0,0,18.4872696664654,0.10002174037522471,22.496131140961605,0.14640792789807014,21.525096172063368,-0.5722431874661994,24.526700568400898,-0.10410285542019902,16.947012947281245,0.12042995389466848,31.39506127709308,0.1734433344540992,32.53482639885665,-0.02830523537611801,30.67959586133597,-0.25142715636942914,32.09378631058809,-0.047531385745687715
1263,0.4,true_threat,ADA,0,0,1262,0.35000000000000003,1,1,192.31349882797002,-201.73840562307714,208.94891803519607,-208.75052276619235,-208.75,0.0009869965924451662,-0.01570471676993909,0.00916350780216401,0,0,32.766778397894214,0.6700744143861925,0.41103535890579224,0.0,-0.0003923888725694269,-0.0004793934349436313,31.598787291760285,0.006636070718530873,0,0,2.5852108757618337,12.628710922490365,2.5860769639036514,occluder,,,12.77157375267246,,0.4,1255,ok,accepted,1,ok,0.3279006,0.0007512000156566501,0.31926339998608455,0.00752210000064224,0,0.001175700000001001,0.011783700000002284,0,201.30786296408314,-15.674575680149985,0.9031216738198395,3.511594376922858,0,0,0,0,1,1,9,9,1.0,1,1,16.949391586938468,-0.4299532058511042,0,0,18.49169092026982,0.08842507512101855,22.498645019749933,0.05027757670977805,21.488892764586765,-0.7240681384939194,24.512784565022606,-0.2783200643690573,16.954453511272973,0.14881127992405388,31.397725107966725,0.05327827697367667,32.52217303531566,-0.2530672683208814,30.65927303764687,-0.4064564627573353,32.08048825974531,-0.26596101223202345
1264,0.45,true_threat,ADA,0,0,1263,0.4,1,1,193.95213914266125,-201.73506951692104,210.3534589690931,-208.75004362055972,-208.75,0.000522766192347035,-0.016024718441431968,0.009134961886283108,0,0,32.777031199545874,0.20505603303320186,0.3530805706977844,0.0,0.00033700434141792357,0.0004117284552194178,31.2987867324315,0.00663191990451849,0,0,1.9738991965070392,12.565157558805822,1.9762915049731746,occluder,,,12.559025460228712,,0.45,1255,ok,accepted,0,ok,0.3279006,0.0007512000156566501,0.31926339998608455,0.00752210000064224,1,0.001225399999999155,0.013293899999997194,0,202.23254562636725,-14.960618027742868,1.3829799454327656,3.514930483078956,0,0,0,0,1,1,9,9,1.0,1,1,16.73791980251948,-0.43621580501108176,0,0,18.495522803939316,0.07663767314092203,22.49784392706139,-0.016021852939180625,21.445588297610122,-0.8660893277466961,24.491263963416102,-0.43041202822420616,16.96322349776996,0.17539973001608694,31.394261224282655,-0.06927738323708171,32.49942216517556,-0.45501739860662127,30.63295732494069,-0.526314242814885,32.05737117527723,-0.4623416824673439
1265,0.5,true_threat,ADA,0,0,1264,0.45,1,1,195.5906572465016,-201.73132146512734,211.7565350593254,-208.74956497464441,-208.75,4.362055972251255e-05,-0.016184925481157568,0.009011012182741987,0,0,32.769112936185635,-0.15836526720477195,0.308418869972229,0.0,0.00033700434141792357,0.0004117284552194178,31.2987867324315,0.006635125245598806,0,0,1.4596098870697358,12.521683268599919,1.4646492579166832,occluder,,,12.346198423747902,,0.5,1255,ok,accepted,0,ok,0.3279006,0.0007512000156566501,0.31926339998608455,0.00752210000064224,0,0.001225399999999155,0.009492099999999226,0,203.15744193771275,-14.24699623524802,1.861159724319549,3.518678534872663,0,0,0,0,1,1,9,9,1.0,1,1,16.525960566011346,-0.4425681296875219,0,0,18.498748152054954,0.06450696275904483,22.495265185948732,-0.05157482153591522,21.395634813029762,-0.9990696793576622,24.462970367641077,-0.5658719108176204,16.973223724606704,0.20000453680708255,31.384570759926756,-0.1938011072934646,32.467470242840704,-0.639038440636213,30.602788769365937,-0.6033711009638257,32.02530480781322,-0.6413273395684704
1266,0.55,true_threat,ADA,0,0,1265,0.5,1,1,197.2283207384802,-201.72722275270738,213.1577801001821,-208.74910221216396,-208.75,-0.0004350253555855943,-0.016197096291233063,0.008805042225980327,0,0,32.747174739786516,-0.43876392798239294,0.27098336815834045,0.0,0.0010261050192639232,0.0012536237481981516,30.998785117431037,0.006644018052860828,0,0,1.1766053275171153,12.494664815358655,1.1849751273692521,occluder,,,12.133456895602055,,0.55,1255,ok,accepted,0,ok,0.3279006,0.0007512000156566501,0.31926339998608455,0.00752210000064224,1,0.001181100000000157,0.00989370000000278,0,204.08242981219806,-13.53432061775473,2.337416890690946,3.5227772472926233,0,0,0,0,1,1,9,9,1.0,1,1,16.313852141595163,-0.4489827623224018,0,0,18.50135742340479,0.05218542808863078,22.492175275217274,-0.06179821394132495,21.339497704127155,-1.1227421655861565,24.428550368374896,-0.688399979971636,16.984318769825737,0.22190090445299948,31.36864277324987,-0.318536436790488,32.427045875146824,-0.8084873455471275,30.570829215270532,-0.639191072811655,31.984998691988885,-0.8061223040751995
1267,0.6000000000000001,true_threat,ADA,0,0,1266,0.55,1,1,198.86448878593148,-201.72288040980473,214.55673635404494,-208.74873178322088,-208.75,-0.0008977878360383329,-0.016071347671592753,0.008529509668201159,0,0,32.71426370373334,-0.6582207210635715,0.23684720695018768,0.0,0.0010261050192639232,0.0012536237481981516,30.998785117431037,0.006657392344300248,0,0,1.1681071653466404,12.481416257675125,1.174876507733615,occluder,,,11.921008551895387,,0.6000000000000001,1255,ok,accepted,0,ok,0.3279006,0.0007512000156566501,0.31926339998608455,0.00752210000064224,0,0.001181100000000157,0.01115169999999921,0,205.00757027456513,-12.823293032670506,2.811232682186727,3.5271195901952694,0,0,0,0,1,1,9,9,1.0,1,1,16.10178457008604,-0.4554640775715037,0,0,18.50333344970678,0.0395205275863856,22.48937718879842,-0.055961727738954054,21.277674789725232,-1.2364582759432645,24.388534208604163,-0.8003231893475666,16.996348416190504,0.2405929273626147,31.34659042129378,-0.4410036361989023,32.37877848748073,-0.9653477426390544,30.538734242401453,-0.6418994504476273,31.937047920235788,-0.959015419494566
1268,0.6500000000000001,true_threat,ADA,0,0,1267,0.6000000000000001,1,1,200.49873418442965,-201.7184166524757,215.95294602603636,-208.7483622912478,-208.75,-0.0012682167791240317,-0.015767167054147706,0.008195885350471378,0,0,32.67246769156845,-0.8359202432977497,0.20321312546730042,0.0,0.001590906409546733,0.0019436588045209646,30.698784306880576,0.006674435572980251,0,0,1.1726367792434473,12.479880673671772,1.1765522363829182,occluder,,,11.70878615324469,,0.6500000000000001,1255,ok,accepted,0,ok,0.3279006,0.0007512000156566501,0.31926339998608455,0.00752210000064224,1,0.001239200000000551,0.015249000000000734,0,205.93274124930318,-12.114218608910392,3.2822713794400897,3.531583347524304,0,0,0,0,1,1,9,9,1.0,1,1,15.889668632010691,-0.4619999437844721,0,0,18.5046686029969,0.026703067555099425,22.487183732591546,-0.04386912360916111,21.21068487126087,-1.339798359190161,24.34335485703334,-0.9035870244313136,17.00913337155229,0.25569910733233836,31.318631827272277,-0.5591056819981537,32.323251728825056,-1.1105351600619413,30.507583410533023,-0.6230166326912816,31.881999902231286,-1.1009603415526237
1269,0.7000000000000001,true_threat,ADA,0,0,1268,0.65,1,1,202.13066025233064,-201.71396894515397,217.3461344579692,-208.7479938299417,-208.75,-0.0016377087522130296,-0.015377359616950347,0.00781510700843329,0,0,32.623094867770796,-0.9874564759530813,0.16887550055980682,0.0,0.001590906409546733,0.0019436588045209646,30.698784306880576,0.006694652861320016,0,0,1.1771350739340107,12.488518959926848,1.1784561600272938,occluder,,,11.496894943029691,,0.7000000000000001,1255,ok,accepted,0,ok,0.3279006,0.0007512000156566501,0.31926339998608455,0.00752210000064224,0,0.001239200000000551,0.010629399999999123,0,206.85794273641216,-11.407494028118379,3.7502583242639673,3.5360310548460347,0,0,0,0,1,1,9,9,1.0,1,1,15.677592000812565,-0.4685964180649948,0,0,18.505343810856914,0.013504158872444652,22.485509074982005,-0.03349315166177465,21.139090616941346,-1.4318850786221562,24.293443373265884,-0.9982296679120947,17.022475273272487,0.26683803447780663,31.285076673354816,-0.6710134556166195,32.26100728677948,-1.2448888257383761,30.477866908596845,-0.5943300360919292,31.820354362998327,-1.2329107627472558
1270,0.7500000000000001,true_threat,ADA,0,0,1269,0.7000000000000001,1,1,203.75993128588388,-201.7095068847817,218.7359354337219,-208.74761126544374,-208.75,-0.0020061700583084985,-0.014918332805970984,0.00739633153295788,0,0,32.56698641477352,-1.122169059945577,0.13470076024532318,0.0,0.00025126326363533735,0.0003069759695790708,31.470862607889565,0.0067177399775879615,0,0,1.181678239251454,12.506075545881632,1.180914842956238,occluder,,,11.285411097025086,,0.45000000000000007,1261,ok,accepted,1,ok,0.3522949,0.0007433999853674322,0.3261079000076279,0.025118399993516505,1,0.0012121000000000492,0.015444699999999756,0,207.78314423393192,-10.703424492084906,4.21485780249688,3.540493115218311,0,0,0,0,1,1,9,9,1.0,1,1,15.465639787493235,-0.47540130211340076,0,0,18.505349537361976,0.00011453152561011455,22.484017523394158,-0.02983103129800117,21.06344706515642,-1.5128710303875883,24.239200297699746,-1.0848615046313057,17.03618147894739,0.27412411356480715,31.246322351064528,-0.7749747464454577,32.19258303361515,-1.3684850459177853,30.449582829358906,-0.5656815836884708,31.752660620144244,-1.3538748326190977
1271,0.8,true_threat,ADA,0,0,1270,0.75,1,1,205.3862421457636,-201.7051373869839,220.12201327557077,-208.747260488637,-208.75,-0.0023887345562627615,-0.014417602348641211,0.0069481192797950005,0,0,32.504726755901046,-1.2451931774494085,0.10079864412546158,0.0,0.00025126326363533735,0.0003069759695790708,31.470862607889565,0.006743498205810887,0,0,1.1861288524051758,12.531510118844313,1.1837415158877145,occluder,,,11.074369827806589,,0.5,1261,ok,accepted,0,ok,0.3522949,0.0007433999853674322,0.3261079000076279,0.025118399993516505,0,0.0012121000000000492,0.013919200000000131,0,208.70831521387535,-10.002284612148628,4.6757646644023225,3.5448626130161074,0,0,0,0,1,1,9,9,1.0,1,1,15.253829486080459,-0.4824842288591568,0,0,18.50467624302064,-0.013465886909571213,22.48229136754719,-0.03452311645532253,20.983840046688375,-1.5921403666029685,24.181035710497028,-1.1632917382106098,17.050063160940987,0.2776336399354324,31.202821483686435,-0.8698865099281007,32.118566432699254,-1.480331998715548,30.42242981127176,-0.543060361545286,31.679502324005014,-1.4631658972622874
1272,0.8500000000000001,true_threat,ADA,0,0,1271,0.8,1,1,207.0092266418751,-201.70092161184263,221.50403230579212,-208.7469873904046,-208.75,-0.002739511362989333,-0.013851690979479591,0.006477823271715625,0,0,32.43676063570636,-1.359322403893799,0.0670834556221962,0.0,0.0002659893943928182,0.000324967346386984,31.170860736125334,0.006771786825395368,0,0,1.1904104737034515,12.563990884680797,1.1867648421135684,occluder,,,10.863864842398534,,0.55,1261,ok,accepted,0,ok,0.3522949,0.0007433999853674322,0.3261079000076279,0.025118399993516505,1,0.00121120000000019,0.012330800000000863,0,209.6335167061897,-9.304501608351472,5.132582202309322,3.549078388157369,0,0,0,0,1,1,9,9,1.0,1,1,15.042214918439267,-0.4898369378265044,0,0,18.50331057751048,-0.027313311767788926,22.479947231205436,-0.046882726612159864,20.899306350642963,-1.6906739205690153,24.119353968848866,-1.2336348285353393,17.06396010194988,0.2779388202361832,31.15506664488929,-0.9549509049987399,32.03958690936338,-1.5795904450687621,30.396009218821817,-0.5284118493103919,31.601512714487313,-1.5597921642389287
1273,0.9000000000000001,true_threat,ADA,0,0,1272,0.8500000000000001,1,1,208.62870167917112,-201.69689013939887,222.8817178349665,-208.74670051171444,-208.75,-0.0030126095954017273,-0.01319602480296953,0.005992187292582304,0,0,32.363436913081294,-1.4664744525012452,0.033995650708675385,0.0,0.0002659893943928182,0.000324967346386984,31.170860736125334,0.006802505429270802,0,0,1.1945230823247073,12.602980054227748,1.1899211449734683,occluder,,,10.653836396475464,,0.6000000000000001,1261,ok,accepted,0,ok,0.3522949,0.0007433999853674322,0.3261079000076279,0.025118399993516505,0,0.00121120000000019,0.009130600000002431,0,210.55862665098044,-8.610136515846193,5.5851577866929745,3.5531098606011255,0,0,0,1,1,0,8,9,0.8888888888888888,1,1,14.83069536116379,-0.49745362114822667,1,0,18.501244912334748,-0.041313306375557794,22.476746695320227,-0.06401071727555953,20.81151681342101,-1.7557907454621928,24.054567060388433,-1.2957381662244238,17.07771589804486,0.2751159219856024,31.1035693580551,-1.029789867365271,31.956285333541732,-1.6660314933758764,30.369973914887282,-0.5207060784695796,31.519323124010015,-1.6437917833442302
1274,0.9500000000000001,true_threat,ADA,0,16,1273,0.9,1,1,210.2443621079151,-201.6931193677013,224.25485625047025,-208.7464304430183,-208.75,-0.003299488285563257,-0.012535616369239142,0.0054977920782158535,0,0,32.28506120650812,-1.5675141314635255,0.0015912577509880066,0.0,0.0003653671592473984,0.0004463801742531359,30.870860694763174,0.00683557222270586,0,0,1.1983597626439177,12.648198073037493,1.1940421287913823,occluder,,,10.444422700140477,,0.65,1261,ok,accepted,0,ok,0.3522949,0.0007433999853674322,0.3261079000076279,0.025118399993516505,1,0.0011891000000012752,0.013821899999999943,0,211.4836450378367,-7.91949447395848,6.033277815340455,3.556880632298686,0,0,0,1,1,0,6,9,0.6666666666666666,1,1,14.619365347419942,-0.5053235394441823,2,1,18.498471616302897,-0.05546592568383157,22.47260965116704,-0.08274088263528397,20.722033555255194,-1.7896651655266789,23.98601885610999,-1.3709640844204702,17.091200851113822,0.2696990613789482,31.048848638918212,-1.0942538780032478,31.869317834750266,-1.7393499528264353,30.344161773410598,-0.5162428285091157,31.433557256311037,-1.7153173289855963
1275,1.0,true_threat,ADA,1,67,1274,0.9500000000000001,1,1,211.85584172239624,-201.68962468046743,225.6230508186054,-208.74616206086822,-208.75,-0.003569556981688038,-0.011854573529109335,0.004999404413199391,0,0,32.19724428123793,-1.7563385054037894,0.0,0.029677864164114,0.0003653671592473984,0.0004463801742531359,30.870860694763174,0.006872909497450085,0,0,1.2019356901630829,12.70572088488734,1.1981588827972147,occluder,,,10.235668472804647,,0.7,1261,ok,accepted,0,ok,0.3522949,0.0007433999853674322,0.3261079000076279,0.025118399993516505,0,0.0011891000000012752,0.011637600000000248,0,212.40844980686396,-7.232819628504586,6.47666761444836,3.560375319532568,0,0,0,1,0,0,4,9,0.4444444444444444,1,1,14.408223115021352,-0.5134467921897038,3,1,18.49498306197834,-0.06977109280276696,22.467621929907214,-0.09975442481173713,20.631890358487457,-1.8028639374089002,23.913112355501255,-1.4581300126426762,17.104304334427326,0.26206966633590045,30.991423368338477,-1.1483456457947023,31.779319559892034,-1.7999654743108593,30.31861094130634,-0.5110166399255298,31.3448540733027,-1.7740636370461769
1276,1.05,true_threat,ADA,1,144,1275,1.0,1,1,213.462713281751,-201.6864214822363,226.98605742999354,-208.74598700127933,-208.75,-0.003837939131784651,-0.011173274176355847,0.004501623817182291,1,0,32.10068017791491,-1.9312820664603692,0.0,0.05562563240528107,0.0004778947914019227,0.0005838586366735399,30.570860949524356,0.006914320049621226,0,0,1.2052201807333631,12.77537957843718,1.2019886379013172,occluder,,,10.0278623794541,,0.75,1261,ok,accepted,0,ok,0.3522949,0.0007433999853674322,0.3261079000076279,0.025118399993516505,1,0.0025954999999981965,0.017427000000001414,0,213.33310198800945,-6.550600250295304,6.915022044691,3.5635785177636876,0,0,0,1,0,0,1,9,0.1111111111111111,1,1,14.19750743763752,-0.5218231131776443,4,1,18.490777341094127,-0.08411442551238667,22.46196854355876,-0.11306772655787738,20.54188068023794,-1.8001935657034218,23.837316216814745,-1.515922775236128,17.116929073835855,0.25249478817649695,30.931808485077596,-1.1921437270923925,31.686509854602683,-1.85619408398195,30.29356365241604,-0.5009457741281609,31.25348060423376,-1.8274693610355492
1277,1.1,true_threat,ADA,1,205,1276,1.05,1,1,215.06445797677074,-201.68347943241483,228.34378450067322,-208.74581374275502,-208.75,-0.004012998720668293,-0.010425571244922143,0.00400842903799306,0,0,31.997454616347575,-2.0645112313466996,0.0,0.07655911147594452,0.0004778947914019227,0.0005838586366735399,30.570860949524356,0.006959002531169259,0,0,1.2081978610480348,12.855272029070646,1.2055276224626084,occluder,,,9.82143460567849,,0.8,1261,ok,accepted,0,ok,0.3522949,0.0007433999853674322,0.3261079000076279,0.025118399993516505,0,0.0025954999999981965,0.010468700000000553,0,214.2574184601989,-5.873172027465017,7.348432643181241,3.5665205675851723,0,0,0,1,0,0,0,9,0.0,1,1,13.987602403720494,-0.5304389302317492,5,1,18.485848730935533,-0.09857221264321533,22.455891725494904,-0.12153636085104112,20.45265492641341,-1.784515074663,23.759946512828378,-1.5473940809791977,17.12899114519636,0.2412414271738261,30.870511183922172,-1.2258023095271222,31.59115384064214,-1.9071202591680771,30.269389931584904,-0.4834744114347384,31.159600881474212,-1.8775944382829197
1278,1.1500000000000001,true_threat,ADA,1,212,1277,1.1,1,1,216.66095376317696,-201.68087486658692,229.6961099655445,-208.74565758572652,-208.75,-0.004186257244981562,-0.009691752841054866,0.0035237483583720093,1,0,31.88903415635103,-2.168409199930892,0.0,0.09427302330732346,0.0005495920195244253,0.000671453308314085,30.300861572049165,0.007006401660416654,0,0,1.2107770742703394,12.944223401877943,1.2086905304760598,occluder,,,9.61645006023112,,0.8500000000000001,1261,ok,accepted,0,ok,0.3522949,0.0007433999853674322,0.3261079000076279,0.025118399993516505,1,0.0013954999999974405,0.01564289999999957,0,215.1815823236851,-5.200840104544994,7.776594244566326,3.569125133413081,0,0,0,1,0,0,0,9,0.0,1,1,13.77851973214308,-0.539297393514908,6,1,18.480183883699404,-0.11329695383499137,22.449650875937504,-0.12481699076574923,20.36479674491686,-1.7571636246198377,23.681926401174167,-1.560402233341311,17.140419976807937,0.2285766321525663,30.808008049165945,-1.2499327701223681,31.494565681328705,-1.9317631684389085,30.246509394812378,-0.4576107289089251,31.06450999512545,-1.9018177138459487
1279,1.2000000000000002,true_threat,ADA,1,218,1278,1.1500000000000001,1,1,218.25189547561695,-201.67863840643676,231.0430948493493,-208.74548799179595,-208.75,-0.004342414273480699,-0.008964774222342197,0.003050468224198687,0,0,31.776435918231556,-2.251964762389491,0.0,0.10944479703903198,0.0005495920195244253,0.000671453308314085,30.300861572049165,0.007056141667385104,0,0,1.2130035551216167,13.041562427887618,1.2115244555614315,occluder,,,9.413284564214907,,0.9000000000000001,1261,ok,accepted,0,ok,0.3522949,0.0007433999853674322,0.3261079000076279,0.025118399993516505,0,0.0013954999999974405,0.013545400000001706,0,216.1054104990368,-4.533726567456711,8.199750953019418,3.571361593563239,0,0,0,1,0,0,0,9,0.0,1,1,13.570585605787581,-0.548390233032713,7,1,18.473708414927017,-0.12950938277872864,22.443438636175046,-0.12424479482402853,20.278828749941113,-1.7193598897560503,23.60396923010547,-1.5591434201268746,17.15115262617684,0.21465298743098343,30.744787039109003,-1.264306646287544,31.397893600958483,-1.9334415924058872,30.225305419379005,-0.4240795007284352,30.969352354686606,-1.903152799448413
1280,1.2500000000000002,true_threat,ADA,1,228,1279,1.2000000000000002,1,1,219.8371303700473,-201.67631234037296,232.3847696852801,-208.74535072691702,-208.75,-0.0045120082040455145,-0.008273993299161148,0.002591325964402631,1,0,31.66064125442339,-2.3158932761633366,0.0,0.12132252007722855,-0.0033389520831406116,-0.004079299513250589,30.915855861955322,0.007107848152288502,0,0,1.2153197668158668,13.146542844007469,1.21378073369354,occluder,,,9.212653671177565,,0.6500000000000001,1267,ok,accepted,1,ok,0.5030402,0.000676499999826774,0.476003399991896,0.026033900008769706,1,0.0014046000000007552,0.013133199999998624,0,217.02887246347234,-3.8719536374618997,8.617963824514675,3.5736876596270406,0,0,0,1,0,0,0,9,0.0,1,1,13.364443934256334,-0.5580559461808917,8,1,18.46638799178732,-0.14640846826262077,22.437405687600503,-0.12065897130518916,20.195233500445372,-1.6719049752137018,23.526656741193527,-1.5462497751270505,17.161128059124607,0.1995086589806118,30.681297922840052,-1.2696866126239552,31.301995907064352,-1.9179538663165643,30.20608508761569,-0.3844066263371151,30.874976730536275,-1.88751247717405
1281,1.3,true_threat,ADA,1,245,1280,1.25,1,1,221.41644478179043,-201.6737746709656,233.72119552410575,-208.74529154663276,-208.75,-0.004649273082975469,-0.0075863827270461655,0.002148313478147661,0,0,31.542579558758074,-2.361233913306293,0.0,0.13000816106796265,-0.0033389520831406116,-0.004079299513250589,30.915855861955322,0.007161154283167024,0,0,1.217832447994823,13.258338492593184,1.2153106467699675,occluder,,,9.015106189928003,,0.7,1267,ok,accepted,0,ok,0.5030402,0.000676499999826774,0.476003399991896,0.026033900008769706,0,0.0014046000000007552,0.01168829999999943,0,217.95196821178627,-3.2157349740326993,9.031293915026396,3.5762253290344006,0,0,0,1,0,0,0,9,0.0,1,1,13.160546769421897,-0.5684176390405509,9,1,18.45822452134464,-0.16326941250176977,22.431637859730298,-0.11535655693436006,20.113400644541496,-1.6366570982395645,23.45050391959361,-1.5230564271333433,17.170313848469245,0.18371578694682003,30.61798091492502,-1.2662627214629454,31.207029002217674,-1.8993380886378093,30.189021968487886,-0.34126237266885356,30.78144606532592,-1.8706133012841846
1282,1.35,true_threat,ADA,1,252,1281,1.3,1,1,222.98989971476675,-201.67093382466408,235.0524638925284,-208.74523412576994,-208.75,-0.004708453367243237,-0.006869538467591,0.0017237643187757836,1,0,31.42302064586562,-2.3911782578490914,0.0,0.13602419197559357,-0.003585855010896921,-0.0043809483759105206,30.61952752969842,0.007215749859625458,0,0,1.2206484726403914,13.376232548199892,1.216394878372326,occluder,,,8.820808030214367,,0.75,1267,ok,accepted,0,ok,0.5030402,0.000676499999826774,0.476003399991896,0.026033900008769706,1,0.0013992000000015992,0.016248199999999713,0,218.87457567887864,-2.5648875081487574,9.439954816356675,3.5790661753359245,0,0,0,1,0,0,0,9,0.0,1,1,12.958950356607073,-0.5794095400156195,10,1,18.44923326229673,-0.17982518291948082,22.426179022390603,-0.10917674659492331,20.03285143819445,-1.6109841015519706,23.375987601744527,-1.4903263502028559,17.178668032845025,0.1670836875745799,30.555262884456294,-1.2543009064405017,31.112849835512883,-1.8835833288919537,30.174165652737518,-0.29712630444057203,30.68869550899888,-1.8550111256095165
1283,1.4000000000000001,true_threat,ADA,1,259,1282,1.35,1,1,224.55734251342443,-201.667591489276,236.3788494435298,-208.74516311184334,-208.75,-0.004765874230059808,-0.006187619568838143,0.0013194001026612763,0,0,31.302694467264068,-2.406523572031034,0.0,0.1393168419599533,-0.003585855010896921,-0.0043809483759105206,30.61952752969842,0.007271328577109977,0,0,1.2239813909116037,13.499441792220608,1.21739913488922,occluder,,,8.630350295544948,,0.8,1267,ok,accepted,0,ok,0.5030402,0.000676499999826774,0.476003399991896,0.026033900008769706,0,0.0013992000000015992,0.012051400000000712,0,219.7967559051075,-1.9196249357199235,9.844160141129208,3.582408510724008,0,0,0,1,0,0,0,9,0.0,1,1,12.760140433052868,-0.5909692451235389,11,1,18.439444733056703,-0.19577058523524477,22.421025360839234,-0.1030732310974847,19.954079880405235,-1.5754311277847408,23.30354075706971,-1.4489368855412446,17.186165818168075,0.14995570650358178,30.493534493843153,-1.2345243967040154,31.01987420885593,-1.8595125304089826,30.1614684559568,-0.2539439248068385,30.597171381193352,-1.830482556289662
1284,1.4500000000000002,true_threat,ADA,1,264,1283,1.4000000000000001,1,1,226.11880365369674,-201.66362558408517,237.70035218752065,-208.74510902242938,-208.75,-0.0048368881566602795,-0.005555097170255379,0.000936437024959531,1,0,31.182253584948164,-2.4088176463180844,0.0,0.14018502831459045,-0.0031583148520439863,-0.003858609590679407,30.35320412821727,0.007327605795960554,0,0,1.2279227971805824,13.62720299035687,1.2186285429583352,occluder,,,8.443919432871844,,0.8500000000000001,1267,ok,accepted,0,ok,0.5030402,0.000676499999826774,0.476003399991896,0.026033900008769706,1,0.001380700000002122,0.012164300000002015,0,220.71841732733304,-1.2798252176731637,10.244001462894516,3.5863744159148325,0,0,0,1,0,0,0,9,0.0,1,1,12.5641872160053,-0.6030239583349633,12,1,18.428885635692094,-0.21118194655674713,22.416167341302234,-0.09716039051202673,19.87767534037294,-1.5280907715502257,23.23355820726236,-1.39965098760589,17.192797668743847,0.13263701153609192,30.4331902654227,-1.2068553337721288,30.928634272967624,-1.824798716979956,30.150794956665894,-0.21346997476026444,30.50738103693525,-1.7958068855322282
1285,1.5000000000000002,true_threat,ADA,1,273,1284,1.4500000000000002,1,1,227.6741914995684,-201.65879199971315,239.0170941843957,-208.74504129830854,-208.75,-0.004890977570624955,-0.004949538286461483,0.000575975683311955,0,0,31.062328610145475,-2.3984994960537875,0.0,0.13852648437023163,-0.0031583148520439863,-0.003858609590679407,30.35320412821727,0.007384293588159438,0,0,1.2327473496344794,13.758700165126076,1.2204906090074519,occluder,,,8.261962610219415,,0.9000000000000001,1267,ok,accepted,0,ok,0.5030402,0.000676499999826774,0.476003399991896,0.026033900008769706,0,0.001380700000002122,0.008456199999997693,0,221.63946840323698,-0.6454884477054463,10.639692383865622,3.591208000286855,0,0,0,1,0,0,0,9,0.0,1,1,12.371424016506788,-0.6155296048269223,13,1,18.417584581409823,-0.22602108415389147,22.411595429529875,-0.09143823576097317,19.804143263695718,-1.4706415056673556,23.164470204161372,-1.3817600531929042,17.198559768191515,0.11524198898157771,30.374582823306614,-1.1721311716272544,30.839639289990036,-1.7798996598250347,30.141981122193688,-0.1762766785563544,30.419820386489157,-1.7512130085006243
1286,1.55,true_threat,ADA,1,284,1285,1.5,1,1,229.22371964284147,-201.65299911055547,240.32919754610336,-208.74508196814313,-208.75,-0.0049587016914642845,-0.0043966751987290775,0.0002387299141986942,1,0,30.943528933387846,-2.375993535152574,0.0,0.13461749255657196,-0.0022402461618185043,-0.002736977068707347,30.11690537943539,0.007441100513026546,0,0,1.2385161354798697,13.893047175366119,1.2232648413493379,occluder,,,8.08466583285127,,0.95,1267,ok,accepted,0,ok,0.5030402,0.000676499999826774,0.476003399991896,0.026033900008769706,1,0.0014302999999991073,0.013109399999997606,0,222.55997015756122,-0.016462058756616216,11.031293991249044,3.59700088944453,0,0,0,1,0,0,0,9,0.0,1,1,12.181913966337984,-0.628417793821963,14,1,18.40557971567528,-0.24009731262320175,22.4073019951489,-0.08586868877308947,19.73394332199615,-1.4039988079850403,23.096477020459712,-1.3598636658117174,17.20345783878521,0.09796141189859887,30.318043878902074,-1.1307698947167548,30.75336418975525,-1.7255020050754317,30.134876272377,-0.14209698552321065,30.334962452221774,-1.697158683318291
1287,1.6,true_threat,ADA,1,295,1286,1.55,1,1,230.76723544358038,-201.64609438078423,241.63687585924038,-208.7451241475405,-208.75,-0.00491803185687445,-0.0037984042639970755,-7.556734527915804e-05,0,0,30.826415766923287,-2.3422633292911854,0.0,0.12839271128177643,-0.0022402461618185043,-0.002736977068707347,30.11690537943539,0.007497745023616319,0,0,1.3855044699128325,14.029388197919145,1.372262829290421,occluder,,,7.9125012498411325,,1.0,1267,ok,accepted,0,ok,0.5030402,0.000676499999826774,0.476003399991896,0.026033900008769706,0,0.0014302999999991073,0.01353809999999811,0,223.47989207793486,0.6071318216086468,11.419050384012422,3.603905619215766,0,0,0,1,0,0,0,9,0.0,1,1,11.996033104719826,-0.6416387112960242,15,1,18.39290918737721,-0.25341056393321404,22.403285128634714,-0.08033733057309385,19.66749322395485,-1.329001938401663,23.030047864204107,-1.3285831178550578,17.207497601298844,0.08079525031790961,30.263888054832314,-1.0831131950876443,30.67027627234014,-1.6617583478476152,30.129327817159403,-0.11096909465703432,30.253255460920503,-1.6341398217240632
1288,1.6500000000000001,true_threat,ADA,1,316,1287,1.6,1,1,232.30507463156266,-201.6381845073981,242.9402817116885,-208.74516778444675,-208.75,-0.004875852459491625,-0.003241954751072169,-0.00036595956473396175,1,1,30.71171757599882,-2.2939638184893596,0.0,0.11926976591348648,0.0004972587339580059,0.0006075161509215832,30.490384713125312,0.007553850710485242,0,0,1.7530286237820105,14.166496131173831,1.7439080087340526,occluder,,,7.745266363646104,,0.55,1277,ok,accepted,1,ok,0.3957885,0.0007149000011850148,0.35737919999519363,0.0373437000089325,1,0.0014108999999997707,0.012895099999997939,0,224.3991426116288,1.225720475896992,11.803205702766604,3.6118154926018917,0,0,0,1,0,0,0,9,0.0,1,1,11.813508779284012,-0.6549954119355814,16,1,18.379609235359904,-0.2659990384451285,22.399563900614123,-0.07442456000071726,19.60516108632306,-1.2466427357784169,22.965598537026956,-1.2889865372002336,17.21070576151658,0.06416320436103862,30.21239761171624,-1.0298084572174593,30.59080659879776,-1.5893934686868154,30.12522322144989,-0.08209190634341339,30.175138102569512,-1.562347159984586
1289,1.7000000000000002,true_threat,ADA,1,329,1288,1.6500000000000001,1,1,233.83726774518624,-201.62933051513906,244.23975079678758,-208.7452127643433,-208.75,-0.0048322155532503075,-0.002726708332965187,-0.0006328133942416995,0,1,30.600103801213905,-2.232275495698275,0.0,0.10736366361379623,0.0004972587339580059,0.0006075161509215832,30.490384713125312,0.007609054375229459,0,0,2.230738549928089,14.30311258927594,2.2252513641582867,occluder,,,7.5832462540052195,,0.6000000000000001,1277,ok,accepted,0,ok,0.3957885,0.0007149000011850148,0.35737919999519363,0.0373437000089325,0,0.0014108999999997707,0.014071000000001277,0,225.3176912410667,1.839364960082662,12.184126158427773,3.62066948486094,0,0,0,1,0,0,0,9,0.0,1,1,11.634570822214714,-0.6684058496916113,17,1,18.36571991410751,-0.27778642348328103,22.39616501584719,-0.06797769403739339,19.547286418460175,-1.1574933450398368,22.903516231547258,-1.2416461046082754,17.21311092790864,0.04810332784796514,30.16382627354995,-0.9714266850186773,30.51536524863707,-1.5088269986867735,30.12247665425497,-0.05493133810161819,30.10101092016552,-1.4825436380550137
1290,1.7500000000000002,true_threat,ADA,1,334,1289,1.7000000000000002,1,1,235.36396741397593,-201.61965442225855,245.53543570241936,-208.7452590351763,-208.75,-0.004787235656692701,-0.002251894545989161,-0.0008766077663138888,1,1,30.492173251909925,-2.1586109860795943,0.0,0.09323500841856003,0.0014775219606235623,0.0018051335355266929,30.22191224130554,0.007663013846838194,0,0,2.7588202780656466,14.438072936613825,2.7560704765030866,occluder,,,7.426507883163181,,0.6500000000000001,1277,ok,accepted,0,ok,0.3957885,0.0007149000011850148,0.35737919999519363,0.0373437000089325,1,0.001661399999999702,0.014071999999998752,0,226.23556849423574,2.448187375703327,12.561933810890537,3.6303455777414513,0,0,0,1,0,0,0,9,0.0,1,1,11.45920692785988,-0.6818658691983551,18,1,18.35128890822311,-0.28862011669715537,22.393118990801703,-0.06092049889965555,19.49417248638573,-1.062278635308865,22.844151899340787,-1.1872866401876634,17.214747432849173,0.032730098814916196,30.118410650056084,-0.9083105843262761,30.444347042887703,-1.4203641075735307,30.121021357845645,-0.029105924588090866,30.031263012595257,-1.3949581383390046
1291,1.8,true_threat,ADA,1,346,1290,1.75,1,1,236.88541779415874,-201.60920192183488,246.82773315707635,-208.74530646160562,-208.75,-0.0047409648236964586,-0.0018168157424128745,-0.0010977533980801625,0,1,30.38846087528996,-2.0742475323992693,0.0,0.07696537673473358,0.0014775219606235623,0.0018051335355266929,30.22191224130554,0.007715407029264323,0,0,3.3109199617189113,14.57017654595907,3.31016461559827,occluder,,,7.27530539581753,,0.7,1277,ok,accepted,0,ok,0.3957885,0.0007149000011850148,0.35737919999519363,0.0373437000089325,0,0.001661399999999702,0.011177599999999899,0,227.15265228000888,3.052553970112996,12.937147479774382,3.640798078165119,0,0,0,1,0,0,0,9,0.0,1,1,11.287588290054613,-0.695396264545201,19,1,18.33636008435512,-0.2985764765489612,22.390450621376935,-0.05336738589054067,19.446092042686733,-0.9616088716717983,22.787818346272573,-1.1266710586208926,17.215655330684832,0.018157956715182517,30.076349251460478,-0.8412226509226459,30.378110563222265,-1.3247295825248198,30.120809648380654,-0.004234187623155636,29.96625868319033,-1.3000865721276498
1292,1.85,true_threat,ADA,1,352,1291,1.8,1,1,238.40186309401548,-201.59817129482815,248.11703988925115,-208.74535490829118,-208.75,-0.004693538394377583,-0.0014204727145355452,-0.0012968655560925118,1,1,30.289411247133962,-1.9809925631199832,0.0,0.05899576097726822,0.0020599248819053173,0.002516672946512699,29.983365525577753,0.007765947928627339,0,0,3.8747992895407397,14.69833000794738,3.8754708320997255,occluder,,,7.129768136149694,,0.75,1277,ok,accepted,0,ok,0.3957885,0.0007149000011850148,0.35737919999519363,0.0373437000089325,1,0.0013794000000011408,0.013215600000002325,0,228.069034161526,3.652617388452626,13.310072330432064,3.6518287051718517,0,0,0,1,0,0,0,9,0.0,1,1,11.119779487735151,-0.709000602328831,20,1,18.320979221516833,-0.30761725648866384,22.388175164985352,-0.04550912518493549,19.403273968050875,-0.8563614936737814,22.734813118019368,-1.060104563114481,17.215880397779614,0.004501341896124087,30.03781391391195,-0.7706969148675489,30.316997224489278,-1.2222667605566566,30.12176904558665,0.019187944263395606,29.906341254434835,-1.1983485565286107
1293,1.9000000000000001,true_threat,ADA,1,361,1292,1.85,1,1,239.91348647626359,-201.58673032544357,249.40347794322216,-208.74532803964894,-208.74990631460827,-0.004551406317091278,0.32526913538571267,-0.0014746114999081694,0,1,30.195439785618653,-1.8794292303061866,0.0,0.03935379162430763,0.0020599248819053173,0.002516672946512699,29.983365525577753,0.007814358111926992,0,0,4.444482640604055,14.821384172700776,4.446141725226223,occluder,,,6.989958609121358,,0.8,1277,ok,accepted,0,ok,0.3957885,0.0007149000011850148,0.35737919999519363,0.0373437000089325,0,0.0013794000000011408,0.013525200000000126,0,228.98459206848167,4.248682863745046,13.680952477447391,3.6632696745564317,0,0,0,1,0,0,0,9,0.0,1,1,10.95565135231262,-0.7227035350888871,21,1,18.30519781718636,-0.3156280865627506,22.38630215798124,-0.037460138597706256,19.365823165004244,-0.7490160640881762,22.68540515070838,-0.988159344921944,17.215468410487432,-0.008239745843781357,30.002947877731344,-0.6973058356448794,30.261312202242074,-1.113700427600993,30.123827069859775,0.0411604850215656,29.85181399449075,-1.0905451781024793
1294,1.9500000000000002,true_threat,ADA,1,375,1293,1.9000000000000001,1,1,241.42065424551618,-201.57515354693896,250.68753552733554,-208.74501206607206,-208.74903424347806,-0.003706203829125343,0.7047366792651673,0.0016369278595427458,1,1,30.106876193228178,-1.7712718478095013,0.0,0.018468808382749557,0.0022770233917981386,0.0027819089591503143,29.7746388044212,0.007860397897951798,0,0,5.016827533377866,14.938289204697861,5.0191288580309195,occluder,,,6.855933565459004,,0.8500000000000001,1277,ok,accepted,0,ok,0.3957885,0.0007149000011850148,0.35737919999519363,0.0373437000089325,1,0.001360400000002926,0.01195380000000057,0,229.89935652365767,4.841086177821637,14.050245606384777,3.6748464530610363,0,0,0,1,0,0,0,9,0.0,1,1,10.795043492375031,-0.736502454981082,22,1,18.28906546240299,-0.32264709566519856,22.384835416290887,-0.02933483154716955,19.333697674308084,-0.6425098167537946,22.63984239958691,-0.911255021623773,17.214465145125878,-0.020065307231318545,29.971854335746183,-0.6218508940672265,30.211328247398413,-0.9996790763086583,30.126884538974874,0.061149382504661856,29.80296491307174,-0.9769816056104437
1295,2.0,true_threat,ADA,1,402,1294,1.9500000000000002,1,1,242.92345799614543,-201.5635629983874,251.96942618133954,-208.74416277407425,-208.7465329611175,-0.0015208950454450587,1.0704590646517773,0.008598075963233523,0,1,30.023414784049038,-1.6692281835828027,0.003645632416009903,0.0,0.0022770233917981386,0.0027819089591503143,29.7746388044212,0.007904158706568363,0,0,5.589932154086318,15.049128991799567,5.592600657190032,occluder,,,6.727793885679263,,0.8999999999999999,1277,ok,accepted,0,ok,0.3957885,0.0007149000011850148,0.35737919999519363,0.0373437000089325,0,0.001360400000002926,0.011822699999999742,0,230.81329699386146,5.429949458247108,14.418195790184996,3.686437001612603,0,0,0,1,0,0,0,9,0.0,1,1,10.637852608962055,-0.7503998130477582,23,1,18.272629840853593,-0.32871243081859397,22.383755863649668,-0.021591051708677225,19.30676779556704,-0.5385975758534198,22.598357561001215,-0.8296967712403538,17.212929729502385,-0.030708312469918383,29.944617395915024,-0.5447142308224594,30.167247538950484,-0.8816141452838994,30.1308270124521,0.07884947168177188,29.75996376359446,-0.8600229655823282
1296,2.05,true_threat,ADA,1,412,1295,2.0,1,1,244.42220299240648,-201.55221797508005,253.24942450616197,-208.74261222328866,-208.74164309230613,0.002519681768120563,1.4199492252225312,0.019938197372504234,1,1,29.94210608151061,-1.626174050768583,0.027174534276127815,0.0,0.002165069803595543,0.002645131666213274,29.59578681754886,0.007947143155880819,0,0,6.162821326140452,15.159380927196349,6.165642382376767,occluder,,,6.605461665001353,,0.9499999999999997,1277,ok,accepted,0,ok,0.3957885,0.0007149000011850148,0.35737919999519363,0.0373437000089325,1,0.0013673999999994635,0.01681729999999959,0,231.72641349470922,6.015577953660397,14.785077614159661,3.6977820249199453,0,0,0,1,0,0,0,9,0.0,1,1,10.483811726941768,-0.7644138571146991,24,1,18.255948173727514,-0.3336333418755669,22.383053965391127,-0.014037964050092786,19.28485614684156,-0.4382329722360307,22.5611604437439,-0.743942344943449,17.21090984870284,-0.04039761599217335,29.921284906278608,-0.466621398053506,30.129085334747675,-0.7632440582584058,30.13552097604958,0.09387927723094139,29.72281817485952,-0.7429117503286337
1297,2.1,true_threat,ADA,1,423,1296,2.0500000000000003,1,1,245.91701135665858,-201.54127102325555,254.52774399990798,-208.73999412992362,-208.73369414246662,0.00891808082204193,1.7502441804486408,0.03651107121974242,0,1,29.863036559584096,-1.5813904385302635,0.05479633808135986,0.0,0.002165069803595543,0.002645131666213274,29.59578681754886,0.007989281000383567,0,0,6.473875052735613,15.268693395219927,6.4887898360980945,latent_vehicle,,,6.4887898360980945,,1.0,1277,ok,accepted,0,ok,0.3957885,0.0007149000011850148,0.35737919999519363,0.0373437000089325,0,0.0013673999999994635,0.011535499999997256,0,232.63870602099553,6.598093791626184,15.151104581619364,3.708728976744453,0,0,0,1,0,0,0,9,0.0,1,1,10.332649990740322,-0.7785336098107918,25,1,18.239068143760907,-0.33760059809343695,22.38270110948389,-0.007057117633754391,19.267779623092203,-0.34153046831225287,22.528399820137356,-0.6552124720279885,17.208462720161517,-0.048942570826465935,29.901881801914293,-0.3880309300758857,30.096725286635017,-0.647200934473904,30.14082910004466,0.10616248968687048,29.691404169339034,-0.6282800857979096
1298,2.15,true_threat,ADA,1,438,1297,2.1,1,1,247.40788321903645,-201.5311036126183,255.8046897238225,-208.7359726965315,-208.7221012166083,0.017892913315307624,2.0581990522437072,0.059210955075933255,1,1,29.786977170303526,-1.5211877856113887,0.08608391880989075,0.0,0.004045258741825819,0.004942215979099274,29.46134131771405,0.008030131708665544,0,0,6.360525562581048,15.375294749411648,6.377279441098283,latent_vehicle,,,6.377279441098283,,0.6499999999999999,1285,ok,accepted,1,ok,0.4921741,0.0008793000015430152,0.4617203999951016,0.029228700004750863,1,0.0014065000000016425,0.010883800000001997,0,233.55017457272044,7.177497102279148,15.516581753808964,3.7188963873817045,0,0,0,1,0,0,0,9,0.0,1,1,10.183951851485674,-0.792555793248603,26,1,18.22204697137623,-0.34042344567625776,22.38267440840166,-0.0005340214375935268,19.25536274790065,-0.24833749177101302,22.500123373730833,-0.5655289280833347,17.205641751463965,-0.05641937395062122,29.886392929577255,-0.30974472903680256,30.069974751791868,-0.5350106679308922,30.14660833483003,0.11558471046417615,29.6655252898409,-0.5175775656271334
1299,2.1999999999999997,true_threat,ADA,1,459,1298,2.15,1,1,248.89506279302634,-201.5219292829165,257.0805667495612,-208.73024264324104,-208.70636173827043,0.02961095826105975,2.3409453612389037,0.08882113627585224,0,1,29.714626935487182,-1.4470046963268857,0.12017951160669327,0.0,0.004045258741825819,0.004942215979099274,29.46134131771405,0.008069281722216525,0,0,6.251493898425848,15.477429530078254,6.270493273524048,latent_vehicle,,,6.270493273524048,,0.6999999999999997,1285,ok,accepted,0,ok,0.4921741,0.0008793000015430152,0.4617203999951016,0.029228700004750863,0,0.0014065000000016425,0.00952519999999879,0,234.4606970795785,7.754154169410981,15.881936272689643,3.7280707170835115,0,0,0,1,0,0,0,9,0.0,1,1,10.037300079950176,-0.8064004089002863,27,1,18.204938062276973,-0.3421781790298527,22.382947159995194,0.0054550319460232415,19.247437681500713,-0.15850131273258328,22.47629868006931,-0.4764938732226051,17.202506070256582,-0.06271362414685097,29.87478021415107,-0.2322212806604585,30.04859531140022,-0.4275887782539077,30.152730890874754,0.122451139704495,29.64495265429451,-0.4114526872916719
1300,2.25,true_threat,ADA,1,476,1299,2.2,1,1,250.37879424526596,-201.5138242448048,258.3554054645658,-208.72242248993712,-208.68605216846535,0.04419047477568938,2.5,0.1259379816934437,1,1,29.64650732047149,-1.3623923003138572,0.15427249670028687,0.0,0.0033071369398385286,0.004040429834276438,29.28648213007957,0.008106404733627332,0,0,6.146231096669895,15.573628043113056,6.16804311061426,latent_vehicle,,,6.16804311061426,,0.75,1285,ok,accepted,0,ok,0.4921741,0.0008793000015430152,0.4617203999951016,0.029228700004750863,1,0.0013761999999992724,0.014220699999999198,0,235.37048716980956,8.328095531419535,16.246984897463165,3.7361757551952053,0,0,0,1,0,0,0,9,0.0,1,1,9.892234147840208,-0.8201679004645109,28,1,18.187791008249764,-0.34294107625062475,22.383498382506502,0.011024450171829323,19.24386137226026,-0.07152616670329943,22.456845629637787,-0.3890610086301567,17.199105267593918,-0.06801605325245069,29.86697121369513,-0.15614786469668043,30.032272253021684,-0.32646113755563133,30.15908614289778,0.12710506246785921,29.629457380643224,-0.30990545044198914
1301,2.3,true_threat,ADA,1,502,1300,2.25,1,1,251.85926074367816,-201.50697154127664,259.62954146847915,-208.712237463914,-208.66082472462193,0.06159776531518446,2.5,0.16998002118214128,0,1,29.58290826102375,-1.2719811889547827,0.18689730763435364,0.0,0.0033071369398385286,0.004040429834276438,29.28648213007957,0.008141295904281613,0,0,6.0443499530757565,15.662835180081988,6.069537577908774,latent_vehicle,,,6.069537577908774,,0.7999999999999998,1285,ok,accepted,0,ok,0.4921741,0.0008793000015430152,0.4617203999951016,0.029228700004750863,0,0.0013761999999992724,0.010867199999999855,0,236.27933120996843,8.899717989672865,16.612276861217623,3.7430284587233587,0,0,0,1,0,0,0,9,0.0,1,1,9.748490408932945,-0.8338793779719456,29,1,18.1706668426316,-0.3424833073172259,22.384303281878665,0.01609798734261184,19.244506027952024,0.012893133574876679,22.441668855524075,-0.30353548227571964,17.195487028426825,-0.0723647833448508,29.86287056353126,-0.08198275260844998,30.02067941942754,-0.23185664226411495,30.165555835619546,0.12939387863693608,29.618755273767494,-0.21404211623297562
1302,2.35,true_threat,ADA,1,520,1301,2.3000000000000003,1,1,253.33667591650266,-201.50138635824473,260.9030661995116,-208.69935184059952,-208.6304040995289,0.08183336438509059,2.5,0.21982074072122668,1,1,29.523959543355108,-1.178974353372837,0.21791929006576538,0.0,0.0020103214774280787,0.002456071088090539,29.141516116692145,0.008173837387149125,0,0,5.945394761448613,15.744351075705842,5.974601466301016,latent_vehicle,,,5.974601466301016,,0.8500000000000001,1285,ok,accepted,0,ok,0.4921741,0.0008793000015430152,0.4617203999951016,0.029228700004750863,1,0.001402699999999868,0.013576699999997999,0,237.18735127036047,9.469113102105325,16.977781531858056,3.74861364175527,0,0,0,1,0,0,0,9,0.0,1,1,9.605723755486594,-0.8476357971986351,30,1,18.153611342656845,-0.34110999324776925,22.38533706124388,0.020675587373417317,19.24925911451984,0.09506175176968655,22.430650101294358,-0.2203750846021284,17.191708570431363,-0.0755691599095165,29.862359987250695,-0.010184046111814712,30.01356122567026,-0.14236384634620405,30.172056046237167,0.13000423739835515,29.612541157679225,-0.12428230199970082
1303,2.4,true_threat,ADA,1,537,1302,2.35,1,1,254.81128395640422,-201.4972212003046,262.1762847449352,-208.68350611648697,-208.594584180278,0.10476766032152796,2.5,0.27555815894215496,0,1,29.469657834527982,-1.0860341765425119,0.2473769336938858,0.0,0.0020103214774280787,0.002456071088090539,29.141516116692145,0.008203986523729539,0,0,5.848923604718,15.817710525783164,5.882791247188167,latent_vehicle,,,5.882791247188167,,0.8999999999999999,1285,ok,accepted,0,ok,0.4921741,0.0008793000015430152,0.4617203999951016,0.029228700004750863,0,0.001402699999999868,0.011932399999999177,0,238.09454736139648,10.03652505097088,17.343803986245604,3.752778799695392,0,0,0,1,0,0,0,9,0.0,1,1,9.463596483542881,-0.86144785930118,31,1,18.136679821313372,-0.33863041944564615,22.386580648211577,0.024871739281788673,19.258021452054802,0.17524676886575802,22.42370162821201,-0.1389694616743536,17.187813764233827,-0.07789612395097742,29.865296388959532,0.05875216541329084,30.010704048823293,-0.05714350903239422,30.178491409159328,0.12870728201086026,29.610572798971194,-0.0393671560071614
1304,2.45,true_threat,ADA,1,555,1303,2.4000000000000004,1,1,256.28335945910527,-201.49429286830116,263.44934961975616,-208.66448661648795,-208.55322476720738,0.1302813492795849,2.5,0.33679790089204614,1,1,29.419978504269007,-0.9935866051795017,0.2753939926624298,0.0,0.0004525916010607034,0.0005529449554160237,29.026450820049387,0.008231715590591443,0,0,5.754750382815454,15.882555307527594,5.794043937739571,latent_vehicle,,,5.794043937739571,,0.9500000000000002,1285,ok,accepted,0,ok,0.4921741,0.0008793000015430152,0.4617203999951016,0.029228700004750863,1,0.0013882000000009498,0.014366599999998897,0,239.00085844271834,10.602289472350066,17.710557779744732,3.7557071316988413,0,0,0,1,0,0,0,9,0.0,1,1,9.321975886006863,-0.8754204920940959,32,1,18.119921869545777,-0.3351590268177483,22.38800924723836,0.028571980871878157,19.270669061374438,0.25295220259228773,22.42070899662526,-0.059852631756003694,17.183850293545497,-0.07926941376662158,29.871521399379706,0.12452061202214626,30.01194957839784,0.024910617891831743,30.18479898255561,0.12615148875095158,29.61267853618189,0.04211476073181112
1305,2.5,true_threat,ADA,1,573,1304,2.45,1,1,257.7530245209382,-201.4926776145322,264.72244383573553,-208.64201861995073,-208.50624829284493,0.15823832364301893,2.5,0.4029335889703426,0,1,29.37480551032982,-0.9034598787837211,0.30209970474243164,0.0,0.0004525916010607034,0.0005529449554160237,29.026450820049387,0.0082570516064499,0,0,5.662470358253461,15.938736850129397,5.70797013023901,latent_vehicle,,,5.70797013023901,,1.0,1285,ok,accepted,1,ok,0.3542438,0.0008838999783620238,0.31606490002013743,0.03694260001066141,0,0.0013882000000009498,0.008880800000000022,0,239.90634555468418,11.166467422217153,18.078164883758262,3.757322385467802,0,0,0,1,0,0,0,9,0.0,1,1,9.180538117545595,-0.8895467090989553,33,1,18.103387078301168,-0.33069581534813175,22.389599970544005,0.031814466210926276,19.28706652279578,0.327949240457135,22.42157874622593,0.017394992004252655,17.179860121227186,-0.07980344636732886,29.880838495073615,0.18635846099966255,30.01717192741634,0.10444700358279917,30.19091582452957,0.12233685387501818,29.6187248548604,0.12092638848608712
1306,2.55,true_threat,ADA,1,596,1305,2.5,1,1,259.22073662445723,-201.49155130827458,265.99559786360123,-208.6159647873709,-208.45363654085156,0.1883820790991706,2.5,0.4732966630344426,1,1,29.334041454358555,-0.8152811194253218,0.32763567566871643,0.0,-0.006758489180356264,-0.008257051929831505,28.82497419363406,0.008280015330210989,1,0,5.572481899727548,15.986177306085509,5.625924459707901,latent_vehicle,,,5.625924459707901,,0.5499999999999998,1295,ok,accepted,0,ok,0.3542438,0.0008838999783620238,0.31606490002013743,0.03694260001066141,1,0.001852599999999427,0.016927599999998932,0,240.81100868688318,11.729516393537182,18.446655779424958,3.7584486917254196,0,0,0,1,0,0,0,9,0.0,1,1,9.039896127675286,-0.9044284249327247,34,1,18.08712503768528,-0.32524080241325354,22.391333744438537,0.03467547849013668,19.307034545493714,0.39936046187518665,22.426234582936747,0.09311673422455977,17.17588902216412,-0.07942198127412442,29.893060685823297,0.24445659884490092,30.026231859377035,0.18119865923818243,30.19679043591249,0.11749224152211403,29.628580147924975,0.19710587467282545
1307,2.6,true_threat,ADA,1,618,1306,2.5500000000000003,1,1,260.68643460958026,-201.4905477594337,267.26920836417577,-208.5861266191621,-208.39542736496443,0.22053742240646557,2.5,0.5472305739276419,0,1,29.29758649823417,-0.7290991224876819,0.3521870970726013,0.0,-0.006758489180356264,-0.008257051929831505,28.82497419363406,0.008300632832867038,1,0,5.4850355149607175,16.024603483477886,5.5485126650094285,latent_vehicle,,,5.5485126650094285,,0.6000000000000001,1295,ok,accepted,0,ok,0.3542438,0.0008838999783620238,0.31606490002013743,0.03694260001066141,0,0.001852599999999427,0.011903600000000125,0,241.71487836209712,12.29134470344627,18.816396604785552,3.7594522405663042,0,0,0,1,0,0,0,9,0.0,1,1,8.90052809613312,-0.9201909683158214,35,1,18.071179617558442,-0.318908391781062,22.393185774652704,0.03704060453745609,19.330369043111375,0.46668995656568707,22.434596397428407,0.16723628987437195,17.17197704959524,-0.07823945137851764,29.90796092979351,0.29801420221965114,30.03899967399474,0.25535630873578896,30.20236369115972,0.11146511365951997,29.642097547987323,0.2703480123118732
1308,2.65,true_threat,ADA,1,638,1307,2.6,1,1,262.1503930564137,-201.4894379924899,268.543305808187,-208.55236677581996,-208.33171140794036,0.25441521122172617,2.5,0.6241355245705171,1,1,29.26532698157466,-0.6451903331902287,0.37578827142715454,0.0,-0.006794160697609186,-0.008300633169710636,28.673819953056174,0.008318941846913324,1,0,5.40007671794433,16.054114378036083,5.475322587997444,latent_vehicle,,,5.475322587997444,,0.6499999999999999,1295,ok,accepted,0,ok,0.3542438,0.0008838999783620238,0.31606490002013743,0.03694260001066141,1,0.0013836000000004844,0.011568500000002757,0,242.6179850979023,12.85219641447452,19.187387312991575,3.7605620075100887,0,0,0,1,0,0,0,9,0.0,1,1,8.762085131361674,-0.9366333513370262,36,1,18.05559468679083,-0.311698603958812,22.395129356459314,0.03887163689270846,19.356825874152026,0.5291366224677001,22.446561192939715,0.23929591031577382,17.168150907765984,-0.07652283658669792,29.92531409964217,0.3470697329254519,30.05529608018875,0.32592813647672153,30.207584090775786,0.1044079978144391,29.659130188495954,0.3406528187327295
1309,2.7,true_threat,ADA,1,663,1308,2.6500000000000004,1,1,263.6128254266249,-201.48774891213438,269.8180122399133,-208.51460892176055,-208.26262882049912,0.28973795532084523,2.5,0.7034856263375185,0,1,29.237139811911813,-0.563743393256928,0.3985794484615326,0.0,-0.006794160697609186,-0.008300633169710636,28.673819953056174,0.008334989217152476,1,0,5.317920509364882,16.074821752674755,5.406377236263611,latent_vehicle,,,5.406377236263611,,0.7000000000000002,1295,ok,accepted,0,ok,0.3542438,0.0008838999783620238,0.31606490002013743,0.03694260001066141,0,0.0013836000000004844,0.012032699999998897,0,243.5202678591461,13.412346023441955,19.559810983474108,3.7622510878656215,0,0,0,1,0,0,0,9,0.0,1,1,8.624613096288797,-0.9536201471097248,37,1,18.040412207780545,-0.30364956780121444,22.39714351110691,0.040283093296859925,19.38612656571379,0.5860138310822827,22.46202215857526,0.3092193128444595,17.1644430216293,-0.07415772273528393,29.944879818777714,0.39131824789005554,30.074915084291675,0.39238009107419375,30.212405858706305,0.09643536174913886,29.67947207578863,0.40683775208918704
1310,2.75,true_threat,ADA,1,686,1309,2.7,1,1,265.07403675543185,-201.48506842697861,271.093632793475,-208.47273088257066,-208.18836598026664,0.3262429414939163,2.5,0.7848310150217367,1,1,29.212911766407842,-0.4845609100794235,0.42071717977523804,0.0,-0.0068222819827497005,-0.008334989659488201,28.55282476537236,0.008348819735695321,1,0,5.238823662196203,16.08676652552994,5.341693972014345,latent_vehicle,,,5.341693972014345,,0.75,1295,ok,accepted,0,ok,0.3542438,0.0008838999783620238,0.31606490002013743,0.03694260001066141,1,0.001633300000001725,0.016858599999999058,0,244.4218792285048,13.97194598289019,19.93382016767714,3.7649315730213857,0,0,0,1,0,0,0,9,0.0,1,1,8.488174160739362,-0.9710451441009957,38,1,18.025670326387495,-0.29483761538307146,22.39920153387402,0.041160455384827724,19.417964035331853,0.6367493910886063,22.480836242483672,0.3762816783897999,17.160880095273544,-0.07125852711110298,29.966398649096156,0.430378607223765,30.097623988981915,0.45417809920402735,30.2167984774463,0.0878523761497673,29.70290386455103,0.4686357792610329
1311,2.8,true_threat,ADA,1,704,1310,2.75,1,1,266.5340879114149,-201.48090823497944,272.37016745846154,-208.42670214067394,-208.1091522107184,0.36357867185225246,2.5,0.8678005654487755,0,1,29.19253351683765,-0.40756499140385927,0.4422624707221985,0.0,-0.0068222819827497005,-0.008334989659488201,28.55282476537236,0.00836047927797398,1,0,5.163208337008039,16.09003868216573,5.281491954139382,latent_vehicle,,,5.281491954139382,,0.7999999999999998,1295,ok,accepted,0,ok,0.3542438,0.0008838999783620238,0.31606490002013743,0.03694260001066141,0,0.001633300000001725,0.012491799999999387,0,245.32272766366015,14.53114870371786,20.3095063975083,3.769091765020562,0,0,0,1,0,0,0,9,0.0,1,1,8.352970930616978,-0.9888513008377101,39,1,18.011409097762076,-0.28522455947174224,22.401286259651886,0.041694516307051475,19.452014033395972,0.6809999599773372,22.502833691929983,0.4399489891716179,17.157485015365367,-0.06790159816903779,29.989616887919627,0.4643655466487028,30.123157672461243,0.5106736719346677,30.22073905816106,0.07881161469860007,29.729168062452995,0.5252839600460418
1312,2.85,true_threat,ADA,1,738,1311,2.8000000000000003,1,1,267.99325347988554,-201.47505461940546,273.64789086182753,-208.37643104964434,-208.0252565001227,0.40144564055123055,2.5,0.9520878208773631,1,1,29.176000347450223,-0.33066338774851545,0.4631853401660919,0.0,-0.004836716689169407,-0.005909163970500231,28.46201799133352,0.008369956788852908,0,0,5.091192148314941,16.084441647069283,5.225381104496825,latent_vehicle,,,5.225381104496825,,0.8500000000000001,1295,ok,accepted,0,ok,0.3542438,0.0008838999783620238,0.31606490002013743,0.03694260001066141,1,0.0013858999999989408,0.015084300000001605,0,246.22287419976487,15.0901677360838,20.68708326476957,3.774945380594545,0,0,0,1,0,0,0,9,0.0,1,1,8.218846956022162,-1.0068218375775668,40,1,17.997662853114075,-0.2749248802299407,22.403374800723846,0.041770821797111155,19.48793323683413,0.7183840683322757,22.527808511873456,0.4994963992375775,17.154280668962823,-0.06408692804663542,30.014275121879,0.4931648021306933,30.151214773719982,0.5611420254550664,30.22420662053794,0.06935124739069182,29.7579842889446,0.5763245302261251
1313,2.9,true_threat,ADA,1,771,1312,2.85,1,1,269.4517469745652,-201.46718707282955,274.9269250530569,-208.32185653268604,-207.93698422048405,0.4394468291602891,2.5,1.0374493318774778,0,1,29.16316527731308,-0.2567014027428627,0.4833053946495056,0.0,-0.004836716689169407,-0.005909163970500231,28.46201799133352,0.008377325508728276,0,0,5.023021179360178,16.070110043355708,5.173323664949317,latent_vehicle,,,5.173323664949317,,0.8999999999999999,1295,ok,accepted,0,ok,0.3542438,0.0008838999783620238,0.31606490002013743,0.03694260001066141,0,0.0013858999999989408,0.011040500000000009,0,247.12237986156086,15.649155568967473,21.06661179420294,3.782812927170454,0,0,0,1,0,0,0,9,0.0,1,1,8.085825560577248,-1.0248817398713788,41,1,17.984462109117263,-0.2640148681241811,22.405453804240267,0.04158007036022117,19.525361157224452,0.7485584089993383,22.55554517143713,0.5547331918125986,17.151286131134427,-0.05989075656671732,30.040106320194532,0.5166239746801029,30.181482486965336,0.6053542641062701,30.227187811907367,0.05962382751957594,29.789047367939837,0.6212615793090579
1314,2.95,true_threat,ADA,1,801,1313,2.9000000000000004,1,1,270.9096904501431,-201.45725977724402,276.20736157967326,-208.2629632997786,-207.8446738464863,0.4771826861997397,2.5,1.1236887956396984,1,1,29.154066317694042,-0.18197919238076565,0.5024028420448303,0.0,-0.0019546968396753073,-0.002388112712651491,28.401406178383116,0.008382555192328677,0,0,4.958731745574109,16.04687030824447,5.124817577748479,latent_vehicle,,,5.124817577748479,,0.9500000000000002,1295,ok,accepted,0,ok,0.3542438,0.0008838999783620238,0.31606490002013743,0.03694260001066141,1,0.0014095999999987896,0.018339799999999684,0,248.02121413667714,16.208264769429093,21.448214045703025,3.792740222755981,0,0,0,1,0,0,0,9,0.0,1,1,7.953672502601688,-1.0428304097135512,42,1,17.971835477018445,-0.252532630368448,22.407506104975365,0.041046015458416144,19.56393539631869,0.7714847850870022,22.585776643773773,0.6046294472702485,17.148510938449196,-0.055503853704382496,30.066852998510075,0.534933901480843,30.21362893379488,0.6429289361019196,30.229673095743088,0.04970567759018372,29.82203686502712,0.6597899410678701
1315,3.0,true_threat,ADA,1,827,1314,2.95,1,1,272.3672670016665,-201.44524215260793,277.48935303476384,-208.1997665576562,-207.74869367443608,0.5142696253425072,2.5,1.2106558010243684,0,1,29.148492011792435,-0.11148611803214692,0.5202251076698303,0.0,-0.0019546968396753073,-0.002388112712651491,28.401406178383116,0.008385761478574864,0,0,4.898376862399358,16.014991168632633,5.076132659097851,latent_vehicle,,,5.076132659097851,,1.0,1295,ok,accepted,1,ok,0.4691506,0.0008999000128824264,0.4293531999865081,0.03853630000958219,0,0.0014095999999987896,0.013528700000001948,0,248.9194685986644,16.767586858965245,21.831951038806352,3.804757847392068,0,0,0,1,0,0,0,9,0.0,1,1,7.82230508933866,-1.060616518549748,43,1,17.959811566065397,-0.2404782083578586,22.409512629941517,0.04013049967006593,19.603301187953353,0.7873158383603593,22.618237806001687,0.6492232452522109,17.145976071688423,-0.050697335216379084,30.094251957293288,0.5479801799469158,30.24731842042869,0.6737897339243624,30.23166628635119,0.03986381410157762,29.85662090058246,0.691680711347311
1316,3.05,true_threat,ADA,1,854,1315,3.0,1,1,273.82462947728663,-201.4318970862761,278.7730824873489,-208.13215943233703,-207.6494385412061,0.550328016450095,2.5,1.2982320670468641,1,1,29.146487735877837,-0.04008551829194573,0.5369428992271423,0.0,0.0062304153107106686,0.008385761640965939,28.550204760116184,0.008386914768101515,1,0,4.841094710620098,15.974518676523958,5.0212225980295075,latent_vehicle,,,5.0212225980295075,,0.6499999999999995,1303,ok,accepted,0,ok,0.4691506,0.0008999000128824264,0.4293531999865081,0.03853630000958219,1,0.0014046000000007552,0.013666600000000528,0,249.8171127247408,17.32730520850896,22.218036365315015,3.818102913723891,0,0,0,1,0,0,0,9,0.0,1,1,7.690379657156964,-1.0776272694880769,44,1,17.94841135441475,-0.22800422489648092,22.411465749046123,0.039062382111046234,19.643098042914197,0.795937107456536,22.65262729772391,0.6877898352155611,17.14367771738238,-0.04596708612106403,30.12204763239295,0.5559154013422627,30.282205717570754,0.6977459471794126,30.233173105020718,0.03013637646149109,29.89245996725867,0.7167813358838007
1317,3.1,true_threat,ADA,1,888,1316,3.0500000000000003,1,1,275.28193061063615,-201.4176517722635,280.0586109621704,-208.06011138542317,-207.5473265431784,0.5848328891586334,2.5,1.3863295944830394,0,1,29.14778690605713,0.025983403585883025,0.5523309707641602,0.0,0.006863839458674192,0.008385761640965939,28.550204760116184,0.008386167179551934,1,0,4.7832919777188465,15.92569100844932,4.959202469822095,latent_vehicle,,,4.959202469822095,,0.6999999999999997,1303,ok,accepted,0,ok,0.4691506,0.0008999000128824264,0.4293531999865081,0.03853630000958219,0,0.0014046000000007552,0.01266379999999856,0,250.7142380468139,17.887481019785383,22.60643951806341,3.832348227736503,0,1,0,1,0,0,0,9,0.0,1,1,7.55716954952423,-1.0936541047319617,45,1,17.937653913233152,-0.21514881953723686,22.413348295475135,0.03765092938763329,19.68298645448181,0.7977682427311992,22.688636129037835,0.7201766270481467,17.141623502146505,-0.04108430471639339,30.149990182643986,0.5588539183637047,30.317953224259217,0.7149501425811021,30.234203088604474,0.02059967599235671,29.92921455658202,0.7350917922601884
1318,3.15,true_threat,ADA,1,930,1317,3.1,1,1,276.73944513277763,-201.4027197399076,281.3461215750973,-207.98365287202628,-207.4427957551876,0.6173156302355665,2.4263545123554806,1.4748810014585796,1,1,29.152221675428603,0.08869538742942495,0.5662230849266052,0.0,0.0068641710095107555,0.008386166766285896,28.501819868900427,0.008383616008926701,1,0,4.721765496677847,15.869101449898409,4.890459159369012,latent_vehicle,,,4.890459159369012,,0.7499999999999996,1303,ok,accepted,0,ok,0.4691506,0.0008999000128824264,0.4293531999865081,0.03853630000958219,1,0.0014143999999980394,0.014577500000001464,0,251.61078354014174,18.448450048599028,22.99740463766247,3.84728026009239,0,1,0,1,0,0,0,9,0.0,1,1,7.422643898268933,-1.1089690083849986,46,1,17.927565947017182,-0.2017593232628723,22.415146919254163,0.035972475936773,19.722630727107028,0.7928854661308458,22.725945771424087,0.7461928486609839,17.139817242392706,-0.03612519507613102,30.17783548958648,0.5569100666769115,30.35422333968409,0.7254023231145286,30.23477721758054,0.011482585004740389,29.96655469770301,0.7468028327800443
1319,3.2,true_threat,ADA,1,967,1318,3.1500000000000004,1,1,278.19726475260177,-201.38755872162133,282.6357059100908,-207.9028754136431,-207.33630094946443,0.6473519225618531,2.1665054909573804,1.5631260890769059,0,1,29.159553768920276,0.14664186983345928,0.5785984992980957,0.0,0.0068641710095107555,0.008386166766285896,28.501819868900427,0.008379400659747117,1,0,4.656149056580944,15.80558431068036,4.815059179944529,latent_vehicle,,,4.815059179944529,,0.7999999999999998,1303,ok,accepted,0,ok,0.4691506,0.0008999000128824264,0.4293531999865081,0.03853630000958219,0,0.0014143999999980394,0.011205700000001428,0,252.50687126982433,19.010181938740573,23.39090124297337,3.862441278378668,0,1,0,1,0,0,0,9,0.0,1,1,7.286625650309961,-1.1237890213813349,47,1,17.918156991887717,-0.1881791052638269,22.416853990233264,0.0341414195850274,19.761723777581384,0.7818610253348192,22.76423579166354,0.7658004056703184,17.138257030710378,-0.03120423364860025,30.205360412903772,0.5505033376311939,30.390682278553818,0.7291787985755387,30.234916473391717,0.00278512308713672,30.004152326427334,0.7519525907190195
1320,3.25,true_threat,ADA,1,1004,1319,3.2,1,1,279.65548119982077,-201.37268748497024,283.92757762662325,-207.81788574891542,-207.22831031457875,0.6745650990643526,1.8871367597762734,1.6492323956699233,1,1,29.169485833121513,0.19864128402474535,0.5894909501075745,0.0,0.006858632899820805,0.008379400707781315,28.483336622897003,0.008373695609889759,1,0,4.586030628504346,15.735984185047625,4.7329354314058785,latent_vehicle,,,4.7329354314058785,,0.8499999999999996,1303,ok,accepted,0,ok,0.4691506,0.0008999000128824264,0.4293531999865081,0.03853630000958219,1,0.0016025000000006173,0.01398980000000094,0,253.40256226580902,19.57270738997488,23.787081963521132,3.8773125150297574,0,1,0,1,0,0,0,9,0.0,1,1,7.148890117376889,-1.1382576672292755,48,1,17.90944230695506,-0.1742937050526982,22.418467603392934,0.03227226366435507,19.799969961607115,0.7649236957405854,22.803181939837522,0.7789229643923391,17.136937144957546,-0.02639771505632429,30.232345623368925,0.539709858212119,30.427015328687926,0.7266610311046027,30.23464755776773,-0.0053783046332034285,30.041685101097645,0.7506555165189153
1321,3.3,true_threat,ADA,1,1039,1320,3.25,1,1,281.11436934083747,-201.35871628778438,285.22173677674846,-207.72883646572492,-207.11930217438305,0.6985835745323641,1.589604010551692,1.7328408388034744,0,1,29.18171621748655,0.24460768730072857,0.5989347100257874,0.0,0.006858632899820805,0.008379400707781315,28.483336622897003,0.0083666783890071,1,0,4.510952542499723,15.661063763907151,4.643931529844523,latent_vehicle,,,4.643931529844523,,0.8999999999999995,1303,ok,accepted,0,ok,0.4691506,0.0008999000128824264,0.4293531999865081,0.03853630000958219,0,0.0016025000000006173,0.011068299999998032,0,254.29779548773766,20.136362309062946,24.186007891717708,3.8912837122156247,0,1,0,1,0,0,0,9,0.0,1,1,7.0089559514819815,-1.1525287581946089,49,1,17.90142761539775,-0.16029384045828832,22.419985854830454,0.030365028541663897,19.837098436069823,0.7425695037132192,22.842461874060202,0.7855986853693353,17.135855677892753,-0.021629341296934414,30.25858132307913,0.5247202106918758,30.46292112939584,0.7181160502076669,30.23399526615952,-0.013045823373449223,30.078861199468097,0.7435219967525671
1322,3.35,true_threat,ADA,1,1088,1321,3.3000000000000003,1,1,282.5738988454694,-201.34619445684874,286.5184275635418,-207.63591058624357,-207.00976170695566,0.719074758769267,1.2761096304060724,1.813204901970864,1,1,29.195964548266716,0.2849666156033237,0.6069735288619995,0.0,0.006848219782114029,0.008366678841412067,28.494733797736156,0.008358514482770097,1,0,4.4305484939540065,15.581568734652482,4.547996839884061,latent_vehicle,2.5512032780237206,latent_vehicle,4.547996839884061,2.5512032780237206,0.9499999999999997,1303,ok,accepted,0,ok,0.4691506,0.0008999000128824264,0.4293531999865081,0.03853630000958219,1,0.0013898999999994999,0.014339200000001995,0,255.19263196035223,20.70105534108029,24.5878622058965,3.9038055431512646,0,1,0,1,0,0,0,9,0.0,1,1,6.866620832561722,-1.166661062829475,50,1,17.89412245576143,-0.14610320331422297,22.421404929351617,0.02838148932596328,19.87285933818964,0.7152180553588415,22.881768511842704,0.7861327564499394,17.135001185237773,-0.017089853098148682,30.28387868940645,0.5059538785434217,30.498113578808283,0.7038490320164693,30.23299011554359,-0.0201030028828119,30.115384983389205,0.7304757134825227
1323,3.4,true_threat,ADA,1,1129,1322,3.35,1,1,284.03416141219657,-201.33554920699993,287.81768059307143,-207.53936749945947,-206.90017766354413,0.7357329226994409,0.9493114761709818,1.8894025893480213,0,1,29.211946919171595,0.31964741809758834,0.6135714650154114,0.0,0.006848219782114029,0.008366678841412067,28.494733797736156,0.008349371228845928,1,0,4.344650657018718,15.498162414356978,4.445244144362801,latent_vehicle,2.3417806084755894,latent_vehicle,4.445244144362801,2.3417806084755894,0.9999999999999996,1303,ok,accepted,0,ok,0.4691506,0.0008999000128824264,0.4293531999865081,0.03853630000958219,0,0.0013898999999994999,0.011646600000002394,0,256.08719377998506,21.266756088174645,24.99255341579328,3.9144507930000714,0,1,0,1,0,0,0,9,0.0,1,1,6.721695912228707,-1.1807492223444938,51,1,17.88753446076057,-0.13175990890747633,22.42272291736341,0.02635975972046003,19.907035228982885,0.68351782594771,22.920798584126914,0.7806014464555324,17.134369852495027,-0.012626654855074545,30.30806415252432,0.48371590164562367,30.532335187657306,0.6844322255469373,30.23166071649593,-0.026587970814791806,30.150997053770077,0.7122414478162177
1324,3.45,true_threat,ADA,1,1186,1323,3.4000000000000004,1,1,285.49537079939347,-201.32717719385502,289.1196790644923,-207.43948180109516,-206.7910390875084,0.7483284119510643,0.6121536872334268,1.960452291360137,1,1,29.22939808499818,0.3490233165317136,0.6187453866004944,0.0,0.006834053434431553,0.008349371142685413,28.536119525140876,0.008339404823949549,1,0,4.253136971799307,15.41146391271335,4.335816595719786,latent_vehicle,2.1509263648270047,latent_vehicle,4.335816595719786,2.1509263648270047,1.0499999999999998,1303,ok,accepted,0,ok,0.4691506,0.0008999000128824264,0.4293531999865081,0.03853630000958219,1,0.0013846999999991283,0.011656099999999725,0,256.9814199010726,21.833739354283978,25.40032576612657,3.9228228061449784,0,1,0,1,0,0,0,9,0.0,1,1,6.574033514901457,-1.1948721519990892,52,1,17.88166935071619,-0.1173022089677205,22.423934093397115,0.024223520917015802,19.93942774558492,0.6478503397757971,22.959267896606683,0.7693862502250487,17.133952142780444,-0.008354194290027393,30.330971766129785,0.45815875738318973,30.565337999848996,0.6600562976134319,30.230039493739355,-0.03242444448690551,30.18544754778034,0.6890099251071
1325,3.5,true_threat,ADA,1,1250,1324,3.45,1,1,286.9574355948766,-201.32149043592707,290.42448412747564,-207.3365891636689,-206.6828320332643,0.7566497678308508,0.2676991476464221,2.0253801372756683,0,1,29.248060081427873,0.373239928593847,0.6224894523620605,0.0,0.006834053434431553,0.008349371142685413,28.536119525140876,0.008328766641953367,1,0,4.155931092300989,15.32212228489471,4.2199033176548895,latent_vehicle,1.9781248500602466,latent_vehicle,4.2199033176548895,1.9781248500602466,1.0999999999999996,1303,ok,accepted,0,ok,0.4691506,0.0008999000128824264,0.4293531999865081,0.03853630000958219,0,0.0013846999999991283,0.011666999999999206,0,257.8753103288203,22.4019137220194,25.811240401362227,3.9285095640729253,0,1,0,1,0,0,0,9,0.0,1,1,6.423584886756523,-1.2090753372140908,53,1,17.87652521885202,-0.10288264394442455,22.42503655196293,0.02204917252931337,19.969867132495036,0.6087877426774857,22.996909419870644,0.752830465852585,17.133732797427594,-0.004386907056631346,30.35246228166359,0.4298164256038895,30.596893135082652,0.6311027609061637,30.228155057326852,-0.0376887172696079,30.218501862903583,0.6610863496067423
1326,3.55,true_threat,ADA,1,1322,1325,3.5,1,1,288.4203864047139,-201.31874832220427,291.73212641932184,-207.23104052889792,-206.57603628522668,0.760552878442212,-0.08090950527667862,2.083263502039777,1,1,29.26767075198445,0.39221341113155006,0.624854326248169,0.0,0.006817188113927841,0.00832876656204462,28.607573614450303,0.008317609591270368,1,0,4.053124571252823,15.230757060689912,4.097841066965494,latent_vehicle,1.8223816694122184,latent_vehicle,4.097841066965494,1.8223816694122184,1.1499999999999995,1303,ok,accepted,0,ok,0.4691506,0.0008999000128824264,0.4293531999865081,0.03853630000958219,1,0.0014025999999986993,0.013973199999998798,0,258.76898713353364,22.971187727143388,26.22520588849511,3.9312516777957285,0,1,0,1,0,0,0,9,0.0,1,1,6.270396479311714,-1.2234308112034362,54,1,17.872096342817404,-0.08857752596788146,22.42603410668711,0.01995109653749406,19.998208430960386,0.5668259708468673,23.03346947660598,0.7312011352058125,17.133698464879515,-0.0006866509603591416,30.37241170615013,0.3989940660719582,30.626806043943773,0.5982582346008466,30.226041738959196,-0.042266356385361775,30.24995972843798,0.6291573578802556
1327,3.6,true_threat,ADA,1,1392,1326,3.5500000000000003,1,1,289.8844979964057,-201.31927119354128,293.04281972963776,-207.12332410512838,-206.4711220767528,0.759918452145115,-0.43053412602743835,2.1332589084038713,0,1,29.287972650786323,0.40603797603743885,0.6258394718170166,0.0,0.006817188113927841,0.00832876656204462,28.607573614450303,0.008306082882035633,1,0,3.944885276146266,15.137939970287324,3.9700216948697533,latent_vehicle,1.6822158646471457,latent_vehicle,3.9700216948697533,1.6822158646471457,1.1999999999999997,1303,ok,accepted,0,ok,0.4691506,0.0008999000128824264,0.4293531999865081,0.03853630000958219,0,0.0014025999999986993,0.015722600000000142,0,259.66248083278884,23.541805619579975,26.64240549955582,3.930728806458717,0,1,0,1,0,0,0,9,0.0,1,1,6.114568328064751,-1.2380198194959102,55,1,17.868382722496033,-0.07427241029527551,22.426926757128726,0.01785301143089438,20.024331477894847,0.5224609380193479,23.068721092928662,0.7050323268076628,17.133837699826472,0.002784698932198282,30.390705580043143,0.36588238406213874,30.654893621870006,0.561751614541913,30.22373387129174,-0.04615734230320657,30.279638039096596,0.5935662590536394
1328,3.65,true_threat,ADA,1,1468,1327,3.6,1,1,291.3495873217532,-201.3232269590727,294.35650315861074,-207.01383664167437,-206.3685468090856,0.7547772960427892,-0.7779800927673642,2.1746238350669143,1,1,29.30871448276463,0.4148366395661185,0.6255759000778198,0.0,0.006798621732741594,0.008306083269417286,28.709114028205917,0.008294331120714427,1,0,3.8314420471608344,15.044284702809493,3.8369025175335634,latent_vehicle,1.5561024630248075,latent_vehicle,3.8369025175335634,1.5561024630248075,1.2499999999999996,1303,ok,accepted,0,ok,0.4691506,0.0008999000128824264,0.4293531999865081,0.03853630000958219,1,0.0014471000000000345,0.012608000000000175,0,260.55582195457305,24.113553823143263,27.062747806744596,3.926773040927287,0,1,0,1,0,0,0,9,0.0,1,1,5.95632561290615,-1.2528992865877635,56,1,17.865376728511183,-0.060119882141667684,22.42771450360104,0.015754932390458984,20.048140905885127,0.476188557937656,23.10246208923204,0.6748199263641421,17.134135244922806,0.0059509019274680015,30.407252329848795,0.3309391459330826,30.680999466476656,0.5221169452908783,30.221265786450687,-0.04936168583841907,30.30737085613376,0.5546563835273154
1329,3.7,true_threat,ADA,1,1547,1328,3.6500000000000004,1,1,292.8156239360554,-201.33082925224375,295.67329893270795,-206.903035860538,-206.26875177029697,0.7450848713774008,-1.1201979166464187,2.206728524250464,0,1,29.329656893314812,0.4188482110036773,0.6240641474723816,0.0,0.006798621732741594,0.008306083269417286,28.709114028205917,0.008282491000910826,1,0,3.7130389728534396,14.95038781893917,3.698944307525213,latent_vehicle,1.4423890844552154,latent_vehicle,3.698944307525213,1.4423890844552154,1.2999999999999998,1303,ok,accepted,0,ok,0.4691506,0.0008999000128824264,0.4293531999865081,0.03853630000958219,0,0.0014471000000000345,0.012509000000001436,0,261.4489799604884,24.686432431530136,27.486385574926487,3.9191707477562545,0,1,0,1,0,0,0,9,0.0,1,1,5.795917392711419,-1.2681201351715732,57,1,17.86307263713057,-0.046081828896867294,22.42840306665,0.013771262591655417,20.069562328486036,0.4284284501045899,23.13449791656688,0.6407165468812019,17.13457584272548,0.008811956054663363,30.421979456386477,0.2945458975073442,30.704991971545084,0.4798501494465114,30.21866800194439,-0.05195567927754692,30.333022758272573,0.5130380810540572
1330,3.75,true_threat,ADA,1,1638,1329,3.7,1,1,294.28269925670133,-201.34168131332953,296.9932377516943,-206.79145580889465,-206.1721588542312,0.7308770063067982,-1.4541629631157935,2.2290583658843284,1,1,29.35103836057251,0.4276293451539459,0.626153290271759,0.0,0.0016860993346199393,0.0020599588751792908,31.929492,0.008270428788571576,0,0,3.5906068601242964,14.855811990332105,3.558117885039377,latent_vehicle,1.3492255929866326,latent_vehicle,3.558117885039377,1.3492255929866326,1.3499999999999996,1303,ok,stale_plan,0,ok,0.4691506,0.0008999000128824264,0.4293531999865081,0.03853630000958219,1,0.001452699999997975,0.015182599999999269,0,262.3421684839801,25.260319228684352,27.913135870421115,3.9083186866704693,0,1,0,1,0,0,0,9,0.0,1,1,5.634623251078358,-1.284191878630407,58,1,17.861462821151864,-0.03219631950698813,22.429000077067656,0.011940210919734563,20.088542340222784,0.37960023392708725,23.164670264352658,0.6034469558598329,17.135144232539723,0.01136779628441831,30.43482972057628,0.25700788770673144,30.72675669627109,0.43529453663193596,30.21597484660154,-0.053863097715366105,30.356473582961012,0.4690165265424157
1331,3.8,true_threat,ADA,1,1747,1330,3.75,1,1,295.75090479998227,-201.35567629958052,298.3163808277057,-206.67961526472067,-206.07916727944817,0.7122885294464822,-1.7768807176473969,2.2412251045804767,0,1,29.372709146919323,0.43341572693627484,0.6314512491226196,0.0,0.0016860993346199393,0.0020599588751792908,31.929492,0.008258230225114502,0,0,3.4647713296993174,14.760568165638572,3.4155094569900433,latent_vehicle,1.2644277283967311,latent_vehicle,3.4155094569900433,1.2644277283967311,1.3999999999999995,1303,ok,stale_plan,0,ok,0.4691506,0.0008999000128824264,0.4293531999865081,0.03853630000958219,0,0.001452699999997975,0.010680100000001858,0,263.2351739020137,25.835519353931716,28.343273528398925,3.894323700419477,0,1,0,1,0,0,0,9,0.0,1,1,5.473191806507171,-1.3013464816711466,59,1,17.860533929200713,-0.01857783776477815,22.42950743925649,0.010147245045353345,20.105054238598083,0.3302379688261699,23.192845618787057,0.5635070887564702,17.13582324853732,0.013580319953450493,30.445757327385156,0.21855402649421488,30.746207810654955,0.3890223225504502,30.213216838478314,-0.055160156459302605,30.377626055715172,0.4230494818602321
1332,3.85,true_threat,ADA,1,1842,1331,3.8000000000000003,1,1,297.2201489767315,-201.3727074307118,299.64263678499634,-206.56803305804632,-205.9901503081666,0.689464956554076,-2.0854531436808905,2.2429644547967134,1,1,29.39513324726614,0.4484820069363593,0.6398189663887024,0.0,0.00029482520767487586,0.000360196951078251,31.929492,0.008245636007483095,0,0,3.3361579918936854,14.663852609591252,3.2718384948774455,latent_vehicle,1.1908608416898963,latent_vehicle,3.2718384948774455,1.1908608416898963,1.4499999999999997,1303,ok,stale_plan,0,ok,0.4691506,0.0008999000128824264,0.4293531999865081,0.03853630000958219,1,0.001628600000000091,0.014686399999998656,0,264.1281488076763,26.41178862501829,28.776554580026925,3.877292569288187,0,1,0,1,0,0,0,9,0.0,1,1,5.312226601294625,-1.3196507227306966,60,1,17.86027260903698,-0.005226400904966243,22.429928969353096,0.008430602602552583,20.119090394674878,0.28072312579341685,23.218900002146025,0.5210876671968664,17.136597630861715,0.015487646490639464,30.45473746780905,0.17960407994906386,30.76327474304764,0.3413386752564644,30.210413051286594,-0.056075737924034676,30.396407697508685,0.3756328566012027
1333,3.9,true_threat,ADA,1,1966,1332,3.85,1,1,298.69046224726594,-201.39260684964273,300.9720363129204,-206.4572127184706,-205.90545196520745,0.6625810928388773,-2.37706681187722,2.2341377736706756,0,1,29.418677422684574,0.470883508368658,0.6507577896118164,0.0,0.00029482520767487586,0.000360196951078251,31.929492,0.008232443691746747,0,0,3.205438233387042,14.564974203781928,3.1277771700454484,latent_vehicle,1.12560132206882,latent_vehicle,3.1277771700454484,1.12560132206882,1.4999999999999996,1303,ok,stale_plan,0,ok,0.4691506,0.0008999000128824264,0.4293531999865081,0.03853630000958219,0,0.001628600000000091,0.009370499999999282,0,265.02109319576266,26.989157507466416,29.213009719864658,3.857393150357268,0,1,0,1,0,0,0,9,0.0,1,1,5.152356277822706,-1.3391385911650344,61,1,17.86066932417343,0.007934306014823886,22.430274204558533,0.0069047044261974205,20.130658438342152,0.23136088108850458,23.242738046395257,0.4767608849929015,17.13745593674449,0.017166117645013433,30.461762502268385,0.1405014566552353,30.777911716976668,0.2927394990568534,30.207594000215767,-0.056381018140357064,30.41276891773531,0.3272244192974336
1334,3.95,true_threat,ADA,1,2092,1333,3.9000000000000004,1,1,300.16202759731993,-201.41502354178056,302.30451853248684,-206.3476120304603,-205.82538375693719,0.6318289615334152,-2.5,2.214728483440009,1,1,29.443835192140657,0.5031553891216589,0.6638525724411011,0.0,-0.0008150790235958993,-0.000995806884020567,31.929492,0.00821838220085736,0,0,3.073420853238929,14.463091108909946,2.984161270767607,latent_vehicle,1.0692637328744492,latent_vehicle,2.984161270767607,1.0692637328744492,1.5499999999999998,1303,ok,stale_plan,0,ok,0.4691506,0.0008999000128824264,0.4293531999865081,0.03853630000958219,1,0.001783399999997215,0.013764300000001839,0,265.91415964894895,27.567656404334116,29.652425486244795,3.834976458219444,0,1,0,1,0,0,0,9,0.0,1,1,4.994360982229723,-1.3599349794803168,62,1,17.861705002173345,0.02071356376325929,22.43054695849054,0.005455078722373949,20.139788887698415,0.18260899863093055,23.264287272905165,0.43098453018666333,17.13837718521882,0.018424969490039637,30.466832421255962,0.1013987633013001,30.790086307953246,0.243491833410074,30.204788295865686,-0.05611408544559431,30.426677291198157,0.2781674790592489
1335,4.0,true_threat,ADA,1,2219,1334,3.95,1,1,301.63481438959315,-201.43960656540807,303.6400530874863,-206.23970402685964,-205.75022139021115,0.5973906402491593,-2.5,2.1861998423977687,0,1,29.470979054402193,0.5428772452307129,0.678663969039917,0.0,-0.0008150790235958993,-0.000995806884020567,31.929492,0.008203250983808995,0,0,2.940929826010745,14.357546627877316,2.8417466581221533,latent_vehicle,1.0191561159288955,latent_vehicle,2.8417466581221533,1.0191561159288955,1.5999999999999996,1303,ok,stale_plan,0,ok,0.4691506,0.0008999000128824264,0.4293531999865081,0.03853630000958219,0,0.001783399999997215,0.011271399999998266,0,266.8073176548643,28.147285190692003,30.09480203532894,3.81039343459193,0,1,0,1,0,0,0,9,0.0,1,1,4.839090000956879,-1.3820918718162956,63,1,17.863364384251778,0.033187645619404044,22.430754862296162,0.0041580763672712144,20.146519890240217,0.13462006612605626,23.283499997330825,0.3842544885082458,17.139351840984432,0.019493115311407055,30.46997583386344,0.06286838720928085,30.799798515715608,0.19424416380336673,30.20203026964962,-0.05516052429765564,30.438117559135335,0.22880536446484304
1336,4.05,true_threat,ADA,1,2376,1335,4.0,1,1,303.10903611698524,-201.46597437794546,304.9784875149665,-206.13385497063865,-205.68020149131678,0.5595025355428618,-2.5,2.1496829969810327,1,1,29.500517407460176,0.5907670611596672,0.6948077082633972,0.0,-0.00169382116291672,-0.002069392940029502,31.929492,0.008186832398508447,0,0,2.808712957252368,14.24772419044697,2.701216572729866,latent_vehicle,0.9759832820092351,latent_vehicle,2.701216572729866,0.9759832820092351,1.6499999999999995,1303,ok,stale_plan,0,ok,0.4691506,0.0008999000128824264,0.4293531999865081,0.03853630000958219,1,0.0013762000000028252,0.011231999999999687,0,267.700506178356,28.72831839459235,30.54004793931739,3.7840256220545427,0,1,0,1,0,0,0,9,0.0,1,1,4.68732318064221,-1.4057611197202526,64,1,17.865611230793878,0.04493693498985349,22.430909357590366,0.003089905887771305,20.150914388981235,0.08788999370117626,23.300330443913012,0.33660893165218264,17.140364643423176,0.020256048773453047,30.471217535304255,0.024834039807860395,30.807048340557596,0.14499650108723658,30.199319921364356,-0.054206966171800604,30.44709735090703,0.17959583811111232
1337,4.1,true_threat,ADA,1,2481,1336,4.05,1,1,304.5847842333229,-201.49383703118508,306.3198524522277,-206.0304158035146,-205.61551832491688,0.5183366457217744,-2.5,2.1055423701027665,0,1,29.532745907787767,0.6445700065518167,0.7119331955909729,0.0,-0.00169382116291672,-0.002069392940029502,31.929492,0.008168974687595162,0,0,2.6774111368886793,14.13315933061788,2.5631100750289257,latent_vehicle,0.9378597120682013,latent_vehicle,2.5631100750289257,0.9378597120682013,1.6999999999999993,1303,ok,stale_plan,0,ok,0.4691506,0.0008999000128824264,0.4293531999865081,0.03853630000958219,0,0.0013762000000028252,0.01155729999999977,0,268.5938778125112,29.310694876774846,30.988041242423378,3.7561629688149196,0,1,0,1,0,0,0,9,0.0,1,1,4.539803898627696,-1.4310073877342475,65,1,17.868355896433233,0.05489331685248786,22.4310104455135,0.0020217583294192113,20.153039143139537,0.04249510433674623,23.31477289053022,0.2888489323819365,17.1414022400598,0.020751932733993624,30.470605214127232,-0.012246422304248095,30.811873929069495,0.09651177170464294,30.19668014018364,-0.05279562334847368,30.45363192520811,0.13069148674934172
1338,4.15,true_threat,ADA,1,2546,1337,4.1000000000000005,1,1,306.0622417087241,-201.52279773416973,307.6639648927141,-205.92967650492744,-205.55632051299307,0.4740952905215181,-2.5,2.0545035829461917,1,1,29.567944226636904,0.7039663769827342,0.7297431230545044,0.0,-0.00169382116291672,,26.92770017393459,0.008149538078028833,0,1,2.547711135316888,14.013528839750519,2.4279183326604685,latent_vehicle,0.9043193632396129,latent_vehicle,2.4279183326604685,0.9043193632396129,1.25,1313,ok,accepted,1,ok,1.1462226,0.33356699999421835,0.7792105000116862,0.03308170000673272,1,0.002372699999998673,0.019784100000002525,0,269.4874020293428,29.894628135344476,31.438629466078226,3.7272022658302717,0,1,0,1,0,0,0,9,0.0,1,1,4.397288080239389,-1.4579295432201929,66,1,17.871548789278176,0.06385786110018878,22.431071478303373,0.0012206555545172639,20.15297807923432,-0.0012212571665883446,23.32682352188432,0.241012627146967,17.142455095766685,0.02105711413095752,30.468196097066357,-0.04818225396873178,30.814311521071176,0.04875183995726208,30.194128090588656,-0.051040989575271006,30.45776705826611,0.08270266099853374
1339,4.2,true_threat,ADA,1,2616,1338,4.15,1,1,307.5407981552242,-201.55274988359773,309.01067234744636,-205.83192704390643,-205.50270775378897,0.42696875113847454,-2.5,1.9974185032288618,0,1,29.571237250939717,0.06586048605626615,0.0,0.75,0.0,,26.92770017393459,0.008147723210107512,0,1,2.4200095248678792,13.95698793456086,2.2956461032132833,latent_vehicle,0.8726440646199454,latent_vehicle,2.2956461032132833,0.8726440646199454,1.2999999999999998,1313,ok,accepted,0,ok,1.1462226,0.33356699999421835,0.7792105000116862,0.03308170000673272,0,0.002372699999998673,0.011441399999998936,0,270.38107883405604,30.47950777713129,31.891660116097228,3.697250116402273,0,1,0,1,0,0,0,9,0.0,1,1,4.26022537090028,-1.4863174656944744,67,1,17.875161300100416,0.07225022019804551,22.431094362437364,0.00045768275733975043,20.150832286480757,-0.04291583496873624,23.336505226771603,0.1936340978660469,17.14350604419304,0.02101896851509511,30.464049321064604,-0.08293527229070062,30.814424058593747,0.002250750181768342,30.191671403311513,-0.0491337400486422,30.459548526279818,0.035629360179420144
1340,4.25,true_threat,ADA,1,2672,1339,4.2,1,1,309.0163641030738,-201.58335918117345,310.35985282940544,-205.73741160270544,-205.4547275407535,0.37719950315292294,-2.5,1.9351484266124337,1,1,29.472294425541318,-1.9788565079679898,0.0,0.75,0.0,,27.023921223561743,0.008202518798207858,0,1,2.29488478609116,14.102745730534597,2.16690744594108,latent_vehicle,0.8444526792951701,latent_vehicle,2.16690744594108,0.8444526792951701,1.3499999999999996,1313,ok,stale_plan,0,ok,1.1462226,0.33356699999421835,0.7792105000116862,0.03308170000673272,1,0.001372299999999882,0.013822300000001064,0,271.2749692618038,31.06118329723313,32.34695017030856,3.6666408188265507,0,1,0,1,0,0,0,9,0.0,1,1,4.12943598113572,-1.5151840755198556,68,1,17.879176262722837,0.08029925569362051,22.431084822184477,-0.00019080510627560062,20.1467085772565,-0.08247416687598057,23.343833263360377,0.1465607319303436,17.14454554851876,0.02079008651708284,30.458246913679048,-0.11604769002707352,30.812278298956997,-0.04291519209496186,30.18932724433892,-0.046883169625173346,30.459052622989187,-0.009918065033144973
1341,4.3,true_threat,ADA,1,2735,1340,4.25,1,1,310.4834767967932,-201.61430705587443,311.7113232955977,-205.6463133492472,-205.41237188148435,0.3250397212210885,-2.5,1.8684986308065137,0,1,29.274188374395806,-3.962121022910239,0.0,0.75,0.0,,27.023921223561743,0.008313906499326491,0,1,2.1728386579319476,14.460419629908674,2.042489074689613,latent_vehicle,0.8189024494024114,latent_vehicle,2.042489074689613,0.8189024494024114,1.3999999999999995,1313,ok,stale_plan,0,ok,1.1462226,0.33356699999421835,0.7792105000116862,0.03308170000673272,0,0.001372299999999882,0.012758600000001508,0,272.1690733229967,31.634191929759595,32.804316575307894,3.635692944125566,0,1,0,1,0,0,0,9,0.0,1,1,4.0053223512735885,-1.5431663716487325,69,1,17.883572696286333,0.08792867395923745,22.43105239208089,-0.0006486023403016318,20.140711854404188,-0.11993444170644649,23.34887438944194,0.10082252185888041,17.145565980938603,0.020408648393298062,30.450882346256794,-0.14729065351727558,30.80795435029378,-0.08647897081114028,30.187105151385595,-0.04444184434055378,30.45635182742292,-0.05401590904076337
1342,4.35,true_threat,ADA,1,2786,1341,4.3,1,1,311.9392675061247,-201.64536560449116,313.0649922505536,-205.55880016143405,-205.37557401667098,0.27073933257622684,-2.5,1.7981922706877853,1,1,29.040659761131472,-4.6705722652866655,0.0,0.75,0.0,,27.107401704932744,0.008448149276435682,0,1,2.0542669215020624,14.920615348759922,1.9228671303244504,latent_vehicle,0.7953943662366495,latent_vehicle,1.9228671303244504,0.7953943662366495,1.4499999999999993,1313,ok,stale_plan,0,ok,1.1462226,0.33356699999421835,0.7792105000116862,0.03308170000673272,1,0.0013629999999977827,0.01355350000000044,0,273.06336047923696,32.19569548285085,33.263698374023534,3.604634395508839,0,1,0,1,0,0,0,9,0.0,1,1,3.8876314389128446,-1.5693642865509694,70,1,17.888335340289636,0.09525288300447983,22.430998979843075,-0.0010682442349238476,20.132968004883324,-0.1548769794799957,23.35168010337446,0.05611427895359929,17.146555894203807,0.019798265307575752,30.442041463487612,-0.17681672536648357,30.80154948716387,-0.1280972576614838,30.185012756755047,-0.04184787402486717,30.451533877381184,-0.0963589965994105
1343,4.4,true_threat,ADA,1,2833,1342,4.3500000000000005,1,1,313.38285117450573,-201.67639779984262,314.4206156005107,-205.47500945164572,-205.34420513903822,0.21459502239582662,-2.5,1.724855831514162,0,1,28.794105846699182,-4.931078288645807,0.0,0.75,0.0,,27.107401704932744,0.008593438722175861,0,1,1.9394440163622733,15.44796855621998,1.8082489570850437,latent_vehicle,0.7735701834781257,latent_vehicle,1.8082489570850437,0.7735701834781257,1.5,1313,ok,stale_plan,0,ok,1.1462226,0.33356699999421835,0.7792105000116862,0.03308170000673272,0,0.0013629999999977827,0.014356899999999229,0,273.9579528112408,32.74468681922809,33.72472939197684,3.5736022001573815,0,1,0,1,0,0,0,9,0.0,1,1,3.77580368524497,-1.5933468806503832,71,1,17.89344512400267,0.10219567604004562,22.43093603201997,-0.0012589563100366267,20.12360482040857,-0.1872636824515909,23.35231716174896,0.012741167826580873,17.147509568006644,0.01907347605565378,30.431827272649382,-0.20428266619648677,30.793170521149204,-0.16757931229291312,30.183057690817506,-0.03910129722558443,30.44470749150999,-0.1365277109614059
1344,4.45,true_threat,ADA,1,2883,1343,4.4,1,1,314.81407519843845,-201.70735791761817,315.77791871330874,-205.3950176075201,-205.31807111228943,0.15693833935628732,-2.5,1.6490247350144394,1,1,28.548228929550397,-4.917538342975689,0.0,0.75,0.0,,27.17677490264123,0.00874209382955572,0,1,1.828492054461094,16.018055686751858,1.6986427360724883,latent_vehicle,0.7531655037468372,latent_vehicle,1.6986427360724883,0.7531655037468372,1.5499999999999998,1313,ok,stale_plan,0,ok,1.1462226,0.33356699999421835,0.7792105000116862,0.03308170000673272,1,0.001730600000001914,0.013513100000000833,0,274.8527892838553,33.281074370546264,34.18719603216033,3.542642082381832,0,1,0,1,0,0,0,9,0.0,1,1,3.669149978840985,-1.61486231973385,72,1,17.89888488016874,0.10879512452881406,22.4308616387199,-0.0014878652767976526,20.112753908237725,-0.21701824003317352,23.350871395882823,-0.028915316893770117,17.148421280257764,0.01823424501911494,30.4203370598313,-0.22980292078744333,30.782929985240276,-0.2048107070153139,30.18124186172948,-0.03631655866209178,30.43598138843153,-0.17452205276944027
1345,4.5,true_threat,ADA,1,2927,1344,4.45,1,1,316.23428233046053,-201.73818446459092,317.13681009868355,-205.31900776574759,-205.29690919004983,0.09810841747025734,-2.5,1.5711467990601837,0,1,28.33595518416595,-4.245474907688944,0.0,0.75,0.0,,27.17677490264123,0.00887355725275064,0,1,1.7216556657158435,16.54307044702532,1.5941129107060796,latent_vehicle,0.7372076158816764,latent_vehicle,1.5941129107060796,0.7372076158816764,1.5999999999999996,1313,ok,stale_plan,0,ok,1.1462226,0.33356699999421835,0.7792105000116862,0.03308170000673272,0,0.001730600000001914,0.011892800000001813,0,275.7479004198624,33.806170366561275,34.650976281528074,3.5118155354090845,0,1,0,1,0,0,0,9,0.0,1,1,3.5672775761027573,-1.6340169384373961,73,1,17.90463934994695,0.11508939623304358,22.430789153674557,-0.001449700602103447,20.10054687626874,-0.2441406393105093,23.34742672849989,-0.06889334719531956,17.14928340146274,0.017242424094406593,30.407668111417514,-0.2533775029663968,30.770948042148042,-0.23963884748006087,30.179569084278555,-0.03345552541456558,30.425479545563245,-0.2100368462507694
1346,4.55,true_threat,ADA,1,2967,1345,4.5,1,1,317.64408292730445,-201.76889249133345,318.4970761388058,-205.24699525799184,-205.2803847348098,0.038623030937799285,-2.5,1.4915953448307586,1,1,28.12396421337755,-4.2398194157679825,0.0,0.75,0.0,,27.231052532962067,0.009007827250630724,0,1,1.6189351312175688,17.108225359498167,1.4945220250193758,latent_vehicle,0.7239286653676518,latent_vehicle,1.4945220250193758,0.7239286653676518,1.6499999999999995,1313,ok,stale_plan,0,ok,1.1462226,0.33356699999421835,0.7792105000116862,0.03308170000673272,1,0.0021233000000009383,0.012074999999999392,0,276.6433167264276,34.32055465683999,35.11582601508513,3.481107508666554,0,1,0,1,0,0,0,9,0.0,1,1,3.4696509957125214,-1.650778346370337,74,1,17.910689458969703,0.12100218101639602,22.430720482254827,-0.001373427564654487,20.087124866727656,-0.2684401921748819,23.342082341760147,-0.10688773429538102,17.150084487470078,0.01602172013910563,30.393925338430325,-0.2748539146219693,30.75735629897868,-0.27183484572455674,30.178037452945173,-0.030632604826508737,30.413324032992143,-0.24311023811483207
1347,4.6,true_threat,ADA,1,2998,1346,4.55,1,1,319.0381363610552,-201.79933123185012,319.85853374383385,-205.17902592308207,-205.26808793686814,-0.021092678876300397,-2.5,1.4106761142050832,0,1,27.751663173380017,-7.446020799950688,0.0,0.75,0.0,,27.231052532962067,0.009251122834441143,0,1,1.5205270557911206,18.253837642470618,1.400172696065945,latent_vehicle,0.7156309952484935,latent_vehicle,1.400172696065945,0.7156309952484935,1.6999999999999993,1313,ok,stale_plan,0,ok,1.1462226,0.33356699999421835,0.7792105000116862,0.03308170000673272,0,0.0021233000000009383,0.009794900000002826,0,277.5390382087563,34.818886608262005,35.58156213778443,3.4506687681498818,0,1,0,1,0,0,0,9,0.0,1,1,3.375350995269263,-1.6633633925575215,75,1,17.917021856706217,0.12664795477132887,22.430661347837894,-0.0011826879403450661,20.07262711689787,-0.28995499855943285,23.334941233058593,-0.14282217343630987,17.15083026034364,0.014915457460736805,30.37920983741681,-0.29430845589862337,30.742290176913027,-0.3013224208214339,30.17664315373626,-0.02788596529591281,30.399650272251414,-0.2734751995189664
1348,4.65,true_threat,ADA,1,3036,1347,4.6000000000000005,1,1,320.4142758525595,-201.8294098725771,321.220877764031,-205.11517615906683,-205.25953053327552,-0.08050461019345789,-2.5,1.3286409775277868,1,1,27.4058721533322,-6.915820400956321,0.0,0.75,0.0,,27.269651480878952,0.009486032033530052,0,1,1.42659865104892,19.471161468784604,1.3111537558952517,latent_vehicle,0.7081208381675864,latent_vehicle,1.3111537558952517,0.7081208381675864,1.75,1313,ok,stale_plan,0,ok,1.1462226,0.33356699999421835,0.7792105000116862,0.03308170000673272,1,0.001413199999998227,0.011452600000001922,0,278.43503434927214,35.299029959250504,36.04791001746577,3.420590127422912,0,1,0,1,0,0,0,9,0.0,1,1,3.283714481235569,-1.6708129810405947,76,1,17.92361365487351,0.13183596294581854,22.430615564817707,-0.0009156595782683642,20.057194771135464,-0.30864691663309424,23.326125472067428,-0.17631521921678903,17.151513090719927,0.01365660751310869,30.363624610306903,-0.3117030162428265,30.725883190137253,-0.32813971250222884,30.175384279883026,-0.025177464129949912,30.384601314284687,-0.3009791423011038
1349,4.7,true_threat,ADA,1,3071,1348,4.65,1,1,321.773783150435,-201.8591584938381,322.5839861499134,-205.05550704274205,-205.25414252677754,-0.13896636771070803,-2.5,1.2456955623526222,0,1,27.078889258029047,-6.53965790606307,0.0,0.75,0.0,,27.269651480878952,0.009716492253623785,0,1,1.3371809134631292,20.789516873689504,1.2272778369174817,latent_vehicle,0.7016566171238795,latent_vehicle,1.2272778369174817,0.7016566171238795,1.7999999999999998,1313,ok,stale_plan,0,ok,1.1462226,0.33356699999421835,0.7792105000116862,0.03308170000673272,0,0.001413199999998227,0.010555000000000092,0,279.3314272182805,35.76214438811763,36.514625534339814,3.3908415061619053,0,1,0,1,0,0,0,9,0.0,1,1,3.194538909145819,-1.6731049742564588,77,1,17.93045150195483,0.1367569408487879,22.430583134215677,-0.0006486116544814781,20.040968972189333,-0.3245159784326344,23.315738056196558,-0.20774831673012267,17.152134885913927,0.01243590386427594,30.347266934461576,-0.32715207629702237,30.708272667537933,-0.35221042682967346,30.174258923358682,-0.022507118651240124,30.368308765954467,-0.32585094811459814
1350,4.75,true_threat,ADA,1,3109,1349,4.7,1,1,323.11754326439575,-201.88857679372055,323.94764527844666,-205.00001864698308,-205.25126890475835,-0.19576186201629753,-2.5,1.1620083152999645,1,1,26.763884017476364,-6.300104811053657,0.0,0.75,0.0,,27.29241405477019,0.009946545367992048,0,1,1.2522742178217072,22.249422386852657,1.1483537760023923,latent_vehicle,0.6965048293780789,latent_vehicle,1.1483537760023923,0.6965048293780789,1.8499999999999996,1313,ok,stale_plan,0,ok,1.1462226,0.33356699999421835,0.7792105000116862,0.03308170000673272,1,0.001499900000002441,0.011685499999998683,0,280.22818630341044,36.209145416948445,36.98152557774313,3.3614232062794542,0,1,0,1,0,0,0,9,0.0,1,1,3.1078418576994893,-1.6701421228694235,78,1,17.93751632438198,0.14129644744926972,22.430569777046124,-0.0002671433008477165,20.02409467837576,-0.3374858729835777,23.30390486983481,-0.23666372655078696,17.152691831254405,0.011138906791316969,30.330232179847073,-0.34069378377187237,30.689611197108217,-0.37322938143291834,30.17325754938444,-0.020027472153907214,30.35091949294683,-0.3477854404815473
1351,4.8,true_threat,ADA,1,3155,1350,4.75,1,1,324.44583085783427,-201.9176799373156,325.3116110246361,-204.94875683144073,-205.25016635818363,-0.25014771120055457,-2.5,1.0777155036412933,0,1,26.456692696936,-6.143826410807307,0.0,0.75,0.0,,27.29241405477019,0.010178851152146522,0,1,1.171909258684309,23.895732113843973,1.0742508144525174,latent_vehicle,0.6929448641684337,latent_vehicle,1.0742508144525174,0.6929448641684337,1.8999999999999995,1313,ok,stale_plan,0,ok,1.1462226,0.33356699999421835,0.7792105000116862,0.03308170000673272,0,0.001499900000002441,0.01012360000000001,0,281.1252505590985,36.6403687546989,37.448427068244484,3.3323200626844027,0,1,0,1,0,0,0,9,0.0,1,1,3.023867878121858,-1.661649995026521,79,1,17.944789047778098,0.14545446689435484,22.430577400040416,0.0001524606528956501,20.00670921858045,-0.34770918915349164,23.290747983332444,-0.2631377293615688,17.15318774142111,0.00991820331274434,30.312608084607927,-0.35248075848695615,30.670036108054095,-0.39150175204213494,30.172382064470664,-0.01750969379653362,30.332574639225392,-0.3668970535999836
1352,4.8500000000000005,true_threat,ADA,1,3198,1351,4.800000000000001,1,1,325.7591036943958,-201.94646776846162,326.67560868344606,-204.90158436071837,-205.25000000054416,-0.3012431691034294,-2.034113975947788,0.9929302758553442,1,1,26.154759568495983,-6.038662568800319,0.0,0.75,0.0,,27.29959786588222,0.010415202076540168,0,1,1.0959489568159313,25.781753484345217,1.0045070448422084,latent_vehicle,0.689196384513665,latent_vehicle,1.0045070448422084,0.689196384513665,1.9500000000000002,1313,ok,stale_plan,0,ok,1.1462226,0.33356699999421835,0.7792105000116862,0.03308170000673272,1,0.0013649999999998386,0.014558999999998434,0,282.0227115432791,37.056180607079796,37.91496374287385,3.3035322315383837,0,1,0,1,0,0,0,9,0.0,1,1,2.9429878623946752,-1.6474330675307927,80,1,17.95225822895441,0.14938362223051693,22.430607911944712,0.0006102384489892275,19.98894801428815,-0.35522407525036054,23.276393282285134,-0.2870940201869802,17.15361689305336,0.0085830325445888,30.294478570746126,-0.362589308839095,30.649688543361318,-0.40695126387500513,30.171617209590313,-0.015297095052697718,30.31342297752324,-0.38303321255202255
1353,4.9,true_threat,ADA,1,3238,1352,4.8500000000000005,1,1,327.05742279882224,-201.9749097487607,328.0396382340551,-204.85844019966336,-205.25,-0.348415639281626,-1.9199130808070317,0.9117669829898505,0,1,25.856520755646553,-5.9647762569886,0.0,0.75,0.0,,27.29959786588222,0.010656835343736943,0,1,1.024362815461842,27.975012585811935,0.938889793322995,latent_vehicle,0.6866972143953225,latent_vehicle,0.938889793322995,0.6866972143953225,2.0,1313,ok,stale_plan,1,ok,0.7518038,0.3317680000036489,0.3464203999901656,0.07325270000728779,0,0.0013649999999998386,0.010009799999998847,0,282.9205692559522,37.45664199883316,38.38113558080977,3.2750902512393054,0,1,0,1,0,0,0,9,0.0,1,1,2.86588708012806,-1.6270778182224084,81,1,17.959904794324093,0.15293130588706574,22.430667034193856,0.0011824450472609563,19.970952208988656,-0.3599160914556701,23.260964743728607,-0.30857077038871333,17.153983103695083,0.007324212813488614,30.275919931602406,-0.37117200492664837,30.62872109083415,-0.41934901985262063,30.170947726461293,-0.01338966182014234,30.293611373603277,-0.39623205641855036
1354,4.95,true_threat,ADA,1,3259,1353,4.9,1,1,328.3409102570352,-202.00305161293426,329.40336394668554,-204.81921765127697,-205.25,-0.39155980033663695,-1.8096528222314534,0.8313361010900799,1,1,25.561026540167678,-5.909884309577507,0.0,0.75,0.0,,27.192941467912302,0.010904633445607983,0,1,0.9569984029018883,30.564846517905124,0.8771535508666652,latent_vehicle,0.6852039938510952,latent_vehicle,0.8771535508666652,0.6852039938510952,0.9500000000000002,1335,ok,accepted,0,ok,0.7518038,0.3317680000036489,0.3464203999901656,0.07325270000728779,1,0.0014268000000008385,0.015476199999998386,0,283.8187931743362,37.84190553866216,38.846637375056275,3.2469483870657427,0,1,0,1,0,0,0,9,0.0,1,1,2.7934711046456946,-1.6003286407099735,82,1,17.96771539319235,0.15621197539441095,22.43075285862483,0.001716489306661466,19.952851502924567,-0.36201410251551924,23.244603512076836,-0.32722463222858406,17.15428637159823,0.006065358024281802,30.257016088045077,-0.37807627659894527,30.607274894169894,-0.4289239021400041,30.170369799765158,-0.01155853391691751,30.273286692887456,-0.40649359228448345
1355,5.0,true_threat,ADA,1,3286,1354,4.95,1,1,329.60981019923463,-202.03086276011967,330.76663322825027,-204.78390150882498,-205.25,-0.430782348723028,-1.69907262201403,0.7524704127975598,0,1,25.26768769056177,-5.866776992118119,0.0,0.75,0.0,,27.192941467912302,0.01115927139896038,0,1,0.8938711132644812,33.67461354650669,0.8192360228604866,latent_vehicle,0.6846571938571613,latent_vehicle,0.8192360228604866,0.6846571938571613,1.0,1335,ok,accepted,0,ok,0.7518038,0.3317680000036489,0.3464203999901656,0.07325270000728779,0,0.0014268000000008385,0.009269999999997225,0,284.7174443439944,38.21215431120339,39.31125548696281,3.2191372398803253,0,1,0,1,0,0,0,9,0.0,1,1,2.7271054809678565,-1.5669606876983868,83,1,17.975674766563763,0.15918746460397737,22.43086538733477,0.002250574478010577,19.934775594606066,-0.36151814414658656,23.22742593496877,-0.3435515413775304,17.154528604268005,0.0048446534009349475,30.237837609705583,-0.3835691409634345,30.58548918971764,-0.4357140576973714,30.169871985801475,-0.009956279362709156,30.252593894163507,-0.4138559522660261
1356,5.05,true_threat,ADA,1,3330,1355,5.0,1,1,330.86406159026797,-202.05834321113858,332.12926291603196,-204.7523239881021,-205.25,-0.46609849117501767,-1.5892669592119173,0.6757712034843907,1,1,24.97614192369365,-5.830915337362441,0.0,0.75,0.0,,27.06210601736215,0.011421293105984076,0,1,0.8348131415226874,37.481792137099106,0.7649079646581326,latent_vehicle,0.6849049346119019,latent_vehicle,0.7649079646581326,0.6849049346119019,1.0499999999999998,1335,ok,accepted,0,ok,0.7518038,0.3317680000036489,0.3464203999901656,0.07325270000728779,1,0.0013898999999994999,0.015116299999998972,0,285.6164617245688,38.56738832166229,39.77486779417006,3.1916567888614225,0,1,0,1,0,0,0,9,0.0,1,1,2.6682701510051334,-1.5267458387519928,84,1,17.983761933137693,0.16174332886861018,22.431008432786392,0.0028609090741345674,19.916846549988005,-0.35858086957299895,23.209573156845845,-0.35705556160698415,17.15471361745082,0.0037002636537105164,30.21845888049244,-0.38757430225196876,30.56350130649373,-0.4397576331577833,30.16944474603244,-0.008544794995671595,30.231668399079624,-0.41850987947749996
1357,5.1000000000000005,true_threat,ADA,1,3365,1356,5.050000000000001,1,1,332.1038780479641,-202.0854776343273,333.4911308928767,-204.72434780165784,-205.25,-0.49767601189790867,-1.4811499477276169,0.6016717434496055,0,1,24.68616998641359,-5.799438745601222,0.0,0.75,0.0,,27.06210601736215,0.011691161256140715,0,1,0.7797025318897113,42.25198885667558,0.7139947589161554,latent_vehicle,0.6858495555285743,latent_vehicle,0.7139947589161554,0.6858495555285743,1.1000000000000005,1335,ok,accepted,0,ok,0.7518038,0.3317680000036489,0.3464203999901656,0.07325270000728779,0,0.0013898999999994999,0.011005499999999557,0,286.5159063564175,38.90776014750975,40.23729113916613,3.1645223656726955,0,1,0,1,0,0,0,9,0.0,1,1,2.6187922491667774,-1.4796751023789891,85,1,17.991961633086003,0.16399399589007196,22.4311800878306,0.003433101554850006,19.899184530555548,-0.3532403667396834,23.19117106210193,-0.36804189404432675,17.154843316089593,0.002593972779329157,30.19896191558191,-0.3899391367691713,30.541448573492467,-0.44105462896886694,30.169078544421765,-0.007324030951541973,30.21065325837414,-0.4203027923280607
1358,5.15,true_threat,ADA,1,3403,1357,5.1000000000000005,1,1,333.32919855799196,-202.11232708566013,334.8520234784907,-204.69980517569778,-205.25,-0.5256521983421578,-1.3754018853905456,0.5304889592871218,1,1,24.3976346276386,-5.770707175499794,0.0,0.75,0.0,,26.96459023494307,0.011969298064497043,0,1,0.7283104545968229,48.40358863983793,0.6662285616746836,latent_vehicle,0.687307071726258,latent_vehicle,0.6662285616746836,0.687307071726258,1.1500000000000004,1335,ok,accepted,0,ok,0.7518038,0.3317680000036489,0.3464203999901656,0.07325270000728779,1,0.0013857000000001563,0.012361900000001924,0,287.4157477115533,39.233239302401785,40.69834236964431,3.1376729143398734,0,1,0,1,0,0,0,9,0.0,1,1,2.580651987560044,-1.4258712905031077,86,1,18.00026623739996,0.16609208385345114,22.43137654048568,0.003929053336439579,19.88190588452205,-0.34557290051407685,23.172343628460073,-0.37654867200724457,17.15492151652911,0.001564008784576707,30.179419192134212,-0.39085439477174605,30.51945878299398,-0.4397957793666722,30.168767658533348,-0.00621771539600538,30.189681986761045,-0.4194254107299132
1359,5.2,true_threat,ADA,1,3429,1358,5.15,1,1,334.54017568741176,-202.13883047793044,336.2119101240654,-204.67860456790362,-205.25,-0.5501948243022241,-1.2725622992247072,0.4624480221016266,0,1,24.110448162950764,-5.743729293756701,0.0,0.75,0.0,,26.96459023494307,0.012256107352003347,0,1,0.6806064545323522,56.63699007545659,0.6215515189728468,latent_vehicle,0.6892956040217549,latent_vehicle,0.6215515189728468,0.6892956040217549,1.2000000000000002,1335,ok,accepted,0,ok,0.7518038,0.3317680000036489,0.3464203999901656,0.07325270000728779,0,0.0013857000000001563,0.011007400000000445,0,288.3159857951817,39.54397834819321,41.15799093159063,3.1111695220695594,0,1,0,1,0,0,0,9,0.0,1,1,2.556221538632476,-1.3657397624228214,87,1,18.008660487777927,0.16788500431153747,22.4316073297839,0.004615785960800772,19.865115516512134,-0.3358073423715485,23.15322055623644,-0.38246144356400696,17.154952034621644,0.0006103618551009008,30.159905094674073,-0.3902819280643833,30.497665446888494,-0.43586669432168557,30.168504458604545,-0.005263995000002357,30.168878561462375,-0.4160684850976787
1360,5.25,true_threat,ADA,1,3451,1359,5.2,1,1,335.7368094414288,-202.16500306992643,337.57060764085634,-204.66050190012925,-205.25,-0.5713954320963808,-1.1729858259072177,0.3977052667945073,1,1,23.824555331324614,-5.717856632522995,0.0,0.75,0.0,,26.89931401108846,0.012551986186486128,0,1,0.6363311947619934,68.22011119846557,0.5796870973036052,latent_vehicle,0.6916014050964215,latent_vehicle,0.5796870973036052,0.6916014050964215,1.25,1335,ok,accepted,0,ok,0.7518038,0.3317680000036489,0.3464203999901656,0.07325270000728779,1,0.001378700000000066,0.01565949999999816,0,289.2166816424553,39.83991625493667,41.61599260110796,3.0849969300735722,0,1,0,1,0,0,0,9,0.0,1,1,2.5477311908468545,-1.2999890559369094,88,1,18.01712531111793,0.16929646408738439,22.431864826319106,0.00514993044997076,19.848916422715302,-0.32398186160184256,23.13393154390222,-0.38578024587774495,17.15494059085884,-0.00022887525481336932,30.140490194690088,-0.38829800099601175,30.476181099084805,-0.42968693087182436,30.168275592398054,-0.0045773195005033235,30.148370774450974,-0.4101557203387673
1361,5.3,true_threat,ADA,1,3457,1360,5.25,1,1,336.9192219007594,-202.19087533758133,338.9279633941334,-204.64535989533493,-205.25,-0.5894980998707524,-1.077047533390752,0.33636058527452783,0,1,23.539925641158526,-5.6925938033217705,0.0,0.75,0.0,,26.89931401108846,0.012857329185527464,0,1,0.5953169223127759,85.71113718145264,0.5404594077122132,latent_vehicle,0.694093828414784,latent_vehicle,0.5404594077122132,0.694093828414784,1.2999999999999998,1335,ok,accepted,0,ok,0.7518038,0.3317680000036489,0.3464203999901656,0.07325270000728779,0,0.001378700000000066,0.010576400000001485,0,290.11783525337415,40.12117510334838,42.072194743466184,3.059124662418668,0,1,0,1,0,0,0,9,0.0,1,1,2.5574178240405465,-1.229691976473237,89,1,18.025649261837447,0.17047901105817811,22.43214902991255,0.0056840708372849534,19.833400155326395,-0.31032533754934355,23.114589126318076,-0.3868483507918591,17.154891000143092,-0.0009918143147585076,30.121246970486855,-0.3848644785872218,30.455123994270114,-0.42114207467925374,30.16807152378824,-0.004081366326982186,30.128274972154756,-0.4019160283997682
1362,5.3500000000000005,true_threat,ADA,1,3436,1361,5.300000000000001,1,1,338.0874130445819,-202.21638624574246,340.2838857687028,-204.63299547929498,-205.25,-0.6046401046650658,-0.9849551457964428,0.2784683678135501,1,1,23.25652479364082,-5.668016950354087,0.0,0.75,0.0,,27.138021653186005,0.013172557735702707,0,1,0.5574415981116942,115.16417104607785,0.5037488886218153,latent_vehicle,0.6966935485741165,latent_vehicle,0.5037488886218153,0.6966935485741165,1.3500000000000005,1335,ok,stale_plan,0,ok,0.7518038,0.3317680000036489,0.3464203999901656,0.07325270000728779,1,0.0015689999999999316,0.012772199999997014,0,291.0193550804146,40.38784642013047,42.52659729099514,3.0336137542575443,0,1,0,1,0,0,0,9,0.0,1,1,2.587387726975877,-1.156151351832145,90,1,18.03421899005897,0.1713945617794351,22.432463753053444,0.006294462787122018,19.818656358471447,-0.294875931506357,23.095315373090664,-0.3854750636889887,17.15480707590131,-0.0016784848386864396,30.102247901144974,-0.37998134980273673,30.434599037003156,-0.4104991271454584,30.167886529976307,-0.0036998694016053667,30.10870750281377,-0.3913493717182033
1363,5.4,true_threat,ADA,1,3399,1362,5.3500000000000005,1,1,339.24153548680505,-202.24161203629677,341.63828315457624,-204.62324083657177,-205.25,-0.6170045207050237,-0.8968883849319189,0.22404709353772223,0,1,22.974335634593746,-5.643783180941497,0.0,0.75,0.0,,27.138021653186005,0.01349809774575689,0,1,0.5224611648341693,175.18773552983453,0.4693212924993445,latent_vehicle,,,0.4693212924993445,,1.4000000000000004,1335,ok,stale_plan,0,ok,0.7518038,0.3317680000036489,0.3464203999901656,0.07325270000728779,0,0.0015689999999999316,0.013532600000001338,0,291.92133266589485,40.63999127687333,42.9790170913883,3.0083879637032283,0,1,0,1,0,0,0,9,0.0,1,1,2.6392161132677114,-1.0809125866812632,91,1,18.04282114181993,0.17204303220212755,22.43280327146057,0.006790368923189193,19.804761325985094,-0.27790064802094067,23.076226631924776,-0.38177482277744623,17.154694541711986,-0.002250683793392373,30.083548299418077,-0.37399194679274683,30.414705408941987,-0.3978725468826482,30.167703444178617,-0.0036617084367952957,30.089769455686888,-0.37876093010463185
1364,5.45,true_threat,ADA,1,3361,1363,5.4,1,1,340.3815586994416,-202.26652220207873,342.99115549969986,-204.61594337928355,-205.25,-0.6267591634282326,-0.8129577744921446,0.17308357986086587,1,1,22.693352452406796,-5.619663643739017,0.0,0.75,0.0,,27.076780147198157,0.013834384579326479,0,1,0.49025354176399105,364.55430512780833,0.4370716679822175,latent_vehicle,,,0.4370716679822175,,1.4500000000000002,1335,ok,stale_plan,0,ok,0.7518038,0.3317680000036489,0.3464203999901656,0.07325270000728779,1,0.00141349999999818,0.014826400000000461,0,292.82370697986767,40.87764017553707,43.4295151225391,2.9834777979212674,0,1,0,1,0,0,0,9,0.0,1,1,2.7142271546085097,-1.0055128912961973,92,1,18.051442369192127,0.17242454492386647,22.433167586684764,0.007286306257316474,19.791793260038062,-0.2593613196406314,23.05743162323641,-0.375900173381595,17.15455530600633,-0.0027847141131380274,30.065205385548605,-0.3668581260505863,30.395538476719274,-0.38333863433371806,30.167522266668527,-0.0036235419805483032,30.071556198240636,-0.3642651391759355
1365,5.5,true_threat,ADA,1,3282,1364,5.45,1,1,341.50754370723365,-202.2910862046904,344.34231963094544,-204.61090480564874,-205.25,-0.63405662071645,-0.7332158731646099,0.1255392092174722,0,1,22.413556178699565,-5.595925474144607,0.0,0.75,0.0,,27.076780147198157,0.014181893356844619,0,1,0.46065096551751594,,0.40685504610917383,latent_vehicle,,,0.40685504610917383,,1.5,1335,ok,stale_plan,1,ok,0.5913944,0.0007612000044900924,0.5251046000048518,0.06489380000857636,0,0.00141349999999818,0.011980199999999996,0,293.7265390522804,41.10079311091641,43.877847181371976,2.9589137953095985,0,1,0,1,0,0,0,9,0.0,1,1,2.813047255234552,-0.9314996626853459,93,1,18.060071225300593,0.17257711989942168,22.433552882793922,0.007705924652587424,19.77981128751506,-0.23963945269903392,23.039039064522672,-0.3678511735349054,17.15439699667713,-0.0031661865884423167,30.04728019516098,-0.3585035840457557,30.377178348981797,-0.3672025483647612,30.167335367865302,-0.0037379673031018544,30.054161189414046,-0.3479001700151451
1366,5.55,true_threat,ADA,1,3183,1365,5.5,1,1,342.61979570156075,-202.31534971638854,345.69180602424626,-204.60800303495114,-205.25,-0.6390951943512562,-0.6577135828966555,0.0813541263420281,1,1,22.151932066337633,-5.23248224723865,0.0,0.75,0.0,,26.647651243811744,0.01451881359968593,0,1,0.4334856831217735,,0.37853220589379827,latent_vehicle,,,0.37853220589379827,,0.7499999999999991,1351,ok,accepted,0,ok,0.5913944,0.0007612000044900924,0.5251046000048518,0.06489380000857636,1,0.001433399999999807,0.015193899999999871,0,294.6298288935436,41.309755263980264,44.32404373340955,2.934650283611461,0,1,0,1,0,0,0,9,0.0,1,1,2.9357263712859103,-0.8602058840528647,94,1,18.06869435963625,0.1724626845109281,22.433961066679426,0.008163680518434349,19.76886881539695,-0.21884944446524274,23.021148138377466,-0.3578185222029885,17.154223428506253,-0.0034713634251035863,30.029814688161355,-0.3493098479172337,30.359712762679788,-0.34931172320376785,30.16712939612923,-0.004119425576559699,30.0376664456062,-0.3298948722816847
1367,5.6000000000000005,true_threat,ADA,1,3078,1366,5.550000000000001,1,1,343.7210918026923,-202.33937282494506,347.03949253642145,-204.60702448579943,-205.25,-0.6419969650488611,-0.5864089180528878,0.0404507477854438,0,1,21.945012862587518,-4.138384075002293,0.0,0.75,0.0,,26.647651243811744,0.014793860004212418,0,1,0.4084840254135429,,0.35187230523610824,latent_vehicle,,,0.35187230523610824,,0.7999999999999998,1351,ok,accepted,0,ok,0.5913944,0.0007612000044900924,0.5251046000048518,0.06489380000857636,0,0.001433399999999807,0.013597499999999485,0,295.53348495092854,41.50739530772688,44.76807418819982,2.910627175054941,0,1,0,1,0,0,0,9,0.0,1,1,3.079946146325417,-0.7932467772706736,95,1,18.077296513375003,0.172043072637862,22.434384509259928,0.008468854560852439,19.75901734145663,-0.19702947961369313,23.003859934207846,-0.3457640827438927,17.154036507649458,-0.0037384171271202618,30.012858455202142,-0.3391243040783319,30.343204660848485,-0.33016203606041356,30.16690053622376,-0.004577188875412908,30.022144444940007,-0.31044001199679977
1368,5.65,true_threat,ADA,1,2957,1367,5.6000000000000005,1,1,344.81207287452605,-202.3631400529455,348.385470678557,-204.60784705665586,-205.25,-0.6429755142005718,-0.5193061876191061,0.0027365423659159267,1,1,21.73879990393193,-4.124259173111753,0.0,0.75,0.0,,26.803417978805804,0.015075816220445473,0,1,0.3855393682695194,,0.3268150511765112,latent_vehicle,,,0.3268150511765112,,0.8499999999999996,1351,ok,accepted,0,ok,0.5913944,0.0007612000044900924,0.5251046000048518,0.06489380000857636,1,0.0015476999999997076,0.01428370000000001,0,296.4376292843296,41.694232046159584,45.209907996934305,2.8868599470544893,0,1,0,1,0,0,0,9,0.0,1,1,3.2443964818819486,-0.7311677497565131,96,1,18.085870057096095,0.17147087234459166,22.43482702387326,0.008850293915680214,19.750289291200435,-0.17456100341275155,22.987262189448032,-0.331954894677643,17.1538438649889,-0.0038528532081788473,29.996440105093672,-0.3283665972055287,30.3277131710881,-0.3098297958190259,30.166641159108597,-0.005187532899033041,30.007658130438767,-0.2897262901930536
1369,5.7,true_threat,ADA,1,2823,1368,5.65,1,1,345.88364462725633,-202.38650191491982,349.7297098758172,-204.6103029112613,-205.25,-0.6421529433441435,-0.45631560989055037,-0.0318926359915358,0,1,21.253337003201604,-9.709258014606519,0.0,0.75,0.0,,26.803417978805804,0.01577228430365595,0,1,0.3646333609006547,,0.3033389107531221,latent_vehicle,,,0.3033389107531221,,0.8999999999999995,1351,ok,accepted,0,ok,0.5913944,0.0007612000044900924,0.5251046000048518,0.06489380000857636,0,0.0015476999999997076,0.012409899999997975,0,297.3421703462232,41.86126273699625,45.6496061323009,2.863498085080181,0,1,0,1,0,0,0,9,0.0,1,1,3.43499613585062,-0.6724248631267826,97,1,18.09440163931627,0.17063164238512768,22.43528288974827,0.009117319796747562,19.742718998301882,-0.15140585292989855,22.97144073575098,-0.3164290734308736,17.153649315004095,-0.0038909996950669385,29.980603506168197,-0.3167315362101186,30.313287884016727,-0.2885057419421023,30.166349357291015,-0.00583602689852949,29.994258999893713,-0.2679826116871776
1370,5.75,true_threat,ADA,1,2682,1369,5.7,1,1,346.9326332069156,-202.40938319964806,351.07214904620093,-204.61425474134376,-205.25,-0.6396970887386999,-0.39736490417593145,-0.06355153711946027,1,1,20.826001345075404,-8.546713162524,0.0,0.75,0.0,,26.87070005016006,0.01642608334622812,0,1,0.3457039062548688,,0.2813867281569101,latent_vehicle,,,0.2813867281569101,,0.9499999999999993,1351,ok,accepted,0,ok,0.5913944,0.0007612000044900924,0.5251046000048518,0.06489380000857636,1,0.0013934000000013214,0.012772399999999351,0,298.24710813660937,42.00531352626939,46.08710751229847,2.8406168003519383,0,1,0,1,0,0,0,9,0.0,1,1,3.6540355829699562,-0.6170488693727713,98,1,18.102879815931598,0.16956353034130756,22.43575591892885,0.009460584741998226,19.73632172112058,-0.12794553446887766,22.956475681533693,-0.2993010838824575,17.1534547663067,-0.0038909739521452154,29.96537154504814,-0.30463875864761525,30.299968854013525,-0.26638059900107086,30.166013686124163,-0.006713414105020322,29.98200045860936,-0.24517082585834363
1371,5.8,true_threat,ADA,1,2542,1370,5.75,1,1,347.96135794410134,-202.43176785712294,352.41291020275435,-204.61953465859017,-205.25,-0.6357452586562431,-0.3423459500715952,-0.09236125380744407,0,1,20.43378463629157,-7.844334175676693,0.0,0.75,0.0,,26.87070005016006,0.01706259555492976,0,1,0.3285991660264074,,0.26084252665451957,latent_vehicle,,,0.26084252665451957,,0.9999999999999991,1351,ok,accepted,0,ok,0.5913944,0.0007612000044900924,0.5251046000048518,0.06489380000857636,0,0.0013934000000013214,0.012163499999999772,0,299.15250369064074,42.12864270942373,46.522473114820514,2.818232142877065,0,1,0,1,0,0,0,9,0.0,1,1,3.8994719014923493,-0.5658072175077896,99,1,18.11129695839245,0.1683428471287746,22.436238483283518,0.0096512876915817,19.731110812596068,-0.10421815722846137,22.942437599827645,-0.28076163358994616,17.15326403200151,-0.0038146861109333687,29.95076329162215,-0.2921646053890933,30.28779613554221,-0.24345436531770284,30.165637960806535,-0.007514497166047105,29.970911117580314,-0.22178681877087883
1372,5.8500000000000005,true_threat,ADA,1,2384,1371,5.800000000000001,1,1,348.9713752716448,-202.45376216791198,353.7519628070794,-204.62608163825863,-205.25,-0.6304653414098311,-0.2911628207785169,-0.11844969574963779,1,1,20.064728718067286,-7.381118364485673,0.0,0.75,0.0,,26.80183454878187,0.01769591193537176,0,1,0.313151834905824,,0.2415808537349032,latent_vehicle,,,0.2415808537349032,,1.0499999999999998,1351,ok,accepted,0,ok,0.5913944,0.0007612000044900924,0.5251046000048518,0.06489380000857636,1,0.001689499999997679,0.014491200000001925,0,300.0583264959464,42.232837231661506,46.9557029138399,2.796237832088025,0,1,0,1,0,0,0,9,0.0,1,1,4.169346977873526,-0.518973581146451,100,1,18.119633992197805,0.16674067404763282,22.43673249071464,0.009880148935950033,19.7270881796727,-0.08045264068725984,22.92939515455351,-0.26084890496028473,17.153080925811754,-0.003662123786732341,29.93679781745402,-0.27930903486673303,30.27678117325626,-0.22029923731402248,30.165218366544792,-0.008391876165173036,29.961027215706007,-0.19767803220164928
1373,5.9,true_threat,ADA,1,2225,1372,5.8500000000000005,1,1,349.9636007168365,-202.4753658196919,355.0893983598513,-204.63374306123504,-205.25,-0.6239183617413744,-0.2436272050422339,-0.14194860241714757,0,1,19.711194771877945,-7.070678923786815,0.0,0.75,0.0,,26.80183454878187,0.01833624037717513,0,1,0.3469795567069236,,0.304035949102099,latent_vehicle,2.5459012257636435,follower_1,0.304035949102099,,1.0999999999999996,1351,ok,accepted,1,ok,0.420965,0.0007622999837622046,0.3781578000052832,0.0416008000029251,0,0.001689499999997679,0.013011199999997558,0,300.96454602453923,42.318843148260385,47.386918938018994,2.7746341803081123,0,1,0,1,0,0,0,9,0.0,1,1,4.462173198057682,-0.47647251474091923,101,1,18.12788328710527,0.1649858963040742,22.43723221813979,0.009994548604698762,19.724248105036736,-0.0568014729762502,22.91739984475964,-0.23990619528865612,17.152909263928187,-0.0034332376687229477,29.92348465664338,-0.26626279671581343,30.266946855581686,-0.19668633966852608,30.164749179780415,-0.009383726962126132,29.952360198033922,-0.17334034355070554
1374,5.95,true_threat,ADA,1,2075,1373,5.9,1,1,350.93849204332173,-202.49657865630098,356.4252473265926,-204.64236632922692,-205.25,-0.6162569387649626,-0.19962060822781147,-0.1629916348800881,1,1,19.36833702608307,-6.857154915897539,0.0,0.75,0.0,,24.420968837155307,0.018991006675532763,0,1,0.6083963835065966,,0.6038797643717213,latent_vehicle,2.416719973929423,follower_1,0.6038797643717213,,0.5499999999999998,1363,ok,accepted,0,ok,0.420965,0.0007622999837622046,0.3781578000052832,0.0416008000029251,1,0.0014156999999990205,0.0124898999999985,0,301.87119282002254,42.38708767926232,47.81612110927699,2.753421343699017,0,1,0,1,0,0,0,9,0.0,1,1,4.776772804472827,-0.4380521305459554,102,1,18.136041030347,0.16315486289663095,22.437741481097756,0.010185259190490717,19.722577238604174,-0.03341730836912927,22.906512710201213,-0.21774269010904634,17.152752860843297,-0.003128061697758304,29.91083334365219,-0.2530258794245911,30.25829318214343,-0.17307344820250858,30.164234213272465,-0.01029932495960572,29.944925323183796,-0.14869748118848325
1375,6.0,true_threat,ADA,1,1908,1374,5.95,1,1,351.8965375323221,-202.51740051116684,357.75963175158165,-204.65187510665024,-205.25,-0.6076336707730832,-0.15902163736742936,-0.1817140551394651,0,1,19.03308205858467,-6.705099349967938,0.0,0.75,0.0,,24.420968837155307,0.019665755572837038,0,1,0.9535963174858872,,0.9631696507662421,latent_vehicle,2.2953574052255856,follower_1,0.9631696507662421,,0.5999999999999996,1363,ok,accepted,0,ok,0.420965,0.0007622999837622046,0.3781578000052832,0.0416008000029251,0,0.0014156999999990205,0.012633900000000864,0,302.77820583683274,42.438120151452495,48.24349251745582,2.7325994888331593,0,1,0,1,0,0,0,9,0.0,1,1,5.112086725104009,-0.40340702750982477,103,1,18.14409005117397,0.1609804152627077,22.43825455451033,0.010261468088866266,19.722050783886495,-0.010529073879305668,22.89676808525271,-0.19489249721227517,17.152613623869577,-0.0027847394771249286,29.89884006189089,-0.23986529965671435,30.250823968819578,-0.14938423899136005,30.16366774600772,-0.011329339779269667,29.93871686980749,-0.12416904506946073
