frame,time_s,condition,controller,role,actor_id,blueprint,traffic_role,initial_lane_id,lane_name,lane_index,occupied_lane_indices,station_m,local_y_m,speed_mps,longitudinal_accel_mps2,leader_role,idm_gap_m,target_speed_mps,desired_speed_mps,time_headway_s
1201,0.05,true_threat,ADA,occluder,121,vehicle.carlamotors.firetruck,occluder,-5,centre,1,[1],193.55119973565124,-205.25487586035672,18.43995206668403,0.16185777282598518,lead_centre,117.4974944167254,18.428011157912493,18.207641,1.115859
1201,0.05,true_threat,ADA,lead_left,123,vehicle.audi.a2,leader,-4,left,0,[0],311.93196923694694,-201.75076133932015,22.10158838814609,1.753539897773106,,,22.04303019748744,24.473662,1.002791
1201,0.05,true_threat,ADA,lead_centre,124,vehicle.mercedes.coupe_2020,leader,-5,centre,1,[1],317.7326325095448,-205.250613757281,20.705586479896354,0.3297406907632448,,,20.66116039782806,18.774793,0.885101
1201,0.05,true_threat,ADA,lead_right,125,vehicle.mercedes.coupe_2020,leader,-6,right,2,[2],311.0594471886433,-208.7462681391004,24.918435995684142,1.932208548886893,,,24.823048440741015,24.908478,0.886773
1201,0.05,true_threat,ADA,rear_centre,126,vehicle.tesla.model3,follower,-5,centre,1,[1],165.88228163685147,-205.24991054797076,17.1683436486942,-0.1162719357634359,occluder,20.975714176396266,17.162307638707624,20.0,1.158223
1201,0.05,true_threat,ADA,follower_1,127,vehicle.mercedes.coupe_2020,follower,-4,left,0,[0],140.7427329083905,-201.78926343893193,31.962948194457624,1.2478991813269356,ego,33.706235844284635,31.871943176097812,32.0,0.986178
1201,0.05,true_threat,ADA,follower_2,128,vehicle.tesla.model3,follower,-4,left,0,[0],107.13904943662182,-201.75026619402763,31.38220596220549,0.12809721786415518,follower_1,28.84302090517245,31.32552843593625,32.0,0.912833
1201,0.05,true_threat,ADA,follower_3,129,vehicle.audi.a2,follower,-4,left,0,[0],72.34774189010821,-201.75032461059982,28.873948837690467,5.642776967219732,follower_2,30.412270381072773,28.611483697925205,31.244948,0.859204
1201,0.05,true_threat,ADA,follower_4,130,vehicle.nissan.patrol_2021,follower,-4,left,0,[0],35.08823340801189,-201.75006536214914,32.17362033208298,1.9857790080152993,follower_3,32.79221381054214,31.774331381733855,32.0,1.061567
1202,0.1,true_threat,ADA,occluder,121,vehicle.carlamotors.firetruck,occluder,-5,centre,1,[1],194.47341047425107,-205.25485117404088,18.447552860922464,0.15201588097073923,lead_centre,117.61059265357804,18.435985635797678,18.207641,1.115859
1202,0.1,true_threat,ADA,lead_left,123,vehicle.audi.a2,leader,-4,left,0,[0],313.0447927938618,-201.75077843880405,22.341727395871704,4.80278015691284,,,22.12982264993521,24.473662,1.002791
1202,0.1,true_threat,ADA,lead_centre,124,vehicle.mercedes.coupe_2020,leader,-5,centre,1,[1],318.7678804342284,-205.25079465005535,20.70888412642057,0.06595297268707892,,,20.677370386371457,18.774793,0.885101
1202,0.1,true_threat,ADA,lead_right,125,vehicle.mercedes.coupe_2020,leader,-6,right,2,[2],312.30752491461806,-208.74703255500265,24.987652509783246,1.384332582565636,,,24.918294670851168,24.908478,0.886773
1202,0.1,true_threat,ADA,rear_centre,126,vehicle.tesla.model3,follower,-5,centre,1,[1],166.74061909335776,-205.2499229102008,17.16567908419879,-0.0532912898820585,occluder,21.039007629744567,17.157171890021523,20.0,1.158223
1202,0.1,true_threat,ADA,follower_1,127,vehicle.mercedes.coupe_2020,follower,-4,left,0,[0],142.34234152402206,-201.7867646227219,32.01091961684472,0.9596719989775663,ego,33.75970339803525,31.933854912055697,32.0,0.986178
1202,0.1,true_threat,ADA,follower_2,128,vehicle.tesla.model3,follower,-4,left,0,[0],108.7084922973321,-201.75032588649654,31.392244319471303,0.20076715092303266,follower_1,28.870974302380873,31.334041196524183,32.0,0.912833
1202,0.1,true_threat,ADA,follower_3,129,vehicle.audi.a2,follower,-4,left,0,[0],73.8000124799879,-201.75031746373247,29.129678535130424,5.1145939509523854,follower_2,30.542733051198056,28.890430181477385,31.244948,0.859204
1202,0.1,true_threat,ADA,follower_4,130,vehicle.nissan.patrol_2021,follower,-4,left,0,[0],36.69922594371627,-201.75009562155603,32.248968238730846,1.506958133283439,follower_3,32.62390934574378,31.873620332082982,32.0,1.061567
1203,0.15000000000000002,true_threat,ADA,occluder,121,vehicle.carlamotors.firetruck,occluder,-5,centre,1,[1],195.3960179465488,-205.2548416111731,18.45464248798666,0.14179253745997003,lead_centre,117.7236298396618,18.443468668383282,18.207641,1.115859
1203,0.15000000000000002,true_threat,ADA,lead_left,123,vehicle.audi.a2,leader,-4,left,0,[0],314.16829749729345,-201.75077663572756,22.53145899205286,3.7946319258786407,,,22.367484507175423,24.473662,1.002791
1203,0.15000000000000002,true_threat,ADA,lead_centre,124,vehicle.mercedes.coupe_2020,leader,-5,centre,1,[1],319.8030367905668,-205.25092979769755,20.702736526073004,-0.12295176713716313,,,20.68061253965504,18.774793,0.885101
1203,0.15000000000000002,true_threat,ADA,lead_right,125,vehicle.mercedes.coupe_2020,leader,-6,right,2,[2],313.55834925369675,-208.74788758666395,25.03475865695399,0.942123647068466,,,24.986524165489893,24.908478,0.886773
1203,0.15000000000000002,true_threat,ADA,rear_centre,126,vehicle.tesla.model3,follower,-5,centre,1,[1],167.59892602708229,-205.24992002405347,17.165532218348893,-0.0029373169978413613,occluder,21.10288091183812,17.155051463946812,20.0,1.158223
1203,0.15000000000000002,true_threat,ADA,follower_1,127,vehicle.mercedes.coupe_2020,follower,-4,left,0,[0],143.94396415394178,-201.7838378733317,32.04827726270243,0.7473357120540088,ego,33.812927050622974,31.98137834009172,32.0,0.986178
1203,0.15000000000000002,true_threat,ADA,follower_2,128,vehicle.tesla.model3,follower,-4,left,0,[0],110.2784081752704,-201.75037015881023,31.402938802023293,0.21388965885939,follower_1,28.901140057302143,31.34546063814476,32.0,0.912833
1203,0.15000000000000002,true_threat,ADA,follower_3,129,vehicle.audi.a2,follower,-4,left,0,[0],75.26348302038774,-201.75030649610972,29.336366481769844,4.133758934997068,follower_2,30.65990532202865,29.14252001253146,31.244948,0.859204
1203,0.15000000000000002,true_threat,ADA,follower_4,130,vehicle.nissan.patrol_2021,follower,-4,left,0,[0],38.31327024226093,-201.75014009867334,32.30287754276417,1.0781860805029428,follower_3,32.46518739991909,31.948968238730846,32.0,1.061567
1204,0.2,true_threat,ADA,occluder,121,vehicle.carlamotors.firetruck,occluder,-5,centre,1,[1],196.31893058940466,-205.2548166854094,18.46120950286418,0.13134029417991858,lead_centre,117.83617872370243,18.45044348267112,18.207641,1.115859
1204,0.2,true_threat,ADA,lead_left,123,vehicle.audi.a2,leader,-4,left,0,[0],315.2992484997651,-201.75080280999768,22.66017831825902,2.5743865260645418,,,22.55520161021451,24.473662,1.002791
1204,0.2,true_threat,ADA,lead_centre,124,vehicle.mercedes.coupe_2020,leader,-5,centre,1,[1],320.83764383053085,-205.25106513273371,20.689073937305512,-0.2732512992169606,,,20.67456837060125,18.774793,0.885101
1204,0.2,true_threat,ADA,lead_right,125,vehicle.mercedes.coupe_2020,leader,-6,right,2,[2],314.8108825666401,-208.74871151774533,25.064354944093534,0.5919256852289396,,,25.03295387715732,24.908478,0.886773
1204,0.2,true_threat,ADA,rear_centre,126,vehicle.tesla.model3,follower,-5,centre,1,[1],168.45726347838317,-205.24991712749534,17.167382346729386,0.03700256761117887,occluder,21.16718145041134,17.155340000156396,20.0,1.158223
1204,0.2,true_threat,ADA,follower_1,127,vehicle.mercedes.coupe_2020,follower,-4,left,0,[0],145.54720409568407,-201.78055962004225,32.07749004748985,0.5843839598691767,ego,33.865784736947774,32.018123472285765,32.0,0.986178
1204,0.2,true_threat,ADA,follower_2,128,vehicle.tesla.model3,follower,-4,left,0,[0],111.84878181685394,-201.75041427496225,31.410703594430384,0.15529585838409557,follower_1,28.93284680928356,31.357110259705046,32.0,0.912833
1204,0.2,true_threat,ADA,follower_3,129,vehicle.audi.a2,follower,-4,left,0,[0],76.73517804761372,-201.75029272278235,29.482288204980872,2.918434466493843,follower_2,30.76635065956711,29.345756803166793,31.244948,0.859204
1204,0.2,true_threat,ADA,follower_4,130,vehicle.nissan.patrol_2021,follower,-4,left,0,[0],39.92935921321563,-201.75016861948038,32.33809864101006,0.7044219646748834,follower_3,32.31461364177427,32.002877542764175,32.0,1.061567
1205,0.25,true_threat,ADA,occluder,121,vehicle.carlamotors.firetruck,occluder,-5,centre,1,[1],197.24217892560034,-205.2547916451271,18.467240554098176,0.12062102187905306,lead_centre,117.94787312081067,18.456899794189837,18.207641,1.115859
1205,0.25,true_threat,ADA,lead_left,123,vehicle.audi.a2,leader,-4,left,0,[0],316.43447195772035,-201.75081226797076,22.72693169842299,1.3350676052657247,,,22.682524956566855,24.473662,1.002791
1205,0.25,true_threat,ADA,lead_centre,124,vehicle.mercedes.coupe_2020,leader,-5,centre,1,[1],321.87142689593355,-205.2512007488609,20.668619263032767,-0.4090927843153617,,,20.66113532055191,18.774793,0.885101
1205,0.25,true_threat,ADA,lead_right,125,vehicle.mercedes.coupe_2020,leader,-6,right,2,[2],316.06454503511384,-208.74955032241613,25.080046285640453,0.31382685602865884,,,25.062123209331222,24.908478,0.886773
1205,0.25,true_threat,ADA,rear_centre,126,vehicle.tesla.model3,follower,-5,centre,1,[1],169.31569248241308,-205.24991419970488,17.170870887608498,0.06977081758240763,occluder,21.231756641966317,17.157536965413616,20.0,1.158223
1205,0.25,true_threat,ADA,follower_1,127,vehicle.mercedes.coupe_2020,follower,-4,left,0,[0],147.15172567673062,-201.7769910125248,32.09999137519154,0.4501086288743768,ego,33.916536949952366,32.04589408624611,32.0,0.986178
1205,0.25,true_threat,ADA,follower_2,128,vehicle.tesla.model3,follower,-4,left,0,[0],113.41938432464394,-201.7504125366689,31.41235723926124,0.03307290935377494,follower_1,28.965713109442305,31.3656687174861,32.0,0.912833
1205,0.25,true_threat,ADA,follower_3,129,vehicle.audi.a2,follower,-4,left,0,[0],78.21192373372548,-201.7502772264713,29.56497750240046,1.6537859505316597,follower_2,30.865029273924677,29.48896670361178,31.244948,0.859204
1205,0.25,true_threat,ADA,follower_4,130,vehicle.nissan.patrol_2021,follower,-4,left,0,[0],41.54672992758239,-201.7502119618229,32.35696994301599,0.3774260402658197,follower_3,32.17021969804554,32.038098641010066,32.0,1.061567
1206,0.3,true_threat,ADA,occluder,121,vehicle.carlamotors.firetruck,occluder,-5,centre,1,[1],198.16570191998318,-205.2547665111478,18.47271847625641,0.10955844087423962,lead_centre,118.05840785001764,18.46282477461546,18.207641,1.115859
1206,0.3,true_threat,ADA,lead_left,123,vehicle.audi.a2,leader,-4,left,0,[0],317.5710992189822,-201.75080598825988,22.739899752355356,0.25936108055458057,,,22.748544956104485,24.473662,1.002791
1206,0.3,true_threat,ADA,lead_centre,124,vehicle.mercedes.coupe_2020,leader,-5,centre,1,[1],322.9039892322553,-205.2512604874783,20.641383963057734,-0.5447051208401894,,,20.641023446612717,18.774793,0.885101
1206,0.3,true_threat,ADA,lead_right,125,vehicle.mercedes.coupe_2020,leader,-6,right,2,[2],317.31860420084774,-208.75029743901774,25.084413370877577,0.08734252375384444,,,25.077587573786573,24.908478,0.886773
1206,0.3,true_threat,ADA,rear_centre,126,vehicle.tesla.model3,follower,-5,centre,1,[1],170.17436562705382,-205.2499111886282,17.175776589866413,0.0981140451654922,occluder,21.296575974132086,17.161297851662916,20.0,1.158223
1206,0.3,true_threat,ADA,follower_1,127,vehicle.mercedes.coupe_2020,follower,-4,left,0,[0],148.7571932245632,-201.77319320045066,32.116482437710815,0.32986704799456695,ego,33.964817463104396,32.067153972342695,32.0,0.986178
1206,0.3,true_threat,ADA,follower_2,128,vehicle.tesla.model3,follower,-4,left,0,[0],114.9898494877242,-201.75036506885954,31.40584743090381,-0.13019615272855734,follower_1,28.999632182698868,31.36815445771882,32.0,0.912833
1206,0.3,true_threat,ADA,follower_3,129,vehicle.audi.a2,follower,-4,left,0,[0],79.69077513260534,-201.75026101181658,29.590804918812147,0.5165483301604117,follower_2,30.958886095602907,29.569997410130124,31.244948,0.859204
1206,0.3,true_threat,ADA,follower_4,130,vehicle.nissan.patrol_2021,follower,-4,left,0,[0],43.16458891796532,-201.75023987880485,32.36153994138,0.09139996830743195,follower_3,32.029594669790555,32.05696994301599,32.0,1.061567
1207,0.35000000000000003,true_threat,ADA,occluder,121,vehicle.carlamotors.firetruck,occluder,-5,centre,1,[1],199.08946904977142,-205.25472603509414,18.477628010300958,0.09819067917746747,lead_centre,118.16744719195655,18.468201432467314,18.207641,1.115859
1207,0.35000000000000003,true_threat,ADA,lead_left,123,vehicle.audi.a2,leader,-4,left,0,[0],318.70693302846433,-201.7508152380174,22.712372886774222,-0.5505373098067625,,,22.761369785788062,24.473662,1.002791
1207,0.35000000000000003,true_threat,ADA,lead_centre,124,vehicle.mercedes.coupe_2020,leader,-5,centre,1,[1],323.93496464419616,-205.25129024987982,20.60710102497712,-0.6856577862731672,,,20.61424300656585,18.774793,0.885101
1207,0.35000000000000003,true_threat,ADA,lead_right,125,vehicle.mercedes.coupe_2020,leader,-6,right,2,[2],318.57260232622355,-208.75102931765278,25.07918623720765,-0.10454055897342654,,,25.081891412793127,24.908478,0.886773
1207,0.35000000000000003,true_threat,ADA,rear_centre,126,vehicle.tesla.model3,follower,-5,centre,1,[1],171.03337447023978,-205.24992332182114,17.181983103608033,0.12413027483211901,occluder,21.3614258238742,17.166409270515654,20.0,1.158223
1207,0.35000000000000003,true_threat,ADA,follower_1,127,vehicle.mercedes.coupe_2020,follower,-4,left,0,[0],150.3632710822796,-201.76927310985553,32.12716111485035,0.21359360525225826,ego,34.014898752708916,32.08551578149943,32.0,0.986178
1207,0.35000000000000003,true_threat,ADA,follower_2,128,vehicle.tesla.model3,follower,-4,left,0,[0],116.55971955806564,-201.75031780406036,31.39056000477586,-0.30574850771324685,follower_1,29.034634567451164,31.362631959729114,32.0,0.912833
1207,0.35000000000000003,true_threat,ADA,follower_3,129,vehicle.audi.a2,follower,-4,left,0,[0],81.16932135572172,-201.7502449012696,29.57231508643719,-0.3697966459689062,follower_2,31.05049985980331,29.595228546175967,31.244948,0.859204
1207,0.35000000000000003,true_threat,ADA,follower_4,130,vehicle.nissan.patrol_2021,follower,-4,left,0,[0],44.78223428531382,-201.7502678686622,32.35358628523363,-0.15907312055206024,follower_3,31.89058707828748,32.061539941380005,32.0,1.061567
1208,0.4,true_threat,ADA,occluder,121,vehicle.carlamotors.firetruck,occluder,-5,centre,1,[1],200.0135108481576,-205.2547159829198,18.48195389720064,0.08651773688619836,lead_centre,118.27465547410914,18.473014462774575,18.207641,1.115859
1208,0.4,true_threat,ADA,lead_left,123,vehicle.audi.a2,leader,-4,left,0,[0],319.8404780197203,-201.75082526858324,22.658913707784084,-1.0691835777076735,,,22.734146645787938,24.473662,1.002791
1208,0.4,true_threat,ADA,lead_centre,124,vehicle.mercedes.coupe_2020,leader,-5,centre,1,[1],324.96398693645597,-205.25133593735927,20.56552631662016,-0.8314931667649973,,,20.580530077836187,18.774793,0.885101
1208,0.4,true_threat,ADA,lead_right,125,vehicle.mercedes.coupe_2020,leader,-6,right,2,[2],319.82614266192724,-208.75168505850857,25.065467410206598,-0.2743728611826692,,,25.07673997709586,24.908478,0.886773
1208,0.4,true_threat,ADA,rear_centre,126,vehicle.tesla.model3,follower,-5,centre,1,[1],171.89268848398382,-205.24992009211812,17.189435114528326,0.1490402184058578,occluder,21.426184110476495,17.172759113914864,20.0,1.158223
1208,0.4,true_threat,ADA,follower_1,127,vehicle.mercedes.coupe_2020,follower,-4,left,0,[0],151.96974563205086,-201.7652460724031,32.131962315183436,0.09602892111634898,ego,34.06839819825855,32.0975147395138,32.0,0.986178
1208,0.4,true_threat,ADA,follower_2,128,vehicle.tesla.model3,follower,-4,left,0,[0],118.12858254838756,-201.7502708828168,31.36722929064687,-0.4666142681768541,follower_1,29.070842354826155,31.348517556549922,32.0,0.912833
1208,0.4,true_threat,ADA,follower_3,129,vehicle.audi.a2,follower,-4,left,0,[0],82.64600600668079,-201.7502294257801,29.524833552394643,-0.9496306797316264,follower_2,31.141823707028365,29.57697874561582,31.244948,0.859204
1208,0.4,true_threat,ADA,follower_4,130,vehicle.nissan.patrol_2021,follower,-4,left,0,[0],46.39919301239985,-201.75031135155024,32.33456237453165,-0.3804782099226428,follower_3,31.751487934055362,32.053586285233635,32.0,1.061567
1209,0.45,true_threat,ADA,occluder,121,vehicle.carlamotors.firetruck,occluder,-5,centre,1,[1],200.93773574679648,-205.25469060949266,18.485682783646315,0.07457772855042019,lead_centre,118.37963596798282,18.47724852722054,18.207641,1.115859
1209,0.45,true_threat,ADA,lead_left,123,vehicle.audi.a2,leader,-4,left,0,[0],320.97087969540695,-201.75082111267102,22.591527068347943,-1.347732786336971,,,22.681274177233163,24.473662,1.002791
1209,0.45,true_threat,ADA,lead_centre,124,vehicle.mercedes.coupe_2020,leader,-5,centre,1,[1],325.99075090724443,-205.25132136008355,20.51657973144697,-0.9789307271750495,,,20.53964280985858,18.774793,0.885101
1209,0.45,true_threat,ADA,lead_right,125,vehicle.mercedes.coupe_2020,leader,-6,right,2,[2],321.0787369215317,-208.75224956936944,25.04393789735091,-0.43058498647804416,,,25.063219597524892,24.908478,0.886773
1209,0.45,true_threat,ADA,rear_centre,126,vehicle.tesla.model3,follower,-5,centre,1,[1],172.7523992262204,-205.249916727075,17.19809257004768,0.17314911038617992,occluder,21.490911895118604,17.180294665652873,20.0,1.158223
1209,0.45,true_threat,ADA,follower_1,127,vehicle.mercedes.coupe_2020,follower,-4,left,0,[0],153.57631172934578,-201.76120374493016,32.13074105445394,-0.024425498626147586,ego,34.12394252963913,32.10312810182148,32.0,0.986178
1209,0.45,true_threat,ADA,follower_2,128,vehicle.tesla.model3,follower,-4,left,0,[0],119.69604173019742,-201.75022444046905,31.337562366271342,-0.5933384745608602,follower_1,29.108453914275486,31.326505606922126,32.0,0.912833
1209,0.45,true_threat,ADA,follower_3,129,vehicle.audi.a2,follower,-4,left,0,[0],84.11983726425119,-201.7502149236983,29.46251665911383,-1.2463378648642804,follower_2,31.23400204639121,29.530244756969417,31.244948,0.859204
1209,0.45,true_threat,ADA,follower_4,130,vehicle.nissan.patrol_2021,follower,-4,left,0,[0],48.01490051365019,-201.750340002492,32.30561261842793,-0.5789951157926054,follower_3,31.611213857928405,32.03456237453165,32.0,1.061567
1210,0.5,true_threat,ADA,occluder,121,vehicle.carlamotors.firetruck,occluder,-5,centre,1,[1],201.8621437665096,-205.25471094996533,18.48879559785391,0.06225628452288225,lead_centre,118.4821750401324,18.480890211869216,18.207641,1.115859
1210,0.5,true_threat,ADA,lead_left,123,vehicle.audi.a2,leader,-4,left,0,[0],322.0978633713101,-201.75072657003685,22.51906115924235,-1.4493181794467473,,,22.61462120793817,24.473662,1.002791
1210,0.5,true_threat,ADA,lead_centre,124,vehicle.mercedes.coupe_2020,leader,-5,centre,1,[1],327.0148903508507,-205.25126190177022,20.460417676727136,-1.123240202245846,,,20.491500233393293,18.774793,0.885101
1210,0.5,true_threat,ADA,lead_right,125,vehicle.mercedes.coupe_2020,leader,-6,right,2,[2],322.330049422108,-208.75275348233026,25.01503074234871,-0.5781363954852284,,,25.042000860036545,24.908478,0.886773
1210,0.5,true_threat,ADA,rear_centre,126,vehicle.tesla.model3,follower,-5,centre,1,[1],173.61256773210224,-205.24991320587023,17.207892527503404,0.19599914911437374,occluder,21.555426051520882,17.18897687388526,20.0,1.158223
1210,0.5,true_threat,ADA,follower_1,127,vehicle.mercedes.coupe_2020,follower,-4,left,0,[0],155.18260319448046,-201.75723780509506,32.12336781623327,-0.1474614158606549,ego,34.18043306725359,32.10236215085531,32.0,0.986178
1210,0.5,true_threat,ADA,follower_2,128,vehicle.tesla.model3,follower,-4,left,0,[0],121.26191399803712,-201.75017853948174,31.303697370316858,-0.6772999085093758,follower_1,29.147560829760536,31.298219041256743,32.0,0.912833
1210,0.5,true_threat,ADA,follower_3,129,vehicle.audi.a2,follower,-4,left,0,[0],85.59046417109955,-201.75018625596002,29.396207683849305,-1.326179504877764,follower_2,31.32762997063068,29.468885865470774,31.244948,0.859204
1210,0.5,true_threat,ADA,follower_4,130,vehicle.nissan.patrol_2021,follower,-4,left,0,[0],49.62888377704218,-201.75038450043087,32.267614397914265,-0.7599644017132765,follower_3,31.46933761424846,32.00561261842793,32.0,1.061567
1211,0.55,true_threat,ADA,occluder,121,vehicle.carlamotors.firetruck,occluder,-5,centre,1,[1],202.7866738721443,-205.25477702515943,18.49127898560304,0.04966775604969032,lead_centre,118.58190646402554,18.483920574623724,18.207641,1.115859
1211,0.55,true_threat,ADA,lead_left,123,vehicle.audi.a2,leader,-4,left,0,[0],323.2213070135622,-201.75064849384106,22.44739061933669,-1.4334107967064018,,,22.542936976991008,24.473662,1.002791
1211,0.55,true_threat,ADA,lead_centre,124,vehicle.mercedes.coupe_2020,leader,-5,centre,1,[1],328.03603907197476,-205.2512034637131,20.397429250965946,-1.259767737530199,,,20.43625364809143,18.774793,0.885101
1211,0.55,true_threat,ADA,lead_right,125,vehicle.mercedes.coupe_2020,leader,-6,right,2,[2],323.5796834299581,-208.753181673943,24.979054999810074,-0.7195070077673403,,,25.013509716928915,24.908478,0.886773
1211,0.55,true_threat,ADA,rear_centre,126,vehicle.tesla.model3,follower,-5,centre,1,[1],174.4733160719347,-205.24990948686064,17.218724361991857,0.21663668976521044,occluder,21.61966556535218,17.198744856881095,20.0,1.158223
1211,0.55,true_threat,ADA,follower_1,127,vehicle.mercedes.coupe_2020,follower,-4,left,0,[0],156.78831486210228,-201.75337887458198,32.10980862902308,-0.2711694893211607,ego,34.23732045828993,32.09521629361657,32.0,0.986178
1211,0.55,true_threat,ADA,follower_2,128,vehicle.tesla.model3,follower,-4,left,0,[0],122.82601624644855,-201.75013324231952,31.26776862622899,-0.7185748738580011,follower_1,29.187980027055545,31.265697103929906,32.0,0.912833
1211,0.55,true_threat,ADA,follower_3,129,vehicle.audi.a2,follower,-4,left,0,[0],87.05799354915385,-201.7501739037038,29.333398693100634,-1.2561798147491066,follower_2,31.42287533162201,29.403539974988394,31.244948,0.859204
1211,0.55,true_threat,ADA,follower_4,130,vehicle.nissan.patrol_2021,follower,-4,left,0,[0],51.240746063672475,-201.7504144631306,32.2212886907409,-0.9265141323428715,follower_3,31.32598125770484,31.967614397914264,32.0,1.061567
1212,0.6000000000000001,true_threat,ADA,occluder,121,vehicle.carlamotors.firetruck,occluder,-5,centre,1,[1],203.71126501813708,-205.25485833832016,18.493121499556,0.03685028065646631,lead_centre,118.67852507951488,18.48632641764023,18.207641,1.115859
1212,0.6000000000000001,true_threat,ADA,lead_left,123,vehicle.audi.a2,leader,-4,left,0,[0],324.34133268205767,-201.7505563248642,22.37987047322423,-1.350402921759061,,,22.472032148777817,24.473662,1.002791
1212,0.6000000000000001,true_threat,ADA,lead_centre,124,vehicle.mercedes.coupe_2020,leader,-5,centre,1,[1],329.0537698193423,-205.2511309328749,20.328203821929,-1.3845079285623072,,,20.37428303501149,18.774793,0.885101
1212,0.6000000000000001,true_threat,ADA,lead_right,125,vehicle.mercedes.coupe_2020,leader,-6,right,2,[2],324.8273337589078,-208.75350373073906,24.9363139880432,-0.8548116305170775,,,24.978049702071914,24.908478,0.886773
1212,0.6000000000000001,true_threat,ADA,rear_centre,126,vehicle.tesla.model3,follower,-5,centre,1,[1],175.33458321577052,-205.24992084965604,17.2304507427228,0.23452761461386837,occluder,21.683447331154408,17.20949129865209,20.0,1.158223
1212,0.6000000000000001,true_threat,ADA,follower_1,127,vehicle.mercedes.coupe_2020,follower,-4,left,0,[0],158.3932026176273,-201.749703330618,32.09015172883787,-0.39310742816103955,ego,34.294055334319964,32.08175465922045,32.0,0.986178
1212,0.6000000000000001,true_threat,ADA,follower_2,128,vehicle.tesla.model3,follower,-4,left,0,[0],124.3883179578554,-201.7500885593932,31.231559505987214,-0.7241823998949786,follower_1,29.229589446265912,31.230983790586155,32.0,0.912833
1212,0.6000000000000001,true_threat,ADA,follower_3,129,vehicle.audi.a2,follower,-4,left,0,[0],88.52276108654853,-201.75016249362298,29.27844797847751,-1.0990142923736395,follower_2,31.519448201979145,29.341578102287183,31.244948,0.859204
1212,0.6000000000000001,true_threat,ADA,follower_4,130,vehicle.nissan.patrol_2021,follower,-4,left,0,[0],52.850090650254,-201.75044528471952,32.16725347817799,-1.0807042375217313,follower_3,31.181648349128835,31.921288690740898,32.0,1.061567
1213,0.6500000000000001,true_threat,ADA,occluder,121,vehicle.carlamotors.firetruck,occluder,-5,centre,1,[1],204.63588667650083,-205.25492438228193,18.494309788812565,0.023765787036747976,lead_centre,118.77166468088961,18.4880965405824,18.207641,1.115859
1213,0.6500000000000001,true_threat,ADA,lead_left,123,vehicle.audi.a2,leader,-4,left,0,[0],325.45833711049465,-201.75046518655435,22.317879735134554,-1.2398147625785747,,,22.40522669415978,24.473662,1.002791
1213,0.6500000000000001,true_threat,ADA,lead_centre,124,vehicle.mercedes.coupe_2020,leader,-5,centre,1,[1],330.06796050703167,-205.2509985745342,20.253466179375607,-1.4947523286032989,,,20.30616537720743,18.774793,0.885101
1213,0.6500000000000001,true_threat,ADA,lead_right,125,vehicle.mercedes.coupe_2020,leader,-6,right,2,[2],326.0726647208227,-208.7537350260252,24.88713580676111,-0.9835546754327918,,,24.935918511526992,24.908478,0.886773
1213,0.6500000000000001,true_threat,ADA,rear_centre,126,vehicle.tesla.model3,follower,-5,centre,1,[1],176.1964607059279,-205.2499167454477,17.242884748395603,0.24868011346144392,occluder,21.746771333311397,17.22108377659176,20.0,1.158223
1213,0.6500000000000001,true_threat,ADA,follower_1,127,vehicle.mercedes.coupe_2020,follower,-4,left,0,[0],159.9969307781265,-201.746241805298,32.06460750082936,-0.5108342942568314,ego,34.350332457115535,32.06213411054665,32.0,0.986178
1213,0.6500000000000001,true_threat,ADA,follower_2,128,vehicle.tesla.model3,follower,-4,left,0,[0],125.94881913225763,-201.75004449070275,31.196260195499256,-0.7059862073511303,follower_1,29.272175490384086,31.195794656153275,32.0,0.912833
1213,0.6500000000000001,true_threat,ADA,follower_3,129,vehicle.audi.a2,follower,-4,left,0,[0],89.98551446390418,-201.7501517706535,29.24417673899937,-0.6854247895296162,follower_2,31.616982375991327,29.287303501443763,31.244948,0.859204
1213,0.6500000000000001,true_threat,ADA,follower_4,130,vehicle.nissan.patrol_2021,follower,-4,left,0,[0],54.456536077493126,-201.75050761290865,32.106046633127384,-1.224136884890233,follower_3,31.037071299941985,31.86725347817799,32.0,1.061567
1214,0.7000000000000001,true_threat,ADA,occluder,121,vehicle.carlamotors.firetruck,occluder,-5,centre,1,[1],205.56069144032267,-205.25499036377903,18.494832410447387,0.01045243466009773,lead_centre,118.86123371021532,18.48921797968906,18.207641,1.115859
1214,0.7000000000000001,true_threat,ADA,lead_left,123,vehicle.audi.a2,leader,-4,left,0,[0],326.5724423691785,-201.75037503726836,22.261344019471572,-1.1307143151289882,,,22.34388644854364,24.473662,1.002791
1214,0.7000000000000001,true_threat,ADA,lead_centre,124,vehicle.mercedes.coupe_2020,leader,-5,centre,1,[1],331.07824493974306,-205.2508522899849,20.174025037629935,-1.588822445693603,,,20.232611076582167,18.774793,0.885101
1214,0.7000000000000001,true_threat,ADA,lead_right,125,vehicle.mercedes.coupe_2020,leader,-6,right,2,[2],327.31531010478636,-208.7538756847307,24.83191338992202,-1.1044394425609259,,,24.887438126815507,24.908478,0.886773
1214,0.7000000000000001,true_threat,ADA,rear_centre,126,vehicle.tesla.model3,follower,-5,centre,1,[1],177.05904010034132,-205.24991240179148,17.25583373842853,0.25897980066066595,occluder,21.80951550151775,17.233341443054396,20.0,1.158223
1214,0.7000000000000001,true_threat,ADA,follower_1,127,vehicle.mercedes.coupe_2020,follower,-4,left,0,[0],161.59922469582352,-201.74302490989535,32.03348935543235,-0.622291398032027,ego,34.405938172409876,32.03660628484338,32.0,0.986178
1214,0.7000000000000001,true_threat,ADA,follower_2,128,vehicle.tesla.model3,follower,-4,left,0,[0],127.50758080480796,-201.75000101542662,31.162481046113914,-0.6755829869838976,follower_1,29.31540247648107,31.161282309520498,32.0,0.912833
1214,0.7000000000000001,true_threat,ADA,follower_3,129,vehicle.audi.a2,follower,-4,left,0,[0],91.44674196244237,-201.7501415682229,29.211673611522432,-0.6500625495281063,follower_2,31.714730173037893,29.253316223786456,31.244948,0.859204
1214,0.7000000000000001,true_threat,ADA,follower_4,130,vehicle.nissan.patrol_2021,follower,-4,left,0,[0],56.05977715401016,-201.75055577544126,32.038202212590186,-1.356888391711873,follower_3,30.893379250058516,31.806046633127384,32.0,1.061567
1215,0.7500000000000001,true_threat,ADA,occluder,121,vehicle.carlamotors.firetruck,occluder,-5,centre,1,[1],206.4854962041445,-205.25505634527613,18.494674104856145,-0.003166110480968682,lead_centre,118.94671337910488,18.4896797372386,18.207641,1.115859
1215,0.7500000000000001,true_threat,ADA,lead_left,123,vehicle.audi.a2,leader,-4,left,0,[0],327.68389259871986,-201.75028579372002,22.209307744160935,-1.0407255079974036,,,22.287939276613415,24.473662,1.002791
1215,0.7500000000000001,true_threat,ADA,lead_centre,124,vehicle.mercedes.coupe_2020,leader,-5,centre,1,[1],332.08444001722364,-205.2507074004798,20.09074060771093,-1.6656883290037738,,,20.154413467417733,18.774793,0.885101
1215,0.7500000000000001,true_threat,ADA,lead_right,125,vehicle.mercedes.coupe_2020,leader,-6,right,2,[2],328.555086805341,-208.75392576932026,24.771093064547216,-1.2163980386133186,,,24.83299435399048,24.908478,0.886773
1215,0.7500000000000001,true_threat,ADA,rear_centre,126,vehicle.tesla.model3,follower,-5,centre,1,[1],177.92219932870537,-205.24990786033047,17.26909172050583,0.2651596415411035,occluder,21.871740870926164,17.246078614241604,20.0,1.158223
1215,0.7500000000000001,true_threat,ADA,follower_1,127,vehicle.mercedes.coupe_2020,follower,-4,left,0,[0],163.1997792157764,-201.74011378367055,31.997190803866797,-0.7258785632062549,ego,34.46081136696944,32.00550553171722,32.0,0.986178
1215,0.7500000000000001,true_threat,ADA,follower_2,128,vehicle.tesla.model3,follower,-4,left,0,[0],129.06474030459992,-201.74995808671633,31.13031551838268,-0.6433105547649346,follower_1,29.358934721627747,31.128046589667175,32.0,0.912833
1215,0.7500000000000001,true_threat,ADA,follower_3,129,vehicle.audi.a2,follower,-4,left,0,[0],92.9087781767538,-201.7501310899067,29.271348834410848,1.193504457801875,follower_2,31.812264347050032,29.221079792939545,31.244948,0.859204
1215,0.7500000000000001,true_threat,ADA,follower_4,130,vehicle.nissan.patrol_2021,follower,-4,left,0,[0],57.659432404895426,-201.7505746436639,31.96428860707769,-1.4782720886580787,follower_3,30.75136567207967,31.738202212590185,32.0,1.061567
1216,0.8,true_threat,ADA,occluder,121,vehicle.carlamotors.firetruck,occluder,-5,centre,1,[1],207.41020942044267,-205.25513761679375,18.493827243610035,-0.01693722433450491,lead_centre,119.0281036927636,18.489467156770882,18.207641,1.115859
1216,0.8,true_threat,ADA,lead_left,123,vehicle.audi.a2,leader,-4,left,0,[0],328.7929624625114,-201.75021262100054,22.16038235976512,-0.9785076880747673,,,22.236440756878274,24.473662,1.002791
1216,0.8,true_threat,ADA,lead_centre,124,vehicle.mercedes.coupe_2020,leader,-5,centre,1,[1],333.08633211123356,-205.25054872010617,20.0044616568216,-1.7255788498341804,,,20.072417052266406,18.774793,0.885101
1216,0.8,true_threat,ADA,lead_right,125,vehicle.mercedes.coupe_2020,leader,-6,right,2,[2],329.7916286115702,-208.7538854047232,24.705180272738538,-1.3182480819812927,,,24.77302561351431,24.908478,0.886773
1216,0.8,true_threat,ADA,rear_centre,126,vehicle.tesla.model3,follower,-5,centre,1,[1],178.78609097890183,-205.2499030690108,17.28246986525471,0.26756289497229596,occluder,21.933386406383946,17.259096133034006,20.0,1.158223
1216,0.8,true_threat,ADA,follower_1,127,vehicle.mercedes.coupe_2020,follower,-4,left,0,[0],164.7983807201561,-201.73752375828715,31.95615108557131,-0.8206828676551068,ego,34.51489101605231,31.969231875398712,32.0,0.986178
1216,0.8,true_threat,ADA,follower_2,128,vehicle.tesla.model3,follower,-4,left,0,[0],130.62034340799812,-201.7499156889557,31.09951565646211,-0.615997238404232,follower_1,29.402329741788655,31.09619244047344,32.0,0.912833
1216,0.8,true_threat,ADA,follower_3,129,vehicle.audi.a2,follower,-4,left,0,[0],94.37491900508421,-201.75011921134086,29.33889950131065,1.3510133381406924,follower_2,31.907387632530586,29.27924769881886,31.244948,0.859204
1216,0.8,true_threat,ADA,follower_4,130,vehicle.nissan.patrol_2021,follower,-4,left,0,[0],59.25521189755736,-201.75051854011443,31.884925705718064,-1.5872580036413197,follower_3,30.613746635505834,31.66428860707769,32.0,1.061567
1217,0.8500000000000001,true_threat,ADA,occluder,121,vehicle.carlamotors.firetruck,occluder,-5,centre,1,[1],208.3348310840118,-205.2552189195437,18.492280381693515,-0.030937239177935425,lead_centre,119.10528257047535,18.488573145649784,18.207641,1.115859
1217,0.8500000000000001,true_threat,ADA,lead_left,123,vehicle.audi.a2,leader,-4,left,0,[0],329.8995909254004,-201.75015553993143,22.113169779921908,-0.9442515934225287,,,22.18801754345105,24.473662,1.002791
1217,0.8500000000000001,true_threat,ADA,lead_centre,124,vehicle.mercedes.coupe_2020,leader,-5,centre,1,[1],334.08392124259444,-205.25043728401673,19.916033138148588,-1.7685702864058206,,,19.987455641144898,18.774793,0.885101
1217,0.8500000000000001,true_threat,ADA,lead_right,125,vehicle.mercedes.coupe_2020,leader,-6,right,2,[2],331.0247219108504,-208.75378518139132,24.634735761869415,-1.4088834000808674,,,24.70802865405027,24.908478,0.886773
1217,0.8500000000000001,true_threat,ADA,rear_centre,126,vehicle.tesla.model3,follower,-5,centre,1,[1],179.65059298583063,-205.24991332826377,17.29579651149342,0.26653292477006074,occluder,21.994207972485686,17.272210835071157,20.0,1.158223
1217,0.8500000000000001,true_threat,ADA,follower_1,127,vehicle.mercedes.coupe_2020,follower,-4,left,0,[0],166.39481559113358,-201.73527016540882,31.910857046697,-0.9057534388221622,ego,34.56802451616058,31.928223289776852,32.0,0.986178
1217,0.8500000000000001,true_threat,ADA,follower_2,128,vehicle.tesla.model3,follower,-4,left,0,[0],132.17442063257886,-201.74987381173398,31.069682824664653,-0.596656634909358,follower_1,29.445328142770173,31.065497438199,32.0,0.912833
1217,0.8500000000000001,true_threat,ADA,follower_3,129,vehicle.audi.a2,follower,-4,left,0,[0],95.8434096867935,-201.75010653114518,29.37589062731552,0.7398225204274279,follower_2,31.99684990759836,29.34505631435829,31.244948,0.859204
1217,0.8500000000000001,true_threat,ADA,follower_4,130,vehicle.nissan.patrol_2021,follower,-4,left,0,[0],60.84690203498849,-201.75046383160918,31.80074865723504,-1.6835409456343764,follower_3,30.48410797117431,31.58682287273645,32.0,1.061567
1218,0.9000000000000001,true_threat,ADA,occluder,121,vehicle.carlamotors.firetruck,occluder,-5,centre,1,[1],209.25939170722285,-205.255284984327,18.4900258889391,-0.04508985801146066,lead_centre,119.17825003826708,18.486986926227015,18.207641,1.115859
1218,0.9000000000000001,true_threat,ADA,lead_left,123,vehicle.audi.a2,leader,-4,left,0,[0],331.0038390381558,-201.75016030605568,22.066506520567966,-0.9332651783897226,,,22.14128641114526,24.473662,1.002791
1218,0.9000000000000001,true_threat,ADA,lead_centre,124,vehicle.mercedes.coupe_2020,leader,-5,centre,1,[1],335.07702427461584,-205.25028160194708,19.82625995027298,-1.795463726577064,,,19.90035991290714,18.774793,0.885101
1218,0.9000000000000001,true_threat,ADA,lead_right,125,vehicle.mercedes.coupe_2020,leader,-6,right,2,[2],332.25418358731275,-208.75359464421297,24.560337438683714,-1.4879607107599653,,,24.638554871771134,24.908478,0.886773
1218,0.9000000000000001,true_threat,ADA,rear_centre,126,vehicle.tesla.model3,follower,-5,centre,1,[1],180.51576637423375,-205.24990809969142,17.30892097879839,0.26248934609597496,occluder,22.054327629126004,17.28525742984934,20.0,1.158223
1218,0.9000000000000001,true_threat,ADA,follower_1,127,vehicle.mercedes.coupe_2020,follower,-4,left,0,[0],167.9888702160851,-201.73338359548734,31.861816414099728,-0.9806734769387759,ego,34.620211810034974,31.882960267260387,32.0,0.986178
1218,0.9000000000000001,true_threat,ADA,follower_2,128,vehicle.tesla.model3,follower,-4,left,0,[0],133.72706353107114,-201.7498324238188,31.04046797749517,-0.5842969406476264,follower_1,29.487685789166903,31.035594560433246,32.0,0.912833
1218,0.9000000000000001,true_threat,ADA,follower_3,129,vehicle.audi.a2,follower,-4,left,0,[0],97.31263279033519,-201.7500936010908,29.38271131181653,0.13641369062231595,follower_2,32.082436450469785,29.380891412059768,31.244948,0.859204
1218,0.9000000000000001,true_threat,ADA,follower_4,130,vehicle.nissan.patrol_2021,follower,-4,left,0,[0],62.43424341778987,-201.75041060663975,31.712405960274594,-1.7668539151078733,follower_3,30.36090851545248,31.513254562182073,32.0,1.061567
1219,0.9500000000000001,true_threat,ADA,occluder,121,vehicle.carlamotors.firetruck,occluder,-5,centre,1,[1],210.18383026533388,-205.25536634954162,18.48705613786474,-0.059395025784831385,lead_centre,119.2467924470774,18.484701513395677,18.207641,1.115859
1219,0.9500000000000001,true_threat,ADA,lead_left,123,vehicle.audi.a2,leader,-4,left,0,[0],332.10579833268486,-201.75016585298826,22.019597214361294,-0.9381861102078338,,,22.095095977175646,24.473662,1.002791
1219,0.9500000000000001,true_threat,ADA,lead_centre,124,vehicle.mercedes.coupe_2020,leader,-5,centre,1,[1],336.0656107105429,-205.25014271946068,19.735906939765137,-1.8070602185223001,,,19.811921743485016,18.774793,0.885101
1219,0.9500000000000001,true_threat,ADA,lead_right,125,vehicle.mercedes.coupe_2020,leader,-6,right,2,[2],333.4799221090497,-208.7533748595731,24.48258800291106,-1.5549840707303082,,,24.565172758746794,24.908478,0.886773
1219,0.9500000000000001,true_threat,ADA,rear_centre,126,vehicle.tesla.model3,follower,-5,centre,1,[1],181.38158063174018,-205.24990265249278,17.32171356735605,0.25585177114789376,occluder,22.113714863933943,17.298090359497884,20.0,1.158223
1219,0.9500000000000001,true_threat,ADA,follower_1,127,vehicle.mercedes.coupe_2020,follower,-4,left,0,[0],169.5803614843473,-201.73184885219922,31.80954061715356,-1.0453696410718851,ego,34.671391867728175,31.8339416676406,32.0,0.986178
1219,0.9500000000000001,true_threat,ADA,follower_2,128,vehicle.tesla.model3,follower,-4,left,0,[0],135.27824158589868,-201.74979153562091,31.011668935659177,-0.5759808318184927,follower_1,29.529097515626162,31.006163732193823,32.0,0.912833
1219,0.9500000000000001,true_threat,ADA,follower_3,129,vehicle.audi.a2,follower,-4,left,0,[0],98.78119976598536,-201.75008089486818,29.36333646967373,-0.3874968419290616,follower_2,32.1658562454204,29.387197379209322,31.244948,0.859204
1219,0.9500000000000001,true_threat,ADA,follower_4,130,vehicle.nissan.patrol_2021,follower,-4,left,0,[0],64.01702242292706,-201.7503589380816,31.618379365242852,-1.8805318769268997,follower_3,30.242790236192775,31.433351218797874,32.0,1.061567
1220,1.0,true_threat,ADA,occluder,121,vehicle.carlamotors.firetruck,occluder,-5,centre,1,[1],211.10808571278145,-205.2554325184327,18.483365405455245,-0.0738146542937488,lead_centre,119.31094032489345,18.481709968743683,18.207641,1.115859
1220,1.0,true_threat,ADA,lead_left,123,vehicle.audi.a2,leader,-4,left,0,[0],333.20540777904046,-201.7501874603389,21.972039410678175,-0.9511560546438902,,,22.048658975701183,24.473662,1.002791
1220,1.0,true_threat,ADA,lead_centre,124,vehicle.mercedes.coupe_2020,leader,-5,centre,1,[1],337.0496500275939,-205.2500053881802,19.64569126831666,-1.8043134566989831,,,19.72289418723533,18.774793,0.885101
1220,1.0,true_threat,ADA,lead_right,125,vehicle.mercedes.coupe_2020,leader,-6,right,2,[2],334.70157123911815,-208.75304965846027,24.40209015306193,-1.6099534449365327,,,24.488475483493165,24.908478,0.886773
1220,1.0,true_threat,ADA,rear_centre,126,vehicle.tesla.model3,follower,-5,centre,1,[1],182.24803575834994,-205.24989698666778,17.33407318788727,0.24719241061435235,occluder,22.17233916453854,17.31058430639234,20.0,1.158223
1220,1.0,true_threat,ADA,follower_1,127,vehicle.mercedes.coupe_2020,follower,-4,left,0,[0],171.16913682365447,-201.73071176396283,31.7545409648657,-1.099844491377721,ego,34.7213510349734,31.781668378040717,32.0,0.986178
1220,1.0,true_threat,ADA,follower_2,128,vehicle.tesla.model3,follower,-4,left,0,[0],136.8279547918561,-201.7497358883522,30.98330095802401,-0.5673595452492048,follower_1,29.569410729060777,30.977025653524286,32.0,0.912833
1220,1.0,true_threat,ADA,follower_3,129,vehicle.audi.a2,follower,-4,left,0,[0],100.24811879251266,-201.75006875082752,29.32381430363405,-0.7904433195517548,follower_2,32.24846732459777,29.367889779120837,31.244948,0.859204
1220,1.0,true_threat,ADA,follower_4,130,vehicle.nissan.patrol_2021,follower,-4,left,0,[0],65.59497965100104,-201.7503089144263,31.520145160704807,-1.9646840685890257,follower_3,30.128578206705768,31.346150047029795,32.0,1.061567
1221,1.05,true_threat,ADA,occluder,121,vehicle.carlamotors.firetruck,occluder,-5,centre,1,[1],212.0320970248236,-205.25551402939823,18.47894606243479,-0.0883868681659915,lead_centre,119.37072419449692,18.47800725664799,18.207641,1.115859
1221,1.05,true_threat,ADA,lead_left,123,vehicle.audi.a2,leader,-4,left,0,[0],334.3025147841355,-201.75020992137334,21.92378733255497,-0.9650415395930915,,,22.001576934615326,24.473662,1.002791
1221,1.05,true_threat,ADA,lead_centre,124,vehicle.mercedes.coupe_2020,leader,-5,centre,1,[1],338.0292642960743,-205.24986956646245,19.556291951545088,-1.7879863679860055,,,19.6339839167107,18.774793,0.885101
1221,1.05,true_threat,ADA,lead_right,125,vehicle.mercedes.coupe_2020,leader,-6,right,2,[2],335.91919205431384,-208.75274109035826,24.319459940645892,-1.6526017014355037,,,24.4090564767677,24.908478,0.886773
1221,1.05,true_threat,ADA,rear_centre,126,vehicle.tesla.model3,follower,-5,centre,1,[1],183.11513175406307,-205.24989110221645,17.345910196276833,0.2367401677330765,occluder,22.230139485376316,17.322641473638495,20.0,1.158223
1221,1.05,true_threat,ADA,follower_1,127,vehicle.mercedes.coupe_2020,follower,-4,left,0,[0],172.75516570601957,-201.72994182361265,31.697326743135548,-1.144138437854607,ego,34.769997753836236,31.7266100515812,32.0,0.986178
1221,1.05,true_threat,ADA,follower_2,128,vehicle.tesla.model3,follower,-4,left,0,[0],138.37629471208314,-201.74969596835666,30.955581481951775,-0.5543895113474131,follower_1,29.608472862410572,30.948209182532207,32.0,0.912833
1221,1.05,true_threat,ADA,follower_3,129,vehicle.audi.a2,follower,-4,left,0,[0],101.71255063656751,-201.75005745526525,29.27058402248282,-1.0646056215949675,follower_2,32.331261504027864,29.328885061732187,31.244948,0.859204
1221,1.05,true_threat,ADA,follower_4,130,vehicle.nissan.patrol_2021,follower,-4,left,0,[0],67.1679014789774,-201.75026060854933,31.419465736950034,-2.0135884550038097,follower_3,30.017540005159077,31.25350139931634,32.0,1.061567
1222,1.1,true_threat,ADA,occluder,121,vehicle.carlamotors.firetruck,occluder,-5,centre,1,[1],212.9558947034205,-205.2555650956628,18.47379429422591,-0.10303537333288983,lead_centre,119.42632715093518,18.473586499827107,18.207641,1.115859
1222,1.1,true_threat,ADA,lead_left,123,vehicle.audi.a2,leader,-4,left,0,[0],335.3972719306462,-201.75021792524944,21.875108007261762,-0.9735864816833242,,,21.953804417525163,24.473662,1.002791
1222,1.1,true_threat,ADA,lead_centre,124,vehicle.mercedes.coupe_2020,leader,-5,centre,1,[1],339.00442299840773,-205.24973526471828,19.468344136294547,-1.7589563314366374,,,19.545860569204642,18.774793,0.885101
1222,1.1,true_threat,ADA,lead_right,125,vehicle.mercedes.coupe_2020,leader,-6,right,2,[2],337.13266244268834,-208.75232712660477,24.2352924385867,-1.6833483511042913,,,24.32752263643533,24.908478,0.886773
1222,1.1,true_threat,ADA,rear_centre,126,vehicle.tesla.model3,follower,-5,centre,1,[1],183.9827465537795,-205.24990029957007,17.357150204319066,0.22480016075856396,occluder,22.287054801705356,17.33417506757815,20.0,1.158223
1222,1.1,true_threat,ADA,follower_1,127,vehicle.mercedes.coupe_2020,follower,-4,left,0,[0],174.33826501557365,-201.72950857603695,31.63838996220427,-1.1785965604904174,ego,34.81705736612951,31.669185795516647,32.0,0.986178
1222,1.1,true_threat,ADA,follower_2,128,vehicle.tesla.model3,follower,-4,left,0,[0],139.92326134137448,-201.74965651684613,30.928872902930543,-0.5341715679399879,follower_1,29.646161824548592,30.919936790230647,32.0,0.912833
1222,1.1,true_threat,ADA,follower_3,129,vehicle.audi.a2,follower,-4,left,0,[0],103.1740222757165,-201.75004716954842,29.209281841681257,-1.2260436144801625,follower_2,32.41516958020008,29.276471918669802,31.244948,0.859204
1222,1.1,true_threat,ADA,follower_4,130,vehicle.nissan.patrol_2021,follower,-4,left,0,[0],68.73578790685616,-201.7502140204507,31.31758468573237,-2.037621007081561,follower_3,29.909050021237576,31.157527929501192,32.0,1.061567
1223,1.1500000000000001,true_threat,ADA,occluder,121,vehicle.carlamotors.firetruck,occluder,-5,centre,1,[1],213.87941769780335,-205.25553996168352,18.4678624189254,-0.11863751535916711,lead_centre,119.47768817467167,18.46844458664243,18.207641,1.115859
1223,1.1500000000000001,true_threat,ADA,lead_left,123,vehicle.audi.a2,leader,-4,left,0,[0],336.48961819383067,-201.75024201036518,21.826470642588323,-0.9727472694378684,,,21.905605701563896,24.473662,1.002791
1223,1.1500000000000001,true_threat,ADA,lead_centre,124,vehicle.mercedes.coupe_2020,leader,-5,centre,1,[1],339.97524819969414,-205.24958718251634,19.382435285794966,-1.71817702266796,,,19.459151047150435,18.774793,0.885101
1223,1.1500000000000001,true_threat,ADA,lead_right,125,vehicle.mercedes.coupe_2020,leader,-6,right,2,[2],338.3418298527976,-208.75191463077095,24.15017509465585,-1.702345896823332,,,24.244460473477357,24.908478,0.886773
1223,1.1500000000000001,true_threat,ADA,rear_centre,126,vehicle.tesla.model3,follower,-5,centre,1,[1],184.85091066466484,-205.24989405074155,17.36773217713085,0.2116394561115255,occluder,22.343237680585847,17.345113926974513,20.0,1.158223
1223,1.1500000000000001,true_threat,ADA,follower_1,127,vehicle.mercedes.coupe_2020,follower,-4,left,0,[0],175.91834320999854,-201.72944257004443,31.578209187709735,-1.2034870838279441,ego,34.86219419412957,31.60989824995164,32.0,0.986178
1223,1.1500000000000001,true_threat,ADA,follower_2,128,vehicle.tesla.model3,follower,-4,left,0,[0],141.46894623245916,-201.74961750258825,30.903592930462185,-0.5055994344548171,follower_1,29.682294504811367,30.892568890440003,32.0,0.912833
1223,1.1500000000000001,true_threat,ADA,follower_3,129,vehicle.audi.a2,follower,-4,left,0,[0],104.63233534571332,-201.7500379613471,29.144441529531665,-1.2968062413055095,follower_2,32.50066457034244,29.216155359342288,31.244948,0.859204
1223,1.1500000000000001,true_threat,ADA,follower_4,130,vehicle.nissan.patrol_2021,follower,-4,left,0,[0],70.29859315827275,-201.7501691657465,31.21541753479206,-2.043343004859552,follower_3,29.802635232507797,31.059814049425896,32.0,1.061567
1224,1.2000000000000002,true_threat,ADA,occluder,121,vehicle.carlamotors.firetruck,occluder,-5,centre,1,[1],214.8025744864754,-205.25553021142176,18.461087497185705,-0.13549844243937212,lead_centre,119.52499038157524,18.46253526695937,18.207641,1.115859
1224,1.2000000000000002,true_threat,ADA,lead_left,123,vehicle.audi.a2,leader,-4,left,0,[0],337.5795230457019,-201.75025166955496,21.778468421441453,-0.9600444023994004,,,21.857445338221183,24.473662,1.002791
1224,1.2000000000000002,true_threat,ADA,lead_centre,124,vehicle.mercedes.coupe_2020,leader,-5,centre,1,[1],340.94189249822614,-205.24945578537913,19.299114716966404,-1.6664113706258876,,,19.37443568691204,18.774793,0.885101
1224,1.2000000000000002,true_threat,ADA,lead_right,125,vehicle.mercedes.coupe_2020,leader,-6,right,2,[2],339.54678583737063,-208.75150357162445,24.06466675054644,-1.710166418657943,,,24.1604492916911,24.908478,0.886773
1224,1.2000000000000002,true_threat,ADA,rear_centre,126,vehicle.tesla.model3,follower,-5,centre,1,[1],185.71956305677173,-205.24988763534054,17.377598894329097,0.1973343439725888,occluder,22.398596564083352,17.35539785338445,20.0,1.158223
1224,1.2000000000000002,true_threat,ADA,follower_1,127,vehicle.mercedes.coupe_2020,follower,-4,left,0,[0],177.49543078604898,-201.72968276007163,31.51725718782813,-1.2189251968375578,ego,34.905164065993276,31.549251425732418,32.0,0.986178
1224,1.2000000000000002,true_threat,ADA,follower_2,128,vehicle.tesla.model3,follower,-4,left,0,[0],143.01344093806622,-201.74957889435072,30.880149736411536,-0.46886386419468373,follower_1,29.716687808151562,30.86651813184172,32.0,0.912833
1224,1.2000000000000002,true_threat,ADA,follower_3,129,vehicle.audi.a2,follower,-4,left,0,[0],106.0874288114053,-201.7500298514828,29.079442906950945,-1.2999724500353524,follower_2,32.5880363914303,29.15236836338703,31.244948,0.859204
1224,1.2000000000000002,true_threat,ADA,follower_4,130,vehicle.nissan.patrol_2021,follower,-4,left,0,[0],71.8562561980745,-201.7501260652584,31.113700521026736,-2.0343402648870375,follower_3,29.698143051088024,30.96155733894831,32.0,1.061567
1225,1.2500000000000002,true_threat,ADA,occluder,121,vehicle.carlamotors.firetruck,occluder,-5,centre,1,[1],215.72536506423123,-205.25552058608932,18.45345617698411,-0.15262640990540327,lead_centre,119.56847789143517,18.455797291661515,18.207641,1.115859
1225,1.2500000000000002,true_threat,ADA,lead_left,123,vehicle.audi.a2,leader,-4,left,0,[0],338.6670170142469,-201.75027740998434,21.73173649203335,-0.9346385709175554,,,21.80991077311918,24.473662,1.002791
1225,1.2500000000000002,true_threat,ADA,lead_centre,124,vehicle.mercedes.coupe_2020,leader,-5,centre,1,[1],341.90438640637456,-205.24932580410768,19.218889784025702,-1.604498631431809,,,19.292257589875756,18.774793,0.885101
1225,1.2500000000000002,true_threat,ADA,lead_right,125,vehicle.mercedes.coupe_2020,leader,-6,right,2,[2],340.7474083261021,-208.75109399080839,23.979330067383124,-1.7067335313212981,,,24.07604047651257,24.908478,0.886773
1225,1.2500000000000002,true_threat,ADA,rear_centre,126,vehicle.tesla.model3,follower,-5,centre,1,[1],186.58870373010026,-205.24988105336712,17.386702671043306,0.18207553429362183,occluder,22.45310096064847,17.364970229186973,20.0,1.158223
1225,1.2500000000000002,true_threat,ADA,follower_1,127,vehicle.mercedes.coupe_2020,follower,-4,left,0,[0],179.0694362014067,-201.7302596949272,31.45597806738378,-1.2254832043688941,ego,34.945661826778704,31.487729549504685,32.0,0.986178
1225,1.2500000000000002,true_threat,ADA,follower_2,128,vehicle.tesla.model3,follower,-4,left,0,[0],144.55680649334838,-201.74954067131193,30.85885612568921,-0.425872196068307,follower_1,29.74928067859493,30.842187852293584,32.0,0.912833
1225,1.2500000000000002,true_threat,ADA,follower_3,129,vehicle.audi.a2,follower,-4,left,0,[0],107.53937896673332,-201.7500228139286,29.016576700256483,-1.2573241323480713,follower_2,32.67743763134537,29.08842116889699,31.244948,0.859204
1225,1.2500000000000002,true_threat,ADA,follower_4,130,vehicle.nissan.patrol_2021,follower,-4,left,0,[0],73.40894487293133,-201.75008466172704,31.013082143246308,-2.012367548618203,follower_3,29.59557347697826,30.8636969040388,32.0,1.061567
1226,1.3,true_threat,ADA,occluder,121,vehicle.carlamotors.firetruck,occluder,-5,centre,1,[1],216.6477894258655,-205.25549582689803,18.44497417924506,-0.16963995916286398,lead_centre,119.6081812218278,18.448218174889256,18.207641,1.115859
1226,1.3,true_threat,ADA,lead_left,123,vehicle.audi.a2,leader,-4,left,0,[0],339.752252682142,-201.75030392081126,21.68688520441599,-0.8970257397940167,,,21.763631163136804,24.473662,1.002791
1226,1.3,true_threat,ADA,lead_centre,124,vehicle.mercedes.coupe_2020,leader,-5,centre,1,[1],342.86297406475035,-205.24919715541577,19.14222206484014,-1.533354334142473,,,19.213118787975144,18.774793,0.885101
1226,1.3,true_threat,ADA,lead_right,125,vehicle.mercedes.coupe_2020,leader,-6,right,2,[2],341.94381939450284,-208.7507011054678,23.894699100305562,-1.6926193708379904,,,23.991789491446827,24.908478,0.886773
1226,1.3,true_threat,ADA,rear_centre,126,vehicle.tesla.model3,follower,-5,centre,1,[1],187.458302167074,-205.24987431523203,17.39500727007325,0.16609198062808792,occluder,22.5067508650758,17.373784852646008,20.0,1.158223
1226,1.3,true_threat,ADA,follower_1,127,vehicle.mercedes.coupe_2020,follower,-4,left,0,[0],180.6403899476211,-201.73109707025952,31.39480636319443,-1.2233515206263195,ego,34.983626384073865,31.425785973321705,32.0,0.986178
1226,1.3,true_threat,ADA,follower_2,128,vehicle.tesla.model3,follower,-4,left,0,[0],146.09916496861098,-201.74950279182883,30.839910462707273,-0.3789132398320468,follower_1,29.779920538670495,30.819888557595515,32.0,0.912833
1226,1.3,true_threat,ADA,follower_3,129,vehicle.audi.a2,follower,-4,left,0,[0],108.9883383995791,-201.75001679663063,28.957206663702856,-1.1874007296071913,follower_2,32.76885303129949,29.02656166931407,31.244948,0.859204
1226,1.3,true_threat,ADA,follower_4,130,vehicle.nissan.patrol_2021,follower,-4,left,0,[0],74.9565676301142,-201.75004498638478,30.914134606253718,-1.9789507358923524,follower_3,29.494834957449456,30.766998467418546,32.0,1.061567
1227,1.35,true_threat,ADA,occluder,121,vehicle.carlamotors.firetruck,occluder,-5,centre,1,[1],217.56978654663627,-205.2554864722458,18.435672023200027,-0.18604312346786925,lead_centre,119.64434451856928,18.439804173593917,18.207641,1.115859
1227,1.35,true_threat,ADA,lead_left,123,vehicle.audi.a2,leader,-4,left,0,[0],340.83532159170556,-201.75030065322707,21.64446578210696,-0.8483884380591514,,,21.719211256624327,24.473662,1.002791
1227,1.35,true_threat,ADA,lead_centre,124,vehicle.mercedes.coupe_2020,leader,-5,centre,1,[1],343.8179606855547,-205.24917654671287,19.069536898814796,-1.4537032485765327,,,19.13747640778962,18.774793,0.885101
1227,1.35,true_threat,ADA,lead_right,125,vehicle.mercedes.coupe_2020,leader,-6,right,2,[2],343.13604954973823,-208.7502943876156,23.811286927233276,-1.6682435045726436,,,23.908223856829885,24.908478,0.886773
1227,1.35,true_threat,ADA,rear_centre,126,vehicle.tesla.model3,follower,-5,centre,1,[1],188.32829733774568,-205.249882700545,17.402482172013354,0.14949803882639423,occluder,22.559576789736326,17.38180710389412,20.0,1.158223
1227,1.35,true_threat,ADA,follower_1,127,vehicle.mercedes.coupe_2020,follower,-4,left,0,[0],182.20826150711582,-201.73219489647937,31.3341537166012,-1.2129870959233164,ego,35.01878306928084,31.363861793258458,32.0,0.986178
1227,1.35,true_threat,ADA,follower_2,128,vehicle.tesla.model3,follower,-4,left,0,[0],147.64066897776274,-201.74954149778839,30.823369967172972,-0.33080989013539014,follower_1,29.80851580962228,30.79982093299752,32.0,0.912833
1227,1.35,true_threat,ADA,follower_3,129,vehicle.audi.a2,follower,-4,left,0,[0],110.43450547418895,-201.75001173191885,28.902002276683803,-1.1040877389993524,follower_2,32.86225207371632,28.968131473337916,31.244948,0.859204
1227,1.35,true_threat,ADA,follower_4,130,vehicle.nissan.patrol_2021,follower,-4,left,0,[0],76.49936861023387,-201.7500069559454,30.817390060181555,-1.9348909197362898,follower_3,29.396171633112374,30.672087290326548,32.0,1.061567
1228,1.4000000000000001,true_threat,ADA,occluder,121,vehicle.carlamotors.firetruck,occluder,-5,centre,1,[1],218.4912648686091,-205.2554772945768,18.42556878057129,-0.20206485379728475,lead_centre,119.67733401860283,18.430585916379144,18.207641,1.115859
1228,1.4000000000000001,true_threat,ADA,lead_left,123,vehicle.audi.a2,leader,-4,left,0,[0],341.91637634643547,-201.75031333154237,21.604934082977127,-0.790633977413185,,,21.677197370392573,24.473662,1.002791
1228,1.4000000000000001,true_threat,ADA,lead_centre,124,vehicle.mercedes.coupe_2020,leader,-5,centre,1,[1],344.7693462271443,-205.24914190769354,19.00121193575185,-1.3664991739450647,,,19.065752008784585,18.774793,0.885101
1228,1.4000000000000001,true_threat,ADA,lead_right,125,vehicle.mercedes.coupe_2020,leader,-6,right,2,[2],344.3241293145902,-208.74988908562918,23.729572296487124,-1.6342925547445324,,,23.825850656018122,24.908478,0.886773
1228,1.4000000000000001,true_threat,ADA,rear_centre,126,vehicle.tesla.model3,follower,-5,centre,1,[1],189.19859767897546,-205.249875722962,17.409102581531656,0.13240819039200669,occluder,22.611578739835416,17.389008309768013,20.0,1.158223
1228,1.4000000000000001,true_threat,ADA,follower_1,127,vehicle.mercedes.coupe_2020,follower,-4,left,0,[0],183.77320345215645,-201.7335073451683,31.274422246221164,-1.1945795139917101,ego,35.051192907141555,31.30237183360607,32.0,0.986178
1228,1.4000000000000001,true_threat,ADA,follower_2,128,vehicle.tesla.model3,follower,-4,left,0,[0],149.18141005271121,-201.74959572280554,30.80919648960988,-0.28346953180656925,follower_1,29.834883359965232,30.782049643555535,32.0,0.912833
1228,1.4000000000000001,true_threat,ADA,follower_3,129,vehicle.audi.a2,follower,-4,left,0,[0],111.87806329602093,-201.7500075573285,28.851131385830204,-1.0174178160606768,follower_2,32.95758900825825,28.913791490434246,31.244948,0.859204
1228,1.4000000000000001,true_threat,ADA,follower_4,130,vehicle.nissan.patrol_2021,follower,-4,left,0,[0],78.03739358965488,-201.74997055479272,30.723167032645392,-1.8844605505851224,follower_3,29.29953772760254,30.579490277783773,32.0,1.061567
1229,1.4500000000000002,true_threat,ADA,occluder,121,vehicle.carlamotors.firetruck,occluder,-5,centre,1,[1],219.4121633514259,-205.2554530559244,18.414694970792816,-0.21747619557573108,lead_centre,119.70724123821968,18.420582720928085,18.207641,1.115859
1229,1.4500000000000002,true_threat,ADA,lead_left,123,vehicle.audi.a2,leader,-4,left,0,[0],342.9955695342135,-201.75034190370332,21.568652502324,-0.7256316105292048,,,21.638041459984308,24.473662,1.002791
1229,1.4500000000000002,true_threat,ADA,lead_centre,124,vehicle.mercedes.coupe_2020,leader,-5,centre,1,[1],345.7175274284227,-205.24912362059408,18.937579053782688,-1.272657540878071,,,18.998320216903583,18.774793,0.885101
1229,1.4500000000000002,true_threat,ADA,lead_right,125,vehicle.mercedes.coupe_2020,leader,-6,right,2,[2],345.5082112769404,-208.7494851474546,23.650009162734328,-1.591262428351395,,,23.74514332042621,24.908478,0.886773
1229,1.4500000000000002,true_threat,ADA,rear_centre,126,vehicle.tesla.model3,follower,-5,centre,1,[1],190.06920319596873,-205.24986864127126,17.4148665912641,0.11528019467566396,occluder,22.662756720578464,17.39536506189154,20.0,1.158223
1229,1.4500000000000002,true_threat,ADA,follower_1,127,vehicle.mercedes.coupe_2020,follower,-4,left,0,[0],185.3351242143978,-201.73498867119417,31.215981676329047,-1.1687759352801086,ego,35.08052017828922,31.241719675088184,32.0,0.986178
1229,1.4500000000000002,true_threat,ADA,follower_2,128,vehicle.tesla.model3,follower,-4,left,0,[0],150.72151026376167,-201.7496654252372,30.797246978547403,-0.23899020344984367,follower_1,29.859084230057448,30.766549005935385,32.0,0.912833
1229,1.4500000000000002,true_threat,ADA,follower_3,129,vehicle.audi.a2,follower,-4,left,0,[0],113.31921022932131,-201.75000420518964,28.804437588875775,-0.9338759378186668,follower_2,33.05477226137472,28.86370988635735,31.244948,0.859204
1229,1.4500000000000002,true_threat,ADA,follower_4,130,vehicle.nissan.patrol_2021,follower,-4,left,0,[0],79.57079515625901,-201.7499357308729,30.630168526214007,-1.8599701290430797,follower_3,29.205070570013504,30.489505954483068,32.0,1.061567
1230,1.5000000000000002,true_threat,ADA,occluder,121,vehicle.carlamotors.firetruck,occluder,-5,centre,1,[1],220.33257355302112,-205.25542898384444,18.40308111062068,-0.23227720256258227,lead_centre,119.73452395668127,18.409825125452656,18.207641,1.115859
1230,1.5000000000000002,true_threat,ADA,lead_left,123,vehicle.audi.a2,leader,-4,left,0,[0],344.07302322013953,-201.75037106927854,21.53588043815212,-0.6554412829558098,,,21.602102961804796,24.473662,1.002791
1230,1.5000000000000002,true_threat,ADA,lead_centre,124,vehicle.mercedes.coupe_2020,leader,-5,centre,1,[1],346.6626263492845,-205.24909112619497,18.878928168581417,-1.173017600798514,,,18.935510549252825,18.774793,0.885101
1230,1.5000000000000002,true_threat,ADA,lead_right,125,vehicle.mercedes.coupe_2020,leader,-6,right,2,[2],346.6883564927631,-208.74914358742308,23.573045759555043,-1.5392675784999308,,,23.666551012506364,24.908478,0.886773
1230,1.5000000000000002,true_threat,ADA,rear_centre,126,vehicle.tesla.model3,follower,-5,centre,1,[1],190.94008337114914,-205.2498614658835,17.41976466591621,0.09796149308691714,occluder,22.713049686402005,17.40087602232824,20.0,1.158223
1230,1.5000000000000002,true_threat,ADA,follower_1,127,vehicle.mercedes.coupe_2020,follower,-4,left,0,[0],186.89420688368182,-201.73659303572774,31.159188430692705,-1.1358417583383538,ego,35.106886953029246,31.18227650888861,32.0,0.986178
1230,1.5000000000000002,true_threat,ADA,follower_2,128,vehicle.tesla.model3,follower,-4,left,0,[0],152.2610611532325,-201.7497200562747,30.787361215248346,-0.1977152511275212,follower_1,29.88090478124832,30.753191667183224,32.0,0.912833
1230,1.5000000000000002,true_threat,ADA,follower_3,129,vehicle.audi.a2,follower,-4,left,0,[0],114.75815989712456,-201.75000160262675,28.7616118942383,-0.856513891659551,follower_2,33.15372553912482,28.817735200639795,31.244948,0.859204
1230,1.5000000000000002,true_threat,ADA,follower_4,130,vehicle.nissan.patrol_2021,follower,-4,left,0,[0],81.09958856883439,-201.74990247898046,30.53877219589925,-1.8279266063545492,follower_3,29.112815936709765,30.400958920908,32.0,1.061567
1231,1.55,true_threat,ADA,occluder,121,vehicle.carlamotors.firetruck,occluder,-5,centre,1,[1],221.25237340308934,-205.25540511998003,18.390771070032592,-0.2462008103942405,lead_centre,119.75921267594782,18.39834359966933,18.207641,1.115859
1231,1.55,true_threat,ADA,lead_left,123,vehicle.audi.a2,leader,-4,left,0,[0],345.1490120571955,-201.75038547578296,21.5067838311738,-0.581932139806973,,,21.5696393091016,24.473662,1.002791
1231,1.55,true_threat,ADA,lead_centre,124,vehicle.mercedes.coupe_2020,leader,-5,centre,1,[1],347.6049786882748,-205.24905956876583,18.825495789746345,-1.068647474959345,,,18.877611113031055,18.774793,0.885101
1231,1.55,true_threat,ADA,lead_right,125,vehicle.mercedes.coupe_2020,leader,-6,right,2,[2],347.86477857468196,-208.74883381508278,23.499092173114175,-1.4790709916418812,,,23.59051743645388,24.908478,0.886773
1231,1.55,true_threat,ADA,rear_centre,126,vehicle.tesla.model3,follower,-5,centre,1,[1],191.81120768694035,-205.24985420720952,17.423810155204567,0.08090978580227273,occluder,22.76257971281681,17.40553322270086,20.0,1.158223
1231,1.55,true_threat,ADA,follower_1,127,vehicle.mercedes.coupe_2020,follower,-4,left,0,[0],188.45051250036653,-201.73833567673566,31.10436656504832,-1.096423963331605,ego,35.13004905431309,31.124399792189635,32.0,0.986178
1231,1.55,true_threat,ADA,follower_2,128,vehicle.tesla.model3,follower,-4,left,0,[0],153.80018479663443,-201.74977483306307,30.779344649927662,-0.16033129486322958,follower_1,29.90043656106149,30.741835290741182,32.0,0.912833
1231,1.55,true_threat,ADA,follower_3,129,vehicle.audi.a2,follower,-4,left,0,[0],116.1951259224651,-201.7499996767644,28.722309072674772,-0.7860564302126629,follower_2,33.254326760792395,28.77556541456706,31.244948,0.859204
1231,1.55,true_threat,ADA,follower_4,130,vehicle.nissan.patrol_2021,follower,-4,left,0,[0],82.62383486253373,-201.7498707782939,30.449626540470106,-1.7829131073926285,follower_3,29.022972191937626,30.31416110104421,32.0,1.061567
1232,1.6,true_threat,ADA,occluder,121,vehicle.carlamotors.firetruck,occluder,-5,centre,1,[1],222.1715018716833,-205.2553967439409,18.37779536586331,-0.259514081758823,lead_centre,119.7817651648699,18.386181689598153,18.207641,1.115859
1232,1.6,true_threat,ADA,lead_left,123,vehicle.audi.a2,leader,-4,left,0,[0],346.2236276137265,-201.7504308683487,21.481458050085784,-0.506515621919212,,,21.540815347177507,24.473662,1.002791
1232,1.6,true_threat,ADA,lead_centre,124,vehicle.mercedes.coupe_2020,leader,-5,centre,1,[1],348.54476755085176,-205.24902888584205,18.77747074443643,-0.960500809199803,,,18.824857253100188,18.774793,0.885101
1232,1.6,true_threat,ADA,lead_right,125,vehicle.mercedes.coupe_2020,leader,-6,right,2,[2],349.0376301001679,-208.74852526080343,23.428522249282064,-1.411397494879331,,,23.517448775375424,24.908478,0.886773
1232,1.6,true_threat,ADA,rear_centre,126,vehicle.tesla.model3,follower,-5,centre,1,[1],192.6824845958187,-205.24986215526982,17.427014504901948,0.06408699400160338,occluder,22.811255247093833,17.40935019817618,20.0,1.158223
1232,1.6,true_threat,ADA,follower_1,127,vehicle.mercedes.coupe_2020,follower,-4,left,0,[0],190.0041631139358,-201.7401555174221,31.051828752548808,-1.050750010254168,ego,35.15003697889557,31.068415100281054,32.0,0.986178
1232,1.6,true_threat,ADA,follower_2,128,vehicle.tesla.model3,follower,-4,left,0,[0],155.3389727519019,-201.74984498315817,30.773031342927432,-0.1262661318855722,follower_1,29.917618534344264,30.732304028499783,32.0,0.912833
1232,1.6,true_threat,ADA,follower_3,129,vehicle.audi.a2,follower,-4,left,0,[0],117.63018459928381,-201.74999840157568,28.686202967479105,-0.7221221029014863,follower_2,33.356484378853786,28.736862024960125,31.244948,0.859204
1232,1.6,true_threat,ADA,follower_4,130,vehicle.nissan.patrol_2021,follower,-4,left,0,[0],84.14374766039148,-201.7498405559378,30.36335335515125,-1.7254637032018574,follower_3,28.93569192357883,30.22966547703165,32.0,1.061567
1233,1.6500000000000001,true_threat,ADA,occluder,121,vehicle.carlamotors.firetruck,occluder,-5,centre,1,[1],223.0899894659685,-205.25537332773996,18.364197867331917,-0.2719499690332784,lead_centre,119.80242555885292,18.373369729472582,18.207641,1.115859
1233,1.6500000000000001,true_threat,ADA,lead_left,123,vehicle.audi.a2,leader,-4,left,0,[0],347.2970834971508,-201.75046139773582,21.459925981556033,-0.43064137016319226,,,21.515725978184594,24.473662,1.002791
1233,1.6500000000000001,true_threat,ADA,lead_centre,124,vehicle.mercedes.coupe_2020,leader,-5,centre,1,[1],349.482389665508,-205.24899894208346,18.73500371103398,-0.8493405793911083,,,18.77743715079091,18.774793,0.885101
1233,1.6500000000000001,true_threat,ADA,lead_right,125,vehicle.mercedes.coupe_2020,leader,-6,right,2,[2],350.2070331655534,-208.7482941768829,23.36168885176218,-1.3366667538015715,,,23.44771553392101,24.908478,0.886773
1233,1.6500000000000001,true_threat,ADA,rear_centre,126,vehicle.tesla.model3,follower,-5,centre,1,[1],193.55391408737339,-205.24985479248807,17.42940441474593,0.047798196910839655,occluder,22.85910680680942,17.412338828877473,20.0,1.158223
1233,1.6500000000000001,true_threat,ADA,follower_1,127,vehicle.mercedes.coupe_2020,follower,-4,left,0,[0],191.55528078428424,-201.74202199856762,31.001847680694805,-0.9996195857536678,ego,35.16685072677667,31.014636918157173,32.0,0.986178
1233,1.6500000000000001,true_threat,ADA,follower_2,128,vehicle.tesla.model3,follower,-4,left,0,[0],156.8774555262005,-201.74989997857287,30.76828777824503,-0.09487128920809408,follower_1,29.932481192646065,30.724450207650147,32.0,0.912833
1233,1.6500000000000001,true_threat,ADA,follower_3,129,vehicle.audi.a2,follower,-4,left,0,[0],119.06354955061514,-201.7499977041851,28.653053252198227,-0.6629943047270233,follower_2,33.460213657302546,28.701305101654402,31.244948,0.859204
1233,1.6500000000000001,true_threat,ADA,follower_4,130,vehicle.nissan.patrol_2021,follower,-4,left,0,[0],85.65944903271306,-201.74981177026902,30.280484790084305,-1.657371295593395,follower_3,28.850837802539786,30.148000841190136,32.0,1.061567
1234,1.7000000000000002,true_threat,ADA,occluder,121,vehicle.carlamotors.firetruck,occluder,-5,centre,1,[1],224.00780567357404,-205.2553501405761,18.350020536262726,-0.2835466200324554,lead_centre,119.8215600792239,18.359951126517384,18.207641,1.115859
1234,1.7000000000000002,true_threat,ADA,lead_left,123,vehicle.audi.a2,leader,-4,left,0,[0],348.3696238480793,-201.7504769806581,21.44213231313049,-0.35587336700572925,,,21.494394251476,24.473662,1.002791
1234,1.7000000000000002,true_threat,ADA,lead_centre,124,vehicle.mercedes.coupe_2020,leader,-5,centre,1,[1],350.41805867089397,-205.24901544097918,18.698188150011205,-0.7363111395779056,,,18.735501196546892,18.774793,0.885101
1234,1.7000000000000002,true_threat,ADA,lead_right,125,vehicle.mercedes.coupe_2020,leader,-6,right,2,[2],351.3732319010384,-208.7481099624585,23.29891623153434,-1.255451045747212,,,23.38166757817998,24.908478,0.886773
1234,1.7000000000000002,true_threat,ADA,rear_centre,126,vehicle.tesla.model3,follower,-5,centre,1,[1],194.42543513165714,-205.24984739847397,17.431012311611084,0.03215793734512163,occluder,22.90616490953994,17.414525985214894,20.0,1.158223
1234,1.7000000000000002,true_threat,ADA,follower_1,127,vehicle.mercedes.coupe_2020,follower,-4,left,0,[0],193.10392654135916,-201.74391984056248,30.954690379482983,-0.9431459977875098,ego,35.180337694458494,30.963344575748696,32.0,0.986178
1234,1.7000000000000002,true_threat,ADA,follower_2,128,vehicle.tesla.model3,follower,-4,left,0,[0],158.41578571782276,-201.74997028482966,30.765016681226548,-0.0654219386568108,follower_1,29.94511608869591,30.718156754458164,32.0,0.912833
1234,1.7000000000000002,true_threat,ADA,follower_3,129,vehicle.audi.a2,follower,-4,left,0,[0],120.49534284676449,-201.7499975429496,28.622709246813848,-0.6068801068422602,follower_2,33.56533148026982,28.668659002456828,31.244948,0.859204
1234,1.7000000000000002,true_threat,ADA,follower_4,130,vehicle.nissan.patrol_2021,follower,-4,left,0,[0],87.17109156738016,-201.74978436923365,30.2015243851269,-1.5792080904455537,follower_3,28.76850138154954,30.069628827174213,32.0,1.061567
1235,1.7500000000000002,true_threat,ADA,occluder,121,vehicle.carlamotors.firetruck,occluder,-5,centre,1,[1],224.92485894177082,-205.25532721368168,18.33530914913679,-0.29422774152964937,lead_centre,119.83941287700435,18.34596732094992,18.207641,1.115859
1235,1.7500000000000002,true_threat,ADA,lead_left,123,vehicle.audi.a2,leader,-4,left,0,[0],349.4413402296517,-201.75050810345957,21.42799693834321,-0.2827074931752244,,,21.47676568705043,24.473662,1.002791
1235,1.7500000000000002,true_threat,ADA,lead_centre,124,vehicle.mercedes.coupe_2020,leader,-5,centre,1,[1],351.3520492304023,-205.2490935476204,18.66707364792629,-0.6222899720414595,,,18.699143126006664,18.774793,0.885101
1235,1.7500000000000002,true_threat,ADA,lead_right,125,vehicle.mercedes.coupe_2020,leader,-6,right,2,[2],352.5364093964648,-208.7479267787011,23.240486675460417,-1.168589663569661,,,23.31962656301349,24.908478,0.886773
1235,1.7500000000000002,true_threat,ADA,rear_centre,126,vehicle.tesla.model3,follower,-5,centre,1,[1],195.2970172110936,-205.24983998363834,17.431876343783127,0.01728064351260155,occluder,22.952460072861726,17.41594400726337,20.0,1.158223
1235,1.7500000000000002,true_threat,ADA,follower_1,127,vehicle.mercedes.coupe_2020,follower,-4,left,0,[0],194.65034449974445,-201.7457726661796,30.91057052565137,-0.8823966121383605,ego,35.19055889627217,30.914814081859284,32.0,0.986178
1235,1.7500000000000002,true_threat,ADA,follower_2,128,vehicle.tesla.model3,follower,-4,left,0,[0],159.95396331635783,-201.75002538435214,30.76313603553657,-0.03761291376746914,follower_1,29.95543165414861,30.713340951981987,32.0,0.912833
1235,1.7500000000000002,true_threat,ADA,follower_3,129,vehicle.audi.a2,follower,-4,left,0,[0],121.92570181682542,-201.7499978710206,28.595106101351707,-0.5520629084648054,follower_2,33.671868375742704,28.6387764213248,31.244948,0.859204
1235,1.7500000000000002,true_threat,ADA,follower_4,130,vehicle.nissan.patrol_2021,follower,-4,left,0,[0],88.6789346637918,-201.74975826434013,30.126912737603924,-1.492232938618984,follower_3,28.68865214303179,29.994992706793276,32.0,1.061567
1236,1.8,true_threat,ADA,occluder,121,vehicle.carlamotors.firetruck,occluder,-5,centre,1,[1],225.8412103057116,-205.25530452623516,18.320103761145873,-0.30410775931326506,lead_centre,119.85635016831594,18.33146343456727,18.207641,1.115859
1236,1.8,true_threat,ADA,lead_left,123,vehicle.audi.a2,leader,-4,left,0,[0],350.5124767772735,-201.7505394240658,21.417393971461234,-0.21205933374491884,,,21.462761179036537,24.473662,1.002791
1236,1.8,true_threat,ADA,lead_centre,124,vehicle.mercedes.coupe_2020,leader,-5,centre,1,[1],352.2846359761932,-205.24915687436916,18.64166401630559,-0.5081925755024073,,,18.668413168670394,18.774793,0.885101
1236,1.8,true_threat,ADA,lead_right,125,vehicle.mercedes.coupe_2020,leader,-6,right,2,[2],353.69680981847046,-208.74782083626536,23.186659581814855,-1.0765403679941856,,,23.26187270123384,24.908478,0.886773
1236,1.8,true_threat,ADA,rear_centre,126,vehicle.tesla.model3,follower,-5,centre,1,[1],196.16859929053,-205.24983256880267,17.432034656360475,0.0031662516000548055,occluder,22.997931261622075,17.41663046049531,20.0,1.158223
1236,1.8,true_threat,ADA,follower_1,127,vehicle.mercedes.coupe_2020,follower,-4,left,0,[0],196.19465672454007,-201.74756517498767,30.86969803558553,-0.8174470403949589,ego,35.19745332309195,30.869266897682163,32.0,0.986178
1236,1.8,true_threat,ADA,follower_2,128,vehicle.tesla.model3,follower,-4,left,0,[0],161.49207987974023,-201.75008050469617,30.762575269201072,-0.011215327043525443,follower_1,29.96367201399879,30.70993463355498,32.0,0.912833
1236,1.8,true_threat,ADA,follower_3,129,vehicle.audi.a2,follower,-4,left,0,[0],123.35471801352699,-201.74999865716586,28.570257167288467,-0.49697868054918304,follower_2,33.77968700421687,28.61159448570811,31.244948,0.859204
1236,1.8,true_threat,ADA,follower_4,130,vehicle.nissan.patrol_2021,follower,-4,left,0,[0],90.18319194498238,-201.74973338271298,30.05705992722908,-1.3970561925452325,follower_3,28.61116801668109,29.92448622708119,32.0,1.061567
1237,1.85,true_threat,ADA,occluder,121,vehicle.carlamotors.firetruck,occluder,-5,centre,1,[1],226.75673770029633,-205.25529737866782,18.304461591883832,-0.31284338502470616,lead_centre,119.87258555016606,18.316478878808077,18.207641,1.115859
1237,1.85,true_threat,ADA,lead_left,123,vehicle.audi.a2,leader,-4,left,0,[0],351.58315555604463,-201.75055564204553,21.410193713167008,-0.14400516072184935,,,21.452256205684257,24.473662,1.002791
1237,1.85,true_threat,ADA,lead_centre,124,vehicle.mercedes.coupe_2020,leader,-5,centre,1,[1],353.21612409444094,-205.24923583469413,18.621923016288854,-0.39481995479351395,,,18.64331615209475,18.774793,0.885101
1237,1.85,true_threat,ADA,lead_right,125,vehicle.mercedes.coupe_2020,leader,-6,right,2,[2],354.854677281639,-208.74771575792414,23.13765619724025,-0.9800662118489328,,,23.20866358420588,24.908478,0.886773
1237,1.85,true_threat,ADA,rear_centre,126,vehicle.tesla.model3,follower,-5,centre,1,[1],197.04018137517187,-205.24984041275522,17.431536842089688,-0.009956285342557766,occluder,23.042700546126408,17.416623503740638,20.0,1.158223
1237,1.85,true_threat,ADA,follower_1,127,vehicle.mercedes.coupe_2020,follower,-4,left,0,[0],197.73698528084606,-201.74928206655542,30.83223136269313,-0.7493270229821084,ego,35.20108200486514,30.82692021383992,32.0,0.986178
1237,1.85,true_threat,ADA,follower_2,128,vehicle.tesla.model3,follower,-4,left,0,[0],163.0302880010571,-201.75015085259605,30.763265717845748,0.013808973567699579,follower_1,29.96986767541202,30.70788006859266,32.0,0.912833
1237,1.85,true_threat,ADA,follower_3,129,vehicle.audi.a2,follower,-4,left,0,[0],124.78263557748,-201.74999981809913,28.548198683659677,-0.44116967199256846,follower_2,33.8887873708977,28.587127410861765,31.244948,0.859204
1237,1.85,true_threat,ADA,follower_4,130,vehicle.nissan.patrol_2021,follower,-4,left,0,[0],91.68410755156275,-201.74970964106598,29.992320720586523,-1.2947841149952208,follower_3,28.53592693219207,29.858483046675367,32.0,1.061567
1238,1.9000000000000001,true_threat,ADA,occluder,121,vehicle.carlamotors.firetruck,occluder,-5,centre,1,[1],227.67144111511425,-205.25527525340328,18.288426509651412,-0.3207016445833611,lead_centre,119.88854627382904,18.301069888293487,18.207641,1.115859
1238,1.9000000000000001,true_threat,ADA,lead_left,123,vehicle.audi.a2,leader,-4,left,0,[0],352.6536207169868,-201.75058719168885,21.40626074290888,-0.07865939916479235,,,21.445122409873925,24.473662,1.002791
1238,1.9000000000000001,true_threat,ADA,lead_centre,124,vehicle.mercedes.coupe_2020,leader,-5,centre,1,[1],354.1467882381272,-205.2493150761101,18.607760999628756,-0.28324030042770015,,,18.623817145123603,18.774793,0.885101
1238,1.9000000000000001,true_threat,ADA,lead_right,125,vehicle.mercedes.coupe_2020,leader,-6,right,2,[2],356.0102864805955,-208.74771826149774,23.09365962251319,-0.8799300844679036,,,23.160219066240423,24.908478,0.886773
1238,1.9000000000000001,true_threat,ADA,rear_centre,126,vehicle.tesla.model3,follower,-5,centre,1,[1],197.91173293703196,-205.24983300833034,17.430430581662034,-0.022125208515227212,occluder,23.086645856069303,17.41597172526237,20.0,1.158223
1238,1.9000000000000001,true_threat,ADA,follower_1,127,vehicle.mercedes.coupe_2020,follower,-4,left,0,[0],199.2775743040678,-201.75090799880846,30.798309910121535,-0.6784180733908661,ego,35.20156701189715,30.78794006241282,32.0,0.986178
1238,1.9000000000000001,true_threat,ADA,follower_2,128,vehicle.tesla.model3,follower,-4,left,0,[0],164.56849611716854,-201.75020594170778,30.765117736279407,0.03704037163618056,follower_1,29.97398811040115,30.70711955379603,32.0,0.912833
1238,1.9000000000000001,true_threat,ADA,follower_3,129,vehicle.audi.a2,follower,-4,left,0,[0],126.20953080262528,-201.75000132779343,28.529014574402677,-0.38368218461216574,follower_2,33.99907792826154,28.565411946196814,31.244948,0.859204
1238,1.9000000000000001,true_threat,ADA,follower_4,130,vehicle.nissan.patrol_2021,follower,-4,left,0,[0],93.18200190767374,-201.7496564125096,29.933021274031333,-1.185988910687825,follower_3,28.462928889564708,29.797311483405412,32.0,1.061567
1239,1.9500000000000002,true_threat,ADA,occluder,121,vehicle.carlamotors.firetruck,occluder,-5,centre,1,[1],228.58535107294708,-205.25525339881898,18.272051921915267,-0.32749175471246966,lead_centre,119.90450700269739,18.28527947666108,18.207641,1.115859
1239,1.9500000000000002,true_threat,ADA,lead_left,123,vehicle.audi.a2,leader,-4,left,0,[0],353.7239638024181,-201.75060352418714,21.405450101497177,-0.016212821274053452,,,21.44122571486553,24.473662,1.002791
1239,1.9500000000000002,true_threat,ADA,lead_centre,124,vehicle.mercedes.coupe_2020,leader,-5,centre,1,[1],355.07693357781017,-205.2493792357211,18.599031101290887,-0.17459794474524007,,,18.60982825867291,18.774793,0.885101
1239,1.9500000000000002,true_threat,ADA,lead_right,125,vehicle.mercedes.coupe_2020,leader,-6,right,2,[2],357.16378996157846,-208.7477062246268,23.054818621524493,-0.7768187352324017,,,23.1167212411384,24.908478,0.886773
1239,1.9500000000000002,true_threat,ADA,rear_centre,126,vehicle.tesla.model3,follower,-5,centre,1,[1],198.78322346373935,-205.24982562472704,17.428761654744434,-0.03337853827705398,occluder,23.12979770902711,17.41472217658485,20.0,1.158223
1239,1.9500000000000002,true_threat,ADA,follower_1,127,vehicle.mercedes.coupe_2020,follower,-4,left,0,[0],200.81663740162358,-201.7523971225068,30.76804829751863,-0.6052163660689637,ego,35.19890837021491,30.75247268787763,32.0,0.986178
1239,1.9500000000000002,true_threat,ADA,follower_2,128,vehicle.tesla.model3,follower,-4,left,0,[0],166.10682630879077,-201.75027624796454,30.76802832816364,0.058211843982198586,follower_1,29.976369017511445,30.70757667234503,32.0,0.912833
1239,1.9500000000000002,true_threat,ADA,follower_3,129,vehicle.audi.a2,follower,-4,left,0,[0],127.63554101805644,-201.75000313940026,28.51277922605033,-0.32470696658373815,follower_2,34.1103908192277,28.546531687153397,31.244948,0.859204
1239,1.9500000000000002,true_threat,ADA,follower_4,130,vehicle.nissan.patrol_2021,follower,-4,left,0,[0],94.6770886571714,-201.74963465932115,29.879447690255596,-1.0714716524380066,follower_3,28.391929758599005,29.74127446313902,32.0,1.061567
1240,2.0,true_threat,ADA,occluder,121,vehicle.carlamotors.firetruck,occluder,-5,centre,1,[1],229.49843705621848,-205.25523182532567,18.255387418778646,-0.3332900625399448,lead_centre,119.92074238454754,18.2691599607896,18.207641,1.115859
1240,2.0,true_threat,ADA,lead_left,123,vehicle.audi.a2,leader,-4,left,0,[0],354.7943679282075,-201.750635094652,21.407597758147094,0.042953140306965176,,,21.44042254781668,24.473662,1.002791
1240,2.0,true_threat,ADA,lead_centre,124,vehicle.mercedes.coupe_2020,leader,-5,centre,1,[1],356.00680426451135,-205.24945874781727,18.595500625598703,-0.0706095003896072,,,18.601204886313724,18.774793,0.885101
1240,2.0,true_threat,ADA,lead_right,125,vehicle.mercedes.coupe_2020,leader,-6,right,2,[2],358.3154929107622,-208.7477100607799,23.02124953600078,-0.671380575372678,,,23.078318182993918,24.908478,0.886773
1240,2.0,true_threat,ADA,rear_centre,126,vehicle.tesla.model3,follower,-5,centre,1,[1],199.65459192014134,-205.24981828276682,17.426587279922572,-0.04348749637596574,occluder,23.17221714015255,17.4129204074488,20.0,1.158223
1240,2.0,true_threat,ADA,follower_1,127,vehicle.mercedes.coupe_2020,follower,-4,left,0,[0],202.35420509629515,-201.75376468602786,30.741521092120802,-0.5305234268787217,ego,35.19304504466571,30.720638760061103,32.0,0.986178
1240,2.0,true_threat,ADA,follower_2,128,vehicle.tesla.model3,follower,-4,left,0,[0],167.64533960066572,-201.75033123296845,30.771862072179683,0.07667489074603544,follower_1,29.97710192344499,30.70916066071359,32.0,0.912833
1240,2.0,true_threat,ADA,follower_3,129,vehicle.audi.a2,follower,-4,left,0,[0],129.06080355286707,-201.75000520607117,28.499557487919617,-0.2644347622666188,follower_2,34.22271079541878,28.53056079548834,31.244948,0.859204
1240,2.0,true_threat,ADA,follower_4,130,vehicle.nissan.patrol_2021,follower,-4,left,0,[0],96.16965770662024,-201.74961376502185,29.831783073769277,-0.9532923050360439,follower_3,28.32285322453251,29.6906407848788,32.0,1.061567
1241,2.05,true_threat,ADA,occluder,121,vehicle.carlamotors.firetruck,occluder,-5,centre,1,[1],230.41072958250479,-205.25521052251258,18.23848640598631,-0.33802025526319046,lead_centre,119.93752708797732,18.25275979586399,18.207641,1.115859
1241,2.05,true_threat,ADA,lead_left,123,vehicle.audi.a2,leader,-4,left,0,[0],355.864955159455,-201.75066660265225,21.412541587463096,0.09887659414058864,,,21.44255040055714,24.473662,1.002791
1241,2.05,true_threat,ADA,lead_centre,124,vehicle.mercedes.coupe_2020,leader,-5,centre,1,[1],356.9366444284308,-205.24952301153607,18.59688537551419,0.027695004283215464,,,18.59771744843072,18.774793,0.885101
1241,2.05,true_threat,ADA,lead_right,125,vehicle.mercedes.coupe_2020,leader,-6,right,2,[2],359.46573104751354,-208.7478059493794,22.992967618160996,-0.5656373850119095,,,23.045125819082685,24.908478,0.886773
1241,2.05,true_threat,ADA,rear_centre,126,vehicle.tesla.model3,follower,-5,centre,1,[1],200.5258688238143,-205.24981097203897,17.423958957234067,-0.05256645368474951,occluder,23.213934667021945,17.410622776343732,20.0,1.158223
1241,2.05,true_threat,ADA,follower_1,127,vehicle.mercedes.coupe_2020,follower,-4,left,0,[0],203.89061307101153,-201.75498005727673,30.718778052301754,-0.45483582162813246,ego,35.18434326178194,30.692520575912816,32.0,0.986178
1241,2.05,true_threat,ADA,follower_2,128,vehicle.tesla.model3,follower,-4,left,0,[0],169.18409703315146,-201.75038613468618,30.776494991244338,0.092658396305446,follower_1,29.976156326241608,30.711748095281898,32.0,0.912833
1241,2.05,true_threat,ADA,follower_3,129,vehicle.audi.a2,follower,-4,left,0,[0],130.4855167713034,-201.7500074601361,28.489391322243108,-0.20332331323473019,follower_2,34.335961552483106,28.517563799196505,31.244948,0.859204
1241,2.05,true_threat,ADA,follower_4,130,vehicle.nissan.patrol_2021,follower,-4,left,0,[0],97.66004474936011,-201.74959361509318,29.790050312531033,-0.8346551989110053,follower_3,28.255546709894276,29.64558422688864,32.0,1.061567
1242,2.1,true_threat,ADA,occluder,121,vehicle.carlamotors.firetruck,occluder,-5,centre,1,[1],231.32213710428238,-205.25520478040022,18.221404196587592,-0.34164418679541225,lead_centre,119.95507472561047,18.23613112525198,18.207641,1.115859
1242,2.1,true_threat,ADA,lead_left,123,vehicle.audi.a2,leader,-4,left,0,[0],356.93587807883694,-201.75068273734576,21.42011374218166,0.1514431028053405,,,21.447448619319506,24.473662,1.002791
1242,2.1,true_threat,ADA,lead_centre,124,vehicle.mercedes.coupe_2020,leader,-5,centre,1,[1],357.86669822059014,-205.24960246116757,18.60290688125748,0.12043011665524983,,,18.59908532065218,18.774793,0.885101
1242,2.1,true_threat,ADA,lead_right,125,vehicle.mercedes.coupe_2020,leader,-6,right,2,[2],360.6146874460582,-208.74790227523155,22.969858415609032,-0.46218326325729747,,,23.017160012304096,24.908478,0.886773
1242,2.1,true_threat,ADA,rear_centre,126,vehicle.tesla.model3,follower,-5,centre,1,[1],201.39696262723456,-205.24981898256394,17.420933905474623,-0.06050103511604573,occluder,23.25495028963531,17.407880089904335,20.0,1.158223
1242,2.1,true_threat,ADA,follower_1,127,vehicle.mercedes.coupe_2020,follower,-4,left,0,[0],205.42598339607818,-201.75604319461027,30.699844122768205,-0.3786501467846923,ego,35.172497887443186,30.668066779297718,32.0,0.986178
1242,2.1,true_threat,ADA,follower_2,128,vehicle.tesla.model3,follower,-4,left,0,[0],170.72309861145337,-201.75045621190583,30.781784034774148,0.1057808903723869,follower_1,29.973806868472266,30.715227024515073,32.0,0.912833
1242,2.1,true_threat,ADA,follower_3,129,vehicle.audi.a2,follower,-4,left,0,[0],131.90983326124717,-201.7500098495411,28.48228454367253,-0.14213557116980466,follower_2,34.450005766532506,28.507582699325763,31.244948,0.859204
1242,2.1,true_threat,ADA,follower_4,130,vehicle.nissan.patrol_2021,follower,-4,left,0,[0],99.14852444357817,-201.74957411583807,29.75413115035051,-0.7183832173744036,follower_3,28.189872885590745,29.60613178301474,32.0,1.061567
1243,2.15,true_threat,ADA,occluder,121,vehicle.carlamotors.firetruck,occluder,-5,centre,1,[1],232.2326901287168,-205.25518407100145,18.20419228893522,-0.34423815108486133,lead_centre,119.97372099599218,18.219327973816267,18.207641,1.115859
1243,2.15,true_threat,ADA,lead_left,123,vehicle.audi.a2,leader,-4,left,0,[0],358.0071977319169,-201.75071399548733,21.43011586074791,0.20004237915830786,,,21.454950853923847,24.473662,1.002791
1243,2.15,true_threat,ADA,lead_centre,124,vehicle.mercedes.coupe_2020,leader,-5,centre,1,[1],358.7971792588183,-205.2496817650482,18.61329429885176,0.20774835092577656,,,18.605033390854253,18.774793,0.885101
1243,2.15,true_threat,ADA,lead_right,125,vehicle.mercedes.coupe_2020,leader,-6,right,2,[2],361.76260624700706,-208.74799895505015,22.95171783650765,-0.362810967506696,,,22.99430824013271,24.908478,0.886773
1243,2.15,true_threat,ADA,rear_centre,126,vehicle.tesla.model3,follower,-5,centre,1,[1],202.26790383756767,-205.24981178635463,17.417563623284426,-0.06740564372955737,occluder,23.295264007992646,17.404748702267582,20.0,1.158223
1243,2.15,true_threat,ADA,follower_1,127,vehicle.mercedes.coupe_2020,follower,-4,left,0,[0],206.96049916133697,-201.75690825919935,30.6847003534526,-0.3028445203257166,ego,35.15763100236566,30.64728813042077,32.0,0.986178
1243,2.15,true_threat,ADA,follower_2,128,vehicle.tesla.model3,follower,-4,left,0,[0],172.26234429913376,-201.75043465311023,30.787576615484152,0.11585163864139095,follower_1,29.970175615236982,30.719465831881067,32.0,0.912833
1243,2.15,true_threat,ADA,follower_3,129,vehicle.audi.a2,follower,-4,left,0,[0],133.33384457542746,-201.7500123430539,28.478208541954377,-0.08152003417096473,follower_2,34.56469085489065,28.50062165465595,31.244948,0.859204
1243,2.15,true_threat,ADA,follower_4,130,vehicle.nissan.patrol_2021,follower,-4,left,0,[0],100.63537144746152,-201.7495551735596,29.723836759832498,-0.6058877839172979,follower_3,28.125709681316465,29.572179414148202,32.0,1.061567
1244,2.1999999999999997,true_threat,ADA,occluder,121,vehicle.carlamotors.firetruck,occluder,-5,centre,1,[1],233.14241917858976,-205.2551636426937,18.186905996056794,-0.34572585466785893,lead_centre,119.99364900978594,18.202400615250742,18.207641,1.115859
1244,2.1999999999999997,true_threat,ADA,lead_left,123,vehicle.audi.a2,leader,-4,left,0,[0],359.0791277313184,-201.75072978662516,21.442351484362785,0.24471248032101567,,,21.464860500730225,24.473662,1.002791
1244,2.1999999999999997,true_threat,ADA,lead_centre,124,vehicle.mercedes.coupe_2020,leader,-5,centre,1,[1],359.7283011609444,-205.2497455915143,18.62776915655615,0.28949715193592956,,,18.61529396051768,18.774793,0.885101
1244,2.1999999999999997,true_threat,ADA,lead_right,125,vehicle.mercedes.coupe_2020,leader,-6,right,2,[2],362.9097621241632,-208.7481416715027,22.938315087628737,-0.2680545187774785,,,22.976369198655302,24.908478,0.886773
1244,2.1999999999999997,true_threat,ADA,rear_centre,126,vehicle.tesla.model3,follower,-5,centre,1,[1],203.13869246001903,-205.2498046421992,17.413899609087945,-0.07328028385474454,occluder,23.33487582209395,17.4012793680694,20.0,1.158223
1244,2.1999999999999997,true_threat,ADA,follower_1,127,vehicle.mercedes.coupe_2020,follower,-4,left,0,[0],208.4943739950278,-201.75759043695663,30.673314413385143,-0.22768669063434827,ego,35.13959028934781,30.63018509558936,32.0,0.986178
1244,2.1999999999999997,true_threat,ADA,follower_2,128,vehicle.tesla.model3,follower,-4,left,0,[0],173.80189516257764,-201.75041299020685,30.79372587030038,0.12298512344569863,follower_1,29.965445692815408,30.72432241624771,32.0,0.912833
1244,2.1999999999999997,true_threat,ADA,follower_3,129,vehicle.audi.a2,follower,-4,left,0,[0],134.75773381930236,-201.7500148782098,28.477104188764574,-0.0220870636806761,follower_2,34.67992522839074,28.49665265534122,31.244948,0.859204
1244,2.1999999999999997,true_threat,ADA,follower_4,130,vehicle.nissan.patrol_2021,follower,-4,left,0,[0],102.12087567798551,-201.74953668935532,29.698938258874836,-0.49796999302253653,follower_3,28.0628739916134,29.54355507662878,32.0,1.061567
1245,2.25,true_threat,ADA,occluder,121,vehicle.carlamotors.firetruck,occluder,-5,centre,1,[1],234.05120218359593,-205.25514353712003,18.169604445666348,-0.3460310038566441,lead_centre,120.01504186203911,18.18540307400638,18.207641,1.115859
1245,2.25,true_threat,ADA,lead_left,123,vehicle.audi.a2,leader,-4,left,0,[0],360.151698584207,-201.75069958277214,21.456606990979274,0.28511014001818547,,,21.47698282713388,24.473662,1.002791
1245,2.25,true_threat,ADA,lead_centre,124,vehicle.mercedes.coupe_2020,leader,-5,centre,1,[1],360.6601860076847,-205.24982441649917,18.646041539644596,0.36544765960103476,,,18.629591701228723,18.774793,0.885101
1245,2.25,true_threat,ADA,lead_right,125,vehicle.mercedes.coupe_2020,leader,-6,right,2,[2],364.0564602532904,-208.74833032048147,22.929415557992506,-0.17799027588636301,,,22.96311504456709,24.908478,0.886773
1245,2.25,true_threat,ADA,rear_centre,126,vehicle.tesla.model3,follower,-5,centre,1,[1],204.00926745943596,-205.2497975709192,17.409991455417153,-0.07816307330807827,occluder,23.373816249515563,17.397523046483993,20.0,1.158223
1245,2.25,true_threat,ADA,follower_1,127,vehicle.mercedes.coupe_2020,follower,-4,left,0,[0],210.02782153059582,-201.7581201725831,30.665613883334224,-0.15397843143325338,ego,35.11837585249741,30.61674676104715,32.0,0.986178
1245,2.25,true_threat,ADA,follower_2,128,vehicle.tesla.model3,follower,-4,left,0,[0],175.34178171415596,-201.75037595399672,30.80010400774778,0.1275627774572662,follower_1,29.95976966306234,30.72965935557287,32.0,0.912833
1245,2.25,true_threat,ADA,follower_3,129,vehicle.audi.a2,follower,-4,left,0,[0],136.18168409832995,-201.75001739254415,28.478866580509685,0.03524783498888987,follower_2,34.79558684795971,28.49561744615902,31.244948,0.859204
1245,2.25,true_threat,ADA,follower_4,130,vehicle.nissan.patrol_2021,follower,-4,left,0,[0],103.60526601697276,-201.74951858514444,29.679220116824027,-0.3943628156577994,follower_3,28.00125900496431,29.52004849420377,32.0,1.061567
1246,2.3,true_threat,ADA,occluder,121,vehicle.carlamotors.firetruck,occluder,-5,centre,1,[1],234.95922224919337,-205.2551236918158,18.152333414013142,-0.345420627998708,lead_centre,120.03814370377319,18.168393129077266,18.207641,1.115859
1246,2.3,true_threat,ADA,lead_left,123,vehicle.audi.a2,leader,-4,left,0,[0],361.22503236088824,-201.75062334228514,21.472659223099132,0.32104464873805355,,,21.491106088345767,24.473662,1.002791
1246,2.3,true_threat,ADA,lead_centre,124,vehicle.mercedes.coupe_2020,leader,-5,centre,1,[1],361.59316948196806,-205.24988760790785,18.667817716166976,0.43552352868013533,,,18.647639909759352,18.774793,0.885101
1246,2.3,true_threat,ADA,lead_right,125,vehicle.mercedes.coupe_2020,leader,-6,right,2,[2],365.2028226890777,-208.74851908397878,22.924809435234568,-0.09212225635351094,,,22.95431403923805,24.908478,0.886773
1246,2.3,true_threat,ADA,rear_centre,126,vehicle.tesla.model3,follower,-5,centre,1,[1],204.87965935339477,-205.2497905621039,17.40589256635984,-0.08197778116254482,occluder,23.412024255104807,17.393528572260646,20.0,1.158223
1246,2.3,true_threat,ADA,follower_1,127,vehicle.mercedes.coupe_2020,follower,-4,left,0,[0],211.56096383314107,-201.7584821656474,30.661512959022836,-0.08198734786983666,ego,35.094018282266255,30.606920404298414,32.0,0.986178
1246,2.3,true_threat,ADA,follower_2,128,vehicle.tesla.model3,follower,-4,left,0,[0],176.88200395907413,-201.75033880326805,30.806581328738044,0.129546448254103,follower_1,29.95333064705204,30.735355663141746,32.0,0.912833
1246,2.3,true_threat,ADA,follower_3,129,vehicle.audi.a2,follower,-4,left,0,[0],137.6057869652393,-201.75001985482461,28.48335075863343,0.08968356253404364,follower_2,34.91152312051045,28.497412511800853,31.244948,0.859204
1246,2.3,true_threat,ADA,follower_4,130,vehicle.nissan.patrol_2021,follower,-4,left,0,[0],105.08881712261041,-201.74950076722996,29.664451544280055,-0.2953714266570067,follower_3,27.94081894500465,29.50145824362052,32.0,1.061567
1247,2.35,true_threat,ADA,occluder,121,vehicle.carlamotors.firetruck,occluder,-5,centre,1,[1],235.8662657523476,-205.25510417965648,18.135153936153408,-0.34358955099125427,lead_centre,120.06310711245916,18.151415425651052,18.207641,1.115859
1247,2.35,true_threat,ADA,lead_left,123,vehicle.audi.a2,leader,-4,left,0,[0],362.2992816700653,-201.75056204826302,21.490279300980188,0.35240156169011577,,,21.50700909136269,24.473662,1.002791
1247,2.35,true_threat,ADA,lead_centre,124,vehicle.mercedes.coupe_2020,leader,-5,centre,1,[1],362.5273126293582,-205.24996566249516,18.69277725373143,0.49919075024137305,,,18.669148063368443,18.774793,0.885101
1247,2.35,true_threat,ADA,lead_right,125,vehicle.mercedes.coupe_2020,leader,-6,right,2,[2],366.3491546124941,-208.74872311667502,22.924292632115954,-0.010335953173950032,,,22.949758864597943,24.908478,0.886773
1247,2.35,true_threat,ADA,rear_centre,126,vehicle.tesla.model3,follower,-5,centre,1,[1],205.74983762952454,-205.2497988849522,17.401654442325075,-0.08476248056910346,occluder,23.449652426743416,17.38934901762035,20.0,1.158223
1247,2.35,true_threat,ADA,follower_1,127,vehicle.mercedes.coupe_2020,follower,-4,left,0,[0],213.09398400291624,-201.7586610948967,30.660895291340132,-0.012324210040547352,ego,35.066517719199844,30.600635229779137,32.0,0.986178
1247,2.35,true_threat,ADA,follower_2,128,vehicle.tesla.model3,follower,-4,left,0,[0],178.42253137975578,-201.75030154843162,30.813062467083903,0.1296227932599155,follower_1,29.94625070467913,30.741287450409786,32.0,0.912833
1247,2.35,true_threat,ADA,follower_3,129,vehicle.audi.a2,follower,-4,left,0,[0],139.03019500791214,-201.7500222129973,28.490413671971396,0.14125826679606335,follower_2,35.02764249851928,28.501894578364663,31.244948,0.859204
1247,2.35,true_threat,ADA,follower_4,130,vehicle.nissan.patrol_2021,follower,-4,left,0,[0],106.5718036530856,-201.74948314191488,29.6543445314043,-0.2021402347093601,follower_3,27.881370706276343,29.487563543341857,32.0,1.061567
1248,2.4,true_threat,ADA,occluder,121,vehicle.carlamotors.firetruck,occluder,-5,centre,1,[1],236.7725157985168,-205.2550849381774,18.118111787520334,-0.3408429657626316,lead_centre,120.09020675669504,18.13452962253013,18.207641,1.115859
1248,2.4,true_threat,ADA,lead_left,123,vehicle.audi.a2,leader,-4,left,0,[0],363.3743244310221,-201.75048522477246,21.50923452694842,0.3791045216100379,,,21.52446497895308,24.473662,1.002791
1248,2.4,true_threat,ADA,lead_centre,124,vehicle.mercedes.coupe_2020,leader,-5,centre,1,[1],363.46282906768397,-205.25004324859745,18.72059018067141,0.5562585384804382,,,18.693799241158075,18.774793,0.885101
1248,2.4,true_threat,ADA,lead_right,125,vehicle.mercedes.coupe_2020,leader,-6,right,2,[2],367.49542549555235,-208.7489119114047,22.92771065174993,0.06836043798186467,,,22.949247775899746,24.908478,0.886773
1248,2.4,true_threat,ADA,rear_centre,126,vehicle.tesla.model3,follower,-5,centre,1,[1],206.6198022774145,-205.24979202188777,17.39732094831366,-0.08666988024228742,occluder,23.486517653767887,17.385034598717947,20.0,1.158223
1248,2.4,true_threat,ADA,follower_1,127,vehicle.mercedes.coupe_2020,follower,-4,left,0,[0],214.6271567085193,-201.75868738421036,30.663619712357768,0.054514760656832355,ego,35.0359963273006,30.597785872487524,32.0,0.986178
1248,2.4,true_threat,ADA,follower_2,128,vehicle.tesla.model3,follower,-4,left,0,[0],179.96336397620092,-201.75026418948738,30.819461592359037,0.12798252866449392,follower_1,29.93874345377266,30.747362239273727,32.0,0.912833
1248,2.4,true_threat,ADA,follower_3,129,vehicle.audi.a2,follower,-4,left,0,[0],140.4550608142302,-201.7500244150083,28.49987412241542,0.18920900890118458,follower_2,35.1437618765281,28.508922238962334,31.244948,0.859204
1248,2.4,true_threat,ADA,follower_4,130,vehicle.nissan.patrol_2021,follower,-4,left,0,[0],108.05440871385642,-201.74946564673448,29.648633956527792,-0.11421147636904229,follower_3,27.822792218473992,29.478092233067137,32.0,1.061567
1249,2.45,true_threat,ADA,occluder,121,vehicle.carlamotors.firetruck,occluder,-5,centre,1,[1],237.6779723877009,-205.2550659673785,18.101258467354715,-0.337066395267968,lead_centre,120.11947314885165,18.117780364024824,18.207641,1.115859
1249,2.45,true_threat,ADA,lead_left,123,vehicle.audi.a2,leader,-4,left,0,[0],364.450343754422,-201.75040806813703,21.529282668643138,0.400962834150863,,,21.54324312173523,24.473662,1.002791
1249,2.45,true_threat,ADA,lead_centre,124,vehicle.mercedes.coupe_2020,leader,-5,centre,1,[1],364.3997798268928,-205.25010508660503,18.750915082461596,0.6064980361871253,,,18.721267098281988,18.774793,0.885101
1249,2.45,true_threat,ADA,lead_right,125,vehicle.mercedes.coupe_2020,leader,-6,right,2,[2],368.6420320771558,-208.74911585040394,22.934922353580422,0.1442340457499772,,,22.952627994466678,24.908478,0.886773
1249,2.45,true_threat,ADA,rear_centre,126,vehicle.tesla.model3,follower,-5,centre,1,[1],207.48952278469363,-205.24978524210957,17.392947401852023,-0.08747092910155954,occluder,23.522803052047127,17.38062931828613,20.0,1.158223
1249,2.45,true_threat,ADA,follower_1,127,vehicle.mercedes.coupe_2020,follower,-4,left,0,[0],216.16048196036098,-201.75859155116476,30.669518330872013,0.11799538935912607,ego,35.00239321196128,30.59823722675839,32.0,0.986178
1249,2.45,true_threat,ADA,follower_2,128,vehicle.tesla.model3,follower,-4,left,0,[0],181.50453226598592,-201.75022671602463,30.825704319068507,0.12485455011416337,follower_1,29.93108356293056,30.75349550488607,32.0,0.912833
1249,2.45,true_threat,ADA,follower_3,129,vehicle.audi.a2,follower,-4,left,0,[0],141.88041490176985,-201.75002645044688,28.51153183840789,0.23315431986015217,follower_2,35.25972866665518,28.518316285921788,31.244948,0.859204
1249,2.45,true_threat,ADA,follower_4,130,vehicle.nissan.patrol_2021,follower,-4,left,0,[0],109.53681541038095,-201.74944821922415,29.647117640565813,-0.030326299825207233,follower_3,27.765052964021244,29.472790882501844,32.0,1.061567
1250,2.5,true_threat,ADA,occluder,121,vehicle.carlamotors.firetruck,occluder,-5,centre,1,[1],238.5825134495945,-205.25504730890293,18.084647382091678,-0.33222169571744065,lead_centre,120.15096731887638,18.10121794319886,18.207641,1.115859
1250,2.5,true_threat,ADA,lead_left,123,vehicle.audi.a2,leader,-4,left,0,[0],365.5275227457233,-201.75033051589207,21.550192937801828,0.41820538185676387,,,21.56310345989662,24.473662,1.002791
1250,2.5,true_threat,ADA,lead_centre,124,vehicle.mercedes.coupe_2020,leader,-5,centre,1,[1],365.33834802285355,-205.25018163162957,18.783393380129123,0.6495659543456727,,,18.751214007952587,18.774793,0.885101
1250,2.5,true_threat,ADA,lead_right,125,vehicle.mercedes.coupe_2020,leader,-6,right,2,[2],369.7890964119938,-208.7492891156652,22.945778965689613,0.2171322370780443,,,22.959759884096627,24.908478,0.886773
1250,2.5,true_threat,ADA,rear_centre,126,vehicle.tesla.model3,follower,-5,centre,1,[1],208.35899915136199,-205.24977854561757,17.388568132297866,-0.08758539108713242,occluder,23.558539133952085,17.376187721139132,20.0,1.158223
1250,2.5,true_threat,ADA,follower_1,127,vehicle.mercedes.coupe_2020,follower,-4,left,0,[0],217.69426491338325,-201.7583124564994,30.67842324339099,0.1781176383091941,ego,34.96598287520739,30.60183302002694,32.0,0.986178
1250,2.5,true_threat,ADA,follower_2,128,vehicle.tesla.model3,follower,-4,left,0,[0],183.04600573153442,-201.75018913845406,30.83171816733788,0.1202769798184891,follower_1,29.92324052498725,30.75961053561256,32.0,0.912833
1250,2.5,true_threat,ADA,follower_3,129,vehicle.audi.a2,follower,-4,left,0,[0],143.3064403759892,-201.75002825684834,28.525186548315816,0.27309419816157,follower_2,35.37554286890051,28.529878590408416,31.244948,0.859204
1250,2.5,true_threat,ADA,follower_4,130,vehicle.nissan.patrol_2021,follower,-4,left,0,[0],111.01928316287976,-201.74949180604497,29.649633459170065,0.050316389987690134,follower_3,27.70800035503637,29.471459475097664,32.0,1.061567
1251,2.55,true_threat,ADA,occluder,121,vehicle.carlamotors.firetruck,occluder,-5,centre,1,[1],239.48623053692668,-205.25502893151838,18.06832239964276,-0.32649963870958176,lead_centre,120.1849944529435,18.084894549326116,18.207641,1.115859
1251,2.55,true_threat,ADA,lead_left,123,vehicle.audi.a2,leader,-4,left,0,[0],366.6056477818913,-201.75025264091298,21.57173454451807,0.430832132831938,,,21.583817289659045,24.473662,1.002791
1251,2.55,true_threat,ADA,lead_centre,124,vehicle.mercedes.coupe_2020,leader,-5,centre,1,[1],366.2785336451554,-205.2502423660947,18.817670305037453,0.6855384997620613,,,18.78328543298721,18.774793,0.885101
1251,2.55,true_threat,ADA,lead_right,125,vehicle.mercedes.coupe_2020,leader,-6,right,2,[2],370.93683213871685,-208.74947741067749,22.9601393485236,0.287207655935767,,,22.970496203568022,24.908478,0.886773
1251,2.55,true_threat,ADA,rear_centre,126,vehicle.tesla.model3,follower,-5,centre,1,[1],209.22829241257222,-205.24977191159027,17.38422128778298,-0.0869368903945049,occluder,23.59360382917735,17.37174355246209,20.0,1.158223
1251,2.55,true_threat,ADA,follower_1,127,vehicle.mercedes.coupe_2020,follower,-4,left,0,[0],219.2285666391765,-201.75795689090992,30.69013030018781,0.23415676448052275,ego,34.9266432623497,30.608406427769165,32.0,0.986178
1251,2.55,true_threat,ADA,follower_2,128,vehicle.tesla.model3,follower,-4,left,0,[0],184.58775385527005,-201.7501514671865,30.8374344747045,0.11432615625067358,follower_1,29.915550012461026,30.765633870070513,32.0,0.912833
1251,2.55,true_threat,ADA,follower_3,129,vehicle.audi.a2,follower,-4,left,0,[0],144.73322878961727,-201.75002980298038,28.54060746297898,0.30841829326180653,follower_2,35.49099086022966,28.54341085802651,31.244948,0.859204
1251,2.55,true_threat,ADA,follower_4,130,vehicle.nissan.patrol_2021,follower,-4,left,0,[0],112.5020103303937,-201.74958108073872,29.65602691512714,0.1278691342812264,follower_3,27.6515580767569,29.47393491113834,32.0,1.061567
1252,2.6,true_threat,ADA,occluder,121,vehicle.carlamotors.firetruck,occluder,-5,centre,1,[1],240.38915417247918,-205.25502608360222,18.052333110989164,-0.3197857621903184,lead_centre,120.22146298791316,18.068853003818376,18.207641,1.115859
1252,2.6,true_threat,ADA,lead_left,123,vehicle.audi.a2,leader,-4,left,0,[0],367.6849325015768,-201.7502201466889,21.59368051448968,0.43891939929868107,,,21.605155927083345,24.473662,1.002791
1252,2.6,true_threat,ADA,lead_centre,124,vehicle.mercedes.coupe_2020,leader,-5,centre,1,[1],367.2205198096673,-205.25031774511214,18.853379647785975,0.7141868569927949,,,18.817130657699284,18.774793,0.885101
1252,2.6,true_threat,ADA,lead_right,125,vehicle.mercedes.coupe_2020,leader,-6,right,2,[2],372.0853613276303,-208.74968069379776,22.97783184437022,0.35384993365489564,,,22.984697209031143,24.908478,0.886773
1252,2.6,true_threat,ADA,rear_centre,126,vehicle.tesla.model3,follower,-5,centre,1,[1],210.09737205595343,-205.24978060922658,17.379941201910636,-0.08560171774955325,occluder,23.62802765529928,17.367334642975678,20.0,1.158223
1252,2.6,true_threat,ADA,follower_1,127,vehicle.mercedes.coupe_2020,follower,-4,left,0,[0],220.76347866964824,-201.75746378801134,30.704437255915746,0.2861511242730296,ego,34.88461845153433,30.617761197997133,32.0,0.986178
1252,2.6,true_threat,ADA,follower_2,128,vehicle.tesla.model3,follower,-4,left,0,[0],186.1297766371928,-201.75011370222197,30.84281890772455,0.10768866591661629,follower_1,29.908103614518637,30.771492559013,32.0,0.912833
1252,2.6,true_threat,ADA,follower_3,129,vehicle.audi.a2,follower,-4,left,0,[0],146.16074962507773,-201.75003109925373,28.55757905199998,0.3394317804154349,follower_2,35.605950570337214,28.5586845861879,31.244948,0.859204
1252,2.6,true_threat,ADA,follower_4,130,vehicle.nissan.patrol_2021,follower,-4,left,0,[0],113.98514947998297,-201.74965495609877,29.666149234161175,0.2024463925826425,follower_3,27.59561932287103,29.48005784936142,32.0,1.061567
1253,2.65,true_threat,ADA,occluder,121,vehicle.carlamotors.firetruck,occluder,-5,centre,1,[1],241.29131486341754,-205.25500823716732,18.036719569511753,-0.31227081873691764,lead_centre,120.26052551687252,18.053141789686347,18.207641,1.115859
1253,2.65,true_threat,ADA,lead_left,123,vehicle.audi.a2,leader,-4,left,0,[0],368.76528535725606,-201.75024832324024,21.615809593788324,0.44258158876341114,,,21.626894491541275,24.473662,1.002791
1253,2.65,true_threat,ADA,lead_centre,124,vehicle.mercedes.coupe_2020,leader,-5,centre,1,[1],368.16427599360736,-205.25039252030447,18.890168549057922,0.7357780278971472,,,18.852387743693548,18.774793,0.885101
1253,2.65,true_threat,ADA,lead_right,125,vehicle.mercedes.coupe_2020,leader,-6,right,2,[2],373.23489759135794,-208.7498683745742,22.998661907075117,0.4166012968111803,,,23.002192934753815,24.908478,0.886773
1253,2.65,true_threat,ADA,rear_centre,126,vehicle.tesla.model3,follower,-5,centre,1,[1],210.96623807109478,-205.24977412095015,17.37576220385479,-0.08357996103137405,occluder,23.661871647470573,17.362995398101077,20.0,1.158223
1253,2.65,true_threat,ADA,follower_1,127,vehicle.mercedes.coupe_2020,follower,-4,left,0,[0],222.29924517143618,-201.75690935845827,30.72112088799263,0.3336813249359344,ego,34.83984735034929,30.62970094805461,32.0,0.986178
1253,2.65,true_threat,ADA,follower_2,128,vehicle.tesla.model3,follower,-4,left,0,[0],187.67210459487907,-201.75007583314962,30.847814246700498,0.09990678233088963,follower_1,29.900992863067607,30.777145886303995,32.0,0.912833
1253,2.65,true_threat,ADA,follower_3,129,vehicle.audi.a2,follower,-4,left,0,[0],147.589216505405,-201.75003207279298,28.575878155622927,0.36598207245264575,follower_2,35.72045251679953,28.57548648806877,31.244948,0.859204
1253,2.65,true_threat,ADA,follower_4,130,vehicle.nissan.patrol_2021,follower,-4,left,0,[0],115.46889898109922,-201.74972862324327,29.679830662601997,0.2736285778913587,follower_3,27.540001008742223,29.489673647048356,32.0,1.061567
1254,2.7,true_threat,ADA,occluder,121,vehicle.carlamotors.firetruck,occluder,-5,centre,1,[1],242.19271260974182,-205.2549753922137,18.02152373778236,-0.3039166232819876,lead_centre,120.30212100987426,18.03780003704467,18.207641,1.115859
1254,2.7,true_threat,ADA,lead_left,123,vehicle.audi.a2,leader,-4,left,0,[0],369.84673684047846,-201.75026086621543,21.637910062694306,0.442009383910146,,,21.64881379352404,24.473662,1.002791
1254,2.7,true_threat,ADA,lead_centre,124,vehicle.mercedes.coupe_2020,leader,-5,centre,1,[1],369.10995477965207,-205.25045138082965,18.927686055896693,0.7503501397892604,,,18.888708020406423,18.774793,0.885101
1254,2.7,true_threat,ADA,lead_right,125,vehicle.mercedes.coupe_2020,leader,-6,right,2,[2],374.3855019702578,-208.7500556909734,23.022412104060653,0.4750040119451167,,,23.02279074903769,24.908478,0.886773
1254,2.7,true_threat,ADA,rear_centre,126,vehicle.tesla.model3,follower,-5,centre,1,[1],211.83492098077807,-205.24976769513836,17.371709090715726,-0.08106226277566378,occluder,23.695166323267593,17.358759883579488,20.0,1.158223
1254,2.7,true_threat,ADA,follower_1,127,vehicle.mercedes.coupe_2020,follower,-4,left,0,[0],223.83583561134787,-201.756247836297,30.739940814489355,0.37640436651279263,ego,34.792482411336245,30.644010043658948,32.0,0.986178
1254,2.7,true_threat,ADA,follower_2,128,vehicle.tesla.model3,follower,-4,left,0,[0],189.21461565802343,-201.75003790161264,30.85237852961433,0.09128565883667906,follower_1,29.894431407169293,30.782530904555276,32.0,0.912833
1254,2.7,true_threat,ADA,follower_3,129,vehicle.audi.a2,follower,-4,left,0,[0],149.01865994817547,-201.75003271318735,28.595277799331082,0.38799287415531813,follower_2,35.834313594158516,28.59359553083995,31.244948,0.859204
1254,2.7,true_threat,ADA,follower_4,130,vehicle.nissan.patrol_2021,follower,-4,left,0,[0],116.95342668561776,-201.7498172837011,29.696870928577226,0.3408053257883825,follower_3,27.48471838795325,29.50261043277565,32.0,1.061567
1255,2.75,true_threat,ADA,occluder,121,vehicle.carlamotors.firetruck,occluder,-5,centre,1,[1],243.09334742186272,-205.2549580663177,18.00678948556432,-0.294685032179423,lead_centre,120.3464020495947,18.022868792970673,18.207641,1.115859
1255,2.75,true_threat,ADA,lead_left,123,vehicle.audi.a2,leader,-4,left,0,[0],370.92934799680756,-201.75028827236926,21.659795001992695,0.43769879486316926,,,21.67070411231804,24.473662,1.002791
1255,2.75,true_threat,ADA,lead_centre,124,vehicle.mercedes.coupe_2020,leader,-5,centre,1,[1],370.0574341027014,-205.2505096271189,18.9655888476856,0.7580558393040258,,,18.92574479339748,18.774793,0.885101
1255,2.75,true_threat,ADA,lead_right,125,vehicle.mercedes.coupe_2020,leader,-6,right,2,[2],375.5374491277224,-208.75025780808656,23.048838298546336,0.5285239920072582,,,23.046275367996238,24.908478,0.886773
1255,2.75,true_threat,ADA,rear_centre,126,vehicle.tesla.model3,follower,-5,centre,1,[1],212.70339026742687,-205.24976134220205,17.36781428760191,-0.07789606234911768,occluder,23.727881159908577,17.35465277415836,20.0,1.158223
1255,2.75,true_threat,ADA,follower_1,127,vehicle.mercedes.coupe_2020,follower,-4,left,0,[0],225.37346362803385,-201.75552492501657,30.760650940636676,0.4142060231050722,ego,34.74273714821646,30.660458084396332,32.0,0.986178
1255,2.75,true_threat,ADA,follower_2,128,vehicle.tesla.model3,follower,-4,left,0,[0],190.75737086177858,-201.74999988678942,30.856475516484437,0.08193973722460626,follower_1,29.88851078393661,30.78759753759063,32.0,0.912833
1255,2.75,true_threat,ADA,follower_3,129,vehicle.audi.a2,follower,-4,left,0,[0],150.44904943581275,-201.7500330308476,28.6155548233498,0.4055404803656475,follower_2,35.94738121453243,28.612786999024575,31.244948,0.859204
1255,2.75,true_threat,ADA,follower_4,130,vehicle.nissan.patrol_2021,follower,-4,left,0,[0],118.4389156885859,-201.7498903574313,29.717035427902065,0.40328999016342504,follower_3,27.429634126205166,29.5186657269275,32.0,1.061567
1256,2.8,true_threat,ADA,occluder,121,vehicle.carlamotors.firetruck,occluder,-5,centre,1,[1],243.9932803297276,-205.25494097986956,17.99255114401458,-0.2847668188700624,lead_centre,120.39324656052312,18.00839101307489,18.207641,1.115859
1256,2.8,true_threat,ADA,lead_left,123,vehicle.audi.a2,leader,-4,left,0,[0],372.01293571037445,-201.75030008659002,21.68127939828858,0.4296879370665324,,,21.69238031543633,24.473662,1.002791
1256,2.8,true_threat,ADA,lead_centre,124,vehicle.mercedes.coupe_2020,leader,-5,centre,1,[1],371.00686651940475,-205.25047565438936,19.003541229991317,0.7590476504059172,,,18.963159002924378,18.774793,0.885101
1256,2.8,true_threat,ADA,lead_right,125,vehicle.mercedes.coupe_2020,leader,-6,right,2,[2],376.69076954489043,-208.75036790398568,23.07767918653345,0.5768178910695373,,,23.072405093455426,24.908478,0.886773
1256,2.8,true_threat,ADA,rear_centre,126,vehicle.tesla.model3,follower,-5,centre,1,[1],213.5716764486176,-205.2497550517304,17.364100684071243,-0.07427207086524046,occluder,23.760046685380658,17.350706383433195,20.0,1.158223
1256,2.8,true_threat,ADA,follower_1,127,vehicle.mercedes.coupe_2020,follower,-4,left,0,[0],226.91215974948128,-201.75477113178258,30.783007090761494,0.44712476445499433,ego,34.690580882046525,30.67880858021548,32.0,0.986178
1256,2.8,true_threat,ADA,follower_2,128,vehicle.tesla.model3,follower,-4,left,0,[0],192.30030917099185,-201.74996180950154,30.8600746898038,0.0719834664696179,follower_1,29.883383596867432,30.792300999919668,32.0,0.912833
1256,2.8,true_threat,ADA,follower_3,129,vehicle.audi.a2,follower,-4,left,0,[0],151.88047652104592,-201.7500329945414,28.63648606788189,0.41862489063284275,follower_2,36.05974693065029,28.632840028015135,31.244948,0.859204
1256,2.8,true_threat,ADA,follower_4,130,vehicle.nissan.patrol_2021,follower,-4,left,0,[0],119.92548807071984,-201.74997832036703,29.740057131429264,0.4604340719723552,follower_3,27.374534610874314,29.537604665764505,32.0,1.061567
1257,2.85,true_threat,ADA,occluder,121,vehicle.carlamotors.firetruck,occluder,-5,centre,1,[1],244.8924808157601,-205.2549241432801,17.978837323314103,-0.27427640203500103,lead_centre,120.44274606936158,17.99440029921372,18.207641,1.115859
1257,2.85,true_threat,ADA,lead_left,123,vehicle.audi.a2,leader,-4,left,0,[0],373.09768309704805,-201.7503267639894,21.702197311411997,0.41835827451840557,,,21.713659179508348,24.473662,1.002791
1257,2.85,true_threat,ADA,lead_centre,124,vehicle.mercedes.coupe_2020,leader,-5,centre,1,[1],371.9582215382127,-205.25042576699266,19.041238033497585,0.7539360743006804,,,19.00061921985486,18.774793,0.885101
1257,2.85,true_threat,ADA,lead_right,125,vehicle.mercedes.coupe_2020,leader,-6,right,2,[2],377.84558531809415,-208.75046223096854,23.10866393252248,0.6196950711868479,,,23.100921256717527,24.908478,0.886773
1257,2.85,true_threat,ADA,rear_centre,126,vehicle.tesla.model3,follower,-5,centre,1,[1],214.43974901197927,-205.24976409292236,17.3605835371727,-0.0703429378672462,occluder,23.791693412054812,17.346943626589372,20.0,1.158223
1257,2.85,true_threat,ADA,follower_1,127,vehicle.mercedes.coupe_2020,follower,-4,left,0,[0],228.45204604079015,-201.75397115616374,30.806753657013743,0.474931958743697,ego,34.63613553217556,30.698827849662834,32.0,0.986178
1257,2.85,true_threat,ADA,follower_2,128,vehicle.tesla.model3,follower,-4,left,0,[0],193.84340006808682,-201.74992368015975,30.863145531220574,0.061416829502748065,follower_1,29.87914140910162,30.79660156639483,32.0,0.912833
1257,2.85,true_threat,ADA,follower_3,129,vehicle.audi.a2,follower,-4,left,0,[0],153.3129412038749,-201.7500326042688,28.6578655397358,0.4275894370739012,follower_2,36.17125815463038,28.653533794187044,31.244948,0.859204
1257,2.85,true_threat,ADA,follower_4,130,vehicle.nissan.patrol_2021,follower,-4,left,0,[0],121.41328115070236,-201.75005060808348,29.765649936528835,0.5118561018205483,follower_3,27.31938931397353,29.559165315075663,32.0,1.061567
1258,2.9,true_threat,ADA,occluder,121,vehicle.carlamotors.firetruck,occluder,-5,centre,1,[1],245.79107095026563,-205.2549075149062,17.965688077726686,-0.2629849000213554,lead_centre,120.494900602137,17.980924666650495,18.207641,1.115859
1258,2.9,true_threat,ADA,lead_left,123,vehicle.audi.a2,leader,-4,left,0,[0],374.1834070461648,-201.75035310824387,21.72239424532244,0.40393868976577263,,,21.734376391807626,24.473662,1.002791
1258,2.9,true_threat,ADA,lead_centre,124,vehicle.mercedes.coupe_2020,leader,-5,centre,1,[1],372.91134658165424,-205.25039053455902,19.07837598905232,0.7427591146608972,,,19.03782424456649,18.774793,0.885101
1258,2.9,true_threat,ADA,lead_right,125,vehicle.mercedes.coupe_2020,leader,-6,right,2,[2],379.00201852284437,-208.75055600618015,23.141510251763886,0.6569265496913738,,,23.131555780703422,24.908478,0.886773
1258,2.9,true_threat,ADA,rear_centre,126,vehicle.tesla.model3,follower,-5,centre,1,[1],215.30766898225383,-205.24975792738005,17.35727428815015,-0.06618498044872059,occluder,23.822821334725653,17.34337981385954,20.0,1.158223
1258,2.9,true_threat,ADA,follower_1,127,vehicle.mercedes.coupe_2020,follower,-4,left,0,[0],229.99315302474224,-201.75314024653744,30.83162741378219,0.4974752119486146,ego,34.57952308041737,30.720273394880696,32.0,0.986178
1258,2.9,true_threat,ADA,follower_2,128,vehicle.tesla.model3,follower,-4,left,0,[0],195.38661303548722,-201.74988550917487,30.865676596754852,0.05062131359604149,follower_1,29.87593680331551,30.800459264101807,32.0,0.912833
1258,2.9,true_threat,ADA,follower_3,129,vehicle.audi.a2,follower,-4,left,0,[0],154.74650451945254,-201.75003183920816,28.679483430050862,0.4323578062959935,follower_2,36.28188436889636,28.67466448825538,31.244948,0.859204
1258,2.9,true_threat,ADA,follower_4,130,vehicle.nissan.patrol_2021,follower,-4,left,0,[0],122.90241700404425,-201.75012243772574,29.79350485249881,0.5570983185539191,follower_3,27.26406091682003,29.583067914048403,32.0,1.061567
1259,2.95,true_threat,ADA,occluder,121,vehicle.carlamotors.firetruck,occluder,-5,centre,1,[1],246.6890202208732,-205.2549063639468,17.953126295395876,-0.2512356352162109,lead_centre,120.5494355110731,17.968003420880734,18.207641,1.115859
1259,2.95,true_threat,ADA,lead_left,123,vehicle.audi.a2,leader,-4,left,0,[0],375.2701075525193,-201.7503638605653,21.741734776764126,0.3868106382805021,,,21.754378990994937,24.473662,1.002791
1259,2.95,true_threat,ADA,lead_centre,124,vehicle.mercedes.coupe_2020,leader,-5,centre,1,[1],373.86639423240587,-205.25035464624636,19.114682346030204,0.726127141678089,,,19.074474847251153,18.774793,0.885101
1259,2.95,true_threat,ADA,lead_right,125,vehicle.mercedes.coupe_2020,leader,-6,right,2,[2],380.1601301942938,-208.750649208799,23.175918692792866,0.688168991111203,,,23.164029295049993,24.908478,0.886773
1259,2.95,true_threat,ADA,rear_centre,126,vehicle.tesla.model3,follower,-5,centre,1,[1],216.17546688222296,-205.24975180348082,17.35419010824299,-0.061683598189581586,occluder,23.853491498956622,17.340027078759036,20.0,1.158223
1259,2.95,true_threat,ADA,follower_1,127,vehicle.mercedes.coupe_2020,follower,-4,left,0,[0],231.53551124494078,-201.7523546864338,30.857382312029703,0.5150979960561345,ego,34.52086547735339,30.742894065494422,32.0,0.986178
1259,2.95,true_threat,ADA,follower_2,128,vehicle.tesla.model3,follower,-4,left,0,[0],196.92994807319303,-201.74984729654687,30.867671700277413,0.03990207537540883,follower_1,29.873830819867194,30.803851439022065,32.0,0.912833
1259,2.95,true_threat,ADA,follower_3,129,vehicle.audi.a2,follower,-4,left,0,[0],156.18113595020236,-201.75003070977033,28.70113946725015,0.4331207439793868,follower_2,36.391534020719135,28.696024725235706,31.244948,0.859204
1259,2.95,true_threat,ADA,follower_4,130,vehicle.nissan.patrol_2021,follower,-4,left,0,[0],124.39298718867994,-201.75020903684958,29.823290000854797,0.5957029667591991,follower_3,27.208488379055744,29.609012662778397,32.0,1.061567
1260,3.0,true_threat,ADA,occluder,121,vehicle.carlamotors.firetruck,occluder,-5,centre,1,[1],247.58632863799357,-205.25495120797825,17.941178678258545,-0.23895233231196236,lead_centre,120.60653389121711,17.955659013193184,18.207641,1.115859
1260,3.0,true_threat,ADA,lead_left,123,vehicle.audi.a2,leader,-4,left,0,[0],376.3577846265224,-201.75038953853004,21.760091114580415,0.36712676405385275,,,21.773532919242207,24.473662,1.002791
1260,3.0,true_threat,ADA,lead_centre,124,vehicle.mercedes.coupe_2020,leader,-5,centre,1,[1],374.8231813850094,-205.2503181645194,19.14989961267223,0.7043453331970738,,,19.110302005106163,18.774793,0.885101
1260,3.0,true_threat,ADA,lead_right,125,vehicle.mercedes.coupe_2020,leader,-6,right,2,[2],381.31995084481343,-208.75072656962612,23.211593618506292,0.7134986827307295,,,23.198045494953092,24.908478,0.886773
1260,3.0,true_threat,ADA,rear_centre,126,vehicle.tesla.model3,follower,-5,centre,1,[1],217.043081676734,-205.2497457420463,17.35133671733118,-0.05706781815938008,occluder,23.883642869595064,17.336902199158892,20.0,1.158223
1260,3.0,true_threat,ADA,follower_1,127,vehicle.mercedes.coupe_2020,follower,-4,left,0,[0],233.0791817053062,-201.75152290230216,30.883762775712025,0.5276096899100589,ego,34.460376444920456,30.76646218803252,32.0,0.986178
1260,3.0,true_threat,ADA,follower_2,128,vehicle.tesla.model3,follower,-4,left,0,[0],198.4734051812042,-201.74980904227579,30.86913656389369,0.029297279548000137,follower_1,29.872854002359958,30.806770528659097,32.0,0.912833
1260,3.0,true_threat,ADA,follower_3,129,vehicle.audi.a2,follower,-4,left,0,[0],157.6168354961244,-201.75002921595527,28.722642916492763,0.43006898484482264,follower_2,36.500237627675105,28.717416743639617,31.244948,0.859204
1260,3.0,true_threat,ADA,follower_4,130,vehicle.nissan.patrol_2021,follower,-4,left,0,[0],125.88512902329222,-201.75027984103022,29.85466396532028,0.6274792907248421,follower_3,27.152549625169883,29.636678837675227,32.0,1.061567
1261,3.05,true_threat,ADA,occluder,121,vehicle.carlamotors.firetruck,occluder,-5,centre,1,[1],248.4830267139978,-205.25502677780162,17.929870018262797,-0.2261731926474273,lead_centre,120.66601262670024,17.943917671617736,18.207641,1.115859
1261,3.05,true_threat,ADA,lead_left,123,vehicle.audi.a2,leader,-4,left,0,[0],377.4462856698815,-201.7503996766156,21.77736216696643,0.3454210524489743,,,21.79171168843938,24.473662,1.002791
1261,3.05,true_threat,ADA,lead_centre,124,vehicle.mercedes.coupe_2020,leader,-5,centre,1,[1],375.7817080394648,-205.2502810893781,19.183795092630067,0.6779095981435435,,,19.14505183099572,18.774793,0.885101
1261,3.05,true_threat,ADA,lead_right,125,vehicle.mercedes.coupe_2020,leader,-6,right,2,[2],382.4817246254248,-208.75081852295165,23.248233670635948,0.7328012005783646,,,23.233311893312298,24.908478,0.886773
1261,3.05,true_threat,ADA,rear_centre,126,vehicle.tesla.model3,follower,-5,centre,1,[1],217.91057440093965,-205.24973972225484,17.348725560037572,-0.05222314586636619,occluder,23.913336492204408,17.33401150021354,20.0,1.158223
1261,3.05,true_threat,ADA,follower_1,127,vehicle.mercedes.coupe_2020,follower,-4,left,0,[0],234.62416446309774,-201.75081274081248,30.91052277146317,0.5352010426623383,ego,34.398117049503604,30.790730851675903,32.0,0.986178
1261,3.05,true_threat,ADA,follower_2,128,vehicle.tesla.model3,follower,-4,left,0,[0],200.0169233243681,-201.74977076718312,30.870078816172068,0.018845054896794958,follower_1,29.873067354714188,30.809210682869566,32.0,0.912833
1261,3.05,true_threat,ADA,follower_3,129,vehicle.audi.a2,follower,-4,left,0,[0],159.05363367479504,-201.7500273473522,28.743816394810658,0.42346956635469574,follower_2,36.60799518976424,28.738652300213698,31.244948,0.859204
1261,3.05,true_threat,ADA,follower_4,130,vehicle.nissan.patrol_2021,follower,-4,left,0,[0],127.37885777708006,-201.7503653626386,29.887283423948467,0.6523891770732848,follower_3,27.096107336479648,29.665737645937327,32.0,1.061567
1262,3.1,true_threat,ADA,occluder,121,vehicle.carlamotors.firetruck,occluder,-5,centre,1,[1],249.3791754788331,-205.25511779380716,17.919219388560542,-0.21301259004381837,latent_vehicle,22.55443036370619,17.933432513997086,18.207641,1.115859
1262,3.1,true_threat,ADA,lead_left,123,vehicle.audi.a2,leader,-4,left,0,[0],378.5356412105838,-201.75042478198753,21.79345447546336,0.32184617284958894,,,21.808815259813944,24.473662,1.002791
1262,3.1,true_threat,ADA,lead_centre,124,vehicle.mercedes.coupe_2020,leader,-5,centre,1,[1],376.7418521306721,-205.25025872125377,19.216153254557913,0.6471632369547549,,,19.17849497218996,18.774793,0.885101
1262,3.1,true_threat,ADA,lead_right,125,vehicle.mercedes.coupe_2020,leader,-6,right,2,[2],383.6451768727353,-208.7509099036844,23.28555274612349,0.746381654898116,,,23.269530400691607,24.908478,0.886773
1262,3.1,true_threat,ADA,rear_centre,126,vehicle.tesla.model3,follower,-5,centre,1,[1],218.77794506004528,-205.2497490028947,17.346356635940655,-0.04737848201262832,occluder,23.94254184400296,17.331366406612194,20.0,1.158223
1262,3.1,true_threat,ADA,follower_1,127,vehicle.mercedes.coupe_2020,follower,-4,left,0,[0],236.17055102419596,-201.75008684163885,30.937416271713044,0.5378720534060097,ego,34.33427041217711,30.81546833579096,32.0,0.986178
1262,3.1,true_threat,ADA,follower_2,128,vehicle.tesla.model3,follower,-4,left,0,[0],201.56047197990293,-201.74971722289152,30.870513716002424,0.00869800808859299,follower_1,29.87453196934183,30.811168430225766,32.0,0.912833
1262,3.1,true_threat,ADA,follower_3,129,vehicle.audi.a2,follower,-4,left,0,[0],160.49140841590884,-201.75002514560424,28.76450349910262,0.4137420858345331,follower_2,36.714715154257505,28.759556420145195,31.244948,0.859204
1262,3.1,true_threat,ADA,follower_4,130,vehicle.nissan.patrol_2021,follower,-4,left,0,[0],128.87424973357355,-201.75043505807142,29.920808868345688,0.6705088969929266,follower_3,27.039176761362434,29.695862140603698,32.0,1.061567
1263,3.15,true_threat,ADA,occluder,121,vehicle.carlamotors.firetruck,occluder,-5,centre,1,[1],250.2748359572414,-205.25519371759694,17.909245862235014,-0.19947052620034714,latent_vehicle,22.961966162885588,17.922946218324523,18.207641,1.115859
1263,3.15,true_threat,ADA,lead_left,123,vehicle.audi.a2,leader,-4,left,0,[0],379.62572917311843,-201.75044963750082,21.80830700302076,0.29705055203976455,,,21.824751158803004,24.473662,1.002791
1263,3.15,true_threat,ADA,lead_centre,124,vehicle.mercedes.coupe_2020,leader,-5,centre,1,[1],377.7036136482205,-205.25022054257002,19.24678908543667,0.6127166163407334,,,19.210419068174172,18.774793,0.885101
1263,3.15,true_threat,ADA,lead_right,125,vehicle.mercedes.coupe_2020,leader,-6,right,2,[2],384.8106432436472,-208.7508937857886,23.3232571137941,0.7540874830996155,,,23.30641806550006,24.908478,0.886773
1263,3.15,true_threat,ADA,rear_centre,126,vehicle.tesla.model3,follower,-5,centre,1,[1],219.64519364364014,-205.2497430663895,17.34422994355326,-0.042533847715451656,occluder,23.97131994973263,17.328967562036546,20.0,1.158223
1263,3.15,true_threat,ADA,follower_1,127,vehicle.mercedes.coupe_2020,follower,-4,left,0,[0],237.71818883195144,-201.74943680956423,30.96421823063319,0.5360422676340598,ego,34.2690197425068,30.84043984962631,32.0,0.986178
1263,3.15,true_threat,ADA,follower_2,128,vehicle.tesla.model3,follower,-4,left,0,[0],203.10402064064317,-201.74967893738807,30.870458429182886,-0.0011057229755323935,follower_1,29.877369874905213,30.812648043760966,32.0,0.912833
1263,3.15,true_threat,ADA,follower_3,129,vehicle.audi.a2,follower,-4,left,0,[0],161.9302817897712,-201.7500225690683,28.784534475386845,0.4006195256784994,follower_2,36.820489068678555,28.779975002521418,31.244948,0.859204
1263,3.15,true_threat,ADA,follower_4,130,vehicle.nissan.patrol_2021,follower,-4,left,0,[0],130.37132015676622,-201.75050418091146,29.954891254274212,0.6816477332615336,follower_3,26.981559545982755,29.726727445365427,32.0,1.061567
1264,3.2,true_threat,ADA,occluder,121,vehicle.carlamotors.firetruck,occluder,-5,centre,1,[1],251.16997764205718,-205.25528507715813,17.899962792127234,-0.18566140479435822,latent_vehicle,23.37203348942009,17.913126599472445,18.207641,1.115859
1264,3.2,true_threat,ADA,lead_left,123,vehicle.audi.a2,leader,-4,left,0,[0],380.71654955228007,-201.75045898436724,21.821851086219237,0.27088166391993374,,,21.839459019131546,24.473662,1.002791
1264,3.2,true_threat,ADA,lead_centre,124,vehicle.mercedes.coupe_2020,leader,-5,centre,1,[1],378.6668400094337,-205.25018186416895,19.2755347388709,0.574913068891486,,,19.240641911378464,18.774793,0.885101
1264,3.2,true_threat,ADA,lead_right,125,vehicle.mercedes.coupe_2020,leader,-6,right,2,[2],385.9779406743454,-208.75089230203432,23.36107021285687,0.7562620886549836,,,23.34368445693589,24.908478,0.886773
1264,3.2,true_threat,ADA,rear_centre,126,vehicle.tesla.model3,follower,-5,centre,1,[1],220.5123811920823,-205.24973715070584,17.3423473925791,-0.037651019469058786,occluder,23.999731844546083,17.326815607797773,20.0,1.158223
1264,3.2,true_threat,ADA,follower_1,127,vehicle.mercedes.coupe_2020,follower,-4,left,0,[0],239.26723045862974,-201.74881681617018,30.990699788035258,0.529635275396131,ego,34.202487230522074,30.865427274943038,32.0,0.986178
1264,3.2,true_threat,ADA,follower_2,128,vehicle.tesla.model3,follower,-4,left,0,[0],204.64756930138338,-201.74964065188465,30.869932028883984,-0.010527990876824135,follower_1,29.88145902192045,30.813655603086875,32.0,0.912833
1264,3.2,true_threat,ADA,follower_3,129,vehicle.audi.a2,follower,-4,left,0,[0],163.37013172607675,-201.75001965938748,28.8037777171101,0.3848648344663669,follower_2,36.92516435555642,28.7997408493823,31.244948,0.859204
1264,3.2,true_threat,ADA,follower_4,130,vehicle.nissan.patrol_2021,follower,-4,left,0,[0],131.8700690518635,-201.7505879899469,29.98920251761974,0.6862252885187006,follower_3,26.923362496652437,29.758004279136475,32.0,1.061567
1265,3.25,true_threat,ADA,occluder,121,vehicle.carlamotors.firetruck,occluder,-5,centre,1,[1],252.06472259838043,-205.25537657205945,17.891379714187583,-0.17166156514536704,latent_vehicle,23.784754444847337,17.903986915320857,18.207641,1.115859
1265,3.25,true_threat,ADA,lead_left,123,vehicle.audi.a2,leader,-4,left,0,[0],381.8079802881741,-201.7504833818063,21.834050485608593,0.24398798742972502,,,21.852870921749332,24.473662,1.002791
1265,3.25,true_threat,ADA,lead_centre,124,vehicle.mercedes.coupe_2020,leader,-5,centre,1,[1],379.63143967199335,-205.25017323485926,19.302250977646306,0.534324777657845,,,19.268998260244324,18.774793,0.885101
1265,3.25,true_threat,ADA,lead_right,125,vehicle.mercedes.coupe_2020,leader,-6,right,2,[2],387.1471301947773,-208.7508901728118,23.398719290200546,0.7529816344814619,,,23.381056178252226,24.908478,0.886773
1265,3.25,true_threat,ADA,rear_centre,126,vehicle.tesla.model3,follower,-5,centre,1,[1],221.37938563506637,-205.24973129748685,17.340708982146428,-0.03276820860933517,occluder,24.027685980919706,17.324912277879008,20.0,1.158223
1265,3.25,true_threat,ADA,follower_1,127,vehicle.mercedes.coupe_2020,follower,-4,left,0,[0],240.8175233423761,-201.74830320745144,31.016654969523678,0.5191087164582212,ego,34.134856148253434,30.890208138145706,32.0,0.986178
1265,3.25,true_threat,ADA,follower_2,128,vehicle.tesla.model3,follower,-4,left,0,[0],206.1910874445473,-201.74960237679198,30.868970754095063,-0.01922547945666051,follower_1,29.886951987858538,30.81420036879924,32.0,0.912833
1265,3.25,true_threat,ADA,follower_3,129,vehicle.audi.a2,follower,-4,left,0,[0],164.8108666720964,-201.75001644779408,28.82211115341032,0.366668726004612,follower_2,37.028863079991105,28.81872452599265,31.244948,0.859204
1265,3.25,true_threat,ADA,follower_4,130,vehicle.nissan.patrol_2021,follower,-4,left,0,[0],133.37055741237498,-201.7505643940508,30.023416502116284,0.6842797193126714,follower_3,26.864463537860694,29.789382179762008,32.0,1.061567
1266,3.3,true_threat,ADA,occluder,121,vehicle.carlamotors.firetruck,occluder,-5,centre,1,[1],252.95904027740244,-205.2553766599826,17.88351188746592,-0.1573565443920979,latent_vehicle,24.200190121579354,17.89553665241815,18.207641,1.115859
1266,3.3,true_threat,ADA,lead_left,123,vehicle.audi.a2,leader,-4,left,0,[0],382.9000213703897,-201.75049231224165,21.84487849863839,0.2165602604783068,,,21.86495105284412,24.473662,1.002791
1266,3.3,true_threat,ADA,lead_centre,124,vehicle.mercedes.coupe_2020,leader,-5,centre,1,[1],380.5972600271962,-205.25013367154207,19.326817636386142,0.4913331782006214,,,19.295351113971584,18.774793,0.885101
1266,3.3,true_threat,ADA,lead_right,125,vehicle.mercedes.coupe_2020,leader,-6,right,2,[2],388.31821179973747,-208.7508721393329,23.435948761356897,0.7445894906425296,,,23.418263657877752,24.908478,0.886773
1266,3.3,true_threat,ADA,rear_centre,126,vehicle.tesla.model3,follower,-5,centre,1,[1],222.24639007805044,-205.24972544426785,17.33929945447242,-0.02819055348393203,occluder,24.05542649425889,17.32325874892118,20.0,1.158223
1266,3.3,true_threat,ADA,follower_1,127,vehicle.mercedes.coupe_2020,follower,-4,left,0,[0],242.36912849752167,-201.74783492743381,31.041879704305206,0.504500573870978,ego,34.066279177279625,30.91457950131477,32.0,0.986178
1266,3.3,true_threat,ADA,follower_2,128,vehicle.tesla.model3,follower,-4,left,0,[0],207.73445299982941,-201.7495641537532,30.8675936785505,-0.027541493345149597,follower_1,29.89372672844101,30.814307903253813,32.0,0.912833
1266,3.3,true_threat,ADA,follower_3,129,vehicle.audi.a2,follower,-4,left,0,[0],166.2524866278302,-201.75001293428815,28.839414621842742,0.3460693686590148,follower_2,37.13164627713532,28.836806189821104,31.244948,0.859204
1266,3.3,true_threat,ADA,follower_4,130,vehicle.nissan.patrol_2021,follower,-4,left,0,[0],134.87272423958564,-201.7505402255619,30.05722231280006,0.6761162491338872,follower_3,26.804710123368892,29.82055322935561,32.0,1.061567
1267,3.35,true_threat,ADA,occluder,121,vehicle.carlamotors.firetruck,occluder,-5,centre,1,[1],253.85302225787922,-205.25536160363612,17.876365039642344,-0.14293696544659995,latent_vehicle,24.618462694029304,17.88779093694767,18.207641,1.115859
1267,3.35,true_threat,ADA,lead_left,123,vehicle.audi.a2,leader,-4,left,0,[0],383.992520221456,-201.7505163453035,21.854317959491787,0.1887892175751149,,,21.875673037431927,24.473662,1.002791
1267,3.35,true_threat,ADA,lead_centre,124,vehicle.mercedes.coupe_2020,leader,-5,centre,1,[1],381.56424005030044,-205.25009371261538,19.349143163669293,0.44651055107786963,,,19.319582291177884,18.774793,0.885101
1267,3.35,true_threat,ADA,lead_right,125,vehicle.mercedes.coupe_2020,leader,-6,right,2,[2],389.49106342933123,-208.7508687608171,23.472501133715348,0.7310474962070048,,,23.455054351846574,24.908478,0.886773
1267,3.35,true_threat,ADA,rear_centre,126,vehicle.tesla.model3,follower,-5,centre,1,[1],223.1133945262399,-205.24973484983704,17.33811499371765,-0.023689215053254747,occluder,24.08273973029683,17.321839753066268,20.0,1.158223
1267,3.35,true_threat,ADA,follower_1,127,vehicle.mercedes.coupe_2020,follower,-4,left,0,[0],243.9219543817481,-201.74744252492593,31.06619280471051,0.48626847420441244,ego,33.9969090980818,30.938341727154338,32.0,0.986178
1267,3.35,true_threat,ADA,follower_2,128,vehicle.tesla.model3,follower,-4,left,0,[0],209.27781855511157,-201.74952593071444,30.865840855891836,-0.03505643494971789,follower_1,29.901966328304425,30.813989152263783,32.0,0.912833
1267,3.35,true_threat,ADA,follower_3,129,vehicle.audi.a2,follower,-4,left,0,[0],167.69493055812544,-201.75000913969123,28.855600383872975,0.3237152406160846,follower_2,37.233391876683655,28.85386777954944,31.244948,0.859204
1267,3.35,true_threat,ADA,follower_4,130,vehicle.nissan.patrol_2021,follower,-4,left,0,[0],136.37660005107188,-201.75051547406946,30.090335754901915,0.662268883341936,follower_3,26.74416325189202,29.851227523166262,32.0,1.061567
1268,3.4,true_threat,ADA,occluder,121,vehicle.carlamotors.firetruck,occluder,-5,centre,1,[1],254.74666855022156,-205.25536192059639,17.869941078136602,-0.12847923764307415,latent_vehicle,25.039541712290898,17.880755486634175,18.207641,1.115859
1268,3.4,true_threat,ADA,lead_left,123,vehicle.audi.a2,leader,-4,left,0,[0],385.08547683616746,-201.75054022220368,21.862374590641167,0.1611326243281495,,,21.8850199378892,24.473662,1.002791
1268,3.4,true_threat,ADA,lead_centre,124,vehicle.mercedes.coupe_2020,leader,-5,centre,1,[1],382.53234922372945,-205.2500533684899,19.36915698583003,0.40027644965231424,,,19.341601830144942,18.774793,0.885101
1268,3.4,true_threat,ADA,lead_right,125,vehicle.mercedes.coupe_2020,leader,-6,right,2,[2],390.6657461083006,-208.75084949886642,23.50815324690272,0.7130422968052201,,,23.491173887943333,24.908478,0.886773
1268,3.4,true_threat,ADA,rear_centre,126,vehicle.tesla.model3,follower,-5,centre,1,[1],223.98021586376586,-205.2497290590827,17.337142246610966,-0.019454942133617377,occluder,24.109717262584162,17.320652081673277,20.0,1.158223
1268,3.4,true_threat,ADA,follower_1,127,vehicle.mercedes.coupe_2020,follower,-4,left,0,[0],245.47597048268452,-201.7471412691268,31.089426428847553,0.46467929442939465,ego,33.92683758311293,30.961315169554073,32.0,0.986178
1268,3.4,true_threat,ADA,follower_2,128,vehicle.tesla.model3,follower,-4,left,0,[0],210.8210315433335,-201.74954879488226,30.86373898930605,-0.04203731276713154,follower_1,29.91142665724874,30.81327437901579,32.0,0.912833
1268,3.4,true_threat,ADA,follower_3,129,vehicle.audi.a2,follower,-4,left,0,[0],169.1381374278294,-201.75000508482483,28.87057688679221,0.2995300583978962,follower_2,37.334313501670565,28.869823467160405,31.244948,0.859204
1268,3.4,true_threat,ADA,follower_4,130,vehicle.nissan.patrol_2021,follower,-4,left,0,[0],137.88209329931001,-201.750505429594,30.122476448619445,0.6428139205079325,follower_3,26.68273137070102,29.881139937831584,32.0,1.061567
1269,3.45,true_threat,ADA,occluder,121,vehicle.carlamotors.firetruck,occluder,-5,centre,1,[1],255.63997914401864,-205.255347093287,17.864243816060355,-0.11394524843831122,latent_vehicle,25.463671389850347,17.874432254106242,18.207641,1.115859
1269,3.45,true_threat,ADA,lead_left,123,vehicle.audi.a2,leader,-4,left,0,[0],386.1787386214371,-201.7505487362079,21.869056021075135,0.1336286110614822,,,21.892997473310373,24.473662,1.002791
1269,3.45,true_threat,ADA,lead_centre,124,vehicle.mercedes.coupe_2020,leader,-5,centre,1,[1],383.5012823717199,-205.25001274327337,19.386811419586643,0.3530886826862789,,,19.36134044583616,18.774793,0.885101
1269,3.45,true_threat,ADA,lead_right,125,vehicle.mercedes.coupe_2020,leader,-6,right,2,[2],391.8421988119036,-208.75084489187884,23.542689570288427,0.6907264876546092,,,23.526401872812013,24.908478,0.886773
1269,3.45,true_threat,ADA,rear_centre,126,vehicle.tesla.model3,follower,-5,centre,1,[1],224.84700668371545,-205.24972327873917,17.336371680292004,-0.015411326330371249,occluder,24.13654221740053,17.319683621044145,20.0,1.158223
1269,3.45,true_threat,ADA,follower_1,127,vehicle.mercedes.coupe_2020,follower,-4,left,0,[0],247.03108523719106,-201.74690067369232,31.1114184508663,0.4398473434289905,ego,33.85624784714429,30.983332336896495,32.0,0.986178
1269,3.45,true_threat,ADA,follower_2,128,vehicle.tesla.model3,follower,-4,left,0,[0],212.3641529892372,-201.74960220785874,30.86133003803841,-0.04817900731355995,follower_1,29.922229769963195,30.812183483928575,32.0,0.912833
1269,3.45,true_threat,ADA,follower_3,129,vehicle.audi.a2,follower,-4,left,0,[0],170.58207671936574,-201.7500007800998,28.884288817993852,0.27423862406447236,follower_2,37.43431962018855,28.884583536259925,31.244948,0.859204
1269,3.45,true_threat,ADA,follower_4,130,vehicle.nissan.patrol_2021,follower,-4,left,0,[0],139.38914293873657,-201.75047959538068,30.15339643887221,0.6183998549149547,follower_3,26.620444992166853,29.910031262149783,32.0,1.061567
1270,3.5,true_threat,ADA,occluder,121,vehicle.carlamotors.firetruck,occluder,-5,centre,1,[1],256.53304559720493,-205.25533234926388,17.859273254090887,-0.0994112450725624,latent_vehicle,25.890882369213386,17.868825059194847,18.207641,1.115859
1270,3.5,true_threat,ADA,lead_left,123,vehicle.audi.a2,leader,-4,left,0,[0],387.27230558767553,-201.75057240489252,21.874387048378992,0.10662054911889024,,,21.89961324264394,24.473662,1.002791
1270,3.5,true_threat,ADA,lead_centre,124,vehicle.mercedes.coupe_2020,leader,-5,centre,1,[1],384.4710700170536,-205.2499870853433,19.40207403949505,0.3052524063787032,,,19.378751407436337,18.774793,0.885101
1270,3.5,true_threat,ADA,lead_right,125,vehicle.mercedes.coupe_2020,leader,-6,right,2,[2],393.02029946462943,-208.75083972270923,23.575911737609367,0.6644433571265986,,,23.560525497482026,24.908478,0.886773
1270,3.5,true_threat,ADA,rear_centre,126,vehicle.tesla.model3,follower,-5,centre,1,[1],225.71382802124143,-205.24971748798484,17.33578994078527,-0.011634790133665343,occluder,24.163061991248007,17.318924612234614,20.0,1.158223
1270,3.5,true_threat,ADA,follower_1,127,vehicle.mercedes.coupe_2020,follower,-4,left,0,[0],248.58732917325486,-201.74675124578815,31.132041071887986,0.41245917655844333,ego,33.78535362252349,31.00423379585884,32.0,0.986178
1270,3.5,true_threat,ADA,follower_2,128,vehicle.tesla.model3,follower,-4,left,0,[0],213.9071218524645,-201.74967093167731,30.858654055761363,-0.05351962905262376,follower_1,29.934223078566063,30.810750239895498,32.0,0.912833
1270,3.5,true_threat,ADA,follower_3,129,vehicle.audi.a2,follower,-4,left,0,[0],172.02662636242906,-201.7499962671592,28.896673234407782,0.24768832831172208,follower_2,37.53350177455589,28.89809415471415,31.244948,0.859204
1270,3.5,true_threat,ADA,follower_4,130,vehicle.nissan.patrol_2021,follower,-4,left,0,[0],140.89771845698058,-201.75045324062847,30.182859215434444,0.58925558245136,follower_3,26.557334644276633,29.937675114787773,32.0,1.061567
1271,3.55,true_threat,ADA,occluder,121,vehicle.carlamotors.firetruck,occluder,-5,centre,1,[1],257.4258984273568,-205.25531767811617,17.855025577283712,-0.08495354061985022,latent_vehicle,26.32126633324374,17.863933958337107,18.207641,1.115859
1271,3.55,true_threat,ADA,lead_left,123,vehicle.audi.a2,leader,-4,left,0,[0],388.36617772447215,-201.7505807106812,21.878405818127693,0.08037539897425187,,,21.904891836617235,24.473662,1.002791
1271,3.55,true_threat,ADA,lead_centre,124,vehicle.mercedes.coupe_2020,leader,-5,centre,1,[1],385.4415900790143,-205.24994591876634,19.4149429369726,0.25737795762135335,,,19.393803003904438,18.774793,0.885101
1271,3.55,true_threat,ADA,lead_right,125,vehicle.mercedes.coupe_2020,leader,-6,right,2,[2],394.2000480612727,-208.75081873256948,23.607640457787287,0.6345744078370721,,,23.593348952252136,24.908478,0.886773
1271,3.55,true_threat,ADA,rear_centre,126,vehicle.tesla.model3,follower,-5,centre,1,[1],226.58061884119104,-205.2497117076413,17.335387492096082,-0.008048973753896743,occluder,24.189307106908345,17.318362273343595,20.0,1.158223
1271,3.55,true_threat,ADA,follower_1,127,vehicle.mercedes.coupe_2020,follower,-4,left,0,[0],250.1445191802124,-201.74667778909074,31.15116458033617,0.3824765559912859,ego,33.71412445934422,31.023886392072136,32.0,0.986178
1271,3.55,true_threat,ADA,follower_2,128,vehicle.tesla.model3,follower,-4,left,0,[0],215.44996864018103,-201.7497244383508,30.855741558745795,-0.05824992647696804,follower_1,29.947498151402534,30.809009110895918,32.0,0.912833
1271,3.55,true_threat,ADA,follower_3,129,vehicle.audi.a2,follower,-4,left,0,[0],173.47178635701937,-201.74999154600306,28.90770152640742,0.220565840051624,follower_2,37.63192099471989,28.910293962386948,31.244948,0.859204
1271,3.55,true_threat,ADA,follower_4,130,vehicle.nissan.patrol_2021,follower,-4,left,0,[0],142.4076672661603,-201.75042641739128,30.21065306322547,0.5558770063707018,follower_3,26.49330876909595,29.963853332431643,32.0,1.061567
1272,3.6,true_threat,ADA,occluder,121,vehicle.carlamotors.firetruck,occluder,-5,centre,1,[1],258.31853763447424,-205.2553030798439,17.85149697085297,-0.07057213186431062,latent_vehicle,26.75479289970518,17.859755236827645,18.207641,1.115859
1272,3.6,true_threat,ADA,lead_left,123,vehicle.audi.a2,leader,-4,left,0,[0],389.4601109016269,-201.7506042544365,21.8811657381411,0.05519840454636451,,,21.908871054396766,24.473662,1.002791
1272,3.6,true_threat,ADA,lead_centre,124,vehicle.mercedes.coupe_2020,leader,-5,centre,1,[1],386.41259842219654,-205.24990458561697,19.425427649549302,0.20969425976581557,,,19.40649358653664,18.774793,0.885101
1272,3.6,true_threat,ADA,lead_right,125,vehicle.mercedes.coupe_2020,leader,-6,right,2,[2],395.3813225419389,-208.750812480679,23.637707883621378,0.6013485171241687,,,23.624695306480458,24.908478,0.886773
1272,3.6,true_threat,ADA,rear_centre,126,vehicle.tesla.model3,follower,-5,centre,1,[1],227.44740966634606,-205.2497211860859,17.335145261677013,-0.004844608392701512,occluder,24.21536911711059,17.317987662764487,20.0,1.158223
1272,3.6,true_threat,ADA,follower_1,127,vehicle.mercedes.coupe_2020,follower,-4,left,0,[0],251.7026247404874,-201.74668031401086,31.168687871049695,0.35047165147852044,ego,33.64271299233674,31.04216231896056,32.0,0.986178
1272,3.6,true_threat,ADA,follower_2,128,vehicle.tesla.model3,follower,-4,left,0,[0],216.99266284001584,-201.74977799707818,30.852628786949065,-0.06225542644305069,follower_1,29.961841370643562,30.806984402036377,32.0,0.912833
1272,3.6,true_threat,ADA,follower_3,129,vehicle.audi.a2,follower,-4,left,0,[0],174.91746515040762,-201.7499866478637,28.91734317580437,0.19283298800075058,follower_2,37.729607787846106,28.921155329400207,31.244948,0.859204
1272,3.6,true_threat,ADA,follower_4,130,vehicle.nissan.patrol_2021,follower,-4,left,0,[0],143.91898936627575,-201.7503991256691,30.236596784693493,0.5188744773473554,follower_3,26.42851995450653,29.98837786552933,32.0,1.061567
1273,3.65,true_threat,ADA,occluder,121,vehicle.carlamotors.firetruck,occluder,-5,centre,1,[1],259.21105478169704,-205.25531904079114,17.84868171189997,-0.056305181259699626,latent_vehicle,27.191523244295894,17.856285177039574,18.207641,1.115859
1273,3.65,true_threat,ADA,lead_left,123,vehicle.audi.a2,leader,-4,left,0,[0],390.5542882193923,-201.75062771490556,21.882712583250928,0.030936907131975208,,,21.911603799174316,24.473662,1.002791
1273,3.65,true_threat,ADA,lead_centre,124,vehicle.mercedes.coupe_2020,leader,-5,centre,1,[1],387.38409504660035,-205.24986308589516,19.433556787147673,0.1625827600934833,,,19.41683275779788,18.774793,0.885101
1273,3.65,true_threat,ADA,lead_right,125,vehicle.mercedes.coupe_2020,leader,-6,right,2,[2],396.56406186106443,-208.75079047028305,23.665969054488595,0.5652234158696974,,,23.65439896125109,24.908478,0.886773
1273,3.65,true_threat,ADA,rear_centre,126,vehicle.tesla.model3,follower,-5,centre,1,[1],228.31420048629568,-205.24971540574236,17.335053710153147,-0.0018310304608885192,occluder,24.241217499073002,17.31778214938791,20.0,1.158223
1273,3.65,true_threat,ADA,follower_1,127,vehicle.mercedes.coupe_2020,follower,-4,left,0,[0],253.26152377336362,-201.7467283446153,31.184517465196166,0.3165970323023939,ego,33.57133287056244,31.058953320983903,32.0,0.986178
1273,3.65,true_threat,ADA,follower_2,128,vehicle.tesla.model3,follower,-4,left,0,[0],218.53520445717425,-201.74984686664763,30.849342442662273,-0.06572687766858523,follower_1,29.97725273108375,30.804707929519065,32.0,0.912833
1273,3.65,true_threat,ADA,follower_3,129,vehicle.audi.a2,follower,-4,left,0,[0],176.36357118986476,-201.74998160397342,28.925586739064684,0.16487126529794396,follower_2,37.82662319429265,28.93064878128039,31.244948,0.859204
1273,3.65,true_threat,ADA,follower_4,130,vehicle.nissan.patrol_2021,follower,-4,left,0,[0],145.43153216944518,-201.7503714175158,30.260520626323636,0.4784768763789081,follower_3,26.362876647779327,30.01108406790311,32.0,1.061567
1274,3.7,true_threat,ADA,occluder,121,vehicle.carlamotors.firetruck,occluder,-5,centre,1,[1],260.1034193306273,-205.25530453621587,17.846577892437985,-0.04207639039041561,latent_vehicle,27.63142701080662,17.853518172481472,18.207641,1.115859
1274,3.7,true_threat,ADA,lead_left,123,vehicle.audi.a2,leader,-4,left,0,[0],391.6484044967997,-201.75063593740802,21.883111204480873,0.007972429691357759,,,21.91313540895379,24.473662,1.002791
1274,3.7,true_threat,ADA,lead_centre,124,vehicle.mercedes.coupe_2020,leader,-5,centre,1,[1],388.3559578819204,-205.249821461244,19.439379939933108,0.11646306326282835,,,19.424848890184713,18.774793,0.885101
1274,3.7,true_threat,ADA,lead_right,125,vehicle.mercedes.coupe_2020,leader,-6,right,2,[2],397.7481439587548,-208.75078326060103,23.69230571498643,0.5267332078965438,,,23.682316946116632,24.908478,0.886773
1274,3.7,true_threat,ADA,rear_centre,126,vehicle.tesla.model3,follower,-5,centre,1,[1],229.1809913062453,-205.24970962539882,17.33509567426221,0.0008392821777803654,occluder,24.26694382634617,17.31773673840447,20.0,1.158223
1274,3.7,true_threat,ADA,follower_1,127,vehicle.mercedes.coupe_2020,follower,-4,left,0,[0],254.8211857768809,-201.7468676676793,31.198588493286085,0.2814249423276482,ego,33.49995354521265,31.074173076245387,32.0,0.986178
1274,3.7,true_threat,ADA,follower_2,128,vehicle.tesla.model3,follower,-4,left,0,[0],220.07759348124554,-201.7499005294828,30.84591685597117,-0.06851172934827669,follower_1,29.99361014680155,30.80220234837235,32.0,0.912833
1274,3.7,true_threat,ADA,follower_3,129,vehicle.audi.a2,follower,-4,left,0,[0],177.81004344023808,-201.74997643515383,28.932437937719513,0.13702397319536685,follower_2,37.92305877199394,28.93876353310054,31.244948,0.859204
1274,3.7,true_threat,ADA,follower_4,130,vehicle.nissan.patrol_2021,follower,-4,left,0,[0],146.94520412293951,-201.75034332416374,30.282281537397054,0.435218259794789,follower_3,26.296439884067052,30.031822516690273,32.0,1.061567
1275,3.75,true_threat,ADA,occluder,121,vehicle.carlamotors.firetruck,occluder,-5,centre,1,[1],260.99569232682853,-205.25529006287294,17.845172163194263,-0.02811458480792074,latent_vehicle,28.074687476473244,17.85145237820041,18.207641,1.115859
1275,3.75,true_threat,ADA,lead_left,123,vehicle.audi.a2,leader,-4,left,0,[0],392.7425207794124,-201.75065941869863,21.882430266517552,-0.01361875413443054,,,21.913530103522923,24.473662,1.002791
1275,3.75,true_threat,ADA,lead_centre,124,vehicle.mercedes.coupe_2020,leader,-5,centre,1,[1],389.3280038591362,-205.2498865856454,19.442963865947902,0.07167852762546245,,,19.430591006616865,18.774793,0.885101
1275,3.75,true_threat,ADA,lead_right,125,vehicle.mercedes.coupe_2020,leader,-6,right,2,[2],398.93350779465175,-208.75077561366635,23.71660723736184,0.48603044548130026,,,23.708332682007722,24.908478,0.886773
1275,3.75,true_threat,ADA,rear_centre,126,vehicle.tesla.model3,follower,-5,centre,1,[1],230.0477821261949,-205.24970384505528,17.3352539864854,0.0031662444167277746,occluder,24.29251755532684,17.317834671582663,20.0,1.158223
1275,3.75,true_threat,ADA,follower_1,127,vehicle.mercedes.coupe_2020,follower,-4,left,0,[0],256.3814886599123,-201.74703728969337,31.21084180620586,0.2450698278235692,ego,33.428819151692736,31.087769246176105,32.0,0.986178
1275,3.75,true_threat,ADA,follower_2,128,vehicle.tesla.model3,follower,-4,left,0,[0],221.6197688874878,-201.74996952398158,30.842386360279015,-0.07060991187301983,follower_1,30.010883126247542,30.799499044452222,32.0,0.912833
1275,3.75,true_threat,ADA,follower_3,129,vehicle.audi.a2,follower,-4,left,0,[0],179.2568208663749,-201.74997116222647,28.937912030551406,0.10948185674373422,follower_2,38.01897554569191,28.94550572284612,31.244948,0.859204
1275,3.75,true_threat,ADA,follower_4,130,vehicle.nissan.patrol_2021,follower,-4,left,0,[0],148.45988315645337,-201.750314887256,30.301755540606887,0.38948009629734753,follower_3,26.22924018094605,30.05046911610886,32.0,1.061567
1276,3.8,true_threat,ADA,occluder,121,vehicle.carlamotors.firetruck,occluder,-5,centre,1,[1],261.88793480545337,-205.2552755999408,17.84444926538845,-0.014457954975861616,latent_vehicle,28.52121322911225,17.85007465575908,18.207641,1.115859
1276,3.8,true_threat,ADA,lead_left,123,vehicle.audi.a2,leader,-4,left,0,[0],393.8365760216671,-201.75066766202264,21.880742248664326,-0.033760351977348745,,,21.91285587308161,24.473662,1.002791
1276,3.8,true_threat,ADA,lead_centre,124,vehicle.mercedes.coupe_2020,leader,-5,centre,1,[1],390.3002329418101,-205.24995164758215,19.4443810381484,0.028343448589973945,,,19.434125021664276,18.774793,0.885101
1276,3.8,true_threat,ADA,lead_right,125,vehicle.mercedes.coupe_2020,leader,-6,right,2,[2],400.12003129324455,-208.75075231233393,23.738782068198706,0.443496615060116,,,23.732337127987197,24.908478,0.886773
1276,3.8,true_threat,ADA,rear_centre,126,vehicle.tesla.model3,follower,-5,centre,1,[1],230.91460346372088,-205.24969805430095,17.335519110263554,0.0053024755936666584,occluder,24.317999731578446,17.31805930322426,20.0,1.158223
1276,3.8,true_threat,ADA,follower_1,127,vehicle.mercedes.coupe_2020,follower,-4,left,0,[0],257.94234088534495,-201.7472830182543,31.221233516004887,0.20783697225486478,ego,33.358021190677874,31.09970847755263,32.0,0.986178
1276,3.8,true_threat,ADA,follower_2,128,vehicle.tesla.model3,follower,-4,left,0,[0],223.16176118306655,-201.75002332215686,30.838785286579338,-0.07202147379025754,follower_1,30.02901060303671,30.796629540238037,32.0,0.912833
1276,3.8,true_threat,ADA,follower_3,129,vehicle.audi.a2,follower,-4,left,0,[0],180.70381191554617,-201.74996581642367,28.94202999893309,0.08235936777788055,follower_2,38.11437352579733,28.950890824410205,31.244948,0.859204
1276,3.8,true_threat,ADA,follower_4,130,vehicle.nissan.patrol_2021,follower,-4,left,0,[0],149.97547771725772,-201.7502861380249,30.31885489816717,0.34198717681491597,follower_3,26.161338573569004,30.066918701304242,32.0,1.061567
1277,3.85,true_threat,ADA,occluder,121,vehicle.carlamotors.firetruck,occluder,-5,centre,1,[1],262.780116254131,-205.2552764166184,17.844397754968927,-0.001030206355002673,latent_vehicle,28.97091291379934,17.849369979352527,18.207641,1.115859
1277,3.85,true_threat,ADA,lead_left,123,vehicle.audi.a2,leader,-4,left,0,[0],394.93050919882177,-201.75069120577794,21.878127259669892,-0.052299774938009934,,,21.91118448020604,24.473662,1.002791
1277,3.85,true_threat,ADA,lead_centre,124,vehicle.mercedes.coupe_2020,leader,-5,centre,1,[1],391.2724620192787,-205.25000145073074,19.443728731596387,-0.01304612881094702,,,19.435522450228525,18.774793,0.885101
1277,3.85,true_threat,ADA,lead_right,125,vehicle.mercedes.coupe_2020,leader,-6,right,2,[2],401.307531359486,-208.7507439366448,23.758769171603827,0.39974206681312846,,,23.75424008237372,24.908478,0.886773
1277,3.85,true_threat,ADA,rear_centre,126,vehicle.tesla.model3,follower,-5,centre,1,[1],231.78139428887587,-205.24970753274556,17.33587197274648,0.007057249634513103,occluder,24.343420872677356,17.31840117409133,20.0,1.158223
1277,3.85,true_threat,ADA,follower_1,127,vehicle.mercedes.coupe_2020,follower,-4,left,0,[0],259.5036813919992,-201.7475285802428,31.229742623313008,0.1701841791631919,ego,33.28759013289594,31.1099727069766,32.0,0.986178
1277,3.85,true_threat,ADA,follower_2,128,vehicle.tesla.model3,follower,-4,left,0,[0],224.70360089076354,-201.75007717238603,30.835147967332187,-0.07274638532445088,follower_1,30.0478705328906,30.79362569374106,32.0,0.912833
1277,3.85,true_threat,ADA,follower_3,129,vehicle.audi.a2,follower,-4,left,0,[0],182.15098607017552,-201.74996040815617,28.944833803994367,0.056076101376025735,follower_2,38.20937477220482,28.954939934571815,31.244948,0.859204
1277,3.85,true_threat,ADA,follower_4,130,vehicle.nissan.patrol_2021,follower,-4,left,0,[0],151.49186573504713,-201.75025711811364,30.33349759425182,0.2928539409954607,follower_3,26.092735061935933,30.081098053184785,32.0,1.061567
1278,3.9,true_threat,ADA,occluder,121,vehicle.carlamotors.firetruck,occluder,-5,centre,1,[1],263.6722977028085,-205.25527723329597,17.845002372346077,0.012092350447611611,latent_vehicle,29.423847701027327,17.849327083697663,18.207641,1.115859
1278,3.9,true_threat,ADA,lead_left,123,vehicle.audi.a2,leader,-4,left,0,[0],396.02425927051837,-201.7507148119979,21.87466922294292,-0.06916072978735929,,,21.908595238161556,24.473662,1.002791
1278,3.9,true_threat,ADA,lead_centre,124,vehicle.mercedes.coupe_2020,leader,-5,centre,1,[1],392.2445690316472,-205.25006655431056,19.44110612802468,-0.05245207118698999,,,19.434879231960362,18.774793,0.885101
1278,3.9,true_threat,ADA,lead_right,125,vehicle.mercedes.coupe_2020,leader,-6,right,2,[2],402.4960079829652,-208.75071996902264,23.776515141284573,0.35491939265628486,,,23.773981478424744,24.908478,0.886773
1278,3.9,true_threat,ADA,rear_centre,126,vehicle.tesla.model3,follower,-5,centre,1,[1],232.6481851088255,-205.24970175240202,17.336297312973187,0.008506804496299305,occluder,24.368811496199918,17.318841709745755,20.0,1.158223
1278,3.9,true_threat,ADA,follower_1,127,vehicle.mercedes.coupe_2020,follower,-4,left,0,[0],261.0653881460073,-201.74788082881918,31.236363392579488,0.13241677067788996,ego,33.217831091645735,31.118570595637834,32.0,0.986178
1278,3.9,true_threat,ADA,follower_2,128,vehicle.tesla.model3,follower,-4,left,0,[0],226.24522698063151,-201.7501463542788,30.83149729158869,-0.07301351446668108,follower_1,30.06737133184781,30.79052026956112,32.0,0.912833
1278,3.9,true_threat,ADA,follower_3,129,vehicle.audi.a2,follower,-4,left,0,[0],183.59825177753393,-201.74995496865637,28.946361593226356,0.03055578483073956,follower_2,38.30404032527247,28.957694747676143,31.244948,0.859204
1278,3.9,true_threat,ADA,follower_4,130,vehicle.nissan.patrol_2021,follower,-4,left,0,[0],153.0088641043635,-201.75022788998677,30.345630223210527,0.24265259271482534,follower_3,26.023521198775875,30.0929430687761,32.0,1.061567
1279,3.95,true_threat,ADA,occluder,121,vehicle.carlamotors.firetruck,occluder,-5,centre,1,[1],264.5645706990098,-205.25526275995304,17.84624785983587,0.024909753138394202,latent_vehicle,29.87992623066657,17.849930934005943,18.207641,1.115859
1279,3.95,true_threat,ADA,lead_left,123,vehicle.audi.a2,leader,-4,left,0,[0],397.11788726670414,-201.7507232010728,21.870452061036584,-0.08434323333093227,,,21.905171234784135,24.473662,1.002791
1279,3.95,true_threat,ADA,lead_centre,124,vehicle.mercedes.coupe_2020,leader,-5,centre,1,[1],393.21655396850497,-205.25011644074536,19.436629575099413,-0.08953105931690647,,,19.432293158674195,18.774793,0.885101
1279,3.95,true_threat,ADA,lead_right,125,vehicle.mercedes.coupe_2020,leader,-6,right,2,[2],403.6852170334821,-208.75071101032995,23.791987552270907,0.3094482191232462,,,23.791508771339572,24.908478,0.886773
1279,3.95,true_threat,ADA,rear_centre,126,vehicle.tesla.model3,follower,-5,centre,1,[1],233.5149759287751,-205.24969597205848,17.33678369011965,0.009727542784888066,occluder,24.39420212492788,17.319365922086003,20.0,1.158223
1279,3.95,true_threat,ADA,follower_1,127,vehicle.mercedes.coupe_2020,follower,-4,left,0,[0],262.6273695529972,-201.74821772491038,31.24109580986764,0.09464918848045784,ego,33.14892706307218,31.12552030641712,32.0,0.986178
1279,3.95,true_threat,ADA,follower_2,128,vehicle.tesla.model3,follower,-4,left,0,[0],227.786669959836,-201.75020033984808,30.827875220554624,-0.07244141829418471,follower_1,30.087451995987998,30.787335701098062,32.0,0.912833
1279,3.95,true_threat,ADA,follower_3,129,vehicle.audi.a2,follower,-4,left,0,[0],185.0456090376214,-201.74994949792423,28.946674401261056,0.006256160891389156,follower_2,38.39840070778202,28.95919305659889,31.244948,0.859204
1279,3.95,true_threat,ADA,follower_4,130,vehicle.nissan.patrol_2021,follower,-4,left,0,[0],154.52641179005423,-201.75019847446595,30.355218452781784,0.1917646000625373,follower_3,25.953788536817882,30.10241499619628,32.0,1.061567
1280,4.0,true_threat,ADA,occluder,121,vehicle.carlamotors.firetruck,occluder,-5,centre,1,[1],265.45693524794,-205.2552482553778,17.848117051317566,0.037383833227139535,latent_vehicle,30.338965522188303,17.851166492422927,18.207641,1.115859
1280,4.0,true_threat,ADA,lead_left,123,vehicle.audi.a2,leader,-4,left,0,[0],398.21127112748457,-201.75074693222209,21.865576864354022,-0.09750392913500713,,,21.900995555556683,24.473662,1.002791
1280,4.0,true_threat,ADA,lead_centre,124,vehicle.mercedes.coupe_2020,leader,-5,centre,1,[1],394.1881726996519,-205.25018171089766,19.430421143737952,-0.12416862749902015,,,19.427878925578682,18.774793,0.885101
1280,4.0,true_threat,ADA,lead_right,125,vehicle.mercedes.coupe_2020,leader,-6,right,2,[2],404.8752195409842,-208.75070178095706,23.805171144887197,0.26367185179555025,,,23.8067901217677,24.908478,0.886773
1280,4.0,true_threat,ADA,rear_centre,126,vehicle.tesla.model3,follower,-5,centre,1,[1],234.38176674872471,-205.24969019171493,17.337312028745057,0.0105667725525099,occluder,24.419684301179487,17.31996274227095,20.0,1.158223
1280,4.0,true_threat,ADA,follower_1,127,vehicle.mercedes.coupe_2020,follower,-4,left,0,[0],264.1894425179215,-201.7485698485574,31.24396275711936,0.05733937986378901,ego,33.0810916389774,31.130844857739362,32.0,0.986178
1280,4.0,true_threat,ADA,follower_2,128,vehicle.tesla.model3,follower,-4,left,0,[0],229.3279603563641,-201.75026963625942,30.824298920805784,-0.07152598958442027,follower_1,30.10799042377341,30.784112542483605,32.0,0.912833
1280,4.0,true_threat,ADA,follower_3,129,vehicle.audi.a2,follower,-4,left,0,[0],186.49290526255615,-201.74994404801365,28.945833263281028,-0.016822759395006583,follower_2,38.492486426899035,28.95949530444555,31.244948,0.859204
1280,4.0,true_threat,ADA,follower_4,130,vehicle.nissan.patrol_2021,follower,-4,left,0,[0],156.04435620423743,-201.750168923605,30.36225083914293,0.1406477318215775,follower_3,25.883598111214646,30.109493697224682,32.0,1.061567
1281,4.05,true_threat,ADA,occluder,121,vehicle.carlamotors.firetruck,occluder,-5,centre,1,[1],266.34939134959933,-205.2552337195702,17.85056417045574,0.04894238642362665,latent_vehicle,30.800874142587418,17.853016837410888,18.207641,1.115859
1281,4.05,true_threat,ADA,lead_left,123,vehicle.audi.a2,leader,-4,left,0,[0],399.3043497812691,-201.7506792147501,21.86011801938128,-0.1091768951457843,,,21.896168284504277,24.473662,1.002791
1281,4.05,true_threat,ADA,lead_centre,124,vehicle.mercedes.coupe_2020,leader,-5,centre,1,[1],395.1594252094719,-205.25021658840294,19.42261053189389,-0.15621223473372564,,,19.42175685295703,18.774793,0.885101
1281,4.05,true_threat,ADA,lead_right,125,vehicle.mercedes.coupe_2020,leader,-6,right,2,[2],406.0657713596552,-208.750677105402,23.816065918375052,0.2178954691053772,,,23.81981062283702,24.908478,0.886773
1281,4.05,true_threat,ADA,rear_centre,126,vehicle.tesla.model3,follower,-5,centre,1,[1],235.24858808625066,-205.2496844009606,17.33787469844007,0.011253393891596623,occluder,24.445258030160133,17.320613328784425,20.0,1.158223
1281,4.05,true_threat,ADA,follower_1,127,vehicle.mercedes.coupe_2020,follower,-4,left,0,[0],265.75175961304586,-201.74889137134187,31.24500047023921,0.020754424138452063,ego,33.014690920964426,31.134581876503066,32.0,0.986178
1281,4.05,true_threat,ADA,follower_2,128,vehicle.tesla.model3,follower,-4,left,0,[0],230.8690676422287,-201.75032373634724,30.820781744313013,-0.07034352071645669,follower_1,30.128772992169623,30.780868058258477,32.0,0.912833
1281,4.05,true_threat,ADA,follower_3,129,vehicle.audi.a2,follower,-4,left,0,[0],187.9401404523382,-201.7499386189246,28.943903029641493,-0.03860467254112065,follower_2,38.586480598492386,28.958661731065007,31.244948,0.859204
1281,4.05,true_threat,ADA,follower_4,130,vehicle.nissan.patrol_2021,follower,-4,left,0,[0],157.56260579418415,-201.75013926863627,30.36672356718592,0.08945456275410198,follower_3,25.812949921966183,30.114178173457795,32.0,1.061567
1282,4.1,true_threat,ADA,occluder,121,vehicle.carlamotors.firetruck,occluder,-5,centre,1,[1],267.2419695267695,-205.25523440090768,17.85350720128468,0.058860620139107075,latent_vehicle,31.265652216793242,17.855436831671483,18.207641,1.115859
1282,4.1,true_threat,ADA,lead_left,123,vehicle.audi.a2,leader,-4,left,0,[0],400.3971842944428,-201.75061158056434,21.85418043406875,-0.11875170336573082,,,21.89076306468751,24.473662,1.002791
1282,4.1,true_threat,ADA,lead_centre,124,vehicle.mercedes.coupe_2020,leader,-5,centre,1,[1],396.1303114823487,-205.25017529689666,19.413335071927435,-0.185509193429405,,,19.4140547685257,18.774793,0.885101
1282,4.1,true_threat,ADA,lead_right,125,vehicle.mercedes.coupe_2020,leader,-6,right,2,[2],407.25681146475307,-208.75066752206268,23.82468522506833,0.172386133365114,,,23.830570414652048,24.908478,0.886773
1282,4.1,true_threat,ADA,rear_centre,126,vehicle.tesla.model3,follower,-5,centre,1,[1],236.11556201686378,-205.24969381694058,17.338454535962107,0.01159675034913781,occluder,24.47089279429349,17.321309140972268,20.0,1.158223
1282,4.1,true_threat,ADA,follower_1,127,vehicle.mercedes.coupe_2020,follower,-4,left,0,[0],267.31407671858096,-201.7492434117027,31.24424709786099,-0.015067426311346261,ego,32.94972515368654,31.136755154865973,32.0,0.986178
1282,4.1,true_threat,ADA,follower_2,128,vehicle.tesla.model3,follower,-4,left,0,[0],232.40999182263525,-201.75037789889973,30.81734467245075,-0.06874142389643038,follower_1,30.14998280142934,30.777617601218797,32.0,0.912833
1282,4.1,true_threat,ADA,follower_3,129,vehicle.audi.a2,follower,-4,left,0,[0],189.38722305423852,-201.74993324188947,28.94097143783483,-0.05863183588119183,follower_2,38.68035269457496,28.9567562138838,31.244948,0.859204
1282,4.1,true_threat,ADA,follower_4,130,vehicle.nissan.patrol_2021,follower,-4,left,0,[0],159.08097745443627,-201.75010957202443,30.368670968783142,0.038948032314928716,follower_3,25.741935521801516,30.116476447366537,32.0,1.061567
1283,4.15,true_threat,ADA,occluder,121,vehicle.carlamotors.firetruck,occluder,-5,centre,1,[1],268.1347613217686,-205.25521975058155,17.856894644570335,0.06774886939540094,latent_vehicle,31.733147271442576,17.85834559608933,18.207641,1.115859
1283,4.15,true_threat,ADA,lead_left,123,vehicle.audi.a2,leader,-4,left,0,[0],401.4896525967004,-201.75054407130793,21.847836587935845,-0.1268769212754053,,,21.884883761858653,24.473662,1.002791
1283,4.15,true_threat,ADA,lead_centre,124,vehicle.mercedes.coupe_2020,leader,-5,centre,1,[1],397.10058740890395,-205.25014947239413,19.40273400500621,-0.21202132963039164,,,19.404908019887582,18.774793,0.885101
1283,4.15,true_threat,ADA,lead_right,125,vehicle.mercedes.coupe_2020,leader,-6,right,2,[2],408.44821777556183,-208.75064255500584,23.831067211183885,0.1276397218149553,,,23.839082800420034,24.908478,0.886773
1283,4.15,true_threat,ADA,rear_centre,126,vehicle.tesla.model3,follower,-5,centre,1,[1],236.98256645984785,-205.24968796372158,17.33904200124614,0.011749305591785799,occluder,24.4964970408505,17.32203144147374,20.0,1.158223
1283,4.15,true_threat,ADA,follower_1,127,vehicle.mercedes.coupe_2020,follower,-4,left,0,[0],268.87611916592897,-201.7495955457605,31.241761770613397,-0.04970654668458307,ego,32.88646896409854,31.13740568030762,32.0,0.986178
1283,4.15,true_threat,ADA,follower_2,128,vehicle.tesla.model3,follower,-4,left,0,[0],233.9507939379418,-201.75044736188352,30.814004871924507,-0.06679599278046917,follower_1,30.17137572655792,30.77438226265107,32.0,0.912833
1283,4.15,true_threat,ADA,follower_3,129,vehicle.audi.a2,follower,-4,left,0,[0],190.83412255068075,-201.749927927319,28.93710333774642,-0.07736200151126177,follower_2,38.77419427308118,28.95386523416331,31.244948,0.859204
1283,4.15,true_threat,ADA,follower_4,130,vehicle.nissan.patrol_2021,follower,-4,left,0,[0],160.59937963226474,-201.75007986500182,30.368121654344456,-0.01098628900033154,follower_3,25.670646463449707,30.11643235025876,32.0,1.061567
1284,4.2,true_threat,ADA,occluder,121,vehicle.carlamotors.firetruck,occluder,-5,centre,1,[1],269.0277362222258,-205.25520503779072,17.860697891098734,0.07606493380991912,latent_vehicle,32.2031457667872,17.86169234445432,18.207641,1.115859
1284,4.2,true_threat,ADA,lead_left,123,vehicle.audi.a2,leader,-4,left,0,[0],402.58187675314184,-201.75046138654955,21.841191384318577,-0.13290407214887157,,,21.878602133538056,24.473662,1.002791
1284,4.2,true_threat,ADA,lead_centre,124,vehicle.mercedes.coupe_2020,leader,-5,centre,1,[1],398.0704360789796,-205.25009327606614,19.390952288424934,-0.2356343200625518,,,19.394453833385978,18.774793,0.885101
1284,4.2,true_threat,ADA,lead_right,125,vehicle.mercedes.coupe_2020,leader,-6,right,2,[2],409.6398682321867,-208.75063276345094,23.835259560436125,0.0838469846057912,,,23.845385544355533,24.908478,0.886773
1284,4.2,true_threat,ADA,rear_centre,126,vehicle.tesla.model3,follower,-5,centre,1,[1],237.84954038525555,-205.24968212091335,17.339625652020896,0.011673015365080029,occluder,24.522284392865608,17.3227706984056,20.0,1.158223
1284,4.2,true_threat,ADA,follower_1,127,vehicle.mercedes.coupe_2020,follower,-4,left,0,[0],270.43813109049523,-201.74993243144095,31.23761125277321,-0.08301028172301661,ego,32.82483059646118,31.134945481752354,32.0,0.986178
1284,4.2,true_threat,ADA,follower_2,128,vehicle.tesla.model3,follower,-4,left,0,[0],235.49141291655786,-201.7504253346029,30.810769972725762,-0.06469796190215937,follower_1,30.192616058599384,30.771179780849728,32.0,0.912833
1284,4.2,true_threat,ADA,follower_3,129,vehicle.audi.a2,follower,-4,left,0,[0],192.28080842408852,-201.74992268562394,28.932384560579308,-0.09437554304041687,follower_2,38.86809689194549,28.950052685070304,31.244948,0.859204
1284,4.2,true_threat,ADA,follower_4,130,vehicle.nissan.patrol_2021,follower,-4,left,0,[0],162.11769025736416,-201.75005018921152,30.365127122064976,-0.05989064548276318,follower_3,25.599143782063457,30.114081862647247,32.0,1.061567
1285,4.25,true_threat,ADA,occluder,121,vehicle.carlamotors.firetruck,occluder,-5,centre,1,[1],269.92092474571757,-205.25519025212446,17.864899774695054,0.084037674677674,latent_vehicle,32.67552572101337,17.86544886413964,18.207641,1.115859
1285,4.25,true_threat,ADA,lead_left,123,vehicle.audi.a2,leader,-4,left,0,[0],403.673734698667,-201.7503788267205,21.83431921087077,-0.13744346990463882,,,21.87202204522751,24.473662,1.002791
1285,4.25,true_threat,ADA,lead_centre,124,vehicle.mercedes.coupe_2020,leader,-5,centre,1,[1],399.0395523324282,-205.25005258838496,19.37813488462206,-0.2563480648318708,,,19.382835073196475,18.774793,0.885101
1285,4.25,true_threat,ADA,lead_right,125,vehicle.mercedes.coupe_2020,leader,-6,right,2,[2],410.831640759117,-208.75062293025294,23.837306141850885,0.04093162796554299,,,23.849525804481157,24.908478,0.886773
1285,4.25,true_threat,ADA,rear_centre,126,vehicle.tesla.model3,follower,-5,centre,1,[1],238.71654482823962,-205.24967626769435,17.340194045533128,0.01136787030890798,occluder,24.548285367915128,17.323515309382554,20.0,1.158223
1285,4.25,true_threat,ADA,follower_1,127,vehicle.mercedes.coupe_2020,follower,-4,left,0,[0],271.999837839298,-201.75026942122915,31.231877570002286,-0.1146734275392117,ego,32.7602933609832,31.125983591711858,32.0,0.986178
1285,4.25,true_threat,ADA,follower_2,128,vehicle.tesla.model3,follower,-4,left,0,[0],237.03184878971587,-201.75040336978697,30.807657143735934,-0.06225655523294576,follower_1,30.21400900454953,30.768021131588835,32.0,0.912833
1285,4.25,true_threat,ADA,follower_3,129,vehicle.audi.a2,follower,-4,left,0,[0],193.7272501568855,-201.74991752721513,28.926902843848957,-0.10963433430422317,follower_2,38.962029997153806,28.94540299854262,31.244948,0.859204
1285,4.25,true_threat,ADA,follower_4,130,vehicle.nissan.patrol_2021,follower,-4,left,0,[0],163.6357567418528,-201.75002059670746,30.35975985097168,-0.10734542067375173,follower_3,25.527519030371813,30.109483633745743,32.0,1.061567
1286,4.3,true_threat,ADA,occluder,121,vehicle.carlamotors.firetruck,occluder,-5,centre,1,[1],270.8143268922437,-205.2551753935828,17.86948503652341,0.09170523880032774,latent_vehicle,33.15007356834582,17.86959822495729,18.207641,1.115859
1286,4.3,true_threat,ADA,lead_left,123,vehicle.audi.a2,leader,-4,left,0,[0],404.7652264280706,-201.75028113303262,21.827305899203292,-0.14026623480037673,,,21.865217148643254,24.473662,1.002791
1286,4.3,true_threat,ADA,lead_centre,124,vehicle.mercedes.coupe_2020,leader,-5,centre,1,[1],400.00799719919706,-205.25001212974092,19.36442865869764,-0.27412450833201596,,,19.37019461365438,18.774793,0.885101
1286,4.3,true_threat,ADA,lead_right,125,vehicle.mercedes.coupe_2020,leader,-6,right,2,[2],412.02341328084196,-208.75059783826677,23.837288971433285,-0.0003434085255822736,,,23.851546947532714,24.908478,0.886773
1286,4.3,true_threat,ADA,rear_centre,126,vehicle.tesla.model3,follower,-5,centre,1,[1],239.58354927122366,-205.2496704144754,17.34073954907357,0.010910070802535624,occluder,24.574469448422775,17.324253674939154,20.0,1.158223
1286,4.3,true_threat,ADA,follower_1,127,vehicle.mercedes.coupe_2020,follower,-4,left,0,[0],273.56120889476085,-201.7506065255359,31.22463130431541,-0.14492488049872282,ego,32.687760822414276,31.110339258730846,32.0,0.986178
1286,4.3,true_threat,ADA,follower_2,128,vehicle.tesla.model3,follower,-4,left,0,[0],238.5721015522104,-201.7503662086475,30.804679737275393,-0.05954810335996962,follower_1,30.23527988019429,30.764924802142303,32.0,0.912833
1286,4.3,true_threat,ADA,follower_3,129,vehicle.audi.a2,follower,-4,left,0,[0],195.17338671391897,-201.7499124729141,28.92075355497651,-0.12298577714653654,follower_2,39.05602413751483,28.94000257189528,31.244948,0.859204
1286,4.3,true_threat,ADA,follower_4,130,vehicle.nissan.patrol_2021,follower,-4,left,0,[0],165.15351805057793,-201.74999110831118,30.352103764166426,-0.15312173326332143,follower_3,25.455894278680162,30.102715461192524,32.0,1.061567
1287,4.35,true_threat,ADA,occluder,121,vehicle.carlamotors.firetruck,occluder,-5,centre,1,[1],271.7079731845861,-205.25517571054303,17.8744307883772,0.09891503876997225,latent_vehicle,33.62666730094392,17.87412537790655,18.207641,1.115859
1287,4.35,true_threat,ADA,lead_left,123,vehicle.audi.a2,leader,-4,left,0,[0],405.85641300253235,-201.7502445786052,21.82022965073422,-0.14152496997426597,,,21.858272430083588,24.473662,1.002791
1287,4.35,true_threat,ADA,lead_centre,124,vehicle.mercedes.coupe_2020,leader,-5,centre,1,[1],400.975831714439,-205.24997187931243,19.349982385839017,-0.28892544990935515,,,19.356677214099165,18.774793,0.885101
1287,4.35,true_threat,ADA,lead_right,125,vehicle.mercedes.coupe_2020,leader,-6,right,2,[2],413.21524684292496,-208.75058798424723,23.83529197267672,-0.03993997510967232,,,23.85152999056526,24.908478,0.886773
1287,4.35,true_threat,ADA,rear_centre,126,vehicle.tesla.model3,follower,-5,centre,1,[1],240.45052320183677,-205.24967983045534,17.341252629312393,0.010261604693301072,occluder,24.600867151964863,17.324978145871487,20.0,1.158223
1287,4.35,true_threat,ADA,follower_1,127,vehicle.mercedes.coupe_2020,follower,-4,left,0,[0],275.1221832269366,-201.75095902397092,31.21596783509908,-0.17326871820936063,ego,32.60427274461627,31.090818172953107,32.0,0.986178
1287,4.35,true_threat,ADA,follower_2,128,vehicle.tesla.model3,follower,-4,left,0,[0],240.11226276197587,-201.7503290787404,30.801841568666614,-0.05676334639715742,follower_1,30.25639817316266,30.761905976608862,32.0,0.912833
1287,4.35,true_threat,ADA,follower_3,129,vehicle.audi.a2,follower,-4,left,0,[0],196.61921809518898,-201.74990752272086,28.91401680261402,-0.13473504694924363,follower_2,39.15014034297586,28.933945294812315,31.244948,0.859204
1287,4.35,true_threat,ADA,follower_4,130,vehicle.nissan.patrol_2021,follower,-4,left,0,[0],166.67076056050513,-201.7499617968981,30.3422427847488,-0.19721958348041468,follower_3,25.384269526988522,30.093863129149216,32.0,1.061567
1288,4.4,true_threat,ADA,occluder,121,vehicle.carlamotors.firetruck,occluder,-5,centre,1,[1],272.60183309475747,-205.25516069583966,17.879725585295965,0.10589593993271586,latent_vehicle,34.10503231267438,17.879007748192198,18.207641,1.115859
1288,4.4,true_threat,ADA,lead_left,123,vehicle.audi.a2,leader,-4,left,0,[0],406.94717235174664,-201.75026920508137,21.813168663862132,-0.14121973565782345,,,21.85126532329142,24.473662,1.002791
1288,4.4,true_threat,ADA,lead_centre,124,vehicle.mercedes.coupe_2020,leader,-5,centre,1,[1],401.94287277269586,-205.24993189956416,19.334939116954022,-0.30086537324573126,,,19.342429529461082,18.774793,0.885101
1288,4.4,true_threat,ADA,lead_right,125,vehicle.mercedes.coupe_2020,leader,-6,right,2,[2],414.4068362591918,-208.75056295472572,23.83140669835729,-0.07770548615463387,,,23.849557813898862,24.908478,0.886773
1288,4.4,true_threat,ADA,rear_centre,126,vehicle.tesla.model3,follower,-5,centre,1,[1],241.31752764482084,-205.24967397723634,17.341727560955356,0.00949863277811782,occluder,24.627539513694103,17.325679192608924,20.0,1.158223
1288,4.4,true_threat,ADA,follower_1,127,vehicle.mercedes.coupe_2020,follower,-4,left,0,[0],276.68269975902945,-201.7512048670504,31.205973003934897,-0.19989571501319414,ego,32.508913558655465,31.068482502641096,32.0,0.986178
1288,4.4,true_threat,ADA,follower_2,128,vehicle.tesla.model3,follower,-4,left,0,[0],241.65230190143592,-201.7502919904764,30.799154082767025,-0.05374969383023602,follower_1,30.277211295572947,30.75897104760692,32.0,0.912833
1288,4.4,true_threat,ADA,follower_3,129,vehicle.audi.a2,follower,-4,left,0,[0],198.06471378311912,-201.74990268704613,28.90678795474061,-0.14457695712471086,follower_2,39.244470171471335,28.927309967217553,31.244948,0.859204
1288,4.4,true_threat,ADA,follower_4,130,vehicle.nissan.patrol_2021,follower,-4,left,0,[0],168.1874842716344,-201.74993266246827,30.33028372399078,-0.23918120805024934,follower_3,25.31285839833132,30.083015335227252,32.0,1.061567
1289,4.45,true_threat,ADA,occluder,121,vehicle.carlamotors.firetruck,occluder,-5,centre,1,[1],273.49596766311595,-205.2551455874393,17.88534654004159,0.11241909586890439,latent_vehicle,34.58513811198779,17.88423404757288,18.207641,1.115859
1289,4.45,true_threat,ADA,lead_left,123,vehicle.audi.a2,leader,-4,left,0,[0],408.03762651999216,-201.75027867687714,21.806199230567653,-0.13938866113978807,,,21.844273261958513,24.473662,1.002791
1289,4.45,true_threat,ADA,lead_centre,124,vehicle.mercedes.coupe_2020,leader,-5,centre,1,[1],402.9091814143257,-205.2499074284627,19.319445719147776,-0.30986795456526534,,,19.327592583309908,18.774793,0.885101
1289,4.45,true_threat,ADA,lead_right,125,vehicle.mercedes.coupe_2020,leader,-6,right,2,[2],415.59824257520586,-208.75055324645706,23.825732331208172,-0.11348734258670931,,,23.845720814489418,24.908478,0.886773
1289,4.45,true_threat,ADA,rear_centre,126,vehicle.tesla.model3,follower,-5,centre,1,[1],242.184715193263,-205.24966806155268,17.34215480908142,0.008544962401018872,occluder,24.654394980881428,17.32635061288146,20.0,1.158223
1289,4.45,true_threat,ADA,follower_1,127,vehicle.mercedes.coupe_2020,follower,-4,left,0,[0],278.2426669747479,-201.7514508975239,31.194749822074204,-0.22446250810260437,ego,32.40146967272979,31.043614268920873,32.0,0.986178
1289,4.45,true_threat,ADA,follower_2,128,vehicle.tesla.model3,follower,-4,left,0,[0],243.19215793543793,-201.75025496467705,30.7966249101647,-0.05058343120161529,follower_1,30.29768868820568,30.756133704608065,32.0,0.912833
1289,4.45,true_threat,ADA,follower_3,129,vehicle.audi.a2,follower,-4,left,0,[0],199.50981274255673,-201.74989798671155,28.899154748790647,-0.15266411866646096,follower_2,39.33901362300126,28.920190469578156,31.244948,0.859204
1289,4.45,true_threat,ADA,follower_4,130,vehicle.nissan.patrol_2021,follower,-4,left,0,[0],169.7035671136603,-201.74990374666476,30.316339115222526,-0.2788921659518072,follower_3,25.24163037513221,30.07027681255793,32.0,1.061567
1290,4.5,true_threat,ADA,occluder,121,vehicle.carlamotors.firetruck,occluder,-5,centre,1,[1],274.39040740723794,-205.25513037493118,17.891278393727127,0.11863707413527606,latent_vehicle,35.06658801724009,17.88978170033447,18.207641,1.115859
1290,4.5,true_threat,ADA,lead_left,123,vehicle.audi.a2,leader,-4,left,0,[0],409.1277144825268,-201.75030353239043,21.799378571385198,-0.13641317580156817,,,21.837371794900317,24.473662,1.002791
1290,4.5,true_threat,ADA,lead_centre,124,vehicle.mercedes.coupe_2020,leader,-5,centre,1,[1],403.87469659376507,-205.24986796925333,19.303645241894824,-0.31600954496516787,,,19.31231117906947,18.774793,0.885101
1290,4.5,true_threat,ADA,lead_right,125,vehicle.mercedes.coupe_2020,leader,-6,right,2,[2],416.78934371545654,-208.75054364229618,23.818373774574468,-0.1471711320642917,,,23.840116909491684,24.908478,0.886773
1290,4.5,true_threat,ADA,rear_centre,126,vehicle.tesla.model3,follower,-5,centre,1,[1],243.05190274170513,-205.24966214586902,17.342532467695438,0.007553172341224987,occluder,24.681342000797777,17.326982296321468,20.0,1.158223
1290,4.5,true_threat,ADA,follower_1,127,vehicle.mercedes.coupe_2020,follower,-4,left,0,[0],279.80199331615773,-201.75168188783553,31.182387944794325,-0.2472362232107144,ego,32.28236824441656,31.018106804870072,32.0,0.986178
1290,4.5,true_threat,ADA,follower_2,128,vehicle.tesla.model3,follower,-4,left,0,[0],244.73192241671083,-201.75021797011007,30.794248328951998,-0.047531609743249464,follower_1,30.317799869922197,30.753404501138515,32.0,0.912833
1290,4.5,true_threat,ADA,follower_3,129,vehicle.audi.a2,follower,-4,left,0,[0],200.9545149735018,-201.74989342171708,28.89121064491921,-0.15888207710012767,follower_2,39.433770697565635,28.91267315416542,31.244948,0.859204
1290,4.5,true_threat,ADA,follower_4,130,vehicle.nissan.patrol_2021,follower,-4,left,0,[0],171.2188870162775,-201.7498750911307,30.300532935564394,-0.3161235816841094,follower_3,25.1706464925439,30.05575825647136,32.0,1.061567
1291,4.55,true_threat,ADA,occluder,121,vehicle.carlamotors.firetruck,occluder,-5,centre,1,[1],275.28515232712346,-205.25511505831525,17.897498258101315,0.12439728743152349,latent_vehicle,35.54922946137111,17.895635655598532,18.207641,1.115859
1291,4.55,true_threat,ADA,lead_left,123,vehicle.audi.a2,leader,-4,left,0,[0],410.21749726929795,-201.75032849201148,21.792771534977877,-0.13214071813433506,,,21.830617588036255,24.473662,1.002791
1291,4.55,true_threat,ADA,lead_centre,124,vehicle.mercedes.coupe_2020,leader,-5,centre,1,[1],404.83935728106667,-205.2498288015457,19.28766738647362,-0.31955710937534176,,,19.29672637244226,18.774793,0.885101
1291,4.55,true_threat,ADA,lead_right,125,vehicle.mercedes.coupe_2020,leader,-6,right,2,[2],417.97995656928015,-208.75051894591954,23.80945691416985,-0.17833720736189623,,,23.83284965369431,24.908478,0.886773
1291,4.55,true_threat,ADA,rear_centre,126,vehicle.tesla.model3,follower,-5,centre,1,[1],243.91909029014732,-205.24965623018537,17.342852904036516,0.006408726814740886,occluder,24.708594196477648,17.327572809723538,20.0,1.158223
1291,4.55,true_threat,ADA,follower_1,127,vehicle.mercedes.coupe_2020,follower,-4,left,0,[0],281.36070928001357,-201.75183679242184,31.168982748659165,-0.26810244695452273,ego,32.15331826319668,30.991968236852088,32.0,0.986178
1291,4.55,true_threat,ADA,follower_2,128,vehicle.tesla.model3,follower,-4,left,0,[0],246.2715648276784,-201.75018101718618,30.79202052470336,-0.0445560721448238,follower_1,30.337361730059072,30.750780186199115,32.0,0.912833
1291,4.55,true_threat,ADA,follower_3,129,vehicle.audi.a2,follower,-4,left,0,[0],202.39878998440494,-201.74996529641433,28.883033844404565,-0.1635360099714977,follower_2,39.52883294789348,28.904849951490327,31.244948,0.859204
1291,4.55,true_threat,ADA,follower_4,130,vehicle.nissan.patrol_2021,follower,-4,left,0,[0],172.73338294433324,-201.7498467166876,30.28298916278649,-0.3508754419879461,follower_3,25.100028820871774,30.039582011485127,32.0,1.061567
1292,4.6,true_threat,ADA,occluder,121,vehicle.carlamotors.firetruck,occluder,-5,centre,1,[1],276.18017191040155,-205.2551149067905,17.903992781651173,0.12989047052637587,latent_vehicle,36.03281832979701,17.901773338536955,18.207641,1.115859
1292,4.6,true_threat,ADA,lead_left,123,vehicle.audi.a2,leader,-4,left,0,[0],411.3069138399476,-201.7503383177737,21.786431526493672,-0.12680015868718533,,,21.824074863215223,24.473662,1.002791
1292,4.6,true_threat,ADA,lead_centre,124,vehicle.mercedes.coupe_2020,leader,-5,centre,1,[1],405.8032855517413,-205.24980514248495,19.27164948071469,-0.320358116063901,,,19.280966070911287,18.774793,0.885101
1292,4.6,true_threat,ADA,lead_right,125,vehicle.mercedes.coupe_2020,leader,-6,right,2,[2],419.1701421822403,-208.75050965408198,23.799092376270515,-0.20729075716897555,,,23.82404331534317,24.908478,0.886773
1292,4.6,true_threat,ADA,rear_centre,126,vehicle.tesla.model3,follower,-5,centre,1,[1],244.78627784379486,-205.2496655732899,17.34311039804958,0.005149880225710977,occluder,24.736151567921,17.328114218821288,20.0,1.158223
1292,4.6,true_threat,ADA,follower_1,127,vehicle.mercedes.coupe_2020,follower,-4,left,0,[0],282.91875385718976,-201.7519919260453,31.15461435261806,-0.28736635093988705,ego,32.01319056312913,30.959602388354472,32.0,0.986178
1292,4.6,true_threat,ADA,follower_2,128,vehicle.tesla.model3,follower,-4,left,0,[0],247.8110851683405,-201.75014410590538,30.789935776576204,-0.04169495450819536,follower_1,30.356435282947388,30.74826032616982,32.0,0.912833
1292,4.6,true_threat,ADA,follower_3,129,vehicle.audi.a2,follower,-4,left,0,[0],203.84269878959725,-201.75005255482913,28.874719712635414,-0.1662826352529154,follower_2,39.624200347957895,28.89679777942422,31.244948,0.859204
1292,4.6,true_threat,ADA,follower_4,130,vehicle.nissan.patrol_2021,follower,-4,left,0,[0],174.2469328275222,-201.74981866497865,30.26384321840285,-0.3829188722627963,follower_3,25.029807903719135,30.021866633142142,32.0,1.061567
1293,4.65,true_threat,ADA,occluder,121,vehicle.carlamotors.firetruck,occluder,-5,centre,1,[1],277.0755882169667,-205.2550993611375,17.910744797346823,0.13504031343300935,latent_vehicle,36.517232557417785,17.908181579406964,18.207641,1.115859
1293,4.65,true_threat,ADA,lead_left,123,vehicle.audi.a2,leader,-4,left,0,[0],412.3960862751918,-201.7503634856103,21.780410045202657,-0.12042961424402508,,,21.81779651215002,24.473662,1.002791
1293,4.65,true_threat,ADA,lead_centre,124,vehicle.mercedes.coupe_2020,leader,-5,centre,1,[1],406.7663593302781,-205.24978177492594,19.25571168637092,-0.31875588703652785,,,19.26516572234324,18.774793,0.885101
1293,4.65,true_threat,ADA,lead_right,125,vehicle.mercedes.coupe_2020,leader,-6,right,2,[2],420.35977847362074,-208.75048529085026,23.787411768054987,-0.23361216345717165,,,23.81380708710786,24.908478,0.886773
1293,4.65,true_threat,ADA,rear_centre,126,vehicle.tesla.model3,follower,-5,centre,1,[1],245.653465392237,-205.24965965760623,17.343306856982338,0.003929178587003193,occluder,24.7639835975515,17.328600519711166,20.0,1.158223
1293,4.65,true_threat,ADA,follower_1,127,vehicle.mercedes.coupe_2020,follower,-4,left,0,[0],284.4760049565593,-201.75208629519622,31.139383852137804,-0.30460839699461734,ego,31.855912032001754,30.919014585834002,32.0,0.986178
1293,4.65,true_threat,ADA,follower_2,128,vehicle.tesla.model3,follower,-4,left,0,[0],249.35054447384994,-201.75010721544615,30.787988361841563,-0.038948289787418135,follower_1,30.37495951946144,30.745841688537364,32.0,0.912833
1293,4.65,true_threat,ADA,follower_3,129,vehicle.audi.a2,follower,-4,left,0,[0],205.28618033830992,-201.75010944141846,28.86634263524022,-0.16754154803217294,follower_2,39.71981188342768,28.88861046937364,31.244948,0.859204
1293,4.65,true_threat,ADA,follower_4,130,vehicle.nissan.patrol_2021,follower,-4,left,0,[0],175.75950614826797,-201.74979094641458,30.243232430983635,-0.41221573164479464,follower_3,24.960166825722524,30.00274548596925,32.0,1.061567
1294,4.7,true_threat,ADA,occluder,121,vehicle.carlamotors.firetruck,occluder,-5,centre,1,[1],277.9713707344481,-205.25508369055513,17.917739047301346,0.13988499824171405,latent_vehicle,37.002105969754965,17.91484344410007,18.207641,1.115859
1294,4.7,true_threat,ADA,lead_left,123,vehicle.audi.a2,leader,-4,left,0,[0],413.48489249431435,-201.7503735195881,21.77475667963105,-0.1130673015851682,,,21.811833540740665,24.473662,1.002791
1294,4.7,true_threat,ADA,lead_centre,124,vehicle.mercedes.coupe_2020,leader,-5,centre,1,[1],407.7286396466245,-205.24974341925898,19.23997988893712,-0.3146359477843615,,,19.249443859362028,18.774793,0.885101
1294,4.7,true_threat,ADA,lead_right,125,vehicle.mercedes.coupe_2020,leader,-6,right,2,[2],421.5487433835269,-208.7504764154438,23.774550511413647,-0.2572251319956928,,,23.802270880306573,24.908478,0.886773
1294,4.7,true_threat,ADA,rear_centre,126,vehicle.tesla.model3,follower,-5,centre,1,[1],246.52065294067916,-205.24965374192257,17.343444188043872,0.0027466211341736304,occluder,24.79221235567455,17.32903355897309,20.0,1.158223
1294,4.7,true_threat,ADA,follower_1,127,vehicle.mercedes.coupe_2020,follower,-4,left,0,[0],286.03249310090393,-201.7521351482521,31.123377083526353,-0.32013377384676434,ego,31.681909931499703,30.877529807287644,32.0,0.986178
1294,4.7,true_threat,ADA,follower_2,128,vehicle.tesla.model3,follower,-4,left,0,[0],250.88988170905398,-201.75007036663004,30.78618018858298,-0.03616346311493787,follower_1,30.39275131332154,30.743521301968986,32.0,0.912833
1294,4.7,true_threat,ADA,follower_3,129,vehicle.audi.a2,follower,-4,left,0,[0],206.72923462013213,-201.75010543860597,28.857984629095824,-0.1671601231142435,follower_2,39.815789640224466,28.880361252084835,31.244948,0.859204
1294,4.7,true_threat,ADA,follower_4,130,vehicle.nissan.patrol_2021,follower,-4,left,0,[0],177.27098083626515,-201.7497636026385,30.22129985182987,-0.438651565061456,follower_3,24.891075053689416,29.98234653005206,32.0,1.061567
1295,4.75,true_threat,ADA,occluder,121,vehicle.carlamotors.firetruck,occluder,-5,centre,1,[1],278.867458427693,-205.255067915865,17.92495645877723,0.144348228031752,latent_vehicle,37.48725545614501,17.92174388297082,18.207641,1.115859
1295,4.75,true_threat,ADA,lead_left,123,vehicle.audi.a2,leader,-4,left,0,[0],414.57351561318427,-201.7503988748187,21.769515299214515,-0.10482760035800574,,,21.806235063972007,24.473662,1.002791
1295,4.75,true_threat,ADA,lead_centre,124,vehicle.mercedes.coupe_2020,leader,-5,centre,1,[1],408.69018754113847,-205.2497053134507,19.224562806736532,-0.30834164190929436,,,19.233924677190547,18.774793,0.885101
1295,4.75,true_threat,ADA,lead_right,125,vehicle.mercedes.coupe_2020,leader,-6,right,2,[2],422.7370369067535,-208.75046776907448,23.760638306120093,-0.2782441051058421,,,23.789568374964322,24.908478,0.886773
1295,4.75,true_threat,ADA,rear_centre,126,vehicle.tesla.model3,follower,-5,centre,1,[1],247.38784048912132,-205.2496478262389,17.34351857803747,0.001487799633125993,occluder,24.820807324713783,17.32941465439039,20.0,1.158223
1295,4.75,true_threat,ADA,follower_1,127,vehicle.mercedes.coupe_2020,follower,-4,left,0,[0],287.58812675311077,-201.75218429280974,31.10667797443829,-0.3339806529232517,ego,31.492343903497286,30.834699894995513,32.0,0.986178
1295,4.75,true_threat,ADA,follower_2,128,vehicle.tesla.model3,follower,-4,left,0,[0],252.4291579091053,-201.75003353863548,30.784503626706158,-0.03353123687805001,follower_1,30.409902222462122,30.74130391775133,32.0,0.912833
1295,4.75,true_threat,ADA,follower_3,129,vehicle.audi.a2,follower,-4,left,0,[0],208.1718921734618,-201.7501015711336,28.84972008244902,-0.16529093303424175,follower_2,39.9120725936063,28.872130923896872,31.244948,0.859204
1295,4.75,true_threat,ADA,follower_4,130,vehicle.nissan.patrol_2021,follower,-4,left,0,[0],178.78135688630837,-201.74972137486225,30.198186624544885,-0.46226452673730606,follower_3,24.822654647514444,29.960806617985824,32.0,1.061567
1296,4.8,true_threat,ADA,occluder,121,vehicle.carlamotors.firetruck,occluder,-5,centre,1,[1],279.7639428494304,-205.25505200583476,17.93238177191699,0.1485062611092191,latent_vehicle,37.972528449527815,17.928864085518445,18.207641,1.115859
1296,4.8,true_threat,ADA,lead_left,123,vehicle.audi.a2,leader,-4,left,0,[0],415.66183355629073,-201.7504243341571,21.76471069893315,-0.09609199994765649,,,21.80104453419634,24.473662,1.002791
1296,4.8,true_threat,ADA,lead_centre,124,vehicle.mercedes.coupe_2020,leader,-5,centre,1,[1],409.65094197866733,-205.24966747832264,19.209565344398698,-0.29994924325666883,,,19.218715451493797,18.774793,0.885101
1296,4.8,true_threat,ADA,lead_right,125,vehicle.mercedes.coupe_2020,leader,-6,right,2,[2],423.92459800294216,-208.75044411377561,23.745810573560618,-0.29655465043482016,,,23.775827603388766,24.908478,0.886773
1296,4.8,true_threat,ADA,rear_centre,126,vehicle.tesla.model3,follower,-5,centre,1,[1],248.25502803756348,-205.24964191055525,17.343531932635546,0.0002670919974322101,occluder,24.849707469516503,17.32973941810479,20.0,1.158223
1296,4.8,true_threat,ADA,follower_1,127,vehicle.mercedes.coupe_2020,follower,-4,left,0,[0],289.14296691189486,-201.75212689653037,31.08936091281735,-0.34633981312533285,ego,31.287946369826827,30.80667797443829,32.0,0.986178
1296,4.8,true_threat,ADA,follower_2,128,vehicle.tesla.model3,follower,-4,left,0,[0],253.96837307400398,-201.7499967314625,30.782952954963662,-0.031013435082618116,follower_1,30.426259674617654,30.739184243579256,32.0,0.912833
1296,4.8,true_threat,ADA,follower_3,129,vehicle.audi.a2,follower,-4,left,0,[0],209.61409196314625,-201.75009785982286,28.841617659424486,-0.16204846034698886,follower_2,40.00869124032796,28.863992741697555,31.244948,0.859204
1296,4.8,true_threat,ADA,follower_4,130,vehicle.nissan.patrol_2021,follower,-4,left,0,[0],180.29051223850303,-201.74969482230526,30.174049151565377,-0.48274943996010333,follower_3,24.754936150800884,29.93825790525455,32.0,1.061567
1297,4.8500000000000005,true_threat,ADA,occluder,121,vehicle.carlamotors.firetruck,occluder,-5,centre,1,[1],280.66076296971306,-205.25505124007412,17.939994005869824,0.15224467719795962,latent_vehicle,38.457619774139815,17.93618900002072,18.207641,1.115859
1297,4.8500000000000005,true_threat,ADA,lead_left,123,vehicle.audi.a2,leader,-4,left,0,[0],416.7499683887336,-201.75043459717196,21.760379117314617,-0.08663162923688898,,,21.796286514763022,24.473662,1.002791
1297,4.8500000000000005,true_threat,ADA,lead_centre,124,vehicle.mercedes.coupe_2020,leader,-5,centre,1,[1],410.61102502951655,-205.24962987223168,19.19508477539153,-0.28961137538020904,,,19.203919708983275,18.774793,0.885101
1297,4.8500000000000005,true_threat,ADA,lead_right,125,vehicle.mercedes.coupe_2020,leader,-6,right,2,[2],425.11142668250386,-208.75043596712362,23.730204643936037,-0.31211859198876185,,,23.761182254960932,24.908478,0.886773
1297,4.8500000000000005,true_threat,ADA,rear_centre,126,vehicle.tesla.model3,follower,-5,centre,1,[1],249.12221559121102,-205.24965125365978,17.34348425040333,-0.0009536446544770661,occluder,24.87900434281177,17.33000962318764,20.0,1.158223
1297,4.8500000000000005,true_threat,ADA,follower_1,127,vehicle.mercedes.coupe_2020,follower,-4,left,0,[0],290.69689154859384,-201.75208507136253,31.07150219470047,-0.35717309575428247,ego,31.068869907959353,30.78936091281735,32.0,0.986178
1297,4.8500000000000005,true_threat,ADA,follower_2,128,vehicle.tesla.model3,follower,-4,left,0,[0],255.50743565102087,-201.74995997634338,30.781512912830333,-0.0288008425182169,follower_1,30.441884668503064,30.737159248482495,32.0,0.912833
1297,4.8500000000000005,true_threat,ADA,follower_3,129,vehicle.audi.a2,follower,-4,left,0,[0],211.0559255419145,-201.7500942734415,28.83374602492698,-0.15743268996897422,follower_2,40.105706615542175,28.856014368434238,31.244948,0.859204
1297,4.8500000000000005,true_threat,ADA,follower_4,130,vehicle.nissan.patrol_2021,follower,-4,left,0,[0],181.79847740522007,-201.74966867576862,30.14902285450122,-0.5005259212353311,follower_3,24.68798058829067,29.914845791480737,32.0,1.061567
1298,4.9,true_threat,ADA,occluder,121,vehicle.carlamotors.firetruck,occluder,-5,centre,1,[1],281.5580103308592,-205.25503506977444,17.947775993622884,0.15563975336946864,latent_vehicle,38.94234628287985,17.943697935672937,18.207641,1.115859
1298,4.9,true_threat,ADA,lead_left,123,vehicle.audi.a2,leader,-4,left,0,[0],417.83785908577113,-201.75046020226125,21.756533906610876,-0.07690421262376365,,,21.79199690161819,24.473662,1.002791
1298,4.9,true_threat,ADA,lead_centre,124,vehicle.mercedes.coupe_2020,leader,-5,centre,1,[1],411.5703146285861,-205.2496077956091,19.181210745054116,-0.2774806006879758,,,19.18963345964775,18.774793,0.885101
1298,4.9,true_threat,ADA,lead_right,125,vehicle.mercedes.coupe_2020,leader,-6,right,2,[2],426.2974618998752,-208.75041283236365,23.713955937996808,-0.3249741183332652,,,23.74576791277502,24.908478,0.886773
1298,4.9,true_threat,ADA,rear_centre,126,vehicle.tesla.model3,follower,-5,centre,1,[1],249.98940313965318,-205.24964533797612,17.343375533371542,-0.0021743406723448446,occluder,24.908636909446884,17.330224531815688,20.0,1.158223
1298,4.9,true_threat,ADA,follower_1,127,vehicle.mercedes.coupe_2020,follower,-4,left,0,[0],292.2499311703733,-201.75202828931904,31.053181927759994,-0.3664042459022902,ego,30.835633259433465,30.77150219470047,32.0,0.986178
1298,4.9,true_threat,ADA,follower_2,128,vehicle.tesla.model3,follower,-4,left,0,[0],257.04649822803776,-201.74992322122426,30.780179685934563,-0.02666453668549212,follower_1,30.456746728185138,30.73521655076171,32.0,0.912833
1298,4.9,true_threat,ADA,follower_3,129,vehicle.audi.a2,follower,-4,left,0,[0],212.49739290976655,-201.75009081198945,28.826164305643452,-0.1516343846591179,follower_2,40.202935613790835,28.84826337682922,31.244948,0.859204
1298,4.9,true_threat,ADA,follower_4,130,vehicle.nissan.patrol_2021,follower,-4,left,0,[0],183.30513031615408,-201.74964297689542,30.123233617932435,-0.5157847113593116,follower_3,24.621849000341886,29.890697145202914,32.0,1.061567
1299,4.95,true_threat,ADA,occluder,121,vehicle.carlamotors.firetruck,occluder,-5,centre,1,[1],282.45562390292156,-205.25501877454542,17.955718199378246,0.15884411291275796,latent_vehicle,39.426585869004825,17.95137396321572,18.207641,1.115859
1299,4.95,true_threat,ADA,lead_left,123,vehicle.audi.a2,leader,-4,left,0,[0],418.9255666721451,-201.750470611027,21.753194139489032,-0.06679534231312083,,,21.7881889259718,24.473662,1.002791
1299,4.95,true_threat,ADA,lead_centre,124,vehicle.mercedes.coupe_2020,leader,-5,centre,1,[1],412.5289938709233,-205.24957066841392,19.168021453462554,-0.26378582483954266,,,19.175945197558626,18.774793,0.885101
1299,4.95,true_threat,ADA,lead_right,125,vehicle.mercedes.coupe_2020,leader,-6,right,2,[2],427.4825815951614,-208.75040526871518,23.6971960634524,-0.3351974906202397,,,23.729718284112323,24.908478,0.886773
1299,4.95,true_threat,ADA,rear_centre,126,vehicle.tesla.model3,follower,-5,centre,1,[1],250.85659068809534,-205.24963942229246,17.34320768861057,-0.0033568952862327835,occluder,24.93869672215085,17.330384042791636,20.0,1.158223
1299,4.95,true_threat,ADA,follower_1,127,vehicle.mercedes.coupe_2020,follower,-4,left,0,[0],293.8020857512063,-201.7518802564591,31.034470682378426,-0.3742239990569374,ego,30.588419555734276,30.753181927759993,32.0,0.986178
1299,4.95,true_threat,ADA,follower_2,128,vehicle.tesla.model3,follower,-4,left,0,[0],258.5854692523256,-201.74988649733746,30.778943737529147,-0.02471896520587725,follower_1,30.47072377294772,30.73335451330936,32.0,0.912833
1299,4.95,true_threat,ADA,follower_3,129,vehicle.audi.a2,follower,-4,left,0,[0],213.9384940667024,-201.75008747546673,28.818927816299475,-0.14472978549925938,follower_2,40.30053082295566,28.840798111994296,31.244948,0.859204
1299,4.95,true_threat,ADA,follower_4,130,vehicle.nissan.patrol_2021,follower,-4,left,0,[0],184.8105014888814,-201.74961771527487,30.096816863880466,-0.5283350609495832,follower_3,24.55666345725993,29.86593076198972,32.0,1.061567
1300,5.0,true_threat,ADA,occluder,121,vehicle.carlamotors.firetruck,occluder,-5,centre,1,[1],283.3536342034764,-205.2550023439763,17.96380536475958,0.16174330551642027,latent_vehicle,39.91012487304248,17.9592076771369,18.207641,1.115859
1300,5.0,true_threat,ADA,lead_left,123,vehicle.audi.a2,leader,-4,left,0,[0],420.01315219341916,-201.75049632022407,21.750376984015215,-0.056343109666084364,,,21.784881483433235,24.473662,1.002791
1300,5.0,true_threat,ADA,lead_centre,124,vehicle.mercedes.coupe_2020,leader,-5,centre,1,[1],413.48700174740225,-205.24959480540852,19.155587474270135,-0.2486795755013589,,,19.16293213245285,18.774793,0.885101
1300,5.0,true_threat,ADA,lead_right,125,vehicle.mercedes.coupe_2020,leader,-6,right,2,[2],428.66696886861513,-208.7503979549254,23.680062349436874,-0.3426742802168878,,,23.713163321336083,24.908478,0.886773
1300,5.0,true_threat,ADA,rear_centre,126,vehicle.tesla.model3,follower,-5,centre,1,[1],251.7237782365375,-205.2496335066088,17.342982624867105,-0.004501275058046031,occluder,24.96912274577103,17.33048950228427,20.0,1.158223
1300,5.0,true_threat,ADA,follower_1,127,vehicle.mercedes.coupe_2020,follower,-4,left,0,[0],295.35323325722516,-201.75174782594294,31.015446659447914,-0.3804797437745173,ego,30.327198279285398,30.734470682378426,32.0,0.986178
1300,5.0,true_threat,ADA,follower_2,128,vehicle.tesla.model3,follower,-4,left,0,[0],260.1243487238844,-201.749849804683,30.777795530036258,-0.022964145071354043,follower_1,30.48390732949285,30.731566515349815,32.0,0.912833
1300,5.0,true_threat,ADA,follower_3,129,vehicle.audi.a2,follower,-4,left,0,[0],215.37922901272208,-201.75008426387333,28.812088054807074,-0.13679522805245042,follower_2,40.39840069030765,28.833673091237046,31.244948,0.859204
1300,5.0,true_threat,ADA,follower_4,130,vehicle.nissan.patrol_2021,follower,-4,left,0,[0],186.31452988824938,-201.74959291172854,30.069923272458627,-0.5378718087025484,follower_3,24.492393441468447,29.840669843152817,32.0,1.061567
1301,5.05,true_threat,ADA,occluder,121,vehicle.carlamotors.firetruck,occluder,-5,centre,1,[1],284.2520717501002,-205.25498576765628,17.972016507783874,0.16422285799518574,latent_vehicle,40.39271914397132,17.96718403019909,18.207641,1.115859
1301,5.05,true_threat,ADA,lead_left,123,vehicle.audi.a2,leader,-4,left,0,[0],421.1006766795405,-201.75052205024267,21.74807862387089,-0.04596720310041826,,,21.782091582771045,24.473662,1.002791
1301,5.05,true_threat,ADA,lead_centre,124,vehicle.mercedes.coupe_2020,leader,-5,centre,1,[1],414.4444603179178,-205.2496496473735,19.14397174496315,-0.23231457818996187,,,19.150663954976498,18.774793,0.885101
1301,5.05,true_threat,ADA,lead_right,125,vehicle.mercedes.coupe_2020,leader,-6,right,2,[2],429.85044060957307,-208.75037569467077,23.662688309886473,-0.34748079098842644,,,23.696238640827556,24.908478,0.886773
1301,5.05,true_threat,ADA,rear_centre,126,vehicle.tesla.model3,follower,-5,centre,1,[1],252.59096578497963,-205.24962759092514,17.342702247720958,-0.005607542883369989,occluder,24.999945497883772,17.330542475537452,20.0,1.158223
1301,5.05,true_threat,ADA,follower_1,127,vehicle.mercedes.coupe_2020,follower,-4,left,0,[0],296.9034347183772,-201.75161571816093,30.99619568661756,-0.3850189211001106,ego,30.052366106525483,30.715446659447913,32.0,0.986178
1301,5.05,true_threat,ADA,follower_2,128,vehicle.tesla.model3,follower,-4,left,0,[0],261.66319767786683,-201.74981312243935,30.776725526742688,-0.02140005896338331,follower_1,30.4961753639529,30.729845449558386,32.0,0.912833
1301,5.05,true_threat,ADA,follower_3,129,vehicle.audi.a2,follower,-4,left,0,[0],216.81965878297825,-201.75008115638775,28.80568507582664,-0.12805957753425262,follower_2,40.49654521584679,28.826939105394878,31.244948,0.859204
1301,5.05,true_threat,ADA,follower_4,130,vehicle.nissan.patrol_2021,follower,-4,left,0,[0],187.817215514258,-201.74956856625644,30.042701616799366,-0.5444330939254562,follower_3,24.429099988120136,29.815052504176805,32.0,1.061567
1302,5.1000000000000005,true_threat,ADA,occluder,121,vehicle.carlamotors.firetruck,occluder,-5,centre,1,[1],285.15093654799824,-205.25498430437355,17.98034209282727,0.1665116986163397,latent_vehicle,40.87418551907392,17.975282333638784,18.207641,1.115859
1302,5.1000000000000005,true_threat,ADA,lead_left,123,vehicle.audi.a2,leader,-4,left,0,[0],422.18801805499834,-201.75053258393777,21.746304781619198,-0.035476844717203575,,,21.779815450465467,24.473662,1.002791
1302,5.1000000000000005,true_threat,ADA,lead_centre,124,vehicle.mercedes.coupe_2020,leader,-5,centre,1,[1],415.4013085421117,-205.2497199563422,19.133225762152495,-0.2149196495936705,,,19.139202824957692,18.774793,0.885101
1302,5.1000000000000005,true_threat,ADA,lead_right,125,vehicle.mercedes.coupe_2020,leader,-6,right,2,[2],431.03305786359863,-208.75036898470606,23.645203645067742,-0.3496932964964432,,,23.679076103962256,24.908478,0.886773
1302,5.1000000000000005,true_threat,ADA,rear_centre,126,vehicle.tesla.model3,follower,-5,centre,1,[1],253.4581533386272,-205.24963693402967,17.34237609274494,-0.006523099530197159,occluder,25.03119549606538,17.330544413261038,20.0,1.158223
1302,5.1000000000000005,true_threat,ADA,follower_1,127,vehicle.mercedes.coupe_2020,follower,-4,left,0,[0],298.4526596118806,-201.7514686847356,30.97679214827473,-0.3880703927433705,ego,29.763892519878155,30.69619568661756,32.0,0.986178
1302,5.1000000000000005,true_threat,ADA,follower_2,128,vehicle.tesla.model3,follower,-4,left,0,[0],263.20207714422025,-201.74976117099672,30.77572419010897,-0.020026723838147846,follower_1,30.50752787112249,30.72818497336915,32.0,0.912833
1302,5.1000000000000005,true_threat,ADA,follower_3,129,vehicle.audi.a2,follower,-4,left,0,[0],218.25978337747094,-201.7500781530099,28.799753211962294,-0.11863727510052763,follower_2,40.59496439957306,28.820635675575886,31.244948,0.859204
1302,5.1000000000000005,true_threat,ADA,follower_4,130,vehicle.nissan.patrol_2021,follower,-4,left,0,[0],189.31849733175454,-201.74954469968011,30.01529876304143,-0.5480570562324485,follower_3,24.366844132367707,29.789213985400185,32.0,1.061567
1303,5.15,true_threat,ADA,occluder,121,vehicle.carlamotors.firetruck,occluder,-5,centre,1,[1],286.05019806918347,-205.25496744696252,17.98875732306647,0.1683046020901084,latent_vehicle,41.35437135320933,17.983493184520544,18.207641,1.115859
1303,5.15,true_threat,ADA,lead_left,123,vehicle.audi.a2,leader,-4,left,0,[0],423.2752984005089,-201.7505583972426,21.74504973728398,-0.02510088568049457,,,21.778058758531586,24.473662,1.002791
1303,5.15,true_threat,ADA,lead_centre,124,vehicle.mercedes.coupe_2020,leader,-5,centre,1,[1],416.3577295202367,-205.24979041106178,19.123395301876613,-0.1966092007626474,,,19.128599615189703,18.774793,0.885101
1303,5.15,true_threat,ADA,lead_right,125,vehicle.mercedes.coupe_2020,leader,-6,right,2,[2],432.21475958512826,-208.75034732827652,23.627726610591523,-0.34954068974831254,,,23.661803818704463,24.908478,0.886773
1303,5.15,true_threat,ADA,rear_centre,126,vehicle.tesla.model3,follower,-5,centre,1,[1],254.32534088706933,-205.249631018346,17.341998439621115,-0.007553062514863164,occluder,25.062872740315882,17.3305042639603,20.0,1.158223
1303,5.15,true_threat,ADA,follower_1,127,vehicle.mercedes.coupe_2020,follower,-4,left,0,[0],300.0009079117086,-201.75123043172616,30.957316150740116,-0.38951971204646146,ego,29.461747012177895,30.67679214827473,32.0,0.986178
1303,5.15,true_threat,ADA,follower_2,128,vehicle.tesla.model3,follower,-4,left,0,[0],264.740773510321,-201.74972454080694,30.774772446779277,-0.019034855774935702,follower_1,30.517873298272548,30.726578038807492,32.0,0.912833
1303,5.15,true_threat,ADA,follower_3,129,vehicle.audi.a2,follower,-4,left,0,[0],219.69957227862378,-201.75007526415064,28.794330610504268,-0.10845202702938021,follower_2,40.69371927143378,28.814796701060587,31.244948,0.859204
1303,5.15,true_threat,ADA,follower_4,130,vehicle.nissan.patrol_2021,follower,-4,left,0,[0],190.81843637589174,-201.749521291178,29.98786729864775,-0.5486292696527748,follower_3,24.305686909363843,29.76328725128662,32.0,1.061567
1304,5.2,true_threat,ADA,occluder,121,vehicle.carlamotors.firetruck,occluder,-5,centre,1,[1],286.94988683643754,-205.25495044380062,17.997258385063844,0.17002123762964202,latent_vehicle,41.8332155539655,17.991792135912394,18.207641,1.115859
1304,5.2,true_threat,ADA,lead_left,123,vehicle.audi.a2,leader,-4,left,0,[0],424.3625787408141,-201.75056895175925,21.744305859971757,-0.014877544194653777,,,21.776815846003867,24.473662,1.002791
1304,5.2,true_threat,ADA,lead_centre,124,vehicle.mercedes.coupe_2020,leader,-5,centre,1,[1],417.3136011767821,-205.2498457943872,19.11451278737268,-0.1776502877703241,,,19.11889955363999,18.774793,0.885101
1304,5.2,true_threat,ADA,lead_right,125,vehicle.mercedes.coupe_2020,leader,-6,right,2,[2],433.3956068197256,-208.75034122213694,23.610381184119706,-0.3469085297144878,,,23.644538600798356,24.908478,0.886773
1304,5.2,true_threat,ADA,rear_centre,126,vehicle.tesla.model3,follower,-5,centre,1,[1],255.19240636520612,-205.24962514430547,17.341578824883236,-0.008392294827325602,occluder,25.09494671305893,17.330415834611056,20.0,1.158223
1304,5.2,true_threat,ADA,follower_1,127,vehicle.mercedes.coupe_2020,follower,-4,left,0,[0],301.5481796542988,-201.75100777064975,30.93784398716464,-0.3894431428428354,ego,29.146173729240857,30.657316150740115,32.0,0.986178
1304,5.2,true_threat,ADA,follower_2,128,vehicle.tesla.model3,follower,-4,left,0,[0],266.2794698764217,-201.74968791061715,30.773862667012306,-0.018195582741635914,follower_1,30.527425231999814,30.72500993691321,32.0,0.912833
1304,5.2,true_threat,ADA,follower_3,129,vehicle.audi.a2,follower,-4,left,0,[0],221.1391475567422,-201.7500724481668,28.789442067666656,-0.0977708549127736,follower_2,40.79262673638164,28.809459743135996,31.244948,0.859204
1304,5.2,true_threat,ADA,follower_4,130,vehicle.nissan.patrol_2021,follower,-4,left,0,[0],192.3170021290932,-201.7494983511609,29.960550274750187,-0.5463404604706178,follower_3,24.24553676637951,29.737407246524047,32.0,1.061567
1305,5.25,true_threat,ADA,occluder,121,vehicle.carlamotors.firetruck,occluder,-5,centre,1,[1],287.85000284976053,-205.25493329488785,18.00582620393718,0.17135637464214135,latent_vehicle,42.31047393388317,18.000175427028385,18.207641,1.115859
1305,5.25,true_threat,ADA,lead_left,123,vehicle.audi.a2,leader,-4,left,0,[0],425.4497980511719,-201.75059478588565,21.744057892263456,-0.004959351266464783,,,21.776079158343677,24.473662,1.002791
1305,5.25,true_threat,ADA,lead_centre,124,vehicle.mercedes.coupe_2020,leader,-5,centre,1,[1],418.2691066276167,-205.2499165614301,19.106604921983493,-0.1581573072813007,,,19.110134690770153,18.774793,0.885101
1305,5.25,true_threat,ADA,lead_right,125,vehicle.mercedes.coupe_2020,leader,-6,right,2,[2],434.57559956218506,-208.75033540749914,23.59328180615057,-0.3419875596285842,,,23.627402931623894,24.908478,0.886773
1305,5.25,true_threat,ADA,rear_centre,126,vehicle.tesla.model3,follower,-5,centre,1,[1],256.05941080819014,-205.24961929108647,17.34111725000904,-0.00923149768244008,occluder,25.127570002176256,17.330288723090497,20.0,1.158223
1305,5.25,true_threat,ADA,follower_1,127,vehicle.mercedes.coupe_2020,follower,-4,left,0,[0],303.0944137992931,-201.75078546353976,30.91845957864678,-0.38768811711721074,ego,28.81714211705301,30.63784398716464,32.0,0.986178
1305,5.25,true_threat,ADA,follower_2,128,vehicle.tesla.model3,follower,-4,left,0,[0],267.81813572494605,-201.74965129083816,30.772987220721582,-0.017508911869838013,follower_1,30.536000608489275,30.723475272963363,32.0,0.912833
1305,5.25,true_threat,ADA,follower_3,129,vehicle.audi.a2,follower,-4,left,0,[0],222.57847869424978,-201.75006971546918,28.785108564005714,-0.08667007165262564,follower_2,40.89174782436393,28.80464932324773,31.244948,0.859204
1305,5.25,true_threat,ADA,follower_4,130,vehicle.nissan.patrol_2021,follower,-4,left,0,[0],193.81422510893532,-201.749475869218,29.933490742467228,-0.5411906289608818,follower_3,24.186546291296445,29.71170471801193,32.0,1.061567
1306,5.3,true_threat,ADA,occluder,121,vehicle.carlamotors.firetruck,occluder,-5,centre,1,[1],288.75054610915237,-205.25491600022417,18.014449336980007,0.17246265851959716,latent_vehicle,42.78599385302674,18.00862425312756,18.207641,1.115859
1306,5.3,true_threat,ADA,lead_left,123,vehicle.audi.a2,leader,-4,left,0,[0],426.53707839668243,-201.75062059919048,21.744298205052843,0.004806259436648333,,,21.77583358710524,24.473662,1.002791
1306,5.3,true_threat,ADA,lead_centre,124,vehicle.mercedes.coupe_2020,leader,-5,centre,1,[1],419.22430689748234,-205.24997217379263,19.099683149399745,-0.13843545208446414,,,19.102331429569734,18.774793,0.885101
1306,5.3,true_threat,ADA,lead_right,125,vehicle.mercedes.coupe_2020,leader,-6,right,2,[2],435.7547988424541,-208.75031460475338,23.57653528825467,-0.33493035833887974,,,23.61050988349009,24.908478,0.886773
1306,5.3,true_threat,ADA,rear_centre,126,vehicle.tesla.model3,follower,-5,centre,1,[1],256.9263847335979,-205.24961344827827,17.34061943518346,-0.009956296470269138,occluder,25.160681572515173,17.330122279095665,20.0,1.158223
1306,5.3,true_threat,ADA,follower_1,127,vehicle.mercedes.coupe_2020,follower,-4,left,0,[0],304.6397324117915,-201.75054820996496,30.8992277737722,-0.38463608723522813,ego,28.47483528107236,30.618459578646778,32.0,0.986178
1306,5.3,true_threat,ADA,follower_2,128,vehicle.tesla.model3,follower,-4,left,0,[0],269.3568015734704,-201.74961467105913,30.772130849374275,-0.01712741163287132,follower_1,30.543568904959216,30.721969562474165,32.0,0.912833
1306,5.3,true_threat,ADA,follower_3,129,vehicle.audi.a2,follower,-4,left,0,[0],224.01765724387565,-201.75006703482546,28.78134154377101,-0.0753404034549234,follower_2,40.991082535380706,28.800386188670345,31.244948,0.859204
1306,5.3,true_threat,ADA,follower_4,130,vehicle.nissan.patrol_2021,follower,-4,left,0,[0],195.31007479784168,-201.7494538557601,29.90681267979751,-0.5335612372732377,follower_3,24.128654448961946,29.686305331507473,32.0,1.061567
1307,5.3500000000000005,true_threat,ADA,occluder,121,vehicle.carlamotors.firetruck,occluder,-5,centre,1,[1],289.6515166198185,-205.25491381859777,18.023116338603227,0.1733400295589291,latent_vehicle,43.25980575089166,18.017127335296944,18.207641,1.115859
1307,5.3500000000000005,true_threat,ADA,lead_left,123,vehicle.audi.a2,leader,-4,left,0,[0],427.6243587369876,-201.75063115370713,21.74499818754921,0.013999654416787985,,,21.77607157740652,24.473662,1.002791
1307,5.3500000000000005,true_threat,ADA,lead_centre,124,vehicle.mercedes.coupe_2020,leader,-5,centre,1,[1],420.1790799264845,-205.2500431906942,19.09376463580356,-0.11837027198449171,,,19.09550111073601,18.774793,0.885101
1307,5.3500000000000005,true_threat,ADA,lead_right,125,vehicle.mercedes.coupe_2020,leader,-6,right,2,[2],436.93308260063804,-208.75030937311914,23.56025035008369,-0.32569876353239274,,,23.59396500328191,24.908478,0.886773
1307,5.3500000000000005,true_threat,ADA,rear_centre,126,vehicle.tesla.model3,follower,-5,centre,1,[1],257.79338918178735,-205.24962285384743,17.340091101305465,-0.010566677570404377,occluder,25.19425090649932,17.329921645146783,20.0,1.158223
1307,5.3500000000000005,true_threat,ADA,follower_1,127,vehicle.mercedes.coupe_2020,follower,-4,left,0,[0],306.18407446705214,-201.75032654832322,30.880217236591758,-0.38021074546867656,ego,28.11913115619899,30.5992277737722,32.0,0.986178
1307,5.3500000000000005,true_threat,ADA,follower_2,128,vehicle.tesla.model3,follower,-4,left,0,[0],270.89540638684207,-201.74957807210168,30.771287830220743,-0.016860366907182015,follower_1,30.550221668933276,30.720480908577244,32.0,0.912833
1307,5.3500000000000005,true_threat,ADA,follower_3,129,vehicle.audi.a2,follower,-4,left,0,[0],225.45665268804342,-201.7500644166464,28.778152451161173,-0.06378185128931683,follower_2,41.0905698342792,28.79668161772563,31.244948,0.859204
1307,5.3500000000000005,true_threat,ADA,follower_4,130,vehicle.nissan.patrol_2021,follower,-4,left,0,[0],196.80464276936294,-201.74949331470756,29.880647693402498,-0.5232997126228979,follower_3,24.07198330968143,29.661321242805183,32.0,1.061567
1308,5.4,true_threat,ADA,occluder,121,vehicle.carlamotors.firetruck,occluder,-5,centre,1,[1],290.5529143661428,-205.25488097364413,18.031804322100268,0.17375966761928704,latent_vehicle,43.73169593677349,18.02567339109184,18.207641,1.115859
1308,5.4,true_threat,ADA,lead_left,123,vehicle.audi.a2,leader,-4,left,0,[0],428.7116390824981,-201.75065696701196,21.746138767452916,0.022811602949719456,,,21.776764794526468,24.473662,1.002791
1308,5.4,true_threat,ADA,lead_centre,124,vehicle.mercedes.coupe_2020,leader,-5,centre,1,[1],421.13360881487586,-205.250114290882,19.088839843895272,-0.0984958365265009,,,19.089660716538898,18.774793,0.885101
1308,5.4,true_threat,ADA,lead_right,125,vehicle.mercedes.coupe_2020,leader,-6,right,2,[2],438.11063393178415,-208.75028913255537,23.544516636283873,-0.3146742759622183,,,23.577875733475967,24.908478,0.886773
1308,5.4,true_threat,ADA,rear_centre,126,vehicle.tesla.model3,follower,-5,centre,1,[1],258.66036310719505,-205.24961701103922,17.339537972212998,-0.011062581891495811,occluder,25.228216968976028,17.32969187333185,20.0,1.158223
1308,5.4,true_threat,ADA,follower_1,127,vehicle.mercedes.coupe_2020,follower,-4,left,0,[0],307.7274704722406,-201.7500899506274,30.86149472338884,-0.37445024967975393,ego,27.750182293876875,30.580217236591757,32.0,0.986178
1308,5.4,true_threat,ADA,follower_2,128,vehicle.tesla.model3,follower,-4,left,0,[0],272.43385861233196,-201.74954152519814,30.77044481164776,-0.01686035468248206,follower_1,30.555958910822284,30.71900633961227,32.0,0.912833
1308,5.4,true_threat,ADA,follower_3,129,vehicle.audi.a2,follower,-4,left,0,[0],226.8955260619058,-201.75006184011048,28.775541286243975,-0.05222329773709928,follower_2,41.19017920348308,28.793546953649923,31.244948,0.859204
1308,5.4,true_threat,ADA,follower_4,130,vehicle.nissan.patrol_2021,follower,-4,left,0,[0],198.297898495512,-201.7495637388948,29.855108315379677,-0.5107875469092003,follower_3,24.016410782327924,29.636865976271196,32.0,1.061567
1309,5.45,true_threat,ADA,occluder,121,vehicle.carlamotors.firetruck,occluder,-5,centre,1,[1],291.45476988131765,-205.25486323131702,18.04050756386556,0.17406483235779396,latent_vehicle,44.20160334428715,18.034239861793775,18.207641,1.115859
1309,5.45,true_threat,ADA,lead_left,123,vehicle.audi.a2,leader,-4,left,0,[0],429.79898045795596,-201.75066750070707,21.747695148521984,0.031127626803873435,,,21.7778943492514,24.473662,1.002791
1309,5.45,true_threat,ADA,lead_centre,124,vehicle.mercedes.coupe_2020,leader,-5,centre,1,[1],422.08795459260375,-205.25017019474632,19.084906867101527,-0.07865953133887027,,,19.084800872390755,18.774793,0.885101
1309,5.45,true_threat,ADA,lead_right,125,vehicle.mercedes.coupe_2020,leader,-6,right,2,[2],439.2874528463034,-208.75028440063844,23.52942951471549,-0.30174243112057686,,,23.56233067993808,24.908478,0.886773
1309,5.45,true_threat,ADA,rear_centre,126,vehicle.tesla.model3,follower,-5,centre,1,[1],259.5273675501791,-205.24961115782023,17.33896386228624,-0.011482198609735664,occluder,25.262640789892558,17.329438215557325,20.0,1.158223
1309,5.45,true_threat,ADA,follower_1,127,vehicle.mercedes.coupe_2020,follower,-4,left,0,[0],309.27004250286757,-201.74985363402257,30.843115547276927,-0.3675834677609764,ego,27.367958197351243,30.56149472338884,32.0,0.986178
1309,5.45,true_threat,ADA,follower_2,128,vehicle.tesla.model3,follower,-4,left,0,[0],273.9723413606036,-201.74952022667196,30.769597979256055,-0.016936630416591825,follower_1,30.56090269052079,30.717536102904514,32.0,0.912833
1309,5.45,true_threat,ADA,follower_3,129,vehicle.audi.a2,follower,-4,left,0,[0],228.33418581273372,-201.75005933644997,28.77351186367038,-0.04058845110336689,follower_2,41.28975805511064,28.79098217408334,31.244948,0.859204
1309,5.45,true_threat,ADA,follower_4,130,vehicle.nissan.patrol_2021,follower,-4,left,0,[0],199.78993351860706,-201.74963457951316,29.830303263919077,-0.49610101775552234,follower_3,23.962028430041254,29.613040037052265,32.0,1.061567
1310,5.5,true_threat,ADA,occluder,121,vehicle.carlamotors.firetruck,occluder,-5,centre,1,[1],292.3570526425614,-205.25484534323903,18.049212714013315,0.17410300066817755,latent_vehicle,44.66937530226467,18.04282110766141,18.207641,1.115859
1310,5.5,true_threat,ADA,lead_left,123,vehicle.audi.a2,leader,-4,left,0,[0],430.8865049440773,-201.75069323072566,21.74963872237956,0.03887148239394136,,,21.779435683087108,24.473662,1.002791
1310,5.5,true_threat,ADA,lead_centre,124,vehicle.mercedes.coupe_2020,leader,-5,centre,1,[1],423.0421172544628,-205.25019564349893,19.0819466345682,-0.059204642905328,,,19.080919727289597,18.774793,0.885101
1310,5.5,true_threat,ADA,lead_right,125,vehicle.mercedes.coupe_2020,leader,-6,right,2,[2],440.4634783038375,-208.75027993940174,23.515078630235617,-0.2870176891047184,,,23.547424110581176,24.908478,0.886773
1310,5.5,true_threat,ADA,rear_centre,126,vehicle.tesla.model3,follower,-5,centre,1,[1],260.3943719931632,-205.24960530460123,17.338374493585132,-0.01178737412990809,occluder,25.297491862083376,17.32916411030347,20.0,1.158223
1310,5.5,true_threat,ADA,follower_1,127,vehicle.mercedes.coupe_2020,follower,-4,left,0,[0],310.81163797105137,-201.74961765056264,30.825140743585187,-0.3594959601658077,ego,26.972519901774774,30.543115547276926,32.0,0.986178
1310,5.5,true_threat,ADA,follower_2,128,vehicle.tesla.model3,follower,-4,left,0,[0],275.5108241401076,-201.74959048087484,30.76873588780718,-0.017241811709991405,follower_1,30.56499197287617,30.71606842384917,32.0,0.912833
1310,5.5,true_threat,ADA,follower_3,129,vehicle.audi.a2,follower,-4,left,0,[0],229.77290659871434,-201.7500568119679,28.772062276070667,-0.028991751801239186,follower_2,41.38958105255434,28.788991147358804,31.244948,0.859204
1310,5.5,true_threat,ADA,follower_4,130,vehicle.nissan.patrol_2021,follower,-4,left,0,[0],201.28068680870084,-201.74972111617237,29.806339350490603,-0.479278259231254,follower_3,23.90865315777412,29.58993504396216,32.0,1.061567
1311,5.55,true_threat,ADA,occluder,121,vehicle.carlamotors.firetruck,occluder,-5,centre,1,[1],293.2597626498741,-205.25482730941013,18.057908326821828,0.17391225320690834,latent_vehicle,45.13516434653393,18.05140397358593,18.207641,1.115859
1311,5.55,true_threat,ADA,lead_left,123,vehicle.audi.a2,leader,-4,left,0,[0],431.9740294301986,-201.75071896074428,21.75193896978409,0.0460049536849226,,,21.781360461759682,24.473662,1.002791
1311,5.55,true_threat,ADA,lead_centre,124,vehicle.mercedes.coupe_2020,leader,-5,centre,1,[1],423.99615783040025,-205.2501753575301,19.079938166917177,-0.04016934222585573,,,19.077998485771527,18.774793,0.885101
1311,5.55,true_threat,ADA,lead_right,125,vehicle.mercedes.coupe_2020,leader,-6,right,2,[2],441.6387713343338,-208.7502604692355,23.50153074002401,-0.27095780346774584,,,23.53324464553856,24.908478,0.886773
1311,5.55,true_threat,ADA,rear_centre,126,vehicle.tesla.model3,follower,-5,centre,1,[1],261.26131540099453,-205.2495994722038,17.337771774934172,-0.012054373280874619,occluder,25.332770180343104,17.328874803050553,20.0,1.158223
1311,5.55,true_threat,ADA,follower_1,127,vehicle.mercedes.coupe_2020,follower,-4,left,0,[0],312.3524094907008,-201.74945824213458,30.80761799595276,-0.3504547670106812,ego,26.564050507400225,30.525140743585187,32.0,0.986178
1311,5.55,true_threat,ADA,follower_2,128,vehicle.tesla.model3,follower,-4,left,0,[0],277.0493069144062,-201.74964547628954,30.767854719782473,-0.017623345176442113,follower_1,30.568104661555978,30.71459425499553,32.0,0.912833
1311,5.55,true_threat,ADA,follower_3,129,vehicle.audi.a2,follower,-4,left,0,[0],231.2114747968132,-201.75005433953976,28.77116772782241,-0.017890964883778532,follower_2,41.489343046077714,28.78757194218692,31.244948,0.859204
1311,5.55,true_threat,ADA,follower_4,130,vehicle.nissan.patrol_2021,follower,-4,left,0,[0],202.77040249599335,-201.74979274800984,29.783306219891557,-0.4606626050755493,follower_3,23.856620653660958,29.567651823281157,32.0,1.061567
1312,5.6000000000000005,true_threat,ADA,occluder,121,vehicle.carlamotors.firetruck,occluder,-5,centre,1,[1],294.1629304260374,-205.25482437820773,18.066579146010046,0.1734163813162535,latent_vehicle,45.59869577205929,18.05997718014471,18.207641,1.115859
1312,5.6000000000000005,true_threat,ADA,lead_left,123,vehicle.audi.a2,leader,-4,left,0,[0],433.06167598141997,-201.7507293903316,21.75456155871514,0.05245178438631682,,,21.783638458282987,24.473662,1.002791
1312,5.6000000000000005,true_threat,ADA,lead_centre,124,vehicle.mercedes.coupe_2020,leader,-5,centre,1,[1],424.95007633082696,-205.25013985441626,19.078852857424177,-0.021706177866713895,,,19.07601646253349,18.774793,0.885101
1312,5.6000000000000005,true_threat,ADA,lead_right,125,vehicle.mercedes.coupe_2020,leader,-6,right,2,[2],442.81345401850854,-208.750256466073,23.488856416530776,-0.2534864687421502,,,23.51985829536596,24.908478,0.886773
1312,5.6000000000000005,true_threat,ADA,rear_centre,126,vehicle.tesla.model3,follower,-5,centre,1,[1],262.1281062261495,-205.24960895064842,17.33716333393847,-0.01216881987342433,occluder,25.368536779824396,17.328572090646112,20.0,1.158223
1312,5.6000000000000005,true_threat,ADA,follower_1,127,vehicle.mercedes.coupe_2020,follower,-4,left,0,[0],313.8922654934704,-201.74932966360618,30.790585450359057,-0.3406506509511526,ego,26.142336354755315,30.50761799595276,32.0,0.986178
1312,5.6000000000000005,true_threat,ADA,follower_2,128,vehicle.tesla.model3,follower,-4,left,0,[0],278.5876065884521,-201.7497157929571,30.76694875377755,-0.018119306636049624,follower_1,30.570393406906746,30.713112495323784,32.0,0.912833
1312,5.6000000000000005,true_threat,ADA,follower_3,129,vehicle.audi.a2,follower,-4,left,0,[0],232.64995144218304,-201.7500518983439,28.770822497287593,-0.006904610686708542,follower_2,41.58925762227742,28.786700169884252,31.244948,0.859204
1312,5.6000000000000005,true_threat,ADA,follower_4,130,vehicle.nissan.patrol_2021,follower,-4,left,0,[0],204.25886696786097,-201.74988006547736,29.761283980851772,-0.44044477615690547,follower_3,23.805473164467312,29.546256704860962,32.0,1.061567
1313,5.65,true_threat,ADA,occluder,121,vehicle.carlamotors.firetruck,occluder,-5,centre,1,[1],295.06646440791144,-205.25480606328784,18.075211816553544,0.17265340789665,latent_vehicle,46.06009157627072,18.068525694700043,18.207641,1.115859
1313,5.65,true_threat,ADA,lead_left,123,vehicle.audi.a2,leader,-4,left,0,[0],434.1495056433048,-201.75075501624244,21.757466436512015,0.05809756124193287,,,21.786235669627214,24.473662,1.002791
1313,5.65,true_threat,ADA,lead_centre,124,vehicle.mercedes.coupe_2020,leader,-5,centre,1,[1],425.90399482604823,-205.2500890925142,19.07865828355576,-0.0038914663092688923,,,19.074945439251547,18.774793,0.885101
1313,5.65,true_threat,ADA,lead_right,125,vehicle.mercedes.coupe_2020,leader,-6,right,2,[2],443.9875873811036,-208.75023739151635,23.477112879554845,-0.23487073810102432,,,23.507334843108666,24.908478,0.886773
1313,5.65,true_threat,ADA,rear_centre,126,vehicle.tesla.model3,follower,-5,centre,1,[1],262.99489704609914,-205.24960317030488,17.336551076492782,-0.01224514892243843,occluder,25.40491373083269,17.32826342500226,20.0,1.158223
1313,5.65,true_threat,ADA,follower_1,127,vehicle.mercedes.coupe_2020,follower,-4,left,0,[0],315.4313280444603,-201.74921661454619,30.77409269751144,-0.3298547221859415,ego,25.708720243226452,30.490585450359056,32.0,0.986178
1313,5.65,true_threat,ADA,follower_2,128,vehicle.tesla.model3,follower,-4,left,0,[0],280.12590625729257,-201.74977085083648,30.76601608095002,-0.018653447695545732,follower_1,30.571949735630497,30.711619672436015,32.0,0.912833
1313,5.65,true_threat,ADA,follower_3,129,vehicle.audi.a2,follower,-4,left,0,[0],234.08842808755287,-201.7500494571481,28.770997973604185,0.0035095263316544194,follower_2,41.6890806509535,28.786370164959216,31.244948,0.859204
1313,5.65,true_threat,ADA,follower_4,130,vehicle.nissan.patrol_2021,follower,-4,left,0,[0],205.74635487208,-201.7499524573016,29.740345111852182,-0.4187773776776504,follower_3,23.755485337969542,29.525825575949593,32.0,1.061567
1314,5.7,true_threat,ADA,occluder,121,vehicle.carlamotors.firetruck,occluder,-5,centre,1,[1],295.97048667100717,-205.2547875817955,18.083796804469266,0.1716997561322875,latent_vehicle,46.5193822507176,18.077036359125596,18.207641,1.115859
1314,5.7,true_threat,ADA,lead_left,123,vehicle.audi.a2,leader,-4,left,0,[0],435.2374573390573,-201.7506737889929,21.760630713263772,0.06328554050886159,,,21.789112427542626,24.473662,1.002791
1314,5.7,true_threat,ADA,lead_centre,124,vehicle.mercedes.coupe_2020,leader,-5,centre,1,[1],426.8579133264749,-205.25005358940035,19.07930866968262,0.013007731241393,,,19.074753426351844,18.774793,0.885101
1314,5.7,true_threat,ADA,lead_right,125,vehicle.mercedes.coupe_2020,leader,-6,right,2,[2],445.1611103973771,-208.7502337839634,23.46635544270765,-0.2151487351226546,,,23.495730879763304,24.908478,0.886773
1314,5.7,true_threat,ADA,rear_centre,126,vehicle.tesla.model3,follower,-5,centre,1,[1],263.8617183836251,-205.24959737955055,17.335940726755055,-0.012206994789252735,occluder,25.441656892757152,17.327949596180947,20.0,1.158223
1314,5.7,true_threat,ADA,follower_1,127,vehicle.mercedes.coupe_2020,follower,-4,left,0,[0],316.96956661568345,-201.74908858778903,30.75816453189406,-0.3185629132018691,ego,25.26552153984852,30.474092697511438,32.0,0.986178
1314,5.7,true_threat,ADA,follower_2,128,vehicle.tesla.model3,follower,-4,left,0,[0],281.66417540855673,-201.74982591912664,30.765043350804856,-0.0194545948954704,follower_1,30.572712617779956,30.710115757850012,32.0,0.912833
1314,5.7,true_threat,ADA,follower_3,129,vehicle.audi.a2,follower,-4,left,0,[0],235.52699628565176,-201.75004698471992,28.771676990544474,0.013580338821184437,follower_2,41.78890367442415,28.786553746157704,31.244948,0.859204
1314,5.7,true_threat,ADA,follower_4,130,vehicle.nissan.patrol_2021,follower,-4,left,0,[0],207.23268310839774,-201.75002524473538,29.72055637014828,-0.3957748335299275,follower_3,23.70647407912035,29.5064155226193,32.0,1.061567
1315,5.75,true_threat,ADA,occluder,121,vehicle.carlamotors.firetruck,occluder,-5,centre,1,[1],296.87496669774805,-205.25476894414152,18.092324572127858,0.17055534994984378,latent_vehicle,46.97638461706639,18.085499781316017,18.207641,1.115859
1315,5.75,true_threat,ADA,lead_left,123,vehicle.audi.a2,leader,-4,left,0,[0],436.3255921402679,-201.75059249927875,21.764016248326676,0.06771070454503007,,,21.79224606055249,24.473662,1.002791
1315,5.75,true_threat,ADA,lead_centre,124,vehicle.mercedes.coupe_2020,leader,-5,centre,1,[1],427.81195389720693,-205.25001804464335,19.080762054078345,0.029067693746440967,,,19.075395251831655,18.774793,0.885101
1315,5.75,true_threat,ADA,lead_right,125,vehicle.mercedes.coupe_2020,leader,-6,right,2,[2],446.33414513242894,-208.75023034298292,23.45662225292192,-0.19466379345048332,,,23.485101112930526,24.908478,0.886773
1315,5.75,true_threat,ADA,rear_centre,126,vehicle.tesla.model3,follower,-5,centre,1,[1],264.72850920357473,-205.249591599207,17.335332284366597,-0.012168847830379005,occluder,25.47885781832686,17.327636245654006,20.0,1.158223
1315,5.75,true_threat,ADA,follower_1,127,vehicle.mercedes.coupe_2020,follower,-4,left,0,[0],318.5070422422925,-201.74894556251314,30.742837192355847,-0.30654633939094744,ego,24.810878667258777,30.45816453189406,32.0,0.986178
1315,5.75,true_threat,ADA,follower_2,128,vehicle.tesla.model3,follower,-4,left,0,[0],283.20247508260263,-201.74989623579418,30.76401720954966,-0.02052282046274734,follower_1,30.57268203773893,30.70858918829593,32.0,0.912833
1315,5.75,true_threat,ADA,follower_3,129,vehicle.audi.a2,follower,-4,left,0,[0],236.96568655405602,-201.75004447064865,28.7728328451603,0.023117092363812278,follower_2,41.88860462758943,28.78723390994577,31.244948,0.859204
1315,5.75,true_threat,ADA,follower_4,130,vehicle.nissan.patrol_2021,follower,-4,left,0,[0],208.71824841051216,-201.75011355122678,29.701963531783832,-0.3718567678573405,follower_3,23.65871404090147,29.488089670940788,32.0,1.061567
1316,5.8,true_threat,ADA,occluder,121,vehicle.carlamotors.firetruck,occluder,-5,centre,1,[1],297.77984345298154,-205.2547501711474,18.1007836761768,0.16918207866966534,latent_vehicle,47.43119019160841,18.09390656736918,18.207641,1.115859
1316,5.8,true_threat,ADA,lead_left,123,vehicle.audi.a2,leader,-4,left,0,[0],437.4139710925,-201.75054164385472,21.767590615272145,0.07148734055259703,,,21.795598794339963,24.473662,1.002791
1316,5.8,true_threat,ADA,lead_centre,124,vehicle.mercedes.coupe_2020,leader,-5,centre,1,[1],428.7660555030917,-205.24998247906484,19.08296121788275,0.04398327873411389,,,19.076829503025827,18.774793,0.885101
1316,5.8,true_threat,ADA,lead_right,125,vehicle.mercedes.coupe_2020,leader,-6,right,2,[2],447.50675261620654,-208.75021178896515,23.447945734606648,-0.17353036367129884,,,23.47548328612387,24.908478,0.886773
1316,5.8,true_threat,ADA,rear_centre,126,vehicle.tesla.model3,follower,-5,centre,1,[1],265.5953000235244,-205.24958581886347,17.3347314729347,-0.012016228819105584,occluder,25.51654702511817,17.327323281012404,20.0,1.158223
1316,5.8,true_threat,ADA,follower_1,127,vehicle.mercedes.coupe_2020,follower,-4,left,0,[0],320.0437244379434,-201.74887910185834,30.72812975132832,-0.29414833162214526,ego,24.334262978330457,30.442837192355846,32.0,0.986178
1316,5.8,true_threat,ADA,follower_2,128,vehicle.tesla.model3,follower,-4,left,0,[0],284.74059164598503,-201.7499513561382,30.762933842242667,-0.021667343923739122,follower_1,30.571857990302092,30.70702885208737,32.0,0.912833
1316,5.8,true_threat,ADA,follower_3,129,vehicle.audi.a2,follower,-4,left,0,[0],238.40434630488394,-201.75004196698814,28.774438834474303,0.032119786365528875,follower_2,41.988214033231046,28.7883842592915,31.244948,0.859204
1316,5.8,true_threat,ADA,follower_4,130,vehicle.nissan.patrol_2021,follower,-4,left,0,[0],210.20280662740166,-201.75018694248567,29.684623816591085,-0.34679430464955147,follower_3,23.611839007191325,29.470878053582783,32.0,1.061567
1317,5.8500000000000005,true_threat,ADA,occluder,121,vehicle.carlamotors.firetruck,occluder,-5,centre,1,[1],298.6851474699,-205.25477702876694,18.10916267074821,0.16757988932843673,latent_vehicle,47.88389048542962,18.10224544572007,18.207641,1.115859
1317,5.8500000000000005,true_threat,ADA,lead_left,123,vehicle.audi.a2,leader,-4,left,0,[0],438.5024721046269,-201.75046022921123,21.771315665715708,0.07450100939312865,,,21.799138513867543,24.473662,1.002791
1317,5.8500000000000005,true_threat,ADA,lead_centre,124,vehicle.mercedes.coupe_2020,leader,-5,centre,1,[1],429.7202791792819,-205.24994687184318,19.08586038403198,0.05798332364498201,,,19.078999707438573,18.774793,0.885101
1317,5.8500000000000005,true_threat,ADA,lead_right,125,vehicle.mercedes.coupe_2020,leader,-6,right,2,[2],448.67887182396794,-208.75020866030798,23.440352591228073,-0.15186286439339142,,,23.466909485555046,24.908478,0.886773
1317,5.8500000000000005,true_threat,ADA,rear_centre,126,vehicle.tesla.model3,follower,-5,centre,1,[1],266.46209084867934,-205.2495952973081,17.334144012628784,-0.011749206078669862,occluder,25.554632960402017,17.327015741010335,20.0,1.158223
1317,5.8500000000000005,true_threat,ADA,follower_1,127,vehicle.mercedes.coupe_2020,follower,-4,left,0,[0],321.57973525732535,-201.74884338781698,30.714055557232758,-0.28148337758570185,ego,23.837017220396177,30.42812975132832,32.0,0.986178
1317,5.8500000000000005,true_threat,ADA,follower_2,128,vehicle.tesla.model3,follower,-4,left,0,[0],286.27867769699645,-201.7500217456812,30.76179897118416,-0.022697420891081795,follower_1,30.570423622570544,30.705432878778748,32.0,0.912833
1317,5.8500000000000005,true_threat,ADA,follower_3,129,vehicle.audi.a2,follower,-4,left,0,[0],239.84312812601726,-201.75003942168453,28.776452996689674,0.04028324442707065,follower_2,42.087670845785524,28.78997843428634,31.244948,0.859204
1317,5.8500000000000005,true_threat,ADA,follower_4,130,vehicle.nissan.patrol_2021,follower,-4,left,0,[0],211.68657139251147,-201.75027586321298,29.668556298704477,-0.32135035751487373,follower_3,23.56594054112975,29.454830633383438,32.0,1.061567
1318,5.9,true_threat,ADA,occluder,121,vehicle.carlamotors.firetruck,occluder,-5,centre,1,[1],299.5908482361326,-205.25486478619905,18.117446296277425,0.16567250890501095,latent_vehicle,48.334515932820125,18.110505142793013,18.207641,1.115859
1318,5.9,true_threat,ADA,lead_left,123,vehicle.audi.a2,leader,-4,left,0,[0],439.59109518705907,-201.75037877292462,21.775166606817024,0.07701882099538551,,,21.80282743810563,24.473662,1.002791
1318,5.9,true_threat,ADA,lead_centre,124,vehicle.mercedes.coupe_2020,leader,-5,centre,1,[1],430.6746859713409,-205.24994171973324,19.089406146762915,0.07091525456061853,,,19.081860681007207,18.774793,0.885101
1318,5.9,true_threat,ADA,lead_right,125,vehicle.mercedes.coupe_2020,leader,-6,right,2,[2],449.85068585076044,-208.75019037697044,23.43386761766275,-0.12969946774689295,,,23.45940614078061,24.908478,0.886773
1318,5.9,true_threat,ADA,rear_centre,126,vehicle.tesla.model3,follower,-5,centre,1,[1],267.3287290807472,-205.24958956901844,17.33357180807803,-0.011444091015020717,occluder,25.593146152165517,17.326719050938305,20.0,1.158223
1318,5.9,true_threat,ADA,follower_1,127,vehicle.mercedes.coupe_2020,follower,-4,left,0,[0],323.11501365487493,-201.7488079236343,30.700629866700783,-0.2685133082926254,ego,23.320880921334606,30.414055557232757,32.0,0.986178
1318,5.9,true_threat,ADA,follower_2,128,vehicle.tesla.model3,follower,-4,left,0,[0],287.81676374280255,-201.75007687643603,30.76060115176048,-0.023956388846295598,follower_1,30.56834839094107,30.703807327008732,32.0,0.912833
1318,5.9,true_threat,ADA,follower_3,129,vehicle.audi.a2,follower,-4,left,0,[0],241.28200149987964,-201.75003684514857,28.77884862930727,0.047912652531336114,follower_2,42.186975075663646,28.7919750786663,31.244948,0.859204
1318,5.9,true_threat,ADA,follower_4,130,vehicle.nissan.patrol_2021,follower,-4,left,0,[0],213.16957321300717,-201.75034978542152,29.65377242136162,-0.295677544306924,follower_3,23.520957597153263,29.43995912908191,32.0,1.061567
1319,5.95,true_threat,ADA,occluder,121,vehicle.carlamotors.firetruck,occluder,-5,centre,1,[1],300.4969457256524,-205.25493714950287,18.125628826504993,0.1636506036555098,latent_vehicle,48.783127532494916,18.118670627367294,18.207641,1.115859
1319,5.95,true_threat,ADA,lead_left,123,vehicle.audi.a2,leader,-4,left,0,[0],440.6799624048966,-201.7502819745636,21.779105290843425,0.07877367909480698,,,21.80664101259218,24.473662,1.002791
1319,5.95,true_threat,ADA,lead_centre,124,vehicle.mercedes.coupe_2020,leader,-5,centre,1,[1],431.6293368936,-205.2499059667607,19.09353174770124,0.08251201923012287,,,19.085359709459002,18.774793,0.885101
1319,5.95,true_threat,ADA,lead_right,125,vehicle.mercedes.coupe_2020,leader,-6,right,2,[2],451.0221947069949,-208.75018745652883,23.42849462898106,-0.10745976957714475,,,23.45299779123748,24.908478,0.886773
1319,5.95,true_threat,ADA,rear_centre,126,vehicle.tesla.model3,follower,-5,centre,1,[1],268.19533679523875,-205.24958385113956,17.333016771748706,-0.01110072660342235,occluder,25.632208686330245,17.326435152811523,20.0,1.158223
1319,5.95,true_threat,ADA,follower_1,127,vehicle.mercedes.coupe_2020,follower,-4,left,0,[0],324.6496511833212,-201.74877267807796,30.68786221400103,-0.2553525703166013,ego,22.787135834968666,30.400629866700783,32.0,0.986178
1319,5.95,true_threat,ADA,follower_2,128,vehicle.tesla.model3,follower,-4,left,0,[0],289.35475823587956,-201.75013203842317,30.759344199312988,-0.025139048696394557,follower_1,30.56554074268459,30.702141734617374,32.0,0.912833
1319,5.95,true_threat,ADA,follower_3,129,vehicle.audi.a2,follower,-4,left,0,[0],242.7211190143528,-201.75003418532643,28.781593306806478,0.054893550181432674,follower_2,42.286187747607336,28.7943477919052,31.244948,0.859204
1319,5.95,true_threat,ADA,follower_4,130,vehicle.nissan.patrol_2021,follower,-4,left,0,[0],214.6518731292468,-201.75042394707796,29.640264555642965,-0.2701573081589239,follower_3,23.476829150519933,29.426270035243178,32.0,1.061567
1320,6.0,true_threat,ADA,occluder,121,vehicle.carlamotors.firetruck,occluder,-5,centre,1,[1],301.40347046124106,-205.2550093670558,18.133698819847655,0.1613998667882483,ego,44.49195751639019,18.119809890576196,18.207641,1.115859
1320,6.0,true_threat,ADA,lead_left,123,vehicle.audi.a2,leader,-4,left,0,[0],441.76907377375574,-201.75021561049272,21.783091664462514,0.07972747180209441,,,21.810541458099877,24.473662,1.002791
1320,6.0,true_threat,ADA,lead_centre,124,vehicle.mercedes.coupe_2020,leader,-5,centre,1,[1],432.5841709213171,-205.2498701513235,19.098179966788873,0.09296438372819257,,,19.08943090087847,18.774793,0.885101
1320,6.0,true_threat,ADA,lead_right,125,vehicle.mercedes.coupe_2020,leader,-6,right,2,[2],452.1934594278239,-208.75019987816162,23.424231716735136,-0.08525824076364608,,,23.447688239611953,24.908478,0.886773
1320,6.0,true_threat,ADA,rear_centre,126,vehicle.tesla.model3,follower,-5,centre,1,[1],269.06194450973027,-205.24957813326068,17.332478901288447,-0.010757409248985404,occluder,25.67169846135849,17.326165431306737,20.0,1.158223
1320,6.0,true_threat,ADA,follower_1,127,vehicle.mercedes.coupe_2020,follower,-4,left,0,[0],326.1836783602405,-201.74873764073715,30.675752596742377,-0.24219189368454774,ego,22.236453358388758,30.38786221400103,32.0,0.986178
1320,6.0,true_threat,ADA,follower_2,128,vehicle.tesla.model3,follower,-4,left,0,[0],290.89266118143286,-201.75020249043084,30.75802620621902,-0.026359859810137748,follower_1,30.56218377805385,30.70044114242567,32.0,0.912833
1320,6.0,true_threat,ADA,follower_3,129,vehicle.audi.a2,follower,-4,left,0,[0],244.16029756397865,-201.7500315046827,28.784648882170632,0.06111150749261838,follower_2,42.38506472621117,28.797064566316184,31.244948,0.859204
1320,6.0,true_threat,ADA,follower_4,130,vehicle.nissan.patrol_2021,follower,-4,left,0,[0],216.13350163798523,-201.75043730261882,29.628021257567138,-0.2448659503147817,follower_3,23.433646748753453,29.413755744577774,32.0,1.061567
