frame,time_s,condition,controller,role,actor_id,blueprint,traffic_role,initial_lane_id,lane_name,lane_index,occupied_lane_indices,station_m,local_y_m,speed_mps,longitudinal_accel_mps2,leader_role,idm_gap_m,target_speed_mps,desired_speed_mps,time_headway_s
3867,0.05,empty_shadow,DREAM,occluder,121,vehicle.carlamotors.firetruck,occluder,-5,centre,1,[1],193.79112673597203,-205.25480517782503,18.634591322065976,0.15106223013240722,lead_centre,115.3143387521134,18.62269296371302,18.42783,1.163254
3867,0.05,empty_shadow,DREAM,lead_left,122,vehicle.tesla.model3,leader,-4,left,0,[0],314.5091763330596,-201.74977124584095,23.725205951167304,0.3725435377861722,,,23.713122079510967,24.333146,0.877731
3867,0.05,empty_shadow,DREAM,lead_centre,123,vehicle.nissan.patrol_2021,leader,-5,centre,1,[1],316.26305614400894,-205.25027176314566,21.4652684454618,0.8547970739382025,,,21.402992375283983,20.102401,0.907738
3867,0.05,empty_shadow,DREAM,lead_right,124,vehicle.tesla.model3,leader,-6,right,2,[2],317.85748132182636,-208.74995692583784,23.172582085804972,0.3492737408546159,,,23.163536044840594,23.765983,1.0518
3867,0.05,empty_shadow,DREAM,rear_centre,125,vehicle.nissan.patrol_2021,follower,-5,centre,1,[1],171.8297895273427,-205.24981538663994,19.259030634672275,0.9008410076115443,occluder,14.974797641018732,19.079270900544557,20.0,0.888602
3867,0.05,empty_shadow,DREAM,follower_1,126,vehicle.mercedes.coupe_2020,follower,-4,left,0,[0],145.00643344052662,-201.7894985516496,31.951748717132173,1.2520639763973296,ego,29.720517657301357,31.87038754227152,32.0,0.868232
3867,0.05,empty_shadow,DREAM,follower_2,127,vehicle.mercedes.coupe_2020,follower,-4,left,0,[0],109.92006653530265,-201.78915408481615,31.361468261245545,1.2477360690297663,follower_1,30.383202261787858,31.235883018417052,31.306896,0.898137
3867,0.05,empty_shadow,DREAM,follower_3,128,vehicle.audi.a2,follower,-4,left,0,[0],72.79779780292716,-201.75059423193903,28.23551332749014,5.638618748605041,follower_2,32.77250227276677,27.972890521380755,30.535483,0.93041
3867,0.05,empty_shadow,DREAM,follower_4,129,vehicle.mercedes.coupe_2020,follower,-4,left,0,[0],35.4572638733045,-201.79133247555734,29.951817365016232,1.2667291176413313,follower_3,33.240811550490776,29.734740293481956,29.801881,1.027143
3868,0.1,empty_shadow,DREAM,occluder,121,vehicle.carlamotors.firetruck,occluder,-5,centre,1,[1],194.72310309900362,-205.25477716006034,18.641730541158527,0.14278437783506776,lead_centre,115.45499429794474,18.63013348207242,18.42783,1.163254
3868,0.1,empty_shadow,DREAM,lead_left,122,vehicle.tesla.model3,leader,-4,left,0,[0],315.69612708292675,-201.74976305754583,23.74876743965285,0.47122977079874384,,,23.73156205473377,24.333146,0.877731
3868,0.1,empty_shadow,DREAM,lead_centre,123,vehicle.nissan.patrol_2021,leader,-5,centre,1,[1],317.33687823834947,-205.25030216760345,21.490462595647816,0.5038830102745339,,,21.445036093212796,20.102401,0.907738
3868,0.1,empty_shadow,DREAM,lead_right,124,vehicle.tesla.model3,leader,-6,right,2,[2],319.01675262994473,-208.74995818011809,23.195674359025013,0.4618454644221009,,,23.18076813871764,23.765983,1.0518
3868,0.1,empty_shadow,DREAM,rear_centre,125,vehicle.nissan.patrol_2021,follower,-5,centre,1,[1],172.7934431710625,-205.2498833740052,19.28625232171919,0.5444337421059443,occluder,14.944402098537175,19.119896103292955,20.0,0.888602
3868,0.1,empty_shadow,DREAM,follower_1,126,vehicle.mercedes.coupe_2020,follower,-4,left,0,[0],146.60546222220756,-201.78699993324437,31.999970193273242,0.9646752517390248,ego,29.78991533385239,31.932463008641324,32.0,0.868232
3868,0.1,empty_shadow,DREAM,follower_2,127,vehicle.mercedes.coupe_2020,follower,-4,left,0,[0],111.48953898703007,-201.7864977025792,31.40875988622483,0.9460715479954005,follower_1,30.41272808457579,31.297444307408647,31.306896,0.898137
3868,0.1,empty_shadow,DREAM,follower_3,128,vehicle.audi.a2,follower,-4,left,0,[0],74.2181164903692,-201.7505979851559,28.4909073220997,5.107879892051395,follower_2,32.93276458579956,28.25286214722032,30.535483,0.93041
3868,0.1,empty_shadow,DREAM,follower_4,129,vehicle.mercedes.coupe_2020,follower,-4,left,0,[0],36.95625577423783,-201.7880897854845,29.99885636207374,0.9410343982048059,follower_3,33.15102978304674,29.807636921434213,29.801881,1.027143
3869,0.15000000000000002,empty_shadow,DREAM,occluder,121,vehicle.carlamotors.firetruck,occluder,-5,centre,1,[1],195.65538464300408,-205.25476429697602,18.648444423538127,0.13427764396309652,lead_centre,115.59684002925368,18.637156615415815,18.42783,1.163254
3869,0.15000000000000002,empty_shadow,DREAM,lead_left,122,vehicle.tesla.model3,leader,-4,left,0,[0],316.8843290482188,-201.74973918362065,23.77296788955173,0.48400899910530787,,,23.75488611973469,24.333146,0.877731
3869,0.15000000000000002,empty_shadow,DREAM,lead_centre,123,vehicle.nissan.patrol_2021,leader,-5,centre,1,[1],318.4114937896751,-205.250332301381,21.501250539212247,0.21575887970134242,,,21.46981793485264,20.102401,0.907738
3869,0.15000000000000002,empty_shadow,DREAM,lead_right,124,vehicle.tesla.model3,leader,-6,right,2,[2],320.17730567106435,-208.7499437383575,23.22001213095525,0.4867554386432762,,,23.20355337077844,23.765983,1.0518
3869,0.15000000000000002,empty_shadow,DREAM,rear_centre,125,vehicle.nissan.patrol_2021,follower,-5,centre,1,[1],173.75795130171468,-205.24993581108052,19.299205129319198,0.2590561525237599,occluder,14.912724817848954,19.144330431956334,20.0,0.888602
3869,0.15000000000000002,empty_shadow,DREAM,follower_1,126,vehicle.mercedes.coupe_2020,follower,-4,left,0,[0],148.20653552534222,-201.7840428536718,32.03761602777431,0.7531010365817951,ego,29.85900801682854,31.980194966460378,32.0,0.868232
3869,0.15000000000000002,empty_shadow,DREAM,follower_2,127,vehicle.mercedes.coupe_2020,follower,-4,left,0,[0],113.0609949302639,-201.78339813878463,31.444783175900444,0.7206412276464259,follower_1,30.44228441452929,31.344176407029774,31.306896,0.898137
3869,0.15000000000000002,empty_shadow,DREAM,follower_3,128,vehicle.audi.a2,follower,-4,left,0,[0],75.64965038711956,-201.75059791241202,28.69739689505316,4.129791458920775,follower_2,33.08191835008495,28.50587815926955,30.535483,0.93041
3869,0.15000000000000002,empty_shadow,DREAM,follower_4,129,vehicle.mercedes.coupe_2020,follower,-4,left,0,[0],38.45718539551842,-201.78441918825837,30.033605460099285,0.6951572728546281,follower_3,33.07235656955544,29.863862853755922,29.801881,1.027143
3870,0.2,empty_shadow,DREAM,occluder,121,vehicle.carlamotors.firetruck,occluder,-5,centre,1,[1],196.58800186993358,-205.25472080179682,18.65471770956266,0.12546571759998926,lead_centre,115.73917403657882,18.643753344321112,18.42783,1.163254
3870,0.2,empty_shadow,DREAM,lead_left,122,vehicle.tesla.model3,leader,-4,left,0,[0],318.0735991338885,-201.74973020410644,23.79408034296953,0.4222490697040016,,,23.77884197071961,24.333146,0.877731
3870,0.2,empty_shadow,DREAM,lead_centre,123,vehicle.nissan.patrol_2021,leader,-5,centre,1,[1],319.48635348161145,-205.25036235187235,21.500058424204695,-0.023842290074866067,,,21.480428887052753,20.102401,0.907738
3870,0.2,empty_shadow,DREAM,lead_right,124,vehicle.tesla.model3,leader,-6,right,2,[2],321.33901838529073,-208.74994415977554,23.24175590930196,0.4348755670028605,,,23.22756654699878,23.765983,1.0518
3870,0.2,empty_shadow,DREAM,rear_centre,125,vehicle.nissan.patrol_2021,follower,-5,centre,1,[1],174.72276461333576,-205.25000340283623,19.300660435230693,0.029106117931114735,occluder,14.880498231197222,19.155843329949395,20.0,0.888602
3870,0.2,empty_shadow,DREAM,follower_1,126,vehicle.mercedes.coupe_2020,follower,-4,left,0,[0],149.80928717024673,-201.78071899059026,32.06713795658262,0.5905676823914211,ego,29.9276431027319,32.01720982794793,32.0,0.868232
3870,0.2,empty_shadow,DREAM,follower_2,127,vehicle.mercedes.coupe_2020,follower,-4,left,0,[0],114.63402242457195,-201.77999286307153,31.472138604844083,0.5472279477378509,follower_1,30.471901774430115,31.37983443912321,31.306896,0.898137
3870,0.2,empty_shadow,DREAM,follower_3,128,vehicle.audi.a2,follower,-4,left,0,[0],77.08940877069607,-201.75059503396352,28.843326238434525,2.918586867498077,follower_2,33.22184039656841,28.710129306032343,30.535483,0.93041
3870,0.2,empty_shadow,DREAM,follower_4,129,vehicle.mercedes.coupe_2020,follower,-4,left,0,[0],39.959564476746266,-201.78038188560413,30.05884226843612,0.5048456453499219,follower_3,33.002960845025214,29.906023137242556,29.801881,1.027143
3871,0.25,empty_shadow,DREAM,occluder,121,vehicle.carlamotors.firetruck,occluder,-5,centre,1,[1],197.52089376025566,-205.25469247170878,18.66053323310699,0.11631046881766288,lead_centre,115.88141650158569,18.649910282297938,18.42783,1.163254
3871,0.25,empty_shadow,DREAM,lead_left,122,vehicle.tesla.model3,leader,-4,left,0,[0],319.26378474164324,-201.7497056534807,23.809632874918016,0.31105064038455876,,,23.799740425260183,24.333146,0.877731
3871,0.25,empty_shadow,DREAM,lead_centre,123,vehicle.nissan.patrol_2021,leader,-5,centre,1,[1],320.56078592747895,-205.2503925481146,21.48863338252108,-0.2285008221983568,,,21.479256343464122,20.102401,0.907738
3871,0.25,empty_shadow,DREAM,lead_right,124,vehicle.tesla.model3,leader,-6,right,2,[2],322.50164662160216,-208.74992901008207,23.258286903285853,0.33061987974978585,,,23.24901946145476,23.765983,1.0518
3871,0.25,empty_shadow,DREAM,rear_centre,125,vehicle.nissan.patrol_2021,follower,-5,centre,1,[1],175.68739481429336,-205.25005579826845,19.29257708644264,-0.16166697689097886,occluder,14.848302146505667,19.156967045035294,20.0,0.888602
3871,0.25,empty_shadow,DREAM,follower_1,126,vehicle.mercedes.coupe_2020,follower,-4,left,0,[0],151.41328995249535,-201.77715056005604,32.089975095406636,0.4568253039037585,ego,29.99402000770936,32.04535432744456,32.0,0.868232
3871,0.25,empty_shadow,DREAM,follower_2,127,vehicle.mercedes.coupe_2020,follower,-4,left,0,[0],116.20816370110356,-201.7762667728134,31.49239880464624,0.40527723426924345,follower_1,30.501625925026595,31.40697521844493,31.306896,0.898137
3871,0.25,empty_shadow,DREAM,follower_3,128,vehicle.audi.a2,follower,-4,left,0,[0],78.53420255437018,-201.7505904377367,28.926177651953715,1.6570282702887742,follower_2,33.35510950729996,28.854322852989537,30.535483,0.93041
3871,0.25,empty_shadow,DREAM,follower_4,129,vehicle.mercedes.coupe_2020,follower,-4,left,0,[0],41.46298107228375,-201.77610008837263,30.07627282474243,0.34866997029019986,follower_3,32.940340147373874,29.936243944374894,29.801881,1.027143
3872,0.3,empty_shadow,DREAM,occluder,121,vehicle.carlamotors.firetruck,occluder,-5,centre,1,[1],198.45409083675196,-205.25469455508932,18.665883365502914,0.1070026466262377,lead_centre,116.02295705713117,18.655611652019587,18.42783,1.163254
3872,0.3,empty_shadow,DREAM,lead_left,122,vehicle.tesla.model3,leader,-4,left,0,[0],320.45458070613034,-201.74969615342758,23.818597425283382,0.17929100891600366,,,23.815134949695675,24.333146,0.877731
3872,0.3,empty_shadow,DREAM,lead_centre,123,vehicle.nissan.patrol_2021,leader,-5,centre,1,[1],321.63442491115603,-205.2504077562489,21.468203747071463,-0.40859269637064805,,,21.468018706119427,20.102401,0.907738
3872,0.3,empty_shadow,DREAM,lead_right,124,vehicle.tesla.model3,leader,-6,right,2,[2],323.6648852146459,-208.74992891096122,23.268454982472182,0.20336158382831757,,,23.265328775401326,23.765983,1.0518
3872,0.3,empty_shadow,DREAM,rear_centre,125,vehicle.nissan.patrol_2021,follower,-5,centre,1,[1],176.65135363377664,-205.25012368152593,19.276313115115208,-0.3252794282561343,occluder,14.816563835870134,19.14948110450216,20.0,0.888602
3872,0.3,empty_shadow,DREAM,follower_1,126,vehicle.mercedes.coupe_2020,follower,-4,left,0,[0],153.01826921390096,-201.77333765576617,32.10682863318048,0.33711668811738116,ego,30.057986091825292,32.0669999488776,32.0,0.868232
3872,0.3,empty_shadow,DREAM,follower_2,127,vehicle.mercedes.coupe_2020,follower,-4,left,0,[0],117.7831594125137,-201.77237254438353,31.506356537658405,0.27919276717507113,follower_1,30.53148743074361,31.42714324061183,31.306896,0.898137
3872,0.3,empty_shadow,DREAM,follower_3,128,vehicle.audi.a2,follower,-4,left,0,[0],79.98111730960058,-201.75058511796084,28.95232358732112,0.5229187072585422,follower_2,33.48445700015745,28.936169661533246,30.535483,0.93041
3872,0.3,empty_shadow,DREAM,follower_4,129,vehicle.mercedes.coupe_2020,follower,-4,left,0,[0],42.96708426644065,-201.7716807278051,30.086821537961374,0.21099836404322872,follower_3,32.8817173355105,29.95610109079625,29.801881,1.027143
3873,0.35000000000000003,empty_shadow,DREAM,occluder,121,vehicle.carlamotors.firetruck,occluder,-5,centre,1,[1],199.38753207468065,-205.25475759033634,18.67075856813256,0.09750405220997949,lead_centre,116.1633989643119,18.660850660645572,18.42783,1.163254
3873,0.35000000000000003,empty_shadow,DREAM,lead_left,122,vehicle.tesla.model3,leader,-4,left,0,[0],321.64559029365194,-201.74968658049903,23.82125628005712,0.05317709705256098,,,23.82400828302422,24.333146,0.877731
3873,0.35000000000000003,empty_shadow,DREAM,lead_centre,123,vehicle.nissan.patrol_2021,leader,-5,centre,1,[1],322.70684319698444,-205.25043863960246,21.439583956691553,-0.5723957944474212,,,21.447923432533234,20.102401,0.907738
3873,0.35000000000000003,empty_shadow,DREAM,lead_right,124,vehicle.tesla.model3,leader,-6,right,2,[2],324.82849001860586,-208.74992868691103,23.272458511142723,0.08007057354600268,,,23.27536026601409,23.765983,1.0518
3873,0.35000000000000003,empty_shadow,DREAM,rear_centre,125,vehicle.nissan.patrol_2021,follower,-5,centre,1,[1],177.6143053732404,-205.2501919083391,19.252726828120245,-0.4717257416716547,occluder,14.785802092883166,19.13461644251395,20.0,0.888602
3873,0.35000000000000003,empty_shadow,DREAM,follower_1,126,vehicle.mercedes.coupe_2020,follower,-4,left,0,[0],154.62385876957424,-201.7693566965908,32.11788118788239,0.22107112615109328,ego,30.12366122788682,32.085574065314596,32.0,0.868232
3873,0.35000000000000003,empty_shadow,DREAM,follower_2,127,vehicle.mercedes.coupe_2020,follower,-4,left,0,[0],119.35867387587325,-201.7683408098769,31.51429557337347,0.15879524320883484,follower_1,30.56147098073906,31.441116019347263,31.306896,0.898137
3873,0.35000000000000003,empty_shadow,DREAM,follower_3,128,vehicle.audi.a2,follower,-4,left,0,[0],81.42778792422018,-201.7505798814712,28.93428578849762,-0.3607559765536443,follower_2,33.61253795633719,28.962058517975038,30.535483,0.93041
3873,0.35000000000000003,empty_shadow,DREAM,follower_4,129,vehicle.mercedes.coupe_2020,follower,-4,left,0,[0],44.47147735675128,-201.76720023318245,30.090879136473202,0.08115675345453564,follower_3,32.824528896584,29.966808605474757,29.801881,1.027143
3874,0.4,empty_shadow,DREAM,occluder,121,vehicle.carlamotors.firetruck,occluder,-5,centre,1,[1],200.32118694084915,-205.2548358114961,18.675143578900464,0.08770021592296892,lead_centre,116.30237601221167,18.66561834983661,18.42783,1.163254
3874,0.4,empty_shadow,DREAM,lead_left,122,vehicle.tesla.model3,leader,-4,left,0,[0],322.8365693583918,-201.7496617591931,23.818839680145704,-0.04833199652968727,,,23.826640063327314,24.333146,0.877731
3874,0.4,empty_shadow,DREAM,lead_centre,123,vehicle.nissan.patrol_2021,leader,-5,centre,1,[1],323.777644046061,-205.25045481593907,21.403378640353854,-0.7241063128895253,,,21.419770445693878,20.102401,0.907738
3874,0.4,empty_shadow,DREAM,lead_right,124,vehicle.tesla.model3,leader,-6,right,2,[2],325.9920642997841,-208.74991321448343,23.271451434473093,-0.020141533247388755,,,23.279309965827288,23.765983,1.0518
3874,0.4,empty_shadow,DREAM,rear_centre,125,vehicle.nissan.patrol_2021,follower,-5,centre,1,[1],178.575944841305,-205.25021480645117,19.22241522475654,-0.6062320684844279,occluder,14.75629159134807,19.113142468303305,20.0,0.888602
3874,0.4,empty_shadow,DREAM,follower_1,126,vehicle.mercedes.coupe_2020,follower,-4,left,0,[0],156.22987555049485,-201.76531455651184,32.12308673596114,0.10411579526309393,ego,30.192784860486597,32.09781980055424,32.0,0.868232
3874,0.4,empty_shadow,DREAM,follower_2,127,vehicle.mercedes.coupe_2020,follower,-4,left,0,[0],120.9344172002339,-201.7642479621367,31.516217642992576,0.038443529178399743,follower_1,30.591546073052797,31.44916924959834,31.306896,0.898137
3874,0.4,empty_shadow,DREAM,follower_3,128,vehicle.audi.a2,follower,-4,left,0,[0],82.8725206727416,-201.7505753060659,28.887286806236244,-0.9399796452318001,follower_2,33.74138180507714,28.944351518541904,30.535483,0.93041
3874,0.4,empty_shadow,DREAM,follower_4,129,vehicle.mercedes.coupe_2020,follower,-4,left,0,[0],45.975916223426424,-201.76271972294364,30.088525787312616,-0.04706747781970036,follower_3,32.766806420892976,29.969316393139763,29.801881,1.027143
3875,0.45,empty_shadow,DREAM,occluder,121,vehicle.carlamotors.firetruck,occluder,-5,centre,1,[1],201.25505542484672,-205.25489870099221,18.67903076795578,0.07774378237030256,lead_centre,116.43952199511975,18.66989998914081,18.42783,1.163254
3875,0.45,empty_shadow,DREAM,lead_left,122,vehicle.tesla.model3,leader,-4,left,0,[0],324.0273042877262,-201.74965227996154,23.813016556480484,-0.11646247137460325,,,23.824248071439662,24.333146,0.877731
3875,0.45,empty_shadow,DREAM,lead_centre,123,vehicle.nissan.patrol_2021,leader,-5,centre,1,[1],324.8464307194824,-205.2504259030225,21.360076079617492,-0.866051200503399,,,21.384152984429754,20.102401,0.907738
3875,0.45,empty_shadow,DREAM,lead_right,124,vehicle.tesla.model3,leader,-6,right,2,[2],327.15551651586225,-208.74991304248715,23.26705690721031,-0.08789054505066513,,,23.27831643227468,23.765983,1.0518
3875,0.45,empty_shadow,DREAM,rear_centre,125,vehicle.nissan.patrol_2021,follower,-5,centre,1,[1],179.53584478669612,-205.25017726282488,19.18578838796486,-0.7325367355137803,occluder,14.728306989451987,19.08558810842039,20.0,0.888602
3875,0.45,empty_shadow,DREAM,follower_1,126,vehicle.mercedes.coupe_2020,follower,-4,left,0,[0],157.8359838893499,-201.76128764398874,32.122277413682056,-0.01618674251609506,ego,30.26380055679308,32.10374056226232,32.0,0.868232
3875,0.45,empty_shadow,DREAM,follower_2,127,vehicle.mercedes.coupe_2020,follower,-4,left,0,[0],122.51005371828268,-201.76017040962242,31.512010279056003,-0.0841472607883593,follower_1,30.62181952961277,31.451303230461292,31.306896,0.898137
3875,0.45,empty_shadow,DREAM,follower_3,128,vehicle.audi.a2,follower,-4,left,0,[0],84.31447632181523,-201.75057167804144,28.825296061694598,-1.239814890677513,follower_2,33.87239238091637,28.898032046208,30.535483,0.93041
3875,0.45,empty_shadow,DREAM,follower_4,129,vehicle.mercedes.coupe_2020,follower,-4,left,0,[0],47.4800651887424,-201.75828508797173,30.079717981492067,-0.17614987572678492,follower_3,32.70710030273925,29.964391832596938,29.801881,1.027143
3876,0.5,empty_shadow,DREAM,occluder,121,vehicle.carlamotors.firetruck,occluder,-5,centre,1,[1],202.1891375370841,-205.25497677640107,18.68240487761685,0.0674821948945833,lead_centre,116.57444018454352,18.67368824391829,18.42783,1.163254
3876,0.5,empty_shadow,DREAM,lead_left,122,vehicle.tesla.model3,leader,-4,left,0,[0],325.21773403609177,-201.74962764604956,23.805442486106326,-0.15148140559088466,,,23.818484213367913,24.333146,0.877731
3876,0.5,empty_shadow,DREAM,lead_centre,123,vehicle.nissan.patrol_2021,leader,-5,centre,1,[1],325.9128370063323,-205.25035202578204,21.3101245041929,-0.9990314957857925,,,21.34154960773048,20.102401,0.907738
3876,0.5,empty_shadow,DREAM,lead_right,124,vehicle.tesla.model3,leader,-6,right,2,[2],328.318694068548,-208.74989770539966,23.26091143369815,-0.12290947001558228,,,23.273980981823634,23.765983,1.0518
3876,0.5,empty_shadow,DREAM,rear_centre,125,vehicle.nissan.patrol_2021,follower,-5,centre,1,[1],180.49379160720088,-205.25014038548835,19.14321253207007,-0.8515171157654307,occluder,14.70227552805843,19.05231351867075,20.0,0.888602
3876,0.5,empty_shadow,DREAM,follower_1,126,vehicle.mercedes.coupe_2020,follower,-4,left,0,[0],159.44187861558132,-201.75729132191742,32.115323713702274,-0.1390705118852842,ego,30.335792737461908,32.103318190205506,32.0,0.868232
3876,0.5,empty_shadow,DREAM,follower_2,127,vehicle.mercedes.coupe_2020,follower,-4,left,0,[0],124.08530879785945,-201.7561845399719,31.50157076039285,-0.20878363617120915,follower_1,30.65229135041905,31.447404957039517,31.306896,0.898137
3876,0.5,empty_shadow,DREAM,follower_3,128,vehicle.audi.a2,follower,-4,left,0,[0],85.75327340173675,-201.75056912753243,28.758992801011228,-1.3260652132840471,follower_2,34.006073249891514,28.83685288441531,30.535483,0.93041
3876,0.5,empty_shadow,DREAM,follower_4,129,vehicle.mercedes.coupe_2020,follower,-4,left,0,[0],48.9835428298434,-201.75403378749505,30.064416271007435,-0.3060117503082514,follower_3,32.644906986496906,29.952645970529588,29.801881,1.027143
3877,0.55,empty_shadow,DREAM,occluder,121,vehicle.carlamotors.firetruck,occluder,-5,centre,1,[1],203.12331120205053,-205.25505482057758,18.685256370276505,0.05702985467556762,lead_centre,116.70676435915607,18.676968256407886,18.42783,1.163254
3877,0.55,empty_shadow,DREAM,lead_left,122,vehicle.tesla.model3,leader,-4,left,0,[0],326.40776706117015,-201.7496184062659,23.797410653212815,-0.1606366557215155,,,23.810987164047727,24.333146,0.877731
3877,0.55,empty_shadow,DREAM,lead_centre,123,vehicle.nissan.patrol_2021,leader,-5,centre,1,[1],326.97661878682163,-205.25029430265664,21.25399503025462,-1.1225894684126625,,,21.292399309843827,20.102401,0.907738
3877,0.55,empty_shadow,DREAM,lead_right,124,vehicle.tesla.model3,leader,-6,right,2,[2],329.48150541552286,-208.7498977520297,23.25431391936233,-0.13195028640848894,,,23.267918067446022,23.765983,1.0518
3877,0.55,empty_shadow,DREAM,rear_centre,125,vehicle.nissan.patrol_2021,follower,-5,centre,1,[1],181.4494801270558,-205.2501042785494,19.095019535337133,-0.9638599308495449,occluder,14.67841081979105,19.0136310934146,20.0,0.888602
3877,0.55,empty_shadow,DREAM,follower_1,126,vehicle.mercedes.coupe_2020,follower,-4,left,0,[0],161.04722406187614,-201.7534019987573,32.10219547953481,-0.262550045606727,ego,30.408028959839143,32.096545913667455,32.0,0.868232
3877,0.55,empty_shadow,DREAM,follower_2,127,vehicle.mercedes.coupe_2020,follower,-4,left,0,[0],125.65983149724694,-201.75232099048546,31.484891912965946,-0.3335565231191002,follower_1,30.68293099707366,31.437371784205155,31.306896,0.898137
3877,0.55,empty_shadow,DREAM,follower_3,128,vehicle.audi.a2,follower,-4,left,0,[0],87.18891191250609,-201.7505676545389,28.69571840952281,-1.2654878291153968,follower_2,34.14253124954678,28.771345168383498,30.535483,0.93041
3877,0.55,empty_shadow,DREAM,follower_4,129,vehicle.mercedes.coupe_2020,follower,-4,left,0,[0],50.48610500611855,-201.74996590479978,30.042653867406216,-0.4352028022740757,follower_3,32.58022642531742,29.934564359923986,29.801881,1.027143
3878,0.6000000000000001,empty_shadow,DREAM,occluder,121,vehicle.carlamotors.firetruck,occluder,-5,centre,1,[1],204.0576679620643,-205.2551022847131,18.687575709223594,0.04638677977968443,lead_centre,116.8363724746789,18.679730792414365,18.42783,1.163254
3878,0.6000000000000001,empty_shadow,DREAM,lead_left,122,vehicle.tesla.model3,leader,-4,left,0,[0],327.59743387533234,-201.74960929141156,23.789727864525503,-0.15365577165454264,,,23.803036926939306,24.333146,0.877731
3878,0.6000000000000001,empty_shadow,DREAM,lead_centre,123,vehicle.nissan.patrol_2021,leader,-5,centre,1,[1],328.03744035719967,-205.2502223305885,21.19217593826844,-1.2363818314636366,,,21.237163515454696,20.102401,0.907738
3878,0.6000000000000001,empty_shadow,DREAM,lead_right,124,vehicle.tesla.model3,leader,-6,right,2,[2],330.64404210431064,-208.74989789235676,23.248082615879028,-0.12462606933411377,,,23.261409112220388,23.765983,1.0518
3878,0.6000000000000001,empty_shadow,DREAM,rear_centre,125,vehicle.nissan.patrol_2021,follower,-5,centre,1,[1],182.4026051757028,-205.2500843049039,19.04160040436407,-1.0683826144639859,occluder,14.656895964902567,18.96981943868345,20.0,0.888602
3878,0.6000000000000001,empty_shadow,DREAM,follower_1,126,vehicle.mercedes.coupe_2020,follower,-4,left,0,[0],162.65174560127957,-201.7497113209345,32.082977140199695,-0.38433556613494724,ego,30.480020906265473,32.083485237590544,32.0,0.868232
3878,0.6000000000000001,empty_shadow,DREAM,follower_2,127,vehicle.mercedes.coupe_2020,follower,-4,left,0,[0],127.2333929606495,-201.74865613318477,31.46208112366852,-0.45617676940403384,follower_1,30.713753743981,31.42119534513853,31.306896,0.898137
3878,0.6000000000000001,empty_shadow,DREAM,follower_3,128,vehicle.audi.a2,follower,-4,left,0,[0],88.62172754746314,-201.75056714454234,28.639741533388985,-1.119537521684909,follower_2,34.28141543816493,28.70876655381822,30.535483,0.93041
3878,0.6000000000000001,empty_shadow,DREAM,follower_4,129,vehicle.mercedes.coupe_2020,follower,-4,left,0,[0],51.98735502030772,-201.7461731279551,30.01457277938926,-0.561549938262132,follower_3,32.51330275981161,29.910559679255975,29.801881,1.027143
3879,0.6500000000000001,empty_shadow,DREAM,occluder,121,vehicle.carlamotors.firetruck,occluder,-5,centre,1,[1],204.99205524485978,-205.25516499722602,18.689351452005905,0.03551485600958492,lead_centre,116.96283728504321,18.681966624998367,18.42783,1.163254
3879,0.6500000000000001,empty_shadow,DREAM,lead_left,122,vehicle.tesla.model3,leader,-4,left,0,[0],328.7866734382203,-201.74958506351993,23.782689760066766,-0.1407620869742427,,,23.7954321108079,24.333146,0.877731
3879,0.6500000000000001,empty_shadow,DREAM,lead_centre,123,vehicle.nissan.patrol_2021,leader,-5,centre,1,[1],329.09502706448467,-205.2501514620628,21.125187935232237,-1.3397600552784663,,,21.176320532272953,20.102401,0.907738
3879,0.6500000000000001,empty_shadow,DREAM,lead_right,124,vehicle.tesla.model3,leader,-6,right,2,[2],331.8062736121295,-208.74988287800338,23.24253032764591,-0.11104576436785865,,,23.255261382974293,23.765983,1.0518
3879,0.6500000000000001,empty_shadow,DREAM,rear_centre,125,vehicle.nissan.patrol_2021,follower,-5,centre,1,[1],183.3528920845439,-205.2500500406726,18.983340423116918,-1.165199619157239,occluder,14.638127676269345,18.921212729777142,20.0,0.888602
3879,0.6500000000000001,empty_shadow,DREAM,follower_1,126,vehicle.mercedes.coupe_2020,follower,-4,left,0,[0],164.25513804761738,-201.74618887498036,32.057875279396974,-0.5019860107921897,ego,30.55149386129448,32.06428380324781,32.0,0.868232
3879,0.6500000000000001,empty_shadow,DREAM,follower_2,127,vehicle.mercedes.coupe_2020,follower,-4,left,0,[0],128.80561173397888,-201.7452358745691,31.433358376340635,-0.5743945503381582,follower_1,30.744713819981897,31.398979727801514,31.306896,0.898137
3879,0.6500000000000001,empty_shadow,DREAM,follower_3,128,vehicle.audi.a2,follower,-4,left,0,[0],90.05260531632202,-201.75056729563016,28.60650406817929,-0.6647493029148547,follower_2,34.42216126661043,28.653350358070774,30.535483,0.93041
3879,0.6500000000000001,empty_shadow,DREAM,follower_4,129,vehicle.mercedes.coupe_2020,follower,-4,left,0,[0],53.487033483422664,-201.74268606302897,29.98039895984399,-0.6833770793894267,follower_3,32.44486838057949,29.881006126850405,29.801881,1.027143
3880,0.7000000000000001,empty_shadow,DREAM,occluder,121,vehicle.carlamotors.firetruck,occluder,-5,centre,1,[1],205.92659512074243,-205.2552429164732,18.690572153387205,0.024414026961731557,lead_centre,117.0860367095327,18.683664691411614,18.42783,1.163254
3880,0.7000000000000001,empty_shadow,DREAM,lead_left,122,vehicle.tesla.model3,leader,-4,left,0,[0],329.975638368948,-201.7496372232662,23.776189528179465,-0.1300046354835726,,,23.788465369741168,24.333146,0.877731
3880,0.7000000000000001,empty_shadow,DREAM,lead_centre,123,vehicle.nissan.patrol_2021,leader,-5,centre,1,[1],330.14904321533686,-205.2500818115981,21.053586059757095,-1.432037506884989,,,21.11038065420599,20.102401,0.907738
3880,0.7000000000000001,empty_shadow,DREAM,lead_right,124,vehicle.tesla.model3,leader,-6,right,2,[2],332.96826098454295,-208.74988320572442,23.23754643015459,-0.09967794945606996,,,23.249783505430997,23.765983,1.0518
3880,0.7000000000000001,empty_shadow,DREAM,rear_centre,125,vehicle.nissan.patrol_2021,follower,-5,centre,1,[1],184.30015775332646,-205.25001680710827,18.9206897274053,-1.2530139088653622,occluder,14.622228050223729,18.868133795563928,20.0,0.888602
3880,0.7000000000000001,empty_shadow,DREAM,follower_1,126,vehicle.mercedes.coupe_2020,follower,-4,left,0,[0],165.85709626156378,-201.7429415765199,32.027207124687095,-0.6132903723504797,ego,30.62229522663364,32.03918627466168,32.0,0.868232
3880,0.7000000000000001,empty_shadow,DREAM,follower_2,127,vehicle.mercedes.coupe_2020,follower,-4,left,0,[0],130.37622843345235,-201.7421060794946,31.399033313213053,-0.6864187224791369,follower_1,30.77588749299032,31.370940639436242,31.306896,0.898137
3880,0.7000000000000001,empty_shadow,DREAM,follower_3,128,vehicle.audi.a2,follower,-4,left,0,[0],91.4819572063634,-201.75056796725687,28.57512245328817,-0.6276322964543505,follower_2,34.563502271080935,28.620378763787297,30.535483,0.93041
3880,0.7000000000000001,empty_shadow,DREAM,follower_4,129,vehicle.mercedes.coupe_2020,follower,-4,left,0,[0],54.98483522490528,-201.73952007291732,29.940474662471935,-0.7983605049982991,follower_3,32.376067686323424,29.846935338484208,29.801881,1.027143
3881,0.7500000000000001,empty_shadow,DREAM,occluder,121,vehicle.carlamotors.firetruck,occluder,-5,centre,1,[1],206.86116551420142,-205.2553208253096,18.6912282757079,0.013122444278834099,lead_centre,117.20551298450223,18.6848139587368,18.42783,1.163254
3881,0.7500000000000001,empty_shadow,DREAM,lead_left,122,vehicle.tesla.model3,leader,-4,left,0,[0],331.16423709917035,-201.74972002551812,23.769899101513438,-0.1258085316164293,,,23.782030991191693,24.333146,0.877731
3881,0.7500000000000001,empty_shadow,DREAM,lead_centre,123,vehicle.nissan.patrol_2021,leader,-5,centre,1,[1],331.19939725702704,-205.25001341042673,20.977936794596452,-1.512985303131593,,,21.039888123744454,20.102401,0.907738
3881,0.7500000000000001,empty_shadow,DREAM,lead_right,124,vehicle.tesla.model3,leader,-6,right,2,[2],334.1300042111402,-208.74986835794348,23.23278378483573,-0.09525290603225042,,,23.244866355765023,23.765983,1.0518
3881,0.7500000000000001,empty_shadow,DREAM,rear_centre,125,vehicle.nissan.patrol_2021,follower,-5,centre,1,[1],185.244158046645,-205.24999994628533,18.85408509957304,-1.3320925519382758,occluder,14.609502257323822,18.810967753816893,20.0,0.888602
3881,0.7500000000000001,empty_shadow,DREAM,follower_1,126,vehicle.mercedes.coupe_2020,follower,-4,left,0,[0],167.45734559534242,-201.74000003682653,31.99135856834643,-0.716877222447825,ego,30.692302874718273,32.00852870201705,32.0,0.868232
3881,0.7500000000000001,empty_shadow,DREAM,follower_2,127,vehicle.mercedes.coupe_2020,follower,-4,left,0,[0],131.94498365967087,-201.7392668364528,31.359507100817634,-0.790420666001849,follower_1,30.807229007463256,31.33738226736066,31.306896,0.898137
3881,0.7500000000000001,empty_shadow,DREAM,follower_3,128,vehicle.audi.a2,follower,-4,left,0,[0],92.9121635885426,-201.75056834738177,28.633376692431934,1.165084784163842,follower_2,34.70476708051301,28.589216866248343,30.535483,0.93041
3881,0.7500000000000001,empty_shadow,DREAM,follower_4,129,vehicle.mercedes.coupe_2020,follower,-4,left,0,[0],56.48045509501907,-201.73675155566883,29.89520689508415,-0.9052070989256232,follower_3,32.307617834882194,29.80760887367545,29.801881,1.027143
3882,0.8,empty_shadow,DREAM,occluder,121,vehicle.carlamotors.firetruck,occluder,-5,centre,1,[1],207.79573590245502,-205.25538347535786,18.691310282325166,0.0016401287445862336,lead_centre,117.32129663273349,18.68540530363033,18.42783,1.163254
3882,0.8,empty_shadow,DREAM,lead_left,122,vehicle.tesla.model3,leader,-4,left,0,[0],332.3525001360528,-201.74980294228862,23.763377880177323,-0.13042442601149565,,,23.775804240939483,24.333146,0.877731
3882,0.8,empty_shadow,DREAM,lead_centre,123,vehicle.nissan.patrol_2021,leader,-5,centre,1,[1],332.24584505415,-205.24996160062307,20.897913983291144,-1.6004562278857797,,,20.9653986786723,20.102401,0.907738
3882,0.8,empty_shadow,DREAM,lead_right,124,vehicle.tesla.model3,leader,-6,right,2,[2],335.2915033023321,-208.74986885223697,23.227815146363948,-0.09937276905903948,,,23.240167454991134,23.765983,1.0518
3882,0.8,empty_shadow,DREAM,rear_centre,125,vehicle.nissan.patrol_2021,follower,-5,centre,1,[1],186.1847098538361,-205.24998426188026,18.78338348896842,-1.4140322085796198,occluder,14.600072357464242,18.750085695523815,20.0,0.888602
3882,0.8,empty_shadow,DREAM,follower_1,126,vehicle.mercedes.coupe_2020,follower,-4,left,0,[0],169.05570294870054,-201.737379577153,31.95077457777674,-0.8115666109637826,ego,30.761333663652564,31.972701962100228,32.0,0.868232
3882,0.8,empty_shadow,DREAM,follower_2,127,vehicle.mercedes.coupe_2020,follower,-4,left,0,[0],133.51160277526893,-201.7367792742935,31.315230427867384,-0.8854113772828452,follower_1,30.838723115023328,31.298698239637027,31.306896,0.898137
3882,0.8,empty_shadow,DREAM,follower_3,128,vehicle.audi.a2,follower,-4,left,0,[0],94.34624570291814,-201.75056740533793,28.697185131352402,1.2761687795062366,follower_2,34.84331592455236,28.646616211990047,30.535483,0.93041
3882,0.8,empty_shadow,DREAM,follower_4,129,vehicle.mercedes.coupe_2020,follower,-4,left,0,[0],57.97367946552416,-201.73436532537073,29.84506548303406,-1.0026621710639796,follower_3,32.2422043469476,29.767888901905064,29.801881,1.027143
3883,0.8500000000000001,empty_shadow,DREAM,occluder,121,vehicle.carlamotors.firetruck,occluder,-5,centre,1,[1],208.73030629591398,-205.25546138419426,18.690808636595186,-0.010032919554246024,lead_centre,117.43317404160284,18.685428960183962,18.42783,1.163254
3883,0.8500000000000001,empty_shadow,DREAM,lead_left,122,vehicle.tesla.model3,leader,-4,left,0,[0],333.54045799717176,-201.74988596316686,23.75627872759521,-0.14198305171579115,,,23.76934897894546,24.333146,0.877731
3883,0.8500000000000001,empty_shadow,DREAM,lead_centre,123,vehicle.nissan.patrol_2021,leader,-5,centre,1,[1],333.2881729732604,-205.24989593748623,20.813025529371075,-1.6977690808092558,,,20.886589159694605,20.102401,0.907738
3883,0.8500000000000001,empty_shadow,DREAM,lead_right,124,vehicle.tesla.model3,leader,-6,right,2,[2],336.4526972177605,-208.74986945063822,23.22227430288654,-0.11081686920837716,,,23.235265276363705,23.765983,1.0518
3883,0.8500000000000001,empty_shadow,DREAM,rear_centre,125,vehicle.nissan.patrol_2021,follower,-5,centre,1,[1],187.12156902908356,-205.24995457839114,18.707060923372662,-1.526451309427011,occluder,14.594090938526737,18.68533027264495,20.0,0.888602
3883,0.8500000000000001,empty_shadow,DREAM,follower_1,126,vehicle.mercedes.coupe_2020,follower,-4,left,0,[0],170.65186316669624,-201.73514133675985,31.90594391315855,-0.8964839557925155,ego,30.829418074575152,31.93214656871699,32.0,0.868232
3883,0.8500000000000001,empty_shadow,DREAM,follower_2,127,vehicle.mercedes.coupe_2020,follower,-4,left,0,[0],135.07590267478835,-201.7346434554813,31.266699665859377,-0.9704785118640311,follower_1,30.87046135278341,31.255331727383297,31.306896,0.898137
3883,0.8500000000000001,empty_shadow,DREAM,follower_3,128,vehicle.audi.a2,follower,-4,left,0,[0],95.78252508279083,-201.7505657137181,28.729886620801285,0.6540297897172296,follower_2,34.97585292577486,28.709398399189713,30.535483,0.93041
3883,0.8500000000000001,empty_shadow,DREAM,follower_4,129,vehicle.mercedes.coupe_2020,follower,-4,left,0,[0],59.46427947021408,-201.73240723646842,29.790560142476277,-1.0899287403091364,follower_3,32.183062090818055,29.72384182293276,29.801881,1.027143
3884,0.9000000000000001,empty_shadow,DREAM,occluder,121,vehicle.carlamotors.firetruck,occluder,-5,centre,1,[1],209.66487668416758,-205.2555240342425,18.68971952394102,-0.02178225917071186,lead_centre,117.54093156725422,18.684875001978487,18.42783,1.163254
3884,0.9000000000000001,empty_shadow,DREAM,lead_left,122,vehicle.tesla.model3,leader,-4,left,0,[0],334.72804964737463,-201.74996910897448,23.748397556158167,-0.15762342946256622,,,23.762321569522985,24.333146,0.877731
3884,0.9000000000000001,empty_shadow,DREAM,lead_centre,123,vehicle.nissan.patrol_2021,leader,-5,centre,1,[1],334.3261979141056,-205.24983174226904,20.72497278807707,-1.7610548277688347,,,20.802972624816384,20.102401,0.907738
3884,0.9000000000000001,empty_shadow,DREAM,lead_right,124,vehicle.tesla.model3,leader,-6,right,2,[2],337.61364698737265,-208.74985487353752,23.21594000205472,-0.12668601631966364,,,23.22979849618601,23.765983,1.0518
3884,0.9000000000000001,empty_shadow,DREAM,rear_centre,125,vehicle.nissan.patrol_2021,follower,-5,centre,1,[1],188.0544609194056,-205.2499262483031,18.62667570792659,-1.6077043078609357,occluder,14.591802156738265,18.615274597864214,20.0,0.888602
3884,0.9000000000000001,empty_shadow,DREAM,follower_1,126,vehicle.mercedes.coupe_2020,follower,-4,left,0,[0],172.24567365103698,-201.7332548501246,31.857364771344457,-0.9714415847080927,ego,30.896495015074045,31.887341292858498,32.0,0.868232
3884,0.9000000000000001,empty_shadow,DREAM,follower_2,127,vehicle.mercedes.coupe_2020,follower,-4,left,0,[0],136.6376392228238,-201.73287472209063,31.214428236312457,-1.045281755812797,follower_1,30.902321671259685,31.20777005749993,31.306896,0.898137
3884,0.9000000000000001,empty_shadow,DREAM,follower_3,128,vehicle.audi.a2,follower,-4,left,0,[0],97.21930800267327,-201.75056385032042,28.732413854073055,0.050544665914102414,follower_2,35.1038734454216,28.74138656983755,30.535483,0.93041
3884,0.9000000000000001,empty_shadow,DREAM,follower_4,129,vehicle.mercedes.coupe_2020,follower,-4,left,0,[0],60.952056739637214,-201.73086209784375,29.732219493525992,-1.1666293356306257,follower_3,32.12874146600082,29.67411951966055,29.801881,1.027143
3885,0.9500000000000001,empty_shadow,DREAM,occluder,121,vehicle.carlamotors.firetruck,occluder,-5,centre,1,[1],210.5992334545921,-205.25560201595437,18.688031501224746,-0.033760460904613064,lead_centre,117.64438611984582,18.68374078508874,18.42783,1.163254
3885,0.9500000000000001,empty_shadow,DREAM,lead_left,122,vehicle.tesla.model3,leader,-4,left,0,[0],335.915183518316,-201.7500066345792,23.73971720027558,-0.1736071182621379,,,23.75451996893166,24.333146,0.877731
3885,0.9500000000000001,empty_shadow,DREAM,lead_centre,123,vehicle.nissan.patrol_2021,leader,-5,centre,1,[1],335.359706253651,-205.24976908784694,20.635256842886125,-1.794318903898291,,,20.716222872242195,20.102401,0.907738
3885,0.9500000000000001,empty_shadow,DREAM,lead_right,124,vehicle.tesla.model3,leader,-6,right,2,[2],338.77423055127406,-208.74985568015433,23.20877600508012,-0.14327993913915182,,,23.22354879971184,23.765983,1.0518
3885,0.9500000000000001,empty_shadow,DREAM,rear_centre,125,vehicle.nissan.patrol_2021,follower,-5,centre,1,[1],188.98332448964956,-205.24989929243773,18.544056990049448,-1.6523743575777088,occluder,14.593480654669804,18.541313418323213,20.0,0.888602
3885,0.9500000000000001,empty_shadow,DREAM,follower_1,126,vehicle.mercedes.coupe_2020,follower,-4,left,0,[0],173.83698180863567,-201.73170491051295,31.805550489946327,-1.0361371706793396,ego,30.962381364074986,31.838771308375158,32.0,0.868232
3885,0.9500000000000001,empty_shadow,DREAM,follower_2,127,vehicle.mercedes.coupe_2020,follower,-4,left,0,[0],138.19665984190425,-201.73150364375172,31.158931343956375,-1.109785990719419,follower_1,30.934395607564994,31.156518013063724,31.306896,0.898137
3885,0.9500000000000001,empty_shadow,DREAM,follower_3,128,vehicle.audi.a2,follower,-4,left,0,[0],98.65526694799428,-201.75056226801374,28.709119401512446,-0.46588905097616534,follower_2,35.2288270735746,28.743556411326075,30.535483,0.93041
3885,0.9500000000000001,empty_shadow,DREAM,follower_4,129,vehicle.mercedes.coupe_2020,follower,-4,left,0,[0],62.436782391970894,-201.72972998757757,29.67058152156911,-1.2325766038012584,follower_3,32.07774711646013,29.619313797295987,29.801881,1.027143
3886,1.0,empty_shadow,DREAM,occluder,121,vehicle.carlamotors.firetruck,occluder,-5,centre,1,[1],211.53362072177146,-205.25561895210274,18.68574266033362,-0.045776824801615164,lead_centre,117.74353768896674,18.68201614445122,18.42783,1.163254
3886,1.0,empty_shadow,DREAM,lead_left,122,vehicle.tesla.model3,leader,-4,left,0,[0],337.10189012757235,-201.7499985295703,23.730382619747196,-0.18669161014845229,,,23.745927161089572,24.333146,0.877731
3886,1.0,empty_shadow,DREAM,lead_centre,123,vehicle.nissan.patrol_2021,leader,-5,centre,1,[1],336.38869799189683,-205.24970797421994,20.544890496615977,-1.8073269223513815,,,20.627817555631836,20.102401,0.907738
3886,1.0,empty_shadow,DREAM,lead_right,124,vehicle.tesla.model3,leader,-6,right,2,[2],339.9344173814775,-208.74984136332307,23.200904381425044,-0.1574324727747715,,,23.216480405551376,23.765983,1.0518
3886,1.0,empty_shadow,DREAM,rear_centre,125,vehicle.nissan.patrol_2021,follower,-5,centre,1,[1],189.90797663435734,-205.24987377325965,18.460131741160524,-1.6785049784918435,occluder,14.598973854850389,18.46509968676872,20.0,0.888602
3886,1.0,empty_shadow,DREAM,follower_1,126,vehicle.mercedes.coupe_2020,follower,-4,left,0,[0],175.42560456006112,-201.73056787433046,31.751016193537758,-1.0905351760907807,ego,31.026955165791144,31.78693776815755,32.0,0.868232
3886,1.0,empty_shadow,DREAM,follower_2,127,vehicle.mercedes.coupe_2020,follower,-4,left,0,[0],139.7529034812609,-201.73048446492157,31.100735508822908,-1.1637649442806288,follower_1,30.966683146083213,31.102082349496367,31.306896,0.898137
3886,1.0,empty_shadow,DREAM,follower_3,128,vehicle.audi.a2,follower,-4,left,0,[0],100.08931854479347,-201.75056133638068,28.666299420279003,-0.8563996245132487,follower_2,35.35188874733405,28.72023392933014,30.535483,0.93041
3886,1.0,empty_shadow,DREAM,follower_4,129,vehicle.mercedes.coupe_2020,follower,-4,left,0,[0],63.918349610492584,-201.72899568331943,29.606195496130958,-1.2875444697559042,follower_3,32.028980409447456,29.560173032767196,29.801881,1.027143
3887,1.05,empty_shadow,DREAM,occluder,121,vehicle.carlamotors.firetruck,occluder,-5,centre,1,[1],212.46779435030015,-205.25559018476204,18.682845375306535,-0.057945706419254596,lead_centre,117.83814216003319,18.679699971120066,18.42783,1.163254
3887,1.05,empty_shadow,DREAM,lead_left,122,vehicle.tesla.model3,leader,-4,left,0,[0],338.28804741524897,-201.74997535316723,23.72062651427628,-0.1951221075147179,,,23.73668661985447,24.333146,0.877731
3887,1.05,empty_shadow,DREAM,lead_centre,123,vehicle.nissan.patrol_2021,leader,-5,centre,1,[1],337.4131731340483,-205.24966366017622,20.45464622461821,-1.804885432727458,,,20.538754171010467,20.102401,0.907738
3887,1.05,empty_shadow,DREAM,lead_right,124,vehicle.tesla.model3,leader,-6,right,2,[2],341.09423800597017,-208.74984243020933,23.192542569688065,-0.16723623437321333,,,23.20871372588631,23.765983,1.0518
3887,1.05,empty_shadow,DREAM,rear_centre,125,vehicle.nissan.patrol_2021,follower,-5,centre,1,[1],190.82841735873427,-205.2498649495571,18.375754453365477,-1.6875457568397572,occluder,14.60870897732196,18.38747829369132,20.0,0.888602
3887,1.05,empty_shadow,DREAM,follower_1,126,vehicle.mercedes.coupe_2020,follower,-4,left,0,[0],177.01141981418635,-201.72978274806755,31.694265446860456,-1.134866826058284,ego,31.09006380110843,31.732248566078727,32.0,0.868232
3887,1.05,empty_shadow,DREAM,follower_2,127,vehicle.mercedes.coupe_2020,follower,-4,left,0,[0],141.30609548791193,-201.7298325380854,31.04035377699668,-1.2074877760070368,follower_1,30.999062258152023,31.044980328726794,31.306896,0.898137
3887,1.05,empty_shadow,DREAM,follower_3,128,vehicle.audi.a2,follower,-4,left,0,[0],101.52077614760299,-201.75056128966372,28.610332084938012,-1.1193467067381817,follower_2,35.47408078989149,28.67764177807427,30.535483,0.93041
3887,1.05,empty_shadow,DREAM,follower_4,129,vehicle.mercedes.coupe_2020,follower,-4,left,0,[0],65.39665158368499,-201.72865922150703,29.539591471624743,-1.3319163943843224,follower_3,31.98146478772496,29.497528102313773,29.801881,1.027143
3888,1.1,empty_shadow,DREAM,occluder,121,vehicle.carlamotors.firetruck,occluder,-5,centre,1,[1],213.40181539094715,-205.25556146947525,18.67933964817971,-0.07011454635959717,lead_centre,117.92844367365593,18.676785430849698,18.42783,1.163254
3888,1.1,empty_shadow,DREAM,lead_left,122,vehicle.tesla.model3,leader,-4,left,0,[0],339.4737469444858,-201.74996759171398,23.71073880078104,-0.19775426641691812,,,23.72702868170977,24.333146,0.877731
3888,1.1,empty_shadow,DREAM,lead_centre,123,vehicle.nissan.patrol_2021,leader,-5,centre,1,[1],338.43322322242375,-205.2496055969071,20.365180154023687,-1.7893213998752064,,,20.449794054843803,20.102401,0.907738
3888,1.1,empty_shadow,DREAM,lead_right,124,vehicle.tesla.model3,leader,-6,right,2,[2],342.2536008668176,-208.74984365325724,23.183957597864648,-0.17169943611758998,,,23.200463276355865,23.765983,1.0518
3888,1.1,empty_shadow,DREAM,rear_centre,125,vehicle.nissan.patrol_2021,follower,-5,centre,1,[1],191.7446161295879,-205.2498270553763,18.29152021840332,-1.6846846998865517,occluder,14.622441881473726,18.30922783574961,20.0,0.888602
3888,1.1,empty_shadow,DREAM,follower_1,126,vehicle.mercedes.coupe_2020,follower,-4,left,0,[0],178.59439706384586,-201.7293800597113,31.635782628363568,-1.1695153087415187,ego,31.151188544104336,31.675187448923946,32.0,0.868232
3888,1.1,empty_shadow,DREAM,follower_2,127,vehicle.mercedes.coupe_2020,follower,-4,left,0,[0],142.8562053494864,-201.72956313244214,30.97829908703277,-1.2409560782369438,follower_1,31.031685505626243,30.985717194855702,31.306896,0.898137
3888,1.1,empty_shadow,DREAM,follower_3,128,vehicle.audi.a2,follower,-4,left,0,[0],102.94916673398939,-201.75056228922992,28.546746799316203,-1.271705712393136,follower_2,35.59581519373301,28.622072456937694,30.535483,0.93041
3888,1.1,empty_shadow,DREAM,follower_4,129,vehicle.mercedes.coupe_2020,follower,-4,left,0,[0],66.87152045967281,-201.72870540061152,29.47130320244792,-1.3656174101776826,follower_3,31.934620417342074,29.432183360829285,29.801881,1.027143
3889,1.1500000000000001,empty_shadow,DREAM,occluder,121,vehicle.carlamotors.firetruck,occluder,-5,centre,1,[1],214.3356838437124,-205.25553280624231,18.67521975635337,-0.0823978382885499,lead_centre,118.01447272138444,18.673273121501747,18.42783,1.163254
3889,1.1500000000000001,empty_shadow,DREAM,lead_left,122,vehicle.tesla.model3,leader,-4,left,0,[0],340.65895818729564,-201.74994473804503,23.70099413725107,-0.19489326564164725,,,23.717240336287848,24.333146,0.877731
3889,1.1500000000000001,empty_shadow,DREAM,lead_centre,123,vehicle.nissan.patrol_2021,leader,-5,centre,1,[1],339.44878722707585,-205.24954906402226,20.27706067537815,-1.762389555292562,,,20.36158439903635,20.102401,0.907738
3889,1.1500000000000001,empty_shadow,DREAM,lead_right,124,vehicle.tesla.model3,leader,-6,right,2,[2],343.41253647639076,-208.74982976326785,23.175412679382397,-0.17089836935719585,,,23.191992513526845,23.765983,1.0518
3889,1.1500000000000001,empty_shadow,DREAM,rear_centre,125,vehicle.nissan.patrol_2021,follower,-5,centre,1,[1],192.6566950328398,-205.24980582543864,18.20805655490571,-1.6692732700638793,occluder,14.640264151267068,18.23089969241273,20.0,0.888602
3889,1.1500000000000001,empty_shadow,DREAM,follower_1,126,vehicle.mercedes.coupe_2020,follower,-4,left,0,[0],180.17435318796532,-201.7293140953619,31.57605583670625,-1.1944056467885824,ego,31.21008526978426,31.616268220014415,32.0,0.868232
3889,1.1500000000000001,empty_shadow,DREAM,follower_2,127,vehicle.mercedes.coupe_2020,follower,-4,left,0,[0],144.40320253799723,-201.72964574082621,30.915046139365945,-1.2649339036038592,follower_1,31.06455289371125,30.9247970435352,31.306896,0.898137
3889,1.1500000000000001,empty_shadow,DREAM,follower_3,128,vehicle.audi.a2,follower,-4,left,0,[0],104.3743071984946,-201.75056439754394,28.479943816366358,-1.3360596589559846,follower_2,35.717534468921095,28.558978591636567,30.535483,0.93041
3889,1.1500000000000001,empty_shadow,DREAM,follower_4,129,vehicle.mercedes.coupe_2020,follower,-4,left,0,[0],68.34298674562166,-201.7291036926457,29.401847192422835,-1.3889912690345945,follower_3,31.88814212774065,29.364900547375655,29.801881,1.027143
3890,1.2000000000000002,empty_shadow,DREAM,occluder,121,vehicle.carlamotors.firetruck,occluder,-5,centre,1,[1],215.26927764870123,-205.25553475428276,18.67048379144102,-0.09471929814718874,lead_centre,118.09616827327132,18.669157990061407,18.42783,1.163254
3890,1.2000000000000002,empty_shadow,DREAM,lead_left,122,vehicle.tesla.model3,leader,-4,left,0,[0],341.8437116716656,-201.7499372993259,23.69162713009578,-0.1873401377581371,,,23.70759348167554,24.333146,0.877731
3890,1.2000000000000002,empty_shadow,DREAM,lead_centre,123,vehicle.nissan.patrol_2021,leader,-5,centre,1,[1],340.46004824825735,-205.24947874026896,20.190814215879325,-1.7249291670849873,,,20.274686343199214,20.102401,0.907738
3890,1.2000000000000002,empty_shadow,DREAM,lead_right,124,vehicle.tesla.model3,leader,-6,right,2,[2],344.5710753626767,-208.7498312674068,23.167134790442855,-0.16555777858786175,,,23.183561145277125,23.765983,1.0518
3890,1.2000000000000002,empty_shadow,DREAM,rear_centre,125,vehicle.nissan.patrol_2021,follower,-5,centre,1,[1],193.56462354570817,-205.24978601136675,18.125811689525264,-1.6448973069173518,occluder,14.662053700780422,18.153079495135135,20.0,0.888602
3890,1.2000000000000002,empty_shadow,DREAM,follower_1,126,vehicle.mercedes.coupe_2020,follower,-4,left,0,[0],181.7513492112867,-201.72955431662143,31.515546391648112,-1.2100725445353826,ego,31.26650988959129,31.555999145948878,32.0,0.868232
3890,1.2000000000000002,empty_shadow,DREAM,follower_2,127,vehicle.mercedes.coupe_2020,follower,-4,left,0,[0],145.94702600267547,-201.73003460769468,30.85108482410896,-1.2791164893370397,follower_1,31.097511829319927,30.86268729568759,31.306896,0.898137
3890,1.2000000000000002,empty_shadow,DREAM,follower_3,128,vehicle.audi.a2,follower,-4,left,0,[0],105.79612124717777,-201.7505676406327,28.413156092120914,-1.3357544848636225,follower_2,35.83939119292668,28.49270003750668,30.535483,0.93041
3890,1.2000000000000002,empty_shadow,DREAM,follower_4,129,vehicle.mercedes.coupe_2020,follower,-4,left,0,[0],69.81095887318634,-201.72980835247742,29.3317131897673,-1.4025718417605515,follower_3,31.84181630629702,29.29636937011848,29.801881,1.027143
3891,1.2500000000000002,empty_shadow,DREAM,occluder,121,vehicle.carlamotors.firetruck,occluder,-5,centre,1,[1],216.20265782024487,-205.25550625762227,18.66513556819355,-0.10696446319472688,lead_centre,118.17383548946395,18.66443873226008,18.42783,1.163254
3891,1.2500000000000002,empty_shadow,DREAM,lead_left,122,vehicle.tesla.model3,leader,-4,left,0,[0],343.0280379099667,-201.74993000635766,23.682796088274216,-0.17662083086259736,,,23.698320379183023,24.333146,0.877731
3891,1.2500000000000002,empty_shadow,DREAM,lead_centre,123,vehicle.nissan.patrol_2021,leader,-5,centre,1,[1],341.46703683998226,-205.24950142675354,20.106929058083317,-1.6777031269654552,,,20.18962002381973,20.102401,0.907738
3891,1.2500000000000002,empty_shadow,DREAM,lead_right,124,vehicle.tesla.model3,leader,-6,right,2,[2],345.72918699768843,-208.7498176585084,23.15928796225564,-0.15693656341649861,,,23.17539313840565,23.765983,1.0518
3891,1.2500000000000002,empty_shadow,DREAM,rear_centre,125,vehicle.nissan.patrol_2021,follower,-5,centre,1,[1],194.4684932209221,-205.24976758192832,18.045369269728432,-1.6088483943541745,occluder,14.687718992900901,18.076192520479168,20.0,0.888602
3891,1.2500000000000002,empty_shadow,DREAM,follower_1,126,vehicle.mercedes.coupe_2020,follower,-4,left,0,[0],183.32529359149174,-201.73013127229856,31.454706023189928,-1.2167068446818052,ego,31.32021833058468,31.494851061520496,32.0,0.868232
3891,1.2500000000000002,empty_shadow,DREAM,follower_2,127,vehicle.mercedes.coupe_2020,follower,-4,left,0,[0],147.4876452155341,-201.73069922588192,30.786872562172,-1.284152218264288,follower_1,31.130684387963043,30.79987014317044,31.306896,0.898137
3891,1.2500000000000002,empty_shadow,DREAM,follower_3,128,vehicle.audi.a2,follower,-4,left,0,[0],107.21470043276788,-201.75057198726395,28.348559911413034,-1.2919236141010302,follower_2,35.961400608921785,28.42642756212635,30.535483,0.93041
3891,1.2500000000000002,empty_shadow,DREAM,follower_4,129,vehicle.mercedes.coupe_2020,follower,-4,left,0,[0],71.2754215783732,-201.7308041265239,29.261371851743654,-1.4067396475207374,follower_3,31.7956582274155,29.227199900926408,29.801881,1.027143
3892,1.3,empty_shadow,DREAM,occluder,121,vehicle.carlamotors.firetruck,occluder,-5,centre,1,[1],217.135732816025,-205.25547786506957,18.659175087511205,-0.11920961065393967,lead_centre,118.24744390964526,18.65911964210685,18.42783,1.163254
3892,1.3,empty_shadow,DREAM,lead_left,122,vehicle.tesla.model3,leader,-4,left,0,[0],344.21196741456987,-201.74990758994136,23.674583029393823,-0.16426117425801526,,,23.68957776700236,24.333146,0.877731
3892,1.3,empty_shadow,DREAM,lead_centre,123,vehicle.nissan.patrol_2021,leader,-5,centre,1,[1],342.4699360868872,-205.2495560258587,20.02525260888022,-1.6335289530908805,,,20.106868279351175,20.102401,0.907738
3892,1.3,empty_shadow,DREAM,lead_right,124,vehicle.tesla.model3,leader,-6,right,2,[2],346.88693242698935,-208.74981943332753,23.15194848913094,-0.14678946230317574,,,23.167650361625853,23.765983,1.0518
3892,1.3,empty_shadow,DREAM,rear_centre,125,vehicle.nissan.patrol_2021,follower,-5,centre,1,[1],195.36839561121064,-205.24975050589097,17.96704019424246,-1.566581507086706,occluder,14.717229489230608,18.000796696919675,20.0,0.888602
3892,1.3,empty_shadow,DREAM,follower_1,126,vehicle.mercedes.coupe_2020,follower,-4,left,0,[0],184.89618630775882,-201.73098392724063,31.393965446928057,-1.214727915450582,ego,31.37108855889675,31.433277460817987,32.0,0.868232
3892,1.3,empty_shadow,DREAM,follower_2,127,vehicle.mercedes.coupe_2020,follower,-4,left,0,[0],149.025060176573,-201.73163959538797,30.722851498316203,-1.2803455686365135,follower_1,31.164009555309455,30.736796033533142,31.306896,0.898137
3892,1.3,empty_shadow,DREAM,follower_3,128,vehicle.audi.a2,follower,-4,left,0,[0],108.63019734314675,-201.7505773853837,28.28747325216959,-1.221733184794502,follower_2,36.08344063619027,28.362311060310315,30.535483,0.93041
3892,1.3,empty_shadow,DREAM,follower_4,129,vehicle.mercedes.coupe_2020,follower,-4,left,0,[0],72.7363748455661,-201.73204523842062,29.191297660989374,-1.4014170435795537,follower_3,31.74977470781876,29.157934766510568,29.801881,1.027143
3893,1.35,empty_shadow,DREAM,occluder,121,vehicle.carlamotors.firetruck,occluder,-5,centre,1,[1],218.0684721184653,-205.25544958703543,18.65260616412212,-0.13137846396346423,lead_centre,118.31726816077003,18.653200711804942,18.42783,1.163254
3893,1.35,empty_shadow,DREAM,lead_left,122,vehicle.tesla.model3,leader,-4,left,0,[0],345.3954696783095,-201.7499005780641,23.667007026366054,-0.1515200564031106,,,23.681446860856873,24.333146,0.877731
3893,1.35,empty_shadow,DREAM,lead_centre,123,vehicle.nissan.patrol_2021,leader,-5,centre,1,[1],343.46880700850863,-205.24959674039835,19.94481211798856,-1.6088097873135112,,,20.02628185421369,20.102401,0.907738
3893,1.35,empty_shadow,DREAM,lead_right,124,vehicle.tesla.model3,leader,-6,right,2,[2],348.044311645374,-208.749821333076,23.14514498097068,-0.13607016317647305,,,23.160408116540747,23.765983,1.0518
3893,1.35,empty_shadow,DREAM,rear_centre,125,vehicle.nissan.patrol_2021,follower,-5,centre,1,[1],196.2644833096609,-205.249749989989,17.89145197945911,-1.511764292192337,occluder,14.750402094722219,17.92719723674488,20.0,0.888602
3893,1.35,empty_shadow,DREAM,follower_1,126,vehicle.mercedes.coupe_2020,follower,-4,left,0,[0],186.46405787245894,-201.73209701224863,31.33373820747456,-1.2044781475310748,ego,31.418998577097568,31.371708678532208,32.0,0.868232
3893,1.35,empty_shadow,DREAM,follower_2,127,vehicle.mercedes.coupe_2020,follower,-4,left,0,[0],150.55930138775244,-201.73280992943754,30.659444705983105,-1.2680770554891148,follower_1,31.197487310537625,30.673900558636525,31.306896,0.898137
3893,1.35,empty_shadow,DREAM,follower_3,128,vehicle.audi.a2,follower,-4,left,0,[0],110.04279508377242,-201.75058377252736,28.230538890866097,-1.1386872259706777,follower_2,36.205358686850325,28.30165444031928,30.535483,0.93041
3893,1.35,empty_shadow,DREAM,follower_4,129,vehicle.mercedes.coupe_2020,follower,-4,left,0,[0],74.19383392314249,-201.73350116538583,29.121932714861387,-1.387250725304723,follower_3,31.704318351004716,29.089079885687756,29.801881,1.027143
3894,1.4000000000000001,empty_shadow,DREAM,occluder,121,vehicle.carlamotors.firetruck,occluder,-5,centre,1,[1],219.00087572756578,-205.25542142351983,18.64543833486975,-0.1433565808542897,lead_centre,118.38339977995115,18.64668487875136,18.42783,1.163254
3894,1.4000000000000001,empty_shadow,DREAM,lead_left,122,vehicle.tesla.model3,leader,-4,left,0,[0],346.57860572592756,-201.74987843232802,23.660062358720666,-0.13889335052712795,,,23.673946562516477,24.333146,0.877731
3894,1.4000000000000001,empty_shadow,DREAM,lead_centre,123,vehicle.nissan.patrol_2021,leader,-5,centre,1,[1],344.46371065041,-205.24965406712724,19.866010037561924,-1.576041578182428,,,19.946901935318984,20.102401,0.907738
3894,1.4000000000000001,empty_shadow,DREAM,lead_right,124,vehicle.tesla.model3,leader,-6,right,2,[2],349.2013856827899,-208.74980807814407,23.138867900287934,-0.12554161375395342,,,23.153694653795696,23.765983,1.0518
3894,1.4000000000000001,empty_shadow,DREAM,rear_centre,125,vehicle.nissan.patrol_2021,follower,-5,centre,1,[1],197.1594723701572,-205.2497345900869,17.906481903314653,0.3005984810823475,occluder,14.787053698712256,17.856000851573686,20.0,0.888602
3894,1.4000000000000001,empty_shadow,DREAM,follower_1,126,vehicle.mercedes.coupe_2020,follower,-4,left,0,[0],188.0289998174996,-201.73340946093757,31.274422602009984,-1.18626165414393,ego,31.463765284934418,31.31055541989149,32.0,0.868232
3894,1.4000000000000001,empty_shadow,DREAM,follower_2,127,vehicle.mercedes.coupe_2020,follower,-4,left,0,[0],152.09039936664874,-201.73421021761982,30.597061933939845,-1.2476123105437282,follower_1,31.231117664058303,30.611600729112002,31.306896,0.898137
3894,1.4000000000000001,empty_shadow,DREAM,follower_3,128,vehicle.audi.a2,follower,-4,left,0,[0],111.45272253646755,-201.75059107061406,28.177897971280277,-1.0528183915860658,follower_2,36.327002157404095,28.24509552411127,30.535483,0.93041
3894,1.4000000000000001,empty_shadow,DREAM,follower_4,129,vehicle.mercedes.coupe_2020,follower,-4,left,0,[0],75.64784457185068,-201.73512611543885,29.05370414179354,-1.3645376656626362,follower_3,31.659457014054,29.021079130679,29.801881,1.027143
3895,1.4500000000000002,empty_shadow,DREAM,occluder,121,vehicle.carlamotors.firetruck,occluder,-5,centre,1,[1],219.93291313616083,-205.25542390250993,18.63762963743866,-0.15617394422889846,lead_centre,118.44589981275209,18.639581939077004,18.42783,1.163254
3895,1.4500000000000002,empty_shadow,DREAM,lead_left,122,vehicle.tesla.model3,leader,-4,left,0,[0],347.76140608541124,-201.74987165989867,23.65371469425478,-0.12695328752810117,,,23.667071226980234,24.333146,0.877731
3895,1.4500000000000002,empty_shadow,DREAM,lead_centre,123,vehicle.nissan.patrol_2021,leader,-5,centre,1,[1],345.4547690776915,-205.24971270561414,19.789481512361945,-1.5305704771789634,,,19.86912645653438,20.102401,0.907738
3895,1.4500000000000002,empty_shadow,DREAM,lead_right,124,vehicle.tesla.model3,leader,-6,right,2,[2],350.3581240320713,-208.74981019651887,23.133088638601162,-0.1155852333904128,,,23.14750058078633,23.765983,1.0518
3895,1.4500000000000002,empty_shadow,DREAM,rear_centre,125,vehicle.nissan.patrol_2021,follower,-5,centre,1,[1],198.05351538578668,-205.24971951291886,17.85386961108985,-1.0522458399303176,occluder,14.824468247316421,17.870155134860397,20.0,0.888602
3895,1.4500000000000002,empty_shadow,DREAM,follower_1,126,vehicle.mercedes.coupe_2020,follower,-4,left,0,[0],189.59098162009903,-201.73490602493004,31.21639026036773,-1.1606109969308782,ego,31.50526667977195,31.250213436452693,32.0,0.868232
3895,1.4500000000000002,empty_shadow,DREAM,follower_2,127,vehicle.mercedes.coupe_2020,follower,-4,left,0,[0],153.61841511718228,-201.73574888638421,30.536076730427112,-1.2196746983433544,follower_1,31.264961630202656,30.55030071805126,31.306896,0.898137
3895,1.4500000000000002,empty_shadow,DREAM,follower_3,128,vehicle.audi.a2,follower,-4,left,0,[0],112.86016280669021,-201.75059921717914,28.129416978997316,-0.9696198454938902,follower_2,36.448172683605264,28.192776938643323,30.535483,0.93041
3895,1.4500000000000002,empty_shadow,DREAM,follower_4,129,vehicle.mercedes.coupe_2020,follower,-4,left,0,[0],77.09852886199609,-201.73692004693652,28.987023223119973,-1.3335988379912576,follower_3,31.615373818040936,28.954339123364008,29.801881,1.027143
3896,1.5000000000000002,empty_shadow,DREAM,occluder,121,vehicle.carlamotors.firetruck,occluder,-5,centre,1,[1],220.86455380585258,-205.25539599926378,18.629143831703093,-0.16971611026370717,lead_centre,118.50492083143845,18.631851423295544,18.42783,1.163254
3896,1.5000000000000002,empty_shadow,DREAM,lead_left,122,vehicle.tesla.model3,leader,-4,left,0,[0],348.9439012691314,-201.7498649915771,23.647941144171895,-0.11547100066372144,,,23.660786881059202,24.333146,0.877731
3896,1.5000000000000002,empty_shadow,DREAM,lead_centre,123,vehicle.nissan.patrol_2021,leader,-5,centre,1,[1],346.4420433203002,-205.2497573762493,19.715743434240935,-1.474761539757211,,,19.793583289464248,20.102401,0.907738
3896,1.5000000000000002,empty_shadow,DREAM,lead_right,124,vehicle.tesla.model3,leader,-6,right,2,[2],351.51464875311285,-208.74979712898093,23.127782398069233,-0.10612481049474828,,,23.14179768394229,23.765983,1.0518
3896,1.5000000000000002,empty_shadow,DREAM,rear_centre,125,vehicle.nissan.patrol_2021,follower,-5,centre,1,[1],198.94240093101314,-205.24970619517225,17.701132953789298,-3.0547331409311624,occluder,14.862462640281986,17.82047478300748,20.0,0.888602
3896,1.5000000000000002,empty_shadow,DREAM,follower_1,126,vehicle.mercedes.coupe_2020,follower,-4,left,0,[0],191.15009481737016,-201.73654089662918,31.159995694538445,-1.1278679508433507,ego,31.543502678323946,31.1910584112404,32.0,0.868232
3896,1.5000000000000002,empty_shadow,DREAM,follower_2,127,vehicle.mercedes.coupe_2020,follower,-4,left,0,[0],155.1434096797111,-201.73744117369733,30.476860800103854,-1.1843005425598945,follower_1,31.29892768226857,30.490368902887926,31.306896,0.898137
3896,1.5000000000000002,empty_shadow,DREAM,follower_3,128,vehicle.audi.a2,follower,-4,left,0,[0],114.26534477626302,-201.75060813414177,28.084802182276675,-0.892295934206683,follower_2,36.568748163916126,28.144569829097062,30.535483,0.93041
3896,1.5000000000000002,empty_shadow,DREAM,follower_4,129,vehicle.mercedes.coupe_2020,follower,-4,left,0,[0],78.54593252830011,-201.73876087395735,28.922260036588323,-1.2952536643071921,follower_3,31.572129798118198,28.88923842102291,29.801881,1.027143
3897,1.55,empty_shadow,DREAM,occluder,121,vehicle.carlamotors.firetruck,occluder,-5,centre,1,[1],221.79576722947542,-205.2553682417685,18.619982826839582,-0.18322009372037046,lead_centre,118.56055440435543,18.6234583825028,18.42783,1.163254
3897,1.55,empty_shadow,DREAM,lead_left,122,vehicle.tesla.model3,leader,-4,left,0,[0],350.12618282461165,-201.7498431373428,23.642711191137064,-0.10459906032250386,,,23.65507087842495,24.333146,0.877731
3897,1.55,empty_shadow,DREAM,lead_centre,123,vehicle.nissan.patrol_2021,leader,-5,centre,1,[1],347.4257164941051,-205.24981853414442,19.64527645437665,-1.4093395799707604,,,19.720783888122305,20.102401,0.907738
3897,1.55,empty_shadow,DREAM,lead_right,124,vehicle.tesla.model3,leader,-6,right,2,[2],352.6708683035963,-208.74979942433896,23.122933922222664,-0.09696951661859189,,,23.136561507560838,23.765983,1.0518
3897,1.55,empty_shadow,DREAM,rear_centre,125,vehicle.nissan.patrol_2021,follower,-5,centre,1,[1],199.82197861545308,-205.24969605271284,17.530833429163398,-3.4059904871877693,occluder,14.90521776474726,17.6759069965371,20.0,0.888602
3897,1.55,empty_shadow,DREAM,follower_1,126,vehicle.mercedes.coupe_2020,follower,-4,left,0,[0],192.70646147441295,-201.7382987756037,31.10556486395413,-1.0886031758336185,ego,31.578320661476326,31.13345125881328,32.0,0.868232
3897,1.55,empty_shadow,DREAM,follower_2,127,vehicle.mercedes.coupe_2020,follower,-4,left,0,[0],156.6655050985137,-201.73921074397524,30.41974966587357,-1.1422132318324283,follower_1,31.333046317010854,30.432171908319635,31.306896,0.898137
3897,1.55,empty_shadow,DREAM,follower_3,128,vehicle.audi.a2,follower,-4,left,0,[0],115.66837525670321,-201.75061778506424,28.04374077599179,-0.8212281254539278,follower_2,36.68856075687215,28.100187041108793,30.535483,0.93041
3897,1.55,empty_shadow,DREAM,follower_4,129,vehicle.mercedes.coupe_2020,follower,-4,left,0,[0],79.99016239789616,-201.74069433642808,28.859782579381818,-1.2495454459608324,follower_3,31.52990810138698,28.826110971097467,29.801881,1.027143
3898,1.6,empty_shadow,DREAM,occluder,121,vehicle.carlamotors.firetruck,occluder,-5,centre,1,[1],222.72646185430034,-205.25534066125647,18.610159974257314,-0.1964570490724297,lead_centre,118.6130141545375,18.61440526871416,18.42783,1.163254
3898,1.6,empty_shadow,DREAM,lead_left,122,vehicle.tesla.model3,leader,-4,left,0,[0],351.30815920953387,-201.74983664600444,23.63801339088778,-0.09395600496121465,,,23.64989301820277,24.333146,0.877731
3898,1.6,empty_shadow,DREAM,lead_centre,123,vehicle.nissan.patrol_2021,leader,-5,centre,1,[1],348.4060022065244,-205.2498503300595,19.578498280685015,-1.3355634629617568,,,19.651204156626548,20.102401,0.907738
3898,1.6,empty_shadow,DREAM,lead_right,124,vehicle.tesla.model3,leader,-6,right,2,[2],353.82687423104534,-208.7498017925724,23.118539394706755,-0.08789055016823004,,,23.131777009342553,23.765983,1.0518
3898,1.6,empty_shadow,DREAM,rear_centre,125,vehicle.nissan.patrol_2021,follower,-5,centre,1,[1],200.69462881526715,-205.24970353228815,17.410521700720047,-2.4062345635504543,occluder,14.95685350393017,17.514029367704495,20.0,0.888602
3898,1.6,empty_shadow,DREAM,follower_1,126,vehicle.mercedes.coupe_2020,follower,-4,left,0,[0],194.2601731283403,-201.74013385425678,31.05340472009719,-1.0431966237764365,ego,31.60965956804945,31.077723535294798,32.0,0.868232
3898,1.6,empty_shadow,DREAM,follower_2,127,vehicle.mercedes.coupe_2020,follower,-4,left,0,[0],158.18485394585565,-201.74101176879947,30.365054131172496,-1.093907027944157,follower_1,31.36731755525105,30.376040916122587,31.306896,0.898137
3898,1.6,empty_shadow,DREAM,follower_3,128,vehicle.audi.a2,follower,-4,left,0,[0],117.06946787104523,-201.7506280970711,28.005940935725935,-0.7559968050282214,follower_2,36.80762569523456,28.059322299944107,30.535483,0.93041
3898,1.6,empty_shadow,DREAM,follower_4,129,vehicle.mercedes.coupe_2020,follower,-4,left,0,[0],81.43137102743361,-201.74262882956583,28.799911244840203,-1.1974262484400229,follower_3,31.48870871223113,28.765287457577944,29.801881,1.027143
3899,1.6500000000000001,empty_shadow,DREAM,occluder,121,vehicle.carlamotors.firetruck,occluder,-5,centre,1,[1],223.65666820310904,-205.25532850610506,18.599709605485327,-0.2090073735914654,lead_centre,118.66260524213193,18.604705706354085,18.42783,1.163254
3899,1.6500000000000001,empty_shadow,DREAM,lead_left,122,vehicle.tesla.model3,leader,-4,left,0,[0],352.4899219662163,-201.74981496875336,23.633855371823884,-0.08316038132958896,,,23.645241980808674,24.333146,0.877731
3899,1.6500000000000001,empty_shadow,DREAM,lead_centre,123,vehicle.nissan.patrol_2021,leader,-5,centre,1,[1],349.3830530662615,-205.24991374709336,19.515790385338363,-1.2541579001194143,,,19.5852580207875,20.102401,0.907738
3899,1.6500000000000001,empty_shadow,DREAM,lead_right,124,vehicle.tesla.model3,leader,-6,right,2,[2],354.9826970478308,-208.74978896448238,23.114600722712513,-0.07877343968498264,,,23.127440434661565,23.765983,1.0518
3899,1.6500000000000001,empty_shadow,DREAM,rear_centre,125,vehicle.nissan.patrol_2021,follower,-5,centre,1,[1],201.56163325825122,-205.24969767906916,17.300008020175337,-2.210273606416668,occluder,15.014897928941014,17.399221387604612,20.0,0.888602
3899,1.6500000000000001,empty_shadow,DREAM,follower_1,126,vehicle.mercedes.coupe_2020,follower,-4,left,0,[0],195.81138236182858,-201.74203082174634,31.003797488220076,-0.9921428012547455,ego,31.63748884402925,31.024188214474474,32.0,0.868232
3899,1.6500000000000001,empty_shadow,DREAM,follower_2,127,vehicle.mercedes.coupe_2020,follower,-4,left,0,[0],159.70154776405525,-201.74281369936134,30.313062177483445,-1.0398384753971575,follower_1,31.40168036183644,30.322282782591902,31.306896,0.898137
3899,1.6500000000000001,empty_shadow,DREAM,follower_3,128,vehicle.audi.a2,follower,-4,left,0,[0],118.46875994838265,-201.7506390233138,27.971194760525563,-0.6949235036768592,follower_2,36.9258819282345,28.021689845185758,30.535483,0.93041
3899,1.6500000000000001,empty_shadow,DREAM,follower_4,129,vehicle.mercedes.coupe_2020,follower,-4,left,0,[0],82.86966522842974,-201.74456431693284,28.74295316362862,-1.1391615552083783,follower_3,31.448592697035693,28.70705603495452,29.801881,1.027143
3900,1.7000000000000002,empty_shadow,DREAM,occluder,121,vehicle.carlamotors.firetruck,occluder,-5,centre,1,[1],224.58632523033808,-205.25530127955946,18.58865460883267,-0.22109993195209218,lead_centre,118.70944975306031,18.594393857432635,18.42783,1.163254
3900,1.7000000000000002,empty_shadow,DREAM,lead_left,122,vehicle.tesla.model3,leader,-4,left,0,[0],353.67153214022227,-201.74980860234433,23.630254301494848,-0.07202140658798294,,,23.641125328255704,24.333146,0.877731
3900,1.7000000000000002,empty_shadow,DREAM,lead_centre,123,vehicle.nissan.patrol_2021,leader,-5,centre,1,[1],350.357113198311,-205.24996292559527,19.457494180514953,-1.1659240948380543,,,19.52332373605282,20.102401,0.907738
3900,1.7000000000000002,empty_shadow,DREAM,lead_right,124,vehicle.tesla.model3,leader,-6,right,2,[2],356.13833676436366,-208.74979145764516,23.111136980920275,-0.06927483563336585,,,23.12355367583111,23.765983,1.0518
3900,1.7000000000000002,empty_shadow,DREAM,rear_centre,125,vehicle.nissan.patrol_2021,follower,-5,centre,1,[1],202.42424317024097,-205.24969332500217,17.22519037150766,-1.49635296899645,occluder,15.07809983476566,17.293445399302254,20.0,0.888602
3900,1.7000000000000002,empty_shadow,DREAM,follower_1,126,vehicle.mercedes.coupe_2020,follower,-4,left,0,[0],197.36015018400352,-201.7439133633099,30.9569873063706,-0.9362036213584907,ego,31.661838944527403,30.973132775897206,32.0,0.868232
3900,1.7000000000000002,empty_shadow,DREAM,follower_2,127,vehicle.mercedes.coupe_2020,follower,-4,left,0,[0],161.21570862862322,-201.74463175280596,30.264037055604422,-0.9805024447251982,follower_1,31.43619577712515,30.27118227327052,31.306896,0.898137
3900,1.7000000000000002,empty_shadow,DREAM,follower_3,128,vehicle.audi.a2,follower,-4,left,0,[0],119.86641933538539,-201.75065050653313,27.939383994751328,-0.6362153151076018,follower_2,37.04328366909665,27.98708660245428,30.535483,0.93041
3900,1.7000000000000002,empty_shadow,DREAM,follower_4,129,vehicle.mercedes.coupe_2020,follower,-4,left,0,[0],84.30521282673287,-201.74643970611714,28.68917929609942,-1.0754752324348178,follower_3,31.40959057337699,28.65169672016051,29.801881,1.027143
3901,1.7500000000000002,empty_shadow,DREAM,occluder,121,vehicle.carlamotors.firetruck,occluder,-5,centre,1,[1],225.51540242361648,-205.25527425081864,18.57703122472378,-0.23246768192981723,lead_centre,118.75385285788079,18.5834926240728,18.42783,1.163254
3901,1.7500000000000002,empty_shadow,DREAM,lead_left,122,vehicle.tesla.model3,leader,-4,left,0,[0],354.8529592087702,-201.74980229839997,23.627229251332892,-0.06050100307300595,,,23.637560065933545,24.333146,0.877731
3901,1.7500000000000002,empty_shadow,DREAM,lead_centre,123,vehicle.nissan.patrol_2021,leader,-5,centre,1,[1],351.3283657185418,-205.25002832067688,19.40391484318079,-1.0715867480012482,,,19.465740058367103,20.102401,0.907738
3901,1.7500000000000002,empty_shadow,DREAM,lead_right,124,vehicle.tesla.model3,leader,-6,right,2,[2],357.29379337023295,-208.74977875448445,23.10816724206101,-0.05939477701297975,,,23.12013556552037,23.765983,1.0518
3901,1.7500000000000002,empty_shadow,DREAM,rear_centre,125,vehicle.nissan.patrol_2021,follower,-5,centre,1,[1],203.2832214906452,-205.24969020981771,17.152072169130907,-1.4623640437542542,occluder,15.145146950004925,17.221647795550666,20.0,0.888602
3901,1.7500000000000002,empty_shadow,DREAM,follower_1,126,vehicle.mercedes.coupe_2020,follower,-4,left,0,[0],198.90669022831037,-201.74581192364843,30.91321265479476,-0.8754925372804828,ego,31.682801370219067,30.924807907985222,32.0,0.868232
3901,1.7500000000000002,empty_shadow,DREAM,follower_2,127,vehicle.mercedes.coupe_2020,follower,-4,left,0,[0],162.7275196346069,-201.74643534909228,30.218219179868754,-0.9163560556756642,follower_1,31.470802734732118,30.222998987705907,31.306896,0.898137
3901,1.7500000000000002,empty_shadow,DREAM,follower_3,128,vehicle.audi.a2,follower,-4,left,0,[0],121.26255284357066,-201.75066251029136,27.910457139965168,-0.5785370952947751,follower_2,37.159785146661896,27.955397821655165,30.535483,0.93041
3901,1.7500000000000002,empty_shadow,DREAM,follower_4,129,vehicle.mercedes.coupe_2020,follower,-4,left,0,[0],85.7381511514366,-201.74825495027025,28.638830138690334,-1.0069771491390365,follower_3,31.37170236207659,28.599459942040653,29.801881,1.027143
3902,1.8,empty_shadow,DREAM,occluder,121,vehicle.carlamotors.firetruck,occluder,-5,centre,1,[1],226.44389978294424,-205.25524741988258,18.564877599303134,-0.24307250857416351,lead_centre,118.79602818483316,18.57203795787929,18.42783,1.163254
3902,1.8,empty_shadow,DREAM,lead_left,122,vehicle.tesla.model3,leader,-4,left,0,[0],356.034233684231,-201.7497807877213,23.62478403599225,-0.048904306441443245,,,23.634565083350285,24.333146,0.877731
3902,1.8,empty_shadow,DREAM,lead_centre,123,vehicle.nissan.patrol_2021,leader,-5,centre,1,[1],352.29711580271726,-205.25010982823045,19.355330845490407,-0.9716799567271844,,,19.412809972474744,20.102401,0.907738
3902,1.8,empty_shadow,DREAM,lead_right,124,vehicle.tesla.model3,leader,-6,right,2,[2],358.449097393426,-208.74978136216578,23.105714395227263,-0.04905693649152758,,,23.117204933794138,23.765983,1.0518
3902,1.8,empty_shadow,DREAM,rear_centre,125,vehicle.nissan.patrol_2021,follower,-5,centre,1,[1],204.13954478190703,-205.2496880003709,17.108130679645125,-0.8788297864358616,occluder,15.215245822879105,17.15134372172898,20.0,0.888602
3902,1.8,empty_shadow,DREAM,follower_1,126,vehicle.mercedes.coupe_2020,follower,-4,left,0,[0],200.45109400583505,-201.74760440122418,30.8726643721384,-0.8109627931625847,ego,31.700162446015923,30.879456268408614,32.0,0.868232
3902,1.8,empty_shadow,DREAM,follower_2,127,vehicle.mercedes.coupe_2020,follower,-4,left,0,[0],164.23716386664285,-201.74816339060294,30.17580132155975,-0.8483526373025809,follower_1,31.50553177305526,30.177970866767488,31.306896,0.898137
3902,1.8,empty_shadow,DREAM,follower_3,128,vehicle.audi.a2,follower,-4,left,0,[0],122.65732831960838,-201.75067497732917,27.884437084387738,-0.520401111069181,follower_2,37.27546264446032,27.926574523360657,30.535483,0.93041
3902,1.8,empty_shadow,DREAM,follower_4,129,vehicle.mercedes.coupe_2020,follower,-4,left,0,[0],87.16867854076021,-201.7499336877812,28.5921252436036,-0.9340868449378361,follower_3,31.334897545558135,28.550570688935693,29.801881,1.027143
3903,1.85,empty_shadow,DREAM,occluder,121,vehicle.carlamotors.firetruck,occluder,-5,centre,1,[1],227.37175627316867,-205.25522080757287,18.55222997298486,-0.252952526842466,lead_centre,118.8362809096809,18.560067645948276,18.42783,1.163254
3903,1.85,empty_shadow,DREAM,lead_left,122,vehicle.tesla.model3,leader,-4,left,0,[0],357.21544712974446,-201.7497745566524,23.62292247148244,-0.03723128949947648,,,23.632144163863334,24.333146,0.877731
3903,1.85,empty_shadow,DREAM,lead_centre,123,vehicle.nissan.patrol_2021,leader,-5,centre,1,[1],353.26363809340853,-205.25016157819445,19.311976790856136,-0.867081095496647,,,19.364810063760054,20.102401,0.907738
3903,1.85,empty_shadow,DREAM,lead_right,124,vehicle.tesla.model3,leader,-6,right,2,[2],359.6043708990426,-208.74978398025792,23.103774624839183,-0.038795407609260125,,,23.114784376011254,23.765983,1.0518
3903,1.85,empty_shadow,DREAM,rear_centre,125,vehicle.nissan.patrol_2021,follower,-5,centre,1,[1],204.99351822499534,-205.24970185134217,17.059851877794745,-0.9655760342639937,occluder,15.287419890945039,17.108998140673016,20.0,0.888602
3903,1.85,empty_shadow,DREAM,follower_1,126,vehicle.mercedes.coupe_2020,follower,-4,left,0,[0],201.99363619558625,-201.74935173749284,30.835510455936166,-0.743071709384824,ego,31.714105246143717,30.8372751354178,32.0,0.868232
3903,1.85,empty_shadow,DREAM,follower_2,127,vehicle.mercedes.coupe_2020,follower,-4,left,0,[0],165.7447939126128,-201.74981582528406,30.136961028239163,-0.776797187960864,follower_1,31.54029131854398,30.136288455081477,31.306896,0.898137
3903,1.85,empty_shadow,DREAM,follower_3,128,vehicle.audi.a2,follower,-4,left,0,[0],124.0509136101685,-201.75068785038732,27.861390585189444,-0.46092998342724667,follower_2,37.39033140045855,27.90064080036292,30.535483,0.93041
3903,1.85,empty_shadow,DREAM,follower_4,129,vehicle.mercedes.coupe_2020,follower,-4,left,0,[0],88.59700862814897,-201.75150636335093,28.549246037601282,-0.8575675016643848,follower_3,31.299145632272243,28.505237815671055,29.801881,1.027143
3904,1.9000000000000001,empty_shadow,DREAM,occluder,121,vehicle.carlamotors.firetruck,occluder,-5,centre,1,[1],228.29897189949514,-205.25520967267767,18.53912458527647,-0.2621077546112713,lead_centre,118.87494671014771,18.547617548754722,18.42783,1.163254
3904,1.9000000000000001,empty_shadow,DREAM,lead_left,122,vehicle.tesla.model3,leader,-4,left,0,[0],358.39647746459445,-201.74975312925997,23.621636926413725,-0.02571090052444001,,,23.630301090949047,24.333146,0.877731
3904,1.9000000000000001,empty_shadow,DREAM,lead_centre,123,vehicle.nissan.patrol_2021,leader,-5,centre,1,[1],354.22814622926614,-205.25022927405794,19.27397666035456,-0.7600026106490266,,,19.32197352204686,20.102401,0.907738
3904,1.9000000000000001,empty_shadow,DREAM,lead_right,124,vehicle.tesla.model3,leader,-6,right,2,[2],360.75946129399574,-208.74977140202654,23.102349837470197,-0.02849574728425726,,,23.11287013330213,23.765983,1.0518
3904,1.9000000000000001,empty_shadow,DREAM,rear_centre,125,vehicle.nissan.patrol_2021,follower,-5,centre,1,[1],205.84590474890814,-205.2497009848857,17.035262345450786,-0.49179064486982327,occluder,15.361302938081142,17.06241935068016,20.0,0.888602
3904,1.9000000000000001,empty_shadow,DREAM,follower_1,126,vehicle.mercedes.coupe_2020,follower,-4,left,0,[0],203.53437781189513,-201.75099287648015,30.801896031114797,-0.672277239887993,ego,31.724599331106944,30.798443395314184,32.0,0.868232
3904,1.9000000000000001,empty_shadow,DREAM,follower_2,127,vehicle.mercedes.coupe_2020,follower,-4,left,0,[0],167.2505928727695,-201.7513773318828,30.1018472532351,-0.7022621149442605,follower_1,31.57520346232522,30.098127746537344,31.306896,0.898137
3904,1.9000000000000001,empty_shadow,DREAM,follower_3,128,vehicle.audi.a2,follower,-4,left,0,[0],125.44343078555639,-201.7507010878227,27.841384399573432,-0.4001237117183383,follower_2,37.5043761558684,27.877663916408537,30.535483,0.93041
3904,1.9000000000000001,empty_shadow,DREAM,follower_4,129,vehicle.mercedes.coupe_2020,follower,-4,left,0,[0],90.02329399107383,-201.7529424073492,28.510349144605602,-0.7779157505138163,follower_3,31.264400835443595,28.463636268979037,29.801881,1.027143
3905,1.9500000000000002,empty_shadow,DREAM,occluder,121,vehicle.carlamotors.firetruck,occluder,-5,centre,1,[1],229.2255466515129,-205.2551834976206,18.5256053035891,-0.2703856337735883,lead_centre,118.91223921967881,18.534723389110095,18.42783,1.163254
3905,1.9500000000000002,empty_shadow,DREAM,lead_left,122,vehicle.tesla.model3,leader,-4,left,0,[0],359.57753832222613,-201.74974695024494,23.62089879207179,-0.01476268567303014,,,23.629028313114233,24.333146,0.877731
3905,1.9500000000000002,empty_shadow,DREAM,lead_centre,123,vehicle.nissan.patrol_2021,leader,-5,centre,1,[1],355.19088434569545,-205.25029757374654,19.241290397953588,-0.6537252451784,,,19.284424138029053,20.102401,0.907738
3905,1.9500000000000002,empty_shadow,DREAM,lead_right,124,vehicle.tesla.model3,leader,-6,right,2,[2],361.9145516941543,-208.74977408258331,23.101419054127554,-0.018615666732184767,,,23.111464092260327,23.765983,1.0518
3905,1.9500000000000002,empty_shadow,DREAM,rear_centre,125,vehicle.nissan.patrol_2021,follower,-5,centre,1,[1],206.6968569467325,-205.24970060773578,17.002362493551004,-0.6579970363754309,occluder,15.436132040494847,17.038623318560692,20.0,0.888602
3905,1.9500000000000002,empty_shadow,DREAM,follower_1,126,vehicle.mercedes.coupe_2020,follower,-4,left,0,[0],205.07362402011438,-201.752497196502,30.771922370491378,-0.5994569515023395,ego,31.731736279661583,30.76311632267884,32.0,0.868232
3905,1.9500000000000002,empty_shadow,DREAM,follower_2,127,vehicle.mercedes.coupe_2020,follower,-4,left,0,[0],168.7547438317494,-201.75278681278178,30.070572710531952,-0.6254726755319207,follower_1,31.61014611847743,30.063635879246533,31.306896,0.898137
3905,1.9500000000000002,empty_shadow,DREAM,follower_3,128,vehicle.audi.a2,follower,-4,left,0,[0],126.8350324336538,-201.7507146375814,27.82449482151236,-0.33779156055528564,follower_2,37.61765794063718,27.85771095089836,30.535483,0.93041
3905,1.9500000000000002,empty_shadow,DREAM,follower_4,129,vehicle.mercedes.coupe_2020,follower,-4,left,0,[0],91.44776350094665,-201.75421122411882,28.475556847190287,-0.6958189511361861,follower_3,31.23063264790663,28.425917791262677,29.801881,1.027143
3906,2.0,empty_shadow,DREAM,occluder,121,vehicle.carlamotors.firetruck,occluder,-5,centre,1,[1],230.1513889816983,-205.25515757242223,18.511715998585,-0.2777860994283457,lead_centre,118.94840258409039,18.521428183034242,18.42783,1.163254
3906,2.0,empty_shadow,DREAM,lead_left,122,vehicle.tesla.model3,leader,-4,left,0,[0],360.7585991798579,-201.74974077122994,23.620681363723637,-0.0043485657203259555,,,23.628297508521424,24.333146,0.877731
3906,2.0,empty_shadow,DREAM,lead_centre,123,vehicle.nissan.patrol_2021,leader,-5,centre,1,[1],356.1521576132546,-205.2503511143643,19.21379021201368,-0.5500037113738379,,,19.252123463571845,20.102401,0.907738
3906,2.0,empty_shadow,DREAM,lead_right,124,vehicle.tesla.model3,leader,-6,right,2,[2],363.069611571531,-208.74976151476272,23.100957478248617,-0.00923151748122009,,,23.110545553622394,23.765983,1.0518
3906,2.0,empty_shadow,DREAM,rear_centre,125,vehicle.nissan.patrol_2021,follower,-5,centre,1,[1],207.5467105118083,-205.24970060537385,16.9897205918518,-0.2528380327615254,occluder,15.511754594688238,17.006787032688493,20.0,0.888602
3906,2.0,empty_shadow,DREAM,follower_1,126,vehicle.mercedes.coupe_2020,follower,-4,left,0,[0],206.611405332615,-201.75384942835944,30.745667858628888,-0.5250690880448348,ego,31.73557717901423,30.73140484270424,32.0,0.868232
3906,2.0,empty_shadow,DREAM,follower_2,127,vehicle.mercedes.coupe_2020,follower,-4,left,0,[0],170.2574298950107,-201.75404420551632,30.043215780085553,-0.5471160021402424,follower_1,31.645241367716764,30.032924770525,31.306896,0.898137
3906,2.0,empty_shadow,DREAM,follower_3,128,vehicle.audi.a2,follower,-4,left,0,[0],128.2259016599188,-201.75072843719877,27.810782886152893,-0.2742387064520756,follower_2,37.7302072515197,27.840858119971163,30.535483,0.93041
3906,2.0,empty_shadow,DREAM,follower_4,129,vehicle.mercedes.coupe_2020,follower,-4,left,0,[0],92.87064603959,-201.75531273557897,28.444957067148422,-0.6119646978080279,follower_3,31.197764786131216,28.392201899844558,29.801881,1.027143
3907,2.05,empty_shadow,DREAM,occluder,121,vehicle.carlamotors.firetruck,occluder,-5,centre,1,[1],231.0765599199986,-205.25511661747277,18.49749290895179,-0.28446179111456893,lead_centre,118.98383352146413,18.5077748448898,18.42783,1.163254
3907,2.05,empty_shadow,DREAM,lead_left,122,vehicle.tesla.model3,leader,-4,left,0,[0],361.9396600322842,-201.74971933342673,23.620940772328165,0.005188173386117247,,,23.628082239127878,24.333146,0.877731
3907,2.05,empty_shadow,DREAM,lead_centre,123,vehicle.nissan.patrol_2021,leader,-5,centre,1,[1],357.11214912178554,-205.25034405708203,19.191312072129683,-0.44956278518109655,,,19.224946168795974,20.102401,0.907738
3907,2.05,empty_shadow,DREAM,lead_right,124,vehicle.tesla.model3,leader,-6,right,2,[2],364.22470197168957,-208.7497641953195,23.10093650053941,-0.00041955407099022996,,,23.110090049349097,23.765983,1.0518
3907,2.05,empty_shadow,DREAM,rear_centre,125,vehicle.nissan.patrol_2021,follower,-5,centre,1,[1],208.39564854438822,-205.24968565654706,16.966832411549255,-0.4577636051737332,occluder,15.58774335979783,16.99447438318732,20.0,0.888602
3907,2.05,empty_shadow,DREAM,follower_1,126,vehicle.mercedes.coupe_2020,follower,-4,left,0,[0],208.1479964127895,-201.75506473714364,30.72319179618101,-0.4494957478437432,ego,31.736396739405933,30.70339747456538,32.0,0.868232
3907,2.05,empty_shadow,DREAM,follower_2,127,vehicle.mercedes.coupe_2020,follower,-4,left,0,[0],171.75889519795874,-201.7551341680121,30.019835750016806,-0.4675742785325977,follower_1,31.68033661695611,30.00607187095768,31.306896,0.898137
3907,2.05,empty_shadow,DREAM,follower_3,128,vehicle.audi.a2,follower,-4,left,0,[0],129.61616053465684,-201.7507424450317,27.80027911106797,-0.21007550088493349,follower_2,37.84202408851595,27.827166323518977,30.535483,0.93041
3907,2.05,empty_shadow,DREAM,follower_4,129,vehicle.mercedes.coupe_2020,follower,-4,left,0,[0],94.29207893089213,-201.75623163609296,28.41860908272017,-0.526926133074035,follower_3,31.16575147375289,28.362575201166237,29.801881,1.027143
3908,2.1,empty_shadow,DREAM,occluder,121,vehicle.carlamotors.firetruck,occluder,-5,centre,1,[1],232.00099844167192,-205.25509117117016,18.482983719893767,-0.2901837782032136,lead_centre,119.01865409169478,18.493798734723633,18.42783,1.163254
3908,2.1,empty_shadow,DREAM,lead_left,122,vehicle.tesla.model3,leader,-4,left,0,[0],363.12072088991596,-201.7497131544117,23.621629335706793,0.013771269105275505,,,23.628339071928007,24.333146,0.877731
3908,2.1,empty_shadow,DREAM,lead_centre,123,vehicle.nissan.patrol_2021,leader,-5,centre,1,[1],358.07122509261524,-205.25030679454673,19.17367096949135,-0.3528220363465334,,,19.202730926394096,20.102401,0.907738
3908,2.1,empty_shadow,DREAM,lead_right,124,vehicle.tesla.model3,leader,-6,right,2,[2],365.37976185427175,-208.7497668862871,23.101314158412546,0.0075531575603083306,,,23.110069347573695,23.765983,1.0518
3908,2.1,empty_shadow,DREAM,rear_centre,125,vehicle.nissan.patrol_2021,follower,-5,centre,1,[1],209.2440067482229,-205.24968616431326,16.962809817963155,-0.08045187098660171,occluder,15.663976265518208,16.97225732227972,20.0,0.888602
3908,2.1,empty_shadow,DREAM,follower_1,126,vehicle.mercedes.coupe_2020,follower,-4,left,0,[0],209.68354984851962,-201.7561430708007,30.704503868804178,-0.37372952995728836,ego,31.734072958201295,30.679087949669952,32.0,0.868232
3908,2.1,empty_shadow,DREAM,follower_2,127,vehicle.mercedes.coupe_2020,follower,-4,left,0,[0],173.259322851257,-201.75607189659254,30.000451827769236,-0.38764936383128956,follower_1,31.715462394182573,29.983136331606612,31.306896,0.898137
3908,2.1,empty_shadow,DREAM,follower_3,128,vehicle.audi.a2,follower,-4,left,0,[0],131.005992163326,-201.7507565986155,27.792979681534582,-0.1459885897698432,follower_2,37.95323051672594,27.816666231954922,30.535483,0.93041
3908,2.1,empty_shadow,DREAM,follower_4,129,vehicle.mercedes.coupe_2020,follower,-4,left,0,[0],95.71235208662291,-201.75695256797022,28.396537798208414,-0.4413908463526011,follower_3,31.134577457188797,28.337096081195206,29.801881,1.027143
3909,2.15,empty_shadow,DREAM,occluder,121,vehicle.carlamotors.firetruck,occluder,-5,centre,1,[1],232.92470454151282,-205.25506597472622,18.468232298603297,-0.2950284216373941,lead_centre,119.05329154085116,18.479546418377524,18.42783,1.163254
3909,2.15,empty_shadow,DREAM,lead_left,122,vehicle.tesla.model3,leader,-4,left,0,[0],364.3017512247659,-201.74969172701927,23.62270127558619,0.021438799049481018,,,23.629020797787287,24.333146,0.877731
3909,2.15,empty_shadow,DREAM,lead_centre,123,vehicle.nissan.patrol_2021,leader,-5,centre,1,[1],359.0295381240362,-205.25026979228087,19.160685708454697,-0.2597052021169714,,,19.185295502769137,20.102401,0.907738
3909,2.15,empty_shadow,DREAM,lead_right,124,vehicle.tesla.model3,leader,-6,right,2,[2],366.5348522492249,-208.7497543080557,23.102054212355107,0.014801078943135652,,,23.11044203774588,23.765983,1.0518
3909,2.15,empty_shadow,DREAM,rear_centre,125,vehicle.nissan.patrol_2021,follower,-5,centre,1,[1],210.09178511810694,-205.24968686988421,16.948050757071897,-0.2951812173634332,occluder,15.74005658335685,16.96824467133194,20.0,0.888602
3909,2.15,empty_shadow,DREAM,follower_1,126,vehicle.mercedes.coupe_2020,follower,-4,left,0,[0],211.21840131232364,-201.7570232796594,30.689600385210817,-0.2980381957994014,ego,31.72860593950815,30.65842740490526,32.0,0.868232
3909,2.15,empty_shadow,DREAM,follower_2,127,vehicle.mercedes.coupe_2020,follower,-4,left,0,[0],174.75886543758185,-201.75684208041562,29.985058395732878,-0.3078379108478302,follower_1,31.75058817661443,29.96413721480952,31.306896,0.898137
3909,2.15,empty_shadow,DREAM,follower_3,128,vehicle.audi.a2,follower,-4,left,0,[0],132.3955796409736,-201.7507403179092,27.78885026530704,-0.08258832356987185,follower_2,38.06382654135507,27.80935432357363,30.535483,0.93041
3909,2.15,empty_shadow,DREAM,follower_4,129,vehicle.mercedes.coupe_2020,follower,-4,left,0,[0],97.1316791402276,-201.75750597591167,28.3787470986255,-0.35577926048195035,follower_3,31.104135930127157,28.315788384865307,29.801881,1.027143
3910,2.1999999999999997,empty_shadow,DREAM,occluder,121,vehicle.carlamotors.firetruck,occluder,-5,centre,1,[1],233.8476782247268,-205.2550562869291,18.453280607532452,-0.299033815621855,lead_centre,119.0878984724312,18.46506069769022,18.42783,1.163254
3910,2.1999999999999997,empty_shadow,DREAM,lead_left,122,vehicle.tesla.model3,leader,-4,left,0,[0],365.48296467027944,-201.74968549595036,23.624114632009295,0.028267130101256064,,,23.63008209198131,24.333146,0.877731
3910,2.1999999999999997,empty_shadow,DREAM,lead_centre,123,vehicle.nissan.patrol_2021,leader,-5,centre,1,[1],359.98739340222266,-205.25026346375304,19.152199885313156,-0.16971644250575227,,,19.172461275620524,20.102401,0.907738
3910,2.1999999999999997,empty_shadow,DREAM,lead_right,124,vehicle.tesla.model3,leader,-6,right,2,[2],367.6899426493834,-208.7497569886125,23.103114700744804,0.021209767882116523,,,23.111172356333363,23.765983,1.0518
3910,2.1999999999999997,empty_shadow,DREAM,rear_centre,125,vehicle.nissan.patrol_2021,follower,-5,centre,1,[1],210.93934987016192,-205.24970290711877,16.95190169725428,0.0770188039329546,occluder,15.81598431331373,16.953854731245446,20.0,0.888602
3910,2.1999999999999997,empty_shadow,DREAM,follower_1,126,vehicle.mercedes.coupe_2020,follower,-4,left,0,[0],212.75258132177794,-201.7577053533089,30.67843185051357,-0.22333796885754248,ego,31.719782159194423,30.641421783272072,32.0,0.868232
3910,2.1999999999999997,empty_shadow,DREAM,follower_2,127,vehicle.mercedes.coupe_2020,follower,-4,left,0,[0],176.25779762032585,-201.75745988457248,29.97361738156078,-0.22878909093651822,follower_1,31.785897054093603,29.94907003151514,31.306896,0.898137
3910,2.1999999999999997,empty_shadow,DREAM,follower_3,128,vehicle.audi.a2,follower,-4,left,0,[0],133.78501450471248,-201.7506477953159,27.78781266203112,-0.02075206460875083,follower_2,38.17378165003233,27.80519677236133,30.535483,0.93041
3910,2.1999999999999997,empty_shadow,DREAM,follower_4,129,vehicle.mercedes.coupe_2020,follower,-4,left,0,[0],98.55019742600514,-201.757907071857,28.365195049176698,-0.2710076251573542,follower_3,31.074396354170062,28.29865516897992,29.801881,1.027143
3911,2.25,empty_shadow,DREAM,occluder,121,vehicle.carlamotors.firetruck,occluder,-5,centre,1,[1],234.7698279281739,-205.25503162143482,18.43817823602438,-0.30204742325820366,lead_centre,119.12278006740375,18.450382529674467,18.42783,1.163254
3911,2.25,empty_shadow,DREAM,lead_left,122,vehicle.tesla.model3,leader,-4,left,0,[0],366.66420863336924,-201.74967925447066,23.625831256119298,0.03433248372616054,,,23.631481409816296,24.333146,0.877731
3911,2.25,empty_shadow,DREAM,lead_centre,123,vehicle.nissan.patrol_2021,leader,-5,centre,1,[1],360.94488245908224,-205.25022674257818,19.148062818196788,-0.08274132068511343,,,19.164073986842546,20.102401,0.907738
3911,2.25,empty_shadow,DREAM,lead_right,124,vehicle.tesla.model3,leader,-6,right,2,[2],368.845155114642,-208.749744368738,23.10446129123938,0.02693180997253985,,,23.112218892445412,23.765983,1.0518
3911,2.25,empty_shadow,DREAM,rear_centre,125,vehicle.nissan.patrol_2021,follower,-5,centre,1,[1],211.78685358185885,-205.24970370638673,16.945214533758236,-0.13374326982213705,occluder,15.891393244472688,16.957435352964023,20.0,0.888602
3911,2.25,empty_shadow,DREAM,follower_1,126,vehicle.mercedes.coupe_2020,follower,-4,left,0,[0],214.2862424855858,-201.75825027484808,30.6709411050854,-0.1497821455304207,ego,31.707754298838864,30.62804579792341,32.0,0.868232
3911,2.25,empty_shadow,DREAM,follower_2,127,vehicle.mercedes.coupe_2020,follower,-4,left,0,[0],177.75627197175453,-201.7578794806448,29.96605634486627,-0.15119018491084507,follower_1,31.8211448808039,29.937896456101864,31.306896,0.898137
3911,2.25,empty_shadow,DREAM,follower_3,128,vehicle.audi.a2,follower,-4,left,0,[0],135.17447989123312,-201.7505705211,27.789756247782982,0.038871715467111274,follower_2,38.28327896903744,27.80411628322106,30.535483,0.93041
3911,2.25,empty_shadow,DREAM,follower_4,129,vehicle.mercedes.coupe_2020,follower,-4,left,0,[0],99.96818158132113,-201.75809472695647,28.35581679375872,-0.18753420238865465,follower_3,31.04531293213141,28.285654176692027,29.801881,1.027143
3912,2.3,empty_shadow,DREAM,occluder,121,vehicle.carlamotors.firetruck,occluder,-5,centre,1,[1],235.69127572215962,-205.25499193660025,18.42297096211847,-0.3041454693046576,lead_centre,119.15811942081618,18.43556035042329,18.42783,1.163254
3912,2.3,empty_shadow,DREAM,lead_left,122,vehicle.tesla.model3,leader,-4,left,0,[0],367.8456051791354,-201.7496577021489,23.627809187278526,0.03955862404943733,,,23.63318097965163,24.333146,0.877731
3912,2.3,empty_shadow,DREAM,lead_centre,123,vehicle.nissan.patrol_2021,leader,-5,centre,1,[1],361.9024020335181,-205.25019001099255,19.148150532773627,0.0017543106623530993,,,19.159984910412426,20.102401,0.907738
3912,2.3,empty_shadow,DREAM,lead_right,124,vehicle.tesla.model3,leader,-6,right,2,[2],370.0004286202586,-208.74974698683013,23.106067281908324,0.032119813434221434,,,23.113547763801233,23.765983,1.0518
3912,2.3,empty_shadow,DREAM,rear_centre,125,vehicle.nissan.patrol_2021,follower,-5,centre,1,[1],212.63447936386115,-205.2497044640116,16.957207943687905,0.23986819864681302,occluder,15.966039236222905,16.950830178075964,20.0,0.888602
3912,2.3,empty_shadow,DREAM,follower_1,126,vehicle.mercedes.coupe_2020,follower,-4,left,0,[0],215.81968995868917,-201.75859690501642,30.667027084749584,-0.078248699183243,ego,31.69258343003189,30.61826431824013,32.0,0.868232
3912,2.3,empty_shadow,DREAM,follower_2,127,vehicle.mercedes.coupe_2020,follower,-4,left,0,[0],179.2544716129422,-201.7581465825323,29.962287558754465,-0.07534683957570323,follower_1,31.856331693183073,29.930545730086436,31.306896,0.898137
3912,2.3,empty_shadow,DREAM,follower_3,128,vehicle.audi.a2,follower,-4,left,0,[0],136.5641588955828,-201.75047791522047,27.794551322303597,0.09590149043985673,follower_2,38.39228793394549,27.806003271577012,30.535483,0.93041
3912,2.3,empty_shadow,DREAM,follower_4,129,vehicle.mercedes.coupe_2020,follower,-4,left,0,[0],101.3858147376606,-201.75814517268634,28.35051689948194,-0.10596943725002389,follower_3,31.01679416333606,28.27671973104439,29.801881,1.027143
3913,2.35,empty_shadow,DREAM,occluder,121,vehicle.carlamotors.firetruck,occluder,-5,centre,1,[1],236.61193006436562,-205.25496778123406,18.40770265382318,-0.3053661556590551,lead_centre,119.19419120126635,18.42063888508603,18.42783,1.163254
3913,2.35,empty_shadow,DREAM,lead_left,122,vehicle.tesla.model3,leader,-4,left,0,[0],369.02703224768334,-201.74965139820455,23.63001027910254,0.044021838177550836,,,23.63513925589955,24.333146,0.877731
3913,2.35,empty_shadow,DREAM,lead_centre,123,vehicle.nissan.patrol_2021,leader,-5,centre,1,[1],362.859921607954,-205.2501532794069,19.152348587288127,0.08396110667070243,,,19.16007160780788,20.102401,0.907738
3913,2.35,empty_shadow,DREAM,lead_right,124,vehicle.tesla.model3,leader,-6,right,2,[2],371.15579367860425,-208.7497495736899,23.107896432240384,0.03658300673870218,,,23.115132617957634,23.765983,1.0518
3913,2.35,empty_shadow,DREAM,rear_centre,125,vehicle.nissan.patrol_2021,follower,-5,centre,1,[1],213.48244083920326,-205.24970510711788,16.959014203489634,0.036125196058939296,occluder,16.039861248206307,16.96226797018787,20.0,0.888602
3913,2.35,empty_shadow,DREAM,follower_1,126,vehicle.mercedes.coupe_2020,follower,-4,left,0,[0],217.35307633938055,-201.7587757093364,30.666579163211463,-0.008928781628182473,ego,31.67414758137047,30.611992655269713,32.0,0.868232
3913,2.35,empty_shadow,DREAM,follower_2,127,vehicle.mercedes.coupe_2020,follower,-4,left,0,[0],180.7526101565125,-201.7582305997833,29.962187027258366,-0.0019842124811689354,follower_1,31.891579525098763,29.926931485599255,31.306896,0.898137
3913,2.35,empty_shadow,DREAM,follower_3,128,vehicle.audi.a2,follower,-4,left,0,[0],137.95417359847772,-201.75040045361058,27.802030039677067,0.1495743471084697,follower_2,38.50080857078348,27.81072921650129,30.535483,0.93041
3913,2.35,empty_shadow,DREAM,follower_4,129,vehicle.mercedes.coupe_2020,follower,-4,left,0,[0],102.80331050244183,-201.7580125598066,28.349167582209144,-0.026962374894705567,follower_3,30.98884001134627,28.27175688093908,29.801881,1.027143
3914,2.4,empty_shadow,DREAM,occluder,121,vehicle.carlamotors.firetruck,occluder,-5,centre,1,[1],237.53185198473923,-205.25494387572655,18.392419088253607,-0.30567129931145315,lead_centre,119.23105643349624,18.405660984197286,18.42783,1.163254
3914,2.4,empty_shadow,DREAM,lead_left,122,vehicle.tesla.model3,leader,-4,left,0,[0],370.20864241648394,-201.74962977300737,23.632404011673014,0.04787465221889698,,,23.637318469437496,24.333146,0.877731
3914,2.4,empty_shadow,DREAM,lead_centre,123,vehicle.nissan.patrol_2021,leader,-5,centre,1,[1],363.8178379108824,-205.25011641248116,19.160557799870254,0.1641842644744732,,,19.164220963270058,20.102401,0.907738
3914,2.4,empty_shadow,DREAM,lead_right,124,vehicle.tesla.model3,leader,-6,right,2,[2],372.3112502844736,-208.7497368705292,23.109918224418184,0.04043584359712591,,,23.116937689394142,23.765983,1.0518
3914,2.4,empty_shadow,DREAM,rear_centre,125,vehicle.nissan.patrol_2021,follower,-5,centre,1,[1],214.33098214849605,-205.24970555241939,16.97938850316732,0.4074859935575494,occluder,16.112554115070182,16.963860125407138,20.0,0.888602
3914,2.4,empty_shadow,DREAM,follower_1,126,vehicle.mercedes.coupe_2020,follower,-4,left,0,[0],218.88652370317072,-201.7588019049531,30.66945807733684,0.05760509289309605,ego,31.652538310789062,30.609133152531292,32.0,0.868232
3914,2.4,empty_shadow,DREAM,follower_2,127,vehicle.mercedes.coupe_2020,follower,-4,left,0,[0],182.25080969359237,-201.75819252590736,29.965621199325184,0.0687067721807546,follower_1,31.926827362219854,29.92693169703354,31.306896,0.898137
3914,2.4,empty_shadow,DREAM,follower_3,128,vehicle.audi.a2,follower,-4,left,0,[0],139.34464607022326,-201.75033809462718,27.812005479632006,0.19950879874206903,follower_2,38.60893241145885,27.81812772185802,30.535483,0.93041
3914,2.4,empty_shadow,DREAM,follower_4,129,vehicle.mercedes.coupe_2020,follower,-4,left,0,[0],104.22085200194446,-201.7577578610053,28.351631399851755,0.04929639125498248,follower_3,30.961358949459957,28.27063782728794,29.801881,1.027143
3915,2.45,empty_shadow,DREAM,occluder,121,vehicle.carlamotors.firetruck,occluder,-5,centre,1,[1],238.45104148848588,-205.25493547886586,18.37716604076078,-0.30506093660510814,lead_centre,119.26905081605102,18.390671398593998,18.42783,1.163254
3915,2.45,empty_shadow,DREAM,lead_left,122,vehicle.tesla.model3,leader,-4,left,0,[0],371.39031362564265,-201.74962338577677,23.634952241301853,0.05096459432270196,,,23.639688401981672,24.333146,0.877731
3915,2.45,empty_shadow,DREAM,lead_centre,123,vehicle.nissan.patrol_2021,leader,-5,centre,1,[1],364.7762730178142,-205.25009462736037,19.17265991588007,0.2420423286445437,,,19.172334853237267,20.102401,0.907738
3915,2.45,empty_shadow,DREAM,lead_right,124,vehicle.tesla.model3,leader,-6,right,2,[2],373.46679844827736,-208.74973939492432,23.112100234783785,0.04364020743151108,,,23.118932860089394,23.765983,1.0518
3915,2.45,empty_shadow,DREAM,rear_centre,125,vehicle.nissan.patrol_2021,follower,-5,centre,1,[1],215.18025588482658,-205.24972100665042,16.98974540682822,0.2071380732146539,occluder,16.18393472615103,16.98338103362109,20.0,0.888602
3915,2.45,empty_shadow,DREAM,follower_1,126,vehicle.mercedes.coupe_2020,follower,-4,left,0,[0],220.42024567829958,-201.75869067777919,30.675515008888524,0.12116205202555062,ego,31.62784718663289,30.609554149447384,32.0,0.868232
3915,2.45,empty_shadow,DREAM,follower_2,127,vehicle.mercedes.coupe_2020,follower,-4,left,0,[0],183.74931435958726,-201.75801701883006,29.97242408205023,0.1360775069484398,follower_1,31.962075188930157,29.93041448588908,31.306896,0.898137
3915,2.45,empty_shadow,DREAM,follower_3,128,vehicle.audi.a2,follower,-4,left,0,[0],140.73566788437003,-201.75035184219067,27.824271648477108,0.24532337716842723,follower_2,38.716659476793204,27.828013474713142,30.535483,0.93041
3915,2.45,empty_shadow,DREAM,follower_4,129,vehicle.mercedes.coupe_2020,follower,-4,left,0,[0],105.63865286440837,-201.75739626219516,28.35772707868573,0.12192950646318054,follower_3,30.934289921702863,28.273224860009957,29.801881,1.027143
3916,2.5,empty_shadow,DREAM,occluder,121,vehicle.carlamotors.firetruck,occluder,-5,centre,1,[1],239.36943753004203,-205.25491209389725,18.36198547295667,-0.30361134174883697,lead_centre,119.30829641923614,18.37571485102482,18.42783,1.163254
3916,2.5,empty_shadow,DREAM,lead_left,122,vehicle.tesla.model3,leader,-4,left,0,[0],372.5721679402595,-201.74961693608154,23.63762253967795,0.05340596834155242,,,23.642211287526646,24.333146,0.877731
3916,2.5,empty_shadow,DREAM,lead_centre,123,vehicle.nissan.patrol_2021,leader,-5,centre,1,[1],365.7354405413729,-205.25005733359274,19.188517605280005,0.3171537930598497,,,19.18429621992481,20.102401,0.907738
3916,2.5,empty_shadow,DREAM,lead_right,124,vehicle.tesla.model3,leader,-6,right,2,[2],374.62246867718113,-208.74972661888816,23.114415758275435,0.046310469869682756,,,23.121086131495833,23.765983,1.0518
3916,2.5,empty_shadow,DREAM,rear_centre,125,vehicle.nissan.patrol_2021,follower,-5,centre,1,[1],216.03059773112398,-205.24972083771604,17.01814010649082,0.5678939932343927,occluder,16.25385049356712,16.99322184961191,20.0,0.888602
3916,2.5,empty_shadow,DREAM,follower_1,126,vehicle.mercedes.coupe_2020,follower,-4,left,0,[0],221.95427276672723,-201.75839624103943,30.6845629797325,0.18097910343344462,ego,31.600135238849262,30.61311434554923,32.0,0.868232
3916,2.5,empty_shadow,DREAM,follower_2,127,vehicle.mercedes.coupe_2020,follower,-4,left,0,[0],185.2482462300079,-201.75771929569646,29.9824125086181,0.19978476291887332,follower_1,31.997292498064105,29.93721646680127,31.306896,0.898137
3916,2.5,empty_shadow,DREAM,follower_3,128,vehicle.audi.a2,follower,-4,left,0,[0],142.1273000500438,-201.7503653815386,27.838614921152214,0.2868654548897478,follower_2,38.82414232864131,27.840182138717836,30.535483,0.93041
3916,2.5,empty_shadow,DREAM,follower_4,129,vehicle.mercedes.coupe_2020,follower,-4,left,0,[0],107.05683515493351,-201.7569124629449,28.367271434712325,0.1908991032318476,follower_3,30.907510873385732,28.279337569785852,29.801881,1.027143
3917,2.55,empty_shadow,DREAM,occluder,121,vehicle.carlamotors.firetruck,occluder,-5,centre,1,[1],240.28710114976582,-205.2548889587873,18.346928883179427,-0.3011317802650174,lead_centre,119.34906790123868,18.36083231141163,18.42783,1.163254
3917,2.55,empty_shadow,DREAM,lead_left,122,vehicle.tesla.model3,leader,-4,left,0,[0],373.75414431997626,-201.749595185955,23.64038248442316,0.055198896552780825,,,23.644855018954846,24.333146,0.877731
3917,2.55,empty_shadow,DREAM,lead_centre,123,vehicle.nissan.patrol_2021,leader,-5,centre,1,[1],366.6954320394931,-205.2500197587341,19.2079553920291,0.3887557371884098,,,19.19996907828762,20.102401,0.907738
3917,2.55,empty_shadow,DREAM,lead_right,124,vehicle.tesla.model3,leader,-6,right,2,[2],375.77829149917204,-208.7497290495863,23.116832372205227,0.04833227870899763,,,23.123371148641915,23.765983,1.0518
3917,2.55,empty_shadow,DREAM,rear_centre,125,vehicle.nissan.patrol_2021,follower,-5,centre,1,[1],216.88209924532262,-205.2497202731721,17.03640678422478,0.36533355467150447,occluder,16.32190468882591,17.020464986299924,20.0,0.888602
3917,2.55,empty_shadow,DREAM,follower_1,126,vehicle.mercedes.coupe_2020,follower,-4,left,0,[0],223.4888796578732,-201.75801005376584,30.696411189665877,0.23698005034514652,ego,31.569555039703722,30.619633485944142,32.0,0.868232
3917,2.55,empty_shadow,DREAM,follower_2,127,vehicle.mercedes.coupe_2020,follower,-4,left,0,[0],186.7477578927361,-201.7572993044527,29.995388049621738,0.25952348876552367,follower_1,32.03238771607112,29.9471564625644,31.306896,0.898137
3917,2.55,empty_shadow,DREAM,follower_3,128,vehicle.audi.a2,follower,-4,left,0,[0],143.51978670785533,-201.75037862938473,27.854812138661668,0.32394435319786236,follower_2,38.9314420333882,27.854421691916976,30.535483,0.93041
3917,2.55,empty_shadow,DREAM,follower_4,129,vehicle.mercedes.coupe_2020,follower,-4,left,0,[0],108.47558198938879,-201.7563369183662,28.38005649249058,0.25570954600527246,follower_3,30.880960748534356,28.288793606126294,29.801881,1.027143
3918,2.6,empty_shadow,DREAM,occluder,121,vehicle.carlamotors.firetruck,occluder,-5,centre,1,[1],241.2040018248755,-205.25485082515857,18.332030603621423,-0.29796557510164445,lead_centre,119.39139577963509,18.346074068661316,18.42783,1.163254
3918,2.6,empty_shadow,DREAM,lead_left,122,vehicle.tesla.model3,leader,-4,left,0,[0],374.9362427804093,-201.7496039117617,23.64319774163098,0.056305145013426455,,,23.64758749539166,24.333146,0.877731
3918,2.6,empty_shadow,DREAM,lead_centre,123,vehicle.nissan.patrol_2021,leader,-5,centre,1,[1],367.6565526879382,-205.2499817986767,19.23077300522386,0.45635226374772436,,,19.21917967982741,20.102401,0.907738
3918,2.6,empty_shadow,DREAM,lead_right,124,vehicle.tesla.model3,leader,-6,right,2,[2],376.9341753563157,-208.74973145946288,23.11932146491854,0.049781854314818484,,,23.125755914610462,23.765983,1.0518
3918,2.6,empty_shadow,DREAM,rear_centre,125,vehicle.nissan.patrol_2021,follower,-5,centre,1,[1],217.73494353288064,-205.24971925055397,17.071748048056268,0.7068252766335763,occluder,16.38806679435104,17.037923285464313,20.0,0.888602
3918,2.6,empty_shadow,DREAM,follower_1,126,vehicle.mercedes.coupe_2020,follower,-4,left,0,[0],225.0240968693138,-201.75753210554765,30.71083831867758,0.28855476064870245,ego,31.53610654234781,30.628927524775417,32.0,0.868232
3918,2.6,empty_shadow,DREAM,follower_2,127,vehicle.mercedes.coupe_2020,follower,-4,left,0,[0],188.2480324636407,-201.75678750021044,30.011137018553118,0.31498872999129623,follower_1,32.0674829444889,29.960039181371847,31.306896,0.898137
3918,2.6,empty_shadow,DREAM,follower_3,128,vehicle.audi.a2,follower,-4,left,0,[0],144.91306682265196,-201.75039160655066,27.87262869653249,0.356331162139253,follower_2,39.03846703830485,27.870510551622367,30.535483,0.93041
3918,2.6,empty_shadow,DREAM,follower_4,129,vehicle.mercedes.coupe_2020,follower,-4,left,0,[0],109.89509173722584,-201.7556848195772,28.395847583499535,0.31582717779789954,follower_3,30.85470057189061,28.301387373389716,29.801881,1.027143
3919,2.65,empty_shadow,DREAM,occluder,121,vehicle.carlamotors.firetruck,occluder,-5,centre,1,[1],242.12013958139798,-205.25487398695202,18.31733641226686,-0.2938838092581824,lead_centre,119.43561575297053,18.331473557827376,18.42783,1.163254
3919,2.65,empty_shadow,DREAM,lead_left,122,vehicle.tesla.model3,leader,-4,left,0,[0],376.1184938547509,-201.7496888794554,23.6460377943992,0.05680105689293134,,,23.650374723881214,24.333146,0.877731
3919,2.65,empty_shadow,DREAM,lead_centre,123,vehicle.nissan.patrol_2021,leader,-5,centre,1,[1],368.61889403943724,-205.2499434221882,19.256732025971502,0.5191804136070717,,,19.24172972356756,20.102401,0.907738
3919,2.65,empty_shadow,DREAM,lead_right,124,vehicle.tesla.model3,leader,-6,right,2,[2],378.090242313712,-208.7497185480866,23.121852519333178,0.05062108829826046,,,23.12821219373888,23.765983,1.0518
3919,2.65,empty_shadow,DREAM,rear_centre,125,vehicle.nissan.patrol_2021,follower,-5,centre,1,[1],218.5893137096669,-205.2497482249733,17.096616059769815,0.4973602342866233,occluder,16.452123181902692,17.071834123929793,20.0,0.888602
3919,2.65,empty_shadow,DREAM,follower_1,126,vehicle.mercedes.coupe_2020,follower,-4,left,0,[0],226.5601685416599,-201.75696231309863,30.727628772274308,0.33581787390556356,ego,31.500003307351285,30.64078374199128,32.0,0.868232
3919,2.65,empty_shadow,DREAM,follower_2,127,vehicle.mercedes.coupe_2020,follower,-4,left,0,[0],189.74913097787436,-201.75618386214813,30.02942856821568,0.3658374361640097,follower_1,32.10242558502494,29.975652956159998,31.306896,0.898137
3919,2.65,empty_shadow,DREAM,follower_3,128,vehicle.audi.a2,follower,-4,left,0,[0],146.30735401746807,-201.75040424016095,27.891831897870205,0.3840640330386851,follower_2,39.145461494412814,27.888215802635113,30.535483,0.93041
3919,2.65,empty_shadow,DREAM,follower_4,129,vehicle.mercedes.coupe_2020,follower,-4,left,0,[0],111.31542545441894,-201.75501718090902,28.41440242322251,0.37109979383933955,follower_3,30.828470938850174,28.31688555951725,29.801881,1.027143
3920,2.7,empty_shadow,DREAM,occluder,121,vehicle.carlamotors.firetruck,occluder,-5,centre,1,[1],243.0355754492806,-205.2549431645579,18.30289017350059,-0.288924759275286,lead_centre,119.4818193479471,18.317075413011683,18.42783,1.163254
3920,2.7,empty_shadow,DREAM,lead_left,122,vehicle.tesla.model3,leader,-4,left,0,[0],377.3008975169744,-201.7497737950952,23.648875933301557,0.05676277844934409,,,23.653186490919566,24.333146,0.877731
3920,2.7,empty_shadow,DREAM,lead_centre,123,vehicle.nissan.patrol_2021,leader,-5,centre,1,[1],369.58263920465373,-205.2499198255921,19.28555398026851,0.5764390846108743,,,19.267383176992357,20.102401,0.907738
3920,2.7,empty_shadow,DREAM,lead_right,124,vehicle.tesla.model3,leader,-6,right,2,[2],379.2464313466191,-208.7497208538554,23.124402648054794,0.051002574555163355,,,23.130709870519915,23.765983,1.0518
3920,2.7,empty_shadow,DREAM,rear_centre,125,vehicle.nissan.patrol_2021,follower,-5,centre,1,[1],219.4454233778943,-205.24974608840193,17.137297897915136,0.8136367629565884,occluder,16.51389076163892,17.09563079996401,20.0,0.888602
3920,2.7,empty_shadow,DREAM,follower_1,126,vehicle.mercedes.coupe_2020,follower,-4,left,0,[0],228.09706415733504,-201.75630068682958,30.746547889576814,0.37838822442846626,ego,31.461123191533318,30.654994223258573,32.0,0.868232
3920,2.7,empty_shadow,DREAM,follower_2,127,vehicle.mercedes.coupe_2020,follower,-4,left,0,[0],191.25120603372966,-201.75551885578827,30.05001087940468,0.41165024898339697,follower_1,32.137398743137325,29.993770849176546,31.306896,0.898137
3920,2.7,empty_shadow,DREAM,follower_3,128,vehicle.audi.a2,follower,-4,left,0,[0],147.7026177747274,-201.75041654062633,27.912185231506196,0.4070666803891086,follower_2,39.25227281383035,27.90730618538515,30.535483,0.93041
3920,2.7,empty_shadow,DREAM,follower_4,129,vehicle.mercedes.coupe_2020,follower,-4,left,0,[0],112.73676620998847,-201.7542271283798,28.43546157662497,0.4211844100549727,follower_3,30.802424416473208,28.33505004028489,29.801881,1.027143
3921,2.75,empty_shadow,DREAM,occluder,121,vehicle.carlamotors.firetruck,occluder,-5,centre,1,[1],243.9503094181126,-205.2550278403998,18.288726217319127,-0.28327911096676156,lead_centre,119.53012864528095,18.30292236716623,18.42783,1.163254
3921,2.75,empty_shadow,DREAM,lead_left,122,vehicle.tesla.model3,leader,-4,left,0,[0],378.48345376707954,-201.74985865868112,23.651677828557286,0.05603790510715958,,,23.65599635296989,24.333146,0.877731
3921,2.75,empty_shadow,DREAM,lead_centre,123,vehicle.nissan.patrol_2021,leader,-5,centre,1,[1],370.547879725906,-205.2498804600797,19.31693941420115,0.6277086780911119,,,19.295864413187587,20.102401,0.907738
3921,2.75,empty_shadow,DREAM,lead_right,124,vehicle.tesla.model3,leader,-6,right,2,[2],380.40268140947353,-208.74970788001445,23.126933702620843,0.050621091364900526,,,23.133226358983197,23.765983,1.0518
3921,2.75,empty_shadow,DREAM,rear_centre,125,vehicle.nissan.patrol_2021,follower,-5,centre,1,[1],220.3032115128209,-205.24974337923783,17.167042998651567,0.5949020147772126,occluder,16.57321696129417,17.13464028470212,20.0,0.888602
3921,2.75,empty_shadow,DREAM,follower_1,126,vehicle.mercedes.coupe_2020,follower,-4,left,0,[0],229.6349973497845,-201.7555776714414,30.767351482622477,0.41607538263327,ego,31.419771329014267,30.671335301882568,32.0,0.868232
3921,2.75,empty_shadow,DREAM,follower_2,127,vehicle.mercedes.coupe_2020,follower,-4,left,0,[0],192.75437970671737,-201.75480769827584,30.07264930979505,0.45277077832950885,follower_1,32.17221930295719,30.014144139005168,31.306896,0.898137
3921,2.75,empty_shadow,DREAM,follower_3,128,vehicle.audi.a2,follower,-4,left,0,[0],149.09888861200625,-201.75042849753603,27.933463629175804,0.4255679615414504,follower_2,39.35908411242633,27.92754659641212,30.535483,0.93041
3921,2.75,empty_shadow,DREAM,follower_4,129,vehicle.mercedes.coupe_2020,follower,-4,left,0,[0],114.15925138508184,-201.75346720302272,28.458761807479437,0.46600497289415804,follower_3,30.776347418163,28.355624066265342,29.801881,1.027143
3922,2.8,empty_shadow,DREAM,occluder,121,vehicle.carlamotors.firetruck,occluder,-5,centre,1,[1],244.86431095990682,-205.2550975073122,18.274878876560678,-0.2769468055859426,lead_centre,119.58063519770124,18.289047788868036,18.42783,1.163254
3922,2.8,empty_shadow,DREAM,lead_left,122,vehicle.tesla.model3,leader,-4,left,0,[0],379.66610156991374,-201.74994349103468,23.65442249766141,0.05489338145796846,,,23.658770322486838,24.333146,0.877731
3922,2.8,empty_shadow,DREAM,lead_centre,123,vehicle.nissan.patrol_2021,leader,-5,centre,1,[1],371.5147681962811,-205.24984053238532,19.350567893753748,0.6725695918785003,,,19.32687708340919,20.102401,0.907738
3922,2.8,empty_shadow,DREAM,lead_right,124,vehicle.tesla.model3,leader,-6,right,2,[2],381.55911458299136,-208.74971010249703,23.129426611116653,0.04985816989895998,,,23.13572401390272,23.765983,1.0518
3922,2.8,empty_shadow,DREAM,rear_centre,125,vehicle.nissan.patrol_2021,follower,-5,centre,1,[1],221.16292225505748,-205.24974001419469,17.21121147194267,0.8833694658707022,occluder,16.630162795199553,17.16309695285122,20.0,0.888602
3922,2.8,empty_shadow,DREAM,follower_1,126,vehicle.mercedes.coupe_2020,follower,-4,left,0,[0],231.17405967694276,-201.75480849448988,30.7897896530529,0.44876516749759665,ego,31.375886486836706,30.68957246553629,32.0,0.868232
3922,2.8,empty_shadow,DREAM,follower_2,127,vehicle.mercedes.coupe_2020,follower,-4,left,0,[0],194.2587740879644,-201.75411138312052,30.09707489662468,0.48851263239135356,follower_1,32.20697882241896,30.03654112654459,31.306896,0.898137
3922,2.8,empty_shadow,DREAM,follower_3,128,vehicle.audi.a2,follower,-4,left,0,[0],150.4962275644573,-201.75044009006854,27.955421042431094,0.43914827309442633,follower_2,39.46598694813519,27.948713309538405,30.535483,0.93041
3922,2.8,empty_shadow,DREAM,follower_4,129,vehicle.mercedes.coupe_2020,follower,-4,left,0,[0],115.58295725802381,-201.7526916024464,28.484026544141685,0.5052947270155344,follower_3,30.75013308034847,28.37834832087175,29.801881,1.027143
3923,2.85,empty_shadow,DREAM,occluder,121,vehicle.carlamotors.firetruck,occluder,-5,centre,1,[1],245.77767163780305,-205.25518265163913,18.26139202056233,-0.2697371135600766,lead_centre,119.63352212628212,18.275485051016968,18.42783,1.163254
3923,2.85,empty_shadow,DREAM,lead_left,122,vehicle.tesla.model3,leader,-4,left,0,[0],380.84890196062975,-201.7500282713344,23.657079423033174,0.053138506853966073,,,23.66148762658551,24.333146,0.877731
3923,2.85,empty_shadow,DREAM,lead_centre,123,vehicle.nissan.patrol_2021,leader,-5,centre,1,[1],372.4833656509317,-205.24980002168738,19.386090373699727,0.710449601624819,,,19.360104137219274,20.102401,0.907738
3923,2.85,empty_shadow,DREAM,lead_right,124,vehicle.tesla.model3,leader,-6,right,2,[2],382.7156698268147,-208.7497122833365,23.131868021182143,0.048828201207341757,,,23.138184015404253,23.765983,1.0518
3923,2.85,empty_shadow,DREAM,rear_centre,125,vehicle.nissan.patrol_2021,follower,-5,centre,1,[1],222.0244030219277,-205.24975130411465,17.243975906892096,0.6552886990604583,occluder,16.68445359475718,17.205402578424334,20.0,0.888602
3923,2.85,empty_shadow,DREAM,follower_1,126,vehicle.mercedes.coupe_2020,follower,-4,left,0,[0],232.71425114401512,-201.75400841476326,30.813602978444386,0.47626713229717493,ego,31.32965164032396,30.709469631831457,32.0,0.868232
3923,2.85,empty_shadow,DREAM,follower_2,127,vehicle.mercedes.coupe_2020,follower,-4,left,0,[0],195.76441965340408,-201.75330782960606,30.12302250410405,0.5189523414927685,follower_1,32.241646768330135,30.06069668827046,31.306896,0.898137
3923,2.85,empty_shadow,DREAM,follower_3,128,vehicle.audi.a2,follower,-4,left,0,[0],151.89466514965693,-201.75045130781305,27.977845755507648,0.4484942689880224,follower_2,39.573042376931184,27.970561654529195,30.535483,0.93041
3923,2.85,empty_shadow,DREAM,follower_4,129,vehicle.mercedes.coupe_2020,follower,-4,left,0,[0],117.00800590953054,-201.751930802584,28.510973503896697,0.5389393505513176,follower_3,30.72376615985757,28.402950487946676,29.801881,1.027143
3924,2.9,empty_shadow,DREAM,occluder,121,vehicle.carlamotors.firetruck,occluder,-5,centre,1,[1],246.690391446596,-205.25526801459236,18.248292351495188,-0.2619933791614482,lead_centre,119.68875890303649,18.26227687731512,18.42783,1.163254
3924,2.9,empty_shadow,DREAM,lead_left,122,vehicle.tesla.model3,leader,-4,left,0,[0],382.0318549079951,-201.75002144685115,23.65962953063144,0.05100215233307663,,,23.664118052702474,24.333146,0.877731
3924,2.9,empty_shadow,DREAM,lead_centre,123,vehicle.nissan.patrol_2021,leader,-5,centre,1,[1],373.45379416016334,-205.2497588863428,19.423155901521373,0.7413105612949131,,,19.39520030352357,20.102401,0.907738
3924,2.9,empty_shadow,DREAM,lead_right,124,vehicle.tesla.model3,leader,-6,right,2,[2],383.872347135738,-208.74969916374468,23.134242673256317,0.04749304134345377,,,23.140593187952742,23.765983,1.0518
3924,2.9,empty_shadow,DREAM,rear_centre,125,vehicle.nissan.patrol_2021,follower,-5,centre,1,[1],222.88798949636066,-205.24974661690274,17.289763718123996,0.9157562247623205,occluder,16.736333505783193,17.236718081139596,20.0,0.888602
3924,2.9,empty_shadow,DREAM,follower_1,126,vehicle.mercedes.coupe_2020,follower,-4,left,0,[0],234.25575486166514,-201.75319262858503,30.838545399272462,0.4988484883896517,ego,31.281158279740424,30.730781276770095,32.0,0.868232
3924,2.9,empty_shadow,DREAM,follower_2,127,vehicle.mercedes.coupe_2020,follower,-4,left,0,[0],197.2714079974085,-201.75251907680558,30.150234635107587,0.5442426145097036,follower_1,32.27619266996285,30.086349103730733,31.306896,0.898137
3924,2.9,empty_shadow,DREAM,follower_3,128,vehicle.audi.a2,follower,-4,left,0,[0],153.29426240275785,-201.750462129948,28.00052032970987,0.45349149025079866,follower_2,39.680250357171204,27.992880830332535,30.535483,0.93041
3924,2.9,empty_shadow,DREAM,follower_4,129,vehicle.mercedes.coupe_2020,follower,-4,left,0,[0],118.4343668116149,-201.75115429627002,28.539320413675917,0.5669389135685954,follower_3,30.697155093550478,28.42915384453749,29.801881,1.027143
3925,2.95,empty_shadow,DREAM,occluder,121,vehicle.carlamotors.firetruck,occluder,-5,centre,1,[1],247.60240934592753,-205.2553383582053,18.23561420271165,-0.253562977064829,lead_centre,119.74646760347517,18.249449161590828,18.42783,1.163254
3925,2.95,empty_shadow,DREAM,lead_left,122,vehicle.tesla.model3,leader,-4,left,0,[0],383.21483836773143,-201.74999935316896,23.66206328854386,0.048675160307534146,,,23.66664271801091,24.333146,0.877731
3925,2.95,empty_shadow,DREAM,lead_centre,123,vehicle.nissan.patrol_2021,leader,-5,centre,1,[1],374.426114764334,-205.24973236431813,19.46140398800142,0.7649617367309455,,,19.43181849381053,20.102401,0.907738
3925,2.95,empty_shadow,DREAM,lead_right,124,vehicle.tesla.model3,leader,-6,right,2,[2],385.02914652017205,-208.74970126129793,23.136529588326287,0.04573830157271585,,,23.142936474219532,23.765983,1.0518
3925,2.95,empty_shadow,DREAM,rear_centre,125,vehicle.nissan.patrol_2021,follower,-5,centre,1,[1],223.7534985781036,-205.24974127381188,17.32376029957571,0.679931629152141,occluder,16.785466840143194,17.280513907927222,20.0,0.888602
3925,2.95,empty_shadow,DREAM,follower_1,126,vehicle.mercedes.coupe_2020,follower,-4,left,0,[0],235.79844876999815,-201.75239169517462,30.864357515614433,0.5162423634663659,ego,31.230558868038507,30.753272477246497,32.0,0.868232
3925,2.95,empty_shadow,DREAM,follower_2,127,vehicle.mercedes.coupe_2020,follower,-4,left,0,[0],198.77976965317018,-201.7517908906728,30.178444266306474,0.564192856024852,follower_1,32.31070804360846,30.11324474317229,31.306896,0.898137
3925,2.95,empty_shadow,DREAM,follower_3,128,vehicle.audi.a2,follower,-4,left,0,[0],154.69501932376002,-201.7504725564734,28.023242586229976,0.4544451353714126,follower_2,39.78764144807471,28.015454455408765,30.535483,0.93041
3925,2.95,empty_shadow,DREAM,follower_4,129,vehicle.mercedes.coupe_2020,follower,-4,left,0,[0],119.86222311658346,-201.7504993501333,28.56878119130269,0.5892171262371321,follower_3,30.67039144456703,28.45668253969759,29.801881,1.027143
3926,3.0,empty_shadow,DREAM,occluder,121,vehicle.carlamotors.firetruck,occluder,-5,centre,1,[1],248.51381689893742,-205.255424168822,18.223388091752927,-0.2445222243468746,lead_centre,119.80677030831434,18.2370353047797,18.42783,1.163254
3926,3.0,empty_shadow,DREAM,lead_left,122,vehicle.tesla.model3,leader,-4,left,0,[0],384.3980964908603,-201.74999242457793,23.664373068578918,0.046195604562588574,,,23.669052186774707,24.333146,0.877731
3926,3.0,empty_shadow,DREAM,lead_centre,123,vehicle.nissan.patrol_2021,leader,-5,centre,1,[1],375.4003274478275,-205.24967467924893,19.50047032840797,0.781326817214902,,,19.469602277999872,20.102401,0.907738
3926,3.0,empty_shadow,DREAM,lead_right,124,vehicle.tesla.model3,leader,-6,right,2,[2],386.18600693455346,-208.74968807924142,23.138713505335666,0.043678340250292866,,,23.14519317323284,23.765983,1.0518
3926,3.0,empty_shadow,DREAM,rear_centre,125,vehicle.nissan.patrol_2021,follower,-5,centre,1,[1],224.62111337261464,-205.24973521237732,17.369477540424356,0.914344817049689,occluder,16.831975657731746,17.312962931053193,20.0,0.888602
3926,3.0,empty_shadow,DREAM,follower_1,126,vehicle.mercedes.coupe_2020,follower,-4,left,0,[0],237.34245492890878,-201.75157505531263,30.8907875665563,0.5286014513421665,ego,31.178066981404193,30.776697440553573,32.0,0.868232
3926,3.0,empty_shadow,DREAM,follower_2,127,vehicle.mercedes.coupe_2020,follower,-4,left,0,[0],200.28956565063643,-201.75110799159796,30.207384381837265,0.5788031162188276,follower_1,32.345040296179775,30.14111973967572,31.306896,0.898137
3926,3.0,empty_shadow,DREAM,follower_3,128,vehicle.audi.a2,follower,-4,left,0,[0],156.09684435993444,-201.75048261862156,28.045812252688172,0.45139333262793485,follower_2,39.895246182834214,28.038081137080688,30.535483,0.93041
3926,3.0,empty_shadow,DREAM,follower_4,129,vehicle.mercedes.coupe_2020,follower,-4,left,0,[0],121.29157477238239,-201.74981337629217,28.59907357421752,0.6058502218539524,follower_3,30.643292060600636,28.485256156209047,29.801881,1.027143
3927,3.05,empty_shadow,DREAM,occluder,121,vehicle.carlamotors.firetruck,occluder,-5,centre,1,[1],249.42464461279133,-205.2554949184553,18.21163881323368,-0.2349855802398451,lead_centre,119.86957543879794,18.225064974238286,18.42783,1.163254
3927,3.05,empty_shadow,DREAM,lead_left,122,vehicle.tesla.model3,leader,-4,left,0,[0],385.5813851315655,-201.74998548557613,23.666543610570898,0.04341084566488934,,,23.671338908039974,24.333146,0.877731
3927,3.05,empty_shadow,DREAM,lead_centre,123,vehicle.nissan.patrol_2021,leader,-5,centre,1,[1],376.3765237789891,-205.24963157626735,19.540005879466428,0.790711032761386,,,19.50819154872216,20.102401,0.907738
3927,3.05,empty_shadow,DREAM,lead_right,124,vehicle.tesla.model3,leader,-6,right,2,[2],387.3430504595983,-208.74969009350846,23.140788704454355,0.04150398238593911,,,23.147348226691,23.765983,1.0518
3927,3.05,empty_shadow,DREAM,rear_centre,125,vehicle.nissan.patrol_2021,follower,-5,centre,1,[1],225.490589739283,-205.24972851588532,17.40310981950328,0.6726455816616533,occluder,16.875768416230606,17.35662295251891,20.0,0.888602
3927,3.05,empty_shadow,DREAM,follower_1,126,vehicle.mercedes.coupe_2020,follower,-4,left,0,[0],238.88780388720573,-201.75083425131726,30.91758951917204,0.5360402182794368,ego,31.123743592525457,30.800811678855805,32.0,0.868232
3927,3.05,empty_shadow,DREAM,follower_2,127,vehicle.mercedes.coupe_2020,follower,-4,left,0,[0],201.8008875165094,-201.75039405440793,30.236808951180482,0.5884930021356142,follower_1,32.37925045762415,30.16971113068342,31.306896,0.898137
3927,3.05,empty_shadow,DREAM,follower_3,128,vehicle.audi.a2,follower,-4,left,0,[0],157.4998290640101,-201.7504922851602,28.06803859457106,0.4445268399490535,follower_2,40.003217144126076,28.0605613992915,30.535483,0.93041
3927,3.05,empty_shadow,DREAM,follower_4,129,vehicle.mercedes.coupe_2020,follower,-4,left,0,[0],122.72245234864187,-201.7492489522175,28.6299210203288,0.6169525286117575,follower_3,30.615765440976112,28.514598560948876,29.801881,1.027143
3928,3.1,empty_shadow,DREAM,occluder,121,vehicle.carlamotors.firetruck,occluder,-5,centre,1,[1],250.33486198032364,-205.2555811350923,18.20039307105211,-0.22491485699219482,lead_centre,119.93494405610564,18.213562258088924,18.42783,1.163254
3928,3.1,empty_shadow,DREAM,lead_left,122,vehicle.tesla.model3,leader,-4,left,0,[0],386.7647348022181,-201.7499632669646,23.668567286865585,0.04047353281618802,,,23.673487775135136,24.333146,0.877731
3928,3.1,empty_shadow,DREAM,lead_centre,123,vehicle.nissan.patrol_2021,leader,-5,centre,1,[1],377.3546732350371,-205.249587806996,19.579665410630838,0.7931906370803978,,,19.547241372281608,20.102401,0.907738
3928,3.1,empty_shadow,DREAM,lead_right,124,vehicle.tesla.model3,leader,-6,right,2,[2],388.50009398464323,-208.74969210777547,23.142736111091214,0.038948132667887755,,,23.14939599154547,23.765983,1.0518
3928,3.1,empty_shadow,DREAM,rear_centre,125,vehicle.nissan.patrol_2021,follower,-5,centre,1,[1],226.3621413063485,-205.24973637024866,17.447295460467963,0.8837128193216899,occluder,16.917119763416146,17.38867488610879,20.0,0.888602
3928,3.1,empty_shadow,DREAM,follower_1,126,vehicle.mercedes.coupe_2020,follower,-4,left,0,[0],240.4345261416438,-201.75010823762508,30.94452306819059,0.5386730877802568,ego,31.067710735269998,30.825379655699553,32.0,0.868232
3928,3.1,empty_shadow,DREAM,follower_2,127,vehicle.mercedes.coupe_2020,follower,-4,left,0,[0],203.31364373449767,-201.7497559218522,30.26646240912001,0.5930717120557114,follower_1,32.413277550048164,30.198775878470844,31.306896,0.898137
3928,3.1,empty_shadow,DREAM,follower_3,128,vehicle.audi.a2,follower,-4,left,0,[0],158.903881883258,-201.7505015873216,28.089744228378606,0.43411267747534144,follower_2,40.11155430592335,28.082705295960366,30.535483,0.93041
3928,3.1,empty_shadow,DREAM,follower_4,129,vehicle.mercedes.coupe_2020,follower,-4,left,0,[0],124.15490158528873,-201.74869925077599,28.661046986743546,0.6225238975487675,follower_3,30.587872568792307,28.544440451510642,29.801881,1.027143
3929,3.15,empty_shadow,DREAM,occluder,121,vehicle.carlamotors.firetruck,occluder,-5,centre,1,[1],251.24459105622356,-205.25563700072541,18.189671846005247,-0.21442451744125027,lead_centre,120.00287614462131,18.202553142106467,18.42783,1.163254
3929,3.15,empty_shadow,DREAM,lead_left,122,vehicle.tesla.model3,leader,-4,left,0,[0],387.94826758353406,-201.74995624467658,23.670432654162003,0.03730735313657611,,,23.675491237751956,24.333146,0.877731
3929,3.15,empty_shadow,DREAM,lead_centre,123,vehicle.nissan.patrol_2021,leader,-5,centre,1,[1],378.334745324422,-205.24961967578653,19.619117042072723,0.7890326442005932,,,19.586410681507488,20.102401,0.907738
3929,3.15,empty_shadow,DREAM,lead_right,124,vehicle.tesla.model3,leader,-6,right,2,[2],389.6573206099408,-208.74967880078964,23.144550003289662,0.036277843821558374,,,23.151317646629053,23.765983,1.0518
3929,3.15,empty_shadow,DREAM,rear_centre,125,vehicle.nissan.patrol_2021,follower,-5,centre,1,[1],227.2354323700605,-205.24972837240944,17.47920158900688,0.6381225708554834,occluder,16.95578556388297,17.430804164680723,20.0,0.888602
3929,3.15,empty_shadow,DREAM,follower_1,126,vehicle.mercedes.coupe_2020,follower,-4,left,0,[0],241.98256067268642,-201.74944281142217,30.971353631593555,0.5366144232134278,ego,31.01015149947976,30.85016335722616,32.0,0.868232
3929,3.15,empty_shadow,DREAM,follower_2,127,vehicle.mercedes.coupe_2020,follower,-4,left,0,[0],204.82783429419058,-201.74916307635445,30.296094913484456,0.5926536016776477,follower_1,32.447243586497905,30.22806256332232,31.306896,0.898137
3929,3.15,empty_shadow,DREAM,follower_3,128,vehicle.audi.a2,follower,-4,left,0,[0],160.3090028176781,-201.7505105251058,28.11077465842733,0.42060860151109125,follower_2,40.220257704663766,28.104336000200746,30.535483,0.93041
3929,3.15,empty_shadow,DREAM,follower_4,129,vehicle.mercedes.coupe_2020,follower,-4,left,0,[0],125.58887672677999,-201.74822532273646,28.69219018467569,0.6228693503582349,follower_3,30.55947615139334,28.57451199205402,29.801881,1.027143
3930,3.2,empty_shadow,DREAM,occluder,121,vehicle.carlamotors.firetruck,occluder,-5,centre,1,[1],252.1537402773513,-205.2556320290106,18.179501841885372,-0.2034001006175005,lead_centre,120.07321915810631,18.192058018028924,18.42783,1.163254
3930,3.2,empty_shadow,DREAM,lead_left,122,vehicle.tesla.model3,leader,-4,left,0,[0],389.1318613947974,-201.74993394277885,23.672133991141138,0.034026746295197426,,,23.677337968061707,24.333146,0.877731
3930,3.2,empty_shadow,DREAM,lead_centre,123,vehicle.nissan.patrol_2021,leader,-5,centre,1,[1],379.31686210183307,-205.2496813646313,19.658044149505884,0.7785421633213551,,,19.625371696313408,20.102401,0.907738
3930,3.2,empty_shadow,DREAM,lead_right,124,vehicle.tesla.model3,leader,-6,right,2,[2],390.8145472404438,-208.749680752592,23.146226567239758,0.0335312791988351,,,23.15310754695564,23.765983,1.0518
3930,3.2,empty_shadow,DREAM,rear_centre,125,vehicle.nissan.patrol_2021,follower,-5,centre,1,[1],228.11064604108248,-205.24971971869127,17.520652092158112,0.8290100630344834,occluder,16.99222357607089,17.461162101791885,20.0,0.888602
3930,3.2,empty_shadow,DREAM,follower_1,126,vehicle.mercedes.coupe_2020,follower,-4,left,0,[0],243.53190746992283,-201.74880745513215,30.99786570103314,0.5302455969592113,ego,30.951249079104443,30.874933324700066,32.0,0.868232
3930,3.2,empty_shadow,DREAM,follower_2,127,vehicle.mercedes.coupe_2020,follower,-4,left,0,[0],206.3435202411515,-201.74864601466945,30.325485230325505,0.5878107532120193,follower_1,32.48108755784766,30.257324885096303,31.306896,0.898137
3930,3.2,empty_shadow,DREAM,follower_3,128,vehicle.audi.a2,follower,-4,left,0,[0],161.7151613496941,-201.75051910892353,28.130983019469458,0.40416722098346697,follower_2,40.32932732993652,28.125299322017177,30.535483,0.93041
3930,3.2,empty_shadow,DREAM,follower_4,129,vehicle.mercedes.coupe_2020,follower,-4,left,0,[0],127.02442355468557,-201.7478424112709,28.723100764249978,0.6182176011703379,follower_3,30.530621944322206,28.604560000198543,29.801881,1.027143
3931,3.25,empty_shadow,DREAM,occluder,121,vehicle.carlamotors.firetruck,occluder,-5,centre,1,[1],253.0623706944757,-205.25561197549084,18.169894506155487,-0.19214673085918976,lead_centre,120.14618671438966,18.18210294007563,18.42783,1.163254
3931,3.25,empty_shadow,DREAM,lead_left,122,vehicle.tesla.model3,leader,-4,left,0,[0],390.3154552112661,-201.74992689966928,23.67367320577919,0.030784296861090944,,,23.67902230304764,24.333146,0.877731
3931,3.25,empty_shadow,DREAM,lead_centre,123,vehicle.nissan.patrol_2021,leader,-5,centre,1,[1],380.30084044619605,-205.24972715963045,19.69615490812638,0.7622151859200648,,,19.663811800379946,20.102401,0.907738
3931,3.25,empty_shadow,DREAM,lead_right,124,vehicle.tesla.model3,leader,-6,right,2,[2],391.9720180063522,-208.74966736231997,23.147761986078642,0.03070837684356075,,,23.154761930421216,23.765983,1.0518
3931,3.25,empty_shadow,DREAM,rear_centre,125,vehicle.nissan.patrol_2021,follower,-5,centre,1,[1],228.98750766122737,-205.24971050279106,17.549710550463505,0.5811691661132036,occluder,17.026159126176623,17.500621910283595,20.0,0.888602
3931,3.25,empty_shadow,DREAM,follower_1,126,vehicle.mercedes.coupe_2020,follower,-4,left,0,[0],245.08256656979077,-201.7483089802723,31.023843765794403,0.5195664769692031,ego,30.891034012541937,30.89946936773811,32.0,0.868232
3931,3.25,empty_shadow,DREAM,follower_2,127,vehicle.mercedes.coupe_2020,follower,-4,left,0,[0],207.86067105780415,-201.748204747208,30.35440640030049,0.5784285811532688,follower_1,32.51474840812314,30.286344528144518,31.306896,0.898137
3931,3.25,empty_shadow,DREAM,follower_3,128,vehicle.audi.a2,follower,-4,left,0,[0],163.12226592657692,-201.75052737000718,28.15023198204946,0.38497925154362134,follower_2,40.43885474488147,28.145448829750183,30.535483,0.93041
3931,3.25,empty_shadow,DREAM,follower_4,129,vehicle.mercedes.coupe_2020,follower,-4,left,0,[0],128.46149628743555,-201.74753527320735,28.753532683714266,0.6086447668501818,follower_3,30.501233648432617,28.6343417827654,29.801881,1.027143
3932,3.3,empty_shadow,DREAM,occluder,121,vehicle.carlamotors.firetruck,occluder,-5,centre,1,[1],253.97060438310757,-205.2555920573112,18.160868912568198,-0.18051188530615378,lead_centre,120.22153464162822,18.17269899989557,18.42783,1.163254
3932,3.3,empty_shadow,DREAM,lead_left,122,vehicle.tesla.model3,leader,-4,left,0,[0],391.49923213319295,-201.74991979409504,23.675040760721696,0.02735110343857192,,,23.68054613267298,24.333146,0.877731
3932,3.3,empty_shadow,DREAM,lead_centre,123,vehicle.nissan.patrol_2021,leader,-5,centre,1,[1],381.28677192065084,-205.249787547128,19.73317656711721,0.7404331917025061,,,19.70144295768552,20.102401,0.907738
3932,3.3,empty_shadow,DREAM,lead_right,124,vehicle.tesla.model3,leader,-6,right,2,[2],393.1294277423133,-208.74966925165765,23.149150540122516,0.02777108087213848,,,23.156277031858266,23.765983,1.0518
3932,3.3,empty_shadow,DREAM,rear_centre,125,vehicle.nissan.patrol_2021,follower,-5,centre,1,[1],229.86610878322412,-205.24970069347654,17.587470335094043,0.7551956925781614,occluder,17.05792792315617,17.528226090309303,20.0,0.888602
3932,3.3,empty_shadow,DREAM,follower_1,126,vehicle.mercedes.coupe_2020,follower,-4,left,0,[0],246.63453793064713,-201.74782531653713,31.04908566267154,0.5048439129963096,ego,30.829598071147643,30.923553546249398,32.0,0.868232
3932,3.3,empty_shadow,DREAM,follower_2,127,vehicle.mercedes.coupe_2020,follower,-4,left,0,[0],209.3792562161614,-201.74780876680452,30.38265244029349,0.5649265624068234,follower_1,32.548256691338416,30.314898001078628,31.306896,0.898137
3932,3.3,empty_shadow,DREAM,follower_3,128,vehicle.audi.a2,follower,-4,left,0,[0],164.53031654832657,-201.7505353083567,28.168410920637378,0.36357877174203934,follower_2,40.548900984651304,28.164647478142314,30.535483,0.93041
3932,3.3,empty_shadow,DREAM,follower_4,129,vehicle.mercedes.coupe_2020,follower,-4,left,0,[0],129.9000644074536,-201.74730391895656,28.783264690356106,0.5946466259293345,follower_3,30.47126549256545,28.66361901248975,29.801881,1.027143
3933,3.35,empty_shadow,DREAM,occluder,121,vehicle.carlamotors.firetruck,occluder,-5,centre,1,[1],254.87838030809422,-205.25557229529318,18.15243650475824,-0.16864816708570865,lead_centre,120.2992324274511,18.163864814190713,18.42783,1.163254
3933,3.35,empty_shadow,DREAM,lead_left,122,vehicle.tesla.model3,leader,-4,left,0,[0],392.68300904991435,-201.7498974297326,23.67623856478298,0.023956083866983204,,,23.681900015886363,24.333146,0.877731
3933,3.35,empty_shadow,DREAM,lead_centre,123,vehicle.nissan.patrol_2021,leader,-5,centre,1,[1],382.2745039321102,-205.24984732038968,19.768861170001063,0.7136920667520265,,,19.73799604759289,20.102401,0.907738
3933,3.35,empty_shadow,DREAM,lead_right,124,vehicle.tesla.model3,leader,-6,right,2,[2],394.2868374782743,-208.74967114099533,23.150394134761076,0.024871892692053654,,,23.157647208404256,23.765983,1.0518
3933,3.35,empty_shadow,DREAM,rear_centre,125,vehicle.nissan.patrol_2021,follower,-5,centre,1,[1],230.74629682439644,-205.24970560158977,17.612794205748102,0.5064774130570361,occluder,17.087560489791286,17.564120978818494,20.0,0.888602
3933,3.35,empty_shadow,DREAM,follower_1,126,vehicle.mercedes.coupe_2020,follower,-4,left,0,[0],248.18773002578976,-201.74743278909995,31.073415926257127,0.48661184545706715,ego,30.767032953401454,30.946981783376746,32.0,0.868232
3933,3.35,empty_shadow,DREAM,follower_2,127,vehicle.mercedes.coupe_2020,follower,-4,left,0,[0],210.89921469668667,-201.74750387064512,30.410026898736916,0.5474952956599402,follower_1,32.58164289383754,30.342782316916438,31.306896,0.898137
3933,3.35,empty_shadow,DREAM,follower_3,128,vehicle.audi.a2,follower,-4,left,0,[0],165.9392826973667,-201.75054293438288,28.185416838568635,0.34011835876767416,follower_2,40.659435521258885,28.182784714138524,30.535483,0.93041
3933,3.35,empty_shadow,DREAM,follower_4,129,vehicle.mercedes.coupe_2020,follower,-4,left,0,[0],131.34009738675257,-201.74711784135297,28.8120774328152,0.5762612152887068,follower_3,30.440747994297034,28.69217854795614,29.801881,1.027143
3934,3.4,empty_shadow,DREAM,occluder,121,vehicle.carlamotors.firetruck,occluder,-5,centre,1,[1],255.78575951499909,-205.25558318619164,18.144614449511387,-0.1564411127116367,lead_centre,120.37918851392381,18.15561153254424,18.42783,1.163254
3934,3.4,empty_shadow,DREAM,lead_left,122,vehicle.tesla.model3,leader,-4,left,0,[0],393.8667859718412,-201.74989032415837,23.677272340119224,0.020675508092587048,,,23.683085843306657,24.333146,0.877731
3934,3.4,empty_shadow,DREAM,lead_centre,123,vehicle.nissan.patrol_2021,leader,-5,centre,1,[1],383.26397544021603,-205.24989124144884,19.802987464957795,0.6825259055039866,,,19.773226500965414,20.102401,0.907738
3934,3.4,empty_shadow,DREAM,lead_right,124,vehicle.tesla.model3,leader,-6,right,2,[2],395.4444303144881,-208.74965770908017,23.15149086362284,0.021934577397813914,,,23.15887434127369,23.765983,1.0518
3934,3.4,empty_shadow,DREAM,rear_centre,125,vehicle.nissan.patrol_2021,follower,-5,centre,1,[1],231.62794970402814,-205.2496947511975,17.646151829560008,0.6671524762234138,occluder,17.115148373605606,17.588141642951005,20.0,0.888602
3934,3.4,empty_shadow,DREAM,follower_1,126,vehicle.mercedes.coupe_2020,follower,-4,left,0,[0],249.74211233764237,-201.74713140837144,31.09665908537772,0.4648701040622648,ego,30.70355238124027,30.969575134194006,32.0,0.868232
3934,3.4,empty_shadow,DREAM,follower_2,127,vehicle.mercedes.coupe_2020,follower,-4,left,0,[0],212.42051597659827,-201.74727481035234,30.4363523917867,0.5265161156237332,follower_1,32.6148765084549,30.36980422630844,31.306896,0.898137
3934,3.4,empty_shadow,DREAM,follower_3,128,vehicle.audi.a2,follower,-4,left,0,[0],167.34898126823919,-201.7505503105504,28.201163904911926,0.3149413272672128,follower_2,40.77042785274405,28.19975760316023,30.535483,0.93041
3934,3.4,empty_shadow,DREAM,follower_4,129,vehicle.mercedes.coupe_2020,follower,-4,left,0,[0],132.7815647233723,-201.7470228271719,28.83977444272788,0.55394622206832,follower_3,30.40968116403819,28.719809385313216,29.801881,1.027143
3935,3.45,empty_shadow,DREAM,occluder,121,vehicle.carlamotors.firetruck,occluder,-5,centre,1,[1],256.6928335357297,-205.25556366362156,18.137410373532866,-0.14408152532025537,lead_centre,120.4612808151248,18.1479559544841,18.42783,1.163254
3935,3.45,empty_shadow,DREAM,lead_left,122,vehicle.tesla.model3,leader,-4,left,0,[0],395.05068495886803,-201.74986791815283,23.67814208534635,0.017394905618304497,,,23.684109280635997,24.333146,0.877731
3935,3.45,empty_shadow,DREAM,lead_centre,123,vehicle.nissan.patrol_2021,leader,-5,centre,1,[1],384.25506438507375,-205.24994986952495,19.835353272596752,0.6473161562297779,,,19.80691617191532,20.102401,0.907738
3935,3.45,empty_shadow,DREAM,lead_right,124,vehicle.tesla.model3,leader,-6,right,2,[2],396.60208419106,-208.74965951513164,23.152446448483396,0.01911169730131286,,,23.15995655026326,23.765983,1.0518
3935,3.45,empty_shadow,DREAM,rear_centre,125,vehicle.nissan.patrol_2021,follower,-5,centre,1,[1],232.5108843218665,-205.24968346355254,17.66707926262995,0.4185486613930495,occluder,17.140874700878776,17.619813045099633,20.0,0.888602
3935,3.45,empty_shadow,DREAM,follower_1,126,vehicle.mercedes.coupe_2020,follower,-4,left,0,[0],251.29756278548876,-201.74689069841844,31.118664458273862,0.44011446875237553,ego,30.63915649000414,30.99115244656116,32.0,0.868232
3935,3.45,empty_shadow,DREAM,follower_2,127,vehicle.mercedes.coupe_2020,follower,-4,left,0,[0],213.94306849796172,-201.7471063583704,30.461464881750956,0.5022559545945156,follower_1,32.647957540395915,30.3957888571646,31.306896,0.898137
3935,3.45,empty_shadow,DREAM,follower_3,128,vehicle.audi.a2,follower,-4,left,0,[0],168.7594732960968,-201.75055741603774,28.21557964113316,0.2883147250723586,follower_2,40.88203056178313,28.21548033107531,30.535483,0.93041
3935,3.45,empty_shadow,DREAM,follower_4,129,vehicle.mercedes.coupe_2020,follower,-4,left,0,[0],134.2243138346364,-201.74703418725534,28.866170691232117,0.5279304703328855,follower_3,30.377912398290974,28.74632197414313,29.801881,1.027143
3936,3.5,empty_shadow,DREAM,occluder,121,vehicle.carlamotors.firetruck,occluder,-5,centre,1,[1],257.5994803103914,-205.25554428680232,18.130828093612685,-0.1316456015097064,lead_centre,120.54529573925194,18.140905524487042,18.42783,1.163254
3936,3.5,empty_shadow,DREAM,lead_left,122,vehicle.tesla.model3,leader,-4,left,0,[0],396.2347060214056,-201.74986072929238,23.678861154141874,0.014381376179209095,,,23.684970327148616,24.333146,0.877731
3936,3.5,empty_shadow,DREAM,lead_centre,123,vehicle.nissan.patrol_2021,leader,-5,centre,1,[1],385.24774023869634,-205.24999269745246,19.865781209177733,0.6085587324251341,,,19.83886578895332,20.102401,0.907738
3936,3.5,empty_shadow,DREAM,lead_right,124,vehicle.tesla.model3,leader,-6,right,2,[2],397.7596770272737,-208.7496460832165,23.15326279683699,0.016326967101129235,,,23.160899482210578,23.765983,1.0518
3936,3.5,empty_shadow,DREAM,rear_centre,125,vehicle.nissan.patrol_2021,follower,-5,centre,1,[1],233.39510067791153,-205.24967173865494,17.695548352720778,0.5693818018319862,occluder,17.165014103771014,17.639639373554733,20.0,0.888602
3936,3.5,empty_shadow,DREAM,follower_1,126,vehicle.mercedes.coupe_2020,follower,-4,left,0,[0],252.85417292726333,-201.74672588679675,31.13928707988005,0.41245929083866634,ego,30.57399805496884,31.01155640248868,32.0,0.868232
3936,3.5,empty_shadow,DREAM,follower_2,127,vehicle.mercedes.coupe_2020,follower,-4,left,0,[0],215.46687226598243,-201.74701377348742,30.485215585462083,0.475019930881175,follower_1,32.68085546687884,30.420574759185403,31.306896,0.898137
3936,3.5,empty_shadow,DREAM,follower_3,128,vehicle.audi.a2,follower,-4,left,0,[0],170.17063671063406,-201.75056429248792,28.228612548990075,0.26065815801338615,follower_2,40.99409105528901,28.229880318620765,30.535483,0.93041
3936,3.5,empty_shadow,DREAM,follower_4,129,vehicle.mercedes.coupe_2020,follower,-4,left,0,[0],135.66840573487605,-201.7470908656291,28.891109755337958,0.4987861120817668,follower_3,30.345655314884446,28.771540757785445,29.801881,1.027143
3937,3.55,empty_shadow,DREAM,occluder,121,vehicle.carlamotors.firetruck,occluder,-5,centre,1,[1],258.5058524320713,-205.2555402624683,18.124875239239604,-0.11905708812696908,lead_centre,120.63132481821276,18.134463971916034,18.42783,1.163254
3937,3.55,empty_shadow,DREAM,lead_left,122,vehicle.tesla.model3,leader,-4,left,0,[0],397.41866604879044,-201.74985356125347,23.679431451515143,0.011405947450333713,,,23.685682203488728,24.333146,0.877731
3937,3.55,empty_shadow,DREAM,lead_centre,123,vehicle.nissan.patrol_2021,leader,-5,centre,1,[1],386.24188094118904,-205.25005028445082,19.894130130748064,0.5669784302735764,,,19.86890059150367,20.102401,0.907738
3937,3.55,empty_shadow,DREAM,lead_right,124,vehicle.tesla.model3,leader,-6,right,2,[2],398.9173309038456,-208.74964788926795,23.153945631537184,0.013656693957822683,,,23.1617050200426,23.765983,1.0518
3937,3.55,empty_shadow,DREAM,rear_centre,125,vehicle.nissan.patrol_2021,follower,-5,centre,1,[1],234.28029359639973,-205.24965968061244,17.711629213613538,0.3216172179084162,occluder,17.1874445223877,17.66664554892626,20.0,0.888602
3937,3.55,empty_shadow,DREAM,follower_1,126,vehicle.mercedes.coupe_2020,follower,-4,left,0,[0],254.41175966791883,-201.7466675535474,31.15841059023666,0.38247669315814486,ego,30.50795513596367,31.030632998619776,32.0,0.868232
3937,3.55,empty_shadow,DREAM,follower_2,127,vehicle.mercedes.coupe_2020,follower,-4,left,0,[0],216.99183573313678,-201.74701234572396,30.507474788616612,0.4451894426759279,follower_1,32.713661840632696,30.444015644323343,31.306896,0.898137
3937,3.55,empty_shadow,DREAM,follower_3,128,vehicle.audi.a2,follower,-4,left,0,[0],171.5824104766983,-201.7505709607226,28.24021494448529,0.23204791103581449,follower_2,41.10673140877247,28.24290586344523,30.535483,0.93041
3937,3.55,empty_shadow,DREAM,follower_4,129,vehicle.mercedes.coupe_2020,follower,-4,left,0,[0],137.11365731863313,-201.74719292475785,28.914444749327235,0.4667039675759608,follower_3,30.312726829182076,28.79531552266514,29.801881,1.027143
3938,3.6,empty_shadow,DREAM,occluder,121,vehicle.carlamotors.firetruck,occluder,-5,centre,1,[1],259.41194989035876,-205.25552107304307,18.119553717885964,-0.10643042559857806,lead_centre,120.71909339902551,18.12863879007678,18.42783,1.163254
3938,3.6,empty_shadow,DREAM,lead_left,122,vehicle.tesla.model3,leader,-4,left,0,[0],398.60262607097,-201.7498311344264,23.679864422518538,0.008659419964508381,,,23.686246796020544,24.333146,0.877731
3938,3.6,empty_shadow,DREAM,lead_centre,123,vehicle.nissan.patrol_2021,leader,-5,centre,1,[1],387.237364417041,-205.25010741337496,19.920270337615516,0.5228041352854058,,,19.896881611102458,20.102401,0.907738
3938,3.6,empty_shadow,DREAM,lead_right,124,vehicle.tesla.model3,leader,-6,right,2,[2],400.0749847804175,-208.74964969531942,23.154498766363186,0.011062696672627643,,,23.16237881140214,23.765983,1.0518
3938,3.6,empty_shadow,DREAM,rear_centre,125,vehicle.nissan.patrol_2021,follower,-5,centre,1,[1],235.16649360011283,-205.24966253780244,17.734942742047487,0.46627056877893147,occluder,17.20862372557945,17.681866726537482,20.0,0.888602
3938,3.6,empty_shadow,DREAM,follower_1,126,vehicle.mercedes.coupe_2020,follower,-4,left,0,[0],255.97013988117556,-201.74665472598235,31.175926254018446,0.3503191975099693,ego,30.44130236514887,31.048269310994915,32.0,0.868232
3938,3.6,empty_shadow,DREAM,follower_2,127,vehicle.mercedes.coupe_2020,follower,-4,left,0,[0],218.5178062959268,-201.74705635076933,30.528131847364385,0.41314594098371554,follower_1,32.74628511413386,30.465983761305342,31.306896,0.898137
3938,3.6,empty_shadow,DREAM,follower_3,128,vehicle.audi.a2,follower,-4,left,0,[0],172.99470304156048,-201.750577451974,28.25037538419005,0.20320879534984054,follower_2,41.21992110986255,28.254509145387498,30.535483,0.93041
3938,3.6,empty_shadow,DREAM,follower_4,129,vehicle.mercedes.coupe_2020,follower,-4,left,0,[0],138.56000755596034,-201.7473556442513,28.936045952323813,0.43202737157109405,follower_3,30.27924901148924,28.8175074116702,29.801881,1.027143
3939,3.65,empty_shadow,DREAM,occluder,121,vehicle.carlamotors.firetruck,occluder,-5,centre,1,[1],260.3177726956644,-205.25551723610303,18.114863530526183,-0.09380374406699175,lead_centre,120.80847941659012,18.123431859594493,18.42783,1.163254
3939,3.65,empty_shadow,DREAM,lead_left,122,vehicle.tesla.model3,leader,-4,left,0,[0],399.7866471335076,-201.74982394556594,23.680161973046893,0.005951010317948829,,,23.68667543562066,24.333146,0.877731
3939,3.65,empty_shadow,DREAM,lead_centre,123,vehicle.nissan.patrol_2021,leader,-5,centre,1,[1],388.2340685907417,-205.25014886707982,19.94410646163943,0.4767224784861005,,,19.92268118327629,20.102401,0.907738
3939,3.65,empty_shadow,DREAM,lead_right,124,vehicle.tesla.model3,leader,-6,right,2,[2],401.23282175724205,-208.74963618011805,23.154929829971657,0.008621272229004976,,,23.162924620022835,23.765983,1.0518
3939,3.65,empty_shadow,DREAM,rear_centre,125,vehicle.nissan.patrol_2021,follower,-5,centre,1,[1],236.0535786083347,-205.24964983429174,17.74593670449893,0.2198792491582136,occluder,17.22852118015377,17.70397477083545,20.0,0.888602
3939,3.65,empty_shadow,DREAM,follower_1,126,vehicle.mercedes.coupe_2020,follower,-4,left,0,[0],257.5294356477497,-201.74671788003485,31.191748222309673,0.31644459334983116,ego,30.37407031215463,31.064343489904843,32.0,0.868232
3939,3.65,empty_shadow,DREAM,follower_2,127,vehicle.mercedes.coupe_2020,follower,-4,left,0,[0],220.04475344198153,-201.74716105782255,30.547083746909006,0.379042065604676,follower_1,32.77869476460058,30.486370033942734,31.306896,0.898137
3939,3.65,empty_shadow,DREAM,follower_3,128,vehicle.audi.a2,follower,-4,left,0,[0],174.40748388764428,-201.750583776653,28.25906907269927,0.17387377150645697,follower_2,41.33359910779038,28.264678252578527,30.535483,0.93041
3939,3.65,empty_shadow,DREAM,follower_4,129,vehicle.mercedes.coupe_2020,follower,-4,left,0,[0],140.00736488371786,-201.74754853776543,28.95580462580873,0.395176023139911,follower_3,30.24519133902423,28.83799449944541,29.801881,1.027143
3940,3.7,empty_shadow,DREAM,occluder,121,vehicle.carlamotors.firetruck,occluder,-5,centre,1,[1],261.2233818727303,-205.25549821325026,18.110804675555695,-0.08117709473166276,lead_centre,120.89936078498505,18.11884320861765,18.42783,1.163254
3940,3.7,empty_shadow,DREAM,lead_left,122,vehicle.tesla.model3,leader,-4,left,0,[0],400.97060715568716,-201.74980151873885,23.680337455734,0.0035096540502228394,,,23.686970009342335,24.333146,0.877731
3940,3.7,empty_shadow,DREAM,lead_centre,123,vehicle.nissan.patrol_2021,leader,-5,centre,1,[1],389.2318714023962,-205.25020520478483,19.96556602572485,0.429191281192925,,,19.94620552614686,20.102401,0.907738
3940,3.7,empty_shadow,DREAM,lead_right,124,vehicle.tesla.model3,leader,-6,right,2,[2],402.3905977041193,-208.7496379445264,23.155250268339827,0.00640876736778292,,,23.16334997388079,23.765983,1.0518
3940,3.7,empty_shadow,DREAM,rear_centre,125,vehicle.nissan.patrol_2021,follower,-5,centre,1,[1],236.94139603838894,-205.24963688092234,17.764016468667748,0.3615952835896986,occluder,17.247258977237585,17.714378039406373,20.0,0.888602
3940,3.7,empty_shadow,DREAM,follower_1,126,vehicle.mercedes.coupe_2020,follower,-4,left,0,[0],259.0894943745542,-201.7468418089706,31.20580399524978,0.2811199022018722,ego,30.306167429457304,31.078768620670697,32.0,0.868232
3940,3.7,empty_shadow,DREAM,follower_2,127,vehicle.mercedes.coupe_2020,follower,-4,left,0,[0],221.57261613614833,-201.7473264877051,30.5642637103332,0.3436026078496135,follower_1,32.81104338512,30.50507391719982,31.306896,0.898137
3940,3.7,empty_shadow,DREAM,follower_3,128,vehicle.audi.a2,follower,-4,left,0,[0],175.8206004270679,-201.75058998681342,28.266305546896792,0.14472948527762175,follower_2,41.44776540776135,28.273388174719482,30.535483,0.93041
3940,3.7,empty_shadow,DREAM,follower_4,129,vehicle.mercedes.coupe_2020,follower,-4,left,0,[0],141.45566828236912,-201.7478174024863,28.97362347790875,0.3563788979895128,follower_3,30.210614857350485,28.856674680628927,29.801881,1.027143
3941,3.75,empty_shadow,DREAM,occluder,121,vehicle.carlamotors.firetruck,occluder,-5,centre,1,[1],262.12880794954344,-205.2554945116503,18.10737715410326,-0.06855042350982991,lead_centre,120.99155441957379,18.114872871673935,18.42783,1.163254
3941,3.75,empty_shadow,DREAM,lead_left,122,vehicle.tesla.model3,leader,-4,left,0,[0],402.15462821822473,-201.74979432987837,23.680400405640093,0.0012589981112932338,,,23.68714373638246,24.333146,0.877731
3941,3.75,empty_shadow,DREAM,lead_centre,123,vehicle.nissan.patrol_2021,leader,-5,centre,1,[1],390.2307118064414,-205.25024592973526,19.984593715207538,0.38055379157695945,,,19.96738343706273,20.102401,0.907738
3941,3.75,empty_shadow,DREAM,lead_right,124,vehicle.tesla.model3,leader,-6,right,2,[2],403.54843468094384,-208.74962442932502,23.15546198777039,0.00423438852992334,,,23.163666167603452,23.765983,1.0518
3941,3.75,empty_shadow,DREAM,rear_centre,125,vehicle.nissan.patrol_2021,follower,-5,centre,1,[1],237.82973226203572,-205.24960849178157,17.7698739426902,0.11714948074271173,occluder,17.265050724249186,17.731529631674693,20.0,0.888602
3941,3.75,empty_shadow,DREAM,follower_1,126,vehicle.mercedes.coupe_2020,follower,-4,left,0,[0],260.6501634685018,-201.74701130605533,31.218038238976593,0.2446884983212648,ego,30.237624234633287,31.091465256383525,32.0,0.868232
3941,3.75,empty_shadow,DREAM,follower_2,127,vehicle.mercedes.coupe_2020,follower,-4,left,0,[0],223.10127229771098,-201.7475221644838,30.57959733232729,0.30667504875437007,follower_1,32.84323941775766,30.52202920121827,31.306896,0.898137
3941,3.75,empty_shadow,DREAM,follower_3,128,vehicle.audi.a2,follower,-4,left,0,[0],177.23408317740768,-201.75059607204452,28.272100065214474,0.11589036772385734,follower_2,41.56251156250452,28.280648039785664,30.535483,0.93041
3941,3.75,empty_shadow,DREAM,follower_4,129,vehicle.mercedes.coupe_2020,follower,-4,left,0,[0],142.90482617836358,-201.74810123449362,28.989441457157934,0.31636082659564835,follower_3,30.175427998122828,28.873457261043665,29.801881,1.027143
3942,3.8,empty_shadow,DREAM,occluder,121,vehicle.carlamotors.firetruck,occluder,-5,centre,1,[1],263.0340814384748,-205.25549086210427,18.104579058137286,-0.055961913034527126,lead_centre,121.08496874680577,18.11152089277894,18.42783,1.163254
3942,3.8,empty_shadow,DREAM,lead_left,122,vehicle.tesla.model3,leader,-4,left,0,[0],403.33858824560957,-201.74978716183946,23.680360360729562,-0.0008008972061454983,,,23.687206056485785,24.333146,0.877731
3942,3.8,empty_shadow,DREAM,lead_centre,123,vehicle.nissan.patrol_2021,leader,-5,centre,1,[1],391.2304067078296,-205.25030162197206,20.00115710750139,0.3312678508546672,,,19.98616063051699,20.102401,0.907738
3942,3.8,empty_shadow,DREAM,lead_right,124,vehicle.tesla.model3,leader,-6,right,2,[2],404.70627166297385,-208.74962617291183,23.155576432421288,0.002288893179235482,,,23.163875082423203,23.765983,1.0518
3942,3.8,empty_shadow,DREAM,rear_centre,125,vehicle.nissan.patrol_2021,follower,-5,centre,1,[1],238.71861780726218,-205.24959517403497,17.782822940282106,0.25897995222735676,occluder,17.282140577415532,17.73708206004037,20.0,0.888602
3942,3.8,empty_shadow,DREAM,follower_1,126,vehicle.mercedes.coupe_2020,follower,-4,left,0,[0],262.21129035732696,-201.74727219970742,31.228410879689246,0.20745563386477,ego,30.168562740728646,31.102374453482096,32.0,0.868232
3942,3.8,empty_shadow,DREAM,follower_2,127,vehicle.mercedes.coupe_2020,follower,-4,left,0,[0],224.6306914195039,-201.74777861614575,30.593044542899804,0.26894614138961853,follower_1,32.87525235014261,30.537163051051664,31.306896,0.898137
3942,3.8,empty_shadow,DREAM,follower_3,128,vehicle.audi.a2,follower,-4,left,0,[0],178.6478100683583,-201.7506020739894,28.27646979434974,0.08739458398863535,follower_2,41.67768497372735,28.286472565577217,30.535483,0.93041
3942,3.8,empty_shadow,DREAM,follower_4,129,vehicle.mercedes.coupe_2020,follower,-4,left,0,[0],144.3547164961904,-201.74838481664224,29.003197518833232,0.2751219794571622,follower_3,30.13975285246819,28.88828737904449,29.801881,1.027143
3943,3.85,empty_shadow,DREAM,occluder,121,vehicle.carlamotors.firetruck,occluder,-5,centre,1,[1],263.93923285189544,-205.25547199541316,18.10240085114475,-0.04356413322442797,lead_centre,121.1793901592626,18.108785445316926,18.42783,1.163254
3943,3.85,empty_shadow,DREAM,lead_left,122,vehicle.tesla.model3,leader,-4,left,0,[0],404.52254826778915,-201.7497647350124,23.680224947746158,-0.002708259275266038,,,23.68716641221814,24.333146,0.877731
3943,3.85,empty_shadow,DREAM,lead_centre,123,vehicle.nissan.patrol_2021,leader,-5,centre,1,[1],392.2308950662029,-205.25035704352865,20.01524284980845,0.28171485508145305,,,20.00250538550937,20.102401,0.907738
3943,3.85,empty_shadow,DREAM,lead_right,124,vehicle.tesla.model3,leader,-6,right,2,[2],405.8640476098511,-208.74962793732018,23.155605045454422,0.0005722607279266012,,,23.163988011013505,23.765983,1.0518
3943,3.85,empty_shadow,DREAM,rear_centre,125,vehicle.nissan.patrol_2021,follower,-5,centre,1,[1],239.60783904582848,-205.24958174176982,17.783656459036084,0.016670375563977814,occluder,17.298528521120474,17.749389212854414,20.0,0.888602
3943,3.85,empty_shadow,DREAM,follower_1,126,vehicle.mercedes.coupe_2020,follower,-4,left,0,[0],263.772966557321,-201.74751764717735,31.236893287917237,0.16965022828849402,ego,30.09904388919908,31.111447551502245,32.0,0.868232
3943,3.85,empty_shadow,DREAM,follower_2,127,vehicle.mercedes.coupe_2020,follower,-4,left,0,[0],226.16069037524747,-201.74803487000293,30.60457480917164,0.23060664885692256,follower_1,32.906960117174854,30.550435661629088,31.306896,0.898137
3943,3.85,empty_shadow,DREAM,follower_3,128,vehicle.audi.a2,follower,-4,left,0,[0],180.06172006476697,-201.75060801346962,28.279466232781797,0.05992876981608707,follower_2,41.79337720456968,28.290878602042312,30.535483,0.93041
3943,3.85,empty_shadow,DREAM,follower_4,129,vehicle.mercedes.coupe_2020,follower,-4,left,0,[0],145.805217175955,-201.74869870815166,29.014855416860925,0.23315833660808571,follower_3,30.103589425591963,28.90110948926036,29.801881,1.027143
3944,3.9,empty_shadow,DREAM,occluder,121,vehicle.carlamotors.firetruck,occluder,-5,centre,1,[1],264.8443232301633,-205.2554531495436,18.10083872016096,-0.031242613719813274,lead_centre,121.27472710421532,18.106657213451218,18.42783,1.163254
3944,3.9,empty_shadow,DREAM,lead_left,122,vehicle.tesla.model3,leader,-4,left,0,[0],405.7065693303267,-201.74975754615193,23.68000752055127,-0.004348542363334716,,,23.68703235400479,24.333146,0.877731
3944,3.9,empty_shadow,DREAM,lead_centre,123,vehicle.nissan.patrol_2021,leader,-5,centre,1,[1],393.2319937708978,-205.25039699808153,20.02686238776816,0.23239077205081057,,,20.01640476770215,20.102401,0.907738
3944,3.9,empty_shadow,DREAM,lead_right,124,vehicle.tesla.model3,leader,-6,right,2,[2],407.0218845866757,-208.7496144221188,23.155549735300795,-0.001106203055708937,,,23.164016245003197,23.765983,1.0518
3944,3.9,empty_shadow,DREAM,rear_centre,125,vehicle.nissan.patrol_2021,follower,-5,centre,1,[1],240.49721287227652,-205.2495682574508,17.79172836717467,0.16143816338516517,occluder,17.31445869597477,17.7502057751399,20.0,0.888602
3944,3.9,empty_shadow,DREAM,follower_1,126,vehicle.mercedes.coupe_2020,follower,-4,left,0,[0],265.3350089994636,-201.747854522447,31.243470191674337,0.13153948240772143,ego,30.028915019287453,31.11864624097853,32.0,0.868232
3944,3.9,empty_shadow,DREAM,follower_2,127,vehicle.mercedes.coupe_2020,follower,-4,left,0,[0],227.69117764344495,-201.7483825100167,30.614170955311923,0.19192374667340123,follower_1,32.93863736142534,30.561817896465687,31.306896,0.898137
3944,3.9,empty_shadow,DREAM,follower_3,128,vehicle.audi.a2,follower,-4,left,0,[0],181.47572161390474,-201.7506139217175,28.28111989761476,0.03307329780323139,follower_2,41.90946616390455,28.293916936292828,30.535483,0.93041
3944,3.9,empty_shadow,DREAM,follower_4,129,vehicle.mercedes.coupe_2020,follower,-4,left,0,[0],147.25626719291543,-201.7490734474198,29.02438844567504,0.19066070979889732,follower_3,30.066998742236066,28.911893427420043,29.801881,1.027143
3945,3.95,empty_shadow,DREAM,occluder,121,vehicle.carlamotors.firetruck,occluder,-5,centre,1,[1],265.7494441260076,-205.25543429326328,18.099883127477394,-0.019111848105834994,lead_centre,121.37073543064238,18.10513251004949,18.42783,1.163254
3945,3.95,empty_shadow,DREAM,lead_left,122,vehicle.tesla.model3,leader,-4,left,0,[0],406.89052935250623,-201.74973511932484,23.67971761376177,-0.005798135020497043,,,23.686817102061205,24.333146,0.877731
3945,3.95,empty_shadow,DREAM,lead_centre,123,vehicle.nissan.patrol_2021,leader,-5,centre,1,[1],394.2335807568143,-205.25043678606195,20.036040517387598,0.18356260918911582,,,20.027870277996122,20.102401,0.907738
3945,3.95,empty_shadow,DREAM,lead_right,124,vehicle.tesla.model3,leader,-6,right,2,[2],408.1796605335529,-208.74961618652716,23.155427668796197,-0.0024413301491932452,,,23.16396166755465,23.765983,1.0518
3945,3.95,empty_shadow,DREAM,rear_centre,125,vehicle.nissan.patrol_2021,follower,-5,centre,1,[1],241.38670877423536,-205.2495699902768,17.78780686665626,-0.07843000963580773,occluder,17.330175247794607,17.757918992019764,20.0,0.888602
3945,3.95,empty_shadow,DREAM,follower_1,126,vehicle.mercedes.coupe_2020,follower,-4,left,0,[0],266.89735662257505,-201.74820655239705,31.248160650788833,0.0938100406223843,ego,29.95826755879341,31.123944450919826,32.0,0.868232
3945,3.95,empty_shadow,DREAM,follower_2,127,vehicle.mercedes.coupe_2020,follower,-4,left,0,[0],229.22209215250592,-201.74871474549144,30.621834879520087,0.15327891986501033,follower_1,32.97019253537046,30.57129266081697,31.306896,0.898137
3945,3.95,empty_shadow,DREAM,follower_3,128,vehicle.audi.a2,follower,-4,left,0,[0],182.8897536806188,-201.7506198195546,28.28149754661573,0.007552981031161534,follower_2,42.025951882964286,28.295617738946387,30.535483,0.93041
3945,3.95,empty_shadow,DREAM,follower_4,129,vehicle.mercedes.coupe_2020,follower,-4,left,0,[0],148.7077139435738,-201.74946331013595,29.03180423303443,0.1483157570791182,follower_3,30.029950274413373,28.920616310255184,29.801881,1.027143
3946,4.0,empty_shadow,DREAM,occluder,121,vehicle.carlamotors.firetruck,occluder,-5,centre,1,[1],266.65441243397004,-205.25541548903684,18.09949211143277,-0.007820315889671251,lead_centre,121.46720152071458,18.104202022519328,18.42783,1.163254
3946,4.0,empty_shadow,DREAM,lead_left,122,vehicle.tesla.model3,leader,-4,left,0,[0],408.07455041504386,-201.7497279304644,23.67936667309651,-0.007018811442667896,,,23.686530095552218,24.333146,0.877731
3946,4.0,empty_shadow,DREAM,lead_centre,123,vehicle.nissan.patrol_2021,leader,-5,centre,1,[1],395.2355949627728,-205.25040013435063,20.04281729426769,0.1355355576906639,,,20.03692655339301,20.102401,0.907738
3946,4.0,empty_shadow,DREAM,lead_right,124,vehicle.tesla.model3,leader,-6,right,2,[2],409.3374975103775,-208.7496026713258,23.155244566963923,-0.0036620367830481207,,,23.163841218071774,23.765983,1.0518
3946,4.0,empty_shadow,DREAM,rear_centre,125,vehicle.nissan.patrol_2021,follower,-5,centre,1,[1],242.27620469181036,-205.24961749946735,17.791383153876684,0.07152574521675768,occluder,17.34580024168004,17.754261091094396,20.0,0.888602
3946,4.0,empty_shadow,DREAM,follower_1,126,vehicle.mercedes.coupe_2020,follower,-4,left,0,[0],268.4597957984156,-201.74855855111474,31.250974194747048,0.05627132223830491,ego,29.887009871701736,31.127345903874186,32.0,0.868232
3946,4.0,empty_shadow,DREAM,follower_2,127,vehicle.mercedes.coupe_2020,follower,-4,left,0,[0],230.75340340047023,-201.7490773632024,30.627581837665694,0.11493933507843851,follower_1,33.001625649420944,30.578862383096027,31.306896,0.898137
3946,4.0,empty_shadow,DREAM,follower_3,128,vehicle.audi.a2,follower,-4,left,0,[0],184.3037857473329,-201.7506257173917,28.280662121795107,-0.0167084954420185,follower_2,42.14283432531117,28.296047082130354,30.535483,0.93041
3946,4.0,empty_shadow,DREAM,follower_4,129,vehicle.mercedes.coupe_2020,follower,-4,left,0,[0],150.15946586999564,-201.74985306874436,29.03710469112693,0.10600915922058385,follower_3,29.992535590469103,28.927290045233036,29.801881,1.027143
3947,4.05,empty_shadow,DREAM,occluder,121,vehicle.carlamotors.firetruck,occluder,-5,centre,1,[1],267.5592891944089,-205.2554119748309,18.09959510011816,0.00205977803234824,lead_centre,121.56424741871055,18.103824583632495,18.42783,1.163254
3947,4.05,empty_shadow,DREAM,lead_left,122,vehicle.tesla.model3,leader,-4,left,0,[0],409.25851044242876,-201.74972076242548,23.67896614076648,-0.008010645646693177,,,23.686182665618997,24.333146,0.877731
3947,4.05,empty_shadow,DREAM,lead_centre,123,vehicle.nissan.patrol_2021,leader,-5,centre,1,[1],396.2377922689839,-205.25034816138643,20.0472480349312,0.0886148342555624,,,20.043613250281208,20.102401,0.907738
3947,4.05,empty_shadow,DREAM,lead_right,124,vehicle.tesla.model3,leader,-6,right,2,[2],410.49533449240744,-208.7496044149126,23.15500615290926,-0.004768280899147791,,,23.16366054175163,23.765983,1.0518
3947,4.05,empty_shadow,DREAM,rear_centre,125,vehicle.nissan.patrol_2021,follower,-5,centre,1,[1],243.1654869967617,-205.24969559910969,17.78308619123665,-0.1659392522732365,occluder,17.361272632067546,17.75774479729651,20.0,0.888602
3947,4.05,empty_shadow,DREAM,follower_1,126,vehicle.mercedes.coupe_2020,follower,-4,left,0,[0],270.022295998998,-201.74888001143455,31.251935615711236,0.01922858484154704,ego,29.81523341183906,31.128846825839613,32.0,0.868232
3947,4.05,empty_shadow,DREAM,follower_2,127,vehicle.mercedes.coupe_2020,follower,-4,left,0,[0],232.28483671353453,-201.74942468048206,30.63144234633637,0.0772102008272197,follower_1,33.03275357729714,30.584541432391557,31.306896,0.898137
3947,4.05,empty_shadow,DREAM,follower_3,128,vehicle.audi.a2,follower,-4,left,0,[0],185.7177567788943,-201.75063163605034,28.27868801019585,-0.03948223112008835,follower_2,42.26011350656138,28.29526734691011,30.535483,0.93041
3947,4.05,empty_shadow,DREAM,follower_4,129,vehicle.mercedes.coupe_2020,follower,-4,left,0,[0],151.61140089146483,-201.75021224731177,29.040316529011893,0.06423683623268767,follower_3,29.954815730761354,28.93192079708644,29.801881,1.027143
3948,4.1,empty_shadow,DREAM,occluder,121,vehicle.carlamotors.firetruck,occluder,-5,centre,1,[1],268.46434905510046,-205.25539313937213,18.100155853890943,0.011215079036460511,lead_centre,121.66156796448286,18.103930903479313,18.42783,1.163254
3948,4.1,empty_shadow,DREAM,lead_left,122,vehicle.tesla.model3,leader,-4,left,0,[0],410.4424704646083,-201.7496983355984,23.67852364704328,-0.008849872589189706,,,23.685786139934216,24.333146,0.877731
3948,4.1,empty_shadow,DREAM,lead_centre,123,vehicle.nissan.patrol_2021,leader,-5,centre,1,[1],397.24023371580586,-205.25029610513604,20.04940331260381,0.0431055736583283,,,20.04798504610946,20.102401,0.907738
3948,4.1,empty_shadow,DREAM,lead_right,124,vehicle.tesla.model3,leader,-6,right,2,[2],411.6531104392847,-208.74960617932095,23.15472577596871,-0.005607538748125017,,,23.163425285832435,23.765983,1.0518
3948,4.1,empty_shadow,DREAM,rear_centre,125,vehicle.nissan.patrol_2021,follower,-5,centre,1,[1],244.05455568388396,-205.24978903041566,17.78264559304889,-0.008811963843335005,occluder,17.376867087555055,17.749966467379018,20.0,0.888602
3948,4.1,empty_shadow,DREAM,follower_1,126,vehicle.mercedes.coupe_2020,follower,-4,left,0,[0],271.58479620478585,-201.74921673054254,31.25109069174754,-0.016898456953313254,ego,29.74284641305539,31.12845420024487,32.0,0.868232
3948,4.1,empty_shadow,DREAM,follower_2,127,vehicle.mercedes.coupe_2020,follower,-4,left,0,[0],233.8164836548387,-201.74978718367447,30.633456463707095,0.04028234123621139,follower_1,33.06382046481529,30.588360524086394,31.306896,0.898137
3948,4.1,empty_shadow,DREAM,follower_3,128,vehicle.audi.a2,follower,-4,left,0,[0],187.13157522257396,-201.7506376067629,28.275657227791722,-0.06061564730871382,follower_2,42.37757578806429,28.29335227477058,30.535483,0.93041
3948,4.1,empty_shadow,DREAM,follower_4,129,vehicle.mercedes.coupe_2020,follower,-4,left,0,[0],153.06345795200707,-201.750479831507,29.041481719155733,0.0233040349265398,follower_3,29.91685174085356,28.93453846468965,29.801881,1.027143
3949,4.15,empty_shadow,DREAM,occluder,121,vehicle.carlamotors.firetruck,occluder,-5,centre,1,[1],269.36943943336837,-205.25537429350257,18.1011572065919,0.020027056831733142,lead_centre,121.75894955061327,18.10448543329195,18.42783,1.163254
3949,4.15,empty_shadow,DREAM,lead_left,122,vehicle.tesla.model3,leader,-4,left,0,[0],411.62649152714584,-201.74969114673794,23.67805254323841,-0.009422075033751805,,,23.685348072372307,24.333146,0.877731
3949,4.15,empty_shadow,DREAM,lead_centre,123,vehicle.nissan.patrol_2021,leader,-5,centre,1,[1],398.24273620298595,-205.25025928685224,20.049365142405406,-0.0007633849388096788,,,20.05011163668031,20.102401,0.907738
3949,4.15,empty_shadow,DREAM,lead_right,124,vehicle.tesla.model3,leader,-6,right,2,[2],412.81094741610934,-208.74959266411958,23.154411066960904,-0.006294180162821619,,,23.16314862276104,23.765983,1.0518
3949,4.15,empty_shadow,DREAM,rear_centre,125,vehicle.nissan.patrol_2021,follower,-5,centre,1,[1],244.94328866725562,-205.2498520586638,17.770451906048407,-0.2438737410460286,occluder,17.392858261124317,17.74967064863281,20.0,0.888602
3949,4.15,empty_shadow,DREAM,follower_1,126,vehicle.mercedes.coupe_2020,follower,-4,left,0,[0],273.1472658982027,-201.74956871884947,31.248502368731632,-0.05176646230750117,ego,29.66984870357291,31.1262065882362,32.0,0.868232
3949,4.15,empty_shadow,DREAM,follower_2,127,vehicle.mercedes.coupe_2020,follower,-4,left,0,[0],235.34813059093744,-201.7501344280787,30.633675693991858,0.0043846608187379475,follower_1,33.094673729298975,30.590358889307883,31.306896,0.898137
3949,4.15,empty_shadow,DREAM,follower_3,128,vehicle.audi.a2,follower,-4,left,0,[0],188.54524107837187,-201.75064362952932,28.271642253335617,-0.08029948836250703,follower_2,42.495404285688785,28.290383243900724,30.535483,0.93041
3949,4.15,empty_shadow,DREAM,follower_4,129,vehicle.mercedes.coupe_2020,follower,-4,left,0,[0],154.51548450017833,-201.7507626849012,29.040649865739677,-0.016636637312292212,follower_3,29.87861312399098,28.93518686469297,29.801881,1.027143
3950,4.2,empty_shadow,DREAM,occluder,121,vehicle.carlamotors.firetruck,occluder,-5,centre,1,[1],270.2745298116363,-205.255355447633,18.102581992037123,0.02849571096962353,lead_centre,121.85636165952542,18.10547137157081,18.42783,1.163254
3950,4.2,empty_shadow,DREAM,lead_left,122,vehicle.tesla.model3,leader,-4,left,0,[0],412.8103905141727,-201.7496687407324,23.677560458639938,-0.009841690078470189,,,23.68488168063597,24.333146,0.877731
3950,4.2,empty_shadow,DREAM,lead_centre,123,vehicle.nissan.patrol_2021,leader,-5,centre,1,[1],399.2450555795025,-205.25020727224495,20.04722889209808,-0.04272498960151462,,,20.05007397461403,20.102401,0.907738
3950,4.2,empty_shadow,DREAM,lead_right,124,vehicle.tesla.model3,leader,-6,right,2,[2],413.9686012926812,-208.74959447017105,23.154067747824005,-0.006866382823595323,,,23.16283808222378,23.765983,1.0518
3950,4.2,empty_shadow,DREAM,rear_centre,125,vehicle.nissan.patrol_2021,follower,-5,centre,1,[1],245.83165541368413,-205.24983891790043,17.766551366894717,-0.07801078495666866,occluder,17.409215656020564,17.738220827965115,20.0,0.888602
3950,4.2,empty_shadow,DREAM,follower_1,126,vehicle.mercedes.coupe_2020,follower,-4,left,0,[0],274.70958300373786,-201.74992075921028,31.244233595689916,-0.08537538661757155,ego,29.59599608031617,31.122155546455527,32.0,0.868232
3950,4.2,empty_shadow,DREAM,follower_2,127,vehicle.mercedes.coupe_2020,follower,-4,left,0,[0],236.8797164918835,-201.7504816933045,30.63216489512574,-0.030215785223971295,follower_1,33.12549648661708,30.590588225452386,31.306896,0.898137
3950,4.2,empty_shadow,DREAM,follower_3,128,vehicle.audi.a2,follower,-4,left,0,[0],189.95866279355897,-201.750649735582,28.266734640067835,-0.09815226467846701,follower_2,42.61338536598964,28.286432216951695,30.535483,0.93041
3950,4.2,empty_shadow,DREAM,follower_4,129,vehicle.mercedes.coupe_2020,follower,-4,left,0,[0],155.96741949562056,-201.75104556952772,29.037883922421628,-0.05531821275745776,follower_3,29.840252431617614,28.933917799196763,29.801881,1.027143
3951,4.25,empty_shadow,DREAM,occluder,121,vehicle.carlamotors.firetruck,occluder,-5,centre,1,[1],271.17971174263323,-205.2553365705311,18.10441495139166,0.036659188453246075,lead_centre,121.95359065777404,18.106871915845318,18.42783,1.163254
3951,4.25,empty_shadow,DREAM,lead_left,122,vehicle.tesla.model3,leader,-4,left,0,[0],413.9941674360995,-201.74966163515816,23.677058837458,-0.010032422574658976,,,23.684394517659545,24.333146,0.877731
3951,4.25,empty_shadow,DREAM,lead_centre,123,vehicle.nissan.patrol_2021,leader,-5,centre,1,[1],400.2473139208663,-205.25015527845923,20.043099466216432,-0.08258850459228302,,,20.04796615802916,20.102401,0.907738
3951,4.25,empty_shadow,DREAM,lead_right,124,vehicle.tesla.model3,leader,-6,right,2,[2],415.12619412889495,-208.74958103825588,23.15370916990455,-0.0071715582134117975,,,23.162499310318356,23.765983,1.0518
3951,4.25,empty_shadow,DREAM,rear_centre,125,vehicle.nissan.patrol_2021,follower,-5,centre,1,[1],246.71944233136742,-205.24984123373,17.751014095117494,-0.3107454368099081,occluder,17.42593928785996,17.73466859058922,20.0,0.888602
3951,4.25,empty_shadow,DREAM,follower_1,126,vehicle.mercedes.coupe_2020,follower,-4,left,0,[0],276.2715949230987,-201.75024238610254,31.238347324540076,-0.11772519541973711,ego,29.521349448303113,31.116353692638057,32.0,0.868232
3951,4.25,empty_shadow,DREAM,follower_2,127,vehicle.mercedes.coupe_2020,follower,-4,left,0,[0],238.41124135247145,-201.75081372056366,30.628988926689075,-0.06351898544030668,follower_1,33.15622769120614,30.589112258838604,31.306896,0.898137
3951,4.25,empty_shadow,DREAM,follower_3,128,vehicle.audi.a2,follower,-4,left,0,[0],191.37180985055895,-201.75065593533162,28.26102212549024,-0.11425029087775472,follower_2,42.73154955174859,28.281590093908015,30.535483,0.93041
3951,4.25,empty_shadow,DREAM,follower_4,129,vehicle.mercedes.coupe_2020,follower,-4,left,0,[0],157.41920189797565,-201.75131324741994,29.033258286882617,-0.09251183225568575,follower_3,29.80173915136249,28.930795047233048,29.801881,1.027143
3952,4.3,empty_shadow,DREAM,occluder,121,vehicle.carlamotors.firetruck,occluder,-5,centre,1,[1],272.0849852315646,-205.25533292098507,18.106648455976806,0.04467009207057076,lead_centre,122.05066706814097,18.108672143699366,18.42783,1.163254
3952,4.3,empty_shadow,DREAM,lead_left,122,vehicle.tesla.model3,leader,-4,left,0,[0],415.1779443580263,-201.74965452958392,23.676545772161514,-0.010261304052549342,,,23.683897913164703,24.333146,0.877731
3952,4.3,empty_shadow,DREAM,lead_centre,123,vehicle.nissan.patrol_2021,leader,-5,centre,1,[1],401.2492670864667,-205.25010338878127,20.03708749127891,-0.12023948972287998,,,20.043891669490364,20.102401,0.907738
3952,4.3,empty_shadow,DREAM,lead_right,124,vehicle.tesla.model3,leader,-6,right,2,[2],416.28384802108303,-208.74962862067187,23.153342962416527,-0.00732414966757321,,,23.16214548151564,23.765983,1.0518
3952,4.3,empty_shadow,DREAM,rear_centre,125,vehicle.nissan.patrol_2021,follower,-5,centre,1,[1],247.60680199777642,-205.2498284365223,17.744258256373435,-0.135116775692872,occluder,17.44333430117362,17.720065210688954,20.0,0.888602
3952,4.3,empty_shadow,DREAM,follower_1,126,vehicle.mercedes.coupe_2020,follower,-4,left,0,[0],277.83327115953045,-201.75059464508968,31.230927490324987,-0.14839625269251025,ego,29.445878289957392,31.10886165877168,32.0,0.868232
3952,4.3,empty_shadow,DREAM,follower_2,127,vehicle.mercedes.coupe_2020,follower,-4,left,0,[0],239.94258308157438,-201.7510695163466,30.62422981581516,-0.09518161153421811,follower_1,33.18671474997904,30.585994429897017,31.306896,0.898137
3952,4.3,empty_shadow,DREAM,follower_3,128,vehicle.audi.a2,follower,-4,left,0,[0],192.7846517317954,-201.75066223918907,28.254596262881435,-0.12851725156966984,follower_2,42.84992735533658,28.27594399856504,30.535483,0.93041
3952,4.3,empty_shadow,DREAM,follower_4,129,vehicle.mercedes.coupe_2020,follower,-4,left,0,[0],158.87064857575857,-201.75148948710168,29.026851172824966,-0.12814119898244705,follower_3,29.763103806007365,28.925893272393413,29.801881,1.027143
3953,4.35,empty_shadow,DREAM,occluder,121,vehicle.carlamotors.firetruck,occluder,-5,centre,1,[1],272.9904113031723,-205.25531396059696,18.10925961588568,0.052223198403885944,lead_centre,122.14734674480997,18.110864623970393,18.42783,1.163254
3953,4.35,empty_shadow,DREAM,lead_left,122,vehicle.tesla.model3,leader,-4,left,0,[0],416.3617823099004,-201.74963214439995,23.67604415027571,-0.010032436720588447,,,23.68338997867747,24.333146,0.877731
3953,4.35,empty_shadow,DREAM,lead_centre,123,vehicle.nissan.patrol_2021,leader,-5,centre,1,[1],402.2508540411509,-205.25005162403264,20.029315038552646,-0.15544904994973596,,,20.037959616400833,20.102401,0.907738
3953,4.35,empty_shadow,DREAM,lead_right,124,vehicle.tesla.model3,leader,-6,right,2,[2],417.44144089373447,-208.74972200027395,23.152976752198974,-0.00732420434055527,,,23.16178412396499,23.765983,1.0518
3953,4.35,empty_shadow,DREAM,rear_centre,125,vehicle.nissan.patrol_2021,follower,-5,centre,1,[1],248.4934597599294,-205.24981587876246,17.725970587559555,-0.36575337640781985,occluder,17.46124812369601,17.713826430222486,20.0,0.888602
3953,4.35,empty_shadow,DREAM,follower_1,126,vehicle.mercedes.coupe_2020,follower,-4,left,0,[0],279.39458117984066,-201.750931770218,31.222063748888683,-0.17727416317018332,ego,29.369521476429398,31.09974950926493,32.0,0.868232
3953,4.35,empty_shadow,DREAM,follower_2,127,vehicle.mercedes.coupe_2020,follower,-4,left,0,[0],241.47361963491383,-201.75132541623734,30.617988665810287,-0.12482216869376268,follower_1,33.217049257307885,30.581315956687984,31.306896,0.898137
3953,4.35,empty_shadow,DREAM,follower_3,128,vehicle.audi.a2,follower,-4,left,0,[0],194.1971274021157,-201.75066866797582,28.247556233775672,-0.1408005814923304,follower_2,42.96842720320304,28.26958488871206,30.535483,0.93041
3953,4.35,empty_shadow,DREAM,follower_4,129,vehicle.mercedes.coupe_2020,follower,-4,left,0,[0],160.3217290426253,-201.75166585171274,29.018775126577747,-0.1615196819376396,follower_3,29.72449900946092,28.91929175752921,29.801881,1.027143
3954,4.4,empty_shadow,DREAM,occluder,121,vehicle.carlamotors.firetruck,occluder,-5,centre,1,[1],273.8959594450855,-205.25529495856574,18.11224080260186,0.05962373405215525,lead_centre,122.24350762788634,18.113426935094306,18.42783,1.163254
3954,4.4,empty_shadow,DREAM,lead_left,122,vehicle.tesla.model3,leader,-4,left,0,[0],417.5455592318272,-201.7496250388257,23.675550158686395,-0.00987982990378001,,,23.682893372840866,24.333146,0.877731
3954,4.4,empty_shadow,DREAM,lead_centre,123,vehicle.nissan.patrol_2021,leader,-5,centre,1,[1],403.25207479012425,-205.2500152430015,20.019906084947245,-0.1881790707503769,,,20.030290382350877,20.102401,0.907738
3954,4.4,empty_shadow,DREAM,lead_right,124,vehicle.tesla.model3,leader,-6,right,2,[2],418.59909477030635,-208.74972380632542,23.152610536740468,-0.007324309283801259,,,23.16142276349083,23.765983,1.0518
3954,4.4,empty_shadow,DREAM,rear_centre,125,vehicle.nissan.patrol_2021,follower,-5,centre,1,[1],249.379476652979,-205.24980353962897,17.716986966034227,-0.1796724299894494,occluder,17.48001643315078,17.696625739118197,20.0,0.888602
3954,4.4,empty_shadow,DREAM,follower_1,126,vehicle.mercedes.coupe_2020,follower,-4,left,0,[0],280.95534186295504,-201.7512080475876,31.211851479711964,-0.2042444776777151,ego,29.292126669695904,31.08910705835676,32.0,0.868232
3954,4.4,empty_shadow,DREAM,follower_2,127,vehicle.mercedes.coupe_2020,follower,-4,left,0,[0],243.0042594649661,-201.75159671025636,30.610355132180658,-0.15266962560277492,follower_1,33.24732272427867,30.575176481582446,31.306896,0.898137
3954,4.4,empty_shadow,DREAM,follower_3,128,vehicle.audi.a2,follower,-4,left,0,[0],195.6092978966725,-201.75067520087035,28.239991684080643,-0.15129099332238868,follower_2,43.08698808622219,28.262611348624464,30.535483,0.93041
3954,4.4,empty_shadow,DREAM,follower_4,129,vehicle.mercedes.coupe_2020,follower,-4,left,0,[0],161.7724127757941,-201.75182709287577,29.009115987149016,-0.1931814284026527,follower_3,29.685894212914476,28.91110073045697,29.801881,1.027143
3955,4.45,empty_shadow,DREAM,occluder,121,vehicle.carlamotors.firetruck,occluder,-5,centre,1,[1],274.80166017488034,-205.25527590448064,18.11557675725199,0.06671909233293385,lead_centre,122.33918023494661,18.116351653194446,18.42783,1.163254
3955,4.45,empty_shadow,DREAM,lead_left,122,vehicle.tesla.model3,leader,-4,left,0,[0],418.72933614854867,-201.7496026744633,23.67507142516621,-0.00957466942306524,,,23.682404320688786,24.333146,0.877731
3955,4.45,empty_shadow,DREAM,lead_centre,123,vehicle.nissan.patrol_2021,leader,-5,centre,1,[1],404.2526851823652,-205.24996381139778,20.00899032952291,-0.21831510908638593,,,20.021006219584354,20.102401,0.907738
3955,4.45,empty_shadow,DREAM,lead_right,124,vehicle.tesla.model3,leader,-6,right,2,[2],419.7566876117255,-208.74972563319844,23.15225195058359,-0.007171723379046623,,,23.161061397615,23.765983,1.0518
3955,4.45,empty_shadow,DREAM,rear_centre,125,vehicle.nissan.patrol_2021,follower,-5,centre,1,[1],250.26463906430166,-205.2498220095736,17.69657641850256,-0.4082109495996912,occluder,17.499547682014295,17.688291357390963,20.0,0.888602
3955,4.45,empty_shadow,DREAM,follower_1,126,vehicle.mercedes.coupe_2020,follower,-4,left,0,[0],282.515614254437,-201.75145397395332,31.2003860627684,-0.2293072078714513,ego,29.21369401030249,31.077021215361267,32.0,0.868232
3955,4.45,empty_shadow,DREAM,follower_2,127,vehicle.mercedes.coupe_2020,follower,-4,left,0,[0],244.53450251967735,-201.75173081052193,30.601434128823744,-0.17841883007956855,follower_1,33.27744357734075,30.56766428740199,31.306896,0.898137
3955,4.45,empty_shadow,DREAM,follower_3,128,vehicle.audi.a2,follower,-4,left,0,[0],197.02104114516038,-201.75068187951578,28.23199225864423,-0.15998850812234172,follower_2,43.20545742171769,28.255112463164224,30.535483,0.93041
3955,4.45,empty_shadow,DREAM,follower_4,129,vehicle.mercedes.coupe_2020,follower,-4,left,0,[0],163.22251664898533,-201.75191223790267,28.997992018234743,-0.22247795543627033,follower_3,29.64738097430247,28.901405867439987,29.801881,1.027143
3956,4.5,empty_shadow,DREAM,occluder,121,vehicle.carlamotors.firetruck,occluder,-5,centre,1,[1],275.7075745277097,-205.2552567775201,18.119254129079895,0.07354743529503271,lead_centre,122.43408989739271,18.119623851499718,18.42783,1.163254
3956,4.5,empty_shadow,DREAM,lead_left,122,vehicle.tesla.model3,leader,-4,left,0,[0],419.91311307047545,-201.74959556888905,23.67461748803408,-0.009078740781764964,,,23.681930373744933,24.333146,0.877731
3956,4.5,empty_shadow,DREAM,lead_centre,123,vehicle.nissan.patrol_2021,leader,-5,centre,1,[1],405.2527462582319,-205.24991256718803,19.996701288246804,-0.24578082756447137,,,20.010235019390155,20.102401,0.907738
3956,4.5,empty_shadow,DREAM,lead_right,124,vehicle.tesla.model3,leader,-6,right,2,[2],420.91428045314467,-208.74972746007145,23.15190480747234,-0.006942862695514026,,,23.160707559787326,23.765983,1.0518
3956,4.5,empty_shadow,DREAM,rear_centre,125,vehicle.nissan.patrol_2021,follower,-5,centre,1,[1],251.14916059611016,-205.2498101805682,17.686005880544236,-0.21141075728180006,occluder,17.520086000486558,17.669083005439592,20.0,0.888602
3956,4.5,empty_shadow,DREAM,follower_1,126,vehicle.mercedes.coupe_2020,follower,-4,left,0,[0],284.0752457716103,-201.75168486015718,31.18777813568762,-0.2521572164160434,ego,29.134131997574045,31.06358503208984,32.0,0.868232
3956,4.5,empty_shadow,DREAM,follower_2,127,vehicle.mercedes.coupe_2020,follower,-4,left,0,[0],246.06422678600146,-201.75189560534704,30.591328665692718,-0.20210789141259486,follower_1,33.307472914111486,30.558882730075986,31.306896,0.898137
3956,4.5,empty_shadow,DREAM,follower_3,128,vehicle.audi.a2,follower,-4,left,0,[0],198.4323571475794,-201.7506887039121,28.22366095480487,-0.16662607621520725,follower_2,43.32395722794104,28.247177412070812,30.535483,0.93041
3956,4.5,empty_shadow,DREAM,follower_4,129,vehicle.mercedes.coupe_2020,follower,-4,left,0,[0],164.67207120580224,-201.7519975703236,28.985519575079756,-0.24944743673808534,follower_3,29.60902034959915,28.890322790055606,29.801881,1.027143
3957,4.55,empty_shadow,DREAM,occluder,121,vehicle.carlamotors.firetruck,occluder,-5,centre,1,[1],276.61370250877883,-205.25525283647227,18.123257658333966,0.08007058363185793,lead_centre,122.52823662043008,18.12323048458796,18.42783,1.163254
3957,4.55,empty_shadow,DREAM,lead_left,122,vehicle.tesla.model3,leader,-4,left,0,[0],421.09689001842924,-201.7496647572557,23.674190253067426,-0.008544698378732932,,,23.681480974996372,24.333146,0.877731
3957,4.55,empty_shadow,DREAM,lead_centre,123,vehicle.nissan.patrol_2021,leader,-5,centre,1,[1],406.252135947419,-205.2498615520154,19.983180103889087,-0.27042368898213964,,,19.998108436645328,20.102401,0.907738
3957,4.55,empty_shadow,DREAM,lead_right,124,vehicle.tesla.model3,leader,-6,right,2,[2],422.0719343245112,-208.74971400733475,23.151580551038528,-0.006485128410035923,,,23.160365013268486,23.765983,1.0518
3957,4.55,empty_shadow,DREAM,rear_centre,125,vehicle.nissan.patrol_2021,follower,-5,centre,1,[1],252.03279711820457,-205.24979865347538,17.66409806305204,-0.4381563479313074,occluder,17.54147882150737,17.659256544831493,20.0,0.888602
3957,4.55,empty_shadow,DREAM,follower_1,126,vehicle.mercedes.coupe_2020,follower,-4,left,0,[0],285.634205876077,-201.75183968145728,31.174130704729233,-0.2729471401719374,ego,29.05331867051825,31.048905140631824,32.0,0.868232
3957,4.55,empty_shadow,DREAM,follower_2,127,vehicle.mercedes.coupe_2020,follower,-4,left,0,[0],247.59346276069317,-201.75203004916827,30.58015509737752,-0.22346990501593064,follower_1,33.33738016496068,30.548933499170147,31.306896,0.898137
3957,4.55,empty_shadow,DREAM,follower_3,128,vehicle.audi.a2,follower,-4,left,0,[0],199.84324590392953,-201.7506956740593,28.21508551009266,-0.17150889363932903,follower_2,43.44236549184612,28.23890852270308,30.535483,0.93041
3957,4.55,empty_shadow,DREAM,follower_4,129,vehicle.mercedes.coupe_2020,follower,-4,left,0,[0],166.1209238375416,-201.7520221070397,28.971811194622273,-0.27416622632643733,follower_3,29.570781795201228,28.877965226300365,29.801881,1.027143
3958,4.6,empty_shadow,DREAM,occluder,121,vehicle.carlamotors.firetruck,occluder,-5,centre,1,[1],277.5199830725244,-205.25523358458238,18.127572085418578,0.08628854036486709,lead_centre,122.62149832854794,18.12715663299129,18.42783,1.163254
3958,4.6,empty_shadow,DREAM,lead_left,122,vehicle.tesla.model3,leader,-4,left,0,[0],422.28066697158835,-201.7497492044105,23.673795438925648,-0.007896281745192246,,,23.681058011211267,24.333146,0.877731
3958,4.6,empty_shadow,DREAM,lead_centre,123,vehicle.nissan.patrol_2021,leader,-5,centre,1,[1],407.2508542499263,-205.2498107658799,19.968564105410938,-0.29231996998998094,,,19.98476565375334,20.102401,0.907738
3958,4.6,empty_shadow,DREAM,lead_right,124,vehicle.tesla.model3,leader,-6,right,2,[2],423.22952716593034,-208.74971583420776,23.15128490608766,-0.005912899030425159,,,23.160045050193176,23.765983,1.0518
3958,4.6,empty_shadow,DREAM,rear_centre,125,vehicle.nissan.patrol_2021,follower,-5,centre,1,[1],252.91567070089025,-205.24978738665197,17.65256622410966,-0.23063677699493232,occluder,17.563970280482124,17.638628241695372,20.0,0.888602
3958,4.6,empty_shadow,DREAM,follower_1,126,vehicle.mercedes.coupe_2020,follower,-4,left,0,[0],287.1924945886585,-201.75197947300632,31.15955822058532,-0.2914481069174621,ego,28.971284739310846,31.033082021630705,32.0,0.868232
3958,4.6,empty_shadow,DREAM,follower_2,127,vehicle.mercedes.coupe_2020,follower,-4,left,0,[0],249.12205784546,-201.75210367646312,30.568033593817734,-0.2424285761368096,follower_1,33.36710429473561,30.537930758382373,31.306896,0.898137
3958,4.6,empty_shadow,DREAM,follower_3,128,vehicle.audi.a2,follower,-4,left,0,[0],201.25376844936346,-201.75070276913584,28.20635747775053,-0.17456064626809287,follower_2,43.560712710187715,28.230393114876705,30.535483,0.93041
3958,4.6,empty_shadow,DREAM,follower_4,129,vehicle.mercedes.coupe_2020,follower,-4,left,0,[0],167.56904403703777,-201.7520163760381,28.956990857960708,-0.29640544306768823,follower_3,29.532817919812004,28.864443918253134,29.801881,1.027143
3959,4.65,empty_shadow,DREAM,occluder,121,vehicle.carlamotors.firetruck,occluder,-5,centre,1,[1],278.4265077768807,-205.25521424940627,18.13218215316875,0.09220135332875691,lead_centre,122.71393606730979,18.131387378092256,18.42783,1.163254
3959,4.65,empty_shadow,DREAM,lead_left,122,vehicle.tesla.model3,leader,-4,left,0,[0],423.4642608192894,-201.74983371402996,23.673436858229127,-0.0071716138168233644,,,23.680667143925852,24.333146,0.877731
3959,4.65,empty_shadow,DREAM,lead_centre,123,vehicle.nissan.patrol_2021,leader,-5,centre,1,[1],408.24884013580663,-205.2497754883912,19.95299443641095,-0.3113933780167472,,,19.9703420950813,20.102401,0.907738
3959,4.65,empty_shadow,DREAM,lead_right,124,vehicle.tesla.model3,leader,-6,right,2,[2],424.38718103729684,-208.74970238147105,23.15101977633528,-0.005302594265287468,,,23.15975331960962,23.765983,1.0518
3959,4.65,empty_shadow,DREAM,rear_centre,125,vehicle.nissan.patrol_2021,follower,-5,centre,1,[1],253.79759823870907,-205.2497764425627,17.629779121541382,-0.45574204974216653,occluder,17.587377261541988,17.627899366794196,20.0,0.888602
3959,4.65,empty_shadow,DREAM,follower_1,126,vehicle.mercedes.coupe_2020,follower,-4,left,0,[0],288.7500508742024,-201.75210425562582,31.144167500861656,-0.3078127734807389,ego,28.887908300218953,31.016224156011816,32.0,0.868232
3959,4.65,empty_shadow,DREAM,follower_2,127,vehicle.mercedes.coupe_2020,follower,-4,left,0,[0],250.6500730910708,-201.7521622427746,30.555074787064868,-0.25917466435712766,follower_1,33.39679792255036,30.525993298929787,31.306896,0.898137
3959,4.65,empty_shadow,DREAM,follower_3,128,vehicle.audi.a2,follower,-4,left,0,[0],202.66380271357582,-201.7507100307848,28.19755505854805,-0.17604838343761559,follower_2,43.6787852495206,28.221722260227192,30.535483,0.93041
3959,4.65,empty_shadow,DREAM,follower_4,129,vehicle.mercedes.coupe_2020,follower,-4,left,0,[0],169.01643180429082,-201.75198037731883,28.941190173496853,-0.3160125291079805,follower_3,29.49522026574975,28.849879941842897,29.801881,1.027143
3960,4.7,empty_shadow,DREAM,occluder,121,vehicle.carlamotors.firetruck,occluder,-5,centre,1,[1],279.3332766218478,-205.25519483094394,18.13707260180335,0.0978089709835222,lead_centre,122.8053972488338,18.13590780222243,18.42783,1.163254
3960,4.7,empty_shadow,DREAM,lead_left,122,vehicle.tesla.model3,leader,-4,left,0,[0],424.64785466699044,-201.74991822364944,23.67311451275657,-0.006446909940137563,,,23.680312147698064,24.333146,0.877731
3960,4.7,empty_shadow,DREAM,lead_centre,123,vehicle.nissan.patrol_2021,leader,-5,centre,1,[1],409.24591048919115,-205.24972526443767,19.936610332306735,-0.32768207709368075,,,19.9549769579751,20.102401,0.907738
3960,4.7,empty_shadow,DREAM,lead_right,124,vehicle.tesla.model3,leader,-6,right,2,[2],425.544773878716,-208.74970420834407,23.15078516583124,-0.004692209755654254,,,23.159491700072873,23.765983,1.0518
3960,4.7,empty_shadow,DREAM,rear_centre,125,vehicle.nissan.patrol_2021,follower,-5,centre,1,[1],254.6787323247482,-205.24978102794182,17.617886795598825,-0.23784651734556114,occluder,17.611974428079478,17.606433267645077,20.0,0.888602
3960,4.7,empty_shadow,DREAM,follower_1,126,vehicle.mercedes.coupe_2020,follower,-4,left,0,[0],290.30675264158145,-201.75215303580626,31.128071084600037,-0.3219267153217255,ego,28.803128479456845,30.998433661533603,32.0,0.868232
3960,4.7,empty_shadow,DREAM,follower_2,127,vehicle.mercedes.coupe_2020,follower,-4,left,0,[0],252.17741693438577,-201.75217526175862,30.541395028387868,-0.27359377440356814,follower_1,33.42633896248336,30.513229735877786,31.306896,0.898137
3960,4.7,empty_shadow,DREAM,follower_3,128,vehicle.audi.a2,follower,-4,left,0,[0],204.07340973171927,-201.75071743818467,28.188765991039308,-0.17578134959241287,follower_2,43.796766230919076,28.2129738241539,30.535483,0.93041
3960,4.7,empty_shadow,DREAM,follower_4,129,vehicle.mercedes.coupe_2020,follower,-4,left,0,[0],170.46299557616084,-201.75188362453787,28.92452739634685,-0.33325453624417195,follower_3,29.457866762709074,28.83439909220768,29.801881,1.027143
3961,4.75,empty_shadow,DREAM,occluder,121,vehicle.carlamotors.firetruck,occluder,-5,centre,1,[1],280.24025908984936,-205.25517533960618,18.142228172497692,0.103111412176612,lead_centre,122.89569875725118,18.140702983904113,18.42783,1.163254
3961,4.75,empty_shadow,DREAM,lead_left,122,vehicle.tesla.model3,leader,-4,left,0,[0],425.8314485146915,-201.75000273326893,23.672836029941692,-0.00556965705484153,,,23.679993024338213,24.333146,0.877731
3961,4.75,empty_shadow,DREAM,lead_centre,123,vehicle.nissan.patrol_2021,leader,-5,centre,1,[1],410.24218738559057,-205.24967531116437,19.9195567521888,-0.34107159376181195,,,19.938807568236406,20.102401,0.907738
3961,4.75,empty_shadow,DREAM,lead_right,124,vehicle.tesla.model3,leader,-6,right,2,[2],426.70236672013516,-208.7497060352171,23.150584886920228,-0.004005577355697563,,,23.159260195620824,23.765983,1.0518
3961,4.75,empty_shadow,DREAM,rear_centre,125,vehicle.nissan.patrol_2021,follower,-5,centre,1,[1],255.55892036071515,-205.24977067726687,17.5948135919337,-0.46146407204063694,occluder,17.637609187007442,17.595370239338298,20.0,0.888602
3961,4.75,empty_shadow,DREAM,follower_1,126,vehicle.mercedes.coupe_2020,follower,-4,left,0,[0],291.8626304343991,-201.75220209707766,31.111385324740944,-0.3337136555653653,ego,28.7169759872003,30.97981899894802,32.0,0.868232
3961,4.75,empty_shadow,DREAM,follower_2,127,vehicle.mercedes.coupe_2020,follower,-4,left,0,[0],253.70405885262315,-201.75212748503787,30.527114483015108,-0.285609623324854,follower_1,33.455696886547486,30.4997546079144,31.306896,0.898137
3961,4.75,empty_shadow,DREAM,follower_3,128,vehicle.audi.a2,follower,-4,left,0,[0],205.48258950379383,-201.75072499133543,28.18007229073642,-0.17387400544192202,follower_2,43.91450305609058,28.204235080088203,30.535483,0.93041
3961,4.75,empty_shadow,DREAM,follower_4,129,vehicle.mercedes.coupe_2020,follower,-4,left,0,[0],171.90867433831676,-201.75178717366944,28.907145577332326,-0.34763554565539767,follower_3,29.42091000898249,28.818117278184882,29.801881,1.027143
3962,4.8,empty_shadow,DREAM,occluder,121,vehicle.carlamotors.firetruck,occluder,-5,centre,1,[1],281.1475772563962,-205.255170992538,18.14763742189416,0.1081849860493362,lead_centre,122.98499318564905,18.145758015304825,18.42783,1.163254
3962,4.8,empty_shadow,DREAM,lead_left,122,vehicle.tesla.model3,leader,-4,left,0,[0],427.0150423259548,-201.74998043137117,23.672601410937858,-0.0046923802038549576,,,23.679717325086102,24.333146,0.877731
3962,4.8,empty_shadow,DREAM,lead_centre,123,vehicle.nissan.patrol_2021,leader,-5,centre,1,[1],411.2377318601576,-205.24962560774975,19.901972932935237,-0.3516763724415132,,,19.921976914449292,20.102401,0.907738
3962,4.8,empty_shadow,DREAM,lead_right,124,vehicle.tesla.model3,leader,-6,right,2,[2],427.86002059150167,-208.74969258248038,23.150418941426036,-0.00331890940830435,,,23.15906256816476,23.765983,1.0518
3962,4.8,empty_shadow,DREAM,rear_centre,125,vehicle.nissan.patrol_2021,follower,-5,centre,1,[1],256.43831493969697,-205.24976059727211,17.583121540276476,-0.23384103238868117,occluder,17.664403619042076,17.57362692870602,20.0,0.888602
3962,4.8,empty_shadow,DREAM,follower_1,126,vehicle.mercedes.coupe_2020,follower,-4,left,0,[0],293.4176842162176,-201.75214462792286,31.094222756009387,-0.3432499402181966,ego,28.629237314933448,30.96049043592826,32.0,0.868232
3962,4.8,empty_shadow,DREAM,follower_2,127,vehicle.mercedes.coupe_2020,follower,-4,left,0,[0],255.2299683542335,-201.75209521696394,30.512353315060587,-0.29522222519722835,follower_1,33.484932761127766,30.485686496605762,31.306896,0.898137
3962,4.8,empty_shadow,DREAM,follower_3,128,vehicle.audi.a2,follower,-4,left,0,[0],206.89134202979952,-201.75073269023707,28.171540714870925,-0.17063151666293147,follower_2,44.03196520225339,28.19558767065177,30.535483,0.93041
3962,4.8,empty_shadow,DREAM,follower_4,129,vehicle.mercedes.coupe_2020,follower,-4,left,0,[0],173.3534986031295,-201.7516757555146,28.88916487719158,-0.3596133407536303,follower_3,29.38441101890114,28.80117250457653,29.801881,1.027143
3963,4.8500000000000005,empty_shadow,DREAM,occluder,121,vehicle.carlamotors.firetruck,occluder,-5,centre,1,[1],282.055109040772,-205.25515131380627,18.153277460071227,0.11280076189416544,lead_centre,123.07321949366928,18.151061730567427,18.42783,1.163254
3963,4.8500000000000005,empty_shadow,DREAM,lead_left,122,vehicle.tesla.model3,leader,-4,left,0,[0],428.19863614242354,-201.7499733882616,23.672412567564905,-0.0037768662477685225,,,23.67948505112999,24.333146,0.877731
3963,4.8500000000000005,empty_shadow,DREAM,lead_centre,123,vehicle.nissan.patrol_2021,leader,-5,centre,1,[1],412.23223873192336,-205.24956099951336,19.88399429507709,-0.3595727409484606,,,19.90462235411566,20.102401,0.907738
3963,4.8500000000000005,empty_shadow,DREAM,lead_right,124,vehicle.tesla.model3,leader,-6,right,2,[2],429.01743032746265,-208.7496944718181,23.150291143820883,-0.0025559518824096188,,,23.15889881953972,23.765983,1.0518
3963,4.8500000000000005,empty_shadow,DREAM,rear_centre,125,vehicle.nissan.patrol_2021,follower,-5,centre,1,[1],257.316763473812,-205.2497508400115,17.560315368067847,-0.4561234436289778,occluder,17.69232720660699,17.562761285922356,20.0,0.888602
3963,4.8500000000000005,empty_shadow,DREAM,follower_1,126,vehicle.mercedes.coupe_2020,follower,-4,left,0,[0],294.9718835111037,-201.75210270905802,31.076684470599723,-0.3507644282896216,ego,28.539973648765198,30.940557364828894,32.0,0.868232
3963,4.8500000000000005,empty_shadow,DREAM,follower_2,127,vehicle.mercedes.coupe_2020,follower,-4,left,0,[0],256.75508436762647,-201.75197166684117,30.49722787146183,-0.30250790411123174,follower_1,33.51407704133592,30.471143789956407,31.306896,0.898137
3963,4.8500000000000005,empty_shadow,DREAM,follower_3,128,vehicle.audi.a2,follower,-4,left,0,[0],208.2996673097363,-201.7507405348896,28.163243743134032,-0.1659394342858827,follower_2,44.149122177858075,28.187098152528325,30.535483,0.93041
3963,4.8500000000000005,empty_shadow,DREAM,follower_4,129,vehicle.mercedes.coupe_2020,follower,-4,left,0,[0],174.79740734065177,-201.75156464968313,28.870711178794313,-0.3690734709737607,follower_3,29.348339280094066,28.78367990585601,29.801881,1.027143
3964,4.9,empty_shadow,DREAM,occluder,121,vehicle.carlamotors.firetruck,occluder,-5,centre,1,[1],282.9629460009113,-205.2551315309667,18.159140658536707,0.11726396772697559,lead_centre,123.16019458105922,18.15659171420181,18.42783,1.163254
3964,4.9,empty_shadow,DREAM,lead_left,122,vehicle.tesla.model3,leader,-4,left,0,[0],429.3822299536869,-201.74995108636384,23.672269499371538,-0.002861361054777728,,,23.67929809522068,24.333146,0.877731
3964,4.9,empty_shadow,DREAM,lead_centre,123,vehicle.nissan.patrol_2021,leader,-5,centre,1,[1],413.22589112716753,-205.2495424591433,19.86575816829099,-0.3647225156550528,,,19.886877495402,20.102401,0.907738
3964,4.9,empty_shadow,DREAM,lead_right,124,vehicle.tesla.model3,leader,-6,right,2,[2],430.17484005821836,-208.7496811023676,23.15020149356617,-0.0017930050419029595,,,23.15877271375075,23.765983,1.0518
3964,4.9,empty_shadow,DREAM,rear_centre,125,vehicle.nissan.patrol_2021,follower,-5,centre,1,[1],258.19447958609464,-205.24974133260955,17.549332852753682,-0.21965030611256386,occluder,17.721410456867815,17.541265682694412,20.0,0.888602
3964,4.9,empty_shadow,DREAM,follower_1,126,vehicle.mercedes.coupe_2020,follower,-4,left,0,[0],296.52519779107035,-201.75204583331754,31.058883000538593,-0.35602829395035995,ego,28.449062835104,30.92013062819438,32.0,0.868232
3964,4.9,empty_shadow,DREAM,follower_2,127,vehicle.mercedes.coupe_2020,follower,-4,left,0,[0],258.2794984767634,-201.7518483561663,30.48184877840438,-0.3075810759349817,follower_1,33.54316032282905,30.456240904786714,31.306896,0.898137
3964,4.9,empty_shadow,DREAM,follower_3,128,vehicle.audi.a2,follower,-4,left,0,[0],209.70759586118055,-201.75074851488225,28.155244317324975,-0.1599885154810578,follower_2,44.26591291131426,28.17883871153131,30.535483,0.93041
3964,4.9,empty_shadow,DREAM,follower_4,129,vehicle.mercedes.coupe_2020,follower,-4,left,0,[0],176.24037000207488,-201.7513623138567,28.851914179306057,-0.3759396400829227,follower_3,29.312755822508592,28.7657609412848,29.801881,1.027143
3965,4.95,empty_shadow,DREAM,occluder,121,vehicle.carlamotors.firetruck,occluder,-5,centre,1,[1],283.87108813681414,-205.2551116440194,18.165209851874383,0.12138386508267797,lead_centre,123.246010016164,18.162340555151708,18.42783,1.163254
3965,4.95,empty_shadow,DREAM,lead_left,122,vehicle.tesla.model3,leader,-4,left,0,[0],430.5658237701556,-201.74994404325426,23.672168392076998,-0.0020221416268772154,,,23.67915645694423,24.333146,0.877731
3965,4.95,empty_shadow,DREAM,lead_centre,123,vehicle.nissan.patrol_2021,leader,-5,centre,1,[1],414.2186280159427,-205.24958526624923,19.84739615683757,-0.36724020690345116,,,19.868877848993346,20.102401,0.907738
3965,4.95,empty_shadow,DREAM,lead_right,124,vehicle.tesla.model3,leader,-6,right,2,[2],431.33224979417946,-208.74968299170527,23.15014999175457,-0.001030035939915331,,,23.158684250291472,23.765983,1.0518
3965,4.95,empty_shadow,DREAM,rear_centre,125,vehicle.nissan.patrol_2021,follower,-5,centre,1,[1],259.0712801762922,-205.24974739631907,17.527291530886842,-0.4408264373870811,occluder,17.75153130472451,17.5310810339007,20.0,0.888602
3965,4.95,empty_shadow,DREAM,follower_1,126,vehicle.mercedes.coupe_2020,follower,-4,left,0,[0],298.0775354773614,-201.75189773799292,31.040921341746685,-0.35923225631663264,ego,28.356443885645632,30.899311068517978,32.0,0.868232
3965,4.95,empty_shadow,DREAM,follower_2,127,vehicle.mercedes.coupe_2020,follower,-4,left,0,[0],259.8031191289152,-201.75172531617164,30.466330474563804,-0.3103654701699139,follower_1,33.572060493658725,30.44108665376635,31.306896,0.898137
3965,4.95,empty_shadow,DREAM,follower_3,128,vehicle.audi.a2,follower,-4,left,0,[0],211.11512768413226,-201.750756630215,28.14760156617987,-0.15285502225016223,follower_2,44.38239846900694,28.170872089852146,30.535483,0.93041
3965,4.95,empty_shadow,DREAM,follower_4,129,vehicle.mercedes.coupe_2020,follower,-4,left,0,[0],177.68235610105484,-201.75116031117517,28.832897855709838,-0.3803262530458612,follower_3,29.277721712529726,28.747540139922588,29.801881,1.027143
3966,5.0,empty_shadow,DREAM,occluder,121,vehicle.carlamotors.firetruck,occluder,-5,centre,1,[1],284.7795659660568,-205.2550916425535,18.17147168767504,0.125236714403334,lead_centre,123.33060476903643,18.168291467562078,18.42783,1.163254
3966,5.0,empty_shadow,DREAM,lead_left,122,vehicle.tesla.model3,leader,-4,left,0,[0],431.74941758662425,-201.74993700014468,23.672114968532732,-0.0010684657059296214,,,23.67905636016636,24.333146,0.877731
3966,5.0,empty_shadow,DREAM,lead_centre,123,vehicle.nissan.patrol_2021,leader,-5,centre,1,[1],415.2104493826329,-205.2496436444667,19.829041771720124,-0.3670876804630545,,,19.850753293255327,20.102401,0.907738
3966,5.0,empty_shadow,DREAM,lead_right,124,vehicle.tesla.model3,leader,-6,right,2,[2],432.4897205652932,-208.7496848602214,23.150142360682683,-0.00015262131994047578,,,23.158633430257705,23.765983,1.0518
3966,5.0,empty_shadow,DREAM,rear_centre,125,vehicle.nissan.patrol_2021,follower,-5,centre,1,[1],259.94731782187563,-205.24973846150988,17.517462962709637,-0.1965713635432112,occluder,17.782872850429783,17.510307251182,20.0,0.888602
3966,5.0,empty_shadow,DREAM,follower_1,126,vehicle.mercedes.coupe_2020,follower,-4,left,0,[0],299.62911022944917,-201.7517651617259,31.022900582803306,-0.36041445418035917,ego,28.262177804310454,30.87821026477368,32.0,0.868232
3966,5.0,empty_shadow,DREAM,follower_2,127,vehicle.mercedes.coupe_2020,follower,-4,left,0,[0],261.325976836453,-201.75158727765827,30.45078167648994,-0.31097552039204446,follower_1,33.60077752779796,30.425793608405822,31.306896,0.898137
3966,5.0,empty_shadow,DREAM,follower_3,128,vehicle.audi.a2,follower,-4,left,0,[0],212.52229329616776,-201.75076487047707,28.14036126533937,-0.14480601610589025,follower_2,44.498487298207074,28.163257259731132,30.535483,0.93041
3966,5.0,empty_shadow,DREAM,follower_4,129,vehicle.mercedes.coupe_2020,follower,-4,left,0,[0],179.12345719552602,-201.75097386919435,28.813778553665014,-0.38238592238604985,follower_3,29.243267436501498,28.729136266922254,29.801881,1.027143
3967,5.05,empty_shadow,DREAM,occluder,121,vehicle.carlamotors.firetruck,occluder,-5,centre,1,[1],285.68834897626834,-205.25508679576802,18.177916629197515,0.12889882890525936,lead_centre,123.41394830648389,18.1744314168823,18.42783,1.163254
3967,5.05,empty_shadow,DREAM,lead_left,122,vehicle.tesla.model3,leader,-4,left,0,[0],432.9330113978876,-201.74991469824695,23.67210732134752,-0.00015293803414059801,,,23.67900347055838,24.333146,0.877731
3967,5.05,empty_shadow,DREAM,lead_centre,123,vehicle.nissan.patrol_2021,leader,-5,centre,1,[1],416.2012941816744,-205.24968709704086,19.81081326788416,-0.3645700561293663,,,19.83263560750046,20.102401,0.907738
3967,5.05,empty_shadow,DREAM,lead_right,124,vehicle.tesla.model3,leader,-6,right,2,[2],433.6471302960489,-208.7496714907709,23.15017478374861,0.0006484614288798284,,,23.15862590020509,23.765983,1.0518
3967,5.05,empty_shadow,DREAM,rear_centre,125,vehicle.nissan.patrol_2021,follower,-5,centre,1,[1],260.822562010474,-205.24972979738092,17.496617549778655,-0.4169082587129599,occluder,17.815313034089016,17.50122861514507,20.0,0.888602
3967,5.05,empty_shadow,DREAM,follower_1,126,vehicle.mercedes.coupe_2020,follower,-4,left,0,[0],301.1796779015174,-201.75163292901453,31.00491418127113,-0.35972748970300245,ego,28.165928835293926,30.85692274523381,32.0,0.868232
3967,5.05,empty_shadow,DREAM,follower_2,127,vehicle.mercedes.coupe_2020,follower,-4,left,0,[0],262.8480410713895,-201.7514037334606,30.435307286263384,-0.309487508878438,follower_1,33.62949457234798,30.410469352702584,31.306896,0.898137
3967,5.05,empty_shadow,DREAM,follower_3,128,vehicle.audi.a2,follower,-4,left,0,[0],213.92912321486344,-201.75077322525772,28.133576820613754,-0.1356888937654003,follower_2,44.6141793937093,28.15603997792577,30.535483,0.93041
3967,5.05,empty_shadow,DREAM,follower_4,129,vehicle.mercedes.coupe_2020,follower,-4,left,0,[0],180.56358172755404,-201.75078776035843,28.79468024893573,-0.3819660458647918,follower_3,29.209331954065817,28.710659600839037,29.801881,1.027143
3968,5.1000000000000005,empty_shadow,DREAM,occluder,121,vehicle.carlamotors.firetruck,occluder,-5,centre,1,[1],286.59743715703803,-205.2550665860866,18.184523695586602,0.13214132630450298,lead_centre,123.49601009531389,18.1807511086397,18.42783,1.163254
3968,5.1000000000000005,empty_shadow,DREAM,lead_left,122,vehicle.tesla.model3,leader,-4,left,0,[0],434.11660521435635,-201.74990765513738,23.67213973094794,0.0006481969705288408,,,23.678995899801905,24.333146,0.877731
3968,5.1000000000000005,empty_shadow,DREAM,lead_centre,123,vehicle.nissan.patrol_2021,leader,-5,centre,1,[1],417.1913455289363,-205.24974607908342,19.792836531040827,-0.3595347179168885,,,19.814641530010775,20.102401,0.907738
3968,5.1000000000000005,empty_shadow,DREAM,lead_right,124,vehicle.tesla.model3,leader,-6,right,2,[2],434.80454003201,-208.74967338010862,23.150245355498587,0.0014114350076536843,,,23.158657894057413,23.765983,1.0518
3968,5.1000000000000005,empty_shadow,DREAM,rear_centre,125,vehicle.nissan.patrol_2021,follower,-5,centre,1,[1],261.69716532996904,-205.2497213518783,17.488320584857743,-0.16593929847761202,occluder,17.84885185570222,17.48158899660619,20.0,0.888602
3968,5.1000000000000005,empty_shadow,DREAM,follower_1,126,vehicle.mercedes.coupe_2020,follower,-4,left,0,[0],302.7294215938188,-201.751485718606,30.98705559458018,-0.3571713562867507,ego,28.068032552212003,30.83555256298508,32.0,0.868232
3968,5.1000000000000005,empty_shadow,DREAM,follower_2,127,vehicle.mercedes.coupe_2020,follower,-4,left,0,[0],264.3693728688774,-201.75117466275705,30.420006484432314,-0.30601586154057775,follower_1,33.6579980094797,30.39521643773382,31.306896,0.898137
3968,5.1000000000000005,empty_shadow,DREAM,follower_3,128,vehicle.audi.a2,follower,-4,left,0,[0],215.33564795779563,-201.75078168414612,28.127288286803168,-0.12577067548889911,follower_2,44.729413709950116,28.149273516599262,30.535483,0.93041
3968,5.1000000000000005,empty_shadow,DREAM,follower_4,129,vehicle.mercedes.coupe_2020,follower,-4,left,0,[0],182.00276020950986,-201.75058671546844,28.7757135664588,-0.37933364049225055,follower_3,29.176037340733473,28.6922293599889,29.801881,1.027143
3969,5.15,empty_shadow,DREAM,occluder,121,vehicle.carlamotors.firetruck,occluder,-5,centre,1,[1],287.50689154872384,-205.25504625147582,18.19128716477647,0.1352693823841885,lead_centre,123.57697326180613,18.187230019464597,18.42783,1.163254
3969,5.15,empty_shadow,DREAM,lead_left,122,vehicle.tesla.model3,leader,-4,left,0,[0],435.3001990256196,-201.74988535323962,23.67221219608484,0.0014493059567459207,,,23.67902798548855,24.333146,0.877731
3969,5.15,empty_shadow,DREAM,lead_centre,123,vehicle.nissan.patrol_2021,leader,-5,centre,1,[1],418.180420313755,-205.24980539427088,19.775220278622676,-0.3523250329001408,,,19.79689534878857,20.102401,0.907738
3969,5.15,empty_shadow,DREAM,lead_right,124,vehicle.tesla.model3,leader,-6,right,2,[2],435.9619497627657,-208.74966001065812,23.150355982251938,0.0022125350386391226,,,23.158727531578727,23.765983,1.0518
3969,5.15,empty_shadow,DREAM,rear_centre,125,vehicle.nissan.patrol_2021,follower,-5,centre,1,[1],262.5710057100553,-205.24971316664508,17.469039199738216,-0.3856277023983388,occluder,17.883336716976842,17.473977403760188,20.0,0.888602
3969,5.15,empty_shadow,DREAM,follower_1,126,vehicle.mercedes.coupe_2020,follower,-4,left,0,[0],304.2782497380082,-201.7512777853681,30.969416373558712,-0.35278418189519445,ego,27.968214203180523,30.814188625187942,32.0,0.868232
3969,5.15,empty_shadow,DREAM,follower_2,127,vehicle.mercedes.coupe_2020,follower,-4,left,0,[0],265.8899112197911,-201.75097638031008,30.404978451759575,-0.30056056947405607,follower_1,33.686409904293185,30.38013293030156,31.306896,0.898137
3969,5.15,empty_shadow,DREAM,follower_3,128,vehicle.audi.a2,follower,-4,left,0,[0],216.74183698656643,-201.7507292224004,28.121526180989537,-0.11524211550175717,follower_2,44.84422076450586,28.142997936477258,30.535483,0.93041
3969,5.15,empty_shadow,DREAM,follower_4,129,vehicle.mercedes.coupe_2020,follower,-4,left,0,[0],183.44096212902247,-201.75038600372335,28.75698531701371,-0.37456499116621494,follower_3,29.14338360170985,28.6739507148828,29.801881,1.027143
3970,5.2,empty_shadow,DREAM,occluder,121,vehicle.carlamotors.firetruck,occluder,-5,centre,1,[1],288.41668162854415,-205.25501054355834,18.198184148553104,0.1379396741786477,lead_centre,123.656593654939,18.19386259629092,18.42783,1.163254
3970,5.2,empty_shadow,DREAM,lead_left,122,vehicle.tesla.model3,leader,-4,left,0,[0],436.4837928420883,-201.74987831013004,23.672328531982522,0.002326721438507655,,,23.679099726376716,24.333146,0.877731
3970,5.2,empty_shadow,DREAM,lead_centre,123,vehicle.nissan.patrol_2021,leader,-5,centre,1,[1],419.1687016363833,-205.2498497213504,19.75807513643679,-0.342902832435629,,,19.779504420088205,20.102401,0.907738
3970,5.2,empty_shadow,DREAM,lead_right,124,vehicle.tesla.model3,leader,-6,right,2,[2],437.11954260418474,-208.74966183753114,23.150499035472272,0.002861064278457515,,,23.15883669383818,23.765983,1.0518
3970,5.2,empty_shadow,DREAM,rear_centre,125,vehicle.nissan.patrol_2021,follower,-5,centre,1,[1],263.44423574382,-205.24972044841562,17.462575199548972,-0.12928000370288983,occluder,17.91895072857639,17.45582547187393,20.0,0.888602
3970,5.2,empty_shadow,DREAM,follower_1,126,vehicle.mercedes.coupe_2020,follower,-4,left,0,[0],305.8261623444963,-201.7510396468772,30.952070903220122,-0.3469092779099052,ego,27.866595691932446,30.792927493838665,32.0,0.868232
3970,5.2,empty_shadow,DREAM,follower_2,127,vehicle.mercedes.coupe_2020,follower,-4,left,0,[0],267.40971713846153,-201.7507478301454,30.390310924090112,-0.29335052642230747,follower_1,33.7146996975689,30.3653164018783,31.306896,0.898137
3970,5.2,empty_shadow,DREAM,follower_3,128,vehicle.audi.a2,follower,-4,left,0,[0],218.14778186431562,-201.75064632636452,28.116319115692928,-0.1041413054561669,follower_2,44.95857008664871,28.13724386665419,30.535483,0.93041
3970,5.2,empty_shadow,DREAM,follower_4,129,vehicle.mercedes.coupe_2020,follower,-4,left,0,[0],184.87824852124464,-201.75018560430158,28.738596589426837,-0.3677745400696642,follower_3,29.11137071096801,28.655924832161954,29.801881,1.027143
3971,5.25,empty_shadow,DREAM,occluder,121,vehicle.carlamotors.firetruck,occluder,-5,centre,1,[1],289.32677688933336,-205.25498999032123,18.20520701911807,0.14045740974080925,lead_centre,123.73508489774696,18.200626437870188,18.42783,1.163254
3971,5.25,empty_shadow,DREAM,lead_left,122,vehicle.tesla.model3,leader,-4,left,0,[0],437.667386658557,-201.74987126702047,23.67248111106844,0.0030515835818118444,,,23.679214899547908,24.333146,0.877731
3971,5.25,empty_shadow,DREAM,lead_centre,123,vehicle.nissan.patrol_2021,leader,-5,centre,1,[1],420.1561284720791,-205.24990959871982,19.741506008244777,-0.33138255698011077,,,19.76257799833488,20.102401,0.907738
3971,5.25,empty_shadow,DREAM,lead_right,124,vehicle.tesla.model3,leader,-6,right,2,[2],438.277135445604,-208.74966366440415,23.150680236219223,0.0036240147384547787,,,23.158977853266954,23.765983,1.0518
3971,5.25,empty_shadow,DREAM,rear_centre,125,vehicle.nissan.patrol_2021,follower,-5,centre,1,[1],264.316824903276,-205.2497126900243,17.445145850155733,-0.34858698773122826,occluder,17.955510774632003,17.449971536902567,20.0,0.888602
3971,5.25,empty_shadow,DREAM,follower_1,126,vehicle.mercedes.coupe_2020,follower,-4,left,0,[0],307.37325098162836,-201.75081704826545,30.93508975417705,-0.33962292920653114,ego,27.763085346014748,30.771844511778664,32.0,0.868232
3971,5.25,empty_shadow,DREAM,follower_2,127,vehicle.mercedes.coupe_2020,follower,-4,left,0,[0],268.9287906352996,-201.7505195298394,30.376084009636102,-0.2845382885979666,follower_1,33.74280638538656,30.35085289268284,31.306896,0.898137
3971,5.25,empty_shadow,DREAM,follower_3,128,vehicle.audi.a2,follower,-4,left,0,[0],219.55348259624867,-201.75054825482673,28.111689979488816,-0.09258272396440087,follower_2,45.07243112756997,28.132040000619323,30.535483,0.93041
3971,5.25,empty_shadow,DREAM,follower_4,129,vehicle.mercedes.coupe_2020,follower,-4,left,0,[0],186.3146193861763,-201.74998551720313,28.720644658091707,-0.3590385806481993,follower_3,29.08002919649507,28.63824771230873,29.801881,1.027143
3972,5.3,empty_shadow,DREAM,occluder,121,vehicle.carlamotors.firetruck,occluder,-5,centre,1,[1],290.23726887861505,-205.25496930174404,18.212342423148858,0.1427080790414891,lead_centre,123.81241647265364,18.207514127039914,18.42783,1.163254
3972,5.3,empty_shadow,DREAM,lead_left,122,vehicle.tesla.model3,leader,-4,left,0,[0],438.85098046982034,-201.7498489651227,23.672671838632773,0.0038145524381947163,,,23.679365953646506,24.333146,0.877731
3972,5.3,empty_shadow,DREAM,lead_centre,123,vehicle.nissan.patrol_2021,leader,-5,centre,1,[1],421.14270081043185,-205.2499545088029,19.725604446468573,-0.31803123275073875,,,19.74621970204918,20.102401,0.907738
3972,5.3,empty_shadow,DREAM,lead_right,124,vehicle.tesla.model3,leader,-6,right,2,[2],439.4347893169704,-208.74965021166744,23.150890047813707,0.004196231962221855,,,23.159156655160846,23.765983,1.0518
3972,5.3,empty_shadow,DREAM,rear_centre,125,vehicle.nissan.patrol_2021,follower,-5,centre,1,[1],265.1890173342394,-205.24970506697312,17.440734157382835,-0.08823385518421305,occluder,17.99301687596521,17.43358505526907,20.0,0.888602
3972,5.3,empty_shadow,DREAM,follower_1,126,vehicle.mercedes.coupe_2020,follower,-4,left,0,[0],308.9195461617754,-201.7505947203339,30.918553033329506,-0.3307344076898804,ego,27.65771341752898,30.751013809229242,32.0,0.868232
3972,5.3,empty_shadow,DREAM,follower_2,127,vehicle.mercedes.coupe_2020,follower,-4,left,0,[0],270.44719274545804,-201.75029145857053,30.36237781628143,-0.27412386319347615,follower_1,33.770821525680546,30.33682147732165,31.306896,0.898137
3972,5.3,empty_shadow,DREAM,follower_3,128,vehicle.audi.a2,follower,-4,left,0,[0],220.95896971035265,-201.7504655149525,28.10765784642011,-0.08064266162175295,follower_2,45.18580389247503,28.127409343892097,30.535483,0.93041
3972,5.3,empty_shadow,DREAM,follower_4,129,vehicle.mercedes.coupe_2020,follower,-4,left,0,[0],187.75016628175194,-201.74980096998385,28.70322679734736,-0.3483571199071058,follower_3,29.049359063496425,28.62101131801515,29.801881,1.027143
3973,5.3500000000000005,empty_shadow,DREAM,occluder,121,vehicle.carlamotors.firetruck,occluder,-5,centre,1,[1],291.14806604366026,-205.25494850905903,18.219578917430255,0.14472988393820513,lead_centre,123.8884968217246,18.21451261309563,18.42783,1.163254
3973,5.3500000000000005,empty_shadow,DREAM,lead_left,122,vehicle.tesla.model3,leader,-4,left,0,[0],440.03457428628906,-201.74984192201316,23.672893087161217,0.004424971038986865,,,23.67955477489818,24.333146,0.877731
3973,5.3500000000000005,empty_shadow,DREAM,lead_centre,123,vehicle.nissan.patrol_2021,leader,-5,centre,1,[1],422.1286017673102,-205.25001490671121,19.710462004571358,-0.3028488379659451,,,19.73051997922133,20.102401,0.907738
3973,5.3500000000000005,empty_shadow,DREAM,lead_right,124,vehicle.tesla.model3,leader,-6,right,2,[2],440.5923821583897,-208.74965203854046,23.151132284492856,0.004844733589129005,,,23.15936368906294,23.765983,1.0518
3973,5.3500000000000005,empty_shadow,DREAM,rear_centre,125,vehicle.nissan.patrol_2021,follower,-5,centre,1,[1],266.06059941367585,-205.24969765213746,17.4253666530976,-0.3073500853812754,occluder,18.031316434283497,17.42970012513409,20.0,0.888602
3973,5.3500000000000005,empty_shadow,DREAM,follower_1,126,vehicle.mercedes.coupe_2020,follower,-4,left,0,[0],310.4649563270028,-201.75035743552678,30.90251223846668,-0.32081589858412846,ego,27.550388202789776,30.730520398200753,32.0,0.868232
3973,5.3500000000000005,empty_shadow,DREAM,follower_2,127,vehicle.mercedes.coupe_2020,follower,-4,left,0,[0],271.9648929513604,-201.75006362674952,30.349264822913486,-0.26225983393257507,follower_1,33.79871459566914,30.323301141397785,31.306896,0.898137
3973,5.3500000000000005,empty_shadow,DREAM,follower_3,128,vehicle.audi.a2,follower,-4,left,0,[0],222.3642431962168,-201.7503675891656,28.10422462412616,-0.06866444625356777,follower_2,45.29871888852947,28.12337113873644,30.535483,0.93041
3973,5.3500000000000005,empty_shadow,DREAM,follower_4,129,vehicle.mercedes.coupe_2020,follower,-4,left,0,[0],189.18479764483172,-201.74960147629974,28.68641548629463,-0.3362260680610439,follower_3,29.01929928202476,28.604307013245798,29.801881,1.027143
3974,5.4,empty_shadow,DREAM,occluder,121,vehicle.carlamotors.firetruck,occluder,-5,centre,1,[1],292.05929045997976,-205.25494282941136,18.226906964330958,0.14656093633300457,lead_centre,123.96360061355776,18.221610733153994,18.42783,1.163254
3974,5.4,empty_shadow,DREAM,lead_left,122,vehicle.tesla.model3,leader,-4,left,0,[0],441.2181680975524,-201.7498196201154,23.673148669675882,0.005111650512661077,,,23.67977381200069,24.333146,0.877731
3974,5.4,empty_shadow,DREAM,lead_centre,123,vehicle.nissan.patrol_2021,leader,-5,centre,1,[1],423.1136482320508,-205.25007559612132,19.69615306812118,-0.2861787310883381,,,19.7155692875478,20.102401,0.907738
3974,5.4,empty_shadow,DREAM,lead_right,124,vehicle.tesla.model3,leader,-6,right,2,[2],441.74997499460346,-208.74963860662533,23.15140313191499,0.005416948361488833,,,23.15960271868058,23.765983,1.0518
3974,5.4,empty_shadow,DREAM,rear_centre,125,vehicle.nissan.patrol_2021,follower,-5,centre,1,[1],266.93178476461975,-205.24969037264194,17.423146504855232,-0.044402964401497345,occluder,18.070531519892256,17.415283096137987,20.0,0.888602
3974,5.4,empty_shadow,DREAM,follower_1,126,vehicle.mercedes.coupe_2020,follower,-4,left,0,[0],312.00960355282155,-201.75012041098907,30.887028404232492,-0.309676667401001,ego,27.44126210749033,30.71042710601053,32.0,0.868232
3974,5.4,empty_shadow,DREAM,follower_2,127,vehicle.mercedes.coupe_2020,follower,-4,left,0,[0],273.4819522933649,-201.74985127234302,30.336809879307044,-0.24909878773936067,follower_1,33.82642455499425,30.310362679224838,31.306896,0.898137
3974,5.4,empty_shadow,DREAM,follower_3,128,vehicle.audi.a2,follower,-4,left,0,[0],223.76939464821325,-201.750376516539,28.101407479146356,-0.0563428995539927,follower_2,45.4111456085677,28.11992762138071,30.535483,0.93041
3974,5.4,empty_shadow,DREAM,follower_4,129,vehicle.mercedes.coupe_2020,follower,-4,left,0,[0],190.61863556654257,-201.74944802966036,28.670290833703433,-0.32249283611072066,follower_3,28.989941404809137,28.588203327533897,29.801881,1.027143
3975,5.45,empty_shadow,DREAM,occluder,121,vehicle.carlamotors.firetruck,occluder,-5,centre,1,[1],292.9708505644337,-205.25492177645694,18.234309397781825,0.14804866738076605,lead_centre,124.0374226619789,18.228799170715188,18.42783,1.163254
3975,5.45,empty_shadow,DREAM,lead_left,122,vehicle.tesla.model3,leader,-4,left,0,[0],442.4017619140211,-201.74981257700583,23.67342905108328,0.005607628039267903,,,23.68002683983677,24.333146,0.877731
3975,5.45,empty_shadow,DREAM,lead_centre,123,vehicle.nissan.patrol_2021,leader,-5,centre,1,[1],424.0980843400591,-205.2501212349588,19.68275774603574,-0.267906444315387,,,19.701441140903007,20.102401,0.907738
3975,5.45,empty_shadow,DREAM,lead_right,124,vehicle.tesla.model3,leader,-6,right,2,[2],442.90762887117523,-208.7496404126768,23.151698775273225,0.0059128673848456185,,,23.159869980133728,23.765983,1.0518
3975,5.45,empty_shadow,DREAM,rear_centre,125,vehicle.nissan.patrol_2021,follower,-5,centre,1,[1],267.8025733922765,-205.24969848727469,17.409962915471507,-0.26367178722982837,occluder,18.110570585267837,17.413503619222606,20.0,0.888602
3975,5.45,empty_shadow,DREAM,follower_1,126,vehicle.mercedes.coupe_2020,follower,-4,left,0,[0],313.55351835680796,-201.74988363631002,30.8721434921132,-0.2976981817793758,ego,27.330304483919576,30.690803099574932,32.0,0.868232
3975,5.45,empty_shadow,DREAM,follower_2,127,vehicle.mercedes.coupe_2020,follower,-4,left,0,[0],274.99843180141863,-201.7496391157413,30.325060668809122,-0.23498405981934312,follower_1,33.854012438808525,30.298070192234064,31.306896,0.898137
3975,5.45,empty_shadow,DREAM,follower_3,128,vehicle.audi.a2,follower,-4,left,0,[0],225.17439351232798,-201.7503854959663,28.099191150362167,-0.044326574612088124,follower_2,45.52305349857568,28.117096072909987,30.535483,0.93041
3975,5.45,empty_shadow,DREAM,follower_4,129,vehicle.mercedes.coupe_2020,follower,-4,left,0,[0],192.05168005208992,-201.74935588885393,28.654921503100628,-0.30738633679474886,follower_3,28.961254935094743,28.572775806793057,29.801881,1.027143
3976,5.5,empty_shadow,DREAM,occluder,121,vehicle.carlamotors.firetruck,occluder,-5,centre,1,[1],293.88280739738013,-205.2549005881624,18.241772866384906,0.1492693704908085,lead_centre,124.11029866553321,18.236061138947775,18.42783,1.163254
3976,5.5,empty_shadow,DREAM,lead_left,122,vehicle.tesla.model3,leader,-4,left,0,[0],443.5853557304898,-201.74980553389625,23.673734229556786,0.00610356918091051,,,23.680304418592726,24.333146,0.877731
3976,5.5,empty_shadow,DREAM,lead_centre,123,vehicle.nissan.patrol_2021,leader,-5,centre,1,[1],425.081849066593,-205.25018236162157,19.670337074701163,-0.24841342820875686,,,19.68821470862485,20.102401,0.907738
3976,5.5,empty_shadow,DREAM,lead_right,124,vehicle.tesla.model3,leader,-6,right,2,[2],444.0652217125945,-208.74964223954981,23.152017305961675,0.006370613862604483,,,23.16016170908577,23.765983,1.0518
3976,5.5,empty_shadow,DREAM,rear_centre,125,vehicle.nissan.patrol_2021,follower,-5,centre,1,[1],268.67311787411705,-205.24969142640546,17.409995344418427,0.0006485793080462463,occluder,18.151342062065027,17.40117620409331,20.0,0.888602
3976,5.5,empty_shadow,DREAM,follower_1,126,vehicle.mercedes.coupe_2020,follower,-4,left,0,[0],315.0967312565383,-201.74964710107886,30.85790137134787,-0.28484229155041263,ego,27.217484642723264,30.671702020190917,32.0,0.868232
3976,5.5,empty_shadow,DREAM,follower_2,127,vehicle.mercedes.coupe_2020,follower,-4,left,0,[0],276.51436202433047,-201.74951869926264,30.314074412223523,-0.21972490557257485,follower_1,33.881447734741116,30.286470525699208,31.306896,0.898137
3976,5.5,empty_shadow,DREAM,follower_3,128,vehicle.audi.a2,follower,-4,left,0,[0],226.5792703061373,-201.7503945170367,28.097573730412527,-0.03234839646145938,follower_2,45.63453414251475,28.114861662153196,30.535483,0.93041
3976,5.5,empty_shadow,DREAM,follower_4,129,vehicle.mercedes.coupe_2020,follower,-4,left,0,[0],193.48399211580485,-201.74926399790613,28.640364713354387,-0.2911354695074515,follower_3,28.933209313662132,28.55808773407698,29.801881,1.027143
3977,5.55,empty_shadow,DREAM,occluder,121,vehicle.carlamotors.firetruck,occluder,-5,centre,1,[1],294.7950999184611,-205.25486402656114,18.24928783426463,0.15029935596973668,lead_centre,124.18210655912068,18.24338357380456,18.42783,1.163254
3977,5.55,empty_shadow,DREAM,lead_left,122,vehicle.tesla.model3,leader,-4,left,0,[0],444.7690716120586,-201.7497831903554,23.67405848394351,0.006485087794496703,,,23.680606546433772,24.333146,0.877731
3977,5.55,empty_shadow,DREAM,lead_centre,123,vehicle.nissan.patrol_2021,leader,-5,centre,1,[1],426.0650034363946,-205.25022843771174,19.658948273997943,-0.22777601330845124,,,19.67595033079118,20.102401,0.907738
3977,5.55,empty_shadow,DREAM,lead_right,124,vehicle.tesla.model3,leader,-6,right,2,[2],445.2228755839609,-208.7496287868131,23.152358725087595,0.006828382537337637,,,23.16047602216513,23.765983,1.0518
3977,5.55,empty_shadow,DREAM,rear_centre,125,vehicle.nissan.patrol_2021,follower,-5,centre,1,[1],269.5432656274651,-205.24968450087638,17.399047167416523,-0.2189635395621876,occluder,18.19275441317093,17.401561766920903,20.0,0.888602
3977,5.55,empty_shadow,DREAM,follower_1,126,vehicle.mercedes.coupe_2020,follower,-4,left,0,[0],316.639211770874,-201.7495176272236,30.844334466843833,-0.27133788986980173,ego,27.102832971343048,30.653181223611377,32.0,0.868232
3977,5.55,empty_shadow,DREAM,follower_2,127,vehicle.mercedes.coupe_2020,follower,-4,left,0,[0],278.02977344323904,-201.74938320097903,30.303889255062586,-0.2037028429726097,follower_1,33.90873041155962,30.275619815417063,31.306896,0.898137
3977,5.55,empty_shadow,DREAM,follower_3,128,vehicle.audi.a2,follower,-4,left,0,[0],227.98414709994663,-201.75040353810712,28.096549497351564,-0.020484656930603546,follower_2,45.74558757161728,28.113222793167147,30.535483,0.93041
3977,5.55,empty_shadow,DREAM,follower_4,129,vehicle.mercedes.coupe_2020,follower,-4,left,0,[0],194.91557175768742,-201.749172356817,28.626677684055096,-0.2737402206151146,follower_3,28.9057740437565,28.54419239953334,29.801881,1.027143
3978,5.6000000000000005,empty_shadow,DREAM,occluder,121,vehicle.carlamotors.firetruck,occluder,-5,centre,1,[1],295.70778917324,-205.2548425884079,18.256844763723315,0.15113858759685198,lead_centre,124.25296840784131,18.250757163553242,18.42783,1.163254
3978,5.6000000000000005,empty_shadow,DREAM,lead_left,122,vehicle.tesla.model3,leader,-4,left,0,[0],445.9529095691381,-201.7497760639596,23.674403719953528,0.006904720050876318,,,23.680927559371657,24.333146,0.877731
3978,5.6000000000000005,empty_shadow,DREAM,lead_centre,123,vehicle.nissan.patrol_2021,leader,-5,centre,1,[1],427.04766953018,-205.25028993916249,19.648639029127548,-0.2061848934077515,,,19.664704579252074,20.102401,0.907738
3978,5.6000000000000005,empty_shadow,DREAM,lead_right,124,vehicle.tesla.model3,leader,-6,right,2,[2],446.38046842538006,-208.74963061368612,23.15272112595189,0.0072480171920664685,,,23.160812920426867,23.765983,1.0518
3978,5.6000000000000005,empty_shadow,DREAM,rear_centre,125,vehicle.nissan.patrol_2021,follower,-5,centre,1,[1],270.4132607929314,-205.24967762740118,17.40131310229594,0.04531869802258406,occluder,18.234899180903824,17.39137603633037,20.0,0.888602
3978,5.6000000000000005,empty_shadow,DREAM,follower_1,126,vehicle.mercedes.coupe_2020,follower,-4,left,0,[0],318.18102089852994,-201.74938838240544,30.831461850646193,-0.2574520457036953,ego,26.986471680629876,30.635310079084025,32.0,0.868232
3978,5.6000000000000005,empty_shadow,DREAM,follower_2,127,vehicle.mercedes.coupe_2020,follower,-4,left,0,[0],279.54469659133673,-201.7492783868442,30.294547158884264,-0.18684155269020494,follower_1,33.935799506986754,30.26555540893835,31.306896,0.898137
3978,5.6000000000000005,empty_shadow,DREAM,follower_3,128,vehicle.audi.a2,follower,-4,left,0,[0],229.38908492890863,-201.75041253835596,28.096105099928998,-0.008887942230897897,follower_2,45.85612219671648,28.112173996327368,30.535483,0.93041
3978,5.6000000000000005,empty_shadow,DREAM,follower_4,129,vehicle.mercedes.coupe_2020,follower,-4,left,0,[0],196.34654104283763,-201.74906566515526,28.613904282937664,-0.25546763024295976,follower_3,28.87907119568326,28.5311440600203,29.801881,1.027143
3979,5.65,empty_shadow,DREAM,occluder,121,vehicle.carlamotors.firetruck,occluder,-5,centre,1,[1],296.62087516171675,-205.25483627370278,18.26443221071702,0.15174893836753095,lead_centre,124.32294524684784,18.25817258684629,18.42783,1.163254
3979,5.65,empty_shadow,DREAM,lead_left,122,vehicle.tesla.model3,leader,-4,left,0,[0],447.1366864858595,-201.74975369959716,23.67476230960884,0.00717179373647878,,,23.68126934404106,24.333146,0.877731
3979,5.65,empty_shadow,DREAM,lead_centre,123,vehicle.nissan.patrol_2021,leader,-5,centre,1,[1],428.0298473427438,-205.2503516071857,19.639449394009016,-0.1837926942798037,,,19.654524609569762,20.102401,0.907738
3979,5.65,empty_shadow,DREAM,lead_right,124,vehicle.tesla.model3,leader,-6,right,2,[2],447.53806126159384,-208.74961718177096,23.15309687809359,0.007515043076155675,,,23.161170522380754,23.765983,1.0518
3979,5.65,empty_shadow,DREAM,rear_centre,125,vehicle.nissan.patrol_2021,follower,-5,centre,1,[1],271.28307285293954,-205.24967081639065,17.392566005986186,-0.1749419257221289,occluder,18.2775932702164,17.39391045150386,20.0,0.888602
3979,5.65,empty_shadow,DREAM,follower_1,126,vehicle.mercedes.coupe_2020,follower,-4,left,0,[0],319.72221967465896,-201.74925934580284,30.81931213303171,-0.2429939967553585,ego,26.868462029568093,30.618111856919846,32.0,0.868232
3979,5.65,empty_shadow,DREAM,follower_2,127,vehicle.mercedes.coupe_2020,follower,-4,left,0,[0],281.0591924881602,-201.74915845967206,30.286067195857882,-0.1695988314507032,follower_1,33.96268548654504,30.25631821262915,31.306896,0.898137
3979,5.65,empty_shadow,DREAM,follower_3,128,vehicle.audi.a2,follower,-4,left,0,[0],230.79396172271797,-201.75042155942637,28.096219556429713,0.002289137682448864,follower_2,45.96610751585216,28.111702291186333,30.535483,0.93041
3979,5.65,empty_shadow,DREAM,follower_4,129,vehicle.mercedes.coupe_2020,follower,-4,left,0,[0],197.77689998687163,-201.74898969928543,28.602080748405047,-0.23647028456998037,follower_3,28.853039739495088,28.518982784697002,29.801881,1.027143
3980,5.7,empty_shadow,DREAM,occluder,121,vehicle.carlamotors.firetruck,occluder,-5,centre,1,[1],297.53432735590434,-205.25481457528014,18.272038731186278,0.1521304079595974,lead_centre,124.39203707093486,18.265618643507548,18.42783,1.163254
3980,5.7,empty_shadow,DREAM,lead_left,122,vehicle.tesla.model3,leader,-4,left,0,[0],448.3204634077863,-201.74974659402292,23.67513615848196,0.007476977650383954,,,23.68162434869887,24.333146,0.877731
3980,5.7,empty_shadow,DREAM,lead_centre,123,vehicle.nissan.patrol_2021,leader,-5,centre,1,[1],429.01159790403324,-205.25039816217162,19.631407978713625,-0.16082829305261298,,,19.645450038623395,20.102401,0.907738
3980,5.7,empty_shadow,DREAM,lead_right,124,vehicle.tesla.model3,leader,-6,right,2,[2],448.6957151381657,-208.74961898782243,23.153489796043342,0.007858359111677477,,,23.161541298576537,23.765983,1.0518
3980,5.7,empty_shadow,DREAM,rear_centre,125,vehicle.nissan.patrol_2021,follower,-5,centre,1,[1],272.15282388300045,-205.24967928498984,17.39697961569545,0.08827219458975681,occluder,18.320867198685008,17.385835724055106,20.0,0.888602
3980,5.7,empty_shadow,DREAM,follower_1,126,vehicle.mercedes.coupe_2020,follower,-4,left,0,[0],321.26283861683737,-201.74913050700502,30.807891035118285,-0.22842153524238912,ego,26.74877355784068,30.60162625865216,32.0,0.868232
3980,5.7,empty_shadow,DREAM,follower_2,127,vehicle.mercedes.coupe_2020,follower,-4,left,0,[0],282.57323061613295,-201.74902342987343,30.278472252977117,-0.1518983848830165,follower_1,33.98938836585063,30.24792734585513,31.306896,0.898137
3980,5.7,empty_shadow,DREAM,follower_3,128,vehicle.audi.a2,follower,-4,left,0,[0],232.1988385165273,-201.75043058049678,28.096864256632006,0.012894012874756592,follower_2,46.07572661886627,28.11178707193644,30.535483,0.93041
3980,5.7,empty_shadow,DREAM,follower_4,129,vehicle.mercedes.coupe_2020,follower,-4,left,0,[0],199.2066791229819,-201.74899022516124,28.591235688332585,-0.21690079643996502,follower_3,28.827557589270427,28.507740714943633,29.801881,1.027143
3981,5.75,empty_shadow,DREAM,occluder,121,vehicle.carlamotors.firetruck,occluder,-5,centre,1,[1],298.4481457610081,-205.25479275192816,18.2796509737109,0.1522448491498674,lead_centre,124.46033543803674,18.273084127563415,18.42783,1.163254
3981,5.75,empty_shadow,DREAM,lead_left,122,vehicle.tesla.model3,leader,-4,left,0,[0],449.50424032971307,-201.74973948844868,23.6755176385687,0.007629603021974945,,,23.681994459847115,24.333146,0.877731
3981,5.75,empty_shadow,DREAM,lead_centre,123,vehicle.nissan.patrol_2021,leader,-5,centre,1,[1],429.9929822231742,-205.25035328935783,19.62454339593028,-0.13729163862666263,,,19.637509178123935,20.102401,0.907738
3981,5.75,empty_shadow,DREAM,lead_right,124,vehicle.tesla.model3,leader,-6,right,2,[2],449.8533079795849,-208.74962081469545,23.153892250788424,0.008049094914745382,,,23.161929013000837,23.765983,1.0518
3981,5.75,empty_shadow,DREAM,rear_centre,125,vehicle.nissan.patrol_2021,follower,-5,centre,1,[1],273.0224833551269,-205.24967252603318,17.390340138783,-0.1327895379023131,occluder,18.36456836281171,17.390437369880498,20.0,0.888602
3981,5.75,empty_shadow,DREAM,follower_1,126,vehicle.mercedes.coupe_2020,follower,-4,left,0,[0],322.8029387602178,-201.7490018451904,30.79720237055429,-0.2137728145668063,ego,26.62758948021886,30.585876636056078,32.0,0.868232
3981,5.75,empty_shadow,DREAM,follower_2,127,vehicle.mercedes.coupe_2020,follower,-4,left,0,[0],284.0869941223564,-201.74899530528904,30.27177758817171,-0.13389279348242286,follower_1,34.01596918005622,30.24040513320183,31.306896,0.898137
3981,5.75,empty_shadow,DREAM,follower_3,128,vehicle.audi.a2,follower,-4,left,0,[0],233.6037153103366,-201.7504396015672,28.097999145188595,0.02269778018494269,follower_2,46.18488795302974,28.112400179495427,30.535483,0.93041
3981,5.75,empty_shadow,DREAM,follower_4,129,vehicle.mercedes.coupe_2020,follower,-4,left,0,[0],200.63593946029428,-201.74899092802028,28.581391986960764,-0.1968736416262505,follower_3,28.80265524696945,28.49744361471995,29.801881,1.027143
3982,5.8,empty_shadow,DREAM,occluder,121,vehicle.carlamotors.firetruck,occluder,-5,centre,1,[1],299.3623608946044,-205.25477079323608,18.28725749505136,0.15213042543527983,lead_centre,124.52790135207391,18.280555960003902,18.42783,1.163254
3982,5.8,empty_shadow,DREAM,lead_left,122,vehicle.tesla.model3,leader,-4,left,0,[0],450.68801724643447,-201.7497171240863,23.675908654660578,0.007820322396318883,,,23.68237212572991,24.333146,0.877731
3982,5.8,empty_shadow,DREAM,lead_centre,123,vehicle.nissan.patrol_2021,leader,-5,centre,1,[1],430.9740613717571,-205.25032377944,19.618861372981357,-0.11364044048949797,,,19.630730336590688,20.102401,0.907738
3982,5.8,empty_shadow,DREAM,lead_right,124,vehicle.tesla.model3,leader,-6,right,2,[2],451.0109618509514,-208.74960736195874,23.154306149684174,0.008277977820948952,,,23.162326137647298,23.765983,1.0518
3982,5.8,empty_shadow,DREAM,rear_centre,125,vehicle.nissan.patrol_2021,follower,-5,centre,1,[1],273.8922038572007,-205.2496504874668,17.39675264915595,0.12825020776602758,occluder,18.40872729578905,17.38438536608249,20.0,0.888602
3982,5.8,empty_shadow,DREAM,follower_1,126,vehicle.mercedes.coupe_2020,follower,-4,left,0,[0],324.34258116077456,-201.74893437469018,30.787251860331803,-0.19900968916267087,ego,26.504848881273915,30.570878736619346,32.0,0.868232
3982,5.8,empty_shadow,DREAM,follower_2,127,vehicle.mercedes.coupe_2020,follower,-4,left,0,[0],285.60039141766356,-201.74896730563395,30.26598701230646,-0.11581100933161081,follower_1,34.04230581721325,30.233765995693993,31.306896,0.898137
3982,5.8,empty_shadow,DREAM,follower_3,128,vehicle.audi.a2,follower,-4,left,0,[0],235.00865313929864,-201.75044860181606,28.09960705546517,0.03215821414967617,follower_2,46.2937746654438,28.113502143864196,30.535483,0.93041
3982,5.8,empty_shadow,DREAM,follower_4,129,vehicle.mercedes.coupe_2020,follower,-4,left,0,[0],202.06471151638505,-201.74899179745174,28.572559179422388,-0.17665579288440514,follower_3,28.778271703466416,28.48811067811727,29.801881,1.027143
3983,5.8500000000000005,empty_shadow,DREAM,occluder,121,vehicle.carlamotors.firetruck,occluder,-5,centre,1,[1],300.276942239117,-205.25474870961466,18.294850664830225,0.15186339424365805,lead_centre,124.59476536706046,18.288022917251197,18.42783,1.163254
3983,5.8500000000000005,empty_shadow,DREAM,lead_left,122,vehicle.tesla.model3,leader,-4,left,0,[0],451.8718552035141,-201.74970999769047,23.676307305130337,0.007973011637494688,,,23.682759232081366,24.333146,0.877731
3983,5.8500000000000005,empty_shadow,DREAM,lead_centre,123,vehicle.nissan.patrol_2021,leader,-5,centre,1,[1],431.9548353445765,-205.25029437362994,19.6143714452527,-0.08979853457049744,,,19.62511921624195,20.102401,0.907738
3983,5.8500000000000005,empty_shadow,DREAM,lead_right,124,vehicle.tesla.model3,leader,-6,right,2,[2],452.16879883298134,-208.74960910554555,23.154720053289132,0.008278072577732977,,,23.162734554588525,23.765983,1.0518
3983,5.8500000000000005,empty_shadow,DREAM,rear_centre,125,vehicle.nissan.patrol_2021,follower,-5,centre,1,[1],274.76189384690343,-205.24964371809938,17.392058669347175,-0.09387959576733373,occluder,18.453221927311617,17.390911547481082,20.0,0.888602
3983,5.8500000000000005,empty_shadow,DREAM,follower_1,126,vehicle.mercedes.coupe_2020,follower,-4,left,0,[0],325.8816742553678,-201.74889760916028,30.778029964651697,-0.18443738261422488,ego,26.3807350694741,30.556651120653214,32.0,0.868232
3983,5.8500000000000005,empty_shadow,DREAM,follower_2,127,vehicle.mercedes.coupe_2020,follower,-4,left,0,[0],287.11354457235996,-201.7489393892651,30.261104338102378,-0.09765298629543963,follower_1,34.06855092246279,30.228014213233063,31.306896,0.898137
3983,5.8500000000000005,empty_shadow,DREAM,follower_3,128,vehicle.audi.a2,follower,-4,left,0,[0],236.41371303856607,-201.75045756042178,28.10166319198669,0.04112273833403677,follower_2,46.40223413178898,28.115076009786158,30.535483,0.93041
3983,5.8500000000000005,empty_shadow,DREAM,follower_4,129,vehicle.mercedes.coupe_2020,follower,-4,left,0,[0],203.49311736155963,-201.74899279181255,28.56474298552251,-0.15632355674448026,follower_3,28.754437476337664,28.47975039681271,29.801881,1.027143
3984,5.9,empty_shadow,DREAM,occluder,121,vehicle.carlamotors.firetruck,occluder,-5,centre,1,[1],301.1918898205726,-205.2548027950048,18.30242094721011,0.15140564621041028,lead_centre,124.66095799536737,18.29547752342338,18.42783,1.163254
3984,5.9,empty_shadow,DREAM,lead_left,122,vehicle.tesla.model3,leader,-4,left,0,[0],453.0556321202355,-201.74968763332808,23.67670977352991,0.008049370936527368,,,23.683153896275705,24.333146,0.877731
3984,5.9,empty_shadow,DREAM,lead_centre,123,vehicle.nissan.patrol_2021,leader,-5,centre,1,[1],432.9354872418851,-205.2502497506748,19.611065983555992,-0.06610921368262128,,,19.620685272106915,20.102401,0.907738
3984,5.9,empty_shadow,DREAM,lead_right,124,vehicle.tesla.model3,leader,-6,right,2,[2],453.3266358098059,-208.74959559034417,23.155139683077905,0.00839259560818181,,,23.16314297588259,23.765983,1.0518
3984,5.9,empty_shadow,DREAM,rear_centre,125,vehicle.nissan.patrol_2021,follower,-5,centre,1,[1],275.631736424488,-205.24963689667806,17.400260273933657,0.16403209205309788,occluder,18.498113282121352,17.38672765979277,20.0,0.888602
3984,5.9,empty_shadow,DREAM,follower_1,126,vehicle.mercedes.coupe_2020,follower,-4,left,0,[0],327.4203095863158,-201.74886099979204,30.769525236925233,-0.1700940270753369,ego,26.25540083050589,30.543198373724085,32.0,0.868232
3984,5.9,empty_shadow,DREAM,follower_2,127,vehicle.mercedes.coupe_2020,follower,-4,left,0,[0],288.62648410402187,-201.7489115457717,30.25711811882781,-0.07972391388257861,follower_1,34.09449086235966,30.22315258797317,31.306896,0.898137
3984,5.9,empty_shadow,DREAM,follower_3,128,vehicle.audi.a2,follower,-4,left,0,[0],237.8188950081389,-201.7504664773844,28.104121777426116,0.04917171528494446,follower_2,46.51032738721794,28.11709731039352,30.535483,0.93041
3984,5.9,empty_shadow,DREAM,follower_4,129,vehicle.mercedes.coupe_2020,follower,-4,left,0,[0],204.92115699581802,-201.74899391110267,28.55793577379182,-0.13614395538292084,follower_3,28.731091530430504,28.47236664979235,29.801881,1.027143
3985,5.95,empty_shadow,DREAM,occluder,121,vehicle.carlamotors.firetruck,occluder,-5,centre,1,[1],302.10726465330254,-205.2548719934322,18.309958801009156,0.15075707504154293,lead_centre,124.72666231122031,18.302910421689617,18.42783,1.163254
3985,5.95,empty_shadow,DREAM,lead_left,122,vehicle.tesla.model3,leader,-4,left,0,[0],454.23940904216226,-201.74968052775384,23.67711225100773,0.00804955461299203,,,23.683552340018494,24.333146,0.877731
3985,5.95,empty_shadow,DREAM,lead_centre,123,vehicle.nissan.patrol_2021,leader,-5,centre,1,[1],433.915956038941,-205.25022044897253,19.608929730276703,-0.04272504715499482,,,19.617421000681112,20.102401,0.907738
3985,5.95,empty_shadow,DREAM,lead_right,124,vehicle.tesla.model3,leader,-6,right,2,[2],454.4844117879155,-208.74968890748158,23.15556695482009,0.008545436864434782,,,23.16355704721485,23.765983,1.0518
3985,5.95,empty_shadow,DREAM,rear_centre,125,vehicle.nissan.patrol_2021,follower,-5,centre,1,[1],276.50170107237795,-205.2496300336136,17.39729816669238,-0.05924214448657518,occluder,18.543218285992438,17.394976712330486,20.0,0.888602
3985,5.95,empty_shadow,DREAM,follower_1,126,vehicle.mercedes.coupe_2020,follower,-4,left,0,[0],328.95854818877126,-201.74882452576392,30.76171287966231,-0.1562466365680907,ego,26.128876848518104,30.530520731802305,32.0,0.868232
3985,5.95,empty_shadow,DREAM,follower_2,127,vehicle.mercedes.coupe_2020,follower,-4,left,0,[0],290.13921002826555,-201.74892955151824,30.254009278958858,-0.062176362813236366,follower_1,34.120186661645704,30.21917001697087,31.306896,0.898137
3985,5.95,empty_shadow,DREAM,follower_3,128,vehicle.audi.a2,follower,-4,left,0,[0],239.22416853044075,-201.75047536311473,28.106952294484262,0.05661034636607049,follower_2,46.61808494930709,28.119520764492883,30.535483,0.93041
3985,5.95,empty_shadow,DREAM,follower_4,129,vehicle.mercedes.coupe_2020,follower,-4,left,0,[0],206.34889147513448,-201.7490561696533,28.552143264513244,-0.11584995027434765,follower_3,28.70823386574493,28.465950225773565,29.801881,1.027143
3986,6.0,empty_shadow,DREAM,occluder,121,vehicle.carlamotors.firetruck,occluder,-5,centre,1,[1],303.023005702154,-205.25495632571847,18.317452780977835,0.1498795990317008,lead_centre,124.79175627554628,18.31031223563435,18.42783,1.163254
3986,6.0,empty_shadow,DREAM,lead_left,122,vehicle.tesla.model3,leader,-4,left,0,[0],455.42318596408904,-201.7496734221796,23.67751283448873,0.008011678855381572,,,23.6839507925435,24.333146,0.877731
3986,6.0,empty_shadow,DREAM,lead_centre,123,vehicle.nissan.patrol_2021,leader,-5,centre,1,[1],434.8964248307915,-205.25017588848206,19.607945518690514,-0.019684215620650126,,,19.615311356766124,20.102401,0.907738
3986,6.0,empty_shadow,DREAM,lead_right,124,vehicle.tesla.model3,leader,-6,right,2,[2],455.64224880117786,-208.74978220379742,23.15599422310976,0.008545368525640515,,,23.163978658963963,23.765983,1.0518
3986,6.0,empty_shadow,DREAM,rear_centre,125,vehicle.nissan.patrol_2021,follower,-5,centre,1,[1],277.371818313355,-205.24963837728347,17.407044723864793,0.1949311437528191,occluder,18.588628470832447,17.392456005131425,20.0,0.888602
3986,6.0,empty_shadow,DREAM,follower_1,126,vehicle.mercedes.coupe_2020,follower,-4,left,0,[0],330.49645110829766,-201.74881868383073,30.75457190929588,-0.14281893254080796,ego,26.001285391620996,30.518610426583525,32.0,0.868232
3986,6.0,empty_shadow,DREAM,follower_2,127,vehicle.mercedes.coupe_2020,follower,-4,left,0,[0],291.65190545054907,-201.74899334404012,30.251758741531383,-0.04501036303458452,follower_1,34.1456993398575,30.216047707523842,31.306896,0.898137
3986,6.0,empty_shadow,DREAM,follower_3,128,vehicle.audi.a2,follower,-4,left,0,[0],240.6296251582007,-201.75048418638036,28.110108966036147,0.06313343470193697,follower_2,46.725537351248896,28.122316128493665,30.535483,0.93041
3986,6.0,empty_shadow,DREAM,follower_4,129,vehicle.mercedes.coupe_2020,follower,-4,left,0,[0],207.77635130667457,-201.74914903947726,28.547338751499346,-0.09609007172838685,follower_3,28.685772908730343,28.46050448883307,29.801881,1.027143
