frame,time_s,condition,controller,hidden_visible,hidden_lidar_hits,lidar_frame,lidar_time_s,lidar_is_new,semantic_lidar_reveal_armed,ego_station_m,ego_local_y_m,hidden_station_m,hidden_local_y_m,hidden_reference_y_m,hidden_lateral_error_m,hidden_commanded_ay_mps2,hidden_road_lateral_velocity_mps,hidden_observation_submitted,hidden_aware_plan,ego_speed_mps,ego_accel_mps2,ego_throttle,ego_brake,ego_steer,commanded_ackermann_steer_rad,target_speed_mps,steer_limit_rad,steering_envelope_active,shield_active,minimum_clearance_m,minimum_ttc_s,minimum_oriented_clearance_m,minimum_oriented_clearance_actor_role,minimum_ttc_2d_s,minimum_ttc_2d_actor_role,hidden_oriented_clearance_m,hidden_ttc_2d_s,plan_age_s,plan_source_frame,plan_status,plan_rejection_reason,new_plan,latest_plan_status,planner_total_s,planner_decision_s,planner_mpc_s,planner_field_s,low_level_updated,low_level_time_s,physics_control_cycle_time_s,physics_control_deadline_miss,occluder_station_m,ego_pass_clearance_ahead_occluder_m,hidden_pass_clearance_ahead_occluder_m,ego_target_lane_error_m,ego_centre_lane_overlap,hidden_centre_lane_overlap,concurrent_centre_lane_overlap,hidden_center_geometric_visible_now,hidden_center_los_blocked,hidden_footprint_fully_blocked,hidden_footprint_blocked_sample_count,hidden_footprint_sample_count,hidden_footprint_blocked_sample_fraction,hidden_center_in_range,hidden_center_in_horizontal_fov,hidden_center_geometric_range_m,hidden_center_geometric_bearing_rad,hidden_center_geometric_clear_streak,hidden_center_geometric_reveal_confirmed,occluder_speed_mps,occluder_accel_mps2,lead_left_speed_mps,lead_left_accel_mps2,lead_centre_speed_mps,lead_centre_accel_mps2,lead_right_speed_mps,lead_right_accel_mps2,rear_centre_speed_mps,rear_centre_accel_mps2,follower_1_speed_mps,follower_1_accel_mps2,follower_2_speed_mps,follower_2_accel_mps2,follower_3_speed_mps,follower_3_accel_mps2,follower_4_speed_mps,follower_4_accel_mps2
3690,0.05,empty_shadow,ADA,0,0,3689,,0,0,180.88976518998263,-201.7489555523681,,,,,,,0,0,32.56000591830123,0.0,0.56830233335495,0.0,-0.0017709070816636086,-0.002163571072742343,32.49878928629689,0.0067206206143526305,0,0,7.361400800164801,13.095015412595755,7.361376486453886,occluder,,,,,0.05,3689,ok,accepted,1,ok,0.513745,0.0008100999984890223,0.4793173000216484,0.032867100002476946,1,0.0011921000000008064,0.014334099999999239,0,194.84225595333106,-20.6327023073853,,3.501044447631898,0,0,0,,,,,,,,,,,,0,18.449162660530316,0.16277330861658604,22.385457279148753,0.32489760743814533,21.550738681341944,0.8540723436257368,24.364482411419274,1.74743672304224,16.93737703634912,-0.13359074721519457,31.237887838121594,1.261501317501774,32.314443709734476,2.1241762811186287,30.65486909399536,0.18516532597698335,31.884513947970195,2.0540239353437513
3691,0.1,empty_shadow,ADA,0,0,3690,0.05,1,0,182.51888503069833,-201.7485828992805,,,,,,,0,0,32.60190203164614,0.8379222668982322,0.5618324875831604,0.0,-0.0017709070816636086,-0.002163571072742343,32.49878928629689,0.006703359135335508,0,0,6.664465613429273,13.020614169360302,6.664302765556745,occluder,,,,,0.1,3689,ok,accepted,0,ok,0.513745,0.0008100999984890223,0.4793173000216484,0.032867100002476946,0,0.0011921000000008064,0.011049100000001033,0,195.76492446078151,-19.92625097412005,,3.501417100719493,0,0,0,,,,,,,,,,,,0,18.45681304622994,0.15300771012006634,22.40831875212713,0.4572294610629784,21.5759232991448,0.5036923591892775,24.431027907498482,1.3309099220360676,16.933716832352204,-0.0732040799448648,31.285887988350012,0.9602519991195888,32.39673818294106,1.6458894652408271,30.667901999771065,0.260658115707492,31.9638310466258,1.586341973266682
3692,0.15000000000000002,empty_shadow,ADA,0,0,3691,0.1,1,0,184.1495306461237,-201.74790454989054,,,,,,,0,0,32.62247505129695,0.4114603930162275,0.5578063726425171,0.0,-0.001568916835822165,-0.001916793524287641,32.19878909783615,0.006694907248613093,0,0,5.96871536260858,12.976378889223612,5.968393346556811,occluder,,,,,0.15000000000000002,3689,ok,accepted,0,ok,0.513745,0.0008100999984890223,0.4793173000216484,0.032867100002476946,1,0.001234100000001348,0.010536399999999446,0,196.6879896915191,-19.218670589432264,,3.502095450109465,0,0,0,,,,,,,,,,,,0,18.463963708014912,0.14301323213136555,22.433402287071473,0.5016707002240689,21.58671887582738,0.21591153848302055,24.478780297929035,0.9550478093671447,16.932597215577935,-0.022392335483550088,31.322633069208646,0.7350832655557448,32.45747579795318,1.2147523005209788,30.68146132981002,0.2711866019998274,32.022173028500895,1.1668396372525822
3693,0.2,empty_shadow,ADA,0,0,3692,0.15000000000000002,1,0,185.77968787621973,-201.74692119130953,,,,,,,0,0,32.600683886699535,-0.43582329194833846,0.5586835145950317,0.0,-0.001568916835822165,-0.001916793524287641,32.19878909783615,0.006703860080100712,0,0,5.276983265598349,12.984120091839447,5.276532390520666,occluder,,,,,0.2,3689,ok,accepted,0,ok,0.513745,0.0008100999984890223,0.4793173000216484,0.032867100002476946,0,0.001234100000001348,0.011198199999999048,0,197.61139061559655,-18.511914283413688,,3.503078808690475,0,0,0,,,,,,,,,,,,0,18.470601295267713,0.13275174170934495,22.456788281361717,0.46771988715682994,21.585542022793085,-0.023537054206853814,24.50996164349446,0.6236269123859083,16.93361955174177,0.020446723290370988,31.350712044762723,0.5617021327231004,32.49941839593219,0.8388519594270935,30.691900233177353,0.20877807034345786,32.06221208936569,0.800781217054187
3694,0.25,empty_shadow,ADA,0,0,3693,0.2,1,0,187.40865478029264,-201.74552625146814,,,,,,,0,0,32.57878799358944,-0.4379178622019708,0.5833871960639954,0.0,-0.0010655386140570045,-0.0013018009485676885,31.89878825871223,0.006712874038668921,0,0,4.591411840492699,12.986535017637793,4.590926527447038,occluder,,,,,0.25,3689,ok,accepted,0,ok,0.513745,0.0008100999984890223,0.4793173000216484,0.032867100002476946,1,0.0015289000000002773,0.012527300000002128,0,198.53512723301384,-17.806683996758068,,3.504473748531865,0,0,0,,,,,,,,,,,,0,18.47670673350395,0.12210876196467155,22.475699636923643,0.37822711234305756,21.574134150600006,-0.2281574361281232,24.52694277931832,0.3396227180405437,16.93648438694839,0.05729670416417695,31.371701312664175,0.4198597027634176,32.52501119790808,0.5118560393286754,30.696111638795376,0.08422811787988065,32.086206529448916,0.4798888018698776
3695,0.3,empty_shadow,ADA,0,0,3694,0.25,1,1,189.04027654693547,-201.74364212466747,,,,,,,0,0,32.67097053343702,1.8436507969516924,0.5934031009674072,0.0,-0.0010655386140570045,-0.0013018009485676885,31.89878825871223,0.006675047285302946,0,0,3.9106734548573456,12.835859940239143,3.9103180174793066,occluder,,,,,0.3,3689,ok,accepted,0,ok,0.513745,0.0008100999984890223,0.4793173000216484,0.032867100002476946,0,0.0015289000000002773,0.013151600000000485,0,199.4591079910419,-17.09904298814328,,3.506357875332526,0,0,0,,,,,,,,,,,,0,18.482268579363712,0.11123691495645457,22.488810744625052,0.26222215472469257,21.553708331959733,-0.4085163634202355,24.53190571129934,0.09925864157817647,16.940991449589305,0.09014125286505394,31.386389803521297,0.29380779790548534,32.53624166068082,0.224609255685899,30.69216721964192,-0.07888837528173792,32.09616288001038,0.19912701240192268
3696,0.35000000000000003,empty_shadow,ADA,0,0,3695,0.30000000000000004,1,1,190.67577387920224,-201.7412683944765,,,,,,,0,0,32.733274677174904,1.2460828747576613,0.48952725529670715,0.0,-0.0003923888725694269,-0.0004793934349436313,31.598787291760285,0.006649661799448388,0,0,3.2382864563762235,12.717029957440126,3.2383288509219783,occluder,,,,,0.35000000000000003,3689,ok,accepted,0,ok,0.513745,0.0008100999984890223,0.4793173000216484,0.032867100002476946,1,0.0011795999999968387,0.011100199999997784,0,200.38336340725712,-16.387801072091747,,3.508731605523508,0,0,0,,,,,,,,,,,,0,18.4872696664654,0.10002174037522471,22.496131140961605,0.14640792789807014,21.525096172063368,-0.5722431874661994,24.526700568400898,-0.10410285542019902,16.947012947281245,0.12042995389466848,31.39506127709308,0.1734433344540992,32.53482639885665,-0.02830523537611801,30.67959586133597,-0.25142715636942914,32.09378631058809,-0.047531385745687715
3697,0.4,empty_shadow,ADA,0,0,3696,0.35000000000000003,1,1,192.31349882797002,-201.73840562307714,,,,,,,0,0,32.766778397894214,0.6700744143861925,0.41103535890579224,0.0,-0.0003923888725694269,-0.0004793934349436313,31.598787291760285,0.006636070718530873,0,0,2.5852108757618337,12.628710922490365,2.5860769639036514,occluder,,,,,0.4,3689,ok,accepted,1,ok,0.3194894,0.0007798000006005168,0.31126399998902343,0.0070254000020213425,0,0.0011795999999968387,0.011024600000002494,0,201.30786296408314,-15.674575680149985,,3.511594376922858,0,0,0,,,,,,,,,,,,0,18.49169092026982,0.08842507512101855,22.498645019749933,0.05027757670977805,21.488892764586765,-0.7240681384939194,24.512784565022606,-0.2783200643690573,16.954453511272973,0.14881127992405388,31.397725107966725,0.05327827697367667,32.52217303531566,-0.2530672683208814,30.65927303764687,-0.4064564627573353,32.08048825974531,-0.26596101223202345
3698,0.45,empty_shadow,ADA,0,0,3697,0.4,1,1,193.95213914266125,-201.73506951692104,,,,,,,0,0,32.777031199545874,0.20505603303320186,0.3530805706977844,0.0,0.00033700434141792357,0.0004117284552194178,31.2987867324315,0.00663191990451849,0,0,1.9738991965070392,12.565157558805822,1.9762915049731746,occluder,,,,,0.45,3689,ok,accepted,0,ok,0.3194894,0.0007798000006005168,0.31126399998902343,0.0070254000020213425,1,0.0012029999999967345,0.011564199999998692,0,202.23254562636725,-14.960618027742868,,3.514930483078956,0,0,0,,,,,,,,,,,,0,18.495522803939316,0.07663767314092203,22.49784392706139,-0.016021852939180625,21.445588297610122,-0.8660893277466961,24.491263963416102,-0.43041202822420616,16.96322349776996,0.17539973001608694,31.394261224282655,-0.06927738323708171,32.49942216517556,-0.45501739860662127,30.63295732494069,-0.526314242814885,32.05737117527723,-0.4623416824673439
3699,0.5,empty_shadow,ADA,0,0,3698,0.45,1,1,195.5906572465016,-201.73132146512734,,,,,,,0,0,32.769112936185635,-0.15836526720477195,0.308418869972229,0.0,0.00033700434141792357,0.0004117284552194178,31.2987867324315,0.006635125245598806,0,0,1.4596098870697358,12.521683268599919,1.4646492579166832,occluder,,,,,0.5,3689,ok,accepted,0,ok,0.3194894,0.0007798000006005168,0.31126399998902343,0.0070254000020213425,0,0.0012029999999967345,0.012064399999999864,0,203.15744193771275,-14.24699623524802,,3.518678534872663,0,0,0,,,,,,,,,,,,0,18.498748152054954,0.06450696275904483,22.495265185948732,-0.05157482153591522,21.395634813029762,-0.9990696793576622,24.462970367641077,-0.5658719108176204,16.973223724606704,0.20000453680708255,31.384570759926756,-0.1938011072934646,32.467470242840704,-0.639038440636213,30.602788769365937,-0.6033711009638257,32.02530480781322,-0.6413273395684704
3700,0.55,empty_shadow,ADA,0,0,3699,0.5,1,1,197.2283207384802,-201.72722275270738,,,,,,,0,0,32.747174739786516,-0.43876392798239294,0.27098336815834045,0.0,0.0010261050192639232,0.0012536237481981516,30.998785117431037,0.006644018052860828,0,0,1.1766053275171153,12.494664815358655,1.1849751273692521,occluder,,,,,0.55,3689,ok,accepted,0,ok,0.3194894,0.0007798000006005168,0.31126399998902343,0.0070254000020213425,1,0.0014034999999985587,0.01042980000000071,0,204.08242981219806,-13.53432061775473,,3.5227772472926233,0,0,0,,,,,,,,,,,,0,18.50135742340479,0.05218542808863078,22.492175275217274,-0.06179821394132495,21.339497704127155,-1.1227421655861565,24.428550368374896,-0.688399979971636,16.984318769825737,0.22190090445299948,31.36864277324987,-0.318536436790488,32.427045875146824,-0.8084873455471275,30.570829215270532,-0.639191072811655,31.984998691988885,-0.8061223040751995
3701,0.6000000000000001,empty_shadow,ADA,0,0,3700,0.55,1,1,198.86448878593148,-201.72288040980473,,,,,,,0,0,32.71426370373334,-0.6582207210635715,0.23684720695018768,0.0,0.0010261050192639232,0.0012536237481981516,30.998785117431037,0.006657392344300248,0,0,1.1681071653466404,12.481416257675125,1.174876507733615,occluder,,,,,0.6000000000000001,3689,ok,accepted,0,ok,0.3194894,0.0007798000006005168,0.31126399998902343,0.0070254000020213425,0,0.0014034999999985587,0.009628299999999257,0,205.00757027456513,-12.823293032670506,,3.5271195901952694,0,0,0,,,,,,,,,,,,0,18.50333344970678,0.0395205275863856,22.48937718879842,-0.055961727738954054,21.277674789725232,-1.2364582759432645,24.388534208604163,-0.8003231893475666,16.996348416190504,0.2405929273626147,31.34659042129378,-0.4410036361989023,32.37877848748073,-0.9653477426390544,30.538734242401453,-0.6418994504476273,31.937047920235788,-0.959015419494566
3702,0.6500000000000001,empty_shadow,ADA,0,0,3701,0.6000000000000001,1,1,200.49873418442965,-201.7184166524757,,,,,,,0,0,32.67246769156845,-0.8359202432977497,0.20321312546730042,0.0,0.001590906409546733,0.0019436588045209646,30.698784306880576,0.006674435572980251,0,0,1.1726367792434473,12.479880673671772,1.1765522363829182,occluder,,,,,0.6500000000000001,3689,ok,accepted,0,ok,0.3194894,0.0007798000006005168,0.31126399998902343,0.0070254000020213425,1,0.001188599999998985,0.014916500000001776,0,205.93274124930318,-12.114218608910392,,3.531583347524304,0,0,0,,,,,,,,,,,,0,18.5046686029969,0.026703067555099425,22.487183732591546,-0.04386912360916111,21.21068487126087,-1.339798359190161,24.34335485703334,-0.9035870244313136,17.00913337155229,0.25569910733233836,31.318631827272277,-0.5591056819981537,32.323251728825056,-1.1105351600619413,30.507583410533023,-0.6230166326912816,31.881999902231286,-1.1009603415526237
3703,0.7000000000000001,empty_shadow,ADA,0,0,3702,0.65,1,1,202.13066025233064,-201.71396894515397,,,,,,,0,0,32.623094867770796,-0.9874564759530813,0.16887550055980682,0.0,0.001590906409546733,0.0019436588045209646,30.698784306880576,0.006694652861320016,0,0,1.1771350739340107,12.488518959926848,1.1784561600272938,occluder,,,,,0.7000000000000001,3689,ok,accepted,0,ok,0.3194894,0.0007798000006005168,0.31126399998902343,0.0070254000020213425,0,0.001188599999998985,0.01023400000000052,0,206.85794273641216,-11.407494028118379,,3.5360310548460347,0,0,0,,,,,,,,,,,,0,18.505343810856914,0.013504158872444652,22.485509074982005,-0.03349315166177465,21.139090616941346,-1.4318850786221562,24.293443373265884,-0.9982296679120947,17.022475273272487,0.26683803447780663,31.285076673354816,-0.6710134556166195,32.26100728677948,-1.2448888257383761,30.477866908596845,-0.5943300360919292,31.820354362998327,-1.2329107627472558
3704,0.7500000000000001,empty_shadow,ADA,0,0,3703,0.7000000000000001,1,1,203.75993128588388,-201.7095068847817,,,,,,,0,0,32.56698641477352,-1.122169059945577,0.13470076024532318,0.0,0.00025126326363533735,0.0003069759695790708,31.470862607889565,0.0067177399775879615,0,0,1.181678239251454,12.506075545881632,1.180914842956238,occluder,,,,,0.45000000000000007,3695,ok,accepted,1,ok,0.3477548,0.0007615000067744404,0.3211891000100877,0.025450100016314536,1,0.0012399000000016258,0.010099199999999087,0,207.78314423393192,-10.703424492084906,,3.540493115218311,0,0,0,,,,,,,,,,,,0,18.505349537361976,0.00011453152561011455,22.484017523394158,-0.02983103129800117,21.06344706515642,-1.5128710303875883,24.239200297699746,-1.0848615046313057,17.03618147894739,0.27412411356480715,31.246322351064528,-0.7749747464454577,32.19258303361515,-1.3684850459177853,30.449582829358906,-0.5656815836884708,31.752660620144244,-1.3538748326190977
3705,0.8,empty_shadow,ADA,0,0,3704,0.75,1,1,205.3862421457636,-201.7051373869839,,,,,,,0,0,32.504726755901046,-1.2451931774494085,0.10079864412546158,0.0,0.00025126326363533735,0.0003069759695790708,31.470862607889565,0.006743498205810887,0,0,1.1861288524051758,12.531510118844313,1.1837415158877145,occluder,,,,,0.5,3695,ok,accepted,0,ok,0.3477548,0.0007615000067744404,0.3211891000100877,0.025450100016314536,0,0.0012399000000016258,0.008165000000001754,0,208.70831521387535,-10.002284612148628,,3.5448626130161074,0,0,0,,,,,,,,,,,,0,18.50467624302064,-0.013465886909571213,22.48229136754719,-0.03452311645532253,20.983840046688375,-1.5921403666029685,24.181035710497028,-1.1632917382106098,17.050063160940987,0.2776336399354324,31.202821483686435,-0.8698865099281007,32.118566432699254,-1.480331998715548,30.42242981127176,-0.543060361545286,31.679502324005014,-1.4631658972622874
3706,0.8500000000000001,empty_shadow,ADA,0,0,3705,0.8,1,1,207.0092266418751,-201.70092161184263,,,,,,,0,0,32.43676063570636,-1.359322403893799,0.0670834556221962,0.0,0.0002659893943928182,0.000324967346386984,31.170860736125334,0.006771786825395368,0,0,1.1904104737034515,12.563990884680797,1.1867648421135684,occluder,,,,,0.55,3695,ok,accepted,0,ok,0.3477548,0.0007615000067744404,0.3211891000100877,0.025450100016314536,1,0.0020424999999981708,0.017300300000002267,0,209.6335167061897,-9.304501608351472,,3.549078388157369,0,0,0,,,,,,,,,,,,0,18.50331057751048,-0.027313311767788926,22.479947231205436,-0.046882726612159864,20.899306350642963,-1.6906739205690153,24.119353968848866,-1.2336348285353393,17.06396010194988,0.2779388202361832,31.15506664488929,-0.9549509049987399,32.03958690936338,-1.5795904450687621,30.396009218821817,-0.5284118493103919,31.601512714487313,-1.5597921642389287
3707,0.9000000000000001,empty_shadow,ADA,0,0,3706,0.8500000000000001,1,1,208.62870167917112,-201.69689013939887,,,,,,,0,0,32.363436913081294,-1.4664744525012452,0.033995650708675385,0.0,0.0002659893943928182,0.000324967346386984,31.170860736125334,0.006802505429270802,0,0,1.1945230823247073,12.602980054227748,1.1899211449734683,occluder,,,,,0.6000000000000001,3695,ok,accepted,0,ok,0.3477548,0.0007615000067744404,0.3211891000100877,0.025450100016314536,0,0.0020424999999981708,0.009026700000003274,0,210.55862665098044,-8.610136515846193,,3.5531098606011255,0,0,0,,,,,,,,,,,,0,18.501244912334748,-0.041313306375557794,22.476746695320227,-0.06401071727555953,20.81151681342101,-1.7557907454621928,24.054567060388433,-1.2957381662244238,17.07771589804486,0.2751159219856024,31.1035693580551,-1.029789867365271,31.956285333541732,-1.6660314933758764,30.369973914887282,-0.5207060784695796,31.519323124010015,-1.6437917833442302
3708,0.9500000000000001,empty_shadow,ADA,0,0,3707,0.9,1,1,210.2443621079151,-201.6931193677013,,,,,,,0,0,32.28506120650812,-1.5675141314635255,0.0015912577509880066,0.0,0.0003653671592473984,0.0004463801742531359,30.870860694763174,0.00683557222270586,0,0,1.1983597626439177,12.648198073037493,1.1940421287913823,occluder,,,,,0.65,3695,ok,accepted,0,ok,0.3477548,0.0007615000067744404,0.3211891000100877,0.025450100016314536,1,0.001180800000000204,0.00934000000000168,0,211.4836450378367,-7.91949447395848,,3.556880632298686,0,0,0,,,,,,,,,,,,0,18.498471616302897,-0.05546592568383157,22.47260965116704,-0.08274088263528397,20.722033555255194,-1.7896651655266789,23.98601885610999,-1.3709640844204702,17.091200851113822,0.2696990613789482,31.048848638918212,-1.0942538780032478,31.869317834750266,-1.7393499528264353,30.344161773410598,-0.5162428285091157,31.433557256311037,-1.7153173289855963
3709,1.0,empty_shadow,ADA,0,0,3708,0.9500000000000001,1,1,211.85584172239624,-201.68962468046743,,,,,,,0,0,32.19724428123793,-1.7563385054037894,0.0,0.029677864164114,0.0003653671592473984,0.0004463801742531359,30.870860694763174,0.006872909497450085,0,0,1.2019356901630829,12.70572088488734,1.1981588827972147,occluder,,,,,0.7,3695,ok,accepted,0,ok,0.3477548,0.0007615000067744404,0.3211891000100877,0.025450100016314536,0,0.001180800000000204,0.009338400000000746,0,212.40844980686396,-7.232819628504586,,3.560375319532568,0,0,0,,,,,,,,,,,,0,18.49498306197834,-0.06977109280276696,22.467621929907214,-0.09975442481173713,20.631890358487457,-1.8028639374089002,23.913112355501255,-1.4581300126426762,17.104304334427326,0.26206966633590045,30.991423368338477,-1.1483456457947023,31.779319559892034,-1.7999654743108593,30.31861094130634,-0.5110166399255298,31.3448540733027,-1.7740636370461769
3710,1.05,empty_shadow,ADA,0,0,3709,1.0,1,1,213.462713281751,-201.6864214822363,,,,,,,0,0,32.10068017791491,-1.9312820664603692,0.0,0.05562563240528107,0.0004778947914019227,0.0005838586366735399,30.570860949524356,0.006914320049621226,0,0,1.2052201807333631,12.77537957843718,1.2019886379013172,occluder,,,,,0.75,3695,ok,accepted,0,ok,0.3477548,0.0007615000067744404,0.3211891000100877,0.025450100016314536,1,0.0014046999999983711,0.011275000000001256,0,213.33310198800945,-6.550600250295304,,3.5635785177636876,0,0,0,,,,,,,,,,,,0,18.490777341094127,-0.08411442551238667,22.46196854355876,-0.11306772655787738,20.54188068023794,-1.8001935657034218,23.837316216814745,-1.515922775236128,17.116929073835855,0.25249478817649695,30.931808485077596,-1.1921437270923925,31.686509854602683,-1.85619408398195,30.29356365241604,-0.5009457741281609,31.25348060423376,-1.8274693610355492
3711,1.1,empty_shadow,ADA,0,0,3710,1.05,1,1,215.06445797677074,-201.68347943241483,,,,,,,0,0,31.997454616347575,-2.0645112313466996,0.0,0.07655911147594452,0.0004778947914019227,0.0005838586366735399,30.570860949524356,0.006959002531169259,0,0,1.2081978610480348,12.855272029070646,1.2055276224626084,occluder,,,,,0.8,3695,ok,accepted,0,ok,0.3477548,0.0007615000067744404,0.3211891000100877,0.025450100016314536,0,0.0014046999999983711,0.010035199999997246,0,214.2574184601989,-5.873172027465017,,3.5665205675851723,0,0,0,,,,,,,,,,,,0,18.485848730935533,-0.09857221264321533,22.455891725494904,-0.12153636085104112,20.45265492641341,-1.784515074663,23.759946512828378,-1.5473940809791977,17.12899114519636,0.2412414271738261,30.870511183922172,-1.2258023095271222,31.59115384064214,-1.9071202591680771,30.269389931584904,-0.4834744114347384,31.159600881474212,-1.8775944382829197
3712,1.1500000000000001,empty_shadow,ADA,0,0,3711,1.1,1,1,216.66095376317696,-201.68087486658692,,,,,,,0,0,31.88903415635103,-2.168409199930892,0.0,0.09427302330732346,0.0005495920195244253,0.000671453308314085,30.300861572049165,0.007006401660416654,0,0,1.2107770742703394,12.944223401877943,1.2086905304760598,occluder,,,,,0.8500000000000001,3695,ok,accepted,0,ok,0.3477548,0.0007615000067744404,0.3211891000100877,0.025450100016314536,1,0.0013244999999990625,0.016142200000000884,0,215.1815823236851,-5.200840104544994,,3.569125133413081,0,0,0,,,,,,,,,,,,0,18.480183883699404,-0.11329695383499137,22.449650875937504,-0.12481699076574923,20.36479674491686,-1.7571636246198377,23.681926401174167,-1.560402233341311,17.140419976807937,0.2285766321525663,30.808008049165945,-1.2499327701223681,31.494565681328705,-1.9317631684389085,30.246509394812378,-0.4576107289089251,31.06450999512545,-1.9018177138459487
3713,1.2000000000000002,empty_shadow,ADA,0,0,3712,1.1500000000000001,1,1,218.25189547561695,-201.67863840643676,,,,,,,0,0,31.776435918231556,-2.251964762389491,0.0,0.10944479703903198,0.0005495920195244253,0.000671453308314085,30.300861572049165,0.007056141667385104,0,0,1.2130035551216167,13.041562427887618,1.2115244555614315,occluder,,,,,0.9000000000000001,3695,ok,accepted,0,ok,0.3477548,0.0007615000067744404,0.3211891000100877,0.025450100016314536,0,0.0013244999999990625,0.011086999999999847,0,216.1054104990368,-4.533726567456711,,3.571361593563239,0,0,0,,,,,,,,,,,,0,18.473708414927017,-0.12950938277872864,22.443438636175046,-0.12424479482402853,20.278828749941113,-1.7193598897560503,23.60396923010547,-1.5591434201268746,17.15115262617684,0.21465298743098343,30.744787039109003,-1.264306646287544,31.397893600958483,-1.9334415924058872,30.225305419379005,-0.4240795007284352,30.969352354686606,-1.903152799448413
3714,1.2500000000000002,empty_shadow,ADA,0,0,3713,1.2000000000000002,1,1,219.8371303700473,-201.67631234037296,,,,,,,0,0,31.66064125442339,-2.3158932761633366,0.0,0.12132252007722855,-0.0033389520831406116,-0.004079299513250589,30.915855861955322,0.007107848152288502,0,0,1.2153197668158668,13.146542844007469,1.21378073369354,occluder,,,,,0.6500000000000001,3701,ok,accepted,1,ok,0.4984116,0.000672499998472631,0.4721057999995537,0.025294699997175485,1,0.001247699999996854,0.009850899999999996,0,217.02887246347234,-3.8719536374618997,,3.5736876596270406,0,0,0,,,,,,,,,,,,0,18.46638799178732,-0.14640846826262077,22.437405687600503,-0.12065897130518916,20.195233500445372,-1.6719049752137018,23.526656741193527,-1.5462497751270505,17.161128059124607,0.1995086589806118,30.681297922840052,-1.2696866126239552,31.301995907064352,-1.9179538663165643,30.20608508761569,-0.3844066263371151,30.874976730536275,-1.88751247717405
3715,1.3,empty_shadow,ADA,0,0,3714,1.25,1,1,221.41644478179043,-201.6737746709656,,,,,,,0,0,31.542579558758074,-2.361233913306293,0.0,0.13000816106796265,-0.0033389520831406116,-0.004079299513250589,30.915855861955322,0.007161154283167024,0,0,1.217832447994823,13.258338492593184,1.2153106467699675,occluder,,,,,0.7,3701,ok,accepted,0,ok,0.4984116,0.000672499998472631,0.4721057999995537,0.025294699997175485,0,0.001247699999996854,0.01180180000000064,0,217.95196821178627,-3.2157349740326993,,3.5762253290344006,0,0,0,,,,,,,,,,,,0,18.45822452134464,-0.16326941250176977,22.431637859730298,-0.11535655693436006,20.113400644541496,-1.6366570982395645,23.45050391959361,-1.5230564271333433,17.170313848469245,0.18371578694682003,30.61798091492502,-1.2662627214629454,31.207029002217674,-1.8993380886378093,30.189021968487886,-0.34126237266885356,30.78144606532592,-1.8706133012841846
3716,1.35,empty_shadow,ADA,0,0,3715,1.3,1,1,222.98989971476675,-201.67093382466408,,,,,,,0,0,31.42302064586562,-2.3911782578490914,0.0,0.13602419197559357,-0.003585855010896921,-0.0043809483759105206,30.61952752969842,0.007215749859625458,0,0,1.2206484726403914,13.376232548199892,1.216394878372326,occluder,,,,,0.75,3701,ok,accepted,0,ok,0.4984116,0.000672499998472631,0.4721057999995537,0.025294699997175485,1,0.0011931999999994503,0.012126200000000864,0,218.87457567887864,-2.5648875081487574,,3.5790661753359245,0,0,0,,,,,,,,,,,,0,18.44923326229673,-0.17982518291948082,22.426179022390603,-0.10917674659492331,20.03285143819445,-1.6109841015519706,23.375987601744527,-1.4903263502028559,17.178668032845025,0.1670836875745799,30.555262884456294,-1.2543009064405017,31.112849835512883,-1.8835833288919537,30.174165652737518,-0.29712630444057203,30.68869550899888,-1.8550111256095165
3717,1.4000000000000001,empty_shadow,ADA,0,0,3716,1.35,1,1,224.55734251342443,-201.667591489276,,,,,,,0,0,31.302694467264068,-2.406523572031034,0.0,0.1393168419599533,-0.003585855010896921,-0.0043809483759105206,30.61952752969842,0.007271328577109977,0,0,1.2239813909116037,13.499441792220608,1.21739913488922,occluder,,,,,0.8,3701,ok,accepted,0,ok,0.4984116,0.000672499998472631,0.4721057999995537,0.025294699997175485,0,0.0011931999999994503,0.010457800000001072,0,219.7967559051075,-1.9196249357199235,,3.582408510724008,0,0,0,,,,,,,,,,,,0,18.439444733056703,-0.19577058523524477,22.421025360839234,-0.1030732310974847,19.954079880405235,-1.5754311277847408,23.30354075706971,-1.4489368855412446,17.186165818168075,0.14995570650358178,30.493534493843153,-1.2345243967040154,31.01987420885593,-1.8595125304089826,30.1614684559568,-0.2539439248068385,30.597171381193352,-1.830482556289662
3718,1.4500000000000002,empty_shadow,ADA,0,0,3717,1.4000000000000001,1,1,226.11880365369674,-201.66362558408517,,,,,,,0,0,31.182253584948164,-2.4088176463180844,0.0,0.14018502831459045,-0.0031583148520439863,-0.003858609590679407,30.35320412821727,0.007327605795960554,0,0,1.2279227971805824,13.62720299035687,1.2186285429583352,occluder,,,,,0.8500000000000001,3701,ok,accepted,0,ok,0.4984116,0.000672499998472631,0.4721057999995537,0.025294699997175485,1,0.0013329999999989184,0.016638300000000328,0,220.71841732733304,-1.2798252176731637,,3.5863744159148325,0,0,0,,,,,,,,,,,,0,18.428885635692094,-0.21118194655674713,22.416167341302234,-0.09716039051202673,19.87767534037294,-1.5280907715502257,23.23355820726236,-1.39965098760589,17.192797668743847,0.13263701153609192,30.4331902654227,-1.2068553337721288,30.928634272967624,-1.824798716979956,30.150794956665894,-0.21346997476026444,30.50738103693525,-1.7958068855322282
3719,1.5000000000000002,empty_shadow,ADA,0,0,3718,1.4500000000000002,1,1,227.6741914995684,-201.65879199971315,,,,,,,0,0,31.062328610145475,-2.3984994960537875,0.0,0.13852648437023163,-0.0031583148520439863,-0.003858609590679407,30.35320412821727,0.007384293588159438,0,0,1.2327473496344794,13.758700165126076,1.2204906090074519,occluder,,,,,0.9000000000000001,3701,ok,accepted,0,ok,0.4984116,0.000672499998472631,0.4721057999995537,0.025294699997175485,0,0.0013329999999989184,0.011755399999998417,0,221.63946840323698,-0.6454884477054463,,3.591208000286855,0,0,0,,,,,,,,,,,,0,18.417584581409823,-0.22602108415389147,22.411595429529875,-0.09143823576097317,19.804143263695718,-1.4706415056673556,23.164470204161372,-1.3817600531929042,17.198559768191515,0.11524198898157771,30.374582823306614,-1.1721311716272544,30.839639289990036,-1.7798996598250347,30.141981122193688,-0.1762766785563544,30.41982420126542,-1.7511367129713067
3720,1.55,empty_shadow,ADA,0,0,3719,1.5,1,1,229.22371964284147,-201.65299911055547,,,,,,,0,0,30.943528933387846,-2.375993535152574,0.0,0.13461749255657196,-0.0022402461618185043,-0.002736977068707347,30.11690537943539,0.007441100513026546,0,0,1.2385161354798697,13.893047175366119,1.2232648413493379,occluder,,,,,0.95,3701,ok,accepted,0,ok,0.4984116,0.000672499998472631,0.4721057999995537,0.025294699997175485,1,0.0012329999999991514,0.015007100000001827,0,222.55997015756122,-0.016462058756616216,,3.59700088944453,0,0,0,,,,,,,,,,,,0,18.40557971567528,-0.24009731262320175,22.4073019951489,-0.08586868877308947,19.73394332199615,-1.4039988079850403,23.096477020459712,-1.3598636658117174,17.20345783878521,0.09796141189859887,30.318043878902074,-1.1307698947167548,30.75336418975525,-1.7255020050754317,30.134876272377,-0.14209698552321065,30.334981525785143,-1.6968535075765265
3721,1.6,empty_shadow,ADA,0,0,3720,1.55,1,1,230.76723544358038,-201.64609438078423,,,,,,,0,0,30.826415766923287,-2.3422633292911854,0.0,0.12839271128177643,-0.0022402461618185043,-0.002736977068707347,30.11690537943539,0.007497745023616319,0,0,1.3855044699128325,14.029388197919145,1.372262829290421,occluder,,,,,1.0,3701,ok,accepted,0,ok,0.4984116,0.000672499998472631,0.4721057999995537,0.025294699997175485,0,0.0012329999999991514,0.014400699999999489,0,223.47989207793486,0.6071318216086468,,3.603905619215766,0,0,0,,,,,,,,,,,,0,18.39290918737721,-0.25341056393321404,22.403285128634714,-0.08033733057309385,19.66749322395485,-1.329001938401663,23.030047864204107,-1.3285831178550578,17.207497601298844,0.08079525031790961,30.263888054832314,-1.0831131950876443,30.67027627234014,-1.6617583478476152,30.129327817159403,-0.11096909465703432,30.253308866759056,-1.6334531762178648
3722,1.6500000000000001,empty_shadow,ADA,0,0,3721,1.6,1,1,232.30507463156266,-201.6381845073981,,,,,,,0,0,30.71171755380798,-2.2939642623061474,0.0,0.11926577985286713,0.0004985819687135518,0.0006091328104957938,30.493045954595974,0.007553850721400939,0,0,1.7530286237820105,14.16649619127859,1.7439080087340526,occluder,,,,,0.55,3711,ok,accepted,1,ok,0.3959191,0.00066230000811629,0.3630008999898564,0.031693800003267825,1,0.0012322000000004607,0.009968000000000643,0,224.3991426116288,1.225720475896992,,3.6118154926018917,0,0,0,,,,,,,,,,,,0,18.379609235359904,-0.2659990384451285,22.399563900614123,-0.07442456000071726,19.60516108632306,-1.2466427357784169,22.965598537026956,-1.2889865372002336,17.21070576151658,0.06416320436103862,30.21239761171624,-1.0298084572174593,30.59080659879776,-1.5893934686868154,30.12522322144989,-0.08209190634341339,30.175237284784906,-1.5614316324403485
3723,1.7000000000000002,empty_shadow,ADA,0,0,3722,1.6500000000000001,1,1,233.83726774518624,-201.62933051513906,,,,,,,0,0,30.60010375180121,-2.2322760401353747,0.0,0.10735169798135757,0.0004985819687135518,0.0006091328104957938,30.493045954595974,0.007609054399802538,0,0,2.230738549928089,14.303112721581288,2.225251363557862,occluder,,,,,0.6000000000000001,3711,ok,accepted,0,ok,0.3959191,0.00066230000811629,0.3630008999898564,0.031693800003267825,0,0.0012322000000004607,0.010236899999998883,0,225.3176912410667,1.839364960082662,,3.62066948486094,0,0,0,,,,,,,,,,,,0,18.36571991410751,-0.27778642348328103,22.39616501584719,-0.06797769403739339,19.547286418460175,-1.1574933450398368,22.903516231547258,-1.2416461046082754,17.21311092790864,0.04810332784796514,30.16382627354995,-0.9714266850186773,30.51536524863707,-1.5088269986867735,30.12247665425497,-0.05493133810161819,30.101176859589387,-1.4812084938798609
3724,1.7500000000000002,empty_shadow,ADA,0,0,3723,1.7000000000000002,1,1,235.36396741397593,-201.61965442225855,,,,,,,0,0,30.49218270223543,-2.158420991315637,0.0,0.09320712089538574,0.0014788646949455142,0.001806774060241878,30.227207624531026,0.00766300909708776,0,0,2.7588202780656466,14.438055992182102,2.756070758505872,occluder,,,,,0.6500000000000001,3711,ok,accepted,0,ok,0.3959191,0.00066230000811629,0.3630008999898564,0.031693800003267825,1,0.001626299999998082,0.014116999999998825,0,226.23556849423574,2.448187375703327,,3.6303455777414513,0,0,0,,,,,,,,,,,,0,18.35128890822311,-0.28862011669715537,22.393118990801703,-0.06092049889965555,19.49417248638573,-1.062278635308865,22.844151899340787,-1.1872866401876634,17.214747432849173,0.032730098814916196,30.118410650056084,-0.9083105843262761,30.444347042887703,-1.4203641075735307,30.121021357845645,-0.029105924588090866,30.03151669006606,-1.393203377392507
3725,1.8,empty_shadow,ADA,0,0,3724,1.75,1,1,236.88541779415874,-201.60920192183488,,,,,,,0,0,30.388477905944395,-2.0740959258206715,0.0,0.07692213356494904,0.0014788646949455142,0.001806774060241878,30.227207624531026,0.0077153983816986215,0,0,3.3109199617189113,14.570145463018479,3.310164674713919,occluder,,,,,0.7,3711,ok,accepted,0,ok,0.3959191,0.00066230000811629,0.3630008999898564,0.031693800003267825,0,0.001626299999998082,0.008147300000000968,0,227.15265228000888,3.052553970112996,,3.640798078165119,0,0,0,,,,,,,,,,,,0,18.33636008435512,-0.2985764765489612,22.390450621376935,-0.05336738589054067,19.446092042686733,-0.9616088716717983,22.787818346272573,-1.1266710586208926,17.215655330684832,0.018157956715182517,30.076349251460478,-0.8412226509226459,30.378110563222265,-1.3247295825248198,30.120809648380654,-0.004234187623155636,29.96661917218683,-1.2979503416121363
3726,1.85,empty_shadow,ADA,0,0,3725,1.8,1,1,238.40186309401548,-201.59817129482815,,,,,,,0,0,30.289445419587242,-1.98064972714306,0.0,0.058922845870256424,0.0020597055554389954,0.0025164049584418535,29.99129362616632,0.007765930406307635,0,0,3.8747992895407397,14.698266399930853,3.8754707350399396,occluder,,,,,0.75,3711,ok,accepted,0,ok,0.3959191,0.00066230000811629,0.3630008999898564,0.031693800003267825,1,0.0011924999999983754,0.011353400000000846,0,228.069034161526,3.652617388452626,,3.6518287051718517,0,0,0,,,,,,,,,,,,0,18.320979221516833,-0.30761725648866384,22.388175164985352,-0.04550912518493549,19.403273968050875,-0.8563614936737814,22.734813118019368,-1.060104563114481,17.215880397779614,0.004501341896124087,30.03781391391195,-0.7706969148675489,30.316997224489278,-1.2222667605566566,30.12176904558665,0.019187944263395606,29.90681999905278,-1.1959834440964692
3727,1.9000000000000001,empty_shadow,ADA,0,0,3726,1.85,1,1,239.91348647626359,-201.58673032544357,,,,,,,0,0,30.195498720012534,-1.878933991494165,0.0,0.039261117577552795,0.0020597055554389954,0.0025164049584418535,29.99129362616632,0.00781432760968121,0,0,4.444482640604055,14.821272251645432,4.446141408592938,occluder,,,,,0.8,3711,ok,accepted,0,ok,0.3959191,0.00066230000811629,0.3630008999898564,0.031693800003267825,0,0.0011924999999983754,0.009858799999999945,0,228.98459206848167,4.248682863745046,,3.6632696745564317,0,0,0,,,,,,,,,,,,0,18.30519781718636,-0.3156280865627506,22.38630215798124,-0.037460138597706256,19.365823165004244,-0.7490160640881762,22.68540515070838,-0.988159344921944,17.215468410487432,-0.008239745843781357,30.002947877731344,-0.6973058356448794,30.261312202242074,-1.113700427600993,30.123827069859775,0.0411604850215656,29.852430068222834,-1.0877985958116296
3728,1.9500000000000002,empty_shadow,ADA,0,0,3727,1.9000000000000001,1,1,241.42065424551618,-201.57515354693896,,,,,,,0,0,30.10696943789926,-1.7705856422654875,0.0,0.018318142741918564,0.0022762806620448828,0.0027810013853013515,29.785201446263954,0.007860349210959667,0,0,5.016827533377866,14.938108785983069,5.019128411490248,occluder,,,,,0.8500000000000001,3711,ok,accepted,0,ok,0.3959191,0.00066230000811629,0.3630008999898564,0.031693800003267825,1,0.0011767999999996448,0.013405099999999948,0,229.89935652365767,4.841086177821637,,3.6748464530610363,0,0,0,,,,,,,,,,,,0,18.28906546240299,-0.32264709566519856,22.384835416290887,-0.02933483154716955,19.333697674308084,-0.6425098167537946,22.63984239958691,-0.911255021623773,17.214465145125878,-0.020065307231318545,29.971854335746183,-0.6218508940672265,30.211328247398413,-0.9996790763086583,30.126884538974874,0.061149382504661856,29.803725945317442,-0.9740824353234974
3729,2.0,empty_shadow,ADA,0,0,3728,1.9500000000000002,1,1,242.92345799614543,-201.5635629983874,,,,,,,0,0,30.02352327042635,-1.6689233494582112,0.003849279135465622,0.0,0.0022762806620448828,0.0027810013853013515,29.785201446263954,0.007904101587603829,0,0,5.589932154086318,15.048915274979066,5.592600110832504,occluder,,,,,0.8999999999999999,3711,ok,accepted,0,ok,0.3959191,0.00066230000811629,0.3630008999898564,0.031693800003267825,0,0.0011767999999996448,0.011584400000000272,0,230.81329699386146,5.429949458247108,,3.686437001612603,0,0,0,,,,,,,,,,,,0,18.272629840853593,-0.32871243081859397,22.383755863649668,-0.021591051708677225,19.30676779556704,-0.5385975758534198,22.598357561001215,-0.8296967712403538,17.212929729502385,-0.030708312469918383,29.944617395915024,-0.5447142308224594,30.167247538950484,-0.8816141452838994,30.1308270124521,0.07884947168177188,29.760879291084976,-0.8569330606788803
3730,2.05,empty_shadow,ADA,0,0,3729,2.0,1,1,244.42220299240648,-201.55221797508005,,,,,,,0,0,29.942235568707545,-1.6257540343760724,0.027450423687696457,0.0,0.0021631584968417883,0.0026427966076880693,29.608986006337226,0.007947074423021068,0,0,6.162821326140452,15.159121251714417,6.165641755214219,occluder,,,,,0.9499999999999997,3711,ok,accepted,0,ok,0.3959191,0.00066230000811629,0.3630008999898564,0.031693800003267825,1,0.0011620000000007735,0.01435989999999876,0,231.72641349470922,6.015577953660397,,3.6977820249199453,0,0,0,,,,,,,,,,,,0,18.255948173727514,-0.3336333418755669,22.383053965391127,-0.014037964050092786,19.28485614684156,-0.4382329722360307,22.5611604437439,-0.743942344943449,17.21090984870284,-0.04039761599217335,29.921284906278608,-0.466621398053506,30.129085334747675,-0.7632440582584058,30.13552097604958,0.09387927723094139,29.723890104953718,-0.7397836982375757
3731,2.1,empty_shadow,ADA,0,0,3730,2.0500000000000003,1,1,245.91701135665858,-201.54127102325555,,,,,,,0,0,29.863192779538565,-1.5808557833796044,0.05519387125968933,0.0,0.0021631584968417883,0.0026427966076880693,29.608986006337226,0.007989197417308478,0,0,6.734791066216207,15.268374534188817,6.7375964589146315,occluder,,,,,1.0,3711,ok,accepted,0,ok,0.3959191,0.00066230000811629,0.3630008999898564,0.031693800003267825,0,0.0011620000000007735,0.011936500000000905,0,232.63870602099553,6.598093791626184,,3.708728976744453,0,0,0,,,,,,,,,,,,0,18.239068143760907,-0.33760059809343695,22.38270110948389,-0.007057117633754391,19.267779623092203,-0.34153046831225287,22.528399820137356,-0.6552124720279885,17.208462720161517,-0.048942570826465935,29.901881801914293,-0.3880309300758857,30.096725286635017,-0.647200934473904,30.14082910004466,0.10616248968687048,29.692622965286446,-0.6253427687197934
3732,2.15,empty_shadow,ADA,0,0,3731,2.1,1,1,247.40788321903645,-201.5311036126183,,,,,,,0,0,29.787171825815527,-1.5204190744607615,0.08664095401763916,0.0,0.004031735472381115,0.004925693850964308,29.504000992133232,0.008030026761669746,0,0,7.305240064073998,15.374890551445782,7.30783360707884,occluder,,,,,0.6499999999999999,3719,ok,accepted,1,ok,0.4819965,0.0007975999906193465,0.45565740001620725,0.025202599994372576,1,0.0014302000000014914,0.011721800000000115,0,233.55017457272044,7.177497102279148,,3.7188963873817045,0,0,0,,,,,,,,,,,,0,18.22204697137623,-0.34042344567625776,22.38267440840166,-0.0005340214375935268,19.25536274790065,-0.24833749177101302,22.500123373730833,-0.5655289280833347,17.205641751463965,-0.05641937395062122,29.886392929577255,-0.30974472903680256,30.069974751791868,-0.5350106679308922,30.14660833483003,0.11558471046417615,29.66688522960524,-0.5147546892653795
3733,2.1999999999999997,empty_shadow,ADA,0,0,3732,2.15,1,1,248.89512382817904,-201.52192926209494,,,,,,,0,0,29.71488858614206,-1.4456647934693478,0.12095162272453308,0.0,0.004031735472381115,0.004925693850964308,29.504000992133232,0.008069139622952127,0,0,7.874192406127308,15.476868818068409,7.876368820989943,occluder,,,,,0.6999999999999997,3719,ok,accepted,0,ok,0.4819965,0.0007975999906193465,0.45565740001620725,0.025202599994372576,0,0.0014302000000014914,0.013210999999998307,0,234.4606970795785,7.754215204563678,,3.728070737905057,0,0,0,,,,,,,,,,,,0,18.204938062276973,-0.3421781790298527,22.382947159995194,0.0054550319460232415,19.247437681500713,-0.15850131273258328,22.47629868006931,-0.4764938732226051,17.202506070256582,-0.06271362414685097,29.87478021415107,-0.2322212806604585,30.04859531140022,-0.4275887782539077,30.152730890874754,0.122451139704495,29.646448015825815,-0.408744251933261
3734,2.25,empty_shadow,ADA,0,0,3733,2.2,1,1,250.37885527521328,-201.51380896519507,,,,,,,0,0,29.64684550822928,-1.3608615582555927,0.15500235557556152,0.0,0.003291704459115863,0.004021575674414635,29.339801735388413,0.008106219799880668,0,0,8.441299344413768,15.572894233250912,8.442914792147464,occluder,,,,,0.75,3719,ok,accepted,0,ok,0.4819965,0.0007975999906193465,0.45565740001620725,0.025202599994372576,1,0.0011966000000001031,0.012731299999998669,0,235.37048716980956,8.328156561366853,,3.736191034804932,0,0,0,,,,,,,,,,,,0,18.187791008249764,-0.34294107625062475,22.383498382506502,0.011024450171829323,19.24386137226026,-0.07152616670329943,22.456845629637787,-0.3890610086301567,17.199105267593918,-0.06801605325245069,29.866971213694054,-0.15614786468502273,30.032272253021684,-0.32646113755563133,30.15908614289778,0.12710506246785921,29.63108244189045,-0.30731145611026084
3735,2.3,empty_shadow,ADA,0,0,3734,2.25,1,1,251.8593217632147,-201.50692574409055,,,,,,,0,0,29.58333054689666,-1.2702992266523694,0.18758109211921692,0.0,0.003291704459115863,0.004021575674414635,29.339801735388413,0.008141063491112249,0,0,9.00679540337756,15.66190721726211,9.007748619853825,occluder,,,,,0.7999999999999998,3719,ok,accepted,0,ok,0.4819965,0.0007975999906193465,0.45565740001620725,0.025202599994372576,0,0.0011966000000001031,0.012328100000001285,0,236.27933120996843,8.899779009209396,,3.7430742559094483,0,0,0,,,,,,,,,,,,0,18.1706668426316,-0.3424833073172259,22.384303281878665,0.01609798734261184,19.244506027952024,0.012893133574876679,22.441668855524075,-0.30353548227571964,17.195487028426825,-0.0723647833448508,29.862870563529967,-0.08198275253918273,30.02067941942754,-0.23185664226411495,30.165555835619546,0.12939387863693608,29.6205024053267,-0.21160070999008204
3736,2.35,empty_shadow,ADA,0,0,3735,2.3000000000000003,1,1,253.3367369360392,-201.50134056105864,,,,,,,0,0,29.52447912985485,-1.1770283408362303,0.2185598760843277,0.0,0.002002052031457424,0.0024459681008011103,29.205496089563457,0.008173549707964961,0,0,9.570629674461305,15.743195390554163,9.570889482908864,occluder,,,,,0.8500000000000001,3719,ok,accepted,0,ok,0.4819965,0.0007975999906193465,0.45565740001620725,0.025202599994372576,1,0.0011828999999998757,0.011232400000000808,0,237.18735127036047,9.469174121641856,,3.7486594389413597,0,0,0,,,,,,,,,,,,0,18.153611342656845,-0.34110999324776925,22.38533706124388,0.020675587373417317,19.24925911451984,0.09506175176968655,22.430650101294358,-0.2203750846021284,17.191708570431363,-0.0755691599095165,29.862359987254674,-0.010184046117092711,30.01356122567026,-0.14236384634620405,30.172056046237167,0.13000423739835515,29.61440082281264,-0.12203163051056364
3737,2.4,empty_shadow,ADA,0,0,3736,2.35,1,1,254.81140600588805,-201.4971601235088,,,,,,,0,0,29.470270797800147,-1.0841666410940576,0.24796684086322784,0.0,0.002002052031457424,0.0024459681008011103,29.205496089563457,0.008203645266973538,0,0,10.132993741416126,15.816322815088089,10.132566148261176,occluder,,,,,0.8999999999999999,3719,ok,accepted,0,ok,0.4819965,0.0007975999906193465,0.45565740001620725,0.025202599994372576,0,0.0011828999999998757,0.011568099999998083,0,238.09454736139648,10.0366471004547,,3.7528398764912083,0,0,0,,,,,,,,,,,,0,18.136679821313372,-0.33863041944564615,22.386580648211577,0.024871739281788673,19.258021452054802,0.17524676886575802,22.42370162821201,-0.1389694616743536,17.187813764233827,-0.07789612395097742,29.865296388955002,0.05875216546993605,30.010704048823293,-0.05714350903239422,30.178491409159328,0.12870728201086026,29.612537368287022,-0.03726907235632166
3738,2.45,empty_shadow,ADA,0,0,3737,2.4000000000000004,1,1,256.2835120313709,-201.49424703988277,,,,,,,0,0,29.420678985585653,-0.9918362442898854,0.27595388889312744,0.0,0.0004560482339002192,0.0005571680376306176,29.101091106188356,0.008231323632684672,0,0,10.694069893516456,15.880949400313238,10.693025186013333,occluder,,,,,0.9500000000000002,3719,ok,accepted,0,ok,0.4819965,0.0007975999906193465,0.45565740001620725,0.025202599994372576,1,0.0011771000000031506,0.011369499999997146,0,239.00085844271834,10.602442044615685,,3.755752960117235,0,0,0,,,,,,,,,,,,0,18.119921869545777,-0.3351590268177483,22.38800924723836,0.028571980871878157,19.270669061374438,0.25295220259228773,22.42070899662526,-0.059852631756003694,17.183850293545497,-0.07926941376662158,29.871521399375727,0.12452061204393289,30.01194957839784,0.024910617891831743,30.18479898255561,0.12615148875095158,29.614748009674067,0.04421284425343336
3739,2.5,empty_shadow,ADA,0,0,3738,2.45,1,1,257.75323811794567,-201.4926012477159,,,,,,,0,0,29.37559532110283,-0.9016732896564861,0.30260995030403137,0.0,0.0004560482339002192,0.0005571680376306176,29.101091106188356,0.008256607624009203,0,0,11.253919712798542,15.936902035819998,11.252353451379179,occluder,,,,,1.0,3719,ok,accepted,0,ok,0.4819965,0.0007975999906193465,0.45565740001620725,0.025202599994372576,0,0.0011771000000031506,0.011741899999996974,0,239.90634555468418,11.166681019224626,,3.7573987522841037,0,0,0,,,,,,,,,,,,0,18.103387078301168,-0.33069581534813175,22.389599970544005,0.031814466210926276,19.28706652279578,0.327949240457135,22.42157874622593,0.017394992004252655,17.179860121227186,-0.07980344636732886,29.880842309768056,0.18643475498629938,30.01717192741634,0.10444700358279917,30.19091582452957,0.12233685387501818,29.620889695783912,0.12283373710364819
3740,2.55,empty_shadow,ADA,0,0,3739,2.5,1,1,259.22091989648777,-201.49203952703152,,,,,,,0,0,29.334929728128536,-0.8133118594858502,0.3281291723251343,0.0,-0.0010600700043141842,-0.0012951197568327188,29.02659553332159,0.008279513916161323,0,0,11.812845437904551,15.98405218263861,11.810901133960089,occluder,,,,,1.0499999999999998,3719,ok,accepted,0,ok,0.4819965,0.0007975999906193465,0.45565740001620725,0.025202599994372576,1,0.0013201999999985503,0.014193999999999818,0,240.81100868688318,11.729699665567722,,3.7579604729684775,0,0,0,,,,,,,,,,,,0,18.08712503768528,-0.32524080241325354,22.391333744438537,0.03467547849013668,19.307034545493714,0.39936046187518665,22.426234582936747,0.09311673422455977,17.17588902216412,-0.07942198127412442,29.89306259317152,0.24441845189879563,30.026231859377035,0.18119865923818243,30.19679043591249,0.11749224152211403,29.630840356269537,0.1990132230761312
3741,2.6,empty_shadow,ADA,0,0,3740,2.5500000000000003,1,1,260.68661837612274,-201.49248556306722,,,,,,,0,0,29.298569473711833,-0.7272050883340597,0.35262414813041687,0.0,-0.0010600700043141842,-0.0012951197568327188,29.02659553332159,0.008300075890527645,0,0,12.3708462029995,16.022313642708742,12.368678851954995,occluder,,,,,1.1,3719,ok,accepted,0,ok,0.4819965,0.0007975999906193465,0.45565740001620725,0.025202599994372576,0,0.0013201999999985503,0.01005479999999892,0,241.71487836209712,12.291528469988748,,3.75751443693278,0,0,0,,,,,,,,,,,,0,18.071179617558442,-0.318908391781062,22.393185774652704,0.03704060453745609,19.330369043111375,0.46668995656568707,22.434596397428407,0.16723628987437195,17.17197704959524,-0.07823945137851764,29.907962837144122,0.29801420222083186,30.03899967399474,0.25535630873578896,30.20236369115972,0.11146511365951997,29.64445121639431,0.2722172135365006
3742,2.65,empty_shadow,ADA,0,0,3741,2.6,1,1,262.15063862330106,-201.49361881716354,,,,,,,0,0,29.266401287553652,-0.6433637231636169,0.3762073218822479,0.0,-0.0023111209738999605,-0.0028235670179128647,28.98202068043748,0.008318331145749277,0,0,12.928194345358579,16.051676831521853,12.925985544803133,occluder,,,,,1.15,3719,ok,accepted,0,ok,0.4819965,0.0007975999906193465,0.45565740001620725,0.025202599994372576,1,0.001288899999998705,0.01757809999999793,0,242.6179850979023,12.852441981361892,,3.7563811828364635,0,0,0,,,,,,,,,,,,0,18.05559468679083,-0.311698603958812,22.395129356459314,0.03887163689270846,19.356825874152026,0.5291366224677001,22.446561192939715,0.23929591031577382,17.168150907765984,-0.07652283658669792,29.925316006995317,0.347069732959866,30.05529608018875,0.32592813647672153,30.207584090775786,0.1044079978144391,29.661565872876118,0.3422931381740005
3743,2.7,empty_shadow,ADA,0,0,3742,2.6500000000000004,1,1,263.613194193387,-201.49524085219878,,,,,,,0,0,29.238329276415794,-0.5614402227571702,0.3990143835544586,0.0,-0.0023111209738999605,-0.0028235670179128647,28.98202068043748,0.008334311099537866,0,0,13.48515040211159,16.07208677791328,13.483079773529946,occluder,,,,,1.2000000000000002,3719,ok,accepted,0,ok,0.4819965,0.0007975999906193465,0.45565740001620725,0.025202599994372576,0,0.001288899999998705,0.01165149999999926,0,243.5202678591461,13.412714790204063,,3.7547591478012237,0,0,0,,,,,,,,,,,,0,18.040412207780545,-0.30364956780121444,22.39714351110691,0.040283093296859925,19.38612656571379,0.5860138310822827,22.46202215857526,0.3092193128444595,17.1644430216293,-0.07415772273528393,29.944881726137805,0.3913182481079674,30.074915084291675,0.39238009107419375,30.212405858706305,0.09643536174913886,29.681987868784706,0.40843992438160187
3744,2.75,empty_shadow,ADA,0,0,3743,2.7,1,1,265.0744680929364,-201.49706168873297,,,,,,,0,0,29.2142567379037,-0.481450770241878,0.4210990071296692,0.0,-0.0031282638665288687,-0.0038218952249735594,28.96738972044137,0.008348051060011434,0,0,14.041742045168782,16.083557285999163,14.039992030181297,occluder,,,,,1.25,3719,ok,accepted,0,ok,0.4819965,0.0007975999906193465,0.45565740001620725,0.025202599994372576,1,0.0015147000000013122,0.01453019999999583,0,244.4218792285048,13.972377320394742,,3.7529383112670303,0,0,0,,,,,,,,,,,,0,18.025670326387495,-0.29483761538307146,22.39920153387402,0.041160455384827724,19.417964035331853,0.6367493910886063,22.480836242483672,0.3762816783897999,17.160880095273544,-0.07125852711110298,29.966400556448384,0.43037860688715374,30.097623988981915,0.45417809920402735,30.2167984774463,0.0878523761497673,29.70549785882123,0.47019980472410056
3745,2.8,empty_shadow,ADA,0,0,3744,2.75,1,1,266.53470438447914,-201.49885236165724,,,,,,,0,0,29.19409496464205,-0.40323546523296727,0.4425393044948578,0.0,-0.0031282638665288687,-0.0038218952249735594,28.96738972044137,0.008359585022151029,0,0,14.598299670010817,16.086108251068534,14.597039134131848,occluder,,,,,1.2999999999999998,3719,ok,accepted,0,ok,0.4819965,0.0007975999906193465,0.45565740001620725,0.025202599994372576,0,0.0015147000000013122,0.014824499999996021,0,245.32272766366015,14.53176517678213,,3.7511476383427578,0,0,0,,,,,,,,,,,,0,18.011409097762076,-0.28522455947174224,22.401286259651886,0.041694516307051475,19.452014033395972,0.6809999599773372,22.502833691929983,0.4399489891716179,17.157485015365367,-0.06790159816903779,29.98961879527837,0.46436554682107106,30.123157672461243,0.5106736719346677,30.22073905816106,0.07881161469860007,29.73183262858639,0.5266953972889067
3746,2.85,empty_shadow,ADA,0,0,3745,2.8000000000000003,1,1,267.9939642228918,-201.50096380227808,,,,,,,0,0,29.17775654156648,-0.32676846151140637,0.46336716413497925,0.0,0.0025120684877038,0.0030690706335008144,31.929492,0.008368949299458573,0,0,15.154764516592394,16.07979118267802,15.153840447918117,occluder,,,,,1.35,3719,ok,stale_plan,0,ok,0.4819965,0.0007975999906193465,0.45565740001620725,0.025202599994372576,1,0.0011641999999980612,0.014331699999999614,0,246.22287419976487,15.090878479090065,,3.749036197721921,0,0,0,,,,,,,,,,,,0,17.997662853114075,-0.2749248802299407,22.403374800723846,0.041770821797111155,19.48793323683413,0.7183840683322757,22.527808511873456,0.4994963992375775,17.154280668962823,-0.06408692804663542,30.014277029233867,0.4931648020315882,30.151214773719982,0.5611420254550664,30.22420662053794,0.06935124739069182,29.760709890205934,0.5775452327738926
3747,2.9,empty_shadow,ADA,0,0,3746,2.85,1,1,269.45258330671976,-201.50341115486506,,,,,,,0,0,29.16520138534205,-0.2511031244885942,0.4836527407169342,0.0,0.0025120684877038,0.0030690706335008144,31.929492,0.008376155913067743,0,0,15.711386820275472,16.06455319779683,15.710508235474784,occluder,,,,,1.4,3719,ok,stale_plan,0,ok,0.4819965,0.0007975999906193465,0.45565740001620725,0.025202599994372576,0,0.0011641999999980612,0.012423099999999465,0,247.12237986156086,15.649991901122036,,3.746588845134937,0,0,0,,,,,,,,,,,,0,17.984462109117263,-0.2640148681241811,22.405453804240267,0.04158007036022117,19.525361157224452,0.7485584089993383,22.55554517143713,0.5547331918125986,17.151286131134427,-0.05989075656671732,30.04011013489913,0.516662121677503,30.181482486965336,0.6053542641062701,30.227187811907367,0.05962382751957594,29.79182828228099,0.6223678409021647
3748,2.95,empty_shadow,ADA,0,0,3747,2.9000000000000004,1,1,270.9106226190617,-201.50604181071495,,,,,,,0,0,29.156361457493492,-0.1767985569711783,0.5033449530601501,0.0,0.0026004037354141474,0.0031769925262778997,31.929492,0.008381235584747201,0,0,16.268256044825744,16.0404434748539,16.2671953181403,occluder,,,,,1.4500000000000002,3719,ok,stale_plan,0,ok,0.4819965,0.0007975999906193465,0.45565740001620725,0.025202599994372576,1,0.001185299999995948,0.01219539999999597,0,248.02121413667714,16.209196938347702,,3.7439581892850526,0,0,0,,,,,,,,,,,,0,17.971835477018445,-0.252532630368448,22.407506104975365,0.041046015458416144,19.56393539631869,0.7714847850870022,22.585776643773773,0.6046294472702485,17.148510938449196,-0.055503853704382496,30.066854905860804,0.5348957544332322,30.21362893379488,0.6429289361019196,30.229673095743088,0.04970567759018372,29.82486164834735,0.6606673206532577
3749,3.0,empty_shadow,ADA,0,0,3748,2.95,1,1,272.36835684933715,-201.50894722885974,,,,,,,0,0,29.15116633337213,-0.10390248242721611,0.5224938988685608,0.0,0.0026004037354141474,0.0031769925262778997,31.929492,0.008384223005435532,0,0,16.825536889686646,16.007537143438103,16.824117713095664,occluder,,,,,1.5,3719,ok,stale_plan,0,ok,0.4819965,0.0007975999906193465,0.45565740001620725,0.025202599994372576,0,0.001185299999995948,0.011518500000001097,0,248.9194685986644,16.768676706635887,,3.741052771140261,0,0,0,,,,,,,,,,,,0,17.959811566065397,-0.2404782083578586,22.409512629941517,0.04013049967006593,19.603301187953353,0.7873158383603593,22.618237806001687,0.6492232452522109,17.145976071688423,-0.050697335216379084,30.094255771990717,0.5480183339408949,30.24731842042869,0.6737897339243624,30.23166628635119,0.03986381410157762,29.859483830848013,0.6924436502659131
3750,3.05,empty_shadow,ADA,0,0,3749,3.0,1,1,273.82590809387847,-201.51220366159723,,,,,,,0,0,29.14955664687272,-0.03219372998820802,0.5410875082015991,0.0,0.002366093685850501,0.002890728646889329,31.929492,0.008385148968790444,0,0,17.383361278781013,15.9659839435305,17.381462079035597,occluder,,,,,1.5499999999999998,3719,ok,stale_plan,0,ok,0.4819965,0.0007975999906193465,0.45565740001620725,0.025202599994372576,1,0.001174300000002404,0.013449399999998946,0,249.8171127247408,17.328583825100793,,3.7377963384027737,0,0,0,,,,,,,,,,,,0,17.94841135441475,-0.22800422489648092,22.411465749046123,0.039062382111046234,19.643098042914197,0.795937107456536,22.65262729772391,0.6877898352155611,17.14367771738238,-0.04596708612106403,30.122049539792147,0.5558772545798211,30.282205717570754,0.6977459471794126,30.233173105020718,0.03013637646149109,29.895349600388865,0.7173153931937853
3751,3.1,empty_shadow,ADA,0,0,3750,3.0500000000000003,1,1,275.2834595049922,-201.51594837555626,,,,,,,0,0,29.15147285273765,0.03832411729860041,0.5591639876365662,0.0,0.002366093685850501,0.002890728646889329,31.929492,0.008384046699230461,0,0,17.941794831948478,15.915915539320675,17.9393307969802,occluder,,,,,1.6,3719,ok,stale_plan,0,ok,0.4819965,0.0007975999906193465,0.45565740001620725,0.025202599994372576,0,0.001174300000002404,0.010854700000002993,0,250.7142380468139,17.88900991414144,,3.7340516244437367,0,0,0,,,,,,,,,,,,0,17.937653913233152,-0.21514881953723686,22.413348295475135,0.03765092938763329,19.68298645448181,0.7977682427311992,22.688636129037835,0.7201766270481467,17.141623502146505,-0.04108430471639339,30.149992090026327,0.558853917876546,30.317953224259217,0.7149501425811021,30.234203088604474,0.02059967599235671,29.932125170521964,0.7355114084797442
3752,3.15,empty_shadow,ADA,0,0,3751,3.1,1,1,276.7412552389054,-201.52022706381524,,,,,,,0,0,29.15686530265442,0.10784899833538475,0.5767460465431213,0.0,0.0019565692637115717,0.0023904002737253904,31.929492,0.008380945936959597,0,0,18.501133067797614,15.857443659875546,18.49806166454228,occluder,,,,,1.65,3719,ok,stale_plan,0,ok,0.4819965,0.0007975999906193465,0.45565740001620725,0.025202599994372576,1,0.0011640000000028294,0.010913700000003246,0,251.61078354014174,18.450260154726806,,3.7297729361847587,0,0,0,,,,,,,,,,,,0,17.927565947017182,-0.20175932326286977,22.415146919254163,0.035972475936773,19.722630727107028,0.7928854661308458,22.725945771424087,0.7461928486609839,17.139817242392706,-0.03612519507613102,30.177839304305895,0.5569482125508072,30.35422333968409,0.7254023231145286,30.23477721758054,0.011482585004740389,29.969474848357873,0.7469935671069031
3753,3.2,empty_shadow,ADA,0,0,3752,3.1500000000000004,1,1,278.19938692642785,-201.52526857696435,,,,,,,0,0,29.165633960475336,0.17537315641831697,0.5938100814819336,0.0,0.0019565692637115717,0.0023904002737253904,31.929492,0.008375907461727231,0,0,19.06132163100657,15.79089778060725,19.057623297873757,occluder,,,,,1.7000000000000002,3719,ok,stale_plan,0,ok,0.4819965,0.0007975999906193465,0.45565740001620725,0.025202599994372576,0,0.0011640000000028294,0.012032699999998897,0,252.50687126982433,19.012304112566653,,3.7247314230356494,0,0,0,,,,,,,,,,,,0,17.918156991887717,-0.188179105263839,22.416853990233264,0.0341414195850274,19.761723777581384,0.7818610253348192,22.76423579166354,0.7658004056703184,17.138257030710378,-0.03120423364860025,30.205366134947052,0.5505414833687535,30.390682278553818,0.7291787985755387,30.234916473391717,0.00278512308713672,30.007072477428668,0.751952597474941
3754,3.25,empty_shadow,ADA,0,0,3753,3.2,1,1,279.6580376626069,-201.53104233496265,,,,,,,0,0,29.177688949383974,0.24109977817275308,0.6104084849357605,0.0,0.001466751447878778,0.0017919749952852726,31.929492,0.008368988072220307,0,0,19.622479307722674,15.716563485038183,19.618165104542733,occluder,,,,,1.75,3719,ok,stale_plan,1,ok,1.1335702,0.3416903000033926,0.7558313000190537,0.035712000011699274,1,0.0012361999999939144,0.013117899999997462,0,253.40256226580902,19.575263852760997,,3.718957665037351,0,0,0,,,,,,,,,,,,0,17.90944230695506,-0.1742937050527265,22.418467603392934,0.03227226366435507,19.799969961607115,0.7649236957405854,22.803181939837522,0.7789229643923391,17.136937144957546,-0.02639771505632429,30.232351345375196,0.5397098562582654,30.427015328687926,0.7266610311046027,30.23464755776773,-0.0053783046332034285,30.044601437375917,0.7505792220698558
3755,3.3,empty_shadow,ADA,0,0,3754,3.25,1,1,281.1174210912985,-201.53760930008735,,,,,,,0,0,29.192938471506128,0.30499044244308493,0.6265825629234314,0.0,0.001466751447878778,0.0017919749952852726,31.929492,0.008360247342851642,0,0,20.184871482390218,15.634745746672845,20.17996481290981,occluder,,,,,1.7999999999999998,3719,ok,stale_plan,0,ok,1.1335702,0.3416903000033926,0.7558313000190537,0.035712000011699274,0,0.0012361999999939144,0.009692099999995207,0,254.29779548773766,20.139414059524,,3.712390699912646,0,0,0,,,,,,,,,,,,0,17.90142761539704,-0.16029384047317302,22.419985854830454,0.030365028541663897,19.837098436069823,0.7425695037132192,22.842461874060202,0.7855986853693353,17.135855677892753,-0.021629341296934414,30.258588952387132,0.5247583560099015,30.46292112939584,0.7181160502076669,30.23399526615952,-0.013045823373449223,30.081758462265153,0.7431405270738579
3756,3.35,empty_shadow,ADA,0,0,3755,3.3000000000000003,1,1,282.5776593140405,-201.5450609834244,,,,,,,0,0,29.21132821386646,0.3677948472066106,0.6423565149307251,0.0,0.0009573808056302369,0.0011696612928062677,31.929492,0.008349724900876819,0,0,20.748548681292718,15.545736227302875,20.743093952938544,occluder,,,,,1.85,3719,ok,stale_plan,0,ok,1.1335702,0.3416903000033926,0.7558313000190537,0.035712000011699274,1,0.0011710000000064724,0.010418599999994171,0,255.19263196035223,20.704815809651393,,3.7049390165755938,0,0,0,,,,,,,,,,,,0,17.894122455764432,-0.14610320323703735,22.421404929351617,0.02838148932596328,19.87285933818964,0.7152180553588415,22.881768511842704,0.7861327564499394,17.135001185237773,-0.017089853098148682,30.28388631866608,0.5059538772635054,30.498113578808283,0.7038490320164693,30.23299011554359,-0.0201030028828119,30.118265080084598,0.7301323913328943
3757,3.4,empty_shadow,ADA,0,0,3756,3.35,1,1,284.03887438552204,-201.55335156696617,,,,,,,0,0,29.232775938045357,0.42895448357796795,0.6577258706092834,0.0,0.0009573808056302369,0.0011696612928062677,31.929492,0.008337477784855865,0,0,21.313517167807913,15.449845500692613,21.307563569521772,occluder,,,,,1.9,3719,ok,stale_plan,0,ok,1.1335702,0.3416903000033926,0.7558313000190537,0.035712000011699274,0,0.0011710000000064724,0.008302299999996876,0,256.08719377998506,21.271469061500113,,3.696648433033829,0,0,0,,,,,,,,,,,,0,17.887534460763202,-0.13175990891468942,22.42272291736341,0.02635975972046003,19.907035228982885,0.68351782594771,22.920798584126914,0.7806014464555324,17.134369852495027,-0.012626654855074545,30.30807178175417,0.4837159013482165,30.532335187657306,0.6844322255469373,30.23166071649593,-0.026587970814791806,30.15384663294039,0.7116310971547751
3758,3.45,empty_shadow,ADA,0,0,3757,3.4000000000000004,1,1,285.5013104411486,-201.56246570863829,,,,,,,0,0,29.25724268037386,0.48933484657005977,0.6727051138877869,0.0,0.00046541550545953214,0.0005686123040504754,31.929492,0.00832353961561684,0,0,21.880078782153216,15.347321821665822,21.873689367502216,occluder,,,,,1.9500000000000002,3719,ok,stale_plan,0,ok,1.1335702,0.3416903000033926,0.7558313000190537,0.035712000011699274,1,0.0011681000000010044,0.015790899999998942,0,256.9814199010726,21.839678996039083,,3.6875342913617146,0,0,0,,,,,,,,,,,,0,17.881669350718987,-0.11730220896392954,22.423934093397115,0.024223520917015802,19.93942774558492,0.6478503397757971,22.959267896606683,0.7693862502250487,17.133952142780444,-0.008354194290027393,30.330985117362715,0.4582731975705315,30.565337999848996,0.6600562976134319,30.230039493739355,-0.03242444448690551,30.188257072690593,0.6882088397188655
3759,3.5,empty_shadow,ADA,0,0,3758,3.45,1,1,286.9650285004566,-201.5723576112546,,,,,,,0,0,29.284663444376967,0.5484152800621445,0.6872989535331726,0.0,0.00046541550545953214,0.0005686123040504754,31.929492,0.008307960098830107,0,0,22.448296627611334,15.238507742381216,22.44153423303335,occluder,,,,,2.0,3719,ok,stale_plan,0,ok,1.1335702,0.3416903000033926,0.7558313000190537,0.035712000011699274,0,0.0011681000000010044,0.009030500000001496,0,257.8753103288203,22.4095066275994,,3.6776423887453973,0,0,0,,,,,,,,,,,,0,17.8765252188555,-0.10288264392990355,22.42503655196293,0.02204917252931337,19.969867132495036,0.6087877426774857,22.996909419870644,0.752830465852585,17.133732797427594,-0.004386907056631346,30.352481354919668,0.42993086658316443,30.596893135082652,0.6311027609061637,30.228155057326852,-0.0376887172696079,30.221273241227887,0.6603234172975748
3760,3.55,empty_shadow,ADA,0,0,3759,3.5,1,1,288.43018112530086,-201.58295092882042,,,,,,,0,0,29.314991701947573,0.6065651514121129,0.7015184760093689,0.0,1.4233133697416633e-05,1.738905302772764e-05,31.929492,0.008290779533562387,0,0,23.018203973687076,15.123698825702146,23.01114017452205,occluder,,,,,2.05,3719,ok,stale_plan,0,ok,1.1335702,0.3416903000033926,0.7558313000190537,0.035712000011699274,1,0.0016054000000025326,0.011449400000003607,0,258.76898713353364,22.980982447730355,,3.6670490711795765,0,0,0,,,,,,,,,,,,0,17.872096342819482,-0.08857752599607584,22.42603410668711,0.01995109653749406,19.998208430960386,0.5668259708468673,23.03346947660598,0.7312011352058125,17.133698464879515,-0.0006866509603591416,30.372438408811437,0.3991466550179107,30.626806043943773,0.5982582346008466,30.226041738959196,-0.042266356385361775,30.25268723775426,0.6282799775756639
3761,3.6,empty_shadow,ADA,0,0,3760,3.5500000000000003,1,1,289.89689037557605,-201.59421510211627,,,,,,,0,0,29.34816661675925,0.6634982962335556,0.7153413891792297,0.0,1.4233133697416633e-05,1.738905302772764e-05,31.929492,0.008272047331333835,0,0,23.589892184816694,15.003232053032342,23.582595238066197,occluder,,,,,2.1,3719,ok,stale_plan,0,ok,1.1335702,0.3416903000033926,0.7558313000190537,0.035712000011699274,0,0.0016054000000025326,0.011707200000003581,0,259.66248083278884,23.55419799875034,,3.655784897883734,0,0,0,,,,,,,,,,,,0,17.868382722496033,-0.07427241033715334,22.426926757128726,0.01785301143089438,20.024331477894847,0.5224609380193479,23.068721092928662,0.7050323268076628,17.133837699826472,0.002784698932198282,30.390741819458352,0.3660731198062756,30.654893621870006,0.561751614541913,30.22373387129174,-0.04615734230320657,30.28231214089347,0.5924981107863502
3762,3.65,empty_shadow,ADA,0,0,3761,3.6,1,1,291.36536984308435,-201.60605850553765,,,,,,,0,0,29.384143894687995,0.7195455585748789,0.728808581829071,0.0,-0.00038260756991803646,-0.00046744331484660506,31.929492,0.008251804438553603,0,0,24.163548911883783,14.877410056970165,24.15609196772117,occluder,,,,,2.15,3719,ok,stale_plan,0,ok,1.1335702,0.3416903000033926,0.7558313000190537,0.035712000011699274,1,0.001214900000000796,0.011504700000003254,0,260.55582195457305,24.12933634447444,,3.6439414944623536,0,0,0,,,,,,,,,,,,0,17.865376728511013,-0.060119882144942155,22.42771450360104,0.015754932390458984,20.048140905885127,0.476188557937656,23.10246208923204,0.6748199263641421,17.134135244922806,0.0059509019274680015,30.407300013380564,0.3311680288946901,30.680999466476656,0.5221169452908783,30.221265786450687,-0.04936168583841907,30.309983922931814,0.553435683315096
3763,3.7,empty_shadow,ADA,0,0,3762,3.6500000000000004,1,1,292.8357720688589,-201.61834375793708,,,,,,,0,0,29.42286506261937,0.7744233586274873,0.7418827414512634,0.0,-0.00038260756991803646,-0.00046744331484660506,31.929492,0.008230100582076945,0,0,24.73935887278919,14.746616812010469,24.73181010815224,occluder,,,,,2.2,3719,ok,stale_plan,0,ok,1.1335702,0.3416903000033926,0.7558313000190537,0.035712000011699274,0,0.001214900000000796,0.01318549999999874,0,261.4489799604884,24.70658056433365,,3.631656242062917,0,0,0,,,,,,,,,,,,0,17.8630726371287,-0.046081828931121234,22.42840306665,0.013771262591655417,20.069562328486036,0.4284284501045899,23.13449791656688,0.6407165468812019,17.13457584272548,0.008811956054663363,30.422038584034194,0.2947747802970867,30.704991971545084,0.4798501494465114,30.21866800194439,-0.05195567927754692,30.335559531106597,0.5115122019658073
3764,3.75,empty_shadow,ADA,0,0,3763,3.7,1,1,294.3081580620254,-201.63099454455215,,,,,,,0,0,29.464287931042822,0.8284573684690599,0.7546080350875854,0.0,-0.0007182408007793128,-0.0008774966700002551,31.929492,0.008206977035664316,0,0,25.31717276214933,14.611147227713845,25.309602384790754,occluder,,,,,2.25,3719,ok,stale_plan,0,ok,1.1335702,0.3416903000033926,0.7558313000190537,0.035712000011699274,1,0.0011668000000000234,0.011422800000005395,0,262.3421684839801,25.285778034008445,,3.619005455447848,0,0,0,,,,,,,,,,,,0,17.86146282115305,-0.032196319445847374,22.429000077067656,0.011940210919734563,20.088542340222784,0.37960023392708725,23.164670264352658,0.6034469558598329,17.135144232539723,0.01136779628441831,30.43490029231138,0.25723676966671233,30.72675669627109,0.43529453663193596,30.21597484660154,-0.053863097715366105,30.358926432308976,0.46733805727226035
3765,3.8,empty_shadow,ADA,0,0,3764,3.75,1,1,295.78271088639906,-201.64388873261282,,,,,,,0,0,29.508350469264755,0.8812507644386613,0.7669786214828491,0.0,-0.0007182408007793128,-0.0008774966700002551,31.929492,0.008182486741163137,0,0,25.897390150081847,14.47136327360065,25.88986246351926,occluder,,,,,2.3,3719,ok,stale_plan,0,ok,1.1335702,0.3416903000033926,0.7558313000190537,0.035712000011699274,0,0.0011668000000000234,0.008984499999996842,0,263.2351739020137,25.86732544034851,,3.6061112673871776,0,0,0,,,,,,,,,,,,0,17.860532021852038,-0.018615984761869455,22.42950743925649,0.010147245045353345,20.105054238598083,0.3302379688261699,23.192845618787057,0.5635070887564702,17.13582324853732,0.013580319953450493,30.44584887999194,0.21897364427658983,30.746207810654955,0.3890223225504502,30.213216838478314,-0.055160156459302605,30.3799892594664,0.42125657047123016
3766,3.85,empty_shadow,ADA,0,0,3765,3.8000000000000003,1,1,297.2595525758473,-201.6569194689587,,,,,,,0,0,29.555004172870277,0.9330740721104291,0.7789897918701172,0.0,-0.0009886069456115365,-0.0012078112922608852,31.929492,0.00815667554075645,0,0,26.47998338978282,14.327577767499895,26.472562468640756,occluder,,,,,2.35,3719,ok,stale_plan,0,ok,1.1335702,0.3416903000033926,0.7558313000190537,0.035712000011699274,1,0.0011831999999998288,0.009441500000001213,0,264.1281488076763,26.451192224134104,,3.593080531041295,0,0,0,,,,,,,,,,,,0,17.860270701686126,-0.005226400948443533,22.429928969353096,0.008430602602552583,20.119090394674878,0.28072312579341685,23.218900002146025,0.5210876671968664,17.136597630861715,0.015487646490639464,30.454851908644507,0.18006184477361462,30.76327474304764,0.3413386752564644,30.210413051286594,-0.056075737924034676,30.398669811864032,0.37361106889852497
3767,3.9,empty_shadow,ADA,0,0,3766,3.85,1,1,298.7387136271251,-201.67002570802637,,,,,,,0,0,29.604196323913282,0.9838430208601068,0.7906778454780579,0.0,-0.0009886069456115365,-0.0012078112922608852,31.929492,0.008129591991435349,0,0,27.064981873975945,14.180155513191146,27.05772553300774,occluder,,,,,2.4,3719,ok,stale_plan,0,ok,1.1335702,0.3416903000033926,0.7558313000190537,0.035712000011699274,0,0.0011831999999998288,0.009265599999999097,0,265.02109319576266,27.03740888732557,,3.5799742919736275,0,0,0,,,,,,,,,,,,0,17.860665509474245,0.007896159047616765,22.430274204558533,0.0069047044261974205,20.130658438342152,0.23136088108850458,23.242738046395257,0.4767608849929015,17.13745593674449,0.017166117645013433,30.461909368004694,0.14114995463694935,30.777911716976668,0.2927394990568534,30.207594000215767,-0.056381018140357064,30.4149223129569,0.32505003708761565
3768,3.95,empty_shadow,ADA,0,0,3767,3.9000000000000004,1,1,300.22052968151826,-201.68305474741553,,,,,,,0,0,29.6558705826271,1.0334851742763362,0.802007794380188,0.0,-0.0011933580972254276,-0.0014579619746655226,31.929492,0.008101286887662023,0,0,27.652571393793362,14.029409578373054,27.64553544831789,occluder,,,,,2.45,3719,ok,stale_plan,0,ok,1.1335702,0.3416903000033926,0.7558313000190537,0.035712000011699274,1,0.0011565000000004488,0.012464100000002531,0,265.91415964894895,27.62615848853244,,3.5669452525844747,0,0,0,,,,,,,,,,,,0,17.861699280125656,0.02067541679257177,22.43054695849054,0.005455078722373949,20.139788887698415,0.18260899863093055,23.264287272905165,0.43098453018666333,17.13837718521882,0.018424969490039637,30.46701552670305,0.1021235577173855,30.790086307953246,0.243491833410074,30.204788295865686,-0.05611408544559431,30.428714337934448,0.2758405096764135
3769,4.0,empty_shadow,ADA,0,0,3768,3.95,1,1,301.70493968305266,-201.69594557279498,,,,,,,0,0,29.70997536957339,1.0820957389258012,0.8130351901054382,0.0,-0.0011933580972254276,-0.0014579619746655226,31.929492,0.008071808557291855,0,0,28.242721261952425,13.875673097232779,28.235955334377337,occluder,,,,,2.5,3719,ok,stale_plan,0,ok,1.1335702,0.3416903000033926,0.7558313000190537,0.035712000011699274,0,0.0011565000000004488,0.010997299999999655,0,266.8073176548643,28.217410484151515,,3.554054427205017,0,0,0,,,,,,,,,,,,0,17.86335675485245,0.033149498586915474,22.430754862296162,0.0041580763672712144,20.146519890240217,0.13462006612605626,23.283499997330825,0.3842544885082458,17.139351840984432,0.019493115311407055,30.470202808343874,0.06374576790606232,30.799798515715608,0.19424416380354248,30.20203026964962,-0.05516052429765564,30.44003825743188,0.22647839586999155
3770,4.05,empty_shadow,ADA,0,0,3769,4.0,1,1,303.19209617276147,-201.7085608030173,,,,,,,0,0,29.766471115168358,1.1299149118993768,0.823750913143158,0.0,-0.0013341837329789996,-0.0016300128772854805,31.929492,0.008041198922261255,0,0,28.835647053762948,13.719259639422255,28.829197318365214,occluder,,,,,2.55,3719,ok,stale_plan,0,ok,1.1335702,0.3416903000033926,0.7558313000190537,0.035712000011699274,1,0.0011633000000017546,0.01097779999999915,0,267.700506178356,28.81137845036858,,3.541439196982708,0,0,0,,,,,,,,,,,,0,17.865603601395392,0.04493693500535498,22.430909357590366,0.003089905887771305,20.150914388981235,0.08788999370117626,23.300330443913012,0.33660893165218264,17.140364643423176,0.020256048773453047,30.471503637617968,0.026016596489420583,30.807048340556737,0.14499650107086787,30.199319921364356,-0.054206966171800604,30.4488921640653,0.17707813545021373
3771,4.1,empty_shadow,ADA,0,0,3770,4.05,1,1,304.6821822352813,-201.72083934046512,,,,,,,0,0,29.82530308383362,1.1766393733052638,0.8341506123542786,0.0,-0.0013341837329789996,-0.0016300128772854805,31.929492,0.00800950819830708,0,0,29.431378581545466,13.560444346707964,29.42528539467129,occluder,,,,,2.5999999999999996,3719,ok,stale_plan,1,ok,0.8414077,0.0008055999933276325,0.7557813000166789,0.08447690002503805,0,0.0011633000000017546,0.014379800000000387,0,268.5938778125112,29.408092878733214,,3.529160659534881,0,0,0,,,,,,,,,,,,0,17.868348267034598,0.054893316848639656,22.4310104455135,0.0020217583294192113,20.153039143139537,0.04249510433674623,23.31477289053022,0.2888489323819365,17.1414022400598,0.020751932733993624,30.470965703092112,-0.010758689320832982,30.811873929070067,0.09651177173285777,30.19668014018364,-0.05279562334847368,30.45530085326925,0.1281737848463474
3772,4.15,empty_shadow,ADA,0,0,3771,4.1000000000000005,1,1,306.17525917644497,-201.73357462130198,,,,,,,0,0,29.88631599667957,1.2202582569189957,0.8441032767295837,0.0,0.006555871572345495,0.00800950825214386,31.68706851564426,0.007976840147070766,1,0,30.029972143736217,13.3997549639215,30.02380367682276,occluder,,,,,0.9500000000000002,3753,ok,accepted,0,ok,0.8414077,0.0008055999933276325,0.7557813000166789,0.08447690002503805,1,0.0013714999999976385,0.014064500000003477,0,269.4874020293428,30.007645603065328,,3.516425378698017,0,0,0,,,,,,,,,,,,0,17.871541159882973,0.0638578611663087,22.431071478303373,0.0012206555545172639,20.15297807923432,-0.0012212571665883446,23.32682352188432,0.241012627146967,17.142455095766685,0.02105711413095752,30.468642416808574,-0.046465638597681005,30.81431152106889,0.04875183990080807,30.194128090588656,-0.051040989575271006,30.45931200862124,0.08022310688032275
3773,4.2,empty_shadow,ADA,0,0,3772,4.15,1,1,307.6714491550496,-201.7470260032837,,,,,,,0,0,29.949584440386886,1.2653688741463043,0.8534996509552002,0.0,0.006555871572345495,0.00800950825214386,31.68706851564426,0.00794317504282975,1,0,30.63154015325655,13.237187081167159,30.624692882877905,occluder,,,,,1.0,3753,ok,accepted,0,ok,0.8414077,0.0008055999933276325,0.7557813000166789,0.08447690002503805,0,0.0013714999999976385,0.008815800000000706,0,270.38107883405604,30.610158776956666,,3.5029739967162925,0,0,0,,,,,,,,,,,,0,17.87515176336188,0.07221207332823641,22.431094362437364,0.00045768275733975043,20.150832286480757,-0.04291583496873624,23.336505226771603,0.1936340978660469,17.14350604419304,0.02101896851509511,30.464600545086157,-0.08083718708059989,30.814424058591175,0.002250750175799097,30.191671403311513,-0.0491337400486422,30.460967591606735,0.03311165960618907
3774,4.25,empty_shadow,ADA,0,0,3773,4.2,1,1,309.17087425181114,-201.76122396234356,,,,,,,0,0,30.01499437425834,1.3081986774290755,0.8624955415725708,0.0,0.006501576863229275,0.007943174801766872,31.999416193874247,0.0079085940108427,1,0,31.236142898579164,13.07314682484146,31.22816821977037,occluder,,,,,1.0499999999999998,3753,ok,accepted,0,ok,0.8414077,0.0008055999933276325,0.7557813000166789,0.08447690002503805,1,0.0012043999999988841,0.01251519999999573,0,271.2749692618038,31.215693445970487,,3.488776037656436,0,0,0,,,,,,,,,,,,0,17.87916291128806,0.08022296176783696,22.431084822184477,-0.00019080510627560062,20.1467085772565,-0.08247416687598057,23.343833263360377,0.1465607319303436,17.14454554851876,0.02079008651708284,30.45892402290145,-0.1135299867964006,30.812278298953274,-0.04291519211866796,30.18932724433892,-0.046883169625173346,30.46034008127732,-0.012550205809907893
3775,4.3,empty_shadow,ADA,0,0,3774,4.25,1,1,310.6735956320173,-201.77654994736434,,,,,,,0,0,30.082438018800385,1.3488728908409087,0.8709372878074646,0.0,0.006501576863229275,0.007943174801766872,31.999416193874247,0.007873173715247456,1,0,31.843829720688714,12.908055979553229,31.834395971803602,occluder,,,,,1.0999999999999996,3753,ok,accepted,0,ok,0.8414077,0.0008055999933276325,0.7557813000166789,0.08447690002503805,0,0.0012043999999988841,0.010552099999998177,0,272.1690733229967,31.824310764983693,,3.4734500526356555,0,0,0,,,,,,,,,,,,0,17.883559344847672,0.08792867388322897,22.43105239208089,-0.0006486023403016318,20.140711854404188,-0.11993444170644649,23.34887438944194,0.10082252185888041,17.145565980938603,0.020408648393298062,30.45170822884361,-0.1443151873419787,30.80795435028745,-0.086478970864758,30.187105151385595,-0.04444184434055378,30.457515308403543,-0.05649545509823533
3776,4.35,empty_shadow,ADA,0,0,3775,4.3,1,1,312.1797659980682,-201.79333959963202,,,,,,,0,0,30.151826048382585,1.3877605916439961,0.8790901303291321,0.0,0.006444280501455069,0.00787317380309105,32.24915640012745,0.007836980019108899,1,0,32.454772071767096,12.742204168187417,32.44363734798082,occluder,,,,,1.1499999999999995,3753,ok,accepted,0,ok,0.8414077,0.0008055999933276325,0.7557813000166789,0.08447690002503805,1,0.0011933000000041716,0.012210600000003069,0,273.06336047923696,32.43619397479438,,3.45666040036798,0,0,0,,,,,,,,,,,,0,17.888320081506787,0.09521473611817452,22.430998979843075,-0.0010682442349238476,20.132968004883324,-0.1548769794799957,23.35168010337446,0.05611427895359929,17.146555894203807,0.019798265307575752,30.4430409149966,-0.1733453485205975,30.80154948715549,-0.12809725770390878,30.185012756755047,-0.04184787402486717,30.452588639859233,-0.09853336648565517
3777,4.4,empty_shadow,ADA,0,0,3776,4.3500000000000005,1,1,313.6893854696879,-201.81194387127456,,,,,,,0,0,30.2230600174286,1.424679380920324,0.8867928385734558,0.0,0.006444280501455069,0.00787317380309105,32.24915640012745,0.007800082456136521,1,0,33.068840725124694,12.575918203156379,33.05582892494455,occluder,,,,,1.2000000000000002,3753,ok,accepted,0,ok,0.8414077,0.0008055999933276325,0.7557813000166789,0.08447690002503805,0,0.0011933000000041716,0.009397100000001046,0,273.9579528112408,33.05122111441028,,3.438056128725435,0,0,0,,,,,,,,,,,,0,17.89343177256207,0.1022338228880485,22.43093603201997,-0.0012589563100366267,20.12360482040857,-0.1872636824515909,23.35231716174896,0.012741167826580873,17.147509568006644,0.01907347605565378,30.43303081069733,-0.20020093761488358,30.793170521140194,-0.1675793123063029,30.183057690817506,-0.03910129722558443,30.445647813475734,-0.13881652093844907
3778,4.45,empty_shadow,ADA,0,0,3777,4.4,1,1,315.20260678571435,-201.83280521509522,,,,,,,0,0,30.296052541722997,1.4598504858879124,0.8940908908843994,0.0,0.006384454667568207,0.007800082676112652,32.395644885025405,0.0077625436420297915,1,0,33.68623968580066,12.409438011791055,33.67122478079758,occluder,,,,,1.25,3753,ok,accepted,0,ok,0.8414077,0.0008055999933276325,0.7557813000166789,0.08447690002503805,1,0.0011947000000063213,0.01382740000000382,0,274.8527892838553,33.66960595782217,,3.4171947849047797,0,0,0,,,,,,,,,,,,0,17.89886771403591,0.10871883068144367,22.4308616387199,-0.0014878652767976526,20.112753908237725,-0.21701824003317352,23.350871395882823,-0.028915316893770117,17.148421280257764,0.01823424501911494,30.421790460784834,-0.22480566539173102,30.782929985230332,-0.20481070703577334,30.18124186172948,-0.03631655866209178,30.436812991985484,-0.17669642060235785
3779,4.5,empty_shadow,ADA,0,0,3778,4.45,1,1,316.71949106979184,-201.85618300967135,,,,,,,0,0,30.370716736133307,1.4932838882062072,0.9008036851882935,0.0,0.006384454667568207,0.007800082676112652,32.395644885025405,0.0077244247818632344,1,0,34.30699806321416,12.2429949765993,34.28988964901915,occluder,,,,,1.2999999999999998,3753,ok,accepted,0,ok,0.8414077,0.0008055999933276325,0.7557813000166789,0.08447690002503805,0,0.0011947000000063213,0.009591499999999087,0,275.7479004198624,34.29137910589259,,3.393816990328645,0,0,0,,,,,,,,,,,,0,17.904620276461753,0.11505124918734937,22.430789153674557,-0.001449700602103447,20.10054687626874,-0.2441406393105093,23.34742672849989,-0.06889334719531956,17.14928340146274,0.017242424094406593,30.409426688420652,-0.24727398534704012,30.770948042140677,-0.2396388474281014,30.179569084278555,-0.03345552541456558,30.426204337810574,-0.2121730720084511
3780,4.55,empty_shadow,ADA,0,0,3779,4.5,1,1,318.2401601996264,-201.8815126381974,,,,,,,0,0,30.447270355426266,1.5310723858591757,0.9060564637184143,0.0,-0.0018006573664024472,-0.007492704316973686,31.929492,0.00768563207845329,1,0,34.931229481996425,12.07642954821719,34.9124266545531,occluder,,,,,1.3499999999999996,3753,ok,stale_plan,0,ok,0.8414077,0.0008055999933276325,0.7557813000166789,0.08447690002503805,1,0.001443899999998166,0.011468999999998175,0,276.6433167264276,34.91663192916195,,3.3684873618026074,0,0,0,,,,,,,,,,,,0,17.91066847813694,0.1209640340645399,22.430720482254827,-0.001373427564654487,20.087124866727656,-0.2684401921748819,23.342082341760147,-0.10688773429538102,17.150084487470078,0.01602172013910563,30.39606538537895,-0.26722451941994174,30.757356298967995,-0.27183484579486356,30.178037452945173,-0.030632604826508737,30.413951550747427,-0.24505572744383916
3781,4.6,empty_shadow,ADA,0,0,3780,4.55,1,1,319.76461400864565,-201.90830581945175,,,,,,,0,0,30.525232936960816,1.5592516306909943,0.9094454646110535,0.0,-0.006132862064987421,-0.007492704316973686,31.929492,0.007646424963834608,1,0,34.978336866253514,11.910310688053604,34.95709485539169,follower_1,,,,,1.3999999999999995,3753,ok,stale_plan,0,ok,0.8414077,0.0008055999933276325,0.7557813000166789,0.08447690002503805,0,0.001443899999998166,0.0098117000000002,0,277.5390382087563,35.54536425585246,,3.341694180548245,0,0,0,,,,,,,,,,,,0,17.916997061177696,0.1265716608553492,22.430661347837894,-0.0011826879403450661,20.07262711689787,-0.28995499855943285,23.334941233058593,-0.14282217343630987,17.15083026034364,0.014915457460736805,30.381832443784674,-0.2846572718469913,30.742290176901953,-0.30132242083112104,30.17664315373626,-0.02788596529591281,30.400188144951287,-0.27526810001996305
3782,4.65,empty_shadow,ADA,0,0,3781,4.6000000000000005,1,1,321.2930050222666,-201.93637939592247,,,,,,,0,0,30.604361882022996,1.5825789012436076,0.9110129475593567,0.0,-0.0062586842104792595,-0.007646425161510706,31.929492,0.0076069372610341164,1,0,34.9881120477792,11.744981785858283,34.96692518228865,follower_1,,,,,1.4500000000000002,3753,ok,stale_plan,0,ok,0.8414077,0.0008055999933276325,0.7557813000166789,0.08447690002503805,1,0.0011798999999967918,0.00910660000000263,0,278.43503434927214,36.177759128957575,,3.313620604077528,0,0,0,,,,,,,,,,,,0,17.923588859346914,0.13183596298350136,22.430615564817707,-0.0009156595782683642,20.057194771135464,-0.30864691663309424,23.326125472067428,-0.17631521921678903,17.151513090719927,0.01365660751310869,30.366842309669924,-0.2998011614377539,30.7258850974713,-0.32810156560672477,30.175384279883026,-0.025177464129949912,30.385051449288103,-0.3027338955795165
3783,4.7,empty_shadow,ADA,0,0,3782,4.65,1,1,322.8253942131772,-201.9655502413299,,,,,,,0,0,30.684349159780037,1.599745555140828,0.9106776118278503,0.0,-0.0062586842104792595,-0.007646425161510706,31.929492,0.007567331279241797,1,0,35.00258734208295,11.581082243912945,34.98213619591943,follower_1,,,,,1.5,3753,ok,stale_plan,0,ok,0.8414077,0.0008055999933276325,0.7557813000166789,0.08447690002503805,0,0.0011798999999967918,0.009244899999998779,0,279.3314272182805,36.813755450859844,,3.2844497586700925,0,0,0,,,,,,,,,,,,0,17.930424799076356,0.13671879381262553,22.430583134215677,-0.0006486116544814781,20.040968972189333,-0.3245159784326344,23.315738056196558,-0.20774831673012267,17.152134885913927,0.01243590386427594,30.351224685362823,-0.31235105169646155,30.708276482217947,-0.35217227992210837,30.174258923358682,-0.022507118651240124,30.36867497795946,-0.327529407424217
3784,4.75,empty_shadow,ADA,0,0,3783,4.7,1,1,324.3617508764073,-201.9952690497105,,,,,,,0,0,30.764815016269747,1.6093171297941922,0.9085565209388733,0.0,-0.006193944718688726,-0.0075673311948776245,31.929492,0.007527799596735565,1,0,35.02191512362565,11.41925209766699,35.0027198952468,follower_1,,,,,1.5499999999999998,3753,ok,stale_plan,0,ok,0.8414077,0.0008055999933276325,0.7557813000166789,0.08447690002503805,1,0.0011707000000029666,0.011037600000001646,0,280.22818630341044,37.45335302896001,,3.254730950289513,0,0,0,,,,,,,,,,,,0,17.93748580680358,0.14122015345205666,22.430569777046124,-0.0002671433008477165,20.02409467837576,-0.3374858729835777,23.30390486983481,-0.23666372655078696,17.152691831254405,0.011138906791316969,30.335103551054377,-0.3224213849251146,30.689615011781004,-0.37322938159873453,30.17325754938444,-0.020027472153907214,30.35121131931441,-0.3492731521006621
3785,4.8,empty_shadow,ADA,0,0,3784,4.75,1,1,325.90219691568973,-202.0250474981996,,,,,,,0,0,30.84534825709313,1.610664816467633,0.9047979712486267,0.0,-0.006193944718688726,-0.0075673311948776245,31.929492,0.007488544147658149,1,0,35.04612573300042,11.260064734669486,35.028587024052364,follower_1,,,,,1.5999999999999996,3753,ok,stale_plan,1,ok,0.6618203,0.0007828999951016158,0.6096567999920808,0.05102839999017306,0,0.0011707000000029666,0.009214699999994025,0,281.1252505590985,38.09673481255436,,3.224952501800402,0,0,0,,,,,,,,,,,,0,17.944754715505233,0.14537817300412126,22.430577400040416,0.0001524606528956501,20.00670921858045,-0.34770918915349164,23.290747983332444,-0.2631377293615688,17.15318774142111,0.00991820331274434,30.318604791862956,-0.32997404593491,30.67004183006123,-0.39146360538619673,30.172382064470664,-0.01750969379653362,30.332799708641087,-0.36823219207113517
3786,4.8500000000000005,empty_shadow,ADA,0,0,3785,4.800000000000001,1,1,327.44654932967416,-202.0551908250253,,,,,,,0,0,30.925548451371426,1.6040038855659589,0.8988589644432068,0.0,0.0019911671988666058,0.005579027347266674,31.508449532190642,0.007449755397206938,0,0,35.07503621049999,11.10399318374409,35.058944319278424,follower_1,,,,,0.8500000000000005,3769,ok,accepted,0,ok,0.6618203,0.0007828999951016158,0.6096567999920808,0.05102839999017306,1,0.0012358000000034508,0.009664900000004195,0,282.0227115432791,38.743626242358175,,3.1948091749746936,0,0,0,,,,,,,,,,,,0,17.952218174639054,0.1492691813795768,22.430607911944712,0.0006102384489892275,19.98894801428815,-0.35522407525036054,23.276393282285134,-0.2870940201869802,17.15361689305336,0.0085830325445888,30.301854291206926,-0.3350090524938097,30.649699987400837,-0.4068368232617884,30.171617209590313,-0.015297095052697718,30.31358701205581,-0.38425390961338124
3787,4.9,empty_shadow,ADA,0,0,3786,4.8500000000000005,1,1,328.9949912446403,-202.08576000287573,,,,,,,0,0,31.00497441841608,1.5885193408930576,0.8908334374427795,0.0,0.00456649623811245,0.005579027347266674,31.508449532190642,0.007411637356353263,0,0,35.10886015833728,10.951450218824858,35.09357574101002,follower_1,,,,,0.9000000000000004,3769,ok,accepted,0,ok,0.6618203,0.0007828999951016158,0.6096567999920808,0.05102839999017306,0,0.0012358000000034508,0.009951499999999669,0,282.9205692559522,39.39421044465121,,3.1642399971242696,0,0,0,,,,,,,,,,,,0,17.959860925311556,0.15285501194361897,22.430667034193856,0.0011824450472609563,19.970952208988656,-0.3599160914556701,23.260964743728607,-0.30857077038871333,17.153983103695083,0.007324212813488614,30.28496458263962,-0.3377934036394101,30.628734442208124,-0.41931087320151594,30.170947726461293,-0.01338966182014234,30.293725817345933,-0.3972238716288872
3788,4.95,empty_shadow,ADA,0,0,3787,4.9,1,1,330.54733955513007,-202.11675509421548,,,,,,,0,0,31.083182259792242,1.5641568275232487,0.8807235360145569,0.0,0.006066507659852505,0.007411637343466282,31.47908290182303,0.0073743890532986245,1,0,35.14750602898869,10.802787456794713,35.13235091204903,follower_1,,,,,0.9500000000000002,3769,ok,accepted,0,ok,0.6618203,0.0007828999951016158,0.6096567999920808,0.05102839999017306,1,0.001243699999996295,0.015409200000000567,0,283.8187931743362,40.04833483675702,,3.1332449057845224,0,0,0,,,,,,,,,,,,0,17.967665802137358,0.15609753454433,22.43075285862483,0.001716489306661466,19.952851502924567,-0.36201410251551924,23.244603512076836,-0.32722463222858406,17.15428637159823,0.006065358024281802,30.268053918737305,-0.3382126926071752,30.607286338181975,-0.4289620494151058,30.170369799765158,-0.01155853391691751,30.273355360850967,-0.40740910706523986
3789,5.0,empty_shadow,ADA,0,0,3788,4.95,1,1,332.1035027188251,-202.14820664785327,,,,,,,0,0,31.159735722675602,1.5310692576672125,0.8686221241950989,0.0,0.006066507659852505,0.007411637343466282,31.47908290182303,0.007338199962636568,1,0,35.190790732612186,10.658358095767364,35.17520040284392,follower_1,,,,,1.0,3769,ok,accepted,0,ok,0.6618203,0.0007828999951016158,0.6096567999920808,0.05102839999017306,0,0.001243699999996295,0.009216300000005617,0,284.7174443439944,40.70584683079386,,3.1017933521467285,0,0,0,,,,,,,,,,,,0,17.975619453469264,0.15907302381124594,22.43086538733477,0.002250574478010577,19.934775594606066,-0.36151814414658656,23.22742593496877,-0.3435515413775304,17.154528604268005,0.0048446534009349475,30.251242460274653,-0.3362287514088065,30.585502541066898,-0.4356759109895934,30.169871985801475,-0.009956279362709156,30.252622507995124,-0.41465703446255525
3790,5.05,empty_shadow,ADA,0,0,3789,5.0,1,1,333.6633892610772,-202.18034357684402,,,,,,,0,0,31.23414064986385,1.4880985437649485,0.854428768157959,0.0,0.0060063982382416725,0.0073381997644901276,31.346760718645704,0.007303281219542035,1,0,35.238592303010236,10.518625685201076,35.222157381621315,follower_1,,,,,1.0499999999999998,3769,ok,accepted,0,ok,0.6618203,0.0007828999951016158,0.6096567999920808,0.05102839999017306,1,0.0014256000000045788,0.013121400000002836,0,285.6164617245688,41.36671599247154,,3.069656423155976,0,0,0,,,,,,,,,,,,0,17.983702805346066,0.16166703492612508,22.431008432786392,0.0028609090741345674,19.916846549988005,-0.35858086957299895,23.209573156845845,-0.35705556160698415,17.15471361745082,0.0037002636537105164,30.23463701653847,-0.33210860121906116,30.563516565170872,-0.43971948664321375,30.16944474603244,-0.008544794995671595,30.231668402861974,-0.41908208005697206
3791,5.1000000000000005,empty_shadow,ADA,0,0,3790,5.050000000000001,1,1,335.226907743676,-202.21350160575994,,,,,,,0,0,31.305935370264198,1.435894408006959,0.8383490443229675,0.0,0.0060063982382416725,0.0073381997644901276,31.346760718645704,0.007269823199922947,1,0,35.29088030068726,10.383931373648444,35.273310329990494,follower_1,,,,,1.1000000000000005,3769,ok,accepted,0,ok,0.6618203,0.0007828999951016158,0.6096567999920808,0.05102839999017306,0,0.0014256000000045788,0.011561200000002714,0,286.5159063564175,42.03078984322167,,3.0364983942400556,0,0,0,,,,,,,,,,,,0,17.99190059794593,0.16395584892114828,22.4311800878306,0.003433101554850006,19.899184530555548,-0.3532403667396834,23.19117106210193,-0.36804189404432675,17.154843316089593,0.002593972779329157,30.218350119862354,-0.3257377786678423,30.541467646856137,-0.44097833527000346,30.169078544421765,-0.007324030951541973,30.21062655941775,-0.4208368467741013
3792,5.15,empty_shadow,ADA,0,0,3791,5.1000000000000005,1,1,336.7938751808872,-202.2480317491937,,,,,,,0,0,31.374649797424212,1.3742885432002794,0.8202043175697327,0.0,0.005950430873781443,0.007269822992384434,31.11082838856416,0.0072380155307120815,1,0,35.347410709961835,10.254606406315556,35.328510829041875,follower_1,,,,,1.1500000000000004,3769,ok,accepted,0,ok,0.6618203,0.0007828999951016158,0.6096567999920808,0.05102839999017306,1,0.001197699999998747,0.010488099999996336,0,287.4157477115533,42.697915925297025,,3.0019682508063,0,0,0,,,,,,,,,,,,0,18.00019757286344,0.1659394959255236,22.43137654048568,0.003929053336439579,19.88190588452205,-0.34557290051407685,23.172343628460073,-0.37654867200724457,17.15492151652911,0.001564008784576707,30.202473320946837,-0.3175359086628925,30.5194893004374,-0.4395668978040428,30.168767658533348,-0.00621771539600538,30.18963239971248,-0.4198831723377163
3793,5.2,empty_shadow,ADA,0,0,3792,5.15,1,1,338.3641391149639,-202.28431552890353,,,,,,,0,0,31.439818984240652,1.3033837363288114,0.8002105355262756,0.0,0.005950430873781443,0.007269822992384434,31.11082838856416,0.007208041416631448,1,0,35.4080310782923,10.130948340034811,35.387680626860735,follower_1,,,,,1.2000000000000002,3769,ok,accepted,0,ok,0.6618203,0.0007828999951016158,0.6096567999920808,0.05102839999017306,0,0.001197699999998747,0.009934600000001126,0,288.3159857951817,43.36794177574535,,2.9656844710964663,0,0,0,,,,,,,,,,,,0,18.008588008539018,0.16780871026649188,22.4316073297839,0.004615785960800772,19.865115516512134,-0.3358073423715485,23.15322055623644,-0.38246144356400696,17.154952034621644,0.0006103618551009008,30.187100078222866,-0.3074648362708987,30.497699779011867,-0.43579040075641856,30.168504458604545,-0.005263995000002357,30.168819438084352,-0.4162592112675408
3794,5.25,empty_shadow,ADA,0,0,3793,5.2,1,1,339.93754708295353,-202.32271920785954,,,,,,,0,0,31.501013607512967,1.2238924654462835,0.778109073638916,0.0,0.005899862386286259,0.0072080413810908794,30.816296360928092,0.007180064553999603,1,0,35.47252789716279,10.01316888871415,35.450665851983,follower_1,,,,,1.25,3769,ok,accepted,0,ok,0.6618203,0.0007828999951016158,0.6096567999920808,0.05102839999017306,1,0.0013833000000005313,0.012141899999996042,0,289.2166511248789,44.04068441403774,,2.927280792140465,0,0,0,,,,,,,,,,,,0,18.01704710983321,0.16918202317284675,22.431864826319106,0.00514993044997076,19.848916422715302,-0.32398186160184256,23.13393154390222,-0.38578024587774495,17.15494059085884,-0.00022887525481336932,30.172312407122316,-0.29575342348979666,30.476219245891656,-0.4296106372287068,30.168275592398054,-0.0045773195005033235,30.148307836000246,-0.41023202201570513
3795,5.3,empty_shadow,ADA,0,0,3794,5.25,1,1,341.5136719533059,-202.36357862515246,,,,,,,0,0,31.55780355898483,1.1357990294372655,0.7540931701660156,0.0,0.005899862386286259,0.0072080413810908794,30.816296360928092,0.007154246869825394,1,0,35.540474045433726,9.901490439529146,35.517086910602416,follower_1,,,,,1.2999999999999998,3769,ok,accepted,0,ok,0.6618203,0.0007828999951016158,0.6096567999920808,0.05102839999017306,0,0.0013833000000005313,0.00882590000000505,0,290.1177742182214,44.71568619104761,,2.8864213748475436,0,0,0,,,,,,,,,,,,0,18.025567245860074,0.17040271720488945,22.43214902991255,0.0056840708372849534,19.833400155326395,-0.31032533754934355,23.114589126318076,-0.3868483507918591,17.15489100014371,-0.0009918143024289193,30.158196137438853,-0.2823253849060865,30.45516977046722,-0.4209894868872783,30.16807152378824,-0.004081366326982186,30.12821394102832,-0.4018778819166928
3796,5.3500000000000005,empty_shadow,ADA,0,0,3795,5.300000000000001,1,1,343.0925745581635,-202.4062986672219,,,,,,,0,0,31.61016639899672,1.0472568002378324,0.7300522923469543,0.0,-0.0022852495312690735,-0.0071542467921972275,31.929492,0.0071305650143718554,1,0,35.61189983246594,9.795692085649598,35.58751294473928,follower_1,,,,,1.3500000000000005,3769,ok,stale_plan,0,ok,0.6618203,0.0007828999951016158,0.6096567999920808,0.05102839999017306,1,0.001163200000000586,0.014167499999999222,0,291.01929404526186,45.39306896886478,,2.843701332778096,0,0,0,,,,,,,,,,,,0,18.03413125203682,0.17128012088555156,22.432463753053444,0.006294462787122018,19.818656358471447,-0.294875931506357,23.095315373090664,-0.3854750636889887,17.154807075901772,-0.0016784848417688365,30.144821840787504,-0.2674858887069501,30.43465625728692,-0.41027024542061374,30.167886529976307,-0.0036998694016053667,30.108650285928146,-0.39127308725806914
3797,5.4,empty_shadow,ADA,0,0,3796,5.3500000000000005,1,1,344.6738580076667,-202.45040644697457,,,,,,,0,0,31.65763418743794,0.949355768824347,0.7059050798416138,0.0,-0.005855830851942301,-0.0071542467921972275,31.929492,0.007109198478745875,1,0,35.6863473332471,9.695860714332975,35.66191039753951,follower_1,,,,,1.4000000000000004,3769,ok,stale_plan,0,ok,0.6618203,0.0007828999951016158,0.6096567999920808,0.05102839999017306,0,0.001163200000000586,0.007672200000001794,0,291.9212716307421,46.072374832887704,,2.7995935530254314,0,0,0,,,,,,,,,,,,0,18.04272577440415,0.17189044433085934,22.43280327146057,0.006790368923189193,19.804761325985094,-0.27790064802094067,23.076226631924776,-0.38177482277744623,17.154694541711372,-0.0022506838149691523,30.132254367159806,-0.2513493721826478,30.414781702712666,-0.3974910771442429,30.167703444178617,-0.0036617084367952957,30.08972368276131,-0.37853205106882426
3798,5.45,empty_shadow,ADA,0,0,3797,5.4,1,1,346.2573391755359,-202.49584099172242,,,,,,,0,0,31.70013034616943,0.8499231746298364,0.6818466186523438,0.0,-0.005818957928568125,-0.0071091982536017895,31.929492,0.0070901511757665925,1,0,35.7635723759341,9.601826419940034,35.739960569020184,follower_1,,,,,1.4500000000000002,3769,ok,stale_plan,0,ok,0.6618203,0.0007828999951016158,0.6096567999920808,0.05102839999017306,1,0.0011508999999989555,0.014092899999994302,0,292.82364594471494,46.753481686784085,,2.7541590082775826,0,0,0,,,,,,,,,,,,0,18.051343187084314,0.1723482510842718,22.433167586684764,0.007286306257316474,19.791793260038062,-0.2593613196406314,23.05743162323641,-0.375900173381595,17.154555306005868,-0.002784714110067607,30.12054521481777,-0.2341828765121643,30.39563575133274,-0.3829190174707943,30.167522266668527,-0.0036235419805483032,30.071529497837773,-0.36388368941432453
3799,5.5,empty_shadow,ADA,0,0,3798,5.45,1,1,347.84274329427075,-202.54228196061084,,,,,,,0,0,31.737633602577947,0.7500651281703341,0.65785813331604,0.0,-0.005818957928568125,-0.0071091982536017895,31.929492,0.007073405265736911,1,0,35.84326966503947,9.513502452325374,35.821165664596975,follower_1,,,,,1.5,3769,ok,stale_plan,0,ok,0.6618203,0.0007828999951016158,0.6096567999920808,0.05102839999017306,0,0.0011508999999989555,0.009870100000000548,0,293.7264474995513,47.4360842506826,,2.7077180393891638,1,0,0,,,,,,,,,,,,0,18.05996632115042,0.1724626790533831,22.433552882793922,0.007705924652587424,19.77981128751506,-0.23963945269903392,23.039039064522672,-0.3678511735349054,17.154396996664953,-0.0031661868225892164,30.10974778939687,-0.21594826061893924,30.377304233829197,-0.36663034368051634,30.167335367865302,-0.0037379673031018544,30.054161191280457,-0.34736612507373177
3800,5.55,empty_shadow,ADA,0,0,3799,5.5,1,1,349.4298263846275,-202.59020245935938,,,,,,,0,0,31.769998931657376,0.6473065815885803,0.633991539478302,0.0,0.0023661539889872074,0.006563375238329172,31.879407854602015,0.007059001181604638,0,0,35.92510367900121,9.430920233008298,35.904535458724375,follower_1,,,,,0.8499999999999996,3783,ok,accepted,1,ok,0.7684902,0.0007751999946776778,0.7120745000138413,0.05529309998382814,1,0.0012320000000016762,0.015363999999998157,0,294.6297373408146,48.11987749977607,,2.659797540640625,1,0,0,,,,,,,,,,,,0,18.068583733445273,0.17234824369571938,22.433961066679426,0.008163680518434349,19.76886881539695,-0.21884944446524274,23.021148138377466,-0.3578185222029885,17.154223428505325,-0.003471363200215222,30.09990595867833,-0.19683629187615337,30.359865350436568,-0.34877766500117835,30.16712939612923,-0.004119425576559699,30.037696964335886,-0.3292845354526561
3801,5.6000000000000005,empty_shadow,ADA,0,0,3800,5.550000000000001,1,1,351.0182832968697,-202.63967888601675,,,,,,,0,0,31.797356239276194,0.5471461523763566,0.6104592084884644,0.0,0.005372195970267057,0.006563375238329172,31.879407854602015,0.007046860185054228,0,0,36.00879980127536,9.353879523329303,35.98930134479918,follower_1,,,,,0.9000000000000004,3783,ok,accepted,0,ok,0.7684902,0.0007751999946776778,0.7120745000138413,0.05529309998382814,0,0.0012320000000016762,0.008715399999999818,0,295.53339339819945,48.80467835463338,,2.6103211139832467,1,0,0,,,,,,,,,,,,0,18.07718016513851,0.17192863172912087,22.434384509259928,0.008468854560852439,19.75901734145663,-0.19702947961369313,23.003859934207846,-0.3457640827438927,17.154036507638825,-0.003738417321199338,30.091044517517574,-0.1772284329776244,30.3433877662098,-0.3295516839608893,30.16690053622376,-0.004577188875412908,30.022211202495612,-0.3097152358227211
3802,5.65,empty_shadow,ADA,0,0,3801,5.6000000000000005,1,1,352.607930883896,-202.69058923274224,,,,,,,0,0,31.819841351566176,0.44970224579962803,0.5869755744934082,0.0,0.0057679335586726665,0.007046860177069902,31.664566240168707,0.00703690487289153,1,0,36.0941443671843,9.28203272508233,36.07523781134482,follower_1,,,,,0.9500000000000002,3783,ok,accepted,0,ok,0.7684902,0.0007751999946776778,0.7120745000138413,0.05529309998382814,1,0.0011977000000058524,0.011183699999996577,0,296.4375377316005,49.49018160825864,,2.5594107672577593,1,0,0,,,,,,,,,,,,0,18.08574607945549,0.1713182842664251,22.43482702387326,0.008850293915680214,19.750289291200435,-0.17456100341275155,22.987262189448032,-0.331954894677643,17.153843864992133,-0.0038528529309036306,30.083192075489997,-0.1570483935408783,30.32793442343675,-0.30906685607183076,30.166641159108597,-0.005187532899033041,30.007764941454134,-0.28892522119465636
3803,5.7,empty_shadow,ADA,0,0,3802,5.65,1,1,354.198494456287,-202.74284204050372,,,,,,,0,0,31.83747768775218,0.35272672372009595,0.5634699463844299,0.0,0.0057679335586726665,0.007046860177069902,31.664566240168707,0.007029111117475268,1,0,36.18074060659234,9.21521447550534,36.16206951305082,follower_1,,,,,1.0,3783,ok,accepted,0,ok,0.7684902,0.0007751999946776778,0.7120745000138413,0.05529309998382814,0,0.0011977000000058524,0.009446099999998125,0,297.3420787934941,50.176204118756004,,2.5071579594962827,1,0,0,,,,,,,,,,,,0,18.09427193963132,0.1705172015008683,22.43528288974827,0.009117319796747562,19.742718998301882,-0.15140585292989855,22.97144073575098,-0.3164290734308736,17.15364740765803,-0.00392914668103422,30.076360075442707,-0.13663951241271483,30.31355109805531,-0.2876665081477181,30.166349357291015,-0.00583602689852949,29.994413493331024,-0.26702896327900877
3804,5.75,empty_shadow,ADA,0,0,3803,5.7,1,1,355.7897604326514,-202.7965594524821,,,,,,,0,0,31.85031240834558,0.256694411867997,0.5396111607551575,0.0,0.00575340585783124,0.007029111031442881,31.364963257965922,0.0070234474033285706,1,0,36.26837491208127,9.153272489485094,36.24969857237186,follower_1,,,,,1.0499999999999998,3783,ok,accepted,0,ok,0.7684902,0.0007751999946776778,0.7120745000138413,0.05529309998382814,1,0.001180499999996698,0.012024799999998947,0,298.24704710145664,50.862501787157896,,2.453440547517914,1,0,0,,,,,,,,,,,,0,18.102744394202666,0.16944908946433052,22.43575591892885,0.009460584741998226,19.73632172112058,-0.12794553446887766,22.956475681533693,-0.2993010838824575,17.153452858970038,-0.003890973764230338,30.070559960016247,-0.11600179447461963,30.300281659140875,-0.265388777235559,30.166013686124163,-0.006713414105020322,29.98220263482227,-0.2442171700613698
3805,5.8,empty_shadow,ADA,0,0,3804,5.75,1,1,357.38148476607535,-202.8520162101507,,,,,,,0,0,31.8583680050762,0.16111193461242124,0.5155075192451477,0.0,0.00575340585783124,0.007029111031442881,31.364963257965922,0.007019896119853538,1,0,36.35668119766427,9.09609844620081,36.337858453419464,follower_1,,,,,1.0999999999999996,3783,ok,accepted,0,ok,0.7684902,0.0007751999946776778,0.7120745000138413,0.05529309998382814,0,0.001180499999996698,0.008727900000003785,0,299.1524426554881,51.54883056655041,,2.3979837898492917,1,0,0,,,,,,,,,,,,0,18.111153907274893,0.16819025935822524,22.436238483283518,0.0096512876915817,19.731110812596068,-0.10421815722846137,22.942437599827645,-0.28076163358994616,17.153262124653445,-0.003814686338918076,30.065793632643373,-0.09532603240442312,30.288162346450832,-0.24238624970650252,30.165637960806865,-0.007514497158624042,29.971168605915945,-0.22068057573724306
3806,5.8500000000000005,empty_shadow,ADA,0,0,3805,5.800000000000001,1,1,358.9733928868633,-202.90947180660552,,,,,,,0,0,31.861660573203068,0.06585136253733026,0.4908970892429352,0.0,0.005745863076299429,0.007019896060228348,31.065233981118705,0.0070184453773324265,1,0,36.445445928798364,5.585582525270684,36.42641400505436,follower_1,,,,,1.1500000000000004,3783,ok,accepted,0,ok,0.7684902,0.0007751999946776778,0.7120745000138413,0.05529309998382814,1,0.001336300000005508,0.01006710000000055,0,300.05826546079373,52.23491588203268,,2.3405281933944764,1,0,0,,,,,,,,,,,,0,18.119485219039657,0.1666262332375865,22.43673249071464,0.009880148935950033,19.7270881796727,-0.08045264068725984,22.92939515455351,-0.26084890496028473,17.153079018487265,-0.0036621233153649392,30.062053462255278,-0.07480290578512572,30.27721604873648,-0.21892594590162567,30.16521836654645,-0.008391876137266508,29.961340016154328,-0.1965717890392949
3807,5.9,empty_shadow,ADA,0,0,3806,5.8500000000000005,1,1,360.56527125526713,-202.9691704553328,,,,,,,0,0,31.860197032704082,-0.02927080997970677,0.4659682810306549,0.0,0.005745863076299429,0.007019896060228348,31.065233981118705,0.007019090174198977,1,0,36.53430297785374,5.535091713952405,36.5150630078349,follower_1,,,,,1.2000000000000002,3783,ok,accepted,0,ok,0.7684902,0.0007751999946776778,0.7120745000138413,0.05529309998382814,0,0.001336300000005508,0.010334100000001456,0,300.9644544718102,52.92060523942007,,2.280829544667199,1,0,0,,,,,,,,,,,,0,18.127728791904456,0.16487145545260182,22.43723221813979,0.009994548604698762,19.724248105036736,-0.0568014729762502,22.91739984475964,-0.23990619528865612,17.15290735659491,-0.0034332378443199295,30.059324187274015,-0.05458502684427276,30.267461839722035,-0.19508416648619117,30.164752994480107,-0.009307433000547108,29.952730217960138,-0.17219595279482694
3808,5.95,empty_shadow,ADA,0,0,3807,5.9,1,1,362.15675371762984,-203.03128012793175,,,,,,,0,0,31.854018544258793,-0.12356976890579574,0.4405084252357483,0.0,0.004986686632037163,0.006092386785894632,30.765822181427435,0.007021813230816983,0,0,36.62282514560988,5.487291382692662,36.603476443647565,follower_1,,,,,1.25,3783,ok,accepted,0,ok,0.7684902,0.0007751999946776778,0.7120745000138413,0.05529309998382814,1,0.0014000000000038426,0.010890400000000966,0,301.8711012672935,53.605440906299464,,2.218719872068249,1,0,0,,,,,,,,,,,,0,18.135876998406587,0.16296412810640842,22.437741481097756,0.010185259190490717,19.722577238604174,-0.03341730836912927,22.906512710201213,-0.21774269010904634,17.15275095351217,-0.0031280616546208203,30.05757910283841,-0.034901255200645534,30.25889590433846,-0.17131868713040843,30.164238027972168,-0.0102993249588076,29.945352562270088,-0.14755309631773417
3809,6.0,empty_shadow,ADA,0,0,3808,5.95,1,1,363.74771827131605,-203.09599923029182,,,,,,,0,0,31.843085077046357,-0.21866934424870976,0.4146970808506012,0.0,0.004986686632037163,0.006092386785894632,30.765822181427435,0.0070266358425776915,0,0,36.710859896238986,5.442152214922114,36.69156121427207,follower_1,,,,,1.2999999999999998,3783,ok,accepted,0,ok,0.7684902,0.0007751999946776778,0.7120745000138413,0.05529309998382814,0,0.0014000000000038426,0.009095500000000811,0,302.77814480168007,54.28936192559911,,2.154000769708176,1,0,0,,,,,,,,,,,,0,18.143920297194267,0.1608659744774113,22.43825455451033,0.010261468088866266,19.722050783886495,-0.010529073879305668,22.89676808525271,-0.19489249721227517,17.152611716553384,-0.002784739178283256,30.056791502576743,-0.015751622367762813,30.251529687857523,-0.14732430215148765,30.163671560710128,-0.011329339722226921,29.939203236224166,-0.12298649706500746
