frame,time_s,condition,controller,hidden_visible,hidden_lidar_hits,lidar_frame,lidar_time_s,lidar_is_new,semantic_lidar_reveal_armed,ego_station_m,ego_local_y_m,hidden_station_m,hidden_local_y_m,hidden_reference_y_m,hidden_lateral_error_m,hidden_commanded_ay_mps2,hidden_road_lateral_velocity_mps,hidden_observation_submitted,hidden_aware_plan,ego_speed_mps,ego_accel_mps2,ego_throttle,ego_brake,ego_steer,commanded_ackermann_steer_rad,target_speed_mps,steer_limit_rad,steering_envelope_active,shield_active,minimum_clearance_m,minimum_ttc_s,minimum_oriented_clearance_m,minimum_oriented_clearance_actor_role,minimum_ttc_2d_s,minimum_ttc_2d_actor_role,hidden_oriented_clearance_m,hidden_ttc_2d_s,plan_age_s,plan_source_frame,plan_status,plan_rejection_reason,new_plan,latest_plan_status,planner_total_s,planner_decision_s,planner_mpc_s,planner_field_s,low_level_updated,low_level_time_s,physics_control_cycle_time_s,physics_control_deadline_miss,occluder_station_m,ego_pass_clearance_ahead_occluder_m,hidden_pass_clearance_ahead_occluder_m,ego_target_lane_error_m,ego_centre_lane_overlap,hidden_centre_lane_overlap,concurrent_centre_lane_overlap,hidden_center_geometric_visible_now,hidden_center_los_blocked,hidden_footprint_fully_blocked,hidden_footprint_blocked_sample_count,hidden_footprint_sample_count,hidden_footprint_blocked_sample_fraction,hidden_center_in_range,hidden_center_in_horizontal_fov,hidden_center_geometric_range_m,hidden_center_geometric_bearing_rad,hidden_center_geometric_clear_streak,hidden_center_geometric_reveal_confirmed,occluder_speed_mps,occluder_accel_mps2,lead_left_speed_mps,lead_left_accel_mps2,lead_centre_speed_mps,lead_centre_accel_mps2,lead_right_speed_mps,lead_right_accel_mps2,rear_centre_speed_mps,rear_centre_accel_mps2,follower_1_speed_mps,follower_1_accel_mps2,follower_2_speed_mps,follower_2_accel_mps2,follower_3_speed_mps,follower_3_accel_mps2,follower_4_speed_mps,follower_4_accel_mps2
3837,0.05,empty_shadow,ADA,0,0,3836,,0,0,179.28544655079526,-201.75054123086764,,,,,,,0,0,33.03322648783153,0.0,0.5810761451721191,0.0,0.0016684149159118533,0.00203835335560143,32.97017484317458,0.006529451595014675,0,0,7.6707907902715675,11.740934583249734,7.670848950218745,occluder,,,,,0.05,3836,ok,accepted,1,ok,0.5102838,0.0019091999856755137,0.47572970000328496,0.031849099992541596,1,0.0011972000000000094,0.012018100000002363,0,193.55119973565124,-20.945964728892847,,3.49945876913236,0,0,0,,,,,,,,,,,,0,18.43995206668403,0.16185777282598518,22.10158838814609,1.753539897773106,20.705586479896354,0.3297406907632448,24.918435995684142,1.932208548886893,17.1683436486942,-0.1162719357634359,31.962948194457624,1.2478991813269356,31.38220596220549,0.12809721786415518,28.873948837690467,5.642776967219732,32.17362033208298,1.9857790080152993
3838,0.1,empty_shadow,ADA,0,0,3837,0.05,1,0,180.93827881901456,-201.75095394559085,,,,,,,0,0,33.077251404609974,0.8804983355689444,0.57600337266922,0.0,0.0016684149159118533,0.00203835335560143,32.97017484317458,0.006512082610657943,0,0,6.949066241723609,11.90511417787073,6.9492673213158875,occluder,,,,,0.1,3836,ok,accepted,0,ok,0.5102838,0.0019091999856755137,0.47572970000328496,0.031849099992541596,0,0.0011972000000000094,0.011638500000000107,0,194.47341047425107,-20.215343199273377,,3.499046054409149,0,0,0,,,,,,,,,,,,0,18.447552860922464,0.15201588097073923,22.341727395871704,4.80278015691284,20.70888412642057,0.06595297268707892,24.987652509783246,1.384332582565636,17.16567908419879,-0.0532912898820585,32.01091961684472,0.9596719989775663,31.392244319471303,0.20076715092303266,29.129678535130424,5.1145939509523854,32.248968238730846,1.506958133283439
3839,0.15000000000000002,empty_shadow,ADA,0,0,3838,0.1,1,0,182.59275913525906,-201.75165601510741,,,,,,,0,0,33.09984291035341,0.45183011486869873,0.5731387138366699,0.0,0.0014663453912362456,0.0017914788331836462,32.670174598880955,0.00650319656265025,0,0,6.228135975361034,12.043154249392556,6.228501613423356,occluder,,,,,0.15000000000000002,3836,ok,accepted,0,ok,0.5102838,0.0019091999856755137,0.47572970000328496,0.031849099992541596,1,0.0015876000000005774,0.012809700000001811,0,195.3960179465488,-19.483470355326602,,3.4983439848925855,0,0,0,,,,,,,,,,,,0,18.45464248798666,0.14179253745997003,22.53145899205286,3.7946319258786407,20.702736526073004,-0.12295176713716313,25.03475865695399,0.942123647068466,17.165532218348893,-0.0029373169978413613,32.04827726270243,0.7473357120540088,31.402938802023293,0.21388965885939,29.336366481769844,4.133758934997068,32.30287754276417,1.0781860805029428
3840,0.2,empty_shadow,ADA,0,0,3839,0.15000000000000002,1,0,184.24675129000593,-201.7527092033244,,,,,,,0,0,33.07755358695529,-0.4457864679623924,0.5753129124641418,0.0,0.0014663453912362456,0.0017914788331836462,32.670174598880955,0.0065119636313766644,0,0,5.510792208928784,12.167525058291451,5.511298145608976,occluder,,,,,0.2,3836,ok,accepted,0,ok,0.5102838,0.0019091999856755137,0.47572970000328496,0.031849099992541596,0,0.0015876000000005774,0.009877200000001807,0,196.31893058940466,-18.75239084343559,,3.4972907966755997,0,0,0,,,,,,,,,,,,0,18.46120950286418,0.13134029417991858,22.66017831825902,2.5743865260645418,20.689073937305512,-0.2732512992169606,25.064354944093534,0.5919256852289396,17.167382346729386,0.03700256761117887,32.07749004748985,0.5843839598691767,31.410703594430384,0.15529585838409557,29.482288204980872,2.918434466493843,32.33809864101006,0.7044219646748834
3841,0.25,empty_shadow,ADA,0,0,3840,0.2,1,0,185.89955338420452,-201.75412900847795,,,,,,,0,0,33.055125148303745,-0.4485687730308996,0.6035237312316895,0.0,0.0009847227483987808,0.001203065738081932,32.370174352077434,0.00652080332489521,0,0,4.798992790155056,12.222482448925556,4.79955568825005,occluder,,,,,0.25,3836,ok,accepted,0,ok,0.5102838,0.0019091999856755137,0.47572970000328496,0.031849099992541596,1,0.0011835999999973978,0.01537270000000035,0,197.24217892560034,-18.022837085432684,,3.495870991522054,0,0,0,,,,,,,,,,,,0,18.467240554098176,0.12062102187905306,22.72693169842299,1.3350676052657247,20.668619263032767,-0.4090927843153617,25.080046285640453,0.31382685602865884,17.170870887608498,0.06977081758240763,32.09999137519154,0.4501086288743768,31.41235723926124,0.03307290935377494,29.56497750240046,1.6537859505316597,32.35696994301599,0.3774260402658197
3842,0.3,empty_shadow,ADA,0,0,3841,0.25,1,1,187.55510222164162,-201.7560208990949,,,,,,,0,0,33.150068159320995,1.898860220345,0.6168705821037292,0.0,0.0009847227483987808,0.001203065738081932,32.370174352077434,0.006483506221607796,0,0,4.0909441251131335,12.076395725774839,4.09141909437051,occluder,,,,,0.3,3836,ok,accepted,0,ok,0.5102838,0.0019091999856755137,0.47572970000328496,0.031849099992541596,0,0.0011835999999973978,0.010839699999998231,0,198.16570191998318,-17.290811242378425,,3.4939791009051078,0,0,0,,,,,,,,,,,,0,18.47271847625641,0.10955844087423962,22.739899752355356,0.25936108055458057,20.641383963057734,-0.5447051208401894,25.084413370877577,0.08734252375384444,17.175776589866413,0.0981140451654922,32.116482437710815,0.32986704799456695,31.40584743090381,-0.13019615272855734,29.590804918812147,0.5165483301604117,32.36153994138,0.09139996830743195
3843,0.35000000000000003,empty_shadow,ADA,0,0,3842,0.30000000000000004,1,1,189.21467952490767,-201.75833866155807,,,,,,,0,0,33.216177314769894,1.3221831089779812,0.5132049918174744,0.0,0.0003470912342891097,0.000424051919253543,32.07017445637332,0.0064577247685103315,0,0,3.3893737413551532,11.91888570416714,3.389520761803194,occluder,,,,,0.35000000000000003,3836,ok,accepted,0,ok,0.5102838,0.0019091999856755137,0.47572970000328496,0.031849099992541596,1,0.0015767999999987126,0.012385099999999483,0,199.08946904977142,-16.555001068900623,,3.4916613384419293,0,0,0,,,,,,,,,,,,0,18.477628010300958,0.09819067917746747,22.712372886774222,-0.5505373098067625,20.60710102497712,-0.6856577862731672,25.07918623720765,-0.10454055897342654,17.181983103608033,0.12413027483211901,32.12716111485035,0.21359360525225826,31.39056000477586,-0.30574850771324685,29.57231508643719,-0.3697966459689062,32.35358628523363,-0.15907312055206024
3844,0.4,empty_shadow,ADA,0,0,3843,0.35000000000000003,1,1,190.8766984060595,-201.7611591311688,,,,,,,0,0,33.25357412125687,0.747936129739486,0.4340972602367401,0.0,0.0003470912342891097,0.000424051919253543,32.07017445637332,0.006443208686649624,0,0,2.7038880914837864,11.766795863638505,2.703322803731364,occluder,,,,,0.4,3836,ok,accepted,1,ok,0.3154104,0.0008715000003576279,0.3070036999997683,0.007179500011261553,0,0.0015767999999987126,0.008523700000001355,0,200.0135108481576,-15.817023986134984,,3.488840868831204,0,0,0,,,,,,,,,,,,0,18.48195389720064,0.08651773688619836,22.658913707784084,-1.0691835777076735,20.56552631662016,-0.8314931667649973,25.065467410206598,-0.2743728611826692,17.189435114528326,0.1490402184058578,32.131962315183436,0.09602892111634898,31.36722929064687,-0.4666142681768541,29.524833552394643,-0.9496306797316264,32.33456237453165,-0.3804782099226428
3845,0.45,empty_shadow,ADA,0,0,3844,0.4,1,1,192.53975504096888,-201.76443701045832,,,,,,,0,0,33.26758146524855,0.28014687983358044,0.3755897283554077,0.0,-0.00033316921326331794,-0.00040704297134652734,31.770174555624877,0.0064377841416758145,0,0,2.0541181963604127,11.627194968205863,2.052188598004873,occluder,,,,,0.45,3836,ok,accepted,0,ok,0.3154104,0.0008715000003576279,0.3070036999997683,0.007179500011261553,1,0.002771900000002603,0.011258399999999114,0,200.93773574679648,-15.078192249864458,,3.485562989541677,0,0,0,,,,,,,,,,,,0,18.485682783646315,0.07457772855042019,22.591527068347943,-1.347732786336971,20.51657973144697,-0.9789307271750495,25.04393789735091,-0.43058498647804416,17.19809257004768,0.17314911038617992,32.13074105445394,-0.024425498626147586,31.337562366271342,-0.5933384745608602,29.46251665911383,-1.2463378648642804,32.30561261842793,-0.5789951157926054
3846,0.5,empty_shadow,ADA,0,0,3845,0.45,1,1,194.20293389713993,-201.7681573529618,,,,,,,0,0,33.2631809896897,-0.0880095111769208,0.3305768668651581,0.0,-0.00033316921326331794,-0.00040704297134652734,31.770174555624877,0.006439487550773197,0,0,1.4895593533017004,11.503625819103132,1.4851314870833268,occluder,,,,,0.5,3836,ok,accepted,0,ok,0.3154104,0.0008715000003576279,0.3070036999997683,0.007179500011261553,0,0.002771900000002603,0.011870700000002898,0,201.8621437665096,-14.33942141340654,,3.4818426470382065,0,0,0,,,,,,,,,,,,0,18.48879559785391,0.06225628452288225,22.51906115924235,-1.4493181794467473,20.460417676727136,-1.123240202245846,25.01503074234871,-0.5781363954852284,17.207892527503404,0.19599914911437374,32.12336781623327,-0.1474614158606549,31.303697370316858,-0.6772999085093758,29.396207683849305,-1.326179504877764,32.267614397914265,-0.7599644017132765
3847,0.55,empty_shadow,ADA,0,0,3846,0.5,1,1,195.86538044079174,-201.77219837987562,,,,,,,0,0,33.24447283650951,-0.3741630636038451,0.29295116662979126,0.0,-0.0009908870561048388,-0.0012105968780815601,31.4701715859984,0.00644673696515669,0,0,1.1443603633258028,11.397271711736787,1.1363563498234541,occluder,,,,,0.55,3836,ok,accepted,0,ok,0.3154104,0.0008715000003576279,0.3070036999997683,0.007179500011261553,1,0.001186499999999313,0.010124900000000991,0,202.7866738721443,-13.601504975389417,,3.4778016201243815,0,0,0,,,,,,,,,,,,0,18.49127898560304,0.04966775604969032,22.44739061933669,-1.4334107967064018,20.397429250965946,-1.259767737530199,24.979054999810074,-0.7195070077673403,17.218724361991857,0.21663668976521044,32.10980862902308,-0.2711694893211607,31.26776862622899,-0.7185748738580011,29.333398693100634,-1.2561798147491066,32.2212886907409,-0.9265141323428715
3848,0.6000000000000001,empty_shadow,ADA,0,0,3847,0.55,1,1,197.52654531911236,-201.77645346707652,,,,,,,0,0,33.21455846797299,-0.5982873707303327,0.25883612036705017,0.0,-0.0009908870561048388,-0.0012105968780815601,31.4701715859984,0.006458354253387693,0,0,1.1145040905658448,11.307760915322165,1.1057799097924899,occluder,,,,,0.6000000000000001,3836,ok,accepted,0,ok,0.3154104,0.0008715000003576279,0.3070036999997683,0.007179500011261553,0,0.001186499999999313,0.00954590000000266,0,203.71126501813708,-12.86493124306159,,3.4735465329234785,0,0,0,,,,,,,,,,,,0,18.493121499556,0.03685028065646631,22.37987047322423,-1.350402921759061,20.328203821929,-1.3845079285623072,24.9363139880432,-0.8548116305170775,17.2304507427228,0.23452761461386837,32.09015172883787,-0.39310742816103955,31.231559505987214,-0.7241823998949786,29.27844797847751,-1.0990142923736395,32.16725347817799,-1.0807042375217313
3849,0.6500000000000001,empty_shadow,ADA,0,0,3848,0.6000000000000001,1,1,199.18587919490588,-201.78086176680586,,,,,,,0,0,33.17555130480609,-0.7801432633380045,0.22527474164962769,0.0,-0.0015339499805122614,-0.0018740734085440636,31.17016993605374,0.006473549970521079,0,0,1.1101618347982765,11.233869199149325,1.1019836138045738,occluder,,,,,0.6500000000000001,3836,ok,accepted,0,ok,0.3154104,0.0008715000003576279,0.3070036999997683,0.007179500011261553,1,0.0017756999999996026,0.012268399999999957,0,204.63588667650083,-12.130219025631817,,3.469138233194144,0,0,0,,,,,,,,,,,,0,18.494309788812565,0.023765787036747976,22.317879735134554,-1.2398147625785747,20.253466179375607,-1.4947523286032989,24.88713580676111,-0.9835546754327918,17.242884748395603,0.24868011346144392,32.06460750082936,-0.5108342942568314,31.196260195499256,-0.7059862073511303,29.24417673899937,-0.6854247895296162,32.106046633127384,-1.224136884890233
3850,0.7000000000000001,empty_shadow,ADA,0,0,3849,0.65,1,1,200.84304630716247,-201.78522502933586,,,,,,,0,0,33.12882132489579,-0.9345995982060629,0.1910368800163269,0.0,-0.0015339499805122614,-0.0018740734085440636,31.17016993605374,0.006491824917063398,0,0,1.1058645537653717,11.173756277035926,1.0985489583177925,occluder,,,,,0.7000000000000001,3836,ok,accepted,1,ok,0.3289887,0.0007456000021193177,0.30398840000270866,0.02386729998397641,0,0.0017756999999996026,0.011477700000000368,0,205.56069144032267,-11.397856677197069,,3.4647749706641378,0,0,0,,,,,,,,,,,,0,18.494832410447387,0.01045243466009773,22.261344019471572,-1.1307143151289882,20.174025037629935,-1.588822445693603,24.83191338992202,-1.1044394425609259,17.25583373842853,0.25897980066066595,32.03348935543235,-0.622291398032027,31.162481046113914,-0.6755829869838976,29.211673611522432,-0.6500625495281063,32.038202212590186,-1.356888391711873
3851,0.7500000000000001,empty_shadow,ADA,0,0,3850,0.7000000000000001,1,1,202.49768047619824,-201.78963493232496,,,,,,,0,0,33.07522269828948,-1.071972532126182,0.15690875053405762,0.0,0.00010009931429522112,0.0001222943828906864,31.94995863103608,0.006512881464522475,0,0,1.1015206322733775,11.125371151869214,1.095021498485709,occluder,,,,,0.45000000000000007,3842,ok,accepted,0,ok,0.3289887,0.0007456000021193177,0.30398840000270866,0.02386729998397641,1,0.001213899999999768,0.010283300000001105,0,206.4854962041445,-10.668027271983135,,3.460365067675042,0,0,0,,,,,,,,,,,,0,18.494674104856145,-0.003166110480968682,22.209307744160935,-1.0407255079974036,20.09074060771093,-1.6656883290037738,24.771093064547216,-1.2163980386133186,17.26909172050583,0.2651596415411035,31.997190803866797,-0.7258785632062549,31.13031551838268,-0.6433105547649346,29.271348834410848,1.193504457801875,31.96428860707769,-1.4782720886580787
3852,0.8,empty_shadow,ADA,0,0,3851,0.75,1,1,204.1494154806862,-201.7940610831261,,,,,,,0,0,33.01534187742215,-1.197616417346552,0.12298215925693512,0.0,0.00010009931429522112,0.0001222943828906864,31.94995863103608,0.006536527396462695,0,0,1.0971757529898412,11.086608235136572,1.0912838619082463,occluder,,,,,0.5,3842,ok,accepted,0,ok,0.3289887,0.0007456000021193177,0.30398840000270866,0.02386729998397641,0,0.001213899999999768,0.008604899999998139,0,207.41020942044267,-9.941005483793333,,3.4559389168738903,0,0,0,,,,,,,,,,,,0,18.493827243610035,-0.01693722433450491,22.16038235976512,-0.9785076880747673,20.0044616568216,-1.7255788498341804,24.705180272738538,-1.3182480819812927,17.28246986525471,0.26756289497229596,31.95615108557131,-0.8206828676551068,31.09951565646211,-0.615997238404232,29.33889950131065,1.3510133381406924,31.884925705718064,-1.5872580036413197
3853,0.8500000000000001,empty_shadow,ADA,0,0,3852,0.8,1,1,205.79803764553805,-201.798350966733,,,,,,,0,0,32.9496013945819,-1.314809656805096,0.08915078639984131,0.0,6.592147110495716e-05,8.05382733233273e-05,31.649957462688125,0.0065626358046238864,0,0,1.0929671721328873,11.05554925002103,1.0875288630059474,occluder,,,,,0.55,3842,ok,accepted,0,ok,0.3289887,0.0007456000021193177,0.30398840000270866,0.02386729998397641,1,0.0012974000000021135,0.01263680000000278,0,208.3348310840118,-9.217004982510616,,3.451649033266989,0,0,0,,,,,,,,,,,,0,18.492280381693515,-0.030937239177935425,22.113169779921908,-0.9442515934225287,19.916033138148588,-1.7685702864058206,24.634735761869415,-1.4088834000808674,17.29579651149342,0.26653292477006074,31.910857046697,-0.9057534388221622,31.069682824664653,-0.596656634909358,29.37589062731552,0.7398225204274279,31.80074865723504,-1.6835409456343764
3854,0.9000000000000001,empty_shadow,ADA,0,0,3853,0.8500000000000001,1,1,207.4432723281828,-201.80255045320717,,,,,,,0,0,32.87835075940019,-1.4250127036341098,0.055865511298179626,0.0,6.592147110495716e-05,8.05382733233273e-05,31.649957462688125,0.006591109562592324,0,0,1.088833750442035,11.030655047193957,1.0837348341815451,occluder,,,,,0.6000000000000001,3842,ok,accepted,0,ok,0.3289887,0.0007456000021193177,0.30398840000270866,0.02386729998397641,0,0.0012974000000021135,0.00823840000000331,0,209.25939170722285,-8.496330923076926,,3.447449546792825,0,0,0,,,,,,,,,,,,0,18.4900258889391,-0.04508985801146066,22.066506520567966,-0.9332651783897226,19.82625995027298,-1.795463726577064,24.560337438683714,-1.4879607107599653,17.30892097879839,0.26248934609597496,31.861816414099728,-0.9806734769387759,31.04046797749517,-0.5842969406476264,29.38271131181653,0.13641369062231595,31.712405960274594,-1.7668539151078733
3855,0.9500000000000001,empty_shadow,ADA,0,0,3854,0.9,1,1,209.0847227636902,-201.80655286637153,,,,,,,0,0,32.80188709293599,-1.5292733292839955,0.023176483809947968,0.0,-0.00011312223068671301,-0.0001382048794766888,31.34995816771322,0.0066218732253273144,0,0,1.0849127024922893,11.010855277177527,1.0800965184878233,occluder,,,,,0.65,3842,ok,accepted,0,ok,0.3289887,0.0007456000021193177,0.30398840000270866,0.02386729998397641,1,0.0011845999999984258,0.009775600000001106,0,210.18383026533388,-7.779319045680552,,3.4434471336284673,0,0,0,,,,,,,,,,,,0,18.48705613786474,-0.059395025784831385,22.019597214361294,-0.9381861102078338,19.735906939765137,-1.8070602185223001,24.48258800291106,-1.5549840707303082,17.32171356735605,0.25585177114789376,31.80954061715356,-1.0453696410718851,31.011668935659177,-0.5759808318184927,29.36333646967373,-0.3874968419290616,31.618379365242852,-1.8805318769268997
3856,1.0,empty_shadow,ADA,0,0,3855,0.9500000000000001,1,1,210.7221448218602,-201.8103888070886,,,,,,,0,0,32.719171457884634,-1.6543127010271519,0.0,0.00845104455947876,-0.00011312223068671301,-0.0001382048794766888,31.34995816771322,0.006655395384830996,0,0,1.0811429306663172,10.996833305721266,1.0765838141982478,occluder,,,,,0.7,3842,ok,accepted,0,ok,0.3289887,0.0007456000021193177,0.30398840000270866,0.02386729998397641,0,0.0011845999999984258,0.008918500000000051,0,211.10808571278145,-7.066152434958099,,3.4396111929114,0,0,0,,,,,,,,,,,,0,18.483365405455245,-0.0738146542937488,21.972039410678175,-0.9511560546438902,19.64569126831666,-1.8043134566989831,24.40209015306193,-1.6099534449365327,17.33407318788727,0.24719241061435235,31.7545409648657,-1.099844491377721,30.98330095802401,-0.5673595452492048,29.32381430363405,-0.7904433195517548,31.520145160704807,-1.9646840685890257
3857,1.05,empty_shadow,ADA,0,0,3856,1.0,1,1,212.35523331651856,-201.81402786188983,,,,,,,0,0,32.627150245578804,-1.840424246116612,0.0,0.03783026337623596,-0.00034619701909832656,-0.0004229594487696886,31.0499583225436,0.006692988796371008,0,0,1.0775853868306058,10.991726256275847,1.0733030311507024,occluder,,,,,0.75,3842,ok,accepted,0,ok,0.3289887,0.0007456000021193177,0.30398840000270866,0.02386729998397641,1,0.0016624999999983459,0.010811500000002638,0,212.0320970248236,-6.3570752523419,,3.4359721381101735,0,0,0,,,,,,,,,,,,0,18.47894606243479,-0.0883868681659915,21.92378733255497,-0.9650415395930915,19.556291951545088,-1.7879863679860055,24.319459940645892,-1.6526017014355037,17.345910196276833,0.2367401677330765,31.697326743135548,-1.144138437854607,30.955581481951775,-0.5543895113474131,29.27058402248282,-1.0646056215949675,31.419465736950034,-2.0135884550038097
3858,1.1,empty_shadow,ADA,0,0,3857,1.05,1,1,213.98346945407275,-201.81748546654663,,,,,,,0,0,32.527134092177235,-2.0003230680313777,0.0,0.061674341559410095,-0.00034619701909832656,-0.0004229594487696886,31.0499583225436,0.006734210746585289,0,0,1.074178848438379,10.99461784832532,1.070211107459934,occluder,,,,,0.8,3842,ok,accepted,0,ok,0.3289887,0.0007456000021193177,0.30398840000270866,0.02386729998397641,0,0.0016624999999983459,0.009850000000000136,0,212.9558947034205,-5.65263679338463,,3.4325145334533715,0,0,0,,,,,,,,,,,,0,18.47379429422591,-0.10303537333288983,21.875108007261762,-0.9735864816833242,19.468344136294547,-1.7589563314366374,24.2352924385867,-1.6833483511042913,17.357150204319066,0.22480016075856396,31.63838996220427,-1.1785965604904174,30.928872902930543,-0.5341715679399879,29.209281841681257,-1.2260436144801625,31.31758468573237,-2.037621007081561
3859,1.1500000000000001,empty_shadow,ADA,0,0,3858,1.1,1,1,215.60651752036134,-201.82070070042485,,,,,,,0,0,32.42103985844878,-2.1218846745691167,0.0,0.081239253282547,-0.0005615173722617328,-0.0006860229186713696,30.7507802551748,0.0067783554180809585,0,0,1.0709384805808781,11.004152472760085,1.0673501397187009,occluder,,,,,0.8500000000000001,3842,ok,accepted,0,ok,0.3289887,0.0007456000021193177,0.30398840000270866,0.02386729998397641,1,0.0011832000000033815,0.011199000000001291,0,213.87941769780335,-4.9531117214788765,,3.429299299575149,0,0,0,,,,,,,,,,,,0,18.4678624189254,-0.11863751535916711,21.826470642588323,-0.9727472694378684,19.382435285794966,-1.71817702266796,24.15017509465585,-1.702345896823332,17.36773217713085,0.2116394561115255,31.578209187709735,-1.2034870838279441,30.903592930462185,-0.5055994344548171,29.144441529531665,-1.2968062413055095,31.21541753479206,-2.043343004859552
3860,1.2000000000000002,empty_shadow,ADA,0,0,3859,1.1500000000000001,1,1,217.22410285719718,-201.82367365722146,,,,,,,0,0,32.31017387178374,-2.2173197333007977,0.0,0.09778392314910889,-0.0005615173722617328,-0.0006860229186713696,30.7507802551748,0.006824950961723519,0,0,1.067955773522499,11.019732753234301,1.0656481153362174,occluder,,,,,0.9000000000000001,3842,ok,accepted,1,ok,0.4733277,0.000745700002880767,0.44657810000353493,0.02567920001456514,0,0.0011832000000033815,0.01127699999999976,0,214.8025744864754,-4.258683173315092,,3.4263263427785375,0,0,0,,,,,,,,,,,,0,18.461087497185705,-0.13549844243937212,21.778468421441453,-0.9600444023994004,19.299114716966404,-1.6664113706258876,24.06466675054644,-1.710166418657943,17.377598894329097,0.1973343439725888,31.51725718782813,-1.2189251968375578,30.880149736411536,-0.46886386419468373,29.079442906950945,-1.2999724500353524,31.113700521026736,-2.0343402648870375
3861,1.2500000000000002,empty_shadow,ADA,0,0,3860,1.2000000000000002,1,1,218.83607282985005,-201.82626705989682,,,,,,,0,0,32.19567540273835,-2.289969380907735,0.0,0.11076952517032623,-0.001953829312697053,-0.0023870528675615788,31.409977543151903,0.006873579319275964,0,0,1.0653527455147014,11.040976575403615,1.064300393182481,occluder,,,,,0.6500000000000001,3848,ok,accepted,0,ok,0.4733277,0.000745700002880767,0.44657810000353493,0.02567920001456514,1,0.001229399999999714,0.009602100000002167,0,215.72536506423123,-3.5695037784180386,,3.4237329401031786,0,0,0,,,,,,,,,,,,0,18.45345617698411,-0.15262640990540327,21.73173649203335,-0.9346385709175554,19.218889784025702,-1.604498631431809,23.979330067383124,-1.7067335313212981,17.386702671043306,0.18207553429362183,31.45597806738378,-1.2254832043688941,30.85885612568921,-0.425872196068307,29.016576700256483,-1.2573241323480713,31.013082143246308,-2.012367548618203
3862,1.3,empty_shadow,ADA,0,0,3861,1.25,1,1,220.44218326127142,-201.8283741802199,,,,,,,0,0,32.078558606833816,-2.3423359180907255,0.0,0.12050408869981766,-0.001953829312697053,-0.0023870528675615788,31.409977543151903,0.006923859348265192,0,0,1.0632208660003357,11.067635855576754,1.0630656365518705,occluder,,,,,0.7,3848,ok,accepted,0,ok,0.4733277,0.000745700002880767,0.44657810000353493,0.02567920001456514,0,0.001229399999999714,0.011688500000001767,0,216.6477894258655,-2.8858177086309524,,3.421625819780104,0,0,0,,,,,,,,,,,,0,18.44497417924506,-0.16963995916286398,21.68688520441599,-0.8970257397940167,19.14222206484014,-1.533354334142473,23.894699100305562,-1.6926193708379904,17.39500727007325,0.16609198062808792,31.39480636319443,-1.2233515206263195,30.839910462707273,-0.3789132398320468,28.957206663702856,-1.1874007296071913,30.914134606253718,-1.9789507358923524
3863,1.35,empty_shadow,ADA,0,0,3862,1.3,1,1,222.04246465862687,-201.8299644902036,,,,,,,0,0,31.959627395109543,-2.3786242344854713,0.0,0.12759289145469666,-0.0020390369463711977,-0.0024911535438150167,31.109637777749548,0.00697548501237248,0,0,1.061621201364403,11.099593513044265,1.0616364708967603,occluder,,,,,0.75,3848,ok,accepted,0,ok,0.4733277,0.000745700002880767,0.44657810000353493,0.02567920001456514,1,0.0012224999999972397,0.01073220000000319,0,217.56978654663627,-2.2075334320462616,,3.4200355097964064,0,0,0,,,,,,,,,,,,0,18.435672023200027,-0.18604312346786925,21.64446578210696,-0.8483884380591514,19.069536898814796,-1.4537032485765327,23.811286927233276,-1.6682435045726436,17.402482172013354,0.14949803882639423,31.3341537166012,-1.2129870959233164,30.823369967172972,-0.33080989013539014,28.902002276683803,-1.1040877389993524,30.817390060181555,-1.9348909197362898
3864,1.4000000000000001,empty_shadow,ADA,0,0,3863,1.35,1,1,223.6367338748152,-201.83091598200716,,,,,,,0,0,31.839625342973083,-2.4000410427291996,0.0,0.13195927441120148,-0.0020390369463711977,-0.0024911535438150167,31.109637777749548,0.007028162921586256,0,0,1.0606605318918412,11.13672848752824,1.0589946146816194,occluder,,,,,0.8,3848,ok,accepted,0,ok,0.4733277,0.000745700002880767,0.44657810000353493,0.02567920001456514,0,0.0012224999999972397,0.009063599999997507,0,218.4912648686091,-1.5347425378307662,,3.4190840179928443,0,0,0,,,,,,,,,,,,0,18.42556878057129,-0.20206485379728475,21.604934082977127,-0.790633977413185,19.00121193575185,-1.3664991739450647,23.729572296487124,-1.6342925547445324,17.409102581531656,0.13240819039200669,31.274422246221164,-1.1945795139917101,30.80919648960988,-0.28346953180656925,28.851131385830204,-1.0174178160606768,30.723167032645392,-1.8844605505851224
3865,1.4500000000000002,empty_shadow,ADA,0,0,3864,1.4000000000000001,1,1,225.22502141179658,-201.83118286885528,,,,,,,0,0,31.71920499901483,-2.408406879165028,0.0,0.13397184014320374,-0.0019894258584827185,-0.002430542139336467,30.824453387333683,0.007081626562060587,0,0,1.0603694063913167,11.178899689275877,1.0568388668308633,occluder,,,,,0.8500000000000001,3848,ok,accepted,0,ok,0.4733277,0.000745700002880767,0.44657810000353493,0.02567920001456514,1,0.0012615999999994187,0.016084400000000443,0,219.4121633514259,-0.8673534836661929,,3.4188171311447206,0,0,0,,,,,,,,,,,,0,18.414694970792816,-0.21747619557573108,21.568652502324,-0.7256316105292048,18.937579053782688,-1.272657540878071,23.650009162734328,-1.591262428351395,17.4148665912641,0.11528019467566396,31.215981676329047,-1.1687759352801086,30.797246978547403,-0.23899020344984367,28.804437588875775,-0.9338759378186668,30.630168526214007,-1.8599701290430797
3866,1.5000000000000002,empty_shadow,ADA,0,0,3865,1.4500000000000002,1,1,226.8072661823644,-201.83061258368778,,,,,,,0,0,31.599006014689078,-2.403979686515072,0.0,0.13350917398929596,-0.0019894258584827185,-0.002430542139336467,30.824453387333683,0.00713560259045084,0,0,1.0609156194788625,11.225872592015076,1.0553821397286078,occluder,,,,,0.9000000000000001,3848,ok,accepted,0,ok,0.4733277,0.000745700002880767,0.44657810000353493,0.02567920001456514,0,0.0012615999999994187,0.010724499999998471,0,220.33257355302112,-0.20551891469358452,,3.419387416312219,0,0,0,,,,,,,,,,,,0,18.40308111062068,-0.23227720256258227,21.53588043815212,-0.6554412829558098,18.878928168581417,-1.173017600798514,23.573045759555043,-1.5392675784999308,17.41976466591621,0.09796149308691714,31.159188430692705,-1.1358417583383538,30.787361215248346,-0.1977152511275212,28.7616118942383,-0.856513891659551,30.53877219589925,-1.8279266063545492
3867,1.55,empty_shadow,ADA,0,0,3866,1.5,1,1,228.3835597236316,-201.8291593189078,,,,,,,0,0,31.479610872918688,-2.3879028354078002,0.0,0.13086488842964172,-0.0018207153771072626,-0.0022244234569370747,30.569609846002148,0.007189830873098577,0,0,1.1541036311358217,11.277366674725188,1.1482307496082902,occluder,,,,,0.95,3848,ok,accepted,0,ok,0.4733277,0.000745700002880767,0.44657810000353493,0.02567920001456514,1,0.001345999999998071,0.010647900000002153,0,221.25237340308934,0.4509747765054044,,3.420840681092187,0,0,0,,,,,,,,,,,,0,18.390771070032592,-0.2462008103942405,21.5067838311738,-0.581932139806973,18.825495789746345,-1.068647474959345,23.499092173114175,-1.4790709916418812,17.423810155204567,0.08090978580227273,31.10436656504832,-1.096423963331605,30.779344649927662,-0.16033129486322958,28.722309072674772,-0.7860564302126629,30.449626540470106,-1.7829131073926285
3868,1.6,empty_shadow,ADA,0,0,3867,1.55,1,1,229.95402408508198,-201.82676199771956,,,,,,,0,0,31.36159092433111,-2.360398971751536,0.0,0.12593203783035278,-0.0018207153771072626,-0.0022244234569370747,30.569609846002148,0.007244044351092588,0,0,1.5325623084139204,11.332999196624751,1.5284742739762682,occluder,,,,,1.0,3848,ok,accepted,1,ok,0.3802741,0.0009282999963033944,0.3443612999981269,0.03462239998043515,0,0.001345999999998071,0.015558000000002181,0,222.1715018716833,1.1023106693618274,,3.423238002280442,0,0,0,,,,,,,,,,,,0,18.37779536586331,-0.259514081758823,21.481458050085784,-0.506515621919212,18.77747074443643,-0.960500809199803,23.428522249282064,-1.411397494879331,17.427014504901948,0.06408699400160338,31.051828752548808,-1.050750010254168,30.773031342927432,-0.1262661318855722,28.686202967479105,-0.7221221029014863,30.36335335515125,-1.7254637032018574
3869,1.6500000000000001,empty_shadow,ADA,0,0,3868,1.6,1,1,231.51862872311224,-201.82334433659292,,,,,,,0,0,31.245641655518117,-2.3189853762598744,0.0,0.11802645772695541,-0.0016055774176493287,-0.0019615828059613705,31.001661223379863,0.007297905965095114,0,0,2.0488770929366025,11.392170557256483,2.0465629746131553,occluder,,,,,0.55,3858,ok,accepted,0,ok,0.3802741,0.0009282999963033944,0.3443612999981269,0.03462239998043515,1,0.001232400000002798,0.01242459999999923,0,223.0899894659685,1.748427713106878,,3.4266556634070753,0,0,0,,,,,,,,,,,,0,18.364197867331917,-0.2719499690332784,21.459925981556033,-0.43064137016319226,18.73500371103398,-0.8493405793911083,23.36168885176218,-1.3366667538015715,17.42940441474593,0.047798196910839655,31.001847680694805,-0.9996195857536678,30.76828777824503,-0.09487128920809408,28.653053252198227,-0.6629943047270233,30.280484790084305,-1.657371295593395
3870,1.7000000000000002,empty_shadow,ADA,0,0,3869,1.6500000000000001,1,1,233.07749568200086,-201.81882999994394,,,,,,,0,0,31.132498402800948,-2.2628650543433793,0.0,0.10721416771411896,-0.0016055774176493287,-0.0019615828059613705,31.001661223379863,0.007351045262274041,0,0,2.6191830068042714,11.454090944604053,2.618333237495916,occluder,,,,,0.6000000000000001,3858,ok,accepted,0,ok,0.3802741,0.0009282999963033944,0.3443612999981269,0.03462239998043515,0,0.001232400000002798,0.009709100000002024,0,224.00780567357404,2.3894784643899527,,3.4311700000560563,0,0,0,,,,,,,,,,,,0,18.350020536262726,-0.2835466200324554,21.44213231313049,-0.35587336700572925,18.698188150011205,-0.7363111395779056,23.29891623153434,-1.255451045747212,17.431012311611084,0.03215793734512163,30.954690379482983,-0.9431459977875098,30.765016681226548,-0.0654219386568108,28.622709246813848,-0.6068801068422602,30.2015243851269,-1.5792080904455537
3871,1.7500000000000002,empty_shadow,ADA,0,0,3870,1.7000000000000002,1,1,234.63080806720592,-201.8132189253079,,,,,,,0,0,31.022759759212065,-2.1947728717776727,0.0,0.09411781281232834,-0.00146011752076447,-0.0017838700441643596,30.71508976391587,0.00740314192307556,0,0,3.2121051261030513,11.518036867810366,3.2124929644634093,occluder,,,,,0.6500000000000001,3858,ok,accepted,0,ok,0.3802741,0.0009282999963033944,0.3443612999981269,0.03462239998043515,1,0.0018580000000021357,0.012076399999997989,0,224.92485894177082,3.025737581398232,,3.4367810746921066,0,0,0,,,,,,,,,,,,0,18.33530914913679,-0.29422774152964937,21.42799693834321,-0.2827074931752244,18.66707364792629,-0.6222899720414595,23.240486675460417,-1.168589663569661,17.431876343783127,0.01728064351260155,30.91057052565137,-0.8823966121383605,30.76313603553657,-0.03761291376746914,28.595106101351707,-0.5520629084648054,30.126912737603924,-1.492232938618984
3872,1.8,empty_shadow,ADA,0,0,3871,1.75,1,1,236.17874897377473,-201.8064805326438,,,,,,,0,0,30.916984634237373,-2.1155024994938287,0.0,0.078785240650177,-0.00146011752076447,-0.0017838700441643596,30.71508976391587,0.0074538828900264234,0,0,3.8148525620339364,11.583244531786216,3.816325994520948,occluder,,,,,0.7,3858,ok,accepted,0,ok,0.3802741,0.0009282999963033944,0.3443612999981269,0.03462239998043515,0,0.0018580000000021357,0.010474699999999615,0,225.8412103057116,3.657327124026267,,3.4435194673561966,0,0,0,,,,,,,,,,,,0,18.320103761145873,-0.30410775931326506,21.417393971461234,-0.21205933374491884,18.64166401630559,-0.5081925755024073,23.186659581814855,-1.0765403679941856,17.432034656360475,0.0031662516000548055,30.86969803558553,-0.8174470403949589,30.762575269201072,-0.011215327043525443,28.570257167288467,-0.49697868054918304,30.05705992722908,-1.3970561925452325
3873,1.85,empty_shadow,ADA,0,0,3872,1.8,1,1,237.7215625371127,-201.79859947987728,,,,,,,0,0,30.815642676913612,-2.0268391464752256,0.0,0.06169777363538742,-0.0012572375126183033,-0.0015360054094344378,30.46191733196049,0.007502988138042493,0,0,4.421777539634756,11.64898979701673,4.424227812835539,occluder,,,,,0.75,3858,ok,accepted,0,ok,0.3802741,0.0009282999963033944,0.3443612999981269,0.03462239998043515,1,0.0014062000000016894,0.014734099999998307,0,226.75673770029633,4.284613292779511,,3.451400520122718,0,0,0,,,,,,,,,,,,0,18.304461591883832,-0.31284338502470616,21.410193713167008,-0.14400516072184935,18.621923016288854,-0.39481995479351395,23.13765619724025,-0.9800662118489328,17.431536842089688,-0.009956285342557766,30.83223136269313,-0.7493270229821084,30.763265717845748,0.013808973567699579,28.548198683659677,-0.44116967199256846,29.992320720586523,-1.2947841149952208
3874,1.9000000000000001,empty_shadow,ADA,0,0,3873,1.85,1,1,239.2594929186522,-201.7896367188748,,,,,,,0,0,30.719157614025843,-1.929701257755383,0.0,0.042903151363134384,-0.0012572375126183033,-0.0015360054094344378,30.46191733196049,0.0075501922771801025,0,0,5.0299823151816225,11.714561734901437,5.033325333669719,occluder,,,,,0.8,3858,ok,accepted,0,ok,0.3802741,0.0009282999963033944,0.3443612999981269,0.03462239998043515,0,0.0014062000000016894,0.009903600000001234,0,227.67144111511425,4.907840259501086,,3.460363281125211,0,0,0,,,,,,,,,,,,0,18.288426509651412,-0.3207016445833611,21.40626074290888,-0.07865939916479235,18.607760999628756,-0.28324030042770015,23.09365962251319,-0.8799300844679036,17.430430581662034,-0.022125208515227212,30.798309910121535,-0.6784180733908661,30.765117736279407,0.03704037163618056,28.529014574402677,-0.38368218461216574,29.933021274031333,-1.185988910687825
3875,1.9500000000000002,empty_shadow,ADA,0,0,3874,1.9000000000000001,1,1,240.7926926906588,-201.77954642121793,,,,,,,0,0,30.627873033893543,-1.825691602645989,0.0,0.022808967158198357,-0.0009793458739295602,-0.0011964966543018818,30.238373335249427,0.007595263428450486,0,0,5.637843547921317,11.779293285258074,5.6420045275418405,occluder,,,,,0.8500000000000001,3858,ok,accepted,0,ok,0.3802741,0.0009282999963033944,0.3443612999981269,0.03462239998043515,1,0.001188500000001369,0.013559300000000718,0,228.58535107294708,5.5271300736748685,,3.4704535787820703,0,0,0,,,,,,,,,,,,0,18.272051921915267,-0.32749175471246966,21.405450101497177,-0.016212821274053452,18.599031101290887,-0.17459794474524007,23.054818621524493,-0.7768187352324017,17.428761654744434,-0.03337853827705398,30.76804829751863,-0.6052163660689637,30.76802832816364,0.058211843982198586,28.51277922605033,-0.32470696658373815,29.879447690255596,-1.0714716524380066
3876,2.0,empty_shadow,ADA,0,0,3875,1.9500000000000002,1,1,242.3215586024466,-201.76838948671926,,,,,,,0,0,30.54209761602791,-1.7155083573126717,0.0,0.0014544781297445297,-0.0009793458739295602,-0.0011964966543018818,30.238373335249427,0.00763798324610959,0,0,6.244705040075508,11.842476341099685,6.249616697913936,occluder,,,,,0.8999999999999999,3858,ok,accepted,0,ok,0.3802741,0.0009282999963033944,0.3443612999981269,0.03462239998043515,0,0.001188500000001369,0.010886599999999191,0,229.49843705621848,6.1429100021912575,,3.4816105132807422,0,0,0,,,,,,,,,,,,0,18.255387418778646,-0.3332900625399448,21.407597758147094,0.042953140306965176,18.595500625598703,-0.0706095003896072,23.02124953600078,-0.671380575372678,17.426587279922572,-0.04348749637596574,30.741521092120802,-0.5305234268787217,30.771862072179683,0.07667489074603544,28.499557487919617,-0.2644347622666188,29.831783073769277,-0.9532923050360439
3877,2.05,empty_shadow,ADA,0,0,3876,2.0,1,1,243.84612120282424,-201.75625745769707,,,,,,,0,0,30.45870823176548,-1.6677876852485696,0.020796265453100204,0.0,-0.0006271606544032693,-0.0007662212592549622,30.043976746485026,0.007679861160922243,0,0,6.8498760244789345,11.907922564372464,6.855468806239186,occluder,,,,,0.9499999999999997,3858,ok,accepted,1,ok,0.4888576,0.0006207000114955008,0.4627745999896433,0.025116900011198595,1,0.0012627999999992312,0.012922299999999609,0,230.41072958250479,6.755180076282585,,3.4937425423029254,0,0,0,,,,,,,,,,,,0,18.23848640598631,-0.33802025526319046,21.412541587463096,0.09887659414058864,18.59688537551419,0.027695004283215464,22.992967618160996,-0.5656373850119095,17.423958957234067,-0.05256645368474951,30.718778052301754,-0.45483582162813246,30.776494991244338,0.092658396305446,28.489391322243108,-0.20332331323473019,29.790050312531033,-0.8346551989110053
3878,2.1,empty_shadow,ADA,0,0,3877,2.0500000000000003,1,1,245.36662464281335,-201.7431807684415,,,,,,,0,0,30.377413007498244,-1.6259044853447335,0.04687817767262459,0.0,-0.0006271606544032693,-0.0007662212592549622,30.043976746485026,0.007721019812021416,0,0,7.453237409159131,11.975860182664528,7.459443360310963,occluder,,,,,1.0,3858,ok,accepted,0,ok,0.4888576,0.0006207000114955008,0.4627745999896433,0.025116900011198595,0,0.0012627999999992312,0.009727599999997949,0,231.32213710428238,7.364275994494108,,3.506819231558495,0,0,0,,,,,,,,,,,,0,18.221404196587592,-0.34164418679541225,21.42011374218166,0.1514431028053405,18.60290688125748,0.12043011665524983,22.969858415609032,-0.46218326325729747,17.420933905474623,-0.06050103511604573,30.699844122768205,-0.3786501467846923,30.781784034774148,0.1057808903723869,28.48228454367253,-0.14213557116980466,29.75413115035051,-0.7183832173744036
3879,2.15,empty_shadow,ADA,0,0,3878,2.1,1,1,246.88309969505428,-201.7299070891623,,,,,,,0,0,30.298959220831428,-1.5690757333363337,0.07686460763216019,0.0,0.006315156817436218,0.00771541940048337,30.01098603950257,0.0077610544004419815,1,0,8.054368454156355,12.04512259371112,8.06083265963758,occluder,,,,,0.6499999999999999,3866,ok,accepted,0,ok,0.4888576,0.0006207000114955008,0.4627745999896433,0.025116900011198595,1,0.0012545999999993285,0.009990000000001942,0,232.2326901287168,7.970198022300622,,3.5200929108376897,0,0,0,,,,,,,,,,,,0,18.20419228893522,-0.34423815108486133,21.43011586074791,0.20004237915830786,18.61329429885176,0.20774835092577656,22.95171783650765,-0.362810967506696,17.417563623284426,-0.06740564372955737,30.6847003534526,-0.3028445203257166,30.787576615484152,0.11585163864139095,28.478208541954377,-0.08152003417096473,29.723836759832498,-0.6058877839172979
3880,2.1999999999999997,empty_shadow,ADA,0,0,3879,2.15,1,1,248.39576010230547,-201.7167872991121,,,,,,,0,0,30.224073203701515,-1.4977203425982566,0.10995389521121979,0.0,0.006315156817436218,0.00771541940048337,30.01098603950257,0.007799559529696563,1,0,8.653204042929456,12.114380761836863,8.659441163355295,occluder,,,,,0.6999999999999997,3866,ok,accepted,0,ok,0.4888576,0.0006207000114955008,0.4627745999896433,0.025116900011198595,0,0.0012545999999993285,0.011180400000000645,0,233.14241917858976,8.573129379678846,,3.5332127008879013,0,0,0,,,,,,,,,,,,0,18.186905996056794,-0.34572585466785893,21.442351484362785,0.24471248032101567,18.62776915655615,0.28949715193592956,22.938315087628737,-0.2680545187774785,17.413899609087945,-0.07328028385474454,30.673314413385143,-0.22768669063434827,30.79372587030038,0.12298512344569863,28.477104188764574,-0.0220870636806761,29.698938258874836,-0.49796999302253653
3881,2.25,empty_shadow,ADA,0,0,3880,2.2,1,1,249.90485007805313,-201.70403493803906,,,,,,,0,0,30.153328643882478,-1.4148911963807365,0.1448146402835846,0.0,0.006384026724845171,0.007799559738487005,29.843188253171867,0.007836199008457176,1,0,9.249940371661362,12.182535940730482,9.255549699007805,occluder,,,,,0.75,3866,ok,accepted,0,ok,0.4888576,0.0006207000114955008,0.4627745999896433,0.025116900011198595,1,0.0012402999999991948,0.010916900000001561,0,234.05120218359593,9.173436350420332,,3.545965061960942,0,0,0,,,,,,,,,,,,0,18.169604445666348,-0.3460310038566441,21.456606990979274,0.28511014001818547,18.646041539644596,0.36544765960103476,22.929415557992506,-0.17799027588636301,17.409991455417153,-0.07816307330807827,30.665613883334224,-0.15397843143553358,30.80010400774778,0.1275627774572662,28.478866580509685,0.03524783498888987,29.679220116824027,-0.3943628156577994
3882,2.3,empty_shadow,ADA,0,0,3881,2.25,1,1,251.41055285268467,-201.6920161543947,,,,,,,0,0,30.087096256918898,-1.3246477392716116,0.17822769284248352,0.0,0.006384026724845171,0.007799559738487005,29.843188253171867,0.007870736074622894,1,0,9.844433174106706,12.248695021857785,9.84909013865745,occluder,,,,,0.7999999999999998,3866,ok,accepted,0,ok,0.4888576,0.0006207000114955008,0.4627745999896433,0.025116900011198595,0,0.0012402999999991948,0.0094405999999978,0,234.95922224919337,9.771119059454435,,3.5579838456052926,0,0,0,,,,,,,,,,,,0,18.152333414013142,-0.345420627998708,21.472659223099132,0.32104464873805355,18.667817716166976,0.43552352868013533,22.924809435234568,-0.09212225635351094,17.40589256635984,-0.08197778116254482,30.661512959022836,-0.08198734787765422,30.806581328738044,0.129546448254103,28.48335075863343,0.08968356253404364,29.664451544280055,-0.2953714266570067
3883,2.35,empty_shadow,ADA,0,0,3882,2.3000000000000003,1,1,252.91308214813697,-201.68102079227893,,,,,,,0,0,30.025560437312688,-1.2307163921241937,0.21001461148262024,0.0,0.005554701201617718,0.006786347832530737,29.70518055335083,0.007903029117543859,0,0,10.437003310047235,12.312152663205694,10.440489453541415,occluder,,,,,0.8500000000000001,3866,ok,accepted,0,ok,0.4888576,0.0006207000114955008,0.4627745999896433,0.025116900011198595,1,0.0015618999999986727,0.015419299999997804,0,235.8662657523476,10.366604851752498,,3.568979207721071,0,0,0,,,,,,,,,,,,0,18.135153936153408,-0.34358955099125427,21.490279300980188,0.35240156169011577,18.69277725373143,0.49919075024137305,22.924292632115954,-0.010335953173950032,17.401654442325075,-0.08476248056910346,30.66089529134093,-0.012324210045500845,30.813062467083903,0.1296227932599155,28.490413671971396,0.14125826679606335,29.6543445314043,-0.2021402347093601
3884,2.4,empty_shadow,ADA,0,0,3883,2.35,1,1,254.41268225597705,-201.6714912732626,,,,,,,0,0,29.968731539160874,-1.1365779630362738,0.24017682671546936,0.0,0.005554701201617718,0.006786347832530737,29.70518055335083,0.00793302888171585,0,0,11.02761363288232,12.372353705625162,11.029779394026047,occluder,,,,,0.8999999999999999,3866,ok,accepted,0,ok,0.4888576,0.0006207000114955008,0.4627745999896433,0.025116900011198595,0,0.0015618999999986727,0.014603300000000985,0,236.7725157985168,10.959954913423388,,3.5785087267373967,0,0,0,,,,,,,,,,,,0,18.118111787520334,-0.3408429657626316,21.50923452694842,0.3791045216100379,18.72059018067141,0.5562585384804382,22.92771065174993,0.06836043798186467,17.39732094831366,-0.08666988024228742,30.663619712358074,0.05451476065780859,30.819461592359037,0.12798252866449392,28.49987412241542,0.18920900890118458,29.648633956527792,-0.11421147636904229
3885,2.45,empty_shadow,ADA,0,0,3884,2.4000000000000004,1,1,255.90959736886964,-201.6635801019412,,,,,,,0,0,29.91661482212541,-1.0423343407092744,0.2688528299331665,0.0,0.003539780154824257,0.004324657376855612,29.596556442930904,0.007960691509646076,0,0,11.616458906907685,12.428756700280083,11.617281935642136,occluder,,,,,0.9500000000000002,3866,ok,accepted,0,ok,0.4888576,0.0006207000114955008,0.4627745999896433,0.025116900011198595,1,0.0014085999999977616,0.011593200000000081,0,237.6779723877009,11.551413437131885,,3.586419898058807,0,0,0,,,,,,,,,,,,0,18.101258467354715,-0.337066395267968,21.529282668643138,0.400962834150863,18.750915082461596,0.6064980361871253,22.934922353580422,0.1442340457499772,17.392947401852023,-0.08747092910155954,30.66951833087137,0.11799538936781691,30.825704319068507,0.12485455011416337,28.51153183840789,0.23315431986015217,29.647117640565813,-0.030326299825207233
3886,2.5,empty_shadow,ADA,0,0,3885,2.45,1,1,257.40404118272454,-201.65750082847376,,,,,,,0,0,29.86907294901244,-0.9508374622593863,0.2961229383945465,0.0,0.003539780154824257,0.004324657376855612,29.596556442930904,0.007986052276973046,0,0,12.203828928498293,12.480985131931527,12.20334705059858,occluder,,,,,1.0,3866,ok,accepted,0,ok,0.4888576,0.0006207000114955008,0.4627745999896433,0.025116900011198595,0,0.0014085999999977616,0.00861240000000052,0,238.5825134495945,12.141316189093175,,3.592499171526242,0,0,0,,,,,,,,,,,,0,18.084647382091678,-0.33222169571744065,21.550192937801828,0.41820538185676387,18.783393380129123,0.6495659543456727,22.945778965689613,0.2171322370780443,17.388568132297866,-0.08758539108713242,30.67842324339293,0.1781176382518822,30.83171816733788,0.1202769798184891,28.525186548315816,0.27309419816157,29.649633459170065,0.050316389987690134
3887,2.55,empty_shadow,ADA,0,0,3886,2.5,1,1,258.8963188785108,-201.65326860754064,,,,,,,0,0,29.826082725820093,-0.859804463846956,0.32218137383461,0.0,0.0010406355140730739,0.0012713761534541845,29.517423491677228,0.008009089490943807,0,0,12.78992023156008,12.528496863700905,12.78828069096196,occluder,,,,,1.0499999999999998,3866,ok,accepted,0,ok,0.4888576,0.0006207000114955008,0.4627745999896433,0.025116900011198595,1,0.0011739000000012823,0.009314100000000991,0,239.48623053692668,12.729876797547234,,3.596731392459361,0,0,0,,,,,,,,,,,,0,18.06832239964276,-0.32649963870958176,21.57173454451807,0.430832132831938,18.817670305037453,0.6855384997620613,22.9601393485236,0.287207655935767,17.38422128778298,-0.0869368903945049,30.690130300192987,0.23415676418884393,30.8374344747045,0.11432615625067358,28.54060746297898,0.30841829326180653,29.65602691512714,0.1278691342812264
3888,2.6,empty_shadow,ADA,0,0,3887,2.5500000000000003,1,1,260.38646097900994,-201.6508986875193,,,,,,,0,0,29.787469704599793,-0.7722604244059994,0.34709855914115906,0.0,0.0010406355140730739,0.0012713761534541845,29.517423491677228,0.008029866166637482,0,0,13.37472198918159,12.570980972581832,13.372108491496007,occluder,,,,,1.1,3866,ok,accepted,0,ok,0.4888576,0.0006207000114955008,0.4627745999896433,0.025116900011198595,0,0.0011739000000012823,0.010967000000000837,0,240.38915417247918,13.317095262493893,,3.5991013124807125,0,0,0,,,,,,,,,,,,0,18.052333110989164,-0.3197857621903184,21.59368051448968,0.43891939929868107,18.853379647785975,0.7141868569927949,22.97783184437022,0.35384993365489564,17.379941201910636,-0.08560171774955325,30.704437255915646,0.28615112441007695,30.84281890772455,0.10768866591661629,28.55757905199998,0.3394317804154349,29.666149234161175,0.2024463925826425
3889,2.65,empty_shadow,ADA,0,0,3888,2.6,1,1,261.8748641242231,-201.6501315336706,,,,,,,0,0,29.753201701887843,-0.6853600542390126,0.3710419535636902,0.0,-0.0014911338221281767,-0.0018217636970803142,29.467850564001967,0.008048372683237074,0,0,13.958610994921317,12.607958580265471,13.955289028171922,occluder,,,,,1.15,3866,ok,accepted,0,ok,0.4888576,0.0006207000114955008,0.4627745999896433,0.025116900011198595,1,0.0012112999999978058,0.014681299999999453,0,241.29131486341754,13.903337716768704,,3.5998684663294114,0,0,0,,,,,,,,,,,,0,18.036719569511753,-0.31227081873691764,21.615809593788324,0.44258158876341114,18.890168549057922,0.7357780278971472,22.998661907075117,0.4166012968111803,17.37576220385479,-0.08357996103137405,30.72112088798644,0.3336813246438508,30.847814246700498,0.09990678233088963,28.575878155622927,0.36598207245264575,29.679830662601997,0.2736285778913587
3890,2.7,empty_shadow,ADA,0,0,3889,2.6500000000000004,1,1,263.3617113883759,-201.65087553080085,,,,,,,0,0,29.72312916065658,-0.6014508246252603,0.3940728008747101,0.0,-0.0014911338221281767,-0.0018217636970803142,29.467850564001967,0.008064666187812139,0,0,14.541769125154044,12.639089803201555,14.53801811103557,occluder,,,,,1.2000000000000002,3866,ok,accepted,0,ok,0.4888576,0.0006207000114955008,0.4627745999896433,0.025116900011198595,0,0.0012112999999978058,0.011372200000000277,0,242.19271260974182,14.488787234597226,,3.599124469199154,0,0,0,,,,,,,,,,,,0,18.02152373778236,-0.3039166232819876,21.637910062694306,0.442009383910146,18.927686055896693,0.7503501397892604,23.022412104060653,0.4750040119451167,17.371709090715726,-0.08106226277566378,30.739940814478125,0.3764043665031672,30.85237852961433,0.09128565883667906,28.595277799331082,0.38799287415531813,29.6968709308311,0.34080537203533245
3891,2.75,empty_shadow,ADA,0,0,3890,2.7,1,1,264.8471857415864,-201.65273388795282,,,,,,,0,0,29.697178442839828,-0.5190143563350347,0.4162918031215668,0.0,-0.003657283028587699,-0.0044682142324745655,29.447940329715294,0.008078766262380627,0,0,15.124406401904208,12.664088192982623,15.12055300835652,occluder,,,,,1.25,3866,ok,accepted,0,ok,0.4888576,0.0006207000114955008,0.4627745999896433,0.025116900011198595,1,0.0011927999999983285,0.010875000000002188,0,243.09334742186272,15.07362677568679,,3.59726611204718,0,0,0,,,,,,,,,,,,0,18.00678948556432,-0.294685032179423,21.659795001992695,0.43769879486316926,18.9655888476856,0.7580558393040258,23.048838298546336,0.5285239920072582,17.36781428760191,-0.07789606234911768,30.760650940618945,0.4142060229956123,30.856475516484437,0.08193973722460626,28.6155548233498,0.4055404803656475,29.71702970799235,0.40317554685923895
3892,2.8,empty_shadow,ADA,0,0,3891,2.75,1,1,266.3314396624231,-201.65538611852102,,,,,,,0,0,29.67523909083898,-0.4387870400169902,0.43780481815338135,0.0,-0.003657283028587699,-0.0044682142324745655,29.447940329715294,0.008090715664608375,0,0,15.706628217394018,12.682624289798877,15.702993137587008,occluder,,,,,1.2999999999999998,3866,ok,accepted,0,ok,0.4888576,0.0006207000114955008,0.4627745999896433,0.025116900011198595,0,0.0011927999999983285,0.011963500000000238,0,243.9932803297276,15.657947788658646,,3.5946138814789776,0,0,0,,,,,,,,,,,,0,17.99255114401458,-0.2847668188700624,21.68127939828858,0.4296879370665324,19.003541229991317,0.7590476504059172,23.07767918653345,0.5768178910695373,17.364100684071243,-0.07427207086524046,30.78300709073618,0.4471247643094129,30.8600746898038,0.0719834664696179,28.63648606788189,0.41862489063284275,29.740049504276143,0.4603959271778854
3893,2.85,empty_shadow,ADA,0,0,3892,2.8000000000000003,1,1,267.81471732272917,-201.65892369194822,,,,,,,0,0,29.65719428297006,-0.3608961573783631,0.45865386724472046,0.0,-6.556390144396573e-05,-8.010141755221412e-05,32.48005,0.008100563760066792,0,0,16.288690693083325,12.694514020163346,16.28533344975844,occluder,,,,,1.35,3866,ok,stale_plan,0,ok,0.4888576,0.0006207000114955008,0.4627745999896433,0.025116900011198595,1,0.0011867999999992662,0.018162600000003692,0,244.8924808157601,16.24202496293219,,3.5910763080517825,0,0,0,,,,,,,,,,,,0,17.978837323314103,-0.27427640203500103,21.702197311411997,0.41835827451840557,19.041238033497585,0.7539360743006804,23.10866393252248,0.6196950711868479,17.3605835371727,-0.0703429378672462,30.806753656978227,0.474931958524164,30.863145531220574,0.061416829502748065,28.6578655397358,0.4275894370739012,29.765632772888345,0.5116653721358113
3894,2.9,empty_shadow,ADA,0,0,3893,2.85,1,1,269.2972628006508,-201.6631634194901,,,,,,,0,0,29.643000216382802,-0.28388133174516383,0.47895097732543945,0.0,-6.556390144396573e-05,-8.010141755221412e-05,32.48005,0.008108322922797095,0,0,16.870720567751953,12.699476171882031,16.867573408923633,occluder,,,,,1.4,3866,ok,stale_plan,0,ok,0.4888576,0.0006207000114955008,0.4627745999896433,0.025116900011198595,0,0.0011867999999992662,0.009668699999998864,0,245.79107095026563,16.8259803063483,,3.586836580509896,0,0,0,,,,,,,,,,,,0,17.965688077726686,-0.2629849000213554,21.72239424532244,0.40393868976577263,19.07837598905232,0.7427591146608972,23.141510251763886,0.6569265496913738,17.35727428815015,-0.06618498044872059,30.83162741374861,0.49747521201195055,30.865676596754852,0.05062131359604149,28.679483430050862,0.4323578062959935,29.79347624508169,0.5568694429945781
3895,2.95,empty_shadow,ADA,0,0,3894,2.9000000000000004,1,1,270.77913703243826,-201.6678153633498,,,,,,,0,0,29.63257573634982,-0.2084896006596182,0.4987155795097351,0.0,2.695467264857143e-05,3.293134432169609e-05,32.48005,0.008114028549571157,0,0,17.452821999275955,12.697275947027236,17.449828818802505,occluder,,,,,1.4500000000000002,3866,ok,stale_plan,0,ok,0.4888576,0.0006207000114955008,0.4627745999896433,0.025116900011198595,1,0.001274999999999693,0.012262900000003185,0,246.6890202208732,17.40990526752819,,3.5821846366501973,0,0,0,,,,,,,,,,,,0,17.953126295395876,-0.2512356352162109,21.741734776764126,0.3868106382805021,19.114682346030204,0.726127141678089,23.175918692792866,0.688168991111203,17.35419010824299,-0.061683598189581586,30.85738231199189,0.515097995955248,30.867671700277413,0.03990207537540883,28.70113946725015,0.4331207439793868,29.823244227626727,0.5953596504041085
3896,3.0,empty_shadow,ADA,0,0,3895,2.95,1,1,272.26058411185375,-201.67274211114756,,,,,,,0,0,29.625845294207256,-0.13460884285130703,0.517934262752533,0.0,2.695467264857143e-05,3.293134432169609e-05,32.48005,0.008117715519756492,0,0,18.035240284000036,12.687702283473357,18.032355802241366,occluder,,,,,1.5,3866,ok,stale_plan,0,ok,0.4888576,0.0006207000114955008,0.4627745999896433,0.025116900011198595,0,0.001274999999999693,0.008231799999997236,0,247.58632863799357,17.994043929823306,,3.5772578888524436,0,0,0,,,,,,,,,,,,0,17.941178678258545,-0.23895233231196236,21.760091114580415,0.36712676405385275,19.14989961267223,0.7043453331970738,23.211593618506292,0.7134986827307295,17.35133671733118,-0.05706781815938008,30.883762775683667,0.5276096900071462,30.86913656389369,0.029297279548000137,28.722642916492763,0.43006898484482264,29.85459530421922,0.6270215330140253
3897,3.05,empty_shadow,ADA,0,0,3896,3.0,1,1,273.74181761508333,-201.67780626091434,,,,,,,0,0,29.62275786226294,-0.06174863888631421,0.536629855632782,0.0,1.756584970280528e-05,2.1460733478306793e-05,32.48005,0.00811940767137712,0,0,18.61815661413426,12.670564883169925,18.615347476239258,occluder,,,,,1.5499999999999998,3866,ok,stale_plan,0,ok,0.4888576,0.0006207000114955008,0.4627745999896433,0.025116900011198595,1,0.001187100000002772,0.010991900000000498,0,248.4830267139978,18.57857935704868,,3.5721937390856624,0,0,0,,,,,,,,,,,,0,17.929870018262797,-0.2261731926474273,21.77736216696643,0.3454210524489743,19.183795092630067,0.6779095981435435,23.248233670635948,0.7328012005783646,17.348725560037572,-0.05222314586636619,30.91052277143545,0.5352010426296553,30.870078816172068,0.018845054896794958,28.743816394810658,0.42346956635469574,29.887195689625422,0.6520077123102586
3898,3.1,empty_shadow,ADA,0,0,3897,3.0500000000000003,1,1,275.2229595968162,-201.68296199464248,,,,,,,0,0,29.62324144577301,0.009671670201427673,0.5548044443130493,0.0,1.756584970280528e-05,2.1460733478306793e-05,32.48005,0.008119142595249833,0,0,19.201624774653936,12.645785445619294,19.198866572022897,occluder,,,,,1.6,3866,ok,stale_plan,0,ok,0.4888576,0.0006207000114955008,0.4627745999896433,0.025116900011198595,0,0.001187100000002772,0.014698299999999165,0,249.3791754788331,19.163572573946254,,3.5670380053575172,0,0,0,,,,,,,,,,,,0,17.919219388560542,-0.21301259004381837,21.79345447546336,0.32184617284958894,19.216153254557913,0.6471632369547549,23.28555274612349,0.746381654898116,17.346356635940655,-0.04737848201262832,30.937416271694637,0.5378720534151172,30.870513716002424,0.00869800808859299,28.76450349910262,0.4137420858345331,29.920696338689016,0.6700129899662707
3899,3.15,empty_shadow,ADA,0,0,3898,3.1,1,1,276.70434571395447,-201.6881023862962,,,,,,,0,0,29.62719398377831,0.07905076010594314,0.5724745988845825,0.0,-4.712134614237584e-05,-5.756958489655517e-05,32.48005,0.00811697649950485,0,0,19.785915379236933,12.613369393464568,19.78319386093413,occluder,,,,,1.65,3866,ok,stale_plan,0,ok,0.4888576,0.0006207000114955008,0.4627745999896433,0.025116900011198595,1,0.0011434999999977435,0.010544600000002902,0,250.2748359572414,19.749298212676194,,3.561897613703792,0,0,0,,,,,,,,,,,,0,17.909245862234837,-0.1994705262040557,21.80830700302076,0.29705055203976455,19.24678908543667,0.6127166163407334,23.3232571137941,0.7540874830996155,17.34422994355326,-0.042533847715451656,30.964218230619807,0.5360422677006874,30.870458429182886,-0.0011057229755323935,28.784534475386845,0.4006195256784994,29.954753929213517,0.6811518248488483
3900,3.2,empty_shadow,ADA,0,0,3899,3.1500000000000004,1,1,278.18600648407454,-201.69322742546478,,,,,,,0,0,29.63452231388803,0.14656660219444007,0.5896723866462708,0.0,-4.712134614237584e-05,-5.756958489655517e-05,32.48005,0.008112962672839473,0,0,20.37108355155425,12.573378378871466,20.368390685428995,occluder,,,,,1.7000000000000002,3866,ok,stale_plan,1,ok,1.1251037,0.32422609999775887,0.7674981000018306,0.03302969998912886,0,0.0011434999999977435,0.011467399999993688,0,251.16997764205718,20.335817297980498,,3.5567725745352163,0,0,0,,,,,,,,,,,,0,17.899962792127234,-0.1856614047906593,21.821851086219237,0.27088166391993374,19.2755347388709,0.574913068891486,23.36107021285687,0.7562620886549836,17.3423473925791,-0.037651019469058786,30.990699788030472,0.5296352753487918,30.869932028883984,-0.010527990876824135,28.8037777171101,0.3848648344663669,29.98904230443142,0.6857675257013571
3901,3.25,empty_shadow,ADA,0,0,3900,3.2,1,1,279.6680947553275,-201.69909999950303,,,,,,,0,0,29.645025055162225,0.2100548254838941,0.6064334511756897,0.0,0.006640550214797258,0.008112962357699871,30.01496944440161,0.008107215366534973,1,0,20.957108819269305,12.526099586998036,20.954062142876882,occluder,,,,,1.25,3876,ok,accepted,0,ok,1.1251037,0.32422609999775887,0.7674981000018306,0.03302969998912886,1,0.0018226000000041154,0.014464500000002545,0,252.06472259838043,20.92316061291021,,3.5509000004969664,0,0,0,,,,,,,,,,,,0,17.891379714187583,-0.1716615651454669,21.834050485608593,0.24398798742972502,19.302250977646306,0.534324777657845,23.398719290200546,0.7529816344814619,17.340708982146428,-0.03276820860933517,31.0166549695247,0.519108716425714,30.868970754095063,-0.01922547945666051,28.82211115341032,0.366668726004612,30.023231493365802,0.6837838079248792
3902,3.3,empty_shadow,ADA,0,0,3901,3.25,1,1,281.15082423923945,-201.70597943493448,,,,,,,0,0,29.658784060950172,0.2751801157589284,0.6228909492492676,0.0,0.006640550214797258,0.008112962357699871,30.01496944440161,0.00809969540420535,1,0,21.544213833553446,12.471397458342647,21.54029883562145,occluder,,,,,1.2999999999999998,3876,ok,accepted,0,ok,1.1251037,0.32422609999775887,0.7674981000018306,0.03302969998912886,0,0.0018226000000041154,0.008746000000002141,0,252.95904027740244,21.511572417800153,,3.544020565065523,0,0,0,,,,,,,,,,,,0,17.883511887467165,-0.1573565443664671,21.84487849863839,0.2165602604783068,19.326817636386142,0.4913331782006214,23.435948761356897,0.7445894906425296,17.33929945447242,-0.02819055348393203,31.04187970431024,0.5045005737461383,30.8675936785505,-0.027541493345149597,28.839414621842742,0.3460693686590148,30.057012508432877,0.6756203367956622
3903,3.35,empty_shadow,ADA,0,0,3902,3.3000000000000003,1,1,282.63431676146257,-201.71314852707178,,,,,,,0,0,29.67582113372077,0.34074145541197254,0.6388940811157227,0.0,-0.0006445327308028936,-0.0007874452858231962,32.48005,0.00809039830915798,0,0,22.132471345319622,12.409316517622464,22.127715453837407,occluder,,,,,1.35,3876,ok,stale_plan,0,ok,1.1251037,0.32422609999775887,0.7674981000018306,0.03302969998912886,1,0.0016198000000002821,0.018475600000002146,0,253.85302225787922,22.10108295954649,,3.5368514729282197,0,0,0,,,,,,,,,,,,0,17.876365039642344,-0.14293696547251364,21.854317959491787,0.1887892175751149,19.349143163669293,0.44651055107786963,23.472501133715348,0.7310474962070048,17.33811499371765,-0.023689215053254747,31.066192804715218,0.4862684738758512,30.865840855891836,-0.03505643494971789,28.855600383872975,0.3237152406160846,30.090099247503534,0.6617348228798854
3904,3.4,empty_shadow,ADA,0,0,3903,3.35,1,1,284.1187249046732,-201.7205919650729,,,,,,,0,0,29.6959650917259,0.40287916010257163,0.6544079184532166,0.0,-0.0006445327308028936,-0.0007874452858231962,32.48005,0.008079426429760615,0,0,22.72203238102942,12.340225214722903,22.71670306478431,occluder,,,,,1.4,3876,ok,stale_plan,0,ok,1.1251037,0.32422609999775887,0.7674981000018306,0.03302969998912886,0,0.0016198000000002821,0.01069530000000185,0,254.74666855022156,22.69184481041475,,3.529408034927087,0,0,0,,,,,,,,,,,,0,17.869941078136602,-0.12847923764331579,21.862374590641167,0.1611326243281495,19.36915698583003,0.40027644965231424,23.50815324690272,0.7130422968052201,17.337142246610966,-0.019454942133617377,31.089426428858072,0.4646792944564637,30.86373898930605,-0.04203731276713154,28.87057688679221,0.2995300583978962,30.12221323813361,0.6422798590828445
3905,3.45,empty_shadow,ADA,0,0,3904,3.4000000000000004,1,1,285.6042623647811,-201.72852329909685,,,,,,,0,0,29.719160507750082,0.46390832048366804,0.6695425510406494,0.0,-0.0012297036591917276,-0.0015023663872852921,32.48005,0.008066820125473034,0,0,23.313094684795725,12.26430616599371,23.307425081248486,occluder,,,,,1.4500000000000002,3876,ok,stale_plan,0,ok,1.1251037,0.32422609999775887,0.7674981000018306,0.03302969998912886,1,0.0016897000000000162,0.013946300000000633,0,255.63997914401864,23.284071676725603,,3.5214767009031505,0,0,0,,,,,,,,,,,,0,17.864241908715186,-0.11398339533959416,21.869056021075135,0.1336286110614822,19.386811419586643,0.3530886826862789,23.542689570288427,0.6907264876546092,17.336371680292004,-0.015411326330371249,31.11142035821528,0.43988548974576885,30.86133003803841,-0.04817900731355995,28.884288817993852,0.27423862406447236,30.153100803218056,0.6177513520054788
3906,3.5,empty_shadow,ADA,0,0,3905,3.45,1,1,287.09108171405194,-201.73689670072517,,,,,,,0,0,29.74535786433016,0.5239471316015454,0.684259831905365,0.0,-0.0012297036591917276,-0.0015023663872852921,32.48005,0.008052617763979177,0,0,23.905720175117136,12.181822961552017,23.899905134727867,occluder,,,,,1.5,3876,ok,stale_plan,0,ok,1.1251037,0.32422609999775887,0.7674981000018306,0.03302969998912886,0,0.0016897000000000162,0.009628700000000379,0,256.53304559720493,23.87782457281014,,3.5131032992748317,0,0,0,,,,,,,,,,,,0,17.859269439394062,-0.099449392107275,21.874387048378992,0.10662054911889024,19.40207403949505,0.3052524063787032,23.575911737609367,0.6644433571265986,17.33578994078527,-0.011634790133665343,31.13204679391605,0.4125354697779641,30.858654055761363,-0.05351962905262376,28.896673234407782,0.24768832831172208,30.18254069133572,0.5887978141162149
3907,3.55,empty_shadow,ADA,0,0,3906,3.5,1,1,288.57927447918786,-201.74563584478472,,,,,,,0,0,29.774506686101596,0.5829764354287192,0.6985858082771301,0.0,-0.0015511855017393827,-0.0018951306119561195,32.48005,0.008036859362717159,0,0,24.49997133153787,12.093099264819699,24.494175855418757,occluder,,,,,1.5499999999999998,3876,ok,stale_plan,0,ok,1.1251037,0.32422609999775887,0.7674981000018306,0.03302969998912886,1,0.0013440999999971837,0.013169300000001272,0,257.4258984273568,24.473164507794195,,3.504364155215285,0,0,0,,,,,,,,,,,,0,17.855019855231966,-0.08499168772146362,21.878405818127693,0.08037539897425187,19.4149429369726,0.25737795762135335,23.607640457787287,0.6345744078370721,17.335387492096082,-0.008048973753896743,31.151176024424267,0.3825909974862792,30.855741558745795,-0.05824992647696804,28.90770152640742,0.220565840051624,30.210307835961387,0.5553429436991877
3908,3.6,empty_shadow,ADA,0,0,3907,3.5500000000000003,1,1,290.0689932012221,-201.75460335012798,,,,,,,0,0,29.806546707016516,0.6408004182983973,0.7125059366226196,0.0,-0.0015511855017393827,-0.0018951306119561195,32.48005,0.008019591230313011,0,0,25.09603509320914,11.99846528561758,25.090394777701686,occluder,,,,,1.6,3876,ok,stale_plan,0,ok,1.1251037,0.32422609999775887,0.7674981000018306,0.03302969998912886,0,0.0013440999999971837,0.011465000000001169,0,258.3185071168979,25.070274540287357,,3.4953966498720206,0,0,0,,,,,,,,,,,,0,17.851489341457928,-0.07061027872950416,21.8811657381411,0.05519840454636451,19.425427649549302,0.20969425976581557,23.637707883621378,0.6013485171241687,17.335145261677013,-0.004844608392701512,31.168705037194893,0.3505860928940774,30.852628786949065,-0.06225542644305069,28.91734317580437,0.19283298800075058,30.236221039560114,0.5182641206298921
3909,3.65,empty_shadow,ADA,0,0,3908,3.6,1,1,291.5604209387642,-201.76366182519672,,,,,,,0,0,29.841422990306686,0.6975256658034112,0.7260499596595764,0.0,-0.0016925005475059152,-0.0020677794236689806,32.48005,0.008000857663154594,0,0,25.693977244023227,11.898291254155806,25.6886029199559,occluder,,,,,1.65,3876,ok,stale_plan,0,ok,1.1251037,0.32422609999775887,0.7674981000018306,0.03302969998912886,1,0.0011772000000007665,0.010724899999999593,0,259.2109937465443,25.669215648183012,,3.4863381748032793,0,0,0,,,,,,,,,,,,0,17.84867217515591,-0.05634332824100561,21.882712583250928,0.030936907131975208,19.433556787147673,0.1625827600934833,23.665969054488595,0.5652234158696974,17.335053710153147,-0.0018310304608885192,31.184547982777065,0.31686406118769167,30.849342442662273,-0.06572687766858523,28.925586739064684,0.16487126529794396,30.260118178013148,0.4779428135113427
3910,3.7,empty_shadow,ADA,0,0,3909,3.6500000000000004,1,1,293.053618674913,-201.7726586612877,,,,,,,0,0,29.879078260057312,0.7531053950125255,0.7392176389694214,0.0,-0.0016925005475059152,-0.0020677794236689806,32.48005,0.007980704979113858,0,0,26.293829181541344,11.792934766300858,26.288809946203795,occluder,,,,,1.7000000000000002,3876,ok,stale_plan,0,ok,1.1251037,0.32422609999775887,0.7674981000018306,0.03302969998912886,0,0.0011772000000007665,0.015614200000001688,0,260.10338881305097,26.27001831782519,,3.477341338712307,0,0,0,,,,,,,,,,,,0,17.84656263364995,-0.04219083127085747,21.883111204480873,0.007972429691357759,19.439379939933108,0.11646306326282835,23.69230571498643,0.5267332078965438,17.33509567426221,0.0008392821777803654,31.198628547646713,0.28161567849418795,30.84591685597117,-0.06851172934827669,28.932437937719513,0.13702397319536685,30.281854293272165,0.4347223441433433
3911,3.75,empty_shadow,ADA,0,0,3910,3.7,1,1,294.5488305138416,-201.7814869635974,,,,,,,0,0,29.919459148692862,0.8076177727109979,0.7520331740379333,0.0,-0.001709478790871799,-0.002088522305712104,32.48005,0.007959178061580738,0,0,26.89586789328116,11.68277740503857,26.891272584259625,occluder,,,,,1.75,3876,ok,stale_plan,0,ok,1.1251037,0.32422609999775887,0.7674981000018306,0.03302969998912886,1,0.0013803999999950634,0.014196000000005427,0,260.99566180925217,26.872957160552573,,3.468513036402612,0,0,0,,,,,,,,,,,,0,17.845153089709886,-0.028190878735951063,21.882430266517552,-0.01361875413443054,19.442963865947902,0.07167852762546245,23.71660723736184,0.48603044548130026,17.3352539864854,0.0031662444167277746,31.210893304695972,0.2452987109499209,30.842386360279015,-0.07060991187301983,28.937912030551406,0.10948185674373422,30.301311130060437,0.38913676846509343
3912,3.8,empty_shadow,ADA,0,0,3911,3.75,1,1,296.0461174178272,-201.78993308826986,,,,,,,0,0,29.962512914813665,0.8610753224160561,0.7644979357719421,0.0,-0.001709478790871799,-0.002088522305712104,32.48005,0.007936322035054295,0,0,27.500098585515083,11.568210975272331,27.495980440993776,occluder,,,,,1.7999999999999998,3876,ok,stale_plan,0,ok,1.1251037,0.32422609999775887,0.7674981000018306,0.03302969998912886,0,0.0013803999999950634,0.01138480000000186,0,261.8878737703007,27.478032103489625,,3.460066911730138,0,0,0,,,,,,,,,,,,0,17.844426377206872,-0.014534248921276876,21.880742248664326,-0.033760351977348745,19.4443810381484,0.028343448589973945,23.738782068198706,0.443496615060116,17.335519110263554,0.0053024755936666584,31.22130408803142,0.20821844352696883,30.838785286579338,-0.07202147379025754,28.94202999893309,0.08235936777788055,30.318387599162474,0.34152940817850125
3913,3.85,empty_shadow,ADA,0,0,3912,3.8000000000000003,1,1,297.545662466301,-201.79792067889952,,,,,,,0,0,30.008190624492304,0.9135541935727787,0.7766007781028748,0.0,-0.0016408843221142888,-0.0020047184079885483,32.48005,0.007912180494937696,0,0,28.10667350646036,11.44961400061426,28.103069287208395,occluder,,,,,1.85,3876,ok,stale_plan,0,ok,1.1251037,0.32422609999775887,0.7674981000018306,0.03302969998912886,1,0.0011773000000019351,0.013946400000001802,0,262.78005521897825,28.085395703285883,,3.4520793211004843,0,0,0,,,,,,,,,,,,0,17.84436914474298,-0.0011446472442163433,21.878127259669892,-0.052299774938009934,19.443728731596387,-0.01304612881094702,23.758769171603827,0.39974206681312846,17.33587197274648,0.007057249634513103,31.229839898291903,0.1707182387853018,30.835147967332187,-0.07274638532445088,28.944833803994367,0.056076101376025735,30.33301312886339,0.29251061375186793
3914,3.9,empty_shadow,ADA,0,0,3913,3.85,1,1,299.04752666838874,-201.80537342072398,,,,,,,0,0,30.05643352946176,0.9648580993891187,0.7883675694465637,0.0,-0.0016408843221142888,-0.0020047184079885483,32.48005,0.007886802607307378,0,0,28.71559121516169,11.327392899731963,28.712526863867716,occluder,,,,,1.9,3876,ok,stale_plan,0,ok,1.1251037,0.32422609999775887,0.7674981000018306,0.03302969998912886,0,0.0011773000000019351,0.011725299999994832,0,263.67226718523216,28.695047939119718,,3.4446265792760187,0,0,0,,,,,,,,,,,,0,17.844968040077752,0.01197790959732242,21.87466922294292,-0.06916072978735929,19.44110612802468,-0.05245207118698999,23.776515141284573,0.35491939265628486,17.336297312973187,0.008506804496299305,31.236494999905847,0.13310341810712703,30.83149729158869,-0.07301351446668108,28.946361593226356,0.03055578483073956,30.34513240614678,0.2423855595576823
3915,3.95,empty_shadow,ADA,0,0,3914,3.9000000000000004,1,1,300.55186259635593,-201.8122454853248,,,,,,,0,0,30.107190455214536,1.0151385150555114,0.7997947335243225,0.0,-0.0015130540123209357,-0.0018485442269593477,32.48005,0.007860233810264941,0,0,29.32700170177234,11.201939154636893,29.32448978193368,occluder,,,,,1.9500000000000002,3876,ok,stale_plan,0,ok,1.1251037,0.32422609999775887,0.7674981000018306,0.03302969998912886,1,0.0011551999999994678,0.010643200000004072,0,264.56450966385705,29.307141388462014,,3.4377545146751913,0,0,0,,,,,,,,,,,,0,17.846205898173125,0.024757165248051154,21.870452061036584,-0.08434323333093227,19.436629575099413,-0.08953105931690647,23.791987552270907,0.3094482191232462,17.33678369011965,0.009727542784888066,31.241267471576496,0.0954502765063603,30.827875220554624,-0.07244141829418471,28.946674401261056,0.006256160891389156,30.35470728406733,0.19149756730636994
3916,4.0,empty_shadow,ADA,0,0,3915,3.95,1,1,302.0588838159779,-201.81836895315664,,,,,,,0,0,30.160416892292396,1.0645287415572113,0.8109114170074463,0.0,-0.0015130540123209357,-0.0018485442269593477,32.48005,0.007832516292375356,0,0,29.94099957820754,11.073617607775212,29.93904556727198,occluder,,,,,2.0,3876,ok,stale_plan,0,ok,1.1251037,0.32422609999775887,0.7674981000018306,0.03302969998912886,0,0.0011551999999994678,0.012594199999995226,0,265.4569047303637,29.92176754157731,,3.431631046843364,0,0,0,,,,,,,,,,,,0,17.84806746026653,0.037231245457202224,21.865576864354022,-0.09750392913500713,19.430421143737952,-0.12416862749902015,23.805171144887197,0.26367185179555025,17.337312028745057,0.0105667725525099,31.244189732032385,0.05844564431130961,30.824298920805784,-0.07152598958442027,28.945833263281028,-0.016822759395006583,30.36173013318715,0.14045698734155826
3917,4.05,empty_shadow,ADA,0,0,3916,4.0,1,1,303.5685906083454,-201.82456779878092,,,,,,,0,0,30.216016283102533,1.111987816202742,0.821692705154419,0.0,0.006411001551896334,0.007832515984773636,32.110380947736815,0.007803719327493464,1,0,30.557644256032553,10.942869280004551,30.555774787317226,occluder,,,,,0.9499999999999997,3898,ok,accepted,1,ok,0.8267919,0.0007850000110920519,0.761181999987457,0.06447350000962615,1,0.0012443000000033066,0.011354699999998275,0,266.34936083202297,30.53901823228557,,3.425432201219081,0,0,0,,,,,,,,,,,,0,17.850508857366357,0.04882794565210327,21.86011801938128,-0.1091768951457843,19.42261053189389,-0.15621223473372564,23.816065918375052,0.2178954691053772,17.33787469844007,0.011253393891596623,31.245292295121,0.022051423779430892,30.820781744313013,-0.07034352071645669,28.943903029641493,-0.03860467254112065,30.366189509331882,0.08918752501423571
3918,4.1,empty_shadow,ADA,0,0,3917,4.05,1,1,305.0811356706536,-201.8311624046954,,,,,,,0,0,30.274017153918305,1.1600174163154264,0.8321962952613831,0.0,0.006411001551896334,0.007832515984773636,32.110380947736815,0.0077738474621153655,1,0,31.177015838212455,10.809897202073046,31.174586543340304,occluder,,,,,0.9999999999999996,3898,ok,accepted,0,ok,0.8267919,0.0007850000110920519,0.761181999987457,0.06447350000962615,0,0.0012443000000033066,0.007641300000003071,0,267.2419390091931,31.15898511742364,,3.418837595304609,0,0,0,,,,,,,,,,,,0,17.85344425880707,0.05870803237047535,21.85418043406875,-0.11875170336573082,19.413335071927435,-0.185509193429405,23.82468522506833,0.172386133365114,17.338454535962107,0.01159675034913781,31.24462475354689,-0.013350810120595673,30.817344672450098,-0.0687414239088254,28.94097143783483,-0.05863183588119183,30.368123559340475,0.038681000594387116
3919,4.15,empty_shadow,ADA,0,0,3918,4.1000000000000005,1,1,306.5966105712476,-201.8381985160323,,,,,,,0,0,30.334339921714914,1.2064553559321922,0.8423362970352173,0.0,0.00636298069730401,0.007773847319185734,32.36197697240441,0.007742961346329617,1,0,31.799111587437647,10.675097817244929,31.795642803172562,occluder,,,,,1.0500000000000003,3898,ok,accepted,0,ok,0.8267919,0.0007850000110920519,0.761181999987457,0.06447350000962615,1,0.001189899999999966,0.010868699999996068,0,268.13473080419226,31.78166822301847,,3.4118014839677073,0,0,0,,,,,,,,,,,,0,17.856825980048377,0.06763442850633437,21.847836587935845,-0.1268769212754053,19.40273400500621,-0.21202132963039164,23.831067211183885,0.1276397218149553,17.33904200124614,0.011749305591785799,31.242240515894952,-0.04768475484654232,30.814004871921902,-0.06679599281436827,28.93710333774642,-0.07736200151126177,30.3675647079867,-0.011177027300813746
3920,4.2,empty_shadow,ADA,0,0,3919,4.15,1,1,308.1152595756675,-201.84604226042154,,,,,,,0,0,30.396902159774115,1.2512447611840116,0.8521716594696045,0.0,0.00636298069730401,0.007773847319185734,32.36197697240441,0.007711122624218232,1,0,32.424225316442275,10.538897195335108,32.419362319313635,occluder,,,,,1.1,3898,ok,accepted,0,ok,0.8267919,0.0007850000110920519,0.761181999987457,0.06447350000962615,0,0.001189899999999966,0.010883900000003166,0,269.02767518707316,32.40737284455747,,3.403957739578459,0,0,0,,,,,,,,,,,,0,17.860623504533088,0.07595049293373492,21.841191384318577,-0.13290407214887157,19.390952288424934,-0.2356343200625518,23.835259560436125,0.0838469846057912,17.339625652021248,0.011673015372119191,31.238208253832333,-0.08064516648247089,30.810769972725762,-0.06469796184392301,28.932384560579308,-0.09437554304041687,30.364564453475765,-0.060005090166272944
3921,4.25,empty_shadow,ADA,0,0,3920,4.2,1,1,309.63705230167704,-201.8550903767665,,,,,,,0,0,30.46165005697731,1.2949579440638814,0.8617598414421082,0.0,0.006311639677733183,0.007711122743785381,32.50955707275799,0.007678377930029982,1,0,32.85408214770419,10.40160884008149,32.847278964871606,follower_1,,,,,1.15,3898,ok,accepted,0,ok,0.8267919,0.0007850000110920519,0.761181999987457,0.06447350000962615,1,0.0011653999999978737,0.011763699999995936,0,269.9208942281412,33.03594652949897,,3.3949096232335023,0,0,0,,,,,,,,,,,,0,17.864819666076762,0.08392323362653854,21.83431921087077,-0.13744346990463882,19.37813488462206,-0.2563480648318708,23.837306141850885,0.04093162796554299,17.340194045534542,0.011367870330239805,31.232609992982763,-0.1119649897012764,30.807657143728594,-0.0622565553639967,28.926902843848957,-0.10963433430422317,30.359187645462534,-0.10753615917489182
3922,4.3,empty_shadow,ADA,0,0,3921,4.25,1,1,311.1621719848692,-201.86572427230686,,,,,,,0,0,30.528501721294365,1.337033286341125,0.8709554076194763,0.0,0.006311639677733183,0.007711122743785381,32.50955707275799,0.007644787660938908,1,0,32.81780025785706,10.263548906853611,32.80899187688963,follower_1,,,,,1.1999999999999997,3898,ok,accepted,0,ok,0.8267919,0.0007850000110920519,0.761181999987457,0.06447350000962615,0,0.0011653999999978737,0.011385100000005366,0,270.8142963746674,33.667664066164946,,3.3842757276931366,0,0,0,,,,,,,,,,,,0,17.869393483817536,0.09147635704502102,21.827305899203292,-0.14026623480037673,19.36442865869764,-0.27412450833201596,23.837288971433285,-0.0003434085255822736,17.340737641725962,0.010871923822070216,31.22552966680428,-0.14160609124689863,30.804679737251057,-0.059548103680796584,28.92075355497651,-0.12298577714653654,30.35152965114964,-0.1531598835512411
3923,4.35,empty_shadow,ADA,0,0,3922,4.3,1,1,312.69067981655814,-201.87840168986628,,,,,,,0,0,30.59739759265652,1.377917427243105,0.8796536922454834,0.0,0.0062573435716331005,0.007644787430763245,32.55318344538371,0.007610400359219123,1,0,32.7852727222176,10.124991739198624,32.7743276410989,follower_1,,,,,1.2499999999999996,3898,ok,accepted,0,ok,0.8267919,0.0007850000110920519,0.761181999987457,0.06447350000962615,1,0.001200099999998372,0.011935099999995202,0,271.70791214943335,34.302556123087925,,3.37159831013372,0,0,0,,,,,,,,,,,,0,17.87433160628191,0.09876245097802779,21.82022965073422,-0.14152496997426597,19.349982385839017,-0.28892544990935515,23.83529197267672,-0.03993997510967232,17.341252629309206,0.010299751581931691,31.217064562038978,-0.16930143050935956,30.801841568635936,-0.05676334651851075,28.91401680261402,-0.13473504694924363,30.341666764249723,-0.19725773327576976
3924,4.4,empty_shadow,ADA,0,0,3923,4.3500000000000005,1,1,314.2226979607464,-201.8933972459888,,,,,,,0,0,30.668243812781988,1.416924402509352,0.8876438140869141,0.0,0.0062573435716331005,0.007644787430763245,32.55318344538371,0.007575280990131919,1,0,32.75671329916034,9.98620208616924,32.74354693308205,follower_1,,,,,1.3000000000000003,3898,ok,accepted,0,ok,0.8267919,0.0007850000110920519,0.761181999987457,0.06447350000962615,0,0.001200099999998372,0.014104900000006637,0,272.6018025771811,34.94068383952845,,3.356602754011192,0,0,0,,,,,,,,,,,,0,17.879614959106434,0.10566705804783795,21.813168663862132,-0.14121973565782345,19.334939116954022,-0.30086537324573126,23.83140669835729,-0.07770548615463387,17.341725653608634,0.009460485907328477,31.207313871744198,-0.19501289954164405,30.799154082745,-0.05374969366484866,28.90678795474061,-0.14457695712471086,30.329709610725534,-0.23914306352264852
3925,4.45,empty_shadow,ADA,0,0,3924,4.4,1,1,315.7581957332851,-201.91022266986363,,,,,,,0,0,30.74126320903783,1.4603879251168195,0.8946583271026611,0.0,-0.0019277683459222317,-0.006314605008810759,32.48005,0.00753933812609652,0,0,32.73218282082783,9.847172603365026,32.71726446903978,follower_1,,,,,1.35,3898,ok,stale_plan,0,ok,0.8267919,0.0007850000110920519,0.761181999987457,0.06447350000962615,1,0.0013025000000013165,0.010840999999999212,0,273.4959371455396,35.582047043708656,,3.3397773301363713,0,0,0,,,,,,,,,,,,0,17.88522637709972,0.1122283608255225,21.806199230567653,-0.13938866113978807,19.319445719147776,-0.30986795456526534,23.825732331208172,-0.11348734258670931,17.342154809084086,0.008583109388670343,31.196384421796367,-0.21858787222902065,30.79662491015055,-0.05058343105087752,28.899154748790647,-0.15266411866646096,30.315766909223385,-0.2788540207560947
3926,4.5,empty_shadow,ADA,0,0,3925,4.45,1,1,317.2974171342396,-201.9284658909238,,,,,,,0,0,30.816032773158387,1.4953912824111626,0.9002736210823059,0.0,-0.005168574396520853,-0.006314605008810759,32.48005,0.007502798187625865,0,0,32.71198632764349,9.708303542411992,32.6961926933906,follower_1,,,,,1.4,3898,ok,stale_plan,0,ok,0.8267919,0.0007850000110920519,0.761181999987457,0.06447350000962615,0,0.0013025000000013165,0.007502599999995141,0,274.39037688966164,36.22682870054109,,3.3215341090761967,0,0,0,,,,,,,,,,,,0,17.891152508740984,0.1185226332485576,21.799378571385198,-0.13641317580156817,19.303645241894824,-0.31600954496516787,23.818373774574468,-0.1471711320642917,17.342530560354945,0.007515025478695486,31.18439638510345,-0.23975941458315864,30.794248328933673,-0.04753160982479243,28.89121064491921,-0.15888207710012767,30.29996263686048,-0.31608543587161997
3927,4.55,empty_shadow,ADA,0,0,3926,4.5,1,1,318.8404536486688,-201.94792851369075,,,,,,,0,0,30.892372998184673,1.5268045005257136,0.9044726490974426,0.0,-0.006141123827546835,-0.007502797991037369,32.48005,0.00746576404374241,1,0,32.696154290335116,9.569895256241677,32.68033507645293,follower_1,,,,,1.4499999999999997,3898,ok,stale_plan,0,ok,0.8267919,0.0007850000110920519,0.761181999987457,0.06447350000962615,1,0.001715400000001921,0.012889800000003504,0,275.28512180954715,36.8751202950848,,3.302071486309245,0,0,0,,,,,,,,,,,,0,17.89736092902326,0.12416840559306766,21.792771534977877,-0.13214071813433506,19.28766738647362,-0.31955710937534176,23.80945691416985,-0.17833720736189623,17.342852904043276,0.00644687376006122,31.171462304376384,-0.2586801428326548,30.79202243204097,-0.044517925030281826,28.883033844404565,-0.1635360099714977,30.282424586108668,-0.3507610015140227
3928,4.6,empty_shadow,ADA,0,0,3927,4.55,1,1,320.3873967512211,-201.96838162510952,,,,,,,0,0,30.970057454493734,1.5536891261812258,0.9071670174598694,0.0,-0.006141123827546835,-0.007502797991037369,32.48005,0.007428358555294376,1,0,32.684930745405794,9.432346951162337,32.66977013374606,follower_1,,,,,1.4999999999999996,3898,ok,stale_plan,0,ok,0.8267919,0.0007850000110920519,0.761181999987457,0.06447350000962615,0,0.001715400000001921,0.015976600000001895,0,276.1801413928252,37.52704381435905,,3.281618374890485,0,0,0,,,,,,,,,,,,0,17.903845915832655,0.12969973571614943,21.786431526493672,-0.12680015868718533,19.27164948071469,-0.320358116063901,23.799092376270515,-0.20729075716897555,17.343110398072717,0.005149880553192555,31.15769472345605,-0.2753500534894542,30.78993959126693,-0.04165680744727094,28.874719712635414,-0.1662826352529154,30.26328627112701,-0.38276628422610914
3929,4.65,empty_shadow,ADA,0,0,3928,4.6000000000000005,1,1,321.9382157681582,-201.9893674719456,,,,,,,0,0,31.04879039757521,1.5746588616295298,0.9083431959152222,0.0,-0.006080194376409054,-0.0074283587746322155,32.48005,0.007390734308740835,1,0,32.67828503993897,9.296132471344768,32.664303102863364,follower_1,,,,,1.5500000000000003,3898,ok,stale_plan,0,ok,0.8267919,0.0007850000110920519,0.761181999987457,0.06447350000962615,1,0.0016417999999944755,0.011083499999998025,0,277.07552718181404,38.18247704230731,,3.2606325280544013,0,0,0,,,,,,,,,,,,0,17.910588394788974,0.1348495786451732,21.780410045202657,-0.12042961424402508,19.25571168637092,-0.31875588703652785,23.787411768054987,-0.23361216345717165,17.343306856995163,0.003929178381161752,31.14321953332143,-0.2895021960772773,30.787995991211325,-0.0388719961988018,28.86634263524022,-0.16754154803217294,30.242683113133733,-0.41206314308522485
3930,4.7,empty_shadow,ADA,0,0,3929,4.65,1,1,323.492971573266,-202.01041301094406,,,,,,,0,0,31.12824345287947,1.5890611060851967,0.9080674052238464,0.0,-0.006080194376409054,-0.0074283587746322155,32.48005,0.00735305497026833,1,0,32.67633907766768,9.161640210802862,32.663933135228035,follower_1,,,,,1.6,3898,ok,stale_plan,1,ok,0.6465679,0.0007906999962870032,0.5884298000019044,0.05698799999663606,0,0.0016417999999944755,0.008203699999995706,0,277.97127918171907,38.84148084751007,,3.239586989055937,0,0,0,,,,,,,,,,,,0,17.917571200660216,0.13965611657343213,21.77475667963105,-0.1130673015851682,19.23997988893712,-0.3146359477843615,23.774550511413647,-0.2572251319956928,17.343444188068297,0.0027466213656578034,31.12815880998445,-0.301212876028415,30.78618781794259,-0.03616346331244294,28.857984629095824,-0.1671601231142435,30.220761978122198,-0.4384226821379931
3931,4.75,empty_shadow,ADA,0,0,3930,4.7,1,1,325.0515727231285,-202.0318387078889,,,,,,,0,0,31.20805639214837,1.5962587853780263,0.9054109454154968,0.0,0.0021049175411462784,0.006747110281139612,31.808329024440567,0.007315494315119041,0,0,32.67900139955984,9.029265609487258,32.66794733454848,follower_1,,,,,0.8499999999999996,3914,ok,accepted,0,ok,0.6465679,0.0007906999962870032,0.5884298000019044,0.05698799999663606,1,0.0017838999999995053,0.011938500000006513,0,278.867366874964,39.50399430412767,,3.218161292111091,0,0,0,,,,,,,,,,,,0,17.924779075395552,0.14415749322133647,21.769515299214515,-0.10482760035800574,19.224562806736532,-0.30834164190929436,23.760638306120093,-0.2782441051058421,17.343518578059427,0.0014877995839924017,31.11263272073138,-0.3105202658166486,30.784509348707658,-0.03356938403685018,28.84972008244902,-0.16529093303424175,30.197662102350527,-0.46199749635417614
3932,4.8,empty_shadow,ADA,0,0,3931,4.75,1,1,326.6142939383976,-202.05382757454123,,,,,,,0,0,31.2877781773141,1.594435703314545,0.9003833532333374,0.0,0.00552258500829339,0.006747110281139612,31.808329024440567,0.0072782631232153104,0,0,32.686607797857675,8.89933110909432,32.6761924743988,follower_1,,,,,0.8999999999999995,3914,ok,accepted,0,ok,0.6465679,0.0007906999962870032,0.5884298000019044,0.05698799999663606,0,0.0017838999999995053,0.009763400000004196,0,279.763820779125,40.170261615235745,,3.1961724254587693,0,0,0,,,,,,,,,,,,0,17.932191037104104,0.1482392324833211,21.76471069893315,-0.09609199994765649,19.209565344398698,-0.29994924325666883,23.745810573560618,-0.29655465043482016,17.343531932654138,0.00026709193005198444,31.096759522542463,-0.3174625563186754,30.782960584302245,-0.03097528834132138,28.841617659424486,-0.16204846034698886,30.17353416619303,-0.4825587033802803
3933,4.8500000000000005,empty_shadow,ADA,0,0,3932,4.800000000000001,1,1,328.180952071972,-202.07625760306027,,,,,,,0,0,31.367012931650436,1.5846950867267395,0.8930066227912903,0.0,0.00595733942463994,0.0072782631032168865,31.754306289865347,0.007241540287752588,1,0,32.69891404866419,8.772107796250292,32.68843241733753,follower_1,,,,,0.9500000000000002,3914,ok,accepted,0,ok,0.6465679,0.0007906999962870032,0.5884298000019044,0.05698799999663606,1,0.001238299999997139,0.016372600000003956,0,280.66064089940767,40.84009962852747,,3.17374239693973,0,0,0,,,,,,,,,,,,0,17.93979182696876,0.15201579543502575,21.760379117314617,-0.08663162923688898,19.19508477539153,-0.28961137538020904,23.730204643936037,-0.31211859198876185,17.343484250428368,-0.000953644525531076,31.080663195208444,-0.3219252944064971,30.781518634808542,-0.028838989729424693,28.83374602492698,-0.15743268996897422,30.148519313314427,-0.5002970373599332
3934,4.9,empty_shadow,ADA,0,0,3933,4.8500000000000005,1,1,329.751455576328,-202.0991440834666,,,,,,,0,0,31.44524180187179,1.5645774044271121,0.8832809925079346,0.0,0.00595733942463994,0.0072782631032168865,31.754306289865347,0.007205555624290996,1,0,32.71588965001921,8.647968839575187,32.70479543110952,follower_1,,,,,1.0,3914,ok,accepted,0,ok,0.6465679,0.0007906999962870032,0.5884298000019044,0.05698799999663606,0,0.001238299999997139,0.011137699999999029,0,281.5578882605538,41.51335577173734,,3.150855916533402,0,0,0,,,,,,,,,,,,0,17.9475623706348,0.15541087162918701,21.756533906610876,-0.07690421262376365,19.181210745054116,-0.2774806006879758,23.713955937996808,-0.3249741183332652,17.343375533377092,-0.0021743410616786646,31.064458178659024,-0.3240992546237229,30.78018731524088,-0.02662639013227573,28.826164305643452,-0.1516343846591179,30.122743428293006,-0.515517680231429
3935,4.95,empty_shadow,ADA,0,0,3934,4.9,1,1,331.3259266206735,-202.12277689109234,,,,,,,0,0,31.521941134582402,1.5339866542122138,0.8711420297622681,0.0,0.005897827446460724,0.007205555681139231,31.59785951758746,0.007170534305655377,1,0,32.737626279581036,8.527272268914928,32.725521653221,follower_1,,,,,1.0499999999999998,3914,ok,accepted,0,ok,0.6465679,0.0007906999962870032,0.5884298000019044,0.05698799999663606,1,0.003076999999997554,0.017403700000002686,0,282.45550183261616,42.19021324402047,,3.127223108907657,0,0,0,,,,,,,,,,,,0,17.95549122495599,0.1585770845872056,21.753194139489032,-0.06679534231312083,19.168021453462554,-0.26378582483954266,23.6971960634524,-0.3351974906202397,17.34320578126602,-0.003395042287922012,31.048255097599075,-0.3240607310725109,30.7789551815167,-0.024642671591711674,28.818927816299475,-0.14472978549925938,30.096338118444432,-0.528106176696051
3936,5.0,empty_shadow,ADA,0,0,3935,4.95,1,1,332.90406014896894,-202.14750708217335,,,,,,,0,0,31.596560332192446,1.492383952200882,0.8568161725997925,0.0,0.005897827446460724,0.007205555681139231,31.59785951758746,0.00713670723608567,1,0,32.76381884487252,8.41039854557445,32.75041937130804,follower_1,,,,,1.0999999999999996,3914,ok,accepted,0,ok,0.6465679,0.0007906999962870032,0.5884298000019044,0.05698799999663606,0,0.003076999999997554,0.011259699999996542,0,283.353512133171,42.87033647176105,,3.102492917826652,0,0,0,,,,,,,,,,,,0,17.96356313105113,0.1614381195424218,21.750376984015215,-0.056343109666084364,19.155587474270135,-0.2486795755013589,23.680062349436874,-0.3426742802168878,17.342978810171378,-0.004539422080931583,31.032168392615482,-0.3217334048348765,30.777812696066743,-0.02284970422033909,28.812088054807074,-0.13679522805245042,30.069461693263783,-0.5375284837004977
3937,5.05,empty_shadow,ADA,0,0,3936,5.0,1,1,334.4858257425402,-202.1736245840957,,,,,,,0,0,31.66856930733092,1.4401795027694675,0.840111494064331,0.0,0.005841474514454603,0.007136707194149494,31.338255982903085,0.007104289895788723,1,0,32.794467450001335,8.297620664493452,32.77957890813998,follower_1,,,,,1.1499999999999995,3914,ok,accepted,0,ok,0.6465679,0.0007906999962870032,0.5884298000019044,0.05698799999663606,1,0.0011937000000017406,0.013866399999997725,0,284.2519496797948,43.55366451870856,,3.0763754159042946,0,0,0,,,,,,,,,,,,0,17.97176092324967,0.1639558417782603,21.74807862387089,-0.04596720310041826,19.14397174496315,-0.23231457818996187,23.662688309886473,-0.34748079098842644,17.342700340369234,-0.00556939600316365,31.016302965038207,-0.31730803787087947,30.776748414806182,-0.021285618313889355,28.80568507582664,-0.12805957753425262,30.042251481805383,-0.5442042097294701
3938,5.1000000000000005,empty_shadow,ADA,0,0,3937,5.050000000000001,1,1,336.07104043647496,-202.2015414466048,,,,,,,0,0,31.737435871561242,1.3773312846064556,0.8212707042694092,0.0,0.005841474514454603,0.007136707194149494,31.338255982903085,0.007073493400728339,1,0,32.82932810010763,8.189184818782751,32.81282684099221,follower_1,,,,,1.2000000000000002,3914,ok,accepted,0,ok,0.6465679,0.0007906999962870032,0.5884298000019044,0.05698799999663606,0,0.0011937000000017406,0.008978599999998949,0,285.1507839601165,44.24004493232161,,3.048458553395193,0,0,0,,,,,,,,,,,,0,17.980071248904352,0.16620651048889937,21.746304781619198,-0.035476844717203575,19.133225762152495,-0.2149196495936705,23.645203645067742,-0.3496932964964432,17.34237227804688,-0.0065612464568264245,31.000756087055656,-0.31093720606432224,30.775748985514355,-0.01998857700446956,28.799753211962294,-0.11863727510052763,30.014869608988967,-0.5476374372299049
3939,5.15,empty_shadow,ADA,0,0,3938,5.1000000000000005,1,1,337.6596128081786,-202.2316391706373,,,,,,,0,0,31.802643209173603,1.304146752247206,0.8000485897064209,0.0,0.005789733026176691,0.007073493208736181,31.04299048684731,0.00704451747360492,1,0,32.86830938821325,8.085306147628259,32.85012930283609,follower_1,,,,,1.25,3914,ok,accepted,0,ok,0.6465679,0.0007906999962870032,0.5884298000019044,0.05698799999663606,1,0.0011961000000013655,0.010083000000001618,0,286.05001496372535,44.92938630041641,,3.018360829362706,0,0,0,,,,,,,,,,,,0,17.988471221009387,0.16799943980909965,21.74504973728398,-0.02510088568049457,19.123395301876613,-0.1966092007626474,23.627726610591523,-0.34954068974831254,17.34199653226975,-0.007514915580850858,30.985626938951576,-0.30258274335883567,30.77480487158936,-0.01888226767345965,28.794330610504268,-0.10845202702938021,29.987457218180765,-0.5482477977852575
3940,5.2,empty_shadow,ADA,0,0,3939,5.15,1,1,339.25117674563757,-202.26420779809789,,,,,,,0,0,31.863682848758078,1.2207927916895045,0.7766828536987305,0.0,0.005789733026176691,0.007073493208736181,31.04299048684731,0.007017554562908565,1,0,32.911014669111836,7.9861953200965665,32.89113278582592,follower_1,,,,,1.2999999999999998,3914,ok,accepted,0,ok,0.6465679,0.0007906999962870032,0.5884298000019044,0.05698799999663606,0,0.0011961000000013655,0.01257890000000117,0,286.9496732134031,45.621291988197584,,2.9857922019021146,0,0,0,,,,,,,,,,,,0,17.99695320884241,0.1696397538941891,21.744305859971757,-0.014877544194653777,19.11451278737268,-0.1776502877703241,23.610381184119706,-0.3469085297144878,17.341575010179056,-0.008430441883230546,30.9709994425401,-0.2925498142977236,30.773906535920787,-0.01796670076609072,28.789442067666656,-0.0977708549127736,29.960157360507136,-0.5459971358525635
3941,5.25,empty_shadow,ADA,0,0,3940,5.2,1,1,340.8456710106889,-202.29865225706928,,,,,,,0,0,31.920486063252078,1.1360642898799966,0.7535343170166016,0.0,-0.002395378891378641,-0.0070175547152757645,32.48005,0.006992601811596384,1,0,32.95738270464058,7.891698698186864,32.936318266909836,follower_1,,,,,1.3499999999999996,3914,ok,stale_plan,0,ok,0.6465679,0.0007906999962870032,0.5884298000019044,0.05698799999663606,1,0.0011741000000000668,0.010541700000004539,0,287.8497892267261,46.31567023992591,,2.9513477429307216,0,0,0,,,,,,,,,,,,0,18.00550576963088,0.17105121343770546,21.744057892263456,-0.004959351266464783,19.106604921983493,-0.1581573072813007,23.59328180615057,-0.3419875596285842,17.341113435297824,-0.009231497822312517,30.956955612388235,-0.28087656045994175,30.773042533738938,-0.017280029675658528,28.785108564005714,-0.08667007165262564,29.933109272401158,-0.5409617452903486
3942,5.3,empty_shadow,ADA,0,0,3941,5.25,1,1,342.4428512961493,-202.33448434961613,,,,,,,0,0,31.972561717031308,1.0415130755846036,0.7305417060852051,0.0,-0.005743946880102158,-0.0070175547152757645,32.48005,0.006969842549478482,1,0,33.007108142052715,7.801876508361839,32.98579343426587,follower_1,,,,,1.3999999999999995,3914,ok,stale_plan,0,ok,0.6465679,0.0007906999962870032,0.5884298000019044,0.05698799999663606,0,0.0011741000000000668,0.008999400000000435,0,288.75033248611794,47.01230726599448,,2.915515650383867,0,0,0,,,,,,,,,,,,0,18.014113643154896,0.17215746760736986,21.744298205052843,0.004806259436648333,19.099683149399745,-0.13843545208446414,23.57653528825467,-0.33493035833887974,17.340615620471866,-0.009956296477680083,30.943577463192337,-0.2675629785539028,30.772201421181894,-0.016822235815700155,28.78134154377101,-0.0753404034549234,29.906446468600244,-0.5332560597778156
3943,5.3500000000000005,empty_shadow,ADA,0,0,3942,5.300000000000001,1,1,344.0423819034736,-202.3716889314688,,,,,,,0,0,32.019835113116464,0.945467921703127,0.7078535556793213,0.0,-0.005704893730580807,-0.006969842594116926,32.48005,0.00694927815330825,1,0,33.05982477563745,7.7165651196670515,33.039113187315586,follower_1,,,,,1.4500000000000002,3914,ok,stale_plan,0,ok,0.6465679,0.0007906999962870032,0.5884298000019044,0.05698799999663606,1,0.0011636999999993236,0.011843800000001181,0,289.6512724740023,47.710897885434406,,2.8783110685311897,0,0,0,,,,,,,,,,,,0,18.022761572049102,0.17295857554926786,21.74499818754921,0.013999654416787985,19.09376463580356,-0.11837027198449171,23.56025035008369,-0.32569876353239274,17.34008919395228,-0.010528530402242952,30.93092221441558,-0.25310497522286773,30.771369846149774,-0.016631484446145355,28.778152451161173,-0.06378185128931683,29.8802948337192,-0.5230326822369926
3944,5.4,empty_shadow,ADA,0,0,3943,5.3500000000000005,1,1,345.64411014587756,-202.40997613770588,,,,,,,0,0,32.06229875643382,0.8492728663470928,0.6854376196861267,0.0,-0.005704893730580807,-0.006969842594116926,32.48005,0.006930883539535419,1,0,33.11537991340526,7.635658390287049,33.09593646286292,follower_1,,,,,1.5,3914,ok,stale_plan,0,ok,0.6465679,0.0007906999962870032,0.5884298000019044,0.05698799999663606,0,0.0011636999999993236,0.01043180000000632,0,290.55270074310835,48.41119785873235,,2.8400238622941174,0,0,0,,,,,,,,,,,,0,18.031430481297075,0.17337818202486224,21.746138767452916,0.022811602949719456,19.088839843895272,-0.0984958365265009,23.544516636283873,-0.3146742759622183,17.33953415750572,-0.011100728973279178,30.919060437897237,-0.23723550621968617,30.77055353048424,-0.016326296498911153,28.775541286243975,-0.05222329773709928,29.85477262190529,-0.5104442226374756
3945,5.45,empty_shadow,ADA,0,0,3944,5.4,1,1,347.24776150051434,-202.44974279051692,,,,,,,0,0,32.0998036541928,0.7500979551795695,0.6629360914230347,0.0,0.0024802181869745255,0.0069308835081756115,32.20722389016284,0.006914697650380304,1,0,33.17340747978014,7.559142454800472,33.15523823363912,follower_1,,,,,0.8499999999999996,3928,ok,accepted,1,ok,0.7675591,0.0007875000010244548,0.7138565999921411,0.05258609997690655,1,0.0012461999999970885,0.012639200000002404,0,291.4544952231305,49.113054733346985,,2.800257209483078,0,0,0,,,,,,,,,,,,0,18.04011465036818,0.17368337911442053,21.747695148521984,0.031127626803873435,19.084906867101527,-0.07865953133887027,23.52942951471549,-0.30174243112057686,17.338960047579135,-0.011482198606250958,30.908037909653007,-0.22045049261721555,30.769727678948,-0.016517013274716916,28.77351186367038,-0.04058845110336689,29.829986643997827,-0.495719546613787
3946,5.5,empty_shadow,ADA,0,0,3945,5.45,1,1,348.8531224016087,-202.49115680944726,,,,,,,0,0,32.132467388979926,0.6532746957425672,0.640531063079834,0.0,0.005673005245625973,0.0069308835081756115,32.20722389016284,0.0069006471962609565,1,0,33.233663375794265,7.486857182150242,33.216265925622615,follower_1,,,,,0.8999999999999995,3928,ok,accepted,0,ok,0.7675591,0.0007875000010244548,0.7138565999921411,0.05258609997690655,0,0.0012461999999970885,0.008290700000003426,0,292.35674746679797,49.81616339077385,,2.7588431905527386,0,0,0,,,,,,,,,,,,0,18.04880072623122,0.17372151429859042,21.74963872237956,0.03887148239394136,19.0819466345682,-0.059204642905328,23.515078630235617,-0.2870176891047184,17.338368771541656,-0.011825520858048826,30.89790231372853,-0.2027117784442955,30.76889229042638,-0.016707753121417,28.772062276070667,-0.028991751801239186,29.80603608207248,-0.4790112291046683
3947,5.55,empty_shadow,ADA,0,0,3946,5.5,1,1,350.4599791324291,-202.5339436091852,,,,,,,0,0,32.160427402794916,0.559200276299805,0.6179621815681458,0.0,0.005648256745189428,0.006900647189468145,32.00512993368667,0.0068886540588018255,1,0,33.29590336193456,7.418498229021331,33.278782734789196,follower_1,,,,,0.9499999999999993,3928,ok,accepted,0,ok,0.7675591,0.0007875000010244548,0.7138565999921411,0.05258609997690655,1,0.0016108000000016887,0.012784799999998597,0,293.2594574741106,50.52031011428164,,2.716056390814799,1,0,0,,,,,,,,,,,,0,18.057477266382815,0.17353080076767638,21.75193896978409,0.0460049536849226,19.079938166917177,-0.04016934222585573,23.50153074002401,-0.27095780346774584,17.337767960238825,-0.012016226318513562,30.88868988904746,-0.18424827526208792,30.76804354731861,-0.016974846827130012,28.77116772782241,-0.017890964883778532,29.783016302958877,-0.4603955753243321
3948,5.6000000000000005,empty_shadow,ADA,0,0,3947,5.550000000000001,1,1,352.0680265328283,-202.57814907020307,,,,,,,0,0,32.18365285098489,0.464508963799517,0.5951113104820251,0.0,0.005648256745189428,0.006900647189468145,32.00512993368667,0.006878715516361609,1,0,33.3597917865043,7.35395186993073,33.34259435335651,follower_1,,,,,1.0,3928,ok,accepted,0,ok,0.7675591,0.0007875000010244548,0.7138565999921411,0.05258609997690655,0,0.0016108000000016887,0.01014719999999869,0,294.1625642151212,51.22525077367021,,2.671850929796932,1,0,0,,,,,,,,,,,,0,18.066129011259783,0.17303489427344373,21.75456155871514,0.05245178438631682,19.078852857424177,-0.021706177866713895,23.488856416530776,-0.2534864687421502,17.337157611896455,-0.012206966807037645,30.880427337919507,-0.16525072281651554,30.767170006285326,-0.017470807164181958,28.770822497287593,-0.006904610686718122,29.76100741539033,-0.4401777467058007
3949,5.65,empty_shadow,ADA,0,0,3948,5.6000000000000005,1,1,353.6770815285805,-202.62386480769453,,,,,,,0,0,32.202141746814455,0.3697779165912607,0.571652889251709,0.0,0.005630305036902428,0.0068787154741585255,31.706324182429615,0.0068708191881195575,1,0,33.424992971779744,7.2930972012971615,33.40747614576236,follower_1,,,,,1.0499999999999998,3928,ok,accepted,0,ok,0.7675591,0.0007875000010244548,0.7138565999921411,0.05258609997690655,1,0.0017486000000062063,0.012429900000000771,0,295.0661287145716,51.93074126997203,,2.626135192305469,1,0,0,,,,,,,,,,,,0,18.074738794490123,0.17219566238172285,21.757466436512015,0.05809756124193287,19.07865828355576,-0.0038914663092688923,23.477112879554845,-0.23487073810102432,17.336547261784187,-0.012207002253940667,30.87313754821215,-0.145795415841711,30.766277387793494,-0.01785236096629439,28.770997973604523,0.003509526338392655,29.740081897859927,-0.41851034827634115
3950,5.7,empty_shadow,ADA,0,0,3949,5.65,1,1,355.28677798164506,-202.6713045696234,,,,,,,0,0,32.21586572875738,0.27447963885848026,0.5477462410926819,0.0,0.005630305036902428,0.0068787154741585255,31.706324182429615,0.006864966671152672,1,0,33.49123234806538,7.235864358572964,33.47324604509651,follower_1,,,,,1.0999999999999996,3928,ok,accepted,0,ok,0.7675591,0.0007875000010244548,0.7138565999921411,0.05258609997690655,0,0.0017486000000062063,0.010800800000005495,0,295.970120460091,52.63644597751721,,2.578695430376598,1,0,0,,,,,,,,,,,,0,18.083304708058293,0.171318268406645,21.760630713263772,0.06328554050886159,19.07930866968262,0.013007731241393,23.46635544270765,-0.2151487351226546,17.335936912076974,-0.012206994179681942,30.866833870430632,-0.1260731091516582,30.76535043403969,-0.018539067053227845,28.771676990545146,0.013580338827937764,29.72030460027422,-0.3955459511561938
3951,5.75,empty_shadow,ADA,0,0,3950,5.7,1,1,356.89699393102956,-202.72078883218447,,,,,,,0,0,32.22480298940728,0.17874521299802382,0.5231200456619263,0.0,0.005619051866233349,0.0068649668246507645,31.406673951683267,0.006861159444603636,1,0,33.558235356076466,7.182165495772108,33.53970537383537,follower_1,,,,,1.1499999999999995,3928,ok,accepted,0,ok,0.7675591,0.0007875000010244548,0.7138565999921411,0.05258609997690655,1,0.001429900000005091,0.014780400000006466,0,296.8745699692555,53.34221241773719,,2.5292111678155322,1,0,0,,,,,,,,,,,,0,18.091813403127794,0.17017389905847682,21.764016248326676,0.06771070454503007,19.080762054078345,0.029067693746440967,23.45662225292192,-0.19466379345048332,17.335330377037565,-0.012130700849813025,30.861525840243807,-0.10616010328594015,30.76438151322484,-0.01937841166030705,28.772832845158277,0.023117092309793058,29.70172702071896,-0.3715515916715391
3952,5.8,empty_shadow,ADA,0,0,3951,5.75,1,1,358.50748531420425,-202.77254656048655,,,,,,,0,0,32.22891509794188,0.08224217069198403,0.4979894459247589,0.0,0.005619051866233349,0.0068649668246507645,31.406673951683267,0.006859408771503848,1,0,33.62578843003786,7.131948080463282,33.606699559630925,follower_1,,,,,1.1999999999999993,3928,ok,accepted,0,ok,0.7675591,0.0007875000010244548,0.7138565999921411,0.05258609997690655,0,0.001429900000005091,0.01290440000000359,0,297.77941620691263,54.04785756325475,,2.4774534395134538,1,0,0,,,,,,,,,,,,0,18.100251525443365,0.16876244417723435,21.767590615272145,0.07148734055259703,19.08296121788275,0.04398327873411389,23.447945734606648,-0.17353036367129884,17.33473147293397,-0.011978082252299443,30.857202011942103,-0.08647602932706183,30.76336490311943,-0.020332199891068027,28.774438834478346,0.03211978648703825,29.684398749636408,-0.346565422449166
3953,5.8500000000000005,empty_shadow,ADA,0,0,3952,5.800000000000001,1,1,360.1178859983336,-202.82680676128157,,,,,,,0,0,32.228169247608555,-0.014917006666479438,0.4721033573150635,0.0,0.005614502355456352,0.006859408691525459,31.107435827689624,0.006859726257178468,1,0,33.69343391041204,7.0851550576898426,33.67382359671401,follower_1,,,,,1.25,3928,ok,accepted,0,ok,0.7675591,0.0007875000010244548,0.7138565999921411,0.05258609997690655,1,0.0012107000000014523,0.010633800000000804,0,298.6846897062548,54.75298474804191,,2.423193238718426,1,0,0,,,,,,,,,,,,0,18.108607631929825,0.16712212764571385,21.771315665715708,0.07450100939312865,19.08586038403198,0.05798332364498201,23.440352591228073,-0.15186286439339142,17.3341440126255,-0.011749206129662617,30.853862382578747,-0.06679203717529783,30.76230441869358,-0.021209688232170093,28.776452996684615,0.04028324424427998,29.668340768126836,-0.3211596299753927
3954,5.9,empty_shadow,ADA,0,0,3953,5.8500000000000005,1,1,361.7280129612458,-202.88381363764506,,,,,,,0,0,32.22251681585032,-0.11304863516471642,0.4457324147224426,0.0,0.005614502355456352,0.006859408691525459,31.107435827689624,0.006862133041137804,1,0,33.76092773987449,7.0417529739159,33.74087736203193,follower_1,,,,,1.2999999999999998,3928,ok,accepted,0,ok,0.7675591,0.0007875000010244548,0.7138565999921411,0.05258609997690655,0,0.0012107000000014523,0.012975099999998463,0,299.59032943733473,55.457471979874185,,2.366186362354938,1,0,0,,,,,,,,,,,,0,18.116866461995734,0.1651765996452876,21.775166606817024,0.07701882099538551,19.089406146762915,0.07091525456061853,23.43386761766275,-0.12969946774689295,17.33356990073592,-0.011482237791552795,30.851489783729917,-0.04745143227398968,30.761190522593694,-0.022277922370808053,28.778848629314357,0.0479126527746878,29.653562612482222,-0.29556311029170274
3955,5.95,empty_shadow,ADA,0,0,3954,5.9,1,1,363.33765235086923,-202.94289587577273,,,,,,,0,0,32.21231250027615,-0.20408631148342238,0.42117056250572205,0.0,-0.00257060956209898,-0.0068621328100562096,32.48005,0.006866481208413339,1,0,33.82799503120094,7.001486621944943,33.808119447189824,follower_1,,,,,1.3499999999999996,3928,ok,stale_plan,0,ok,0.7675591,0.0007875000010244548,0.7138565999921411,0.05258609997690655,1,0.0013079000000004726,0.015107800000002669,0,300.4964269268545,56.16101387997787,,2.3071041242272656,1,0,0,,,,,,,,,,,,0,18.12502419674096,0.16315469400268473,21.779105290843425,0.07877367909480698,19.09353174770124,0.08251201923012287,23.42849462898106,-0.10745976957714475,17.33301104971018,-0.011177020531925963,30.850055603043675,-0.028683090305497736,30.760025122856625,-0.023307994483839647,28.7815933067977,0.054893549862643616,29.64006046843955,-0.2700428744970055
3956,6.0,empty_shadow,ADA,0,0,3955,5.95,1,1,364.9465293424445,-203.00356528813998,,,,,,,0,0,32.19750453052592,-0.29615939500459376,0.3983699083328247,0.0,-0.005616731941699982,-0.0068621328100562096,32.48005,0.006872798395283934,1,0,33.894360933604816,6.964217511125093,33.87566630304534,follower_1,,,,,1.3999999999999995,3928,ok,stale_plan,0,ok,0.7675591,0.0007875000010244548,0.7138565999921411,0.05258609997690655,0,0.0013079000000004726,0.008902400000003752,0,301.4029211448668,56.8633966535408,,2.2464347118600188,1,0,0,,,,,,,,,,,,0,18.133069394590123,0.16090395691489837,21.783091664462514,0.07972747180209441,19.098179966788873,0.09296438372819257,23.424231716735136,-0.08525824076364608,17.332473179253572,-0.01075740917605422,30.849527412848467,-0.010563316649385137,30.758812033928855,-0.024261776477642733,28.78464888215982,0.061111507451490694,29.627826707087785,-0.2446752157163887
