frame,time_s,condition,controller,hidden_visible,hidden_lidar_hits,lidar_frame,lidar_time_s,lidar_is_new,semantic_lidar_reveal_armed,ego_station_m,ego_local_y_m,hidden_station_m,hidden_local_y_m,hidden_reference_y_m,hidden_lateral_error_m,hidden_commanded_ay_mps2,hidden_road_lateral_velocity_mps,hidden_observation_submitted,hidden_aware_plan,ego_speed_mps,ego_accel_mps2,ego_throttle,ego_brake,ego_steer,commanded_ackermann_steer_rad,target_speed_mps,steer_limit_rad,steering_envelope_active,shield_active,minimum_clearance_m,minimum_ttc_s,minimum_oriented_clearance_m,minimum_oriented_clearance_actor_role,minimum_ttc_2d_s,minimum_ttc_2d_actor_role,hidden_oriented_clearance_m,hidden_ttc_2d_s,plan_age_s,plan_source_frame,plan_status,plan_rejection_reason,new_plan,latest_plan_status,planner_total_s,planner_decision_s,planner_mpc_s,planner_field_s,low_level_updated,low_level_time_s,physics_control_cycle_time_s,physics_control_deadline_miss,occluder_station_m,ego_pass_clearance_ahead_occluder_m,hidden_pass_clearance_ahead_occluder_m,ego_target_lane_error_m,ego_centre_lane_overlap,hidden_centre_lane_overlap,concurrent_centre_lane_overlap,hidden_center_geometric_visible_now,hidden_center_los_blocked,hidden_footprint_fully_blocked,hidden_footprint_blocked_sample_count,hidden_footprint_sample_count,hidden_footprint_blocked_sample_fraction,hidden_center_in_range,hidden_center_in_horizontal_fov,hidden_center_geometric_range_m,hidden_center_geometric_bearing_rad,hidden_center_geometric_clear_streak,hidden_center_geometric_reveal_confirmed,occluder_speed_mps,occluder_accel_mps2,lead_left_speed_mps,lead_left_accel_mps2,lead_centre_speed_mps,lead_centre_accel_mps2,lead_right_speed_mps,lead_right_accel_mps2,rear_centre_speed_mps,rear_centre_accel_mps2,follower_1_speed_mps,follower_1_accel_mps2,follower_2_speed_mps,follower_2_accel_mps2,follower_3_speed_mps,follower_3_accel_mps2,follower_4_speed_mps,follower_4_accel_mps2
1188,0.05,true_threat,APF,0,0,1187,,0,0,180.88976518998263,-201.7489555523681,199.11566653973347,-208.7535415919982,-208.75,0.003850663054464576,-0.007193676037604732,0.0057078924895424404,0,0,32.56000591830123,0.0,0.56830233335495,0.0,-0.0017709070816636086,-0.002163571072742343,32.49878928629827,0.0067206206143526305,0,0,7.361400800164801,13.095015412595755,7.361376486453886,occluder,,,14.238063852789535,,0.05,1187,ok,accepted,1,ok,0.360162,0.0008483999990858138,0.3342153999838047,0.024118700006511062,1,0.0013041999999998666,0.01261429999999919,0,194.84225595333106,-20.6327023073853,-2.464522810890685,3.501044447631898,0,0,0,0,1,1,9,9,1.0,1,1,18.404679810744796,-0.3904808325304605,0,0,18.449162660530316,0.16277330861658604,22.385457279148753,0.32489760743814533,21.550738681341944,0.8540723436257368,24.364482411419274,1.74743672304224,16.93737703634912,-0.13359074721519457,31.237887838121594,1.261501317501774,32.314443709734476,2.1241762811186287,30.65486909399536,0.18516532597698335,31.884513947970195,2.0540239353437513
1189,0.1,true_threat,APF,0,0,1188,0.05,1,0,182.51888503069833,-201.7485828992805,200.5168505766698,-208.75317040306834,-208.75,0.0035415919981858224,-0.00910107915658411,0.00663019597507376,0,0,32.60190203164614,0.8379222668982322,0.5618324875831604,0.0,-0.0017709070816636086,-0.002163571072742343,32.49878928629827,0.006703359135335508,0,0,6.664465613429273,13.020614169360302,6.664302765556745,occluder,,,14.025794782830832,,0.1,1187,ok,accepted,0,ok,0.360162,0.0008483999990858138,0.3342153999838047,0.024118700006511062,0,0.0013041999999998666,0.01263540000000063,0,195.76492446078151,-19.92625097412005,-1.9860072814047953,3.501417100719493,0,0,0,0,1,1,9,9,1.0,1,1,18.19424150777072,-0.39556076571747417,0,0,18.45681304622994,0.15300771012006634,22.40831875212713,0.4572294610629784,21.5759232991448,0.5036923591892775,24.431027907498482,1.3309099220360676,16.933716832352204,-0.0732040799448648,31.285887988350012,0.9602519991195888,32.39673818294106,1.6458894652408271,30.667901999771065,0.260658115707492,31.9638310466258,1.586341973266682
1190,0.15000000000000002,true_threat,APF,0,0,1189,0.1,1,0,184.1495306461237,-201.74790454989054,201.9202318738979,-208.7527832057743,-208.75,0.003170403068338601,-0.010815495911436518,0.0074176768700596665,0,0,32.62247505129695,0.4114603930162275,0.5578063726425171,0.0,-0.001568916835822165,-0.001916793524287641,32.198789098163296,0.006694907248613093,0,0,5.96871536260858,12.976378889223612,5.968393346556811,occluder,,,13.814772518757593,,0.15000000000000002,1187,ok,accepted,0,ok,0.360162,0.0008483999990858138,0.3342153999838047,0.024118700006511062,1,0.001183899999997351,0.013159700000002772,0,196.6879896915191,-19.218670589432264,-1.5056912149142931,3.502095450109465,0,0,0,0,1,1,9,9,1.0,1,1,17.985017875858713,-0.40088093877990666,0,0,18.463963708014912,0.14301323213136555,22.433402287071473,0.5016707002240689,21.58671887582738,0.21591153848302055,24.478780297929035,0.9550478093671447,16.932597215577935,-0.022392335483550088,31.322633069208646,0.7350832655557448,32.45747579795318,1.2147523005209788,30.68146132981002,0.2711866019998274,32.022173028500895,1.1668396372525822
1191,0.2,true_threat,APF,0,0,1190,0.15000000000000002,1,0,185.77968787621973,-201.74692119130953,203.32513906035425,-208.75242600551775,-208.75,0.002783205774306907,-0.012271523808823698,0.00805449357126068,0,0,32.600683886699535,-0.43582329194833846,0.5586835145950317,0.0,-0.001568916835822165,-0.001916793524287641,32.198789098163296,0.006703860080100712,0,0,5.276983265598349,12.984120091839447,5.276532390520666,occluder,,,13.606284243535335,,0.2,1187,ok,accepted,0,ok,0.360162,0.0008483999990858138,0.3342153999838047,0.024118700006511062,0,0.001183899999997351,0.01279999999999859,0,197.61139061559655,-18.511914283413688,-1.0241849525353928,3.503078808690475,0,0,0,0,1,1,9,9,1.0,1,1,17.778260047861565,-0.40637678104764563,0,0,18.470601295267713,0.13275174170934495,22.456788281361717,0.46771988715682994,21.585542022793085,-0.023537054206853814,24.50996164349446,0.6236269123859083,16.93361955174177,0.020446723290370988,31.350712044762723,0.5617021327231004,32.49941839593219,0.8388519594270935,30.691900233177353,0.20877807034345786,32.06221208936569,0.800781217054187
1192,0.25,true_threat,APF,0,0,1191,0.2,1,0,187.40865478029264,-201.74552625146814,204.73099225003432,-208.75194641222168,-208.75,0.0024260055177478534,-0.013429992764157067,0.008539331765752972,0,0,32.57878799358944,-0.4379178622019708,0.5833871960639954,0.0,-0.0010655386140570045,-0.0013018009485676885,31.898788260416264,0.006712874038668921,0,0,4.591411840492699,12.986535017637793,4.590926527447038,occluder,,,13.40044044191034,,0.25,1187,ok,accepted,0,ok,0.360162,0.0008483999990858138,0.3342153999838047,0.024118700006511062,1,0.0014001000000014585,0.014413999999998595,0,198.53512723301384,-17.806683996758068,-0.5420683802726103,3.504473748531865,0,0,0,0,1,1,9,9,1.0,1,1,17.57404524993723,-0.4119867383641973,0,0,18.47670673350395,0.12210876196467155,22.475699636923643,0.37822711234305756,21.574134150600006,-0.2281574361281232,24.52694277931832,0.3396227180405437,16.93648438694839,0.05729670416417695,31.371701312664175,0.4198597027634176,32.52501119790808,0.5118560393286754,30.696111638795376,0.08422811787988065,32.086206529448916,0.4798888018698776
1193,0.3,true_threat,APF,0,0,1192,0.25,1,1,189.04027654693547,-201.74364212466747,206.1372421682069,-208.7514666835855,-208.75,0.001946412221684568,-0.014424731740415813,0.008878811954313037,0,0,32.67097053343702,1.8436507969516924,0.5934031009674072,0.0,-0.0010655386140570045,-0.0013018009485676885,31.898788260416264,0.006675047285302946,0,0,3.9106734548573456,12.835859940239143,3.9103180174793066,occluder,,,13.193287239886864,,0.3,1187,ok,accepted,0,ok,0.360162,0.0008483999990858138,0.3342153999838047,0.024118700006511062,0,0.0014001000000014585,0.008525800000001027,0,199.4591079910419,-17.09904298814328,-0.059799220128070374,3.506357875332526,0,0,0,0,1,1,9,9,1.0,1,1,17.368426890580896,-0.4177937772201001,0,0,18.482268579363712,0.11123691495645457,22.488810744625052,0.26222215472469257,21.553708331959733,-0.4085163634202355,24.53190571129934,0.09925864157817647,16.940991449589305,0.09014125286505394,31.386389803521297,0.29380779790548534,32.53624166068082,0.224609255685899,30.69216721964192,-0.07888837528173792,32.09616288001038,0.19912701240192268
1194,0.35000000000000003,true_threat,APF,0,0,1193,0.30000000000000004,1,1,190.67577387920224,-201.7412683944765,207.5433700160741,-208.75098699659245,-208.75,0.0014666835855052796,-0.015175415251085149,0.00908264562193854,0,0,32.733274674849255,1.2460828282446812,0.48952725529670715,0.0,-0.0003918208822142333,-0.0004786995123140514,31.59878729536243,0.006649661800393256,0,0,3.2382864563762235,12.717029963141357,3.2383288509279327,occluder,,,12.983276941578758,,0.35000000000000003,1187,ok,accepted,0,ok,0.360162,0.0008483999990858138,0.3342153999838047,0.024118700006511062,1,0.0013098000000013599,0.014804700000002669,0,200.38336340725712,-16.387801072091747,0.42207321152389454,3.508731605523508,0,0,0,0,1,1,9,9,1.0,1,1,17.15983144064209,-0.42379461160874476,0,0,18.4872696664654,0.10002174037522471,22.496131140961605,0.14640792789807014,21.525096172063368,-0.5722431874661994,24.526700568400898,-0.10410285542019902,16.947012947281245,0.12042995389466848,31.39506127709308,0.1734433344540992,32.53482639885665,-0.02830523537611801,30.67959586133597,-0.25142715636942914,32.09378631058809,-0.047531385745687715
1195,0.4,true_threat,APF,0,0,1194,0.35000000000000003,1,1,192.31349882797002,-201.73840562307714,208.94891803519607,-208.75052276619235,-208.75,0.0009869965924451662,-0.01570471676993909,0.00916350780216401,0,0,32.76677839203439,0.6700743437026802,0.41103535890579224,0.0,-0.0003918208822142333,-0.0004786995123140514,31.59878729536243,0.006636070720904316,0,0,2.5852108757618337,12.628710908077865,2.5860768122730704,occluder,,,12.771573669147394,,0.4,1187,ok,accepted,0,ok,0.360162,0.0008483999990858138,0.3342153999838047,0.024118700006511062,0,0.0013098000000013599,0.010541099999997527,0,201.30786296408314,-15.674575680149985,0.9031216738198395,3.511594376922858,0,0,0,0,1,1,9,9,1.0,1,1,16.949391319252697,-0.42995263903848563,0,0,18.49169092026982,0.08842507512101855,22.498645019749933,0.05027757670977805,21.488892764586765,-0.7240681384939194,24.512784565022606,-0.2783200643690573,16.954453511272973,0.14881127992405388,31.397725107966725,0.05327827697367667,32.52217303531566,-0.2530672683208814,30.65927303764687,-0.4064564627573353,32.08048825974531,-0.26596101223202345
1196,0.45,true_threat,APF,0,0,1195,0.4,1,1,193.95213914266125,-201.73506951692104,210.3534589690931,-208.75004362055972,-208.75,0.000522766192347035,-0.016024718441431968,0.009134961886283108,0,0,32.77703121327795,0.20505642487123055,0.3530805706977844,0.0,0.00033347358112223446,0.000407414830988273,31.298786558112415,0.00663191989896171,0,0,1.9738991965070392,12.565157529691286,1.9762915047891678,occluder,,,12.559025460182413,,0.45,1187,ok,accepted,1,ok,0.3996538,0.0007411999977193773,0.3930193000123836,0.005507000023499131,1,0.0011941000000028623,0.0183427000000016,0,202.23254562636725,-14.960618027742868,1.3829799454327656,3.514930483078956,0,0,0,0,1,1,9,9,1.0,1,1,16.73791980238693,-0.4362158047340196,0,0,18.495522803939316,0.07663767314092203,22.49784392706139,-0.016021852939180625,21.445588297610122,-0.8660893277466961,24.491263963416102,-0.43041202822420616,16.96322349776996,0.17539973001608694,31.394261224282655,-0.06927738323708171,32.49942216517556,-0.45501739860662127,30.63295732494069,-0.526314242814885,32.05737117527723,-0.4623416824673439
1197,0.5,true_threat,APF,0,0,1196,0.45,1,1,195.5906572465016,-201.73132146512734,211.7565350593254,-208.74956497464441,-208.75,4.362055972251255e-05,-0.016184925481157568,0.009011012182741987,0,0,32.76911678912475,-0.15828848306398413,0.308418869972229,0.0,0.00033347358112223446,0.000407414830988273,31.298786558112415,0.0066351236853503595,0,0,1.4596098870697358,12.521678571061143,1.4646500065745767,occluder,,,12.346198530091225,,0.5,1187,ok,accepted,0,ok,0.3996538,0.0007411999977193773,0.3930193000123836,0.005507000023499131,0,0.0011941000000028623,0.012797100000000228,0,203.15744193771275,-14.24699623524802,1.861159724319549,3.518678534872663,0,0,0,0,1,1,9,9,1.0,1,1,16.525960841174207,-0.44256869745265986,0,0,18.498748152054954,0.06450696275904483,22.495265185948732,-0.05157482153591522,21.395634813029762,-0.9990696793576622,24.462970367641077,-0.5658719108176204,16.973223724606704,0.20000453680708255,31.384570759926756,-0.1938011072934646,32.467470242840704,-0.639038440636213,30.602788769365937,-0.6033711009638257,32.02530480781322,-0.6413273395684704
1198,0.55,true_threat,APF,0,0,1197,0.5,1,1,197.2283207384802,-201.72722275270738,213.1577801001821,-208.74910221216396,-208.75,-0.0004350253555855943,-0.016197096291233063,0.008805042225980327,0,0,32.747182398793164,-0.4386878066317479,0.27102386951446533,0.0,0.0010280781425535679,0.001256034360267222,31.028055529130214,0.0066440149451079625,0,0,1.1766053275171153,12.494655513752857,1.1849775702496348,occluder,,,12.133457131838057,,0.55,1187,ok,accepted,0,ok,0.3996538,0.0007411999977193773,0.3930193000123836,0.005507000023499131,1,0.0011921000000008064,0.011469300000001681,0,204.08242981219806,-13.53432061775473,2.337416890690946,3.5227772472926233,0,0,0,0,1,1,9,9,1.0,1,1,16.313852699358588,-0.448983898548394,0,0,18.50135742340479,0.05218542808863078,22.492175275217274,-0.06179821394132495,21.339497704127155,-1.1227421655861565,24.428550368374896,-0.688399979971636,16.984318769825737,0.22190090445299948,31.36864277324987,-0.318536436790488,32.427045875146824,-0.8084873455471275,30.570829215270532,-0.639191072811655,31.984998691988885,-0.8061223040751995
1199,0.6000000000000001,true_threat,APF,0,0,1198,0.55,1,1,198.86448878593148,-201.72288040980473,214.55673635404494,-208.74873178322088,-208.75,-0.0008977878360383329,-0.016071347671592753,0.008529509668201159,0,0,32.71427898915526,-0.6580681927580656,0.2369724065065384,0.0,0.0010280781425535679,0.001256034360267222,31.028055529130214,0.006657386123284622,0,0,1.1681071653466404,12.481397625729205,1.1748785333527012,occluder,,,11.921008812199542,,0.6000000000000001,1187,ok,accepted,0,ok,0.3996538,0.0007411999977193773,0.3930193000123836,0.005507000023499131,0,0.0011921000000008064,0.012329000000001145,0,205.00757027456513,-12.823293032670506,2.811232682186727,3.5271195901952694,0,0,0,0,1,1,9,9,1.0,1,1,16.10178513534084,-0.4554652145060712,0,0,18.50333344970678,0.0395205275863856,22.48937718879842,-0.055961727738954054,21.277674789725232,-1.2364582759432645,24.388534208604163,-0.8003231893475666,16.996348416190504,0.2405929273626147,31.34659042129378,-0.4410036361989023,32.37877848748073,-0.9653477426390544,30.538734242401453,-0.6418994504476273,31.937047920235788,-0.959015419494566
1200,0.6500000000000001,true_threat,APF,0,0,1199,0.6000000000000001,1,1,200.49873418442965,-201.7184166524757,215.95294602603636,-208.7483622912478,-208.75,-0.0012682167791240317,-0.015767167054147706,0.008195885350471378,0,0,32.672498276362866,-0.8356142558479007,0.20355600118637085,0.0,0.0015872581861913204,0.0019392017275094986,30.78732453759445,0.006674423077450827,0,0,1.1726367792434473,12.479843204268255,1.176553507136804,occluder,,,11.708786438111877,,0.6500000000000001,1187,ok,accepted,0,ok,0.3996538,0.0007411999977193773,0.3930193000123836,0.005507000023499131,1,0.0012468000000005475,0.017419699999997817,0,205.93274124930318,-12.114218608910392,3.2822713794400897,3.531583347524304,0,0,0,0,1,1,9,9,1.0,1,1,15.889669204795863,-0.4620010814417299,0,0,18.5046686029969,0.026703067555099425,22.487183732591546,-0.04386912360916111,21.21068487126087,-1.339798359190161,24.34335485703334,-0.9035870244313136,17.00913337155229,0.25569910733233836,31.318631827272277,-0.5591056819981537,32.323251728825056,-1.1105351600619413,30.507583410533023,-0.6230166326912816,31.881999902231286,-1.1009603415526237
1201,0.7000000000000001,true_threat,APF,0,0,1200,0.65,1,1,202.130690769907,-201.71396893474318,217.3461344579692,-208.7479938299417,-208.75,-0.0016377087522130296,-0.015377359616950347,0.00781510700843329,0,0,32.6231636357767,-0.9866928117233442,0.16955538094043732,0.0,0.0015872581861913204,0.0019392017275094986,30.78732453759445,0.006694624638202722,0,0,1.1771350843447976,12.488431238395771,1.178456854934417,occluder,,,11.496868171993375,,0.7000000000000001,1187,ok,accepted,0,ok,0.3996538,0.0007411999977193773,0.3930193000123836,0.005507000023499131,0,0.0012468000000005475,0.012405400000002231,0,206.85794273641216,-11.407463510542016,3.7502583242639673,3.5360310652568216,0,0,0,0,1,1,9,9,1.0,1,1,15.67756560598142,-0.468598999795344,0,0,18.505343810856914,0.013504158872444652,22.485509074982005,-0.03349315166177465,21.139090616941346,-1.4318850786221562,24.293443373265884,-0.9982296679120947,17.022475273272487,0.26683803447780663,31.285076673354816,-0.6710134556166195,32.26100728677948,-1.2448888257383761,30.477866908596845,-0.5943300360919292,31.820354362998327,-1.2329107627472558
1202,0.7500000000000001,true_threat,APF,0,0,1201,0.7000000000000001,1,1,203.75999239391203,-201.70972048699457,218.7359354337219,-208.74761126544374,-208.75,-0.0020061700583084985,-0.014918332805970984,0.00739633153295788,0,0,32.567091880892,-1.1214350976939613,0.1343570053577423,0.0,0.0019479610491544008,0.002379883313551545,30.576594243025436,0.006717696469159211,0,0,1.181464637038573,12.505938697920392,1.180727234850953,occluder,,,11.285220550458885,,0.7500000000000001,1187,ok,accepted,0,ok,0.3996538,0.0007411999977193773,0.3930193000123836,0.005507000023499131,1,0.001188500000001369,0.014486200000000338,0,207.78314423393192,-10.703363384056757,4.21485780249688,3.54027951300543,0,0,0,0,1,1,9,9,1.0,1,1,15.465421385167843,-0.475261511642462,0,0,18.505349537361976,0.00011453152561011455,22.484017523394158,-0.02983103129800117,21.06344706515642,-1.5128710303875883,24.239200297699746,-1.0848615046313057,17.03618147894739,0.27412411356480715,31.246322351064528,-0.7749747464454577,32.19258303361515,-1.3684850459177853,30.449582829358906,-0.5656815836884708,31.752660620144244,-1.3538748326190977
1203,0.8,true_threat,APF,0,0,1202,0.75,1,1,205.3863033995426,-201.70577823526568,220.12201327557077,-208.747260488637,-208.75,-0.0023887345562627615,-0.014417602348641211,0.0069481192797950005,0,0,32.50477116902861,-1.2464142372678566,0.09809227287769318,0.0,0.0019479610491544008,0.002379883313551545,30.576594243025436,0.006743479778327722,0,0,1.1854880041233855,12.53144926857223,1.1834774047425671,occluder,,,11.073875466380498,,0.8,1187,ok,accepted,0,ok,0.3996538,0.0007411999977193773,0.3930193000123836,0.005507000023499131,0,0.001188500000001369,0.010470999999999009,0,208.70831521387535,-10.002223358369605,4.6757646644023225,3.544221764734317,0,0,0,0,1,1,9,9,1.0,1,1,15.253249157801347,-0.4820088173502394,0,0,18.50467624302064,-0.013465886909571213,22.48229136754719,-0.03452311645532253,20.983840046688375,-1.5921403666029685,24.181035710497028,-1.1632917382106098,17.050063160940987,0.2776336399354324,31.202821483686435,-0.8698865099281007,32.118566432699254,-1.480331998715548,30.42242981127176,-0.543060361545286,31.679502324005014,-1.4631658972622874
1204,0.8500000000000001,true_threat,APF,0,0,1203,0.8,1,1,207.00931856418674,-201.7020049545707,221.50403230579212,-208.7469873904046,-208.75,-0.002739511362989333,-0.013851690979479591,0.006477823271715625,0,0,32.436562611858974,-1.3641711433926673,0.0627053901553154,0.0,-0.0007777255959808826,-0.000950171088334173,31.567044765468662,0.0067718695060662,0,0,1.1893271309753857,12.564240414998133,1.1867006199633328,occluder,,,10.863034600775535,,0.45000000000000007,1195,ok,accepted,1,ok,0.3598262,0.0007275000098161399,0.34049339999910444,0.018242699996335432,1,0.0013323000000013963,0.015517100000000283,0,209.6335167061897,-9.304409686039833,5.132582202309322,3.547995045429303,0,0,0,0,1,1,9,9,1.0,1,1,15.041267848365479,-0.4890997601149112,0,0,18.50331057751048,-0.027313311767788926,22.479947231205436,-0.046882726612159864,20.899306350642963,-1.6906739205690153,24.119353968848866,-1.2336348285353393,17.06396010194988,0.2779388202361832,31.15506664488929,-0.9549509049987399,32.03958690936338,-1.5795904450687621,30.396009218821817,-0.5284118493103919,31.601512714487313,-1.5597921642389287
1205,0.9000000000000001,true_threat,APF,0,0,1204,0.8500000000000001,1,1,208.62876321404116,-201.6983549622421,222.8817178349665,-208.74670051171444,-208.75,-0.0030126095954017273,-0.01319602480296953,0.005992187292582304,0,0,32.36281032362076,-1.47504576476436,0.028706207871437073,0.0,-0.0007777255959808826,-0.000950171088334173,31.567044765468662,0.006802768835812321,0,0,1.1930582594814894,12.603785747677437,1.1900231817904745,occluder,,,10.652800290983269,,0.5000000000000001,1195,ok,accepted,0,ok,0.3598262,0.0007275000098161399,0.34049339999910444,0.018242699996335432,0,0.0013323000000013963,0.010172699999998258,0,210.55862665098044,-8.610074980976151,5.5851577866929745,3.5516450377579076,0,0,0,1,1,0,8,9,0.8888888888888888,1,1,14.82955415550476,-0.4966410381272265,1,0,18.501244912334748,-0.041313306375557794,22.476746695320227,-0.06401071727555953,20.81151681342101,-1.7557907454621928,24.054567060388433,-1.2957381662244238,17.07771589804486,0.2751159219856024,31.1035693580551,-1.029789867365271,31.956285333541732,-1.6660314933758764,30.369973914887282,-0.5207060784695796,31.519323124010015,-1.6437917833442302
1206,0.9500000000000001,true_threat,APF,0,17,1205,0.9,1,1,210.2444237520983,-201.6949046250962,224.25485625047025,-208.7464304430183,-208.75,-0.003299488285563257,-0.012535616369239142,0.0054977920782158535,0,0,32.28326556213197,-1.5908952297756684,0.0,0.0038437247276306152,-0.0012743778061121702,-0.0015569461975246668,31.297108473380355,0.006836332630028217,0,0,1.196574505249032,12.650519193459122,1.1936085589230692,occluder,,,10.443246234502842,,0.55,1195,ok,accepted,0,ok,0.3598262,0.0007275000098161399,0.34049339999910444,0.018242699996335432,1,0.0012779999999992242,0.013496699999997475,0,211.4836450378367,-7.919432829775275,6.033277815340455,3.5550953749038,0,0,0,1,1,0,6,9,0.6666666666666666,1,1,14.61812724719211,-0.5046258124124456,2,1,18.498471616302897,-0.05546592568383157,22.47260965116704,-0.08274088263528397,20.722033555255194,-1.7896651655266789,23.98601885610999,-1.3709640844204702,17.091200851113822,0.2696990613789482,31.048848638918212,-1.0942538780032478,31.869317834750266,-1.7393499528264353,30.344161773410598,-0.5162428285091157,31.433557256311037,-1.7153173289855963
1207,1.0,true_threat,APF,1,65,1206,0.9500000000000001,1,1,211.85581188152042,-201.69160833334092,225.6230508186054,-208.74616206086822,-208.75,-0.003569556981688038,-0.011854573529109335,0.004999404413199391,0,0,32.19411618744205,-1.7829874937984869,0.0,0.03397064283490181,-0.0012743778061121702,-0.0015569461975246668,31.297108473380355,0.006874245112482356,0,0,1.1999520372895915,12.709816266616919,1.196826345569605,occluder,,,10.234565124520037,,0.6,1195,ok,accepted,0,ok,0.3598262,0.0007275000098161399,0.34049339999910444,0.018242699996335432,0,0.0012779999999992242,0.012271599999998273,0,212.40844980686396,-7.2328494693803975,6.47666761444836,3.5583916666590767,0,0,0,1,0,0,4,9,0.4444444444444444,1,1,14.407119757160485,-0.5130400040472793,3,1,18.49498306197834,-0.06977109280276696,22.467621929907214,-0.09975442481173713,20.631890358487457,-1.8028639374089002,23.913112355501255,-1.4581300126426762,17.104304334427326,0.26206966633590045,30.991423368338477,-1.1483456457947023,31.779319559892034,-1.7999654743108593,30.31861094130634,-0.5110166399255298,31.3448540733027,-1.7740636370461769
1208,1.05,true_threat,APF,1,142,1207,1.0,1,1,213.46243929505903,-201.68838995960783,226.98605742999354,-208.74598700127933,-208.75,-0.003837939131784651,-0.011173274176355847,0.004501623817182291,1,0,32.09666985580709,-1.9489266326991128,0.0,0.057999297976493835,-0.0015581633197143674,-0.0019036555895581841,31.057096996609857,0.006916047923498327,0,0,1.2032517033618433,12.780724386691267,1.1996073422918954,occluder,,,10.02715755677091,,0.65,1195,ok,accepted,0,ok,0.3598262,0.0007275000098161399,0.34049339999910444,0.018242699996335432,1,0.0013977000000018336,0.014064899999997493,0,213.33310198800945,-6.550874236987283,6.915022044691,3.5616100403921678,0,0,0,1,0,0,1,9,0.1111111111111111,1,1,14.196867752243339,-0.5218745049185219,4,1,18.490777341094127,-0.08411442551238667,22.46196854355876,-0.11306772655787738,20.54188068023794,-1.8001935657034218,23.837316216814745,-1.515922775236128,17.116929073835855,0.25249478817649695,30.931808485077596,-1.1921437270923925,31.686509854602683,-1.85619408398195,30.29356365241604,-0.5009457741281609,31.25348060423376,-1.8274693610355492
1209,1.1,true_threat,APF,1,205,1208,1.05,1,1,215.06403128767846,-201.68511226850038,228.34378450067322,-208.74581374275502,-208.75,-0.004012998720668293,-0.010425571244922143,0.00400842903799306,0,0,31.99314972265431,-2.070402663055688,0.0,0.07670769840478897,-0.0015581633197143674,-0.0019036555895581841,31.057096996609857,0.006960875357961254,0,0,1.2065650249624866,12.861111605183197,1.2020938298863866,occluder,,,9.821315130573291,,0.7000000000000001,1195,ok,accepted,0,ok,0.3598262,0.0007275000098161399,0.34049339999910444,0.018242699996335432,0,0.0013977000000018336,0.011350799999998884,0,214.2574184601989,-5.8735987165572965,7.348432643181241,3.564887731499624,0,0,0,1,0,0,0,9,0.0,1,1,13.987595978667171,-0.5311141850311543,5,1,18.485848730935533,-0.09857221264321533,22.455891725494904,-0.12153636085104112,20.45265492641341,-1.784515074663,23.759946512828378,-1.5473940809791977,17.12899114519636,0.2412414271738261,30.870511183922172,-1.2258023095271222,31.59115384064214,-1.9071202591680771,30.269389931584904,-0.4834744114347384,31.159600881474212,-1.8775944382829197
1210,1.1500000000000001,true_threat,APF,1,212,1209,1.1,1,1,216.66031316475383,-201.68166854219834,229.6961099655445,-208.74565758572652,-208.75,-0.004186257244981562,-0.009691752841054866,0.0035237483583720093,1,0,31.88507190795524,-2.161556293981377,0.0,0.09192447364330292,-0.0016642427071928978,-0.0020332559943199158,30.84703560088845,0.007008143034549319,0,0,1.2099833986589204,12.949716393728893,1.2044279221650747,occluder,,,9.61734899892998,,0.7500000000000001,1195,ok,accepted,0,ok,0.3598262,0.0007275000098161399,0.34049339999910444,0.018242699996335432,1,0.0013740999999996006,0.01522459999999981,0,215.1815823236851,-5.2014807029681265,7.776594244566326,3.568331457801662,0,0,0,1,0,0,0,9,0.0,1,1,13.779542716550218,-0.5407495780846122,6,1,18.480183883699404,-0.11329695383499137,22.449650875937504,-0.12481699076574923,20.36479674491686,-1.7571636246198377,23.681926401174167,-1.560402233341311,17.140419976807937,0.2285766321525663,30.8080080491664,-1.2499327701012108,31.494565681328705,-1.9317631684389085,30.246509394812378,-0.4576107289089251,31.06450999512545,-1.9018177138459487
1211,1.2000000000000002,true_threat,APF,1,220,1210,1.1500000000000001,1,1,218.2510712720184,-201.67796730084805,231.0430948493493,-208.74548799179595,-208.75,-0.004342414273480699,-0.008964774222342197,0.003050468224198687,0,0,31.773508861639435,-2.2312609263160965,0.0,0.10426308214664459,-0.0016642427071928978,-0.0020332559943199158,30.84703560088845,0.007057441743598971,0,0,1.2136746607103248,13.045733160002198,1.2068231886667626,occluder,,,9.41564763369845,,0.8000000000000002,1195,ok,accepted,0,ok,0.3598262,0.0007275000098161399,0.34049339999910444,0.018242699996335432,0,0.0013740999999996006,0.010553300000001542,0,216.1054104990368,-4.534550771055251,8.199750953019418,3.572032699151947,0,0,0,1,0,0,0,9,0.0,1,1,13.57302342307546,-0.5507650190597432,7,1,18.473708414927017,-0.12950938277872864,22.443438636175046,-0.12424479482402853,20.278828749941113,-1.7193598897560503,23.60396923010547,-1.5591434201268746,17.15115262617684,0.21465298743098343,30.74478703911289,-1.2643066460160906,31.397893600958483,-1.9334415924058872,30.225305419379005,-0.4240795007284352,30.969352354686606,-1.903152799448413
1212,1.2500000000000002,true_threat,APF,1,224,1211,1.2000000000000002,1,1,219.8362140098946,-201.67387124658836,232.3847696852801,-208.74535072691702,-208.75,-0.0045120082040455145,-0.008273993299161148,0.002591325964402631,1,0,31.65930457596174,-2.2840857135538783,0.0,0.11419593542814255,-0.0015964938793331385,-0.0019504851661622524,30.66697706390566,0.007108448341596793,0,0,1.217760860600464,13.14854052510409,1.2094609435688788,occluder,,,9.216541130689738,,0.8500000000000002,1195,ok,accepted,0,ok,0.3598262,0.0007275000098161399,0.34049339999910444,0.018242699996335432,1,0.0015666000000003066,0.013053299999999268,0,217.02887246347234,-3.8728699976146004,8.617963824514675,3.5761287534116377,0,0,0,1,0,0,0,9,0.0,1,1,13.368284391971294,-0.5611521419292623,8,1,18.46638799178732,-0.14640846826262077,22.437405687600503,-0.12065897130518916,20.195233500445372,-1.6719049752137018,23.526656741193527,-1.5462497751270505,17.161128059124607,0.1995086589806118,30.681297922826836,-1.2696866131283482,31.301995907064352,-1.9179538663165643,30.20608508761569,-0.3844066263371151,30.874976730536275,-1.88751247717405
1213,1.3,true_threat,APF,1,242,1212,1.25,1,1,221.415558241692,-201.6692888891548,233.72119552410575,-208.74529154663276,-208.75,-0.004649273082975469,-0.0075863827270461655,0.002148313478147661,0,0,31.543178270391152,-2.3225261114117757,0.0,0.12170088291168213,-0.0015964938793331385,-0.0019504851661622524,30.66697706390566,0.007160882447584684,0,0,1.2223182298056088,13.257576523653531,1.2124550393644138,occluder,,,9.020450376259395,,0.9,1195,ok,accepted,0,ok,0.3598262,0.0007275000098161399,0.34049339999910444,0.018242699996335432,0,0.0015666000000003066,0.018572299999998876,0,217.95196821178627,-3.216621514131134,9.031293915026396,3.5807111108451863,0,0,0,1,0,0,0,9,0.0,1,1,13.165661944970159,-0.5719045665677204,9,1,18.45822452134464,-0.16326941250176977,22.431637859730298,-0.11535655693436006,20.113400644541496,-1.6366570982395645,23.45050391959361,-1.5230564271333433,17.170313848469245,0.18371578694682003,30.61798091493684,-1.2662627203383732,31.207029002217674,-1.8993380886378093,30.189021968487886,-0.34126237266885356,30.78144606532592,-1.8706133012841846
1214,1.35,true_threat,APF,1,253,1213,1.3,1,1,222.98910385289204,-201.66388453520761,235.0524638925284,-208.74523412576994,-208.75,-0.004708453367243237,-0.006869538467591,0.0017237643187757836,1,0,31.425908140383896,-2.345402600145121,0.0,0.12610967457294464,-0.0035871630534529686,-0.004382546525448561,31.002460796679955,0.007214423962669469,0,0,1.2276977620968523,13.372060476660286,1.2158316359875587,occluder,,,8.82785968784619,,0.65,1201,ok,accepted,1,ok,0.4884235,0.0006821000133641064,0.4678498999855947,0.019541599991498515,1,0.0014339000000020974,0.01758650000000017,0,218.87457567887864,-2.5656833700234642,9.439954816356675,3.5861154647923854,0,0,0,1,0,0,0,9,0.0,1,1,12.965532196418067,-0.583189729632094,10,1,18.44923326229673,-0.17982518291948082,22.426179022390603,-0.10917674659492331,20.03285143819445,-1.6109841015519706,23.375987601744527,-1.4903263502028559,17.178668032845025,0.1670836875745799,30.555262884478772,-1.2543009058872596,31.112849835512883,-1.8835833288919537,30.174165652737518,-0.29712630444057203,30.68869550899888,-1.8550111256095165
1215,1.4000000000000001,true_threat,APF,1,258,1214,1.35,1,1,224.55675924912256,-201.6575361456737,236.3788494435298,-208.74516311184334,-208.75,-0.004765874230059808,-0.006187619568838143,0.0013194001026612763,0,0,31.308332744958168,-2.351507908514563,0.0,0.12741251289844513,-0.0035871630534529686,-0.004382546525448561,31.002460796679955,0.007268709936617735,0,0,1.234036734513893,13.490996676669047,1.2196210907609104,occluder,,,8.639356819941828,,0.7000000000000001,1201,ok,accepted,0,ok,0.4884235,0.0006821000133641064,0.4678498999855947,0.019541599991498515,0,0.0014339000000020974,0.015615000000000379,0,219.7967559051075,-1.92020820002179,9.844160141129208,3.5924638543262972,0,0,0,1,0,0,0,9,0.0,1,1,12.768371439339324,-0.5950579132622773,11,1,18.439444733056703,-0.19577058523524477,22.421025360839234,-0.1030732310974847,19.954079880405235,-1.5754311277847408,23.30354075706971,-1.4489368855412446,17.186165818168075,0.14995570650358178,30.493534493927598,-1.2345243948857072,31.01987420885593,-1.8595125304089826,30.1614684559568,-0.2539439248068385,30.597171381193352,-1.830482556289662
1216,1.4500000000000002,true_threat,APF,1,266,1215,1.4000000000000001,1,1,226.11858543430395,-201.65015214700242,237.70035218752065,-208.74510902242938,-208.75,-0.0048368881566602795,-0.005555097170255379,0.000936437024959531,1,0,31.19119941695841,-2.3426665599951946,0.0,0.12591204047203064,-0.003141336375847459,-0.0038378662429749966,30.82185033345566,0.00732340334223495,0,0,1.241396234263334,13.613408681799012,1.2240925761618209,occluder,,,8.455110937502447,,0.7500000000000001,1201,ok,accepted,0,ok,0.4884235,0.0006821000133641064,0.4678498999855947,0.019541599991498515,1,0.0014505999999983032,0.01541029999999921,0,220.71841732733304,-1.280043437065956,10.244001462894516,3.599847852997584,0,0,0,1,0,0,0,9,0.0,1,1,12.574224384544701,-0.607438969024187,12,1,18.428885635692094,-0.21118194655674713,22.416167341302234,-0.09716039051202673,19.87767534037294,-1.5280907715502257,23.23355820726236,-1.39965098760589,17.192797668743847,0.13263701153609192,30.43318454343086,-1.206969775530828,30.928634272967624,-1.824798716979956,30.150794956665894,-0.21346997476026444,30.50738103693525,-1.7958068855322282
1217,1.5000000000000002,true_threat,APF,1,275,1216,1.4500000000000002,1,1,227.67461287395867,-201.6415799409013,239.0170941843957,-208.74504129830854,-208.75,-0.004890977570624955,-0.004949538286461483,0.000575975683311955,0,0,31.075219498533958,-2.319598368489011,0.0,0.12158708274364471,-0.003141336375847459,-0.0038378662429749966,30.82185033345566,0.007378168649578609,0,0,1.2499594084463297,13.738264478695486,1.229554096515557,occluder,,,8.275444951301075,,0.8000000000000002,1201,ok,accepted,0,ok,0.4884235,0.0006821000133641064,0.4678498999855947,0.019541599991498515,0,0.0014505999999983032,0.013833300000001714,0,221.63946840323698,-0.6450670733151753,10.639692383865622,3.6084200590987052,0,0,0,1,0,0,0,9,0.0,1,1,12.38329019834218,-0.6202928760400308,13,1,18.417584581409823,-0.22602108415389147,22.411595429529875,-0.09143823576097317,19.804143263695718,-1.4706415056673556,23.164470204161372,-1.3817600531929042,17.198559768191515,0.11524198898157771,30.374577101323727,-1.1721311715025526,30.839639289990036,-1.7798996598250347,30.141981122193688,-0.1762766785563544,30.419820386489157,-1.7512130085006243
1218,1.55,true_threat,APF,1,282,1217,1.5,1,1,229.22487207004684,-201.631773740595,240.32919754610336,-208.74508196814313,-208.75,-0.0049587016914642845,-0.0043966751987290775,0.0002387299141986942,1,0,30.961074476163247,-2.2829004474142067,0.0,0.1146901547908783,-0.0021363322157412767,-0.0026100222021341324,30.671209300556264,0.007432669517243545,0,0,1.2597415054403314,13.86450617964834,1.2362493975849815,occluder,,,8.100677661426637,,0.85,1201,ok,accepted,0,ok,0.4884235,0.0006821000133641064,0.4678498999855947,0.019541599991498515,1,0.0014305999999990604,0.014974800000000954,0,222.55997015756122,-0.015309631551247094,11.031293991249044,3.6182262594049917,0,0,0,1,0,0,0,9,0.0,1,1,12.195767837812932,-0.633536186976421,14,1,18.40557971567528,-0.24009731262320175,22.4073019951489,-0.08586868877308947,19.73394332199615,-1.4039988079850403,23.096477020459712,-1.3598636658117174,17.20345783878521,0.09796141189859887,30.31803624953449,-1.1308080425454676,30.75336418975525,-1.7255020050754317,30.134876272377,-0.14209698552321065,30.334962452221774,-1.697158683318291
1219,1.6,true_threat,APF,1,293,1218,1.55,1,1,230.76948504602547,-201.6205961753469,241.63687585924038,-208.7451241475405,-208.75,-0.00491803185687445,-0.0037984042639970755,-7.556734527915804e-05,0,0,30.84940009558521,-2.233487611560747,0.0,0.10520719736814499,-0.0021363322157412767,-0.0026100222021341324,30.671209300556264,0.007486577221566909,0,0,1.4094396903954587,13.991031266839446,1.3900966896199707,occluder,,,7.93108436391485,,0.9,1201,ok,accepted,0,ok,0.4884235,0.0006821000133641064,0.4678498999855947,0.019541599991498515,0,0.0014305999999990604,0.014388900000000149,0,223.47989207793486,0.609381424053737,11.419050384012422,3.62940382465311,0,0,0,1,0,0,0,9,0.0,1,1,12.01181510963878,-0.6471314861500187,15,1,18.39290918737721,-0.25341056393321404,22.403285128634714,-0.08033733057309385,19.66749322395485,-1.329001938401663,23.030047864204107,-1.3285831178550578,17.207497601298844,0.08079525031790961,30.26388042541774,-1.0831131961108007,30.67027627234014,-1.6617583478476152,30.129327817159403,-0.11096909465703432,30.253255460920503,-1.6341398217240632
1220,1.6500000000000001,true_threat,APF,1,310,1219,1.6,1,1,232.30863494899566,-201.60816925299764,242.9402817116885,-208.74516778444675,-208.75,-0.004875852459491625,-0.003241954751072169,-0.00036595956473396175,1,0,30.740813996111267,-2.171721989478854,0.0,0.09340225160121918,-0.0007854134310036898,-0.000959563534706831,30.544310028033074,0.007539558462782789,0,0,1.7770723341154513,14.116724603434394,1.7639750748506713,occluder,,,7.766700495004195,,0.9500000000000001,1201,ok,accepted,0,ok,0.4884235,0.0006821000133641064,0.4678498999855947,0.019541599991498515,1,0.0013734000000020785,0.014780000000001792,0,224.3991426116288,1.2292807933299912,11.803205702766604,3.641830747002359,0,0,0,1,0,0,0,9,0.0,1,1,11.831367893313057,-0.6609892734742395,16,1,18.379609235359904,-0.2659990384451285,22.399563900614123,-0.07442456000071726,19.60516108632306,-1.2466427357784169,22.965598537026956,-1.2889865372002336,17.21070576151658,0.06416320436103862,30.212389982343584,-1.029808456337495,30.59080659879776,-1.5893934686868154,30.12522322144989,-0.08209190634341339,30.175138102569512,-1.562347159984586
1221,1.7000000000000002,true_threat,APF,1,327,1220,1.6500000000000001,1,1,233.84241331086497,-201.59443190716226,244.23975079678758,-208.7452127643433,-208.75,-0.0048322155532503075,-0.002726708332965187,-0.0006328133942416995,0,0,30.63587670287941,-2.0987458646371238,0.0,0.07929611206054688,-0.0007854134310036898,-0.000959563534706831,30.544310028033074,0.007591295551281088,0,0,2.2548747276835277,14.240462112598196,2.246892295791884,occluder,,,7.6079339611178485,,1.0,1201,ok,accepted,0,ok,0.4884235,0.0006821000133641064,0.4678498999855947,0.019541599991498515,0,0.0013734000000020785,0.010749000000000564,0,225.3176912410667,1.8445105257613932,12.184126158427773,3.65556809283774,0,0,0,1,0,0,0,9,0.0,1,1,11.654730194379576,-0.675080870782949,17,1,18.36571991410751,-0.27778642348328103,22.39616501584719,-0.06797769403739339,19.547286418460175,-1.1574933450398368,22.903516231547258,-1.2416461046082754,17.21311092790864,0.04810332784796514,30.163818644123513,-0.9714266860755111,30.51536524863707,-1.5088269986867735,30.12247665425497,-0.05493133810161819,30.10101092016552,-1.4825436380550137
1222,1.7500000000000002,true_threat,APF,1,338,1221,1.7000000000000002,1,1,235.3711255624609,-201.58013171435354,245.53543570241936,-208.7452590351763,-208.75,-0.004787235656692701,-0.002251894545989161,-0.0008766077663138888,1,1,30.53518202706042,-2.013893516379852,0.0,0.06291820853948593,0.00621355976909399,0.007591295521706343,30.577794904768293,0.007641443194579639,1,0,2.7835734801574294,14.361051251303566,2.77950680702206,occluder,,,7.453819662072803,,0.55,1211,ok,accepted,1,ok,0.4152094,0.000770999991800636,0.37992800000938587,0.03415409999433905,1,0.0014167999999976644,0.015990399999999738,0,226.23556849423574,2.4553455241882887,12.561933810890537,3.6698682856464586,0,0,0,1,0,0,0,9,0.0,1,1,11.481046357934018,-0.6888626051428578,18,1,18.35128890822311,-0.28862011669715537,22.393118990801703,-0.06092049889965555,19.49417248638573,-1.062278635308865,22.844151899340787,-1.1872866401876634,17.214747432849173,0.032730098814916196,30.118404927958956,-0.9082724376752336,30.444347042887703,-1.4203641075735307,30.121021357845645,-0.029105924588090866,30.031263012595257,-1.3949581383390046
1223,1.8,true_threat,APF,1,346,1222,1.75,1,1,236.89498543613107,-201.56558903624764,246.82773315707635,-208.74530646160562,-208.75,-0.0047409648236964586,-0.0018168157424128745,-0.0010977533980801625,0,1,30.439264051037757,-1.9183595204532367,0.0,0.044346291571855545,0.00621355976909399,0.007591295521706343,30.577794904768293,0.007689675486127596,1,0,3.3368307290316146,14.477090686623344,3.335567701704161,occluder,,,7.304177589698968,,0.5999999999999999,1211,ok,accepted,0,ok,0.4152094,0.000770999991800636,0.37992800000938587,0.03415409999433905,0,0.0014167999999976644,0.011894599999997979,0,227.15265228000888,3.0621216120853205,12.937147479774382,3.684410963752356,0,0,0,1,0,0,0,9,0.0,1,1,11.310192382209983,-0.7021459480514183,19,1,18.33636008435512,-0.2985764765489612,22.390450621376935,-0.05336738589054067,19.446092042686733,-0.9616088716717983,22.787818346272573,-1.1266710586208926,17.215655330684832,0.018157956715182517,30.076347344023972,-0.8411463575576055,30.378110563222265,-1.3247295825248198,30.120809648380654,-0.004234187623155636,29.96625868319033,-1.3000865721276498
1224,1.85,true_threat,APF,1,353,1223,1.8,1,1,238.4141455926327,-201.55101744382517,248.11703988925115,-208.74535490829118,-208.75,-0.004693538394377583,-0.0014204727145355452,-0.0012968655560925118,1,1,30.348579225849548,-1.8136965037641772,0.0,0.02404807321727276,0.0062940847128629684,0.0076896753162145615,30.428090069978605,0.007735697473052507,1,0,3.90232397419975,14.58752178178748,3.902872649884734,occluder,,,7.159304567819004,,0.6499999999999999,1211,ok,accepted,0,ok,0.4152094,0.000770999991800636,0.37992800000938587,0.03415409999433905,1,0.0013834999999993158,0.015622000000000469,0,228.069034161526,3.6648998870698506,13.310072330432064,3.698982556174826,0,0,0,1,0,0,0,9,0.0,1,1,11.142399887462034,-0.7151064733842335,20,1,18.320979221516833,-0.30761725648866384,22.388175164985352,-0.04550912518493549,19.403273968050875,-0.8563614936737814,22.734813118019368,-1.060104563114481,17.215880397779614,0.004501341896124087,30.037813913766872,-0.770658768788331,30.316997224489278,-1.2222667605566566,30.12176904558665,0.019187944263395606,29.906341254434835,-1.1983485565286107
1225,1.9000000000000001,true_threat,APF,1,360,1224,1.85,1,1,239.9289723574005,-201.53675250549662,249.40347794322216,-208.74532803964894,-208.74990631460827,-0.004551406317091278,0.32526913538571267,-0.0014746114999081694,0,1,30.26352705861172,-1.7010433447565276,0.0,0.002042412757873535,0.0062940847128629684,0.0076896753162145615,30.428090069978605,0.007779237398626585,1,0,4.474165863559123,14.691252384461357,4.475722731617107,occluder,,,7.019096165053774,,0.7,1211,ok,accepted,0,ok,0.4152094,0.000770999991800636,0.37992800000938587,0.03415409999433905,0,0.0013834999999993158,0.0127151000000012,0,228.98459206848167,4.264168744881971,13.680952477447391,3.7132474945033778,0,0,0,1,0,0,0,9,0.0,1,1,10.977359994509298,-0.7278867265688255,21,1,18.30519781718636,-0.3156280865627506,22.38630215798124,-0.037460138597706256,19.365823165004244,-0.7490160640881762,22.68540515070838,-0.988159344921944,17.215468410487432,-0.008239745843781357,30.00294787756421,-0.697305835858352,30.261312202242074,-1.113700427600993,30.123827069859775,0.0411604850215656,29.85181399449075,-1.0905451781024793
1226,1.9500000000000002,true_threat,APF,1,374,1225,1.9000000000000001,1,1,241.43964899725967,-201.52326718123075,250.68753552733554,-208.74501206607206,-208.74903424347806,-0.003706203829125343,0.7047366792651673,0.0016369278595427458,1,1,30.18096775179762,-1.6511861362820213,0.02139473333954811,0.0,0.006367392372339964,0.007779237348586321,30.307626947859212,0.00782185370703534,1,0,5.048971183967188,14.793856542835105,5.05090031036471,occluder,,,6.883623996385342,,0.75,1211,ok,accepted,0,ok,0.4152094,0.000770999991800636,0.37992800000938587,0.03415409999433905,1,0.001554699999999798,0.012382199999997567,0,229.89935652365767,4.860080929565129,14.050245606384777,3.72673281876925,0,0,0,1,0,0,0,9,0.0,1,1,10.814958634323151,-0.7405397942529482,22,1,18.28906546240299,-0.32264709566519856,22.384835416290887,-0.02933483154716955,19.333697674308084,-0.6425098167537946,22.63984239958691,-0.911255021623773,17.214465145125878,-0.020065307231318545,29.971861965054526,-0.6216983047177536,30.211328247398413,-0.9996790763086583,30.126884538974874,0.061149382504661856,29.80296491307174,-0.9769816056104437
1227,2.0,true_threat,APF,1,399,1226,1.9500000000000002,1,1,242.94635878944607,-201.51106494857265,251.96942618133954,-208.74416277407425,-208.7465329611175,-0.0015208950454450587,1.0704590646517773,0.008598075963233523,0,1,30.10054911647688,-1.608372706414798,0.049296166747808456,0.0,0.006367392372339964,0.007779237348586321,30.307626947859212,0.007863702589670373,1,0,5.6248318757352616,14.895808133247002,5.626632049962659,occluder,,,6.7526501511597,,0.7999999999999998,1211,ok,accepted,0,ok,0.4152094,0.000770999991800636,0.37992800000938587,0.03415409999433905,0,0.001554699999999798,0.008391100000000762,0,230.81329699386146,5.452850251547744,14.418195790184996,3.7389350514273474,0,0,0,1,0,0,0,9,0.0,1,1,10.654782525261725,-0.7531034157828203,23,1,18.272629840853593,-0.32871243081859397,22.383755863649668,-0.021591051708677225,19.30676779556704,-0.5385975758534198,22.598357561001215,-0.8296967712403538,17.212929729502385,-0.030708312469918383,29.944636469336654,-0.544485348324813,30.167247538950484,-0.8816141452838994,30.1308270124521,0.07884947168177188,29.75996376359446,-0.8600229655823282
1228,2.05,true_threat,APF,1,413,1227,2.0,1,1,244.44913235564388,-201.50045097287503,253.24942450616197,-208.74261222328866,-208.74164309230613,0.002519681768120563,1.4199492252225312,0.019938197372504234,1,1,30.02307735997502,-1.5494351300372244,0.0816936120390892,0.0,0.005726331379264593,0.006996033247560263,30.216996620450875,0.00790433636705937,0,0,6.200516547442981,14.99542925736159,6.201808012152943,occluder,,,6.626268984230515,,0.8499999999999996,1211,ok,accepted,0,ok,0.4152094,0.000770999991800636,0.37992800000938587,0.03415409999433905,1,0.0014213999999981297,0.014890899999997487,0,231.72641349470922,6.042507316897797,14.785077614159661,3.7495490271249707,0,0,0,1,0,0,0,9,0.0,1,1,10.496757713655125,-0.7656525795313205,24,1,18.255948173727514,-0.3336333418755669,22.383053965391127,-0.014037964050092786,19.28485614684156,-0.4382329722360307,22.5611604437439,-0.743942344943449,17.21090984870284,-0.04039761599217335,29.92131923842968,-0.4663162225711401,30.129085334747675,-0.7632440582584058,30.13552097604958,0.09387927723094139,29.72281817485952,-0.7429117503286337
1229,2.1,true_threat,APF,1,425,1228,2.0500000000000003,1,1,245.94812241907493,-201.49182193057655,254.52774399990798,-208.73999412992362,-208.73369414246662,0.00891808082204193,1.7502441804486408,0.03651107121974242,0,1,29.949318537599435,-1.4751764475116858,0.11766169220209122,0.0,0.005726331379264593,0.006996033247560263,30.216996620450875,0.00794331608329555,0,0,6.497289552877987,15.090903372266464,6.504110782319314,latent_vehicle,,,6.504110782319314,,0.8999999999999999,1211,ok,accepted,0,ok,0.4152094,0.000770999991800636,0.37992800000938587,0.03415409999433905,0,0.0014213999999981297,0.010944999999999538,0,232.63870602099553,6.629204854042541,15.151104581619364,3.758178069423451,0,0,0,1,0,0,0,9,0.0,1,1,10.340411615412133,-0.7782031865922007,25,1,18.239068143760907,-0.33760059809343695,22.38270110948389,-0.007057117633754391,19.267779623092203,-0.34153046831225287,22.528399820137356,-0.6552124720279885,17.208462720161517,-0.048942570826465935,29.90193139281489,-0.3877257544343383,30.096725286635017,-0.647200934473904,30.14082910004466,0.10616248968687048,29.691404169339034,-0.6282800857979096
1230,2.15,true_threat,APF,1,441,1229,2.1,1,1,247.44354264441677,-201.48529981910715,255.8046897238225,-208.7359726965315,-208.7221012166083,0.017892913315307624,2.0581990522437072,0.059210955075933255,1,1,29.87990633827811,-1.388243986426474,0.15242798626422882,0.0,0.003772040130570531,0.004608416464179754,30.156373472742384,0.007980262656721627,0,0,6.379933144579923,15.180616315025645,6.386169055888065,latent_vehicle,,,6.386169055888065,,0.9499999999999997,1211,ok,accepted,0,ok,0.4152094,0.000770999991800636,0.37992800000938587,0.03415409999433905,1,0.00134999999999863,0.013268399999997627,0,233.55017457272044,7.213156527659464,15.516581753808964,3.764700180892845,0,0,0,1,0,0,0,9,0.0,1,1,10.18556045030883,-0.7908945012856937,26,1,18.22204697137623,-0.34042344567625776,22.38267440840166,-0.0005340214375935268,19.25536274790065,-0.24833749177101302,22.500123373730833,-0.5655289280833347,17.205641751463965,-0.05641937395062122,29.886461594044793,-0.3093632583607346,30.069974751791868,-0.5350106679308922,30.14660833483003,0.11558471046417615,29.6655252898409,-0.5175775656271334
1231,2.1999999999999997,true_threat,APF,1,462,1230,2.15,1,1,248.9356372555664,-201.48112869579143,257.08056678599894,-208.73034945475825,-208.70636173827043,0.02961095826105975,2.3409453612389037,0.08882113627585224,0,1,29.815091003914432,-1.2963066872735851,0.18556086719036102,0.0,0.003772040130570531,0.004608416464179754,30.156373472742384,0.008014995637084193,0,0,6.2657470346928,15.263561769774922,6.272131238468042,latent_vehicle,,,6.272131238468042,,0.9999999999999996,1211,ok,accepted,0,ok,0.4152094,0.000770999991800636,0.37992800000938587,0.03415409999433905,0,0.00134999999999863,0.015206299999999118,0,234.4606970795785,7.794728631951045,15.881936309127354,3.7688713042085737,0,0,0,1,0,0,0,9,0.0,1,1,10.03190960344921,-0.8037636139354256,27,1,18.204938062276973,-0.3421781790298527,22.382947159995194,0.0054550319460232415,19.247437681500713,-0.15850131273258328,22.47629868006931,-0.4764938732226051,17.202506070256582,-0.06271362414685097,29.874871766823357,-0.23176351685273602,30.04859531140022,-0.4275887782539077,30.152730890874754,0.122451139704495,29.64495265429451,-0.4114526872916719
1232,2.25,true_threat,APF,1,485,1231,2.2,1,1,250.42455880917333,-201.4792169558464,258.35540555305744,-208.7226818893361,-208.68605216846535,0.04429728629290253,2.5,0.12304941483084539,1,1,29.75506312305468,-1.2005576171950594,0.21697203814983368,0.0,0.0014266703510656953,0.0017430066363885999,30.12552771572572,0.008047365775888611,0,0,6.154306423349188,15.338986520895219,6.161917487914673,latent_vehicle,,,6.161917487914673,,1.0499999999999998,1211,ok,accepted,0,ok,0.4152094,0.000770999991800636,0.37992800000938587,0.03415409999433905,1,0.0014144000000015922,0.011264100000001775,0,235.37048716980956,8.373860095326904,16.246984985954782,3.770783044153603,0,0,0,1,0,0,0,9,0.0,1,1,9.879149702249382,-0.8169426360673325,28,1,18.187791008249764,-0.34294107625062475,22.383498382506502,0.011024450171829323,19.24386137226026,-0.07152616670329943,22.456845629637787,-0.3890610086301567,17.199105267593918,-0.06801605325245069,29.867091376635795,-0.15557566035219497,30.032272253021684,-0.3264611375558736,30.15908614289778,0.12710506246785921,29.629457380643224,-0.30990545044198914
1233,2.3,true_threat,APF,1,504,1232,2.25,1,1,251.9106735317698,-201.4796102507073,259.6295416090246,-208.71264945119472,-208.66082472462193,0.06185716471415503,2.5,0.1670901206656937,0,1,29.69976978095946,-1.1058668419043727,0.24665948748588562,0.0,0.0014266703510656953,0.0017430066363885999,30.12552771572572,0.008077356622425001,0,0,6.045209075265106,15.406468481736193,6.055228662383554,latent_vehicle,,,6.055228662383554,,1.0999999999999996,1211,ok,accepted,0,ok,0.4152094,0.000770999991800636,0.37992800000938587,0.03415409999433905,0,0.0014144000000015922,0.01110840000000124,0,236.27933120996843,8.95113077776449,16.61227700176309,3.77038974929269,0,0,0,1,0,0,0,9,0.0,1,1,9.726927344182855,-0.8304461880622495,29,1,18.1706668426316,-0.3424833073172259,22.384303281878665,0.01609798734261184,19.244506027952024,0.012893133574876679,22.441668855524075,-0.30353548227571964,17.195487028426825,-0.0723647833448508,29.863026966133,-0.08125796098386691,30.020679419429506,-0.23185664222393626,30.165555835619546,0.12939387863693608,29.618755273767494,-0.21404211623297562
1234,2.35,true_threat,APF,1,522,1233,2.3000000000000003,1,1,253.394255987846,-201.48203382848996,260.9030664129326,-208.69997745091467,-208.6304040995289,0.08224535166581859,2.5,0.21636807263743313,1,1,29.649212591872057,-1.0111437817480606,0.27476927638053894,0.0,-0.0009167966200038791,-0.0011200783774256706,30.100775824112915,0.008104925566925983,0,0,5.938304564260701,15.465705255801925,5.952018475318294,latent_vehicle,,,5.952018475318294,,1.15,1211,ok,accepted,0,ok,0.4152094,0.000770999991800636,0.37992800000938587,0.03415409999433905,1,0.0018729999999997915,0.018192700000000173,0,237.18735127036047,9.526693173448677,16.97778174527906,3.7679661715100394,0,0,0,1,0,0,0,9,0.0,1,1,9.57510829615199,-0.8443928706018878,30,1,18.153611342656845,-0.34110999324776925,22.38533706124388,0.020675587373417317,19.24925911451984,0.09506175176968655,22.430650101294358,-0.2203750846021284,17.191708570431363,-0.0755691599095165,29.86255262951673,-0.009459253676465188,30.01356122566795,-0.1423638464366252,30.172056046237167,0.13000423739835515,29.612541157679225,-0.12428230199970082
1235,2.4,true_threat,APF,1,540,1234,2.35,1,1,254.87536717611692,-201.48638085685565,262.1762850520531,-208.68440638498927,-208.594584180278,0.10539327063668225,2.5,0.27132604682005096,0,1,29.60324600762847,-0.9193316848717359,0.3014852702617645,0.0,-0.0009167966200038791,-0.0011200783774256706,30.100775824112915,0.008130113925228125,0,0,5.833500812386219,15.5165902650452,5.852171830380147,latent_vehicle,,,5.852171830380147,,1.1999999999999997,1211,ok,accepted,0,ok,0.4152094,0.000770999991800636,0.37992800000938587,0.03415409999433905,0,0.0018729999999997915,0.01148369999999943,0,238.09454736139648,10.10060827068358,17.343804293363547,3.7636191431443535,0,0,0,1,0,0,0,9,0.0,1,1,9.423647311618454,-0.8587578803556218,31,1,18.136679821313372,-0.33863041944564615,22.386580648211577,0.024871739281788673,19.258021452054802,0.17524676886575802,22.42370162821201,-0.1389694616743536,17.187813764233827,-0.07789612395097742,29.86553480763633,0.05966766047218221,30.01070404882196,-0.05714350901296115,30.178491409159328,0.12870728201086026,29.610572798971194,-0.0393671560071614
1236,2.45,true_threat,APF,1,558,1235,2.4000000000000004,1,1,256.3543731669532,-201.49223922359425,263.44935001536567,-208.66564628438923,-208.55322476720738,0.1311816177818912,2.5,0.33172865004154095,1,1,29.561789155216385,-0.8291370482417193,0.3269702196121216,0.0,-0.002926086774095893,-0.003574889386072755,30.081255680257676,0.008152931917834715,0,0,5.730761054096127,15.559038097020855,5.755739790450081,latent_vehicle,,,5.755739790450081,,1.25,1211,ok,accepted,0,ok,0.4152094,0.000770999991800636,0.37992800000938587,0.03415409999433905,1,0.0014716000000021268,0.01577230000000185,0,239.00085844271834,10.673303180198019,17.710558175354237,3.757760776405746,0,0,0,1,0,0,0,9,0.0,1,1,9.272446181466568,-0.87361987030586,32,1,18.119921869545777,-0.3351590268177483,22.38800924723836,0.028571980871878157,19.270669061374438,0.25295220259228773,22.42070899662526,-0.059852631756003694,17.183850293545497,-0.07926941376662158,29.871811316393995,0.12555058109513975,30.011949578396166,0.02491061788441673,30.18479898255561,0.12615148875095158,29.61267853618189,0.04211476073181112
1237,2.5,true_threat,APF,1,583,1236,2.45,1,1,257.83139592134717,-201.49928845251102,264.72244435106904,-208.64352923998,-208.50624829284493,0.1593979915442958,2.5,0.3970574824532617,0,1,29.524689012771965,-0.7420028488883901,0.35139477252960205,0.0,-0.002926086774095893,-0.003574889386072755,30.081255680257676,0.008173433506506836,0,0,5.630210063544255,15.59306364681632,5.662812366459063,latent_vehicle,,,5.662812366459063,,1.2999999999999998,1211,ok,accepted,0,ok,0.4152094,0.000770999991800636,0.37992800000938587,0.03415409999433905,0,0.0014716000000021268,0.01184470000000104,0,239.90634555468418,11.244838822626122,18.078165399091773,3.750711547488976,0,0,0,1,0,0,0,9,0.0,1,1,9.12155312479658,-0.8889609856682736,33,1,18.103387078301168,-0.33069581534813175,22.389599970544005,0.031814466210926276,19.28706652279578,0.327949240457135,22.42157874622593,0.017394992004252655,17.179860121227186,-0.07980344636732886,29.881193261947303,0.18765545719792281,30.017171927415326,0.10444700359899363,30.19091582452957,0.12233685387501818,29.6187248548604,0.12092638848608712
1238,2.55,true_threat,APF,1,606,1237,2.5,1,1,259.30671015474513,-201.5076962965789,265.9956290110297,-208.61781109032924,-208.45363654085156,0.18989269912844975,2.5,0.46668641786250725,1,1,29.491780493950518,-0.6581703764289415,0.3749086558818817,0.0,0.0008315214072354138,0.0010158950462937355,31.929492,0.008191683583554403,0,0,5.53135831675841,15.618798411344937,5.572143209919166,latent_vehicle,,,5.572143209919166,,1.3499999999999996,1211,ok,stale_plan,0,ok,0.4152094,0.000770999991800636,0.37992800000938587,0.03415409999433905,1,0.0014022999999987462,0.016316100000000944,0,240.81100868688318,11.815489923825083,18.446686926853403,3.7423037034211006,0,0,0,1,0,0,0,9,0.0,1,1,8.97006512891289,-0.9043609474314599,34,1,18.08712503768528,-0.32524080241325354,22.391333744438537,0.03467547849013668,19.307034545493714,0.39936046187518665,22.426234582936747,0.09311673422455977,17.17588902216412,-0.07942198127412442,29.893486024572617,0.24586803653404732,30.026231859383156,0.1811986593904086,30.19679043591249,0.11749224152211403,29.628580147924975,0.19710587467282545
1239,2.6,true_threat,APF,1,625,1238,2.5500000000000003,1,1,260.78046837694814,-201.51723382192137,267.2692396417389,-208.58835439182482,-208.39542736496443,0.2223837253648071,2.5,0.5399783103753393,0,1,29.463001884921514,-0.5755721805800817,0.3976837694644928,0.0,0.0008315214072354138,0.0010158950462937355,31.929492,0.008207693480470544,0,0,5.434330852622783,15.63625882834634,5.483453028190786,latent_vehicle,,,5.483453028190786,,1.4,1211,ok,stale_plan,0,ok,0.4152094,0.000770999991800636,0.37992800000938587,0.03415409999433905,0,0.0014022999999987462,0.012778199999999629,0,241.71487836209712,12.385378470814146,18.816427882348705,3.7327661780786343,0,0,0,1,0,0,0,9,0.0,1,1,8.817899026496253,-0.91962697392484,35,1,18.071179617558442,-0.318908391781062,22.393185774652704,0.03704060453745609,19.330369043111375,0.46668995656568707,22.434596397428407,0.16723628987437195,17.17197704959524,-0.07823945137851764,29.90847019184947,0.2996926680885391,30.03899967400192,0.25535630876223175,30.20236369115972,0.11146511365951997,29.642097547987323,0.2703480123118732
1240,2.65,true_threat,APF,1,652,1239,2.6,1,1,262.25288410167735,-201.5275805211113,268.54339826144826,-208.55500651494185,-208.33171140794036,0.2566429838844613,2.5,0.616335626587357,1,1,29.438259220385113,-0.49485329072801676,0.41978541016578674,0.0,0.0006548258825205266,0.0008000207017175853,31.929492,0.008221495682661957,0,0,5.339250428540055,15.645371197342808,5.396904311483356,latent_vehicle,,,5.396904311483356,,1.4499999999999997,1211,ok,stale_plan,0,ok,0.4152094,0.000770999991800636,0.37992800000938587,0.03415409999433905,1,0.0017636000000003094,0.014227999999999241,0,242.6179850979023,12.954687459738182,19.187479766252864,3.722419478888696,0,0,0,1,0,0,0,9,0.0,1,1,8.665077954330476,-0.9348379515068184,36,1,18.05559468679083,-0.311698603958812,22.395129356459314,0.03887163689270846,19.356825874152026,0.5291366224677001,22.446561192939715,0.23929591031577382,17.168150907765984,-0.07652283658669792,29.925913007042283,0.34886262412008223,30.055296080201458,0.32592813659621495,30.207584090775786,0.1044079978144391,29.659130188495954,0.3406528187327295
1241,2.7,true_threat,APF,1,677,1240,2.6500000000000004,1,1,263.7242929858349,-201.53862946811293,269.818135346091,-208.5176453789642,-208.26262882049912,0.29237769444273454,2.5,0.6952276796993856,0,1,29.4174600034971,-0.4159843377602357,0.4412602186203003,0.0,0.0006548258825205266,0.0008000207017175853,31.929492,0.008233125061885626,0,0,5.246044690512314,15.646099923948318,5.312442166180038,latent_vehicle,,,5.312442166180038,,1.5,1211,ok,stale_plan,0,ok,0.4152094,0.000770999991800636,0.37992800000938587,0.03415409999433905,0,0.0017636000000003094,0.01240980000000036,0,243.5202678591461,13.52381358265194,19.559934089651847,3.71137053188707,0,0,0,1,0,0,0,9,0.0,1,1,8.511350483471249,-0.9500638637466744,37,1,18.040412207780545,-0.30364956780121444,22.39714351110691,0.040283093296859925,19.38612656571379,0.5860138310822827,22.46202215857526,0.3092193128444595,17.1644430216293,-0.07415772273528393,29.9455740936221,0.393225598196968,30.074915084309595,0.39238009118637424,30.212405858706305,0.09643536174913886,29.67947207578863,0.40683775208918704
1242,2.75,true_threat,APF,1,704,1241,2.7,1,1,265.19469498257234,-201.5502433338327,271.09375606101986,-208.4762403622077,-208.18836598026664,0.3292793986975653,2.5,0.776196498622624,1,1,29.400530467563577,-0.3385907186704884,0.4621186852455139,0.0,0.0003541152982506901,0.00043263344559818506,31.929492,0.008242609027183809,0,0,5.154927792149943,15.638454955246187,5.23031501529153,latent_vehicle,,,5.23031501529153,,1.5499999999999998,1211,ok,stale_plan,0,ok,0.4152094,0.000770999991800636,0.37992800000938587,0.03415409999433905,1,0.0015311000000011177,0.014839699999999567,0,244.4218792285048,14.092604210030686,19.933943435221977,3.6997566661673034,0,0,0,1,0,0,0,9,0.0,1,1,8.356934135228977,-0.9653342149653095,38,1,18.025670326387495,-0.29483761538307146,22.39920153387402,0.041160455384827724,19.417964035331853,0.6367493910886063,22.480836242483672,0.3762816783897999,17.160880095273544,-0.07125852711110298,29.967199735403536,0.4325148360715221,30.097625896357368,0.4542162463624693,30.2167984774463,0.0878523761497673,29.70290386455103,0.4686357792610329
1243,2.8,true_threat,APF,1,739,1242,2.75,1,1,266.6643342064734,-201.5623457410435,272.37032139453896,-208.43065411475726,-208.1091522107184,0.3670881514892983,2.5,0.8588582630447515,0,1,29.38739422964363,-0.26272475839896003,0.48239532113075256,0.0,0.0003541152982506901,0.00043263344559818506,31.929492,0.008249979273116905,0,0,5.065851463815083,15.622477412935675,5.1504796216015905,latent_vehicle,,,5.1504796216015905,,1.5999999999999996,1211,ok,stale_plan,0,ok,0.4152094,0.000770999991800636,0.37992800000938587,0.03415409999433905,0,0.0015311000000011177,0.01271679999999975,0,245.32272766366015,14.661394998776416,20.309660333585725,3.6876542589565133,0,0,0,1,0,0,0,9,0.0,1,1,8.201612221247085,-0.9806947382979319,39,1,18.011409097762076,-0.28522455947174224,22.401286259651886,0.041694516307051475,19.452014033395972,0.6809999599773372,22.502833691929983,0.4399489891716179,17.157485015365367,-0.06790159816903779,29.99053622978774,0.46673065776273004,30.123161487191112,0.5107118190271068,30.22073905816106,0.07881161469860007,29.729168062452995,0.5252839600460418
1244,2.85,true_threat,APF,1,771,1243,2.8000000000000003,1,1,268.1334242493404,-201.5748450641408,273.648075471643,-208.38084077696212,-208.0252565001227,0.40539761463455193,2.5,0.9428968602726044,1,1,29.377997770836153,-0.18792917614952387,0.5021130442619324,0.0,4.679586254496826e-06,5.7171932894561905e-06,31.929492,0.008255257336448066,0,0,4.978937851973476,15.598162202156384,5.073079452730751,latent_vehicle,,,5.073079452730751,,1.65,1211,ok,stale_plan,1,ok,1.1103704,0.33073220000369474,0.7588993999816012,0.02035859998431988,1,0.0017704000000016151,0.013886299999999352,0,246.22287419976487,15.230338505538668,20.687267874585018,3.6751549358592115,0,0,0,1,0,0,0,9,0.0,1,1,8.045391485620605,-0.9961879382739387,40,1,17.997662853114075,-0.2749248802299407,22.403374800723846,0.041770821797111155,19.48793323683413,0.7183840683322757,22.527808511873456,0.4994963992375775,17.154280668962823,-0.06408692804663542,30.015326070743225,0.49579694195766993,30.15121668111105,0.5611038786822665,30.22420662053794,0.06935124739069182,29.7579842889446,0.5763245302261251
1245,2.9,true_threat,APF,1,798,1244,2.85,1,1,269.6021787133861,-201.5876801950965,274.92714035222656,-208.32676978960282,-207.93698422048405,0.44385655647806743,2.5,1.0280582915053234,0,1,29.372264941599283,-0.11465658473738927,0.5212690234184265,0.0,4.679586254496826e-06,5.7171932894561905e-06,31.929492,0.008258479998889592,0,0,4.89429841088794,15.565621923691495,4.998213000093374,latent_vehicle,,,4.998213000093374,,1.6999999999999997,1211,ok,stale_plan,0,ok,1.1103704,0.33073220000369474,0.7588993999816012,0.02035859998431988,0,0.0017704000000016151,0.009843400000001168,0,247.12237986156086,15.799587307788357,21.06682709337261,3.6623198049034897,0,0,0,1,0,0,0,9,0.0,1,1,7.888188386477785,-1.011851018711018,41,1,17.984462109117263,-0.2640148681241811,22.405453804240267,0.04158007036022117,19.525361157224452,0.7485584089993383,22.55554517143713,0.5547331918125986,17.151286131134427,-0.05989075656671732,30.04130032015302,0.5194849964522266,30.181486301709352,0.6053924111655762,30.227187811907367,0.05962382751957594,29.789047367939837,0.6212615793090579
1246,2.95,true_threat,APF,1,830,1245,2.9000000000000004,1,1,271.07071964288895,-201.60077479832665,276.2075770350046,-208.2683343203406,-207.8446738464863,0.48209594311651927,2.5,1.1141382656102048,1,1,29.370147534860468,-0.04234813477630439,0.5398868322372437,0.0,-0.00034375276300124824,-0.000419973221141845,31.929492,0.008259670758741476,0,0,4.812017201040473,15.52493309250503,4.924436920886426,latent_vehicle,,,4.924436920886426,,1.75,1211,ok,stale_plan,0,ok,1.1103704,0.33073220000369474,0.7588993999816012,0.02035859998431988,1,0.001493500000002257,0.011906100000000919,0,248.02121413667714,16.369293962174936,21.448429501034354,3.649225201673346,0,0,0,1,0,0,0,9,0.0,1,1,7.72990023441291,-1.027725409071805,42,1,17.971835477018445,-0.252532630368448,22.407506104975365,0.041046015458416144,19.56393539631869,0.7714847850870022,22.585776643773773,0.6046294472702485,17.148510938449196,-0.055503853704382496,30.068197678962786,0.5379475155585575,30.213628933842138,0.6428526421665819,30.229673095743088,0.04970567759018372,29.82203686502712,0.6597899410678701
1247,3.0,true_threat,APF,1,881,1246,2.95,1,1,272.5392911628436,-201.61408301418044,277.4896296814095,-208.2055953210419,-207.74869367443608,0.5196406459045306,2.5,1.2009772525881457,0,1,29.371582154373172,0.028692390254079214,0.5579850077629089,0.0,-0.00034375276300124824,-0.000419973221141845,31.929492,0.008258863947820794,0,0,4.732344677255341,15.47619790822753,4.845705759973779,latent_vehicle,,,4.845705759973779,,1.7999999999999998,1211,ok,stale_plan,0,ok,1.1103704,0.33073220000369474,0.7588993999816012,0.02035859998431988,0,0.001493500000002257,0.011947700000000339,0,248.9194685986644,16.939611020142337,21.83222768545201,3.635916985819563,0,0,0,1,0,0,0,9,0.0,1,1,7.570565140027672,-1.0438414274361592,43,1,17.959811566065397,-0.2404782083578586,22.409512629941517,0.04013049967006593,19.603301187953353,0.7873158383603593,22.618237806001687,0.6492232452522109,17.145976071688423,-0.050697335216379084,30.09576448445849,0.5513371204462321,30.247318420470968,0.6737897338263173,30.23166628635119,0.03986381410157762,29.85662090058246,0.691680711347311
1248,3.05,true_threat,APF,1,919,1247,3.0,1,1,274.0080153019123,-201.6274827307094,278.7733593109778,-208.13850699452067,-207.6494385412061,0.5561567798357885,2.5,1.2884512494089566,1,1,29.376488244534368,0.09812180322391839,0.5755618214607239,0.0,-0.0006605687085539103,-0.0008070369367487729,31.929492,0.00825610572117587,0,0,4.651856628370439,15.419643847390455,4.761476425033848,latent_vehicle,,,4.761476425033848,,1.8499999999999996,1211,ok,stale_plan,0,ok,1.1103704,0.33073220000369474,0.7588993999816012,0.02035859998431988,1,0.001363400000002457,0.012097299999997091,0,249.8171127247408,17.510691033134606,22.21831318894391,3.622517269290597,0,0,0,1,0,0,0,9,0.0,1,1,7.410180580867862,-1.0602449347764533,44,1,17.94841135441475,-0.22800422489648092,22.411465749046123,0.039062382111046234,19.643098042914197,0.795937107456536,22.65262729772391,0.6877898352155611,17.14367771738238,-0.04596708612106403,30.123741357727837,0.5595393636941397,30.282205717609415,0.6977459471104347,30.233173105020718,0.03013637646149109,29.89245996725867,0.7167813358838007
1249,3.1,true_threat,APF,1,957,1248,3.0500000000000003,1,1,275.4770751551424,-201.64094336787252,280.05888795757716,-208.06696248761656,-207.5473265431784,0.591180451342268,2.5,1.3764660560137756,0,1,29.384769034051455,0.16561579034174656,0.5926466584205627,0.0,-0.0006605687085539103,-0.0008070369367487729,31.929492,0.008251453356076403,0,0,4.566851484303214,15.355515086304397,4.671683492595555,latent_vehicle,2.550234016987579,latent_vehicle,4.671683492595555,2.550234016987579,1.9,1211,ok,stale_plan,0,ok,1.1103704,0.33073220000369474,0.7588993999816012,0.02035859998431988,0,0.001363400000002457,0.01381730000000303,0,250.7142380468139,18.082625564291646,22.60671651347016,3.6090566321274764,0,1,0,1,0,0,0,9,0.0,1,1,7.248606916305211,-1.0769624517325134,45,1,17.937653913233152,-0.21514881953723686,22.413348295475135,0.03765092938763329,19.68298645448181,0.7977682427311992,22.688636129037835,0.7201766270481467,17.141623502146505,-0.04108430471639339,30.151882272267553,0.5628212076428166,30.31795322429153,0.7149501424596925,30.234203088604474,0.02059967599235671,29.92921455658202,0.7350917922601884
1250,3.15,true_threat,APF,1,997,1249,3.1,1,1,276.94665380196506,-201.65438856926423,281.3463987318711,-207.9909769966531,-207.4427957551876,0.6241667324289608,2.449710119806631,1.464950598293894,1,1,29.39632866848895,0.23119268874992827,0.6092854738235474,0.0,-0.0009269632864743471,-0.0011324993101879954,31.929492,0.008244965422985953,0,0,4.477420791948049,15.284065137572638,4.576429384780175,latent_vehicle,2.3723420927206202,latent_vehicle,4.576429384780175,2.3723420927206202,1.9499999999999997,1211,ok,stale_plan,0,ok,1.1103704,0.33073220000369474,0.7588993999816012,0.02035859998431988,1,0.0017206000000022925,0.013223600000003444,0,251.61078354014174,18.65565871778645,22.99768179443626,3.5956114307357723,0,1,0,1,0,0,0,9,0.0,1,1,7.085894670865783,-1.0940344925287104,46,1,17.927565947017182,-0.2017593232628723,22.415146919254163,0.035972475936773,19.722630727107028,0.7928854661308458,22.725945771424087,0.7461928486609839,17.139817242392706,-0.03612519507613102,30.17994310970402,0.5612206798490502,30.354223339714146,0.7254023230751545,30.23477721758054,0.011482585004740389,29.96655469770301,0.7468028327800443
1251,3.2,true_threat,APF,1,1053,1250,3.1500000000000004,1,1,278.4169343218114,-201.667741978479,282.6360137510134,-207.91068780908074,-207.33630094946443,0.6546760471886728,2.1899335217701683,1.5533656829039435,0,1,29.411097797347196,0.2953825771648866,0.6255190372467041,0.0,-0.0009269632864743471,-0.0011324993101879954,31.929492,0.008236687263877815,0,0,4.3837781951609145,15.205561908465834,4.475848493156109,latent_vehicle,2.21265892574458,latent_vehicle,4.475848493156109,2.21265892574458,2.0,1211,ok,stale_plan,0,ok,1.1103704,0.33073220000369474,0.7588993999816012,0.02035859998431988,0,0.0017206000000022925,0.008851700000001017,0,252.50687126982433,19.22985150795023,23.391209083896,3.5822580215209996,0,1,0,1,0,0,0,9,0.0,1,1,6.922176528702787,-1.1115108036191512,47,1,17.918156991887717,-0.1881791052638269,22.416853990233264,0.0341414195850274,19.761723777581384,0.7818610253348192,22.76423579166354,0.7658004056703184,17.138257030710378,-0.03120423364860025,30.207693100297174,0.5550046874268701,30.39068227857961,0.7291787984996091,30.234916473391717,0.00278512308713672,30.004152326427334,0.7519525907190195
1252,3.25,true_threat,APF,1,1104,1251,3.2,1,1,279.88809977329106,-201.68086620395857,283.9278856237075,-207.82615590799827,-207.22831031457875,0.682377494501992,1.910629026694076,1.639653312021206,1,1,29.42900436895764,0.35813143220885024,0.6413344740867615,0.0,-0.0011351159773766994,-0.0013868057867512107,31.929492,0.008226667264539212,0,0,4.286122068598871,15.12026364308298,4.370102154773323,latent_vehicle,2.069473592331093,latent_vehicle,4.370102154773323,2.069473592331093,2.05,1211,ok,stale_plan,0,ok,1.1103704,0.33073220000369474,0.7588993999816012,0.02035859998431988,1,0.0015724999999982003,0.014247199999999793,0,253.40256226580902,19.80532596344517,23.787389960605367,3.5691337960414273,0,1,0,1,0,0,0,9,0.0,1,1,6.757605677093743,-1.1294457351471274,48,1,17.90944230695506,-0.1742937050526982,22.418467603392934,0.03227226366435507,19.799969961607115,0.7649236957405854,22.803181939837522,0.7789229643923391,17.136937144957546,-0.02639771505632429,30.234916729523796,0.5444782380440101,30.427015328705178,0.7266610309506164,30.23464755776773,-0.0053783046332034285,30.041685101097645,0.7506555165189153
1253,3.3,true_threat,APF,1,1168,1252,3.25,1,1,281.36024172474924,-201.6938069908352,285.2220754579815,-207.7375948956186,-207.11930217438305,0.706853733615219,1.6130416987750458,1.7234955271606578,0,1,29.449991042100038,0.4197334628479865,0.6567713618278503,0.0,-0.0011351159773766994,-0.0013868057867512107,31.929492,0.008214946983244598,0,0,4.18462026934256,15.028432270422627,4.25938978124481,latent_vehicle,1.9401010313829021,latent_vehicle,4.25938978124481,1.9401010313829021,2.0999999999999996,1211,ok,stale_plan,0,ok,1.1103704,0.33073220000369474,0.7588993999816012,0.02035859998431988,0,0.0015724999999982003,0.011682199999999199,0,254.29779548773766,20.38223469297472,24.186346572950725,3.5561930091647866,0,1,0,1,0,0,0,9,0.0,1,1,6.592315337319686,-1.1478894516398501,49,1,17.90142761539775,-0.16029384045828832,22.419985854830454,0.030365028541663897,19.837098436069823,0.7425695037132192,22.842461874060202,0.7855986853693353,17.135855677892753,-0.021629341296934414,30.26140801418385,0.5298319152220735,30.46292303675585,0.7181541970809857,30.23399526615952,-0.013045823373449223,30.078861199468097,0.7435219967525671
1254,3.35,true_threat,APF,1,1241,1253,3.3000000000000003,1,1,282.83345167165567,-201.7063964612066,286.51882743088385,-207.64511150017273,-207.00976170695566,0.7278331886629417,1.2993959145118916,1.804160712975931,1,1,29.473996499091253,0.48010913982430736,0.6718220710754395,0.0,-0.0012813155772164464,-0.001565422280691564,31.929492,0.008201571504814403,0,0,4.079547403525311,14.930380231901676,4.144094327382505,latent_vehicle,1.8237167966594858,latent_vehicle,4.144094327382505,1.8237167966594858,2.15,1211,ok,stale_plan,0,ok,1.1103704,0.33073220000369474,0.7588993999816012,0.02035859998431988,1,0.0015152000000000498,0.014487899999998888,0,255.19263196035223,20.96060816726657,24.588262073238525,3.5436035387934055,0,1,0,1,0,0,0,9,0.0,1,1,6.426625897155169,-1.1668805912818794,50,1,17.89412245576143,-0.14610320331422297,22.421404929351617,0.02838148932596328,19.87285933818964,0.7152180553588415,22.881768511842704,0.7861327564499394,17.135001185237773,-0.017089853098148682,30.28697813181376,0.5114089156204543,30.498121208204946,0.7039634727723032,30.23299011554359,-0.0201030028828119,30.115384983389205,0.7304757134825227
1255,3.4,true_threat,APF,1,1316,1254,3.35,1,1,284.308004251376,-201.71857348622302,287.8180806009589,-207.54898040066936,-206.90017766354413,0.7449338366286042,0.9722811988041251,1.8807309274092365,0,1,29.500973302602876,0.5395360702324581,0.6864808797836304,0.0,-0.0012813155772164464,-0.001565422280691564,31.929492,0.008186579380312248,0,0,3.971239279005516,14.826327600792812,4.024653268278635,latent_vehicle,1.7186822760332596,latent_vehicle,4.024653268278635,1.7186822760332596,2.1999999999999997,1211,ok,stale_plan,0,ok,1.1103704,0.33073220000369474,0.7588993999816012,0.02035859998431988,0,0.0015152000000000498,0.01554999999999751,0,256.08719377998506,21.540598927354097,24.992953423680774,3.531426513776978,0,1,0,1,0,0,0,9,0.0,1,1,6.2607367256874245,-1.1865313594889413,51,1,17.88753446076057,-0.13175990890747633,22.42272291736341,0.02635975972046003,19.907035228982885,0.68351782594771,22.920798584126914,0.7806014464555324,17.134369852495027,-0.012626654855074545,30.311447790297205,0.4893998173358239,30.532342817038224,0.6844322252593026,30.23166071649593,-0.026587970814791806,30.150997053770077,0.7122414478162177
1256,3.45,true_threat,APF,1,1394,1255,3.4000000000000004,1,1,285.783929960665,-201.73027702032107,289.12007921292525,-207.44950668958577,-206.7910390875084,0.7579413131609556,0.6346616501591462,1.9522202680502445,1,1,29.53087055769578,0.5979451018581017,0.7007548213005066,0.0,-0.0013676799135282636,-0.001670936238951981,31.929492,0.008170012211507777,0,0,3.86006203382388,14.71657142092345,3.90161168901606,latent_vehicle,1.6242596346957816,latent_vehicle,3.90161168901606,1.6242596346957816,2.25,1211,ok,stale_plan,0,ok,1.1103704,0.33073220000369474,0.7588993999816012,0.02035859998431988,1,0.001358100000000917,0.012104299999997181,0,256.9814199010726,22.122298515555485,25.40072591455953,3.5197229796789316,0,1,0,1,0,0,0,9,0.0,1,1,6.095112618221158,-1.2068839648503364,52,1,17.88166935071619,-0.1173022089677205,22.423934093397115,0.024223520917015802,19.93942774558492,0.6478503397757971,22.959267896606683,0.7693862502250487,17.133952142780444,-0.008354194290027393,30.33466248757846,0.4643004413274816,30.565347536577335,0.6600944445733774,30.230039493739355,-0.03242444448690551,30.18544754778034,0.6890099251071
1257,3.5,true_threat,APF,1,1486,1256,3.45,1,1,287.26144241735165,-201.74149173183707,290.42497594315626,-207.346949714267,-206.6828320332643,0.7666746563214701,0.28963828177192374,2.0176472354239983,0,1,29.563629681475025,0.6551824755848656,0.7146437764167786,0.0,-0.0013676799135282636,-0.001670936238951981,31.929492,0.008151916849418565,0,0,3.746290346989099,14.601414706122867,3.775416558291922,latent_vehicle,1.539250055691557,latent_vehicle,3.775416558291922,1.539250055691557,2.3,1211,ok,stale_plan,0,ok,1.1103704,0.33073220000369474,0.7588993999816012,0.02035859998431988,0,0.001358100000000917,0.009373000000000076,0,257.8753103288203,22.70592054449446,25.811732217042845,3.5085082681629274,0,1,0,1,0,0,0,9,0.0,1,1,5.930045163006232,-1.228017633195874,53,1,17.87652521885202,-0.10288264394442455,22.42503655196293,0.02204917252931337,19.969867132495036,0.6087877426774857,22.996909419870644,0.752830465852585,17.133732797427594,-0.004386907056631346,30.356475345688157,0.4362632881759571,30.596910301203707,0.6312553487751148,30.228155057326852,-0.0376887172696079,30.218501862903583,0.6610863496067423
1258,3.55,true_threat,APF,1,1559,1257,3.5,1,1,288.7406941832909,-201.7521412747763,291.73277094781355,-207.24176723835834,-206.57603628522668,0.7709134290403199,-0.05969059102828901,2.076079905500942,1,1,29.599203859648608,0.7114835634716599,0.728152871131897,0.0,-0.0013975227484479547,-0.0017073961207643151,31.929492,0.008132334520002196,0,0,3.630458328141202,14.481135266967865,3.646778473046142,latent_vehicle,1.4629884667883912,latent_vehicle,3.646778473046142,1.4629884667883912,2.3499999999999996,1211,ok,stale_plan,0,ok,1.1103704,0.33073220000369474,0.7588993999816012,0.02035859998431988,1,0.0017141000000009399,0.01198580000000149,0,258.76898713353364,23.291495505720377,26.225850416986816,3.4978587252236935,0,1,0,1,0,0,0,9,0.0,1,1,5.766068463568695,-1.2500467161437625,54,1,17.872096342817404,-0.08857752596788146,22.42603410668711,0.01995109653749406,19.998208430960386,0.5668259708468673,23.03346947660598,0.7312011352058125,17.133698464879515,-0.0006866509603591416,30.37676618596313,0.4058223881678067,30.6268251174179,0.5982963816689828,30.226041738959196,-0.042266356385361775,30.24995972843798,0.6291573578802556
1259,3.6,true_threat,APF,1,1661,1258,3.5500000000000003,1,1,290.221837815132,-201.7621340443558,293.0435253973899,-207.13435596953073,-206.4711220767528,0.770645161605529,-0.4100818433949673,2.1266639555904603,0,1,29.637536708698462,0.766656980997098,0.7412963509559631,0.0,-0.0013975227484479547,-0.0017073961207643151,31.929492,0.008111312511665827,0,0,3.5130542897341,14.356043810771084,3.5163749502560293,latent_vehicle,1.3947042638288425,latent_vehicle,3.5163749502560293,1.3947042638288425,2.4,1211,ok,stale_plan,0,ok,1.1103704,0.33073220000369474,0.7588993999816012,0.02035859998431988,0,0.0017141000000009399,0.01149249999999924,0,259.66248083278884,23.879145438306296,26.64311116730795,3.487865955644196,0,1,0,1,0,0,0,9,0.0,1,1,5.603732031745618,-1.2730797232490239,55,1,17.868382722496033,-0.07427241029527551,22.426926757128726,0.01785301143089438,20.024331477894847,0.5224609380193479,23.068721092928662,0.7050323268076628,17.133837699826472,0.002784698932198282,30.395418642121125,0.373054038032378,30.654914602682418,0.5617897613329823,30.22373387129174,-0.04615734230320657,30.279638039096596,0.5935662590536394
1260,3.65,true_threat,APF,1,1772,1259,3.6,1,1,291.7049343428224,-201.77145476096584,294.3572089200599,-207.02514316426385,-206.3685468090856,0.7658091604451442,-0.7583968832082164,2.168647325046212,1,1,29.678578993520368,0.8208456964381128,0.75406414270401,0.0,-0.0013767684577032924,-0.0016820399323478341,31.929492,0.008088894856159124,0,0,3.3945207678571876,14.226450920337722,3.3848364379883993,latent_vehicle,1.3337264874919257,latent_vehicle,3.3848364379883993,1.3337264874919257,2.4499999999999997,1211,ok,stale_plan,0,ok,1.1103704,0.33073220000369474,0.7588993999816012,0.02035859998431988,1,0.0013690000000003977,0.011633700000000857,0,260.55582195457305,24.4689008442125,27.06345356819378,3.478545239034162,0,1,0,1,0,0,0,9,0.0,1,1,5.443576363510062,-1.2972258763969666,56,1,17.865376728511183,-0.060119882141667684,22.42771450360104,0.015754932390458984,20.048140905885127,0.476188557937656,23.10246208923204,0.6748199263641421,17.134135244922806,0.0059509019274680015,30.41234114028345,0.3384541196354035,30.68102616931649,0.5222313858709267,30.221265786450687,-0.04936168583841907,30.30737085613376,0.5546563835273154
1261,3.7,true_threat,APF,1,1881,1260,3.6500000000000004,1,1,293.1901973737803,-201.78005757536647,295.6740353054305,-206.91461703090388,-206.26875177029697,0.7563913939668794,-1.1015429378200476,2.2013897682755816,0,1,29.722278584925515,0.8739918281029446,0.7664654850959778,0.0,-0.0013767684577032924,-0.0016820399323478341,31.929492,0.008065127754715084,0,0,3.275391820096587,14.092696590021248,3.252896018478756,latent_vehicle,1.2795833878214635,latent_vehicle,3.252896018478756,1.2795833878214635,2.5,1211,ok,stale_plan,0,ok,1.1103704,0.33073220000369474,0.7588993999816012,0.02035859998431988,0,0.0013690000000003977,0.01123229999999964,0,261.4489799604884,25.06100586925504,27.48712194764903,3.4699424246335298,0,1,0,1,0,0,0,9,0.0,1,1,5.286293393890691,-1.322588211222409,57,1,17.86307263713057,-0.046081828896867294,22.42840306665,0.013771262591655417,20.069562328486036,0.4284284501045899,23.13449791656688,0.6407165468812019,17.13457584272548,0.008811956054663363,30.427463089109615,0.30244235203207237,30.705020581736896,0.47988829648389797,30.21866800194439,-0.05195567927754692,30.333022758272573,0.5130380810540572
1262,3.75,true_threat,APF,1,2008,1261,3.7,1,1,294.6777489783111,-201.78794244591455,296.99400471486865,-206.8032505918842,-206.1721588542312,0.7424581766726703,-1.436457251868236,2.224369046464962,1,1,29.76858114972222,0.9260512959340872,0.7785195708274841,0.0,-0.0013120213989168406,-0.0016029365360736847,31.929492,0.008040059071157988,0,0,3.1561405105288145,13.9550644131991,3.1212037110621846,latent_vehicle,1.2316977176543582,latent_vehicle,3.1212037110621846,1.2316977176543582,2.55,1211,ok,stale_plan,0,ok,1.1103704,0.33073220000369474,0.7588993999816012,0.02035859998431988,1,0.0015017999999997755,0.012510500000001201,0,262.3421684839801,25.655368950294132,27.913902833595444,3.4620575540854475,0,1,0,1,0,0,0,9,0.0,1,1,5.132518751954176,-1.3492862245132582,58,1,17.861462821151864,-0.03219631950698813,22.429000077067656,0.011940210919734563,20.088542340222784,0.37960023392708725,23.164670264352658,0.6034469558598329,17.135144232539723,0.01136779628441831,30.440723433921278,0.2652095052927816,30.726792935856846,0.4354471245167619,30.21597484660154,-0.053863097715366105,30.356473582961012,0.4690165265424157
1263,3.8,true_threat,APF,1,2113,1262,3.75,1,1,296.16768068311694,-201.7950330474369,298.3171173409737,-206.69160842236724,-206.07916727944817,0.7240833124360222,-1.7601769633103772,2.237187366833039,0,1,29.817439060303233,0.9771582116202637,0.7902348041534424,0.0,-0.0013120213989168406,-0.0016029365360736847,31.929492,0.008013733415005504,0,0,3.0374077394895096,13.813872922703068,2.9905794440132945,latent_vehicle,1.1898871497407237,latent_vehicle,2.9905794440132945,1.1898871497407237,2.5999999999999996,1211,ok,stale_plan,0,ok,1.1103704,0.33073220000369474,0.7588993999816012,0.02035859998431988,0,0.0015017999999997755,0.012562499999997812,0,263.2351739020137,26.25229523706639,28.344010041666934,3.4549669525630975,0,1,0,1,0,0,0,9,0.0,1,1,4.983107712896823,-1.3774438238025362,59,1,17.860533929200713,-0.01857783776477815,22.42950743925649,0.010147245045353345,20.105054238598083,0.3302379688261699,23.192845618787057,0.5635070887564702,17.13582324853732,0.013580319953450493,30.452078287602426,0.2270989692411004,30.746244050239017,0.38902232252723723,30.213216838478314,-0.055160156459302605,30.377626055715172,0.4230494818602321
1264,3.85,true_threat,APF,1,2246,1263,3.8000000000000003,1,1,297.66014508649033,-201.80135984545595,299.6434038626892,-206.58016353437569,-205.9901503081666,0.7014581142006477,-2.069754096423747,2.239573054163443,1,1,29.868801774786338,1.0272542896620962,0.8015910983085632,0.0,-0.001210315153002739,-0.0014786788960918784,31.929492,0.007986197279729669,0,0,2.9196360534789108,13.669405726056045,2.8616249316090863,latent_vehicle,1.153669646838274,latent_vehicle,2.8616249316090863,1.153669646838274,2.65,1211,ok,stale_plan,0,ok,1.1103704,0.33073220000369474,0.7588993999816012,0.02035859998431988,1,0.0014123999999995362,0.010351999999997474,0,264.1281488076763,26.85178473477714,28.777321657719767,3.4486401545440515,0,1,0,1,0,0,0,9,0.0,1,1,4.838756634103834,-1.407173485475623,60,1,17.86027260903698,-0.005226400904966243,22.429928969353096,0.008430602602552583,20.119090394674878,0.28072312579341685,23.218900002146025,0.5210876671968664,17.136597630861715,0.015487646490639464,30.4615085631124,0.18860678626397928,30.763316704675614,0.3414531161474254,30.210413051286594,-0.056075737924034676,30.396407697508685,0.3756328566012027
1265,3.9,true_threat,APF,1,2353,1264,3.85,1,1,299.1552032183785,-201.80690756036202,300.9728339602435,-206.46949577227096,-205.90545196520745,0.6747115691682382,-2.3624002867906806,2.231381026991203,0,1,29.922615043809408,1.0762653804614075,0.8126308917999268,0.0,-0.001210315153002739,-0.0014786788960918784,31.929492,0.00795749933489583,0,0,2.8034205764681133,13.521993616827302,2.735094135443809,latent_vehicle,1.1230752908671073,latent_vehicle,2.735094135443809,1.1230752908671073,2.6999999999999997,1211,ok,stale_plan,0,ok,1.1103704,0.33073220000369474,0.7588993999816012,0.02035859998431988,0,0.0014123999999995362,0.010590700000001618,0,265.02109319576266,27.453898478578992,29.21380736718777,3.4430924396379794,0,1,0,1,0,0,0,9,0.0,1,1,4.700368207167907,-1.4385829877073575,61,1,17.86066932417343,0.007934306014823886,22.430274204558533,0.0069047044261974205,20.130658438342152,0.23136088108850458,23.242738046395257,0.4767608849929015,17.13745593674449,0.017166117645013433,30.469000898694127,0.14984748247137247,30.77795558594625,0.29277764590617833,30.207594000215767,-0.056381018140357064,30.41276891773531,0.3272244192974336
1266,3.95,true_threat,APF,1,2506,1265,3.9000000000000004,1,1,300.65316024413437,-201.81164557047094,302.3052856986713,-206.36000190618867,-205.82538375693719,0.6441120153337749,-2.5,2.2125904192731585,1,1,29.97883162517983,1.1243316274084236,0.823353111743927,0.0,-0.0010800064774230123,-0.0013194768689572811,31.929492,0.007927684616119425,0,0,2.689188700276901,13.371906380880498,2.6114904849138374,latent_vehicle,1.097120716732581,latent_vehicle,2.6114904849138374,1.097120716732581,2.75,1211,ok,stale_plan,0,ok,1.1103704,0.33073220000369474,0.7588993999816012,0.02035859998431988,1,0.0013535000000004516,0.01290899999999695,0,265.91415964894895,28.05878905114855,29.653192652429254,3.4383544295290562,0,1,0,1,0,0,0,9,0.0,1,1,4.568683057176007,-1.471827448574877,62,1,17.861705002173345,0.02071356376325929,22.43054695849054,0.005455078722373949,20.139788887698415,0.18260899863093055,23.264287272905165,0.43098453018666333,17.13837718521882,0.018424969490039637,30.47456482176379,0.11127884753916414,30.79013780631525,0.24364442126768163,30.204788295865686,-0.05611408544559431,30.426677291198157,0.2781674790592489
1267,4.0,true_threat,APF,1,2590,1266,3.95,1,1,302.15380255113405,-201.8156044662345,303.64085080247946,-206.25218544490625,-205.75022139021115,0.6097805159775191,-2.5,2.184535502906555,0,1,30.03739482860311,1.1712640684655895,0.8337442874908447,0.0,-0.0010800064774230123,-0.0013194768689572811,31.929492,0.007896803196410585,0,0,2.5774133432309156,13.21947227313964,2.491355796682585,latent_vehicle,1.075428812090351,latent_vehicle,2.491355796682585,1.075428812090351,2.8,1211,ok,stale_plan,0,ok,1.1103704,0.33073220000369474,0.7588993999816012,0.02035859998431988,0,0.0013535000000004516,0.009954400000001584,0,266.8073176548643,28.666273352232906,30.095599750322094,3.434395533765496,0,1,0,1,0,0,0,9,0.0,1,1,4.444622786166926,-1.5068922310059012,63,1,17.863364384251778,0.033187645619404044,22.430754862296162,0.0041580763672712144,20.146519890240217,0.13462006612605626,23.283499997330825,0.3842544885082458,17.139351840984432,0.019493115311407055,30.47821558975543,0.07301549630318892,30.799853828767183,0.19432045760505434,30.20203026964962,-0.05516052429765564,30.438117559135335,0.22880536446484304
1268,4.05,true_threat,APF,1,2647,1267,4.0,1,1,303.6575879030229,-201.81878409149107,304.97928524557585,-206.14638216504977,-205.68020149131678,0.5719839535894664,-2.5,2.14847641072428,1,1,30.09825661568004,1.217235741538616,0.843752920627594,0.0,-0.0009276312775909901,-0.0011333153815940022,31.929492,0.007864900498762512,0,0,2.4684304381178777,13.06494762725627,2.374963646373151,latent_vehicle,1.0576365810117274,latent_vehicle,2.374963646373151,1.0576365810117274,2.8499999999999996,1211,ok,stale_plan,0,ok,1.1103704,0.33073220000369474,0.7588993999816012,0.02035859998431988,1,0.0013581999999985328,0.01267050000000225,0,267.700506178356,29.27687018063,30.54084566992674,3.431215908508932,0,1,0,1,0,0,0,9,0.0,1,1,4.328916085300021,-1.5439486148321895,64,1,17.865611230793878,0.04493693498985349,22.430909357590366,0.003089905887771305,20.150914388981235,0.08788999370117626,23.300330443913012,0.33660893165218264,17.140364643423176,0.020256048773453047,30.47999516412084,0.0355914987534231,30.807113190349476,0.14518723589830088,30.199319921364356,-0.054206966171800604,30.44709735090703,0.17959583811111232
1269,4.1,true_threat,APF,1,2696,1268,4.05,1,1,305.16442474186647,-201.8211692186848,306.3206501880424,-206.04295825671392,-205.61551832491688,0.5308638401328949,-2.5,2.1047508601572984,0,1,30.161358175974303,1.262031205885279,0.853176474571228,0.0,-0.0009276312775909901,-0.0011333153815940022,31.929492,0.007832027441495847,0,0,2.362621402588303,12.908615795388592,2.262705563308181,latent_vehicle,1.0438632393448022,latent_vehicle,2.262705563308181,1.0438632393448022,2.8999999999999995,1211,ok,stale_plan,0,ok,1.1103704,0.33073220000369474,0.7588993999816012,0.02035859998431988,0,0.0013581999999985328,0.010427899999999823,0,268.5938778125112,29.890335385318394,30.988838978238107,3.428830781315213,0,1,0,1,0,0,0,9,0.0,1,1,4.222448569348637,-1.582952049500917,65,1,17.868355896433233,0.05489331685248786,22.4310104455135,0.0020217583294192113,20.153039143139537,0.04249510433674623,23.31477289053022,0.2888489323819365,17.1414022400598,0.020751932733993624,30.479943604528486,-0.0010311911300577065,30.811944500903667,0.0966262125533244,30.19668014018364,-0.05279562334847368,30.45363192520811,0.13069148674934172
1270,4.15,true_threat,APF,1,2739,1269,4.1000000000000005,1,1,306.6745267063153,-201.82280555130475,307.6647626337342,-205.94223421691493,-205.55632051299307,0.48663774372084845,-2.5,2.0540754137847013,1,1,30.226610507905807,1.305046638630074,0.8618276715278625,0.0,-0.0007608372252434492,-0.0009295379859395325,31.929492,0.007798250205104342,0,0,2.260261030169346,12.75080789872874,2.15481190240707,latent_vehicle,1.0336592069739299,latent_vehicle,2.15481190240707,1.0336592069739299,2.95,1211,ok,stale_plan,0,ok,1.1103704,0.33073220000369474,0.7588993999816012,0.02035859998431988,1,0.0015962999999992178,0.010997099999997317,0,269.4874020293428,30.506913132935665,31.439427207098333,3.4271944486952464,0,1,0,1,0,0,0,9,0.0,1,1,4.125998250261757,-1.623935848385537,66,1,17.871548789278176,0.06385786110018878,22.431071478303373,0.0012206555545172639,20.15297807923432,-0.0012212571665883446,23.32682352188432,0.241012627146967,17.142455095766685,0.02105711413095752,30.478121951947273,-0.03643296639599407,30.81439544433686,0.04901886858969925,30.194128090588656,-0.051040989575271006,30.45776705826611,0.08270266099853374
1271,4.2,true_threat,APF,1,2777,1270,4.15,1,1,308.18792432956195,-201.82373885530467,309.01143957089016,-205.8444847663047,-205.50270775378897,0.4395264631259579,-2.5,1.997300867741845,0,1,30.29389575131425,1.3457048681688377,0.8695161938667297,0.0,-0.0007608372252434492,-0.0009295379859395325,31.929492,0.0077636489540094875,0,0,2.161578275559208,12.591887021883668,2.0514928937265036,latent_vehicle,1.027219539236067,latent_vehicle,2.0514928937265036,1.027219539236067,3.0,1211,ok,stale_plan,0,ok,1.1103704,0.33073220000369474,0.7588993999816012,0.02035859998431988,0,0.0015962999999992178,0.009456000000000131,0,270.38107883405604,31.126633951469046,31.89242733954103,3.4262611446953315,0,1,0,1,0,0,0,9,0.0,1,1,4.040336872942291,-1.6668506846661069,67,1,17.875161300100416,0.07225022019804551,22.431094362437364,0.00045768275733975043,20.150832286480757,-0.04291583496873624,23.336505226771603,0.1936340978660469,17.14350604419304,0.02101896851509511,30.47459125061665,-0.07061378272684639,30.814515611250926,0.002403338011553141,30.191671403311513,-0.0491337400486422,30.459548526279818,0.035629360179420144
1272,4.25,true_threat,APF,1,2804,1271,4.2,1,1,309.7047091747463,-201.8239996170286,310.36062004764375,-205.74995406631552,-205.4547275407535,0.3897572255511932,-2.5,1.9352900667603878,1,1,30.363066813097287,1.3834212356607622,0.8761375546455383,0.0,-0.0005866950377821922,-0.0007167832227423787,31.929492,0.007728317428600549,0,0,2.0667868138461074,12.43222003714738,1.952943085148876,latent_vehicle,1.0242140932151123,latent_vehicle,1.952943085148876,1.0242140932151123,3.05,1211,ok,stale_plan,0,ok,1.1103704,0.33073220000369474,0.7588993999816012,0.02035859998431988,1,0.0013708000000001164,0.014168699999999035,0,271.2749692618038,31.749528368905658,32.34771738854687,3.4260003829714094,0,1,0,1,0,0,0,9,0.0,1,1,3.9662125934307846,-1.7115732980211638,68,1,17.879176262722837,0.08029925569362051,22.431084822184477,-0.00019080510627560062,20.1467085772565,-0.08247416687598057,23.343833263360377,0.1465607319303436,17.14454554851876,0.02079008651708284,30.469439250303285,-0.10303955490690556,30.812379388359826,-0.042724457182312374,30.18932724433892,-0.046883169625173346,30.459052622989187,-0.009918065033144973
1273,4.3,true_threat,APF,1,2818,1272,4.25,1,1,311.22503382454465,-201.82357252563443,311.7121210210017,-205.65882528487018,-205.41237188148435,0.3375821848311773,-2.5,1.8688544854806102,0,1,30.433939363966658,1.417451017387421,0.8815368413925171,0.0,-0.0005866950377821922,-0.0007167832227423787,31.929492,0.00769236636895753,0,0,1.9760851237949169,12.272233496065253,1.8593451703940984,latent_vehicle,1.0250679820580775,latent_vehicle,1.8593451703940984,1.0250679820580775,3.0999999999999996,1211,ok,stale_plan,0,ok,1.1103704,0.33073220000369474,0.7588993999816012,0.02035859998431988,0,0.0013708000000001164,0.010032500000001221,0,272.1690733229967,32.375748957511064,32.805114300711864,3.4264274743655676,0,1,0,1,0,0,0,9,0.0,1,1,3.904376197290146,-1.7579727999021315,69,1,17.883572696286333,0.08792867395923745,22.43105239208089,-0.0006486023403016318,20.140711854404188,-0.11993444170644649,23.34887438944194,0.10082252185888041,17.145565980938603,0.020408648393298062,30.46275751484118,-0.13363402310483222,30.808066883787276,-0.08625008899939411,30.187105151385595,-0.04444184434055378,30.45635182742292,-0.05401590904076337
1274,4.35,true_threat,APF,1,2826,1273,4.3,1,1,312.7489593453421,-201.8225491130297,313.0657594531758,-205.57129684867962,-205.37557401667098,0.28325126819919433,-2.5,1.7987225233369573,1,1,30.50630836750024,1.4473800706716133,0.8856392502784729,0.0,-0.00041167321614921093,-0.0005029537132941186,31.929492,0.007655914445809187,0,0,1.8895801002090877,12.112327347483696,1.7707903952019053,latent_vehicle,1.0296040434471572,latent_vehicle,1.7707903952019053,1.0296040434471572,3.1499999999999995,1211,ok,stale_plan,0,ok,1.1103704,0.33073220000369474,0.7588993999816012,0.02035859998431988,1,0.001360700000002879,0.013292599999999766,0,273.06336047923696,33.00538732206826,33.26446557664576,3.4274508869702913,0,1,0,1,0,0,0,9,0.0,1,1,3.8554500283930753,-1.8058332372594135,70,1,17.888335340289636,0.09525288300447983,22.430998979843075,-0.0010682442349238476,20.132968004883324,-0.1548769794799957,23.35168010337446,0.05611427895359929,17.146555894203807,0.019798265307575752,30.45463379624713,-0.16247345306365948,30.801675372099083,-0.1278302288292636,30.185012756755047,-0.04184787402486717,30.451533877381184,-0.0963589965994105
1275,4.4,true_threat,APF,1,2826,1274,4.3500000000000005,1,1,314.2765162547149,-201.82092936880363,314.4214133155038,-205.48749086969232,-205.34420513903822,0.22709170964139958,-2.5,1.725526508794212,0,1,30.579926965848237,1.4723719669599689,0.8883659839630127,0.0,-0.00041167321614921093,-0.0005029537132941186,31.929492,0.007619098306793161,0,0,1.8073938654478638,11.95297045637196,1.687409629837041,latent_vehicle,1.0384983299279358,latent_vehicle,1.687409629837041,1.0384983299279358,3.2,1211,ok,stale_plan,0,ok,1.1103704,0.33073220000369474,0.7588993999816012,0.02035859998431988,0,0.001360700000002879,0.011841400000001556,0,273.9579528112408,33.63835189943728,33.725527106969935,3.4290706311963675,0,1,0,1,0,0,0,9,0.0,1,1,3.820007296660149,-1.8548624383727712,71,1,17.89344512400267,0.10219567604004562,22.43093603201997,-0.0012589563100366267,20.12360482040857,-0.1872636824515909,23.35231716174896,0.012741167826580873,17.147509568006644,0.01907347605565378,30.445173009132564,-0.1892146052071854,30.793309757528675,-0.16731228340993215,30.18305769082267,-0.03910129712514693,30.44470749150999,-0.1365277109614059
1276,4.45,true_threat,APF,1,2816,1275,4.4,1,1,315.8077961314191,-201.81878955566472,315.77871643350727,-205.40751428435487,-205.31807111228943,0.16941975740289195,-2.5,1.649807467068126,1,1,30.654538117389567,1.4922230308265938,0.8896645903587341,0.0,-0.00024178600870072842,-0.0002953973307739943,31.929492,0.007582056086548195,0,0,1.7295570932493263,11.794584604944001,1.6123553594703988,latent_vehicle,1.0517840074175435,latent_vehicle,1.6123553594703988,1.0517840074175435,3.25,1211,ok,stale_plan,0,ok,1.1103704,0.33073220000369474,0.7588993999816012,0.02035859998431988,1,0.0013858999999989408,0.012456300000000198,0,274.8527892838553,34.2747953035269,34.187993752358864,3.431210444335278,0,1,0,1,0,0,0,9,0.0,1,1,3.798543283186879,-1.904794131240065,72,1,17.89888488016874,0.10879512452881406,22.4308616387199,-0.0014878652767976526,20.112753908237725,-0.21701824003317352,23.350871395882823,-0.028915316893770117,17.148421280257764,0.01823424501911494,30.434489605617415,-0.21366674980889974,30.783082573055513,-0.20454367830970882,30.18124186172756,-0.03631655879860466,30.43598138843153,-0.17452205276944027
1277,4.5,true_threat,APF,1,2795,1276,4.45,1,1,317.3427989754546,-201.816129673613,317.1376077876497,-205.33141288985334,-205.29690919004983,0.1106050943050434,-2.5,1.5720190559837663,0,1,30.729847738614136,1.5061924244913882,0.8895007967948914,0.0,-0.00024178600870072842,-0.0002953973307739943,31.929492,0.007544940354404885,0,0,1.6561155807995078,11.637616633224425,1.5466060272386468,latent_vehicle,1.0704513860061815,latent_vehicle,1.5466060272386468,1.0704513860061815,3.3,1211,ok,stale_plan,0,ok,1.1103704,0.33073220000369474,0.7588993999816012,0.02035859998431988,0,0.0013858999999989408,0.008942799999999806,0,275.7479004198624,34.91468701155537,34.65177397049422,3.4338703263869945,0,1,0,1,0,0,0,9,0.0,1,1,3.7913838679143326,-1.9552239609310689,73,1,17.90463934994695,0.11508939623304358,22.430789153674557,-0.001449700602103447,20.10054687626874,-0.2441406393105093,23.34742672849989,-0.06889334719531956,17.14928340146274,0.017242424094406593,30.422692316155963,-0.23594434003281178,30.771115888742443,-0.23933367191216323,30.17956908427697,-0.033455525408986615,30.425479545563245,-0.2100368462507694
1278,4.55,true_threat,APF,1,2767,1277,4.5,1,1,318.881585858412,-201.81305651334415,318.4978432945795,-205.25935461614384,-205.2803847348098,0.051028155043553625,-2.5,1.4925380544403661,1,1,30.80554511338175,1.5139474953522836,0.8878528475761414,0.0,-8.141141734085977e-05,-9.946280624717474e-05,31.929492,0.007507907477682455,0,0,1.587130467358861,11.482504234835599,1.4851720564137005,latent_vehicle,1.0949144984437325,latent_vehicle,1.4851720564137005,1.0949144984437325,3.3499999999999996,1211,ok,stale_plan,0,ok,1.1103704,0.33073220000369474,0.7588993999816012,0.02035859998431988,1,0.0013632000000001199,0.011498100000000733,0,276.6433167264276,35.55805758794753,35.116593170858835,3.4369434866558493,0,1,0,1,0,0,0,9,0.0,1,1,3.7988368491867686,-2.0057756995069664,74,1,17.910689458969703,0.12100218101639602,22.430720482254827,-0.001373427564654487,20.087124866727656,-0.2684401921748819,23.342082341760147,-0.10688773429538102,17.150084487470078,0.01602172013910563,30.409899402718366,-0.25585673774138196,30.757539404355008,-0.2715296701027294,30.178037452943602,-0.03063260482592726,30.413324032992143,-0.24311023811483207
1279,4.6,true_threat,APF,1,2729,1278,4.55,1,1,320.424156790702,-201.80960059243446,319.8593008891968,-205.1913547636577,-205.26808793686814,-0.00873332072430344,-2.5,1.4116741369218235,0,1,30.881321335441328,1.5155244411915447,0.8847292065620422,0.0,-8.141141734085977e-05,-9.946280624717474e-05,31.929492,0.007471108426497723,0,0,1.522586535782409,11.329625414601804,1.4280600821115887,latent_vehicle,1.126645361436546,latent_vehicle,1.4280600821115887,1.126645361436546,3.3999999999999995,1211,ok,stale_plan,0,ok,1.1103704,0.33073220000369474,0.7588993999816012,0.02035859998431988,0,0.0013632000000001199,0.012319099999999139,0,277.5390382087563,36.20490703790881,35.582329283147374,3.440399407565536,0,1,0,1,0,0,0,9,0.0,1,1,3.820967127426309,-2.0560291368222865,75,1,17.917021856706217,0.12664795477132887,22.430661347837894,-0.0011826879403450661,20.07262711689787,-0.28995499855943285,23.334941233058593,-0.14282217343630987,17.15083026034364,0.014915457460736805,30.39623866524126,-0.2732131986061424,30.742494263116118,-0.30090280430678235,30.176643153731586,-0.027885965352630007,30.399650272251414,-0.2734751995189664
1280,4.65,true_threat,APF,1,2692,1279,4.6000000000000005,1,1,321.97048125474817,-201.8057619212948,321.2216754113541,-205.1274592128672,-205.25953053327552,-0.06817576961782379,-2.5,1.3296823924233987,1,1,30.956856118671844,1.5106956646103242,0.8801383376121521,0.0,6.441053847083822e-05,7.869231922086328e-05,31.929492,0.007434695216361605,0,0,1.4625296561315793,11.17936057749608,1.3753304498028076,latent_vehicle,,,1.3753304498028076,,3.45,1211,ok,stale_plan,0,ok,1.1103704,0.33073220000369474,0.7588993999816012,0.02035859998431988,1,0.0013557999999989079,0.011413499999999743,0,278.43503434927214,36.855235361439156,36.04870766478888,3.4442380787052116,0,1,0,1,0,0,0,9,0.0,1,1,3.8578392338609824,-2.105596055388286,76,1,17.92361365487351,0.13183596294581854,22.430615564817707,-0.0009156595782683642,20.057194771135464,-0.30864691663309424,23.326125472067428,-0.17631521921678903,17.151513090719927,0.01365660751310869,30.381824549675866,-0.2882807969959606,30.72610634982261,-0.3277582428774694,30.17538427988148,-0.02517746406630307,30.384601314284687,-0.3009791423011038
1281,4.7,true_threat,APF,1,2629,1280,4.65,1,1,323.52058980977006,-201.8016625598197,322.5847837712096,-205.0677138026015,-205.25414252677754,-0.12668331391034826,-2.5,1.2467702366380833,0,1,31.03179895441276,1.4988567148183307,0.8740958571434021,0.0,6.441053847083822e-05,7.869231922086328e-05,31.929492,0.007398829813665556,0,0,1.4068836073409727,11.03208013846161,1.326926472480757,latent_vehicle,,,1.326926472480757,,3.5,1211,ok,stale_plan,0,ok,1.1103704,0.33073220000369474,0.7588993999816012,0.02035859998431988,0,0.0013557999999989079,0.01065550000000215,0,279.3314272182805,37.50895104745268,36.51542315563597,3.448337440180296,0,1,0,1,0,0,0,9,0.0,1,1,3.909288671182855,-2.1541166026734366,77,1,17.93045150195483,0.1367569408487879,22.430583134215677,-0.0006486116544814781,20.040968972189333,-0.3245159784326344,23.315738056196558,-0.20774831673012267,17.152134885913927,0.01243590386427594,30.366782943695586,-0.3008306889151392,30.708518715395513,-0.35175266341644046,30.17425892334484,-0.022507118885488456,30.368308765954467,-0.32585094811459814
1282,4.75,true_threat,APF,1,2554,1281,4.7,1,1,325.07442142061495,-201.79730252883076,323.9484123665503,-205.0121796408888,-205.25126890475835,-0.1835551021568449,-2.5,1.1631079043254924,1,1,31.10583734193151,1.4807677503750227,0.8666306138038635,0.0,0.00019305889145471156,0.00023586592578794807,31.929492,0.007363651486135191,0,0,1.3557094766172213,10.888068648650064,1.2829308132890842,latent_vehicle,,,1.2829308132890842,,3.55,1211,ok,stale_plan,0,ok,1.1103704,0.33073220000369474,0.7588993999816012,0.02035859998431988,1,0.001365500000002129,0.01646350000000041,0,280.22818630341044,38.16602357316765,36.982292665846785,3.4526974711692446,0,1,0,1,0,0,0,9,0.0,1,1,3.9751356359744467,-2.2012353752292872,78,1,17.93751632438198,0.14129644744926972,22.430569777046124,-0.0002671433008477165,20.02409467837576,-0.3374858729835777,23.30390486983481,-0.23666372655078696,17.152691831254405,0.011138906791316969,30.351235920220642,-0.3109391694422239,30.689878225787087,-0.3728097650417819,30.173257549371282,-0.020027472137685236,30.35091949294683,-0.3477854404815473
1283,4.8,true_threat,APF,1,2461,1282,4.75,1,1,326.6319150833624,-201.79277340187858,325.31240860949447,-204.96085677978297,-205.25016635818363,-0.2379867172948309,-2.4923795816185614,1.0788350006170175,0,1,31.178642013587595,1.4560934331216657,0.8577814698219299,0.0,0.00019305889145471156,0.00023586592578794807,31.929492,0.007329303416804754,0,0,1.3089157424635687,10.747624971103653,1.2432669063451152,latent_vehicle,,,1.2432669063451152,,3.5999999999999996,1211,ok,stale_plan,0,ok,1.1103704,0.33073220000369474,0.7588993999816012,0.02035859998431988,0,0.001365500000002129,0.010941800000001223,0,281.1252505590985,38.82645298022703,37.449224653102874,3.457226598121423,0,1,0,1,0,0,0,9,0.0,1,1,4.054949784235929,-2.246659521897187,79,1,17.944789047778098,0.14545446689435484,22.430577400040416,0.0001524606528956501,20.00670921858045,-0.34770918915349164,23.290747983332444,-0.2631377293615688,17.15318774142111,0.00991820331274434,30.33530745708765,-0.3185681238726824,30.670327932251322,-0.3910058417085069,30.172382064447188,-0.017509693997153585,30.332574639225392,-0.3668970535999836
1284,4.8500000000000005,true_threat,APF,1,2373,1283,4.800000000000001,1,1,328.19297924528354,-201.7880752101955,326.676406247483,-204.91362327390792,-205.25000000054416,-0.2891432207611899,-2.026593736531968,0.9941301198875504,1,1,31.249885508387063,1.4248698959893602,0.8476030230522156,0.0,0.0003017305280081928,0.00036863339482806623,31.929492,0.007295924003464331,0,0,1.2663804282715887,10.610993833162505,1.2075745192436032,latent_vehicle,,,1.2075745192436032,,3.6500000000000004,1211,ok,stale_plan,1,fallback,1.972882,0.0009052999957930297,1.9146188999875449,0.056996600003913045,1,0.0013801999999998316,0.014614099999999297,0,282.0227115432791,39.49005615796756,37.91576130691078,3.461924789804499,0,1,0,1,0,0,0,9,0.0,1,1,4.1483272625467675,-2.2901937581420926,80,1,17.95225822895441,0.14938362223051693,22.430607911944712,0.0006102384489892275,19.98894801428815,-0.35522407525036054,23.276393282285134,-0.2870940201869802,17.15361689305336,0.0085830325445888,30.319127252229947,-0.32360313247866285,30.650008977772423,-0.40637905963158893,30.171617209564765,-0.015297095092496564,30.31342297752324,-0.38303321255202255
1285,4.9,true_threat,APF,1,2279,1284,4.8500000000000005,1,1,329.75758342523955,-201.7833147757095,328.04040525448863,-204.8704028293228,-205.25,-0.3363767260920838,-1.9125803933555474,0.9130438958232668,0,1,31.31925205261537,1.3873308845661114,0.8361485600471497,0.0,0.0003017305280081928,0.00036863339482806623,31.929492,0.007263642596445687,0,0,1.2279204181724879,10.478399670395772,1.1755494177244417,latent_vehicle,,,1.1755494177244417,,3.7,1211,ok,stale_plan,0,fallback,1.972882,0.0009052999957930297,1.9146188999875449,0.056996600003913045,0,0.0013801999999998316,0.011242399999996877,0,282.9205692559522,40.156802625250464,38.381902601243326,3.466685224290501,0,1,0,1,0,0,0,9,0.0,1,1,4.2545936174467895,-2.3316584999099037,81,1,17.959904794324093,0.15293130588706574,22.430667034193856,0.0011824450472609563,19.970952208988656,-0.3599160914556701,23.260964743728607,-0.30857077038871333,17.153983103695083,0.007324212813488614,30.302802117195366,-0.32650192594581917,30.629066320766835,-0.4188531094498522,30.17094772643395,-0.013389661855364172,30.293611373603277,-0.39623205641855036
1286,4.95,true_threat,APF,1,2181,1285,4.9,1,1,331.32560552689824,-201.7784158461228,329.40416148990084,-204.83119552931385,-205.25,-0.37959717067718657,-1.802536729717854,0.8326994406533915,1,1,31.386441269827635,1.3437843442453357,0.8234729766845703,0.0,0.00038852953002788126,0.0004746783524751663,31.929492,0.007232578287863272,0,0,1.1936120477502072,10.350029557749359,1.1472997465490158,latent_vehicle,,,1.1472997465490158,,3.75,1211,ok,stale_plan,0,fallback,1.972882,0.0009052999957930297,1.9146188999875449,0.056996600003913045,1,0.0013590000000007763,0.01083279999999931,0,283.8187931743362,40.8266008085252,38.847434918271574,3.4715841538771883,0,1,0,1,0,0,0,9,0.0,1,1,4.373330963230026,-2.3709197165229106,82,1,17.96771539319235,0.15621197539441095,22.43075285862483,0.001716489306661466,19.952851502924567,-0.36201410251551924,23.244603512076836,-0.32722463222858406,17.15428637159823,0.006065358024281802,30.286457934733257,-0.32688305859615746,30.607643012281166,-0.4284661385890685,30.17036979973721,-0.011558533928945207,30.273286692887456,-0.40649359228448345
1287,5.0,true_threat,APF,1,2078,1286,4.95,1,1,332.896801466908,-201.77354635139162,330.7674307402333,-204.7957878341328,-205.25,-0.4188044706861547,-1.6921279011727899,0.7539357359021479,0,1,31.45116411880453,1.2944569795379124,0.8096504807472229,0.0,0.00038852953002788126,0.0004746783524751663,31.929492,0.007202842332657371,0,0,1.1630738473003532,10.226036226195104,1.1224725721015723,latent_vehicle,,,1.1224725721015723,,3.8,1211,ok,stale_plan,0,fallback,1.972882,0.0009052999957930297,1.9146188999875449,0.056996600003913045,0,0.0013590000000007763,0.008147300000000968,0,284.7174443439944,41.49914557887678,39.31205299894583,3.476453648608384,0,1,0,1,0,0,0,9,0.0,1,1,4.50370215732008,-2.407952868686518,83,1,17.975674766563763,0.15918746460397737,22.43086538733477,0.002250574478010577,19.934775594606066,-0.36151814414658656,23.22742593496877,-0.3435515413775304,17.154528604268005,0.0048446534009349475,30.270203420753422,-0.32508985488875214,30.58588782540793,-0.4351037061306564,30.16987198577714,-0.009956279290939101,30.252593894163507,-0.4138559522660261
1288,5.05,true_threat,APF,1,1983,1287,5.0,1,1,334.4712322960377,-201.76875204705883,332.130060401988,-204.76413401946903,-205.25,-0.4542121658672045,-1.582609198955796,0.6773552590344624,1,1,31.513153033965487,1.2397783032191256,0.7947649359703064,0.0,0.0004542813403531909,0.0005550093483179808,31.929492,0.0071745340324586215,0,0,1.136214336969374,10.106532833224884,1.1010019315876685,latent_vehicle,,,1.1010019315876685,,3.8499999999999996,1211,ok,stale_plan,0,fallback,1.972882,0.0009052999957930297,1.9146188999875449,0.056996600003913045,1,0.0013561000000024137,0.01163179999999997,0,285.6164617245688,42.17455902743205,39.77566528012608,3.4812479529411746,0,1,0,1,0,0,0,9,0.0,1,1,4.6452509243180895,-2.442766322636851,84,1,17.983761933137693,0.16174332886861018,22.431008432786392,0.0028609090741345674,19.916846549988005,-0.35858086957299895,23.209573156845845,-0.35705556160698415,17.15471361745082,0.0037002636537105164,30.254145384619928,-0.32116044185139236,30.56393236710312,-0.43910913479492225,30.169444745998305,-0.00854479519370293,30.231668399079624,-0.41850987947749996
1289,5.1000000000000005,true_threat,APF,1,1888,1288,5.050000000000001,1,1,336.04853179816587,-201.76401779926567,333.49192835280576,-204.7360815390839,-205.25,-0.4858659805309742,-1.4747975182070598,0.6033915187679335,0,1,31.572158980301698,1.1801189267242052,0.778885543346405,0.0,0.0004542813403531909,0.0005550093483179808,31.929492,0.007147742697549125,0,0,1.1128961043773984,9.991616603909987,1.0827722420176455,latent_vehicle,,,1.0827722420176455,,3.9000000000000004,1211,ok,stale_plan,0,fallback,1.972882,0.0009052999957930297,1.9146188999875449,0.056996600003913045,0,0.0013561000000024137,0.01144210000000001,0,286.5159063564175,42.85241389771153,40.23808859909519,3.485982200734327,0,1,0,1,0,0,0,9,0.0,1,1,4.797164248037769,-2.475349310720751,85,1,17.991961633086003,0.16399399589007196,22.4311800878306,0.003433101554850006,19.899184530555548,-0.3532403667396834,23.19117106210193,-0.36804189404432675,17.154843316089593,0.002593972779329157,30.238388729737228,-0.3151329374989465,30.541917781078485,-0.4402916894435159,30.169078544386615,-0.007324030974873862,30.21065325837414,-0.4203027923280607
1290,5.15,true_threat,APF,1,1789,1289,5.1000000000000005,1,1,337.62876102926657,-201.75940462234323,334.8528209071875,-204.7114473603948,-205.25,-0.513918460916102,-1.3693793532962744,0.5323581025352181,1,1,31.627954821591093,1.115916825787906,0.7620958089828491,0.0,0.0004963030805811286,0.0006063486216589808,31.929492,0.007122546693619211,0,0,1.0928751026107477,9.881326474973813,1.0675595410638532,latent_vehicle,,,1.0675595410638532,,3.95,1211,ok,stale_plan,0,fallback,1.972882,0.0009052999957930297,1.9146188999875449,0.056996600003913045,1,0.0013727000000010037,0.013833299999998161,0,287.4157477115533,43.5328017736764,40.69913979834109,3.490595377656774,0,1,0,1,0,0,0,9,0.0,1,1,4.958990213515277,-2.5058132918470375,86,1,18.00026623739996,0.16609208385345114,22.43137654048568,0.003929053336439579,19.88190588452205,-0.34557290051407685,23.172343628460073,-0.37654867200724457,17.15492151652911,0.001564008784576707,30.22303263592754,-0.30712180265050176,30.51996613755207,-0.4390328399356425,30.168769565837085,-0.006179568625486597,30.189681986761045,-0.4194254107299132
1291,5.2,true_threat,APF,1,1696,1290,5.15,1,1,339.21167585914,-201.75494311715408,336.2126769935427,-204.690124692706,-205.25,-0.5385526396052001,-1.2669034400601067,0.46447851576441485,0,1,31.680331434036685,1.0475322489118355,0.7444815635681152,0.0,0.0004963030805811286,0.0006063486216589808,31.929492,0.007099015756661199,0,0,1.0760139401110962,9.775727381862112,1.0552450646889933,latent_vehicle,,,1.0552450646889933,,4.0,1211,ok,stale_plan,0,fallback,1.972882,0.0009052999957930297,1.9146188999875449,0.056996600003913045,0,0.0013727000000010037,0.010829099999998704,0,288.3159857951817,44.21547851992142,41.15875780106791,3.4950568828459154,0,1,0,1,0,0,0,9,0.0,1,1,5.1300252591124496,-2.534213887437757,87,1,18.008660487777927,0.16788500431153747,22.4316073297839,0.004615785960800772,19.865115516512134,-0.3358073423715485,23.15322055623644,-0.38246144356400696,17.154952034621644,0.0006103618551009008,30.20816483979022,-0.2973559027200487,30.498210948414794,-0.43510375496998205,30.16850636588067,-0.005263995565903667,30.168878561462375,-0.4160684850976787
1292,5.25,true_threat,APF,1,1594,1291,5.2,1,1,340.7971542226859,-201.75064858412955,337.5714049810615,-204.67188468542727,-205.25,-0.5598753072939928,-1.1677289380754479,0.39990482902236313,1,1,31.729102027875207,0.9754118767704512,0.7261404395103455,0.0,0.0005168784409761429,0.00063148612389341,31.929492,0.007077209557703546,0,0,1.0620684658568962,9.674828763697562,1.0456010790749957,latent_vehicle,,,1.0456010790749957,,4.05,1211,ok,stale_plan,0,fallback,1.972882,0.0009052999957930297,1.9146188999875449,0.056996600003913045,1,0.003998400000000402,0.022763999999998674,0,289.2166816424553,44.90026103619374,41.61678994131313,3.49935141587045,0,1,0,1,0,0,0,9,0.0,1,1,5.3096601441420175,-2.5606633835988033,88,1,18.01712531111793,0.16929646408738439,22.431864826319106,0.00514993044997076,19.848916422715302,-0.32398186160184256,23.13393154390222,-0.38578024587774495,17.15494059085884,-0.00022887525481336932,30.193871171042726,-0.2858733760858892,30.47676856229113,-0.42884769726959165,30.168277499666406,-0.004577319664704769,30.148370774450974,-0.4101557203387673
1293,5.3,true_threat,APF,1,1502,1292,5.25,1,1,342.38489097016793,-201.74659742131828,338.9287301699137,-204.6566053619502,-205.25,-0.5781153145727274,-1.072214119851033,0.3387343712182507,0,1,31.77411262580109,0.9002119585176871,0.7071614861488342,0.0,0.0005168784409761429,0.00063148612389341,31.929492,0.007057173547379756,0,0,1.0508403051910875,9.57862366796822,1.0384481002591,latent_vehicle,,,1.0384481002591,,4.1,1211,ok,stale_plan,0,fallback,1.972882,0.0009052999957930297,1.9146188999875449,0.056996600003913045,0,0.003998400000000402,0.010943699999998557,0,290.11783525337415,45.58684417275691,42.07296151924646,3.5034025786817153,0,1,0,1,0,0,0,9,0.0,1,1,5.497356625258585,-2.58527699977083,89,1,18.025649261837447,0.17047901105817811,22.43214902991255,0.0056840708372849534,19.833400155326395,-0.31032533754934355,23.114589126318076,-0.3868483507918591,17.154891000143092,-0.0009918143147585076,30.180231737681474,-0.2727886596271251,30.455757233835556,-0.42022654750891497,30.168075338405934,-0.004043219346368141,30.128274972154756,-0.4019160283997682
1294,5.3500000000000005,true_threat,APF,1,1407,1293,5.300000000000001,1,1,343.97479453844625,-201.7427591423762,340.2846830256218,-204.64413412398224,-205.25,-0.5933946380498014,-0.9805493776509503,0.28101870400617174,1,1,31.815226225673356,0.8222719974452986,0.6876469850540161,0.0,0.000516849453561008,0.0006314507336355746,31.929492,0.007038946504437294,0,0,1.0422073461652133,9.487074070007283,1.0336768056204733,latent_vehicle,,,1.0336768056204733,,4.15,1211,ok,stale_plan,0,fallback,1.972882,0.0009052999957930297,1.9146188999875449,0.056996600003913045,1,0.0013822999999995034,0.014894599999998093,0,291.0193550804146,46.2752279139948,42.52739454791413,3.507240857623799,0,1,0,1,0,0,0,9,0.0,1,1,5.69257987534827,-2.6081563878849923,90,1,18.03421899005897,0.1713945617794351,22.432463753053444,0.006294462787122018,19.818656358471447,-0.294875931506357,23.095315373090664,-0.3854750636889887,17.15480707590131,-0.0016784848386864396,30.167315204134642,-0.2583306286050757,30.43528377498651,-0.40946915878387846,30.16788843723126,-0.003738016665293172,30.10870750281377,-0.3913493717182033
1295,5.4,true_threat,APF,1,1312,1294,5.3500000000000005,1,1,345.5666513305133,-201.7392101141197,341.6390803646467,-204.63424215216546,-205.25,-0.6058658760177593,-0.8928837703115096,0.22677281638739002,0,1,31.852338256904478,0.7422406246224256,0.6676928997039795,0.0,0.000516849453561008,0.0006314507336355746,31.929492,0.007022554061030968,0,0,1.0358644026049433,9.400119742954606,1.0304276836633104,latent_vehicle,,,1.0304276836633104,,4.2,1211,ok,stale_plan,0,fallback,1.972882,0.0009052999957930297,1.9146188999875449,0.056996600003913045,0,0.0013822999999995034,0.010439099999999257,0,291.92133266589485,46.96510712058159,42.97981430145876,3.510789885880314,0,1,0,1,0,0,0,9,0.0,1,1,5.894816864637328,-2.6294429557553713,91,1,18.04282114181993,0.17204303220212755,22.43280327146057,0.006790368923189193,19.804761325985094,-0.27790064802094067,23.076226631924776,-0.38177482277744623,17.154694541711986,-0.002250683793392373,30.15517879080144,-0.24272816870497288,30.41545118208734,-0.3966518436365468,30.167705351433657,-0.00366170843527911,30.089769455686888,-0.37876093010463185
1296,5.45,true_threat,APF,1,1215,1295,5.4,1,1,347.1601866777711,-201.73591991266937,342.99192212972935,-204.62676159982993,-205.25,-0.6157578478345442,-0.8093741045588294,0.17598212571733,1,1,31.88535758470883,0.6603865560870759,0.647403359413147,0.0,0.0004981434904038906,0.0006085970671847463,31.929492,0.007008017460355806,0,0,1.0316740517197331,9.31772774246412,1.0289444213305439,latent_vehicle,,,1.0289444213305439,,4.25,1211,ok,stale_plan,0,fallback,1.972882,0.0009052999957930297,1.9146188999875449,0.056996600003913045,1,0.0013575000000010107,0.0111586999999993,0,292.82370697986767,47.65626815386656,43.43028175256859,3.514080087330626,0,1,0,1,0,0,0,9,0.0,1,1,6.103466786139645,-2.649231586013186,92,1,18.051442369192127,0.17242454492386647,22.433167586684764,0.007286306257316474,19.791793260038062,-0.2593613196406314,23.05743162323641,-0.375900173381595,17.15455530600633,-0.0027847141131380274,30.143879717996644,-0.2259812880369781,30.39634719239147,-0.38207978378086216,30.167522266578604,-0.0036616888771746573,30.071556198240636,-0.3642651391759355
1297,5.5,true_threat,APF,1,1105,1296,5.45,1,1,348.75527852032513,-201.73291909724472,344.343086208921,-204.62157043831334,-205.25,-0.6232384001700666,-0.7300802143602596,0.12860527456900347,0,1,31.914236686768575,0.5775820411948729,0.6268913745880127,0.0,0.0004981434904038906,0.0006085970671847463,31.929492,0.00699534054258025,0,0,1.029483705627797,9.239786107151598,1.0299100329229478,latent_vehicle,,,1.0299100329229478,,4.3,1211,ok,stale_plan,0,fallback,1.972882,0.0009052999957930297,1.9146188999875449,0.056996600003913045,0,0.0013575000000010107,0.008619700000000563,0,293.7265390522804,48.3485279240079,43.87861375934756,3.517080902755282,0,1,0,1,0,0,0,9,0.0,1,1,6.31819048968184,-2.66764109363793,93,1,18.060071225300593,0.17257711989942168,22.433552882793922,0.007705924652587424,19.77981128751506,-0.23963945269903392,23.039039064522672,-0.3678511735349054,17.15439699667713,-0.0031661865884423167,30.13347139140712,-0.20816628552120417,30.37805763656281,-0.3657911101820907,30.167335367780247,-0.0037379672023579212,30.054161189414046,-0.3479001700151451
1298,5.55,true_threat,APF,1,1002,1297,5.5,1,1,350.3516217032335,-201.73026880710617,345.6926030521281,-204.6184702929587,-205.25,-0.6284295616866586,-0.6549885184334645,0.08458048282452088,1,1,31.93893400972017,0.4939464590319176,0.6062471866607666,0.0,0.000463330012280494,0.0005660643801093102,31.929492,0.006984526545694921,0,0,1.0290338504117074,9.166239328503677,1.0329963776454498,latent_vehicle,,,1.0329963776454498,,4.35,1211,ok,stale_plan,0,fallback,1.972882,0.0009052999957930297,1.9146188999875449,0.056996600003913045,1,0.0013555000000025075,0.01605740000000111,0,294.6298288935436,49.04158126565301,44.3248407612914,3.519731192893829,0,1,0,1,0,0,0,9,0.0,1,1,6.538335257402853,-2.684777987214842,94,1,18.06869435963625,0.1724626845109281,22.433961066679426,0.008163680518434349,19.76886881539695,-0.21884944446524274,23.021148138377466,-0.3578185222029885,17.154223428506253,-0.0034713634251035863,30.123991956485117,-0.18958837755607005,30.36066262217814,-0.34790028484816693,30.167133210748375,-0.004043131488483551,30.0376664456062,-0.3298948722816847
1299,5.6000000000000005,true_threat,APF,1,916,1298,5.550000000000001,1,1,351.9492162056745,-201.7279080071011,347.0402895122494,-204.61733915592524,-205.25,-0.6315297070412953,-0.5841163677778872,0.043829223413806066,0,1,31.959447668018104,0.4102731659586567,0.5855823755264282,0.0,0.000463330012280494,0.0005660643801093102,31.929492,0.00697556346469763,0,0,1.0302635133833178,9.096944427299695,1.0380831728557005,latent_vehicle,,,1.0380831728557005,,4.4,1211,ok,stale_plan,0,fallback,1.972882,0.0009052999957930297,1.9146188999875449,0.056996600003913045,0,0.0013555000000025075,0.010425699999998983,0,295.53348495092854,49.73551971070907,44.76887116402776,3.5220919928989076,0,1,0,1,0,0,0,9,0.0,1,1,6.763828305637822,-2.7007508798579294,95,1,18.077296513375003,0.172043072637862,22.434384509259928,0.008468854560852439,19.75901734145663,-0.19702947961369313,23.003859934207846,-0.3457640827438927,17.154036507649458,-0.0037384171271202618,30.11547383797593,-0.17036197979859893,30.344232721665986,-0.3285980096701887,30.166906258186753,-0.004539041999326011,30.022144444940007,-0.31044001199679977
1300,5.65,true_threat,APF,1,841,1299,5.6000000000000005,1,1,353.5476042848245,-201.72589788854378,348.3862675867149,-204.61796336253542,-205.25,-0.6326608440747634,-0.5173911205689974,0.006256914060659257,1,1,31.975791331947732,0.3268732785925721,0.5650030374526978,0.0,0.0004147832514718175,0.0005067533347755671,31.929492,0.006968434731812853,0,0,1.054275770303073,9.031815360438351,1.0642012015158757,latent_vehicle,,,1.0642012015158757,,4.45,1211,ok,stale_plan,0,fallback,1.972882,0.0009052999957930297,1.9146188999875449,0.056996600003913045,1,0.0020044000000005724,0.012092100000000272,0,296.4376292843296,50.42976345645803,45.2107049050922,3.524102111456216,0,1,0,1,0,0,0,9,0.0,1,1,6.9938437248731224,-2.715644713242705,96,1,18.085870057096095,0.17147087234459166,22.43482702387326,0.008850293915680214,19.750289291200435,-0.17456100341275155,22.987262189448032,-0.331954894677643,17.1538438649889,-0.0038528532081788473,30.10793420082137,-0.1507922964258088,30.328825155262884,-0.308151328672442,30.166646881060373,-0.0051875331265633555,30.007658130438767,-0.2897262901930536
1301,5.7,true_threat,APF,1,774,1300,5.65,1,1,355.14672490032547,-201.72422321346764,349.73047619872875,-204.62022086330538,-205.25,-0.63203663746458,-0.45479513609687844,-0.028241207708214255,0,1,31.988003071664995,0.2442347943452461,0.544628381729126,0.0,0.0004147832514718175,0.0005067533347755671,31.929492,0.006963115380265677,0,0,1.1367971709255453,8.97072359058813,1.147202523121136,latent_vehicle,,,1.147202523121136,,4.5,1211,ok,stale_plan,0,fallback,1.972882,0.0009052999957930297,1.9146188999875449,0.056996600003913045,0,0.0020044000000005724,0.012305600000001249,0,297.3421703462232,51.12434301006539,45.65037245521245,3.5257767865323615,0,1,0,1,0,0,0,9,0.0,1,1,7.22817080823897,-2.7295525601305153,97,1,18.09440163931627,0.17063164238512768,22.43528288974827,0.009117319796747562,19.742718998301882,-0.15140585292989855,22.97144073575098,-0.3164290734308736,17.153649315004095,-0.0038909996950669385,30.101394024806243,-0.13080303201068008,30.314493328284957,-0.28663654007646083,30.16635317190773,-0.005874173592994672,29.994258999893713,-0.2679826116871776
1302,5.75,true_threat,APF,1,714,1301,5.7,1,1,356.7462728712085,-201.7228688271923,351.07294581381336,-204.6239590599426,-205.25,-0.6297791366946228,-0.3962190994902175,-0.05978011659193378,1,1,31.996149818626545,0.16293493923100755,0.5245354175567627,0.0,0.0003553076821845025,0.00043409023783169687,31.929492,0.006959570098370066,0,0,1.2683276319145624,8.9135479517873,1.2782099077784455,latent_vehicle,,,1.2782099077784455,,4.55,1211,ok,stale_plan,0,fallback,1.972882,0.0009052999957930297,1.9146188999875449,0.056996600003913045,1,0.0015843000000010932,0.01473490000000055,0,298.24710813660937,51.81895319056224,46.0879042799109,3.5271311728077137,0,1,0,1,0,0,0,9,0.0,1,1,7.466300256311521,-2.7425480512416147,98,1,18.102879815931598,0.16956353034130756,22.43575591892885,0.009460584741998226,19.73632172112058,-0.12794553446887766,22.956475681533693,-0.2993010838824575,17.1534547663067,-0.0038909739521452154,30.095853308775222,-0.11081380568882551,30.30127538778067,-0.264358809028857,30.166023222822723,-0.006598972457186636,29.98200045860936,-0.24517082585834363
1303,5.8,true_threat,APF,1,658,1302,5.75,1,1,358.3461566447445,-201.72183476095006,352.4136763903257,-204.6290558821417,-205.25,-0.6260409400574076,-0.34156506737745224,-0.08848204703804106,0,1,32.00030964688423,0.08319656515375584,0.5048604011535645,0.0,0.0003553076821845025,0.00043409023783169687,31.929492,0.006957760878360085,0,0,1.4364818671585013,8.860142247179782,1.4452872312942542,latent_vehicle,,,1.4452872312942542,,4.6,1211,ok,stale_plan,0,fallback,1.972882,0.0009052999957930297,1.9146188999875449,0.056996600003913045,0,0.0015843000000010932,0.012448400000000248,0,299.15250369064074,52.51344141006689,46.52323930239186,3.5281652390499403,0,1,0,1,0,0,0,9,0.0,1,1,7.70796807114105,-2.7547102198694984,99,1,18.11129695839245,0.1683428471287746,22.436238483283518,0.0096512876915817,19.731110812596068,-0.10421815722846137,22.942437599827645,-0.28076163358994616,17.15326403200151,-0.0038146861109333687,30.091321585217965,-0.09063395542836976,30.289209480844313,-0.24131813462589363,30.165651312177403,-0.007438203735243743,29.970911117580314,-0.22178681877087883
1304,5.8500000000000005,true_threat,APF,1,618,1303,5.800000000000001,1,1,359.94607105037545,-201.7211363776369,353.75275944976244,-204.63541974594128,-205.25,-0.6209441178583006,-0.2906997926860396,-0.1144752786670005,1,1,32.00057601984215,0.005327459158337433,0.48568958044052124,0.0,0.0002887433220166713,0.00035276651033200324,31.929492,0.006957645049706343,0,0,1.6305936152482559,8.810370121106361,1.6380986905052786,latent_vehicle,,,1.6380986905052786,,4.65,1211,ok,stale_plan,0,fallback,1.972882,0.0009052999957930297,1.9146188999875449,0.056996600003913045,1,0.0015175000000020589,0.01081930000000142,0,300.0583264959464,53.20753301039218,46.95649955652294,3.5288636223631045,0,1,0,1,0,0,0,9,0.0,1,1,7.952649687634886,-2.7660978805387604,100,1,18.119633992197805,0.16674067404763282,22.43673249071464,0.009880148935950033,19.7270881796727,-0.08045264068725984,22.92939515455351,-0.26084890496028473,17.153080925811754,-0.003662123786732341,30.087787408458063,-0.07068303232597944,30.278312774187174,-0.2179341247484747,30.165229810563076,-0.008430023222330489,29.961027215706007,-0.19767803220164928
1305,5.9,true_threat,APF,1,577,1304,5.8500000000000005,1,1,361.5459550425378,-201.72074318049798,355.0901644068772,-204.64285229750584,-205.25,-0.6145802540587226,-0.24346021737099555,-0.13789110326443477,0,1,31.9970899509431,-0.0697213779810113,0.46712052822113037,0.0,0.0002887433220166713,0.00035276651033200324,31.929492,0.006959161148093789,0,0,1.8430784789166565,8.7640425869952,1.8492444381696271,latent_vehicle,,,1.8492444381696271,,4.7,1211,ok,stale_plan,0,fallback,1.972882,0.0009052999957930297,1.9146188999875449,0.056996600003913045,0,0.0015175000000020589,0.008588599999999502,0,300.96454602453923,53.9011974739617,47.38768498504487,3.5292568195020237,0,1,0,1,0,0,0,9,0.0,1,1,8.200149557607306,-2.7767881699611734,101,1,18.12788328710527,0.1649858963040742,22.43723221813979,0.009994548604698762,19.724248105036736,-0.0568014729762502,22.91739984475964,-0.23990619528865612,17.152909263928187,-0.0034332376687229477,30.085229794905658,-0.051151797046713215,30.26861197093156,-0.19401605130146723,30.164762531142795,-0.009345580085033953,29.952360198033922,-0.17334034355070554
1306,5.95,true_threat,APF,1,531,1305,5.9,1,1,363.1455034402627,-201.72064001485296,356.42604382873014,-204.65129244962884,-205.25,-0.6071477024941601,-0.19976444212948458,-0.1588631777032464,1,1,31.98997716095157,-0.1422557998305507,0.4492742419242859,0.0,0.00021744811965618283,0.00026566299493424594,31.929492,0.006962256052166139,0,0,2.068502030234086,8.721030079803317,2.0733808705790473,latent_vehicle,,,2.0733808705790473,,4.75,1211,ok,stale_plan,0,fallback,1.972882,0.0009052999957930297,1.9146188999875449,0.056996600003913045,1,0.0013536000000016202,0.015095699999999823,0,301.87119282002254,54.59409907620329,47.81691761141451,3.529359985147039,0,1,0,1,0,0,0,9,0.0,1,1,8.449931369180614,-2.7868222265324367,102,1,18.136041030347,0.16315486289663095,22.437741481097756,0.010185259190490717,19.722577238604174,-0.03341730836912927,22.906512710201213,-0.21774269010904634,17.152752860843297,-0.003128061697758304,30.083633483692253,-0.03192578956319536,30.26010325600971,-0.17017427789113515,30.164243749934784,-0.010375618963789992,29.944925323183796,-0.14869748118848325
1307,6.0,true_threat,APF,1,505,1306,5.95,1,1,364.7445941680394,-201.72081166355673,357.7604281808438,-204.6605876040177,-205.25,-0.5987075503711594,-0.15941742841653428,-0.1775270066002185,0,1,31.979393955641175,-0.21166410620793386,0.43223533034324646,0.0,0.00021744811965618283,0.00026566299493424594,31.929492,0.006966864819534207,0,0,2.3032855714939786,8.6811502219748,2.3069671061801222,latent_vehicle,,,2.3069671061801222,,4.8,1211,ok,stale_plan,0,fallback,1.972882,0.0009052999957930297,1.9146188999875449,0.056996600003913045,0,0.0013536000000016202,0.012568899999997996,0,302.77820583683274,55.28617678716978,48.24428894671797,3.5291883364432692,0,1,0,1,0,0,0,9,0.0,1,1,8.701718786599313,-2.7962595654245472,103,1,18.14409005117397,0.1609804152627077,22.43825455451033,0.010261468088866266,19.722050783886495,-0.010529073879305668,22.89676808525271,-0.19489249721227517,17.152613623869577,-0.0027847394771249286,30.082971768549097,-0.013233918585558105,30.252794259990605,-0.14617989291167444,30.16367728267006,-0.01132933977813085,29.93871686980749,-0.12416904506946073
