frame,time_s,condition,controller,role,actor_id,blueprint,traffic_role,initial_lane_id,lane_name,lane_index,occupied_lane_indices,station_m,local_y_m,speed_mps,longitudinal_accel_mps2,leader_role,idm_gap_m,target_speed_mps,desired_speed_mps,time_headway_s
3725,0.05,true_threat,APF,occluder,121,vehicle.carlamotors.firetruck,occluder,-5,centre,1,[1],195.79322472448607,-205.25484107541152,19.4723637365151,0.37883764152632743,lead_centre,115.99649820912322,19.44608825998674,19.060993,1.021082
3725,0.05,true_threat,APF,lead_left,123,vehicle.mercedes.coupe_2020,leader,-4,left,0,[0],320.8140997282533,-201.7475458188413,23.777894213423192,1.8646759978563605,,,23.67933074645335,23.287836,0.948219
3725,0.05,true_threat,APF,lead_centre,124,vehicle.nissan.patrol_2021,leader,-5,centre,1,[1],318.91230989302244,-205.25019370129758,21.596728669746046,0.8481214262794287,,,21.52734586943127,20.011235,1.074628
3725,0.05,true_threat,APF,lead_right,125,vehicle.nissan.patrol_2021,leader,-6,right,2,[2],322.8802703180148,-208.74974054202346,24.52584797127298,1.6989138372584913,,,24.422630185982488,23.123141,0.908861
3725,0.05,true_threat,APF,rear_centre,126,vehicle.tesla.model3,follower,-5,centre,1,[1],172.26740374568703,-205.2497441236416,17.667788732282492,-0.017928917142345745,occluder,16.8061277636867,17.672270834082656,20.183858,0.943297
3725,0.05,true_threat,APF,follower_1,127,vehicle.tesla.model3,follower,-4,left,0,[0],142.92074925546865,-201.75031005796592,31.96223825975561,0.09971591059082527,ego,32.89281524196795,31.905066948117632,32.0,0.996942
3725,0.05,true_threat,APF,follower_2,128,vehicle.mercedes.coupe_2020,follower,-4,left,0,[0],104.757476018326,-201.78925377575376,31.96225584445546,1.2404990128242086,follower_1,33.42949524464973,31.80830884569198,32.0,1.023943
3725,0.05,true_threat,APF,follower_3,129,vehicle.mercedes.coupe_2020,follower,-4,left,0,[0],69.38699071153317,-201.78969287872852,31.161967778859694,1.2569180876601327,follower_2,30.656807327072045,31.040532777204152,32.0,0.992958
3725,0.05,true_threat,APF,follower_4,130,vehicle.audi.a2,follower,-4,left,0,[0],35.0066043156086,-201.75070119912837,27.865985445601716,5.62976855340252,follower_3,30.02213608132314,27.604962438443845,30.125674,0.878966
3726,0.1,true_threat,APF,occluder,121,vehicle.carlamotors.firetruck,occluder,-5,centre,1,[1],196.76740692684098,-205.2548902122703,19.490117339147577,0.35507205223611443,lead_centre,116.10215005844424,19.46470981826074,19.060993,1.021082
3726,0.1,true_threat,APF,lead_left,123,vehicle.mercedes.coupe_2020,leader,-4,left,0,[0],322.0049874745066,-201.74820767423552,23.843961296093294,1.3213424085084866,,,23.771272709518982,23.287836,0.948219
3726,0.1,true_threat,APF,lead_centre,124,vehicle.nissan.patrol_2021,leader,-5,centre,1,[1],319.9926627487017,-205.25022187784893,21.621617648182866,0.49777957216057694,,,21.568923612648966,20.011235,1.074628
3726,0.1,true_threat,APF,lead_right,125,vehicle.nissan.patrol_2021,leader,-6,right,2,[2],324.1085723786298,-208.74970298833637,24.591903281815426,1.321106212082802,,,24.50629168994093,23.123141,0.908861
3726,0.1,true_threat,APF,rear_centre,126,vehicle.tesla.model3,follower,-5,centre,1,[1],173.15082664474699,-205.24973266942422,17.669951674141334,0.04325883775591413,occluder,16.895910509743857,17.672312615176242,20.183858,0.943297
3726,0.1,true_threat,APF,follower_1,127,vehicle.tesla.model3,follower,-4,left,0,[0],144.51907700219348,-201.75035989663374,31.97084801575873,0.1721951244919285,ego,32.94362691809782,31.9119516652113,32.0,0.996942
3726,0.1,true_threat,APF,follower_2,128,vehicle.mercedes.coupe_2020,follower,-4,left,0,[0],106.3570083400167,-201.7867549855707,32.009725640230315,0.9496394980512292,follower_1,33.43056406775484,31.866767362936674,32.0,1.023943
3726,0.1,true_threat,APF,follower_3,129,vehicle.mercedes.coupe_2020,follower,-4,left,0,[0],70.94648387935666,-201.78693308929866,31.209588275392974,0.9526548637754471,follower_2,30.696846486144636,31.102620774072445,32.0,0.992958
3726,0.1,true_threat,APF,follower_4,130,vehicle.audi.a2,follower,-4,left,0,[0],36.40839883420665,-201.75071127168732,28.1200404762418,5.081100612937249,follower_3,30.190882249348647,27.884209359277587,30.125674,0.878966
3727,0.15000000000000002,true_threat,APF,occluder,121,vehicle.carlamotors.firetruck,occluder,-5,centre,1,[1],197.74238259138633,-205.25495433723705,19.506648331088265,0.33061983857167143,lead_centre,116.20832071176862,19.482152359295235,19.060993,1.021082
3727,0.15000000000000002,true_threat,APF,lead_left,123,vehicle.mercedes.coupe_2020,leader,-4,left,0,[0],323.1984692147496,-201.74886864471367,23.88817751443926,0.8843244291966007,,,23.836415195385513,23.287836,0.948219
3727,0.15000000000000002,true_threat,APF,lead_centre,124,vehicle.nissan.patrol_2021,leader,-5,centre,1,[1],321.07387009131344,-205.25023450411035,21.632115678223613,0.20996060594391946,,,21.593324150893586,20.011235,1.074628
3727,0.15000000000000002,true_threat,APF,lead_right,125,vehicle.nissan.patrol_2021,leader,-6,right,2,[2],325.33965154389796,-208.7496797460567,24.640906895999127,0.9800722853736515,,,24.57133912705071,23.123141,0.908861
3727,0.15000000000000002,true_threat,APF,rear_centre,126,vehicle.tesla.model3,follower,-5,centre,1,[1],174.0344326544704,-205.24973641153034,17.67427373366331,0.08644119090914394,occluder,16.986669813038812,17.675227459395973,20.183858,0.943297
3727,0.15000000000000002,true_threat,APF,follower_1,127,vehicle.tesla.model3,follower,-4,left,0,[0],146.11792354771626,-201.75040955831835,31.98027220770161,0.18848384463529574,ego,32.99657468923202,31.921692456616622,32.0,0.996942
3727,0.15000000000000002,true_threat,APF,follower_2,128,vehicle.mercedes.coupe_2020,follower,-4,left,0,[0],107.95855467599554,-201.78382826220744,32.046446237450475,0.7345948476946126,follower_1,33.42935949278896,31.911685046009552,32.0,1.023943
3727,0.15000000000000002,true_threat,APF,follower_3,129,vehicle.mercedes.coupe_2020,follower,-4,left,0,[0],72.5080063202565,-201.78374536148317,31.24583159774372,0.7250447895608747,follower_2,30.73688564001185,31.149737486764124,32.0,0.992958
3727,0.15000000000000002,true_threat,APF,follower_4,130,vehicle.audi.a2,follower,-4,left,0,[0],37.82134752696035,-201.75071753910703,28.324555938355857,4.0903092423849685,follower_3,30.348580898574085,28.135664597517128,30.125674,0.878966
3728,0.2,true_threat,APF,occluder,121,vehicle.carlamotors.firetruck,occluder,-5,centre,1,[1],198.71818222528773,-205.25500292232465,19.521903305910815,0.30509949672593045,lead_centre,116.31455238983492,19.498384580421043,19.060993,1.021082
3728,0.2,true_threat,APF,lead_left,123,vehicle.mercedes.coupe_2020,leader,-4,left,0,[0],324.3936599340627,-201.74951377340008,23.915135771111512,0.5391650396732128,,,23.880008307439812,23.287836,0.948219
3728,0.2,true_threat,APF,lead_centre,124,vehicle.nissan.patrol_2021,leader,-5,centre,1,[1],322.1552300270122,-205.25026233710605,21.630618391117533,-0.029945735597166883,,,21.603615653203207,20.011235,1.074628
3728,0.2,true_threat,APF,lead_right,125,vehicle.nissan.patrol_2021,leader,-6,right,2,[2],326.5726838340524,-208.74965583748727,24.67475662534052,0.6769945889868204,,,24.619589776794097,23.123141,0.908861
3728,0.2,true_threat,APF,rear_centre,126,vehicle.tesla.model3,follower,-5,centre,1,[1],174.91834383475194,-205.2497247907405,17.680045377372334,0.11543287458916254,occluder,17.07803946786074,17.68015871265272,20.183858,0.943297
3728,0.2,true_threat,APF,follower_1,127,vehicle.tesla.model3,follower,-4,left,0,[0],147.71713629374443,-201.75042857749727,31.986976518424267,0.13408622175346474,ego,33.05065148055641,31.931553119779537,32.0,0.996942
3728,0.2,true_threat,APF,follower_2,128,vehicle.mercedes.coupe_2020,follower,-4,left,0,[0],109.56167254222704,-201.7805347917729,32.074869384988446,0.5685912286413082,follower_1,33.42665970233289,31.94652722750095,32.0,1.023943
3728,0.2,true_threat,APF,follower_3,129,vehicle.mercedes.coupe_2020,follower,-4,left,0,[0],74.0710697842434,-201.7802214145836,31.27332296456653,0.5499474239104468,follower_2,30.77690953509085,31.18566100932823,32.0,0.992958
3728,0.2,true_threat,APF,follower_4,130,vehicle.audi.a2,follower,-4,left,0,[0],39.24239863623475,-201.75072104246527,28.468116349986065,2.8712082326851607,follower_3,30.49715464672022,28.337787385808877,30.125674,0.878966
3729,0.25,true_threat,APF,occluder,121,vehicle.carlamotors.firetruck,occluder,-5,centre,1,[1],199.69465325107421,-205.2550665371633,19.535840302698993,0.2787399360117577,lead_centre,116.42011269163231,19.513355755041474,19.060993,1.021082
3729,0.25,true_threat,APF,lead_left,123,vehicle.mercedes.coupe_2020,leader,-4,left,0,[0],325.5897356526792,-201.75012808259757,23.9284047423378,0.2653796703151133,,,23.90658495966976,23.287836,0.948219
3729,0.25,true_threat,APF,lead_centre,124,vehicle.nissan.patrol_2021,leader,-5,centre,1,[1],323.23616272184745,-205.2503055746408,21.618888176789042,-0.23460427856017502,,,21.60214784061524,20.011235,1.074628
3729,0.25,true_threat,APF,lead_right,125,vehicle.nissan.patrol_2021,leader,-6,right,2,[2],327.8069673396318,-208.74961624328776,24.695460908172702,0.41408565935178626,,,24.652916758479,23.123141,0.908861
3729,0.25,true_threat,APF,rear_centre,126,vehicle.tesla.model3,follower,-5,centre,1,[1],175.80256019079698,-205.24971306584288,17.6867993064639,0.13507858227250916,occluder,17.16992792148061,17.686430173982366,20.183858,0.943297
3729,0.25,true_threat,APF,follower_1,127,vehicle.tesla.model3,follower,-4,left,0,[0],149.3165626367801,-201.75037122985987,31.987735622135144,0.015182082811034624,ego,33.103843095594236,31.937451096703967,32.0,0.996942
3729,0.25,true_threat,APF,follower_2,128,vehicle.mercedes.coupe_2020,follower,-4,left,0,[0],111.16601101261011,-201.77695098793197,32.096439929500384,0.4314930181523214,follower_1,33.42275458212957,31.97344775009228,32.0,1.023943
3729,0.25,true_threat,APF,follower_3,129,vehicle.mercedes.coupe_2020,follower,-4,left,0,[0],75.63526229965285,-201.7764071655099,31.293648324315715,0.4065797223350843,follower_2,30.816963937335444,31.212973602796275,32.0,0.992958
3729,0.25,true_threat,APF,follower_4,130,vehicle.audi.a2,follower,-4,left,0,[0],40.66833255772505,-201.75072288009906,28.548490112785647,1.6074752561066445,follower_3,30.639167001432725,28.479529180909875,30.125674,0.878966
3730,0.3,true_threat,APF,occluder,121,vehicle.carlamotors.firetruck,occluder,-5,centre,1,[1],200.67182618111673,-205.25512991255403,19.5484230809327,0.25165556522889027,lead_centre,116.5245743606811,19.52702586533942,19.060993,1.021082
3730,0.3,true_threat,APF,lead_left,123,vehicle.mercedes.coupe_2020,leader,-4,left,0,[0],326.7861470386086,-201.75066598333567,23.930528874490793,0.042483616751723206,,,23.919665628996587,23.287836,0.948219
3730,0.3,true_threat,APF,lead_centre,124,vehicle.nissan.patrol_2021,leader,-5,centre,1,[1],324.3163629844396,-205.25031854445788,21.598119035310383,-0.4153828200300058,,,21.590648327135582,20.011235,1.074628
3730,0.3,true_threat,APF,lead_right,125,vehicle.nissan.patrol_2021,leader,-6,right,2,[2],329.0419527546726,-208.74959166842856,24.70488894686028,0.1885607772120798,,,24.67330023903747,23.123141,0.908861
3730,0.3,true_threat,APF,rear_centre,126,vehicle.tesla.model3,follower,-5,centre,1,[1],176.68711224018185,-205.2497012264267,17.69430282412013,0.15007035355633339,occluder,17.26218259122206,17.693596117707322,20.183858,0.943297
3730,0.3,true_threat,APF,follower_1,127,vehicle.tesla.model3,follower,-4,left,0,[0],150.915744839205,-201.7503139655087,31.980369421005772,-0.14732401354564512,ego,33.15566121148079,31.937652638186286,32.0,0.996942
3730,0.3,true_threat,APF,follower_2,128,vehicle.mercedes.coupe_2020,follower,-4,left,0,[0],112.77124968382545,-201.7731685127268,32.11186287532292,0.3085047343658067,follower_1,33.417842454782175,31.993659435680904,32.0,1.023943
3730,0.3,true_threat,APF,follower_3,129,vehicle.mercedes.coupe_2020,follower,-4,left,0,[0],77.20032450352358,-201.77240951427098,31.307619504974515,0.27946043041173513,follower_2,30.85710989230907,31.23323385246577,32.0,0.992958
3730,0.3,true_threat,APF,follower_4,130,vehicle.audi.a2,follower,-4,left,0,[0],42.09628063925439,-201.75072403062154,28.572427333518007,0.4787444148861948,follower_3,30.777425595351872,28.558877147331685,30.125674,0.878966
3731,0.35000000000000003,true_threat,APF,occluder,121,vehicle.carlamotors.firetruck,occluder,-5,centre,1,[1],201.64957893990447,-205.25517783135183,19.559602049420743,0.2235793705060535,lead_centre,116.62760169323072,19.53936007328596,19.060993,1.021082
3731,0.35000000000000003,true_threat,APF,lead_left,123,vehicle.mercedes.coupe_2020,leader,-4,left,0,[0],327.9823753242853,-201.75121920532658,23.92322483837973,-0.14607879078602048,,,23.92175958817901,23.287836,0.948219
3731,0.35000000000000003,true_threat,APF,lead_centre,124,vehicle.nissan.patrol_2021,leader,-5,centre,1,[1],325.39525099645414,-205.25034722072658,21.56914638717635,-0.5794529524627295,,,21.570286737116664,20.011235,1.074628
3731,0.35000000000000003,true_threat,APF,lead_right,125,vehicle.nissan.patrol_2021,leader,-6,right,2,[2],330.2770907732114,-208.74961281787998,24.704616210349315,-0.005454726226637712,,,24.682581927466888,23.123141,0.908861
3731,0.35000000000000003,true_threat,APF,rear_centre,126,vehicle.tesla.model3,follower,-5,centre,1,[1],177.5720915356356,-205.24968924125966,17.702483449508758,0.1636125081245652,occluder,17.3548034718797,17.701435319057868,20.183858,0.943297
3731,0.35000000000000003,true_threat,APF,follower_1,127,vehicle.tesla.model3,follower,-4,left,0,[0],152.51431669010287,-201.75025690937306,31.964135957118586,-0.32466926893823667,ego,33.21043927200378,31.933604648244938,32.0,0.996942
3731,0.35000000000000003,true_threat,APF,follower_2,128,vehicle.mercedes.coupe_2020,follower,-4,left,0,[0],114.37708340093108,-201.76924850541792,32.12133229218886,0.18940841896881166,follower_1,33.41178598599173,32.00772238891342,32.0,1.023943
3731,0.35000000000000003,true_threat,APF,follower_3,129,vehicle.mercedes.coupe_2020,follower,-4,left,0,[0],78.76590546975453,-201.7683048745316,31.315527908281446,0.15818133192149061,follower_2,30.897286359653677,31.2472377815734,32.0,0.992958
3731,0.35000000000000003,true_threat,APF,follower_4,130,vehicle.audi.a2,follower,-4,left,0,[0],43.523908286232086,-201.75072529045718,28.55270534179579,-0.3944398340078963,follower_3,30.91453971769326,28.582579117057602,30.125674,0.878966
3732,0.4,true_threat,APF,occluder,121,vehicle.carlamotors.firetruck,occluder,-5,centre,1,[1],202.6278810202719,-205.25524082154382,19.5693466911334,0.19489283494163362,lead_centre,116.72873694645747,19.550310164472908,19.060993,1.021082
3732,0.4,true_threat,APF,lead_left,123,vehicle.mercedes.coupe_2020,leader,-4,left,0,[0],329.17799322199727,-201.75166582401584,23.907589412553964,-0.31270553945752955,,,23.91455927109517,23.287836,0.948219
3732,0.4,true_threat,APF,lead_centre,124,vehicle.nissan.patrol_2021,leader,-5,centre,1,[1],326.472460536564,-205.2503612107999,21.53256913931733,-0.7315449460877893,,,21.541880656592706,20.011235,1.074628
3732,0.4,true_threat,APF,lead_right,125,vehicle.nissan.patrol_2021,leader,-6,right,2,[2],331.51198466675544,-208.74967982698215,24.695928250703876,-0.17375918864192802,,,24.682313426964598,23.123141,0.908861
3732,0.4,true_threat,APF,rear_centre,126,vehicle.tesla.model3,follower,-5,centre,1,[1],178.4574675647873,-205.24969237954068,17.71136788741387,0.1776887584917353,occluder,17.4475769352137,17.709878584505603,20.183858,0.943297
3732,0.4,true_threat,APF,follower_1,127,vehicle.tesla.model3,follower,-4,left,0,[0],154.11182042582857,-201.75020021761466,31.93966084138366,-0.4895023068328153,ego,33.26988623541182,31.920129428552777,32.0,0.996942
3732,0.4,true_threat,APF,follower_2,128,vehicle.mercedes.coupe_2020,follower,-4,left,0,[0],115.98323751615067,-201.76522157727865,32.12479453054084,0.06924968828333716,follower_1,33.404524119783986,32.015782595482065,32.0,1.023943
3732,0.4,true_threat,APF,follower_3,129,vehicle.mercedes.coupe_2020,follower,-4,left,0,[0],80.33170001737682,-201.76407809161137,31.3173848289007,0.03713988574630924,follower_2,30.937539110528363,31.255269104824436,32.0,0.992958
3732,0.4,true_threat,APF,follower_4,130,vehicle.audi.a2,follower,-4,left,0,[0],44.9495370319589,-201.75072723219876,28.504607722073356,-0.961952393632029,follower_3,31.052493036946515,28.563234339028195,30.125674,0.878966
3733,0.45,true_threat,APF,occluder,121,vehicle.carlamotors.firetruck,occluder,-5,centre,1,[1],203.6065798239265,-205.25528841760752,19.57761885810456,0.165443340207067,lead_centre,116.82764440619994,19.55984645772624,19.060993,1.021082
3733,0.45,true_threat,APF,lead_left,123,vehicle.mercedes.coupe_2020,leader,-4,left,0,[0],330.37260402927893,-201.7520822686844,23.884292138118496,-0.4659415535812147,,,23.89914555286156,23.287836,0.948219
3733,0.45,true_threat,APF,lead_centre,124,vehicle.nissan.patrol_2021,leader,-5,centre,1,[1],327.54768643941657,-205.2503911363619,21.488873666569887,-0.8739094435838534,,,21.50601543292434,20.011235,1.074628
3733,0.45,true_threat,APF,lead_right,125,vehicle.nissan.patrol_2021,leader,-6,right,2,[2],332.74614613846717,-208.74974708594297,24.679811165066276,-0.322341708967367,,,24.673760331016556,23.123141,0.908861
3733,0.45,true_threat,APF,rear_centre,126,vehicle.tesla.model3,follower,-5,centre,1,[1],179.34330135237883,-205.24968010287185,17.721017171203304,0.19298567611910084,occluder,17.540502986429438,17.718952791338964,20.183858,0.943297
3733,0.45,true_threat,APF,follower_1,127,vehicle.tesla.model3,follower,-4,left,0,[0],155.70788983546583,-201.75014401516282,31.90858820874287,-0.6214526464230217,ego,33.33284238174974,31.897876146045192,32.0,0.996942
3733,0.45,true_threat,APF,follower_2,128,vehicle.mercedes.coupe_2020,follower,-4,left,0,[0],117.58936110858852,-201.76117940076196,32.12209316254156,-0.05402764644237064,follower_1,33.39587374029008,32.017816699506,32.0,1.023943
3733,0.45,true_threat,APF,follower_3,129,vehicle.mercedes.coupe_2020,follower,-4,left,0,[0],81.89740304870777,-201.7599581514407,31.31308926944268,-0.08591081086554547,follower_2,30.977898678125655,31.257336491139093,32.0,0.992958
3733,0.45,true_threat,APF,follower_4,130,vehicle.audi.a2,follower,-4,left,0,[0],46.372327643085185,-201.75073014214266,28.441966567811168,-1.2528230839909231,follower_3,31.192658838841993,28.515873397317897,30.125674,0.878966
3734,0.5,true_threat,APF,occluder,121,vehicle.carlamotors.firetruck,occluder,-5,centre,1,[1],204.58564484370265,-205.25535114753004,19.584384218635716,0.13530721134217183,lead_centre,116.92417150539794,19.56793168969643,19.060993,1.021082
3734,0.5,true_threat,APF,lead_left,123,vehicle.mercedes.coupe_2020,leader,-4,left,0,[0],331.5658720371743,-201.7524228774863,23.853771749857994,-0.6104030292851668,,,23.876177823700427,23.287836,0.948219
3734,0.5,true_threat,APF,lead_centre,124,vehicle.nissan.patrol_2021,leader,-5,centre,1,[1],328.6205624888903,-205.2504218635538,21.438519639427803,-1.007080531040677,,,21.46316580665655,20.011235,1.074628
3734,0.5,true_threat,APF,lead_right,125,vehicle.nissan.patrol_2021,leader,-6,right,2,[2],333.97936156531205,-208.74981466763793,24.657020264229985,-0.455818013384988,,,24.657893055163097,23.123141,0.908861
3734,0.5,true_threat,APF,rear_centre,126,vehicle.tesla.model3,follower,-5,centre,1,[1],180.22962342119195,-205.24966765963057,17.7314484688166,0.20862595263713463,occluder,17.633368002492485,17.728716702826635,20.183858,0.943297
3734,0.5,true_threat,APF,follower_1,127,vehicle.tesla.model3,follower,-4,left,0,[0],157.30225026082752,-201.75008839571453,31.873061920252628,-0.7105257654976195,ego,33.39827015506479,31.86860519949452,32.0,0.996942
3734,0.5,true_threat,APF,follower_2,128,vehicle.mercedes.coupe_2020,follower,-4,left,0,[0],119.19516429250163,-201.75721362749934,32.113098672674916,-0.1798864600045184,follower_1,33.385819557489484,32.01375545614253,32.0,1.023943
3734,0.5,true_threat,APF,follower_3,129,vehicle.mercedes.coupe_2020,follower,-4,left,0,[0],83.46272464156668,-201.75592989413383,31.30254237548222,-0.21092949847721032,follower_2,31.018319239232554,31.253337847510902,32.0,0.992958
3734,0.5,true_threat,APF,follower_4,130,vehicle.audi.a2,follower,-4,left,0,[0],47.79192916748303,-201.75073414001284,28.375266574528066,-1.3339998638086503,follower_3,31.33557125904666,28.454103693706028,30.125674,0.878966
3735,0.55,true_threat,APF,occluder,121,vehicle.carlamotors.firetruck,occluder,-5,centre,1,[1],205.5650150392423,-205.2554137733448,19.589610346872078,0.10452256547017838,lead_centre,117.01798253509548,19.574532309723644,19.060993,1.021082
3735,0.55,true_threat,APF,lead_left,123,vehicle.mercedes.coupe_2020,leader,-4,left,0,[0],332.7574005223962,-201.75270304454986,23.816350630799274,-0.7484170967705246,,,23.84608769657491,23.287836,0.948219
3735,0.55,true_threat,APF,lead_centre,124,vehicle.nissan.patrol_2021,leader,-5,centre,1,[1],329.6907834988108,-205.250422978907,21.38196291384141,-1.131134499426817,,,21.413780142324086,20.011235,1.074628
3735,0.55,true_threat,APF,lead_right,125,vehicle.nissan.patrol_2021,leader,-6,right,2,[2],335.2112342187976,-208.7498827074071,24.62814873288111,-0.5774306245503525,,,24.63545457176847,23.123141,0.908861
3735,0.55,true_threat,APF,rear_centre,126,vehicle.tesla.model3,follower,-5,centre,1,[1],181.1165253239557,-205.24965501858452,17.74262935506437,0.22361772533846083,occluder,17.726110953455525,17.73918738872538,20.183858,0.943297
3735,0.55,true_threat,APF,follower_1,127,vehicle.tesla.model3,follower,-4,left,0,[0],158.89474911403192,-201.75003341132367,31.83527733443702,-0.7556917139499162,ego,33.465498147855726,31.834533584476404,32.0,0.996942
3735,0.55,true_threat,APF,follower_2,128,vehicle.mercedes.coupe_2020,follower,-4,left,0,[0],120.8003571561201,-201.7533396151813,32.09778090626273,-0.30634109859538816,follower_1,33.37437679893807,32.00358112076773,32.0,1.023943
3735,0.55,true_threat,APF,follower_3,129,vehicle.mercedes.coupe_2020,follower,-4,left,0,[0],85.0272833314546,-201.75200870861357,31.285742739714767,-0.3359692431698422,follower_2,31.058800830286756,31.243174227461925,32.0,0.992958
3735,0.55,true_threat,APF,follower_4,130,vehicle.audi.a2,follower,-4,left,0,[0],49.20840264030505,-201.7507392049877,28.311683188237698,-1.2716677233174225,follower_3,31.48129132750772,28.388257057861015,30.125674,0.878966
3736,0.6000000000000001,true_threat,APF,occluder,121,vehicle.carlamotors.firetruck,occluder,-5,centre,1,[1],206.54462936498197,-205.255445798297,19.593264817844865,0.07308942017796545,lead_centre,117.10883334947636,19.579616632207284,19.060993,1.021082
3736,0.6000000000000001,true_threat,APF,lead_left,123,vehicle.mercedes.coupe_2020,leader,-4,left,0,[0],333.94691480593593,-201.75286182841933,23.77232826118676,-0.8804418190203156,,,23.80919187258238,23.287836,0.948219
3736,0.6000000000000001,true_threat,APF,lead_centre,124,vehicle.nissan.patrol_2021,leader,-5,centre,1,[1],330.7580137602222,-205.25034882057557,21.31970703139642,-1.245117637088895,,,21.358302958452814,20.011235,1.074628
3736,0.6000000000000001,true_threat,APF,lead_right,125,vehicle.nissan.patrol_2021,leader,-6,right,2,[2],336.44155047588936,-208.7499512781259,24.593682944664923,-0.6893157630073533,,,24.60702808218118,23.123141,0.908861
3736,0.6000000000000001,true_threat,APF,rear_centre,126,vehicle.tesla.model3,follower,-5,centre,1,[1],182.00400706067012,-205.2496421797337,17.754460646350044,0.23662582605035873,occluder,17.818579246231415,17.750333849639084,20.183858,0.943297
3736,0.6000000000000001,true_threat,APF,follower_1,127,vehicle.tesla.model3,follower,-4,left,0,[0],160.48538639507902,-201.74997906199025,31.797090302100614,-0.7637406459654434,ego,33.533916039827886,31.797895942031523,32.0,0.996942
3736,0.6000000000000001,true_threat,APF,follower_2,128,vehicle.mercedes.coupe_2020,follower,-4,left,0,[0],122.40457352496546,-201.74966430025444,32.07623954158917,-0.4307967938517106,follower_1,33.36168278852401,31.987374426448156,32.0,1.023943
3736,0.6000000000000001,true_threat,APF,follower_3,129,vehicle.mercedes.coupe_2020,follower,-4,left,0,[0],86.59088079576834,-201.74831673285547,31.262795885859344,-0.45889367099204986,follower_2,31.09943500401731,31.226843097463025,32.0,0.992958
3736,0.6000000000000001,true_threat,APF,follower_4,130,vehicle.audi.a2,follower,-4,left,0,[0],50.62200746095027,-201.7507452485757,28.25533818967969,-1.1268999680723986,follower_3,31.629376544573617,28.325422034579955,30.125674,0.878966
3737,0.6500000000000001,true_threat,APF,occluder,121,vehicle.carlamotors.firetruck,occluder,-5,centre,1,[1],207.5243046998474,-205.25540150848676,19.595324744745557,0.04119853864822003,lead_centre,117.19644928514805,19.583153015278615,19.060993,1.021082
3737,0.6500000000000001,true_threat,APF,lead_left,123,vehicle.mercedes.coupe_2020,leader,-4,left,0,[0],335.1339571501752,-201.75297567919728,23.722049891290766,-1.0055618275493559,,,23.76578430064403,23.287836,0.948219
3737,0.6500000000000001,true_threat,APF,lead_centre,124,vehicle.nissan.patrol_2021,leader,-5,centre,1,[1],331.82194812338787,-205.2502757866081,21.25228033149396,-1.3485339889793473,,,21.29722553815404,20.011235,1.074628
3737,0.6500000000000001,true_threat,APF,lead_right,125,vehicle.nissan.patrol_2021,leader,-6,right,2,[2],337.6699746432474,-208.75002049431293,24.55404823855399,-0.7926941218815022,,,24.57309152315259,23.123141,0.908861
3737,0.6500000000000001,true_threat,APF,rear_centre,126,vehicle.tesla.model3,follower,-5,centre,1,[1],182.89212967169323,-205.24964438104473,17.766784034360857,0.24646776059926664,occluder,17.91071183525669,17.762060996826296,20.183858,0.943297
3737,0.6500000000000001,true_threat,APF,follower_1,127,vehicle.tesla.model3,follower,-4,left,0,[0],162.0741010688161,-201.74992536853583,31.759811172066733,-0.7455826007954376,ego,33.60285250676627,31.76056673480317,32.0,0.996942
3737,0.6500000000000001,true_threat,APF,follower_2,128,vehicle.mercedes.coupe_2020,follower,-4,left,0,[0],124.00752349247314,-201.74621829919744,32.048684966445244,-0.5510412978984945,follower_1,33.34810370072575,31.96532383269787,32.0,1.023943
3737,0.6500000000000001,true_threat,APF,follower_3,129,vehicle.mercedes.coupe_2020,follower,-4,left,0,[0],88.15315082879712,-201.74486935057698,31.233925658619803,-0.5773385728814631,follower_2,31.14005390854892,31.20444698460745,32.0,0.992958
3737,0.6500000000000001,true_threat,APF,follower_4,130,vehicle.audi.a2,follower,-4,left,0,[0],52.03367441549727,-201.75075195324806,28.22275494104802,-0.6516649690751269,follower_3,31.779369188242143,28.26968358885172,30.125674,0.878966
3738,0.7000000000000001,true_threat,APF,occluder,121,vehicle.carlamotors.firetruck,occluder,-5,centre,1,[1],208.50416314017093,-205.25535715621183,19.595771056661043,0.008926238851749091,lead_centre,117.28070831344832,19.585119212900626,19.060993,1.021082
3738,0.7000000000000001,true_threat,APF,lead_left,123,vehicle.mercedes.coupe_2020,leader,-4,left,0,[0],336.3183139320796,-201.75304466975913,23.66589890374501,-1.1230144142218152,,,23.716203931315384,23.287836,0.948219
3738,0.7000000000000001,true_threat,APF,lead_centre,124,vehicle.nissan.patrol_2021,leader,-5,centre,1,[1],332.8824034880551,-205.2502191982575,21.18023975879845,-1.4408114470071567,,,21.23106358773184,20.011235,1.074628
3738,0.7000000000000001,true_threat,APF,lead_right,125,vehicle.nissan.patrol_2021,leader,-6,right,2,[2],338.896262580261,-208.75009043925442,24.509652786229406,-0.8879090471314289,,,24.53406267162057,23.123141,0.908861
3738,0.7000000000000001,true_threat,APF,rear_centre,126,vehicle.tesla.model3,follower,-5,centre,1,[1],183.78086262903793,-205.249631115352,17.779414504661595,0.2526094063592854,occluder,18.002264559099,17.774216396351612,20.183858,0.943297
3738,0.7000000000000001,true_threat,APF,follower_1,127,vehicle.tesla.model3,follower,-4,left,0,[0],163.6610152055486,-201.74987228931727,31.72412658998396,-0.713691641736254,ego,33.67194134296006,31.723868192258422,32.0,0.996942
3738,0.7000000000000001,true_threat,APF,follower_2,128,vehicle.mercedes.coupe_2020,follower,-4,left,0,[0],125.60894765403881,-201.74298644171378,32.01542296216093,-0.6651686685955731,follower_1,33.33386840695516,31.93769361985243,32.0,1.023943
3738,0.7000000000000001,true_threat,APF,follower_3,129,vehicle.mercedes.coupe_2020,follower,-4,left,0,[0],89.71375775802264,-201.74172771144936,31.19944554822296,-0.6895131513274709,follower_2,31.180733843027824,31.176205737665775,32.0,0.992958
3738,0.7000000000000001,true_threat,APF,follower_4,130,vehicle.audi.a2,follower,-4,left,0,[0],53.44386126759139,-201.75075916284317,28.192038986549615,-0.6143190861372935,follower_3,31.929972266723922,28.237380445177205,30.125674,0.878966
3739,0.7500000000000001,true_threat,APF,occluder,121,vehicle.carlamotors.firetruck,occluder,-5,centre,1,[1],209.48380796266537,-205.25532813560056,19.59458468026408,-0.023727527414903502,lead_centre,117.36130523779202,19.58549676812484,19.060993,1.021082
3739,0.7500000000000001,true_threat,APF,lead_left,123,vehicle.mercedes.coupe_2020,leader,-4,left,0,[0],337.4997104830512,-201.75303837622556,23.60432352382638,-1.231502687442102,,,23.66082724370469,23.287836,0.948219
3739,0.7500000000000001,true_threat,APF,lead_centre,124,vehicle.nissan.patrol_2021,leader,-5,centre,1,[1],333.939105185626,-205.25014863164435,21.104147980549595,-1.5218355600756561,,,21.160361072075794,20.011235,1.074628
3739,0.7500000000000001,true_threat,APF,lead_right,125,vehicle.nissan.patrol_2021,leader,-6,right,2,[2],340.12026169904846,-208.75016116500422,24.460878057211556,-0.9754945814748094,,,24.490342371677258,23.123141,0.908861
3739,0.7500000000000001,true_threat,APF,rear_centre,126,vehicle.tesla.model3,follower,-5,centre,1,[1],184.67020593790963,-205.24961764144373,17.79214987992437,0.2547075056474623,occluder,18.093390042077804,17.78662297591055,20.183858,0.943297
3739,0.7500000000000001,true_threat,APF,follower_1,127,vehicle.tesla.model3,follower,-4,left,0,[0],165.2461898404292,-201.74981980351308,31.69019105107077,-0.6787107773386367,ego,33.74060279253948,31.688499549284096,32.0,0.996942
3739,0.7500000000000001,true_threat,APF,follower_2,128,vehicle.mercedes.coupe_2020,follower,-4,left,0,[0],127.20851035796574,-201.7400909126274,31.976856572477796,-0.7712354842884627,follower_1,33.319358382121976,31.904806318911394,32.0,1.023943
3739,0.7500000000000001,true_threat,APF,follower_3,129,vehicle.mercedes.coupe_2020,follower,-4,left,0,[0],91.27250321919863,-201.73889188314268,31.159751026912435,-0.7937797676178902,follower_2,31.221551075367984,31.14242773848648,32.0,0.992958
3739,0.7500000000000001,true_threat,APF,follower_4,130,vehicle.audi.a2,follower,-4,left,0,[0],54.854917870611416,-201.7507660757311,28.249661888393373,1.1524580406619984,follower_3,32.08039234385532,28.20689561652393,30.125674,0.878966
3740,0.8,true_threat,APF,occluder,121,vehicle.carlamotors.firetruck,occluder,-5,centre,1,[1],210.46345277995445,-205.2552838562011,19.59175417038432,-0.05661019703680366,lead_centre,117.43836211286843,19.584267265977793,19.060993,1.021082
3740,0.8,true_threat,APF,lead_left,123,vehicle.mercedes.coupe_2020,leader,-4,left,0,[0],338.67787213449196,-201.7529263747172,23.537819655392976,-1.330073034100957,,,23.600094651619393,23.287836,0.948219
3740,0.8,true_threat,APF,lead_centre,124,vehicle.nissan.patrol_2021,leader,-5,centre,1,[1],334.99187011584775,-205.25007940802152,21.023789467269808,-1.6071702632568166,,,21.085667847125322,20.011235,1.074628
3740,0.8,true_threat,APF,lead_right,125,vehicle.nissan.patrol_2021,leader,-6,right,2,[2],341.3416668134354,-208.7502022580938,24.408120779869627,-1.0551455476873883,,,24.442305176205682,23.123141,0.908861
3740,0.8,true_threat,APF,rear_centre,126,vehicle.tesla.model3,follower,-5,centre,1,[1],185.56019011588467,-205.24960394890914,17.804808961648355,0.25318163488406714,occluder,18.18369155570057,17.799085351595995,20.183858,0.943297
3740,0.8,true_threat,APF,follower_1,127,vehicle.tesla.model3,follower,-4,left,0,[0],166.82971652618693,-201.74976787989084,31.65778330312108,-0.6481549560900579,ego,33.80850119860237,31.654632133098687,32.0,0.996942
3740,0.8,true_threat,APF,follower_2,128,vehicle.mercedes.coupe_2020,follower,-4,left,0,[0],128.806059000756,-201.73748598762768,31.933430760959247,-0.86840484668029,follower_1,33.30497031307564,31.867047412180526,32.0,1.023943
3740,0.8,true_threat,APF,follower_3,129,vehicle.mercedes.coupe_2020,follower,-4,left,0,[0],92.82912781813151,-201.7363772129367,31.11529661568351,-0.8889588268364718,follower_2,31.262368318118916,31.10350184222579,32.0,0.992958
3740,0.8,true_threat,APF,follower_4,130,vehicle.audi.a2,follower,-4,left,0,[0],56.26975865309879,-201.75077169768258,28.31168504469926,1.2404631293366455,follower_3,32.22808120201128,28.263624027050955,30.125674,0.878966
3741,0.8500000000000001,true_threat,APF,occluder,121,vehicle.carlamotors.firetruck,occluder,-5,centre,1,[1],211.44291449178544,-205.2552396392663,19.587275712946358,-0.0895691483461024,lead_centre,117.51148222580116,19.581419083781295,19.060993,1.021082
3741,0.8500000000000001,true_threat,APF,lead_left,123,vehicle.mercedes.coupe_2020,leader,-4,left,0,[0],339.8526463297527,-201.75280027001696,23.466932789259214,-1.4177336689808924,,,23.534493649028754,23.287836,0.948219
3741,0.8500000000000001,true_threat,APF,lead_centre,124,vehicle.nissan.patrol_2021,leader,-5,centre,1,[1],336.04048465568616,-205.2500116002645,20.938580569730732,-1.704177950440869,,,21.006769975919315,20.011235,1.074628
3741,0.8500000000000001,true_threat,APF,lead_right,125,vehicle.nissan.patrol_2021,leader,-6,right,2,[2],342.56038635507673,-208.75016797339092,24.351775775883656,-1.1269000793568666,,,24.390340701806835,23.123141,0.908861
3741,0.8500000000000001,true_threat,APF,rear_centre,126,vehicle.tesla.model3,follower,-5,centre,1,[1],186.45078464538668,-205.249590048159,17.81722199574628,0.24826068186350597,occluder,18.273352195014617,17.811430025906606,20.183858,0.943297
3741,0.8500000000000001,true_threat,APF,follower_1,127,vehicle.tesla.model3,follower,-4,left,0,[0],168.4116562979745,-201.74971649762907,31.626519968408385,-0.6252666886794663,ego,33.875148337186445,31.622063795798823,32.0,0.996942
3741,0.8500000000000001,true_threat,APF,follower_2,128,vehicle.mercedes.coupe_2020,follower,-4,left,0,[0],130.4012426563085,-201.73524808037942,31.88563046507147,-0.9558786997200737,follower_1,33.29094835604312,31.824820352825107,32.0,1.023943
3741,0.8500000000000001,true_threat,APF,follower_3,129,vehicle.mercedes.coupe_2020,follower,-4,left,0,[0],94.38340269382023,-201.734244814065,31.066578692949456,-0.9742144537848084,follower_2,31.30329236197629,31.059875527644653,32.0,0.992958
3741,0.8500000000000001,true_threat,APF,follower_4,130,vehicle.audi.a2,follower,-4,left,0,[0],57.68667463077787,-201.75077661170118,28.34241814586204,0.61466202593385,follower_3,32.36986501845679,28.324598880635047,30.125674,0.878966
3742,0.9000000000000001,true_threat,APF,occluder,121,vehicle.carlamotors.firetruck,occluder,-5,centre,1,[1],212.42210154542929,-205.2551955160285,19.58115121524447,-0.12248995387447142,lead_centre,117.58063505380855,19.57694768890359,19.060993,1.021082
3742,0.9000000000000001,true_threat,APF,lead_left,123,vehicle.mercedes.coupe_2020,leader,-4,left,0,[0],341.0236973546718,-201.75259914149075,23.392238928695384,-1.4938742520269592,,,23.464560763524986,23.287836,0.948219
3742,0.9000000000000001,true_threat,APF,lead_centre,124,vehicle.nissan.patrol_2021,leader,-5,centre,1,[1],337.08473518210656,-205.24994528124864,20.850211199833627,-1.7673873994383849,,,20.923091695289386,20.011235,1.074628
3742,0.9000000000000001,true_threat,APF,lead_right,125,vehicle.nissan.patrol_2021,leader,-6,right,2,[2],343.77614569701745,-208.75014995732164,24.292245499120124,-1.1906055331779732,,,24.33483675663761,23.123141,0.908861
3742,0.9000000000000001,true_threat,APF,rear_centre,126,vehicle.tesla.model3,follower,-5,centre,1,[1],187.34202007522435,-205.24966748151158,17.829265005474788,0.2408601950511831,occluder,18.36221937734358,17.823493592368745,20.183858,0.943297
3742,0.9000000000000001,true_threat,APF,follower_1,127,vehicle.tesla.model3,follower,-4,left,0,[0],169.9920701857392,-201.749650377118,31.596015762301413,-0.6100841133325089,ego,33.94020855138959,31.590430611386147,32.0,0.996942
3742,0.9000000000000001,true_threat,APF,follower_2,128,vehicle.mercedes.coupe_2020,follower,-4,left,0,[0],131.99392398511898,-201.73334672015477,31.833969134674167,-1.033087603781585,follower_1,33.27770447227815,31.778557911880323,32.0,1.023943
3742,0.9000000000000001,true_threat,APF,follower_3,129,vehicle.mercedes.coupe_2020,follower,-4,left,0,[0],95.9351294872239,-201.73251001298576,31.014110680132116,-1.0492065935144959,follower_2,31.344201141840102,31.012036579806068,32.0,0.992958
3742,0.9000000000000001,true_threat,APF,follower_4,130,vehicle.audi.a2,follower,-4,left,0,[0],59.10404837210223,-201.75078136955813,28.343059007161315,0.012817228077546256,follower_3,32.50722391646643,28.354626519575447,30.125674,0.878966
3743,0.9500000000000001,true_threat,APF,occluder,121,vehicle.carlamotors.firetruck,occluder,-5,centre,1,[1],213.40089187058055,-205.2551515281308,19.57338067732227,-0.15541075861585696,lead_centre,117.64569852658508,19.5708562981513,19.060993,1.021082
3743,0.9500000000000001,true_threat,APF,lead_left,123,vehicle.mercedes.coupe_2020,leader,-4,left,0,[0],342.19099471249456,-201.75238403470203,23.314314078691478,-1.5584947377192748,,,23.39086280659293,23.287836,0.948219
3743,0.9500000000000001,true_threat,APF,lead_centre,124,vehicle.nissan.patrol_2021,leader,-5,centre,1,[1],338.124499630009,-205.2498957514053,20.76019006983936,-1.8004226020842151,,,20.836290097330153,20.011235,1.074628
3743,0.9500000000000001,true_threat,APF,lead_right,125,vehicle.nissan.patrol_2021,leader,-6,right,2,[2],344.98888379889974,-208.75013297191938,24.229924769986727,-1.246414578482116,,,24.276188765103253,23.123141,0.908861
3743,0.9500000000000001,true_threat,APF,rear_centre,126,vehicle.tesla.model3,follower,-5,centre,1,[1],188.2338353390127,-205.24974471705937,17.84082544615438,0.2312088135883289,occluder,18.450171001149734,17.83515676079454,20.183858,0.943297
3743,0.9500000000000001,true_threat,APF,follower_1,127,vehicle.tesla.model3,follower,-4,left,0,[0],171.57095819989186,-201.749600035934,31.56604752504957,-0.5993647325088041,ego,34.00340723507854,31.5593635456883,32.0,0.996942
3743,0.9500000000000001,true_threat,APF,follower_2,128,vehicle.mercedes.coupe_2020,follower,-4,left,0,[0],133.58395040971635,-201.73181247658397,31.778962012139186,-1.0999963130701849,follower_1,33.26543703123241,31.728717475316948,32.0,1.023943
3743,0.9500000000000001,true_threat,APF,follower_3,129,vehicle.mercedes.coupe_2020,follower,-4,left,0,[0],97.48415560004997,-201.73114234417653,30.95841731030561,-1.113709384731174,follower_2,31.385155677246885,30.96049085372146,32.0,0.992958
3743,0.9500000000000001,true_threat,APF,follower_4,130,vehicle.audi.a2,follower,-4,left,0,[0],60.52046080977155,-201.75078645535456,28.318160470063503,-0.49797074036146216,follower_3,32.64157696854575,28.3549390837607,30.125674,0.878966
3744,1.0,true_threat,APF,occluder,121,vehicle.carlamotors.firetruck,occluder,-5,centre,1,[1],214.379224437292,-205.25512295518297,19.56397363605035,-0.18814082598062645,lead_centre,117.70667264933626,19.563146254066748,19.060993,1.021082
3744,1.0,true_threat,APF,lead_left,123,vehicle.mercedes.coupe_2020,leader,-4,left,0,[0],343.35423320663597,-201.75209401860585,23.23375713137253,-1.6111373162985525,,,23.313966820935864,23.287836,0.948219
3744,1.0,true_threat,APF,lead_centre,124,vehicle.nissan.patrol_2021,leader,-5,centre,1,[1],339.15971695383007,-205.24983251397964,20.66953761148852,-1.8130491688938257,,,20.747845677788668,20.011235,1.074628
3744,1.0,true_threat,APF,lead_right,125,vehicle.nissan.patrol_2021,leader,-6,right,2,[2],346.1984175500599,-208.75010182086058,24.165217946112193,-1.2941364709844974,,,24.214784754356042,23.123141,0.908861
3744,1.0,true_threat,APF,rear_centre,126,vehicle.tesla.model3,follower,-5,centre,1,[1],189.12623044195703,-205.24983701359054,17.851834656745265,0.2201842115536398,occluder,18.537146062512704,17.846311296445503,20.183858,0.943297
3744,1.0,true_threat,APF,follower_1,127,vehicle.tesla.model3,follower,-4,left,0,[0],173.1484118879561,-201.74955018405655,31.53659999714122,-0.5889505419723168,ego,34.06434768578771,31.528648085826877,32.0,0.996942
3744,1.0,true_threat,APF,follower_2,128,vehicle.mercedes.coupe_2020,follower,-4,left,0,[0],135.17113882984802,-201.73066067091983,31.721126129397412,-1.1565692642969347,follower_1,33.25429862078767,31.67576559432533,32.0,1.023943
3744,1.0,true_threat,APF,follower_3,129,vehicle.mercedes.coupe_2020,follower,-4,left,0,[0],99.03032846003293,-201.73018763605572,30.90001936551519,-1.167801806262049,follower_2,31.4261559890182,30.90575486457024,32.0,0.992958
3744,1.0,true_threat,APF,follower_4,130,vehicle.audi.a2,follower,-4,left,0,[0],61.93492009652758,-201.7507159134999,28.274094986199085,-0.8813096759838094,follower_3,32.7741906437025,28.330053856878944,30.125674,0.878966
3745,1.05,true_threat,APF,occluder,121,vehicle.carlamotors.firetruck,occluder,-5,centre,1,[1],215.35712975272918,-205.25507926919784,19.552939626941296,-0.2206801827796264,lead_centre,117.76355740644587,19.55382790234849,19.060993,1.021082
3745,1.05,true_threat,APF,lead_left,123,vehicle.mercedes.coupe_2020,leader,-4,left,0,[0],344.5134128579175,-201.75179012835494,23.151166981838955,-1.6518019140269635,,,23.234462700229177,23.287836,0.948219
3745,1.05,true_threat,APF,lead_centre,124,vehicle.nissan.patrol_2021,leader,-5,centre,1,[1],340.1904481939277,-205.24977080693833,20.579028208389598,-1.8101880623497304,,,20.65876039497344,20.011235,1.074628
3745,1.05,true_threat,APF,lead_right,125,vehicle.nissan.patrol_2021,leader,-6,right,2,[2],347.4046859257561,-208.75008704254319,24.098508405677453,-1.3341908003653173,,,24.15102229189039,23.123141,0.908861
3745,1.05,true_threat,APF,rear_centre,126,vehicle.tesla.model3,follower,-5,centre,1,[1],190.01908327731428,-205.24983760123104,17.86223350749455,0.20797701318495293,occluder,18.623083526279807,17.856891306516783,20.183858,0.943297
3745,1.05,true_threat,APF,follower_1,127,vehicle.tesla.model3,follower,-4,left,0,[0],174.7243702147792,-201.74950084230719,31.507865820562664,-0.574683511736369,ego,34.12251117759459,31.498151187994413,32.0,0.996942
3745,1.05,true_threat,APF,follower_2,128,vehicle.mercedes.coupe_2020,follower,-4,left,0,[0],136.75536717520848,-201.72989134480554,31.660978401551777,-1.2028086968120695,follower_1,33.244563888720265,31.620181416070764,32.0,1.023943
3745,1.05,true_threat,APF,follower_3,129,vehicle.mercedes.coupe_2020,follower,-4,left,0,[0],100.5734954584694,-201.72958490552455,30.839427965814203,-1.2116768147626045,follower_2,31.467171549166878,30.84834144323921,32.0,0.992958
3745,1.05,true_threat,APF,follower_4,130,vehicle.audi.a2,follower,-4,left,0,[0],63.34672435414126,-201.75064627738288,28.21721021424498,-1.1376954383990021,follower_3,32.90590421692943,28.286262875171644,30.125674,0.878966
3746,1.1,true_threat,APF,occluder,121,vehicle.carlamotors.firetruck,occluder,-5,centre,1,[1],216.334394199063,-205.25503580183903,19.540311076670022,-0.25257100621714035,lead_centre,117.81638333110635,19.542911421074617,19.060993,1.021082
3746,1.1,true_threat,APF,lead_left,123,vehicle.mercedes.coupe_2020,leader,-4,left,0,[0],345.66841160644464,-201.75150292316874,23.06711582399412,-1.6810225252666995,,,23.152940640238988,23.287836,0.948219
3746,1.1,true_threat,APF,lead_centre,124,vehicle.nissan.patrol_2021,leader,-5,centre,1,[1],341.2166933503021,-205.24971063028133,20.48931608112351,-1.794242543010935,,,20.56979525781564,20.011235,1.074628
3746,1.1,true_threat,APF,lead_right,125,vehicle.nissan.patrol_2021,leader,-6,right,2,[2],348.6075668452721,-208.75005816103393,24.030187155654104,-1.366424990871312,,,24.085278431763754,23.123141,0.908861
3746,1.1,true_threat,APF,rear_centre,126,vehicle.tesla.model3,follower,-5,centre,1,[1],190.91248542904583,-205.2498380014775,17.871978137787828,0.19489260507049147,occluder,18.70813600635973,17.866840662397173,20.183858,0.943297
3746,1.1,true_threat,APF,follower_1,127,vehicle.tesla.model3,follower,-4,left,0,[0],176.2989247591172,-201.74952827339447,31.480194039710042,-0.553435593888845,ego,34.17753148396683,31.46804950818109,32.0,0.996942
3746,1.1,true_threat,APF,follower_2,128,vehicle.mercedes.coupe_2020,follower,-4,left,0,[0],138.336543882658,-201.729474011897,31.59902609823362,-1.2389071257065412,follower_1,33.236293870182905,31.56245270564715,32.0,1.023943
3746,1.1,true_threat,APF,follower_3,129,vehicle.mercedes.coupe_2020,follower,-4,left,0,[0],102.11356504263037,-201.72933418381533,30.777156026378048,-1.245297815355703,follower_2,31.508232896090895,30.788754614288216,32.0,0.992958
3746,1.1,true_threat,APF,follower_4,130,vehicle.audi.a2,follower,-4,left,0,[0],64.75543106734466,-201.75054718038348,28.152932561033488,-1.285553064018203,follower_3,33.03726695775221,28.22982420306288,30.125674,0.878966
3747,1.1500000000000001,true_threat,APF,occluder,121,vehicle.carlamotors.firetruck,occluder,-5,centre,1,[1],217.3109567411408,-205.25499257392812,19.52611659556289,-0.283889622843103,lead_centre,117.86536404114688,19.530429375425893,19.060993,1.021082
3747,1.1500000000000001,true_threat,APF,lead_left,123,vehicle.mercedes.coupe_2020,leader,-4,left,0,[0],346.8192294470119,-201.7512171442591,22.982181576632662,-1.6986846415683654,,,23.069964793265502,23.287836,0.948219
3747,1.1500000000000001,true_threat,APF,lead_centre,124,vehicle.nissan.patrol_2021,leader,-5,centre,1,[1],342.2384829405294,-205.24965197359785,20.400975341573567,-1.7668147849581164,,,20.481593817758423,20.011235,1.074628
3747,1.1500000000000001,true_threat,APF,lead_right,125,vehicle.nissan.patrol_2021,leader,-6,right,2,[2],349.80693824871344,-208.75004573555228,23.96036482282151,-1.3964466465465364,,,24.017937915215875,23.123141,0.908861
3747,1.1500000000000001,true_threat,APF,rear_centre,126,vehicle.tesla.model3,follower,-5,centre,1,[1],191.80631482164085,-205.2498229971849,17.881036123314257,0.1811597104975761,occluder,18.791998300962028,17.87611709489262,20.183858,0.943297
3747,1.1500000000000001,true_threat,APF,follower_1,127,vehicle.tesla.model3,follower,-4,left,0,[0],177.87213653530122,-201.74957142134417,31.454009990947455,-0.5236809506880841,ego,34.228798263788235,31.43872698196936,32.0,0.996942
3747,1.1500000000000001,true_threat,APF,follower_2,128,vehicle.mercedes.coupe_2020,follower,-4,left,0,[0],139.91457739946748,-201.7294087034266,31.535738248209213,-1.2656287072122188,follower_1,33.22967170707139,31.503066459617358,32.0,1.023943
3747,1.1500000000000001,true_threat,APF,follower_3,129,vehicle.mercedes.coupe_2020,follower,-4,left,0,[0],103.65049143615133,-201.72943548654422,30.71369157638021,-1.2691617012716112,follower_2,31.54934001937943,30.72749978217452,32.0,0.992958
3747,1.1500000000000001,true_threat,APF,follower_4,130,vehicle.audi.a2,follower,-4,left,0,[0],66.16085714629594,-201.75046446133084,28.08555546948302,-1.3475418313150587,follower_3,33.16862982870978,28.166085859130558,30.125674,0.878966
3748,1.2000000000000002,true_threat,APF,occluder,121,vehicle.carlamotors.firetruck,occluder,-5,centre,1,[1],218.28678686138625,-205.25494959587587,19.510384793942208,-0.3146360326326498,lead_centre,117.91059108929645,19.516410538219844,19.060993,1.021082
3748,1.2000000000000002,true_threat,APF,lead_left,123,vehicle.mercedes.coupe_2020,leader,-4,left,0,[0],347.96580534446656,-201.75093281244756,22.89692499548689,-1.7051315311057242,,,22.986105279506912,23.287836,0.948219
3748,1.2000000000000002,true_threat,APF,lead_centre,124,vehicle.nissan.patrol_2021,leader,-5,centre,1,[1],343.2559390401206,-205.249610054033,20.31452860312547,-1.7289347583738397,,,20.39472140734649,20.011235,1.074628
3748,1.2000000000000002,true_threat,APF,lead_right,125,vehicle.nissan.patrol_2021,leader,-6,right,2,[2],351.0028001308745,-208.7500345073101,23.889230234679044,-1.4226917526993539,,,23.949109257825704,23.123141,0.908861
3748,1.2000000000000002,true_threat,APF,rear_centre,126,vehicle.tesla.model3,follower,-5,centre,1,[1],192.70063249545748,-205.24980782631988,17.889376946865884,0.16681647173817055,occluder,18.87473145044479,17.88469029490144,20.183858,0.943297
3748,1.2000000000000002,true_threat,APF,follower_1,127,vehicle.tesla.model3,follower,-4,left,0,[0],179.44409709606032,-201.74963025492394,31.42972756763169,-0.4856484419258016,ego,34.27606739726954,31.410629173484413,32.0,0.996942
3748,1.2000000000000002,true_threat,APF,follower_2,128,vehicle.mercedes.coupe_2020,follower,-4,left,0,[0],141.48940667486806,-201.72964966385135,31.471610507492677,-1.282440124005526,follower_1,33.22484996644593,31.44247721477062,32.0,1.023943
3748,1.2000000000000002,true_threat,APF,follower_3,129,vehicle.mercedes.coupe_2020,follower,-4,left,0,[0],105.18422885225695,-201.72985831175106,30.649516854363856,-1.2833833290531467,follower_2,31.590447142667948,30.665057307855808,32.0,0.992958
3748,1.2000000000000002,true_threat,APF,follower_4,130,vehicle.audi.a2,follower,-4,left,0,[0],67.5629415402262,-201.75035236468202,28.018241323473834,-1.3462829207013693,follower_3,33.30013014327946,28.099280367942303,30.125674,0.878966
3749,1.2500000000000002,true_threat,APF,occluder,121,vehicle.carlamotors.firetruck,occluder,-5,centre,1,[1],219.26176249990468,-205.25493742690173,19.493138559376945,-0.34492469056622777,lead_centre,117.9522170686422,19.500883654198045,19.060993,1.021082
3749,1.2500000000000002,true_threat,APF,lead_left,123,vehicle.mercedes.coupe_2020,leader,-4,left,0,[0],349.10807825845063,-201.75063468976748,22.811876321274557,-1.7009735019797505,,,22.901915593538096,23.287836,0.948219
3749,1.2500000000000002,true_threat,APF,lead_centre,124,vehicle.nissan.patrol_2021,leader,-5,centre,1,[1],344.26918370897016,-205.2495543123673,20.230464146113587,-1.681289124891961,,,20.309693170256427,20.011235,1.074628
3749,1.2500000000000002,true_threat,APF,lead_right,125,vehicle.nissan.patrol_2021,leader,-6,right,2,[2],352.1950914513974,-208.75000923834068,23.81772943670713,-1.4300159499689895,,,23.87897812636394,23.123141,0.908861
3749,1.2500000000000002,true_threat,APF,rear_centre,126,vehicle.tesla.model3,follower,-5,centre,1,[1],193.59534689776663,-205.24979252011474,17.896973907041676,0.15193920456553112,occluder,18.956243896873588,17.89253131116743,20.183858,0.943297
3749,1.2500000000000002,true_threat,APF,follower_1,127,vehicle.tesla.model3,follower,-4,left,0,[0],181.0149285012891,-201.74967421491428,31.407669111016688,-0.4411691094237259,ego,34.31897267869998,31.384175657174378,32.0,0.996942
3749,1.2500000000000002,true_threat,APF,follower_2,128,vehicle.mercedes.coupe_2020,follower,-4,left,0,[0],143.06103171927052,-201.73022741074757,31.407098426028032,-1.2901425069161867,follower_1,33.221981251804436,31.381164021717666,32.0,1.023943
3749,1.2500000000000002,true_threat,APF,follower_3,129,vehicle.mercedes.coupe_2020,follower,-4,left,0,[0],106.71477728574185,-201.73058740064764,30.585091170038837,-1.288420168397635,follower_2,31.631539001962906,30.601903258922,32.0,0.992958
3749,1.2500000000000002,true_threat,APF,follower_4,130,vehicle.audi.a2,follower,-4,left,0,[0],68.96179108147425,-201.75027188915197,27.953135891115856,-1.302108647444932,follower_3,33.43178316545482,28.032527429134852,30.125674,0.878966
3750,1.3,true_threat,APF,occluder,121,vehicle.carlamotors.firetruck,occluder,-5,centre,1,[1],220.23576159680147,-205.2549866262252,19.473628303274413,-0.39020511989444123,lead_centre,117.99048609897332,19.483871835978416,19.060993,1.021082
3750,1.3,true_threat,APF,lead_left,123,vehicle.mercedes.coupe_2020,leader,-4,left,0,[0],350.24617026447487,-201.75033799336396,22.727565796919748,-1.68621052854003,,,22.81791940460783,23.287836,0.948219
3750,1.3,true_threat,APF,lead_centre,124,vehicle.nissan.patrol_2021,leader,-5,centre,1,[1],345.2782474646545,-205.24948473818998,20.14838333523598,-1.6416161968702547,,,20.226990865652713,20.011235,1.074628
3750,1.3,true_threat,APF,lead_right,125,vehicle.nissan.patrol_2021,leader,-6,right,2,[2],353.3838427434745,-208.75001569459786,23.746682589844227,-1.420936929337368,,,23.80847695804831,23.123141,0.908861
3750,1.3,true_threat,APF,rear_centre,126,vehicle.tesla.model3,follower,-5,centre,1,[1],194.49039699341563,-205.24977709939105,17.90380983630144,0.1367185863873606,occluder,19.036505133082855,17.899614881792278,20.183858,0.943297
3750,1.3,true_threat,APF,follower_1,127,vehicle.tesla.model3,follower,-4,left,0,[0],182.58475282649835,-201.7497185184603,31.388063502472896,-0.39211215064252386,ego,34.35717841473968,31.35968871077104,32.0,0.996942
3750,1.3,true_threat,APF,follower_2,128,vehicle.mercedes.coupe_2020,follower,-4,left,0,[0],144.6294219838662,-201.73105040179706,31.34264989053897,-1.2888882422480956,follower_1,33.22118761263074,31.319564226636125,32.0,1.023943
3750,1.3,true_threat,APF,follower_3,129,vehicle.mercedes.coupe_2020,follower,-4,left,0,[0],108.24209093421457,-201.7315464749093,30.520856649967293,-1.2846148686036492,follower_2,31.672615612880485,30.538490680505717,32.0,0.992958
3750,1.3,true_threat,APF,follower_4,130,vehicle.audi.a2,follower,-4,left,0,[0],70.35751256594108,-201.75017722193846,27.8915285400803,-1.2321470199161035,follower_3,33.56348205769167,27.967945967582303,30.125674,0.878966
3751,1.35,true_threat,APF,occluder,121,vehicle.carlamotors.firetruck,occluder,-5,centre,1,[1],221.20881464883144,-205.25503614828276,19.4522412140669,-0.42774178083328546,lead_centre,118.02555075776087,19.464639456631456,19.060993,1.021082
3751,1.35,true_threat,APF,lead_left,123,vehicle.mercedes.coupe_2020,leader,-4,left,0,[0],351.3800203325919,-201.7500580028467,22.644481705077308,-1.6616818347564843,,,22.734640676347475,23.287836,0.948219
3751,1.35,true_threat,APF,lead_centre,124,vehicle.nissan.patrol_2021,leader,-5,centre,1,[1],346.2832829262877,-205.24949283217617,20.067570914373892,-1.6162483913887724,,,20.146223781187793,20.011235,1.074628
3751,1.35,true_threat,APF,lead_right,125,vehicle.nissan.patrol_2021,leader,-6,right,2,[2],354.56908450906604,-208.75000808930628,23.67609732259346,-1.411705338278677,,,23.7384145171172,23.123141,0.908861
3751,1.35,true_threat,APF,rear_centre,126,vehicle.tesla.model3,follower,-5,centre,1,[1],195.38575227003352,-205.24977683334777,17.909873291182766,0.12126909862621461,occluder,19.11545413433064,17.90590433110624,20.183858,0.943297
3751,1.35,true_threat,APF,follower_1,127,vehicle.tesla.model3,follower,-4,left,0,[0],184.15363111204616,-201.7497784035286,31.370973683510027,-0.3417963628332086,ego,34.39034889122725,31.33739646321019,32.0,0.996942
3751,1.35,true_threat,APF,follower_2,128,vehicle.mercedes.coupe_2020,follower,-4,left,0,[0],146.19463851421855,-201.73214913375455,31.278687989085114,-1.2791722576284414,follower_1,33.22262167324433,31.25810446119651,32.0,1.023943
3751,1.35,true_threat,APF,follower_3,129,vehicle.mercedes.coupe_2020,follower,-4,left,0,[0],109.76623084323857,-201.7327660312908,30.457238265142436,-1.2723095368985644,follower_2,31.713692229003428,30.475256191300467,32.0,0.992958
3751,1.35,true_threat,APF,follower_4,130,vehicle.audi.a2,follower,-4,left,0,[0],71.7503348858601,-201.75009880253702,27.834058233065115,-1.1494061371633544,follower_3,33.69507422169757,27.906811206146177,30.125674,0.878966
3752,1.4000000000000001,true_threat,APF,occluder,121,vehicle.carlamotors.firetruck,occluder,-5,centre,1,[1],222.18070803816553,-205.25510132473806,19.429324429831375,-0.45833568017864873,lead_centre,118.05753316736411,19.443565392882533,19.060993,1.021082
3752,1.4000000000000001,true_threat,APF,lead_left,123,vehicle.mercedes.coupe_2020,leader,-4,left,0,[0],352.50978104547823,-201.74977940737367,22.56310470006511,-1.6275400088242913,,,22.652562199986022,23.287836,0.948219
3752,1.4000000000000001,true_threat,APF,lead_centre,124,vehicle.nissan.patrol_2021,leader,-5,centre,1,[1],347.28425956067724,-205.24953282837214,19.98848464371197,-1.5817253847942254,,,20.0666891952313,20.011235,1.074628
3752,1.4000000000000001,true_threat,APF,lead_right,125,vehicle.nissan.patrol_2021,leader,-6,right,2,[2],355.750725195443,-208.7499864536983,23.60600224603291,-1.401901526144714,,,23.668798549611747,23.123141,0.908861
3752,1.4000000000000001,true_threat,APF,rear_centre,126,vehicle.tesla.model3,follower,-5,centre,1,[1],196.28141271720952,-205.24976120440851,17.915150919130046,0.1055525597847307,occluder,19.19315190974273,17.911398742349476,20.183858,0.943297
3752,1.4000000000000001,true_threat,APF,follower_1,127,vehicle.tesla.model3,follower,-4,left,0,[0],185.72171593540352,-201.74982330048894,31.35634624709617,-0.2925487164556129,ego,34.41845354894323,31.317367229982477,32.0,0.996942
3752,1.4000000000000001,true_threat,APF,follower_2,128,vehicle.mercedes.coupe_2020,follower,-4,left,0,[0],147.75668128430064,-201.7334473126792,31.215611022584415,-1.2614895107630508,follower_1,33.2262834284398,31.19718076279183,32.0,1.023943
3752,1.4000000000000001,true_threat,APF,follower_3,129,vehicle.mercedes.coupe_2020,follower,-4,left,0,[0],111.28721225598589,-201.7342002882222,30.394641941080735,-1.2518842713589273,follower_2,31.75476885033178,30.412619286330838,32.0,0.992958
3752,1.4000000000000001,true_threat,APF,follower_4,130,vehicle.audi.a2,follower,-4,left,0,[0],73.14041064472929,-201.75008235525826,27.78089472348239,-1.0632701848498443,follower_3,33.82639181080255,27.849757055159508,30.125674,0.878966
3753,1.4500000000000002,true_threat,APF,occluder,121,vehicle.carlamotors.firetruck,occluder,-5,centre,1,[1],223.1514722719693,-205.25515162760394,19.405104924677822,-0.4843900977903166,lead_centre,118.08661641241952,19.42099062305859,19.060993,1.021082
3753,1.4500000000000002,true_threat,APF,lead_left,123,vehicle.mercedes.coupe_2020,leader,-4,left,0,[0],353.63557447343914,-201.74950216530172,22.48387919689967,-1.5845098564126479,,,22.572159476696267,23.287836,0.948219
3753,1.4500000000000002,true_threat,APF,lead_centre,124,vehicle.nissan.patrol_2021,leader,-5,centre,1,[1],348.2813604680758,-205.24958940552506,19.911732965844177,-1.5350335280488323,,,19.98883860757588,20.011235,1.074628
3753,1.4500000000000002,true_threat,APF,lead_right,125,vehicle.nissan.patrol_2021,leader,-6,right,2,[2],356.9289784360506,-208.74998123247482,23.53669681400477,-1.3861086370612405,,,23.599657500292555,23.123141,0.908861
3753,1.4500000000000002,true_threat,APF,rear_centre,126,vehicle.tesla.model3,follower,-5,centre,1,[1],197.1773173049963,-205.24974549218305,17.91964462933738,0.0898742045610127,occluder,19.269384851900835,17.91609355539479,20.183858,0.943297
3753,1.4500000000000002,true_threat,APF,follower_1,127,vehicle.tesla.model3,follower,-4,left,0,[0],187.2891598948629,-201.74988367486378,31.344051493361665,-0.24589506709386943,ego,34.44121773490589,31.299557275338717,32.0,0.996942
3753,1.4500000000000002,true_threat,APF,follower_2,128,vehicle.mercedes.coupe_2020,follower,-4,left,0,[0],149.31561132405977,-201.73492965896128,31.153823051300634,-1.2357240072774027,follower_1,33.23232548171506,31.137162887582775,32.0,1.023943
3753,1.4500000000000002,true_threat,APF,follower_3,129,vehicle.mercedes.coupe_2020,follower,-4,left,0,[0],112.80509619199303,-201.73580344851752,30.33346029796344,-1.223604514515591,follower_2,31.795830207666548,30.35098053615787,32.0,0.992958
3753,1.4500000000000002,true_threat,APF,follower_4,130,vehicle.audi.a2,follower,-4,left,0,[0],74.5280297491131,-201.75009726362345,27.731925476664493,-0.9793849249997293,follower_3,33.95729746468068,27.796954399045887,30.125674,0.878966
3754,1.5000000000000002,true_threat,APF,occluder,121,vehicle.carlamotors.firetruck,occluder,-5,centre,1,[1],224.12092425519546,-205.25521763692146,19.379744824916543,-0.5072019885263083,lead_centre,118.1129530860143,19.397138484330963,19.060993,1.021082
3754,1.5000000000000002,true_threat,APF,lead_left,123,vehicle.mercedes.coupe_2020,leader,-4,left,0,[0],354.7574311288456,-201.74921100743194,22.407238166603413,-1.5328202731764506,,,22.49387242320325,23.287836,0.948219
3754,1.5000000000000002,true_threat,APF,lead_centre,124,vehicle.nissan.patrol_2021,leader,-5,centre,1,[1],349.27476874873605,-205.24964724238208,19.837834677780375,-1.477965733500029,,,19.913272193507577,20.011235,1.074628
3754,1.5000000000000002,true_threat,APF,lead_right,125,vehicle.nissan.patrol_2021,leader,-6,right,2,[2],358.10375266774906,-208.74996193929184,23.468516719885073,-1.3636018802233192,,,23.531287029471244,23.123141,0.908861
3754,1.5000000000000002,true_threat,APF,rear_centre,126,vehicle.tesla.model3,follower,-5,centre,1,[1],198.0734049982412,-205.24972971749293,17.92336395830113,0.07438657938444661,occluder,19.34424449791783,17.91999673685498,20.183858,0.943297
3754,1.5000000000000002,true_threat,APF,follower_1,127,vehicle.tesla.model3,follower,-4,left,0,[0],188.85605453274263,-201.74992897784446,31.333894871739272,-0.20313242866912806,ego,34.45842765430293,31.283855633648,32.0,0.996942
3754,1.5000000000000002,true_threat,APF,follower_2,128,vehicle.mercedes.coupe_2020,follower,-4,left,0,[0],150.87148964782708,-201.7365351166265,31.09368621770347,-1.2027135594987854,follower_1,33.240839401415336,31.07842394951809,32.0,1.023943
3754,1.5000000000000002,true_threat,APF,follower_3,129,vehicle.mercedes.coupe_2020,follower,-4,left,0,[0],114.31995891396853,-201.73748393342066,30.274044056687078,-1.1883077625222254,follower_2,31.836876311418536,30.290728199213657,32.0,0.992958
3754,1.5000000000000002,true_threat,APF,follower_4,130,vehicle.audi.a2,follower,-4,left,0,[0],75.91331425890623,-201.75011296841313,27.68688727716751,-0.9007639740125218,follower_3,34.087562296304,27.748295334835806,30.125674,0.878966
3755,1.55,true_threat,APF,occluder,121,vehicle.carlamotors.firetruck,occluder,-5,centre,1,[1],225.0891250125859,-205.25526881429266,19.353385272726754,-0.5271910371645145,lead_centre,118.13690938344845,19.372168639085395,19.060993,1.021082
3755,1.55,true_threat,APF,lead_left,123,vehicle.mercedes.coupe_2020,leader,-4,left,0,[0],355.87556466596436,-201.7489974136179,22.333585970242616,-1.47304346676142,,,22.418129837561544,23.287836,0.948219
3755,1.55,true_threat,APF,lead_centre,124,vehicle.nissan.patrol_2021,leader,-5,centre,1,[1],350.2645454326054,-205.24969105933346,19.767264709879978,-1.4113993324232765,,,19.84050222690413,20.011235,1.074628
3755,1.55,true_threat,APF,lead_right,125,vehicle.nissan.patrol_2021,leader,-6,right,2,[2],359.275139453678,-208.74995906049332,23.401772862031052,-1.3348771561024468,,,23.46401869138754,23.123141,0.908861
3755,1.55,true_threat,APF,rear_centre,126,vehicle.tesla.model3,follower,-5,centre,1,[1],198.96967579694416,-205.2497138803381,17.92632607199879,0.059242273874510004,occluder,19.417608787899105,17.923121220136057,20.183858,0.943297
3755,1.55,true_threat,APF,follower_1,127,vehicle.tesla.model3,follower,-4,left,0,[0],190.42252192455348,-201.74997442657602,31.325672296195034,-0.16445150965942718,ego,34.47005273750411,31.2700950477031,32.0,0.996942
3755,1.55,true_threat,APF,follower_2,128,vehicle.mercedes.coupe_2020,follower,-4,left,0,[0],152.42440781353702,-201.73827891323074,31.03554937455798,-1.162723542148591,follower_1,33.251855715527746,31.021296243811015,32.0,1.023943
3755,1.55,true_threat,APF,follower_3,129,vehicle.mercedes.coupe_2020,follower,-4,left,0,[0],115.83193777182754,-201.73930273123588,30.216738290129772,-1.146106690722832,follower_2,31.877891913210355,30.23220920885131,32.0,0.992958
3755,1.55,true_threat,APF,follower_4,130,vehicle.audi.a2,follower,-4,left,0,[0],77.29644727956673,-201.75012940716266,27.645482578914404,-0.8280939443429577,follower_3,34.21714050848638,27.703522882104373,30.125674,0.878966
3756,1.6,true_threat,APF,occluder,121,vehicle.carlamotors.firetruck,occluder,-5,centre,1,[1],226.05595248424603,-205.25533571893706,19.326154061940855,-0.5446242082544587,lead_centre,118.15848530992734,19.34622012498564,19.060993,1.021082
3756,1.6,true_threat,APF,lead_left,123,vehicle.mercedes.coupe_2020,leader,-4,left,0,[0],356.99012765185563,-201.74880029665303,22.263296448660714,-1.4057898634709254,,,22.34533240535477,23.287836,0.948219
3756,1.6,true_threat,APF,lead_centre,124,vehicle.nissan.patrol_2021,leader,-5,centre,1,[1],351.25090415312906,-205.24975130108012,19.700436956145268,-1.33655505292479,,,19.77099805568445,20.011235,1.074628
3756,1.6,true_threat,APF,lead_right,125,vehicle.nissan.patrol_2021,leader,-6,right,2,[2],360.4432608589377,-208.74995729564804,23.33677995171372,-1.2998582059141635,,,23.39815971916621,23.123141,0.908861
3756,1.6,true_threat,APF,rear_centre,126,vehicle.tesla.model3,follower,-5,centre,1,[1],199.8660686711579,-205.24971326032838,17.928551951054146,0.0445175809572745,occluder,19.489538746586582,17.92548734737188,20.183858,0.943297
3756,1.6,true_threat,APF,follower_1,127,vehicle.tesla.model3,follower,-4,left,0,[0],191.98859259307716,-201.75003526943587,31.319194939096903,-0.1295471420570264,ego,34.47603189730286,31.258098218794558,32.0,0.996942
3756,1.6,true_threat,APF,follower_2,128,vehicle.mercedes.coupe_2020,follower,-4,left,0,[0],153.97451838824978,-201.7400999615674,30.979725194917417,-1.1164773712013005,follower_1,33.26540494162863,30.966100905487835,32.0,1.023943
3756,1.6,true_threat,APF,follower_3,129,vehicle.mercedes.coupe_2020,follower,-4,left,0,[0],117.3411090178678,-201.74113774563082,30.161861432702377,-1.097534039710767,follower_2,31.918831221061296,30.175764629177586,32.0,0.992958
3756,1.6,true_threat,APF,follower_4,130,vehicle.audi.a2,follower,-4,left,0,[0],78.67761191655269,-201.75014651740733,27.607417649134202,-0.7612985714045535,follower_3,34.34598634568488,27.662346024953354,30.125674,0.878966
3757,1.6500000000000001,true_threat,APF,occluder,121,vehicle.carlamotors.firetruck,occluder,-5,centre,1,[1],227.02143717213602,-205.25537256407932,19.29817326106761,-0.5596160113528272,lead_centre,118.17801655879086,19.31941884006949,19.060993,1.021082
3757,1.6500000000000001,true_threat,APF,lead_left,123,vehicle.mercedes.coupe_2020,leader,-4,left,0,[0],358.1012726796066,-201.7486348632716,22.19670148127291,-1.3318986907046535,,,22.27585077454801,23.287836,0.948219
3757,1.6500000000000001,true_threat,APF,lead_centre,124,vehicle.nissan.patrol_2021,leader,-5,centre,1,[1],352.23405852293064,-205.2497973771703,19.637727162741005,-1.2541958519991045,,,19.70516911305189,20.011235,1.074628
3757,1.6500000000000001,true_threat,APF,lead_right,125,vehicle.nissan.patrol_2021,leader,-6,right,2,[2],361.608238948628,-208.7499413443247,23.27382981381415,-1.2590027579758725,,,23.334021235241043,23.123141,0.908861
3757,1.6500000000000001,true_threat,APF,rear_centre,126,vehicle.tesla.model3,follower,-5,centre,1,[1],200.76255309289533,-205.24969735029813,17.930075926096585,0.03047950076731536,occluder,19.55997334403294,17.927118402080094,20.183858,0.943297
3757,1.6500000000000001,true_threat,APF,follower_1,127,vehicle.tesla.model3,follower,-4,left,0,[0],193.55441911578467,-201.75008093679378,31.31432547105462,-0.09738936096741668,ego,34.476334522425816,31.247705133608836,32.0,0.996942
3757,1.6500000000000001,true_threat,APF,follower_2,128,vehicle.mercedes.coupe_2020,follower,-4,left,0,[0],155.52191291428363,-201.7419677128278,30.926513069223727,-1.0642406714931285,follower_1,33.28136503543958,30.913126467964556,32.0,1.023943
3757,1.6500000000000001,true_threat,APF,follower_3,129,vehicle.mercedes.coupe_2020,follower,-4,left,0,[0],118.84764051958079,-201.7430499544989,30.10970147738292,-1.0431987461066279,follower_2,31.95977054973379,30.121709431521385,32.0,0.992958
3757,1.6500000000000001,true_threat,APF,follower_4,130,vehicle.audi.a2,follower,-4,left,0,[0],80.05699127532225,-201.7501642366825,27.572473142537266,-0.6988901053346483,follower_3,34.473992954739174,27.62447727266777,30.125674,0.878966
3758,1.7000000000000002,true_threat,APF,occluder,121,vehicle.carlamotors.firetruck,occluder,-5,centre,1,[1],227.9853959916193,-205.2554404473368,19.26956303447114,-0.5722045260156478,lead_centre,118.19568624070246,19.2918850257219,19.060993,1.021082
3758,1.7000000000000002,true_threat,APF,lead_left,123,vehicle.mercedes.coupe_2020,leader,-4,left,0,[0],359.2092133618409,-201.74847052302184,22.13412913138264,-1.2514462790814205,,,22.210014206911993,23.287836,0.948219
3758,1.7000000000000002,true_threat,APF,lead_centre,124,vehicle.nissan.patrol_2021,leader,-5,centre,1,[1],353.21419165787904,-205.24985974271559,19.579478653759637,-1.1649701681884397,,,19.643387384829182,20.011235,1.074628
3758,1.7000000000000002,true_threat,APF,lead_right,125,vehicle.nissan.patrol_2021,leader,-6,right,2,[2],362.77013476831235,-208.74994170327807,23.213214272522556,-1.2123108259528455,,,23.27189189078483,23.123141,0.908861
3758,1.7000000000000002,true_threat,APF,rear_centre,126,vehicle.tesla.model3,follower,-5,centre,1,[1],201.65903751463276,-205.2496814402679,17.930930423523986,0.017089948544268548,occluder,19.6289736101855,17.92805075813122,20.183858,0.943297
3758,1.7000000000000002,true_threat,APF,follower_1,127,vehicle.tesla.model3,follower,-4,left,0,[0],195.12000150308677,-201.75014194622605,31.310928471099864,-0.06793999800701388,ego,34.47102164802568,31.238805685859553,32.0,0.996942
3758,1.7000000000000002,true_threat,APF,follower_2,128,vehicle.mercedes.coupe_2020,follower,-4,left,0,[0],157.0667439743149,-201.7438668561699,30.87618765539207,-1.0065082519608313,follower_1,33.29979703211323,30.86265329973522,32.0,1.023943
3758,1.7000000000000002,true_threat,APF,follower_3,129,vehicle.mercedes.coupe_2020,follower,-4,left,0,[0],120.35163904684063,-201.744917251097,30.06051404805954,-0.9837484879420557,follower_2,32.00063357405464,30.070328594188386,32.0,0.992958
3758,1.7000000000000002,true_threat,APF,follower_4,130,vehicle.audi.a2,follower,-4,left,0,[0],81.43470742618075,-201.75018252334505,27.540515543334298,-0.6391519573790237,follower_3,34.60114509768262,27.589702322419978,30.125674,0.878966
3759,1.7500000000000002,true_threat,APF,occluder,121,vehicle.carlamotors.firetruck,occluder,-5,centre,1,[1],228.9480730728959,-205.25550876784698,19.240449266060164,-0.5822753641486186,lead_centre,118.21186055616755,19.263737030880282,19.060993,1.021082
3759,1.7500000000000002,true_threat,APF,lead_left,123,vehicle.mercedes.coupe_2020,leader,-4,left,0,[0],360.314132835249,-201.74839876616812,22.075857871460727,-1.1654244409904593,,,22.14814825332692,23.287836,0.948219
3759,1.7500000000000002,true_threat,APF,lead_centre,124,vehicle.nissan.patrol_2021,leader,-5,centre,1,[1],354.19157820054517,-205.24989252765457,19.525996602581536,-1.0696410180499847,,,19.585992989090517,20.011235,1.074628
3759,1.7500000000000002,true_threat,APF,lead_right,125,vehicle.nissan.patrol_2021,leader,-6,right,2,[2],363.92916193061455,-208.74992778205635,23.155213707327015,-1.1600113039408566,,,23.21206043345342,23.123141,0.908861
3759,1.7500000000000002,true_threat,APF,rear_centre,126,vehicle.tesla.model3,follower,-5,centre,1,[1],202.55552193637018,-205.24966553023765,17.93115549727809,0.0045014751930221525,occluder,19.696448007931373,17.928318424931646,20.183858,0.943297
3759,1.7500000000000002,true_threat,APF,follower_1,127,vehicle.tesla.model3,follower,-4,left,0,[0],196.68549233245443,-201.7501877281025,31.308914293788288,-0.04028354287207604,ego,34.46015418953121,31.231292709825297,32.0,0.996942
3759,1.7500000000000002,true_threat,APF,follower_2,128,vehicle.mercedes.coupe_2020,follower,-4,left,0,[0],158.6091336074167,-201.74570579722146,30.82898361272008,-0.9440803812924641,follower_1,33.32054835938405,30.814938711096207,32.0,1.023943
3759,1.7500000000000002,true_threat,APF,follower_3,129,vehicle.mercedes.coupe_2020,follower,-4,left,0,[0],121.85328770510543,-201.74673957296048,30.01453766723017,-0.91952569814313,follower_2,32.041466106826086,30.021875867599814,32.0,0.992958
3759,1.7500000000000002,true_threat,APF,follower_4,130,vehicle.audi.a2,follower,-4,left,0,[0],82.81094347458631,-201.75020131493034,27.51150288961429,-0.5802530488934621,follower_3,34.72742747408395,27.55789133305542,30.125674,0.878966
3760,1.8,true_threat,APF,occluder,121,vehicle.carlamotors.firetruck,occluder,-5,centre,1,[1],229.9092242701497,-205.25556235010785,19.2109463958016,-0.5900574045366711,lead_centre,118.22657001755708,19.235098762503366,19.060993,1.021082
3760,1.8,true_threat,APF,lead_left,123,vehicle.mercedes.coupe_2020,leader,-4,left,0,[0],361.4163057215802,-201.7483126874962,22.022137558923895,-1.0744054963305552,,,22.090529468301778,23.287836,0.948219
3760,1.8,true_threat,APF,lead_centre,124,vehicle.nissan.patrol_2021,leader,-5,centre,1,[1],355.1664623123615,-205.24995668385364,19.477548039789095,-0.9689712540435103,,,19.533288475360198,20.011235,1.074628
3760,1.8,true_threat,APF,lead_right,125,vehicle.nissan.patrol_2021,leader,-6,right,2,[2],365.08525940558724,-208.7499148602693,23.10008179661654,-1.1026382140107114,,,23.154804398030794,23.123141,0.908861
3760,1.8,true_threat,APF,rear_centre,126,vehicle.tesla.model3,follower,-5,centre,1,[1],203.45200635810758,-205.2496496202074,17.930795016150647,-0.007209622308902964,occluder,19.762640667470574,17.927964087865643,20.183858,0.943297
3760,1.8,true_threat,APF,follower_1,127,vehicle.tesla.model3,follower,-4,left,0,[0],198.25092212666942,-201.7502335308005,31.308202831411986,-0.014229241230316984,ego,34.44379333825678,31.22510819681608,32.0,0.996942
3760,1.8,true_threat,APF,follower_2,128,vehicle.mercedes.coupe_2020,follower,-4,left,0,[0],160.14929544182883,-201.7474997218953,30.785116581090303,-0.8773378566807378,follower_1,33.34364955564992,30.770205732254635,32.0,1.023943
3760,1.8,true_threat,APF,follower_3,129,vehicle.mercedes.coupe_2020,follower,-4,left,0,[0],123.35273907184613,-201.74848635045905,29.971976563679316,-0.8512167491133448,follower_2,32.08220708166308,29.976586991298742,32.0,0.992958
3760,1.8,true_threat,APF,follower_4,130,vehicle.audi.a2,follower,-4,left,0,[0],84.18576045569165,-201.75022059061678,27.48544090211103,-0.521239727710573,follower_3,34.85284008394319,27.52900467051624,30.125674,0.878966
3761,1.85,true_threat,APF,occluder,121,vehicle.carlamotors.firetruck,occluder,-5,centre,1,[1],230.8688495937914,-205.25563171169577,19.181178402034114,-0.5953598775263481,lead_centre,118.24030293211962,19.206082871504844,19.060993,1.021082
3761,1.85,true_threat,APF,lead_left,123,vehicle.mercedes.coupe_2020,leader,-4,left,0,[0],362.51597616665083,-201.74822746250808,21.97318372204257,-0.9790760056073556,,,22.0374061129755,23.287836,0.948219
3761,1.85,true_threat,APF,lead_centre,124,vehicle.nissan.patrol_2021,leader,-5,centre,1,[1],356.139057611157,-205.25003687964923,19.43437329017597,-0.8634949935007578,,,19.485538777973538,20.011235,1.074628
3761,1.85,true_threat,APF,lead_right,125,vehicle.nissan.patrol_2021,leader,-6,right,2,[2],366.23873236899385,-208.74990283380916,23.048079846272472,-1.0400390063743945,,,23.100375025753365,23.123141,0.908861
3761,1.85,true_threat,APF,rear_centre,126,vehicle.tesla.model3,follower,-5,centre,1,[1],204.3484907850504,-205.24964896896532,17.92989666363123,-0.017967050015679227,occluder,19.827307442986935,17.927032081968388,20.183858,0.943297
3761,1.85,true_threat,APF,follower_1,127,vehicle.tesla.model3,follower,-4,left,0,[0],199.81635192608977,-201.75029459228668,31.308712068485566,0.010184751141995836,ego,34.422122251714356,31.220201661077926,32.0,0.996942
3761,1.85,true_threat,APF,follower_2,128,vehicle.mercedes.coupe_2020,follower,-4,left,0,[0],161.68729050229322,-201.7492180917935,30.744777437292655,-0.8067764180256422,follower_1,33.368917515452765,30.728659548496555,32.0,1.023943
3761,1.85,true_threat,APF,follower_3,129,vehicle.mercedes.coupe_2020,follower,-4,left,0,[0],124.85016098852728,-201.7501422675453,29.933006386513387,-0.7793937749930324,follower_2,32.1229175493345,29.934664795372488,32.0,0.992958
3761,1.85,true_threat,APF,follower_4,130,vehicle.audi.a2,follower,-4,left,0,[0],85.55938724090858,-201.75020975474717,27.462390615869303,-0.46100570614283604,follower_3,34.97747446957855,27.503049535078805,30.125674,0.878966
3762,1.9000000000000001,true_threat,APF,occluder,121,vehicle.carlamotors.firetruck,occluder,-5,centre,1,[1],231.82701006856294,-205.25568631421285,19.151263539423272,-0.5982972587132407,lead_centre,118.25327290727344,19.17681132714126,19.060993,1.021082
3762,1.9000000000000001,true_threat,APF,lead_left,123,vehicle.mercedes.coupe_2020,leader,-4,left,0,[0],363.61329679478024,-201.74824985066704,21.929190907085136,-0.8798556098144745,,,21.988992475668365,23.287836,0.948219
3762,1.9000000000000001,true_threat,APF,lead_centre,124,vehicle.nissan.patrol_2021,leader,-5,centre,1,[1],357.1096692570791,-205.250087234569,19.396577256288815,-0.7559206809155874,,,19.442982440676303,20.011235,1.074628
3762,1.9000000000000001,true_threat,APF,lead_right,125,vehicle.nissan.patrol_2021,leader,-6,right,2,[2],367.3897028963453,-208.74990691982092,22.99944627470583,-0.9726714304852381,,,23.049031135338492,23.123141,0.908861
3762,1.9000000000000001,true_threat,APF,rear_centre,126,vehicle.tesla.model3,follower,-5,centre,1,[1],205.2449752067878,-205.24963305893507,17.9285043071458,-0.02784712926973346,occluder,19.890448339685822,17.925571529722646,20.183858,0.943297
3762,1.9000000000000001,true_threat,APF,follower_1,127,vehicle.tesla.model3,follower,-4,left,0,[0],201.38178172030473,-201.75034039498468,31.310356174442926,0.03288213255611509,ego,34.3953850861309,31.21652110275538,32.0,0.996942
3762,1.9000000000000001,true_threat,APF,follower_2,128,vehicle.mercedes.coupe_2020,follower,-4,left,0,[0],163.2234544769443,-201.7508455336093,30.708115121945582,-0.7332353014002857,follower_1,33.396352254408725,30.690483159977745,32.0,1.023943
3762,1.9000000000000001,true_threat,APF,follower_3,129,vehicle.mercedes.coupe_2020,follower,-4,left,0,[0],126.34575181418974,-201.75169199776101,29.897772281966844,-0.7046673710332535,follower_2,32.16349069311775,29.896283398828576,32.0,0.992958
3762,1.9000000000000001,true_threat,APF,follower_4,130,vehicle.audi.a2,follower,-4,left,0,[0],86.93194592136408,-201.75022980083116,27.442420695401914,-0.3993983944398616,follower_3,35.10126960104277,27.48008745824413,30.125674,0.878966
3763,1.9500000000000002,true_threat,APF,occluder,121,vehicle.carlamotors.firetruck,occluder,-5,centre,1,[1],232.78367518729877,-205.25575668564622,19.12131243491065,-0.5990221001135282,lead_centre,118.26572407842394,19.14740030875255,19.060993,1.021082
3763,1.9500000000000002,true_threat,APF,lead_left,123,vehicle.mercedes.coupe_2020,leader,-4,left,0,[0],364.70860325766523,-201.74825766714915,21.890296434936662,-0.7778888271237167,,,21.945482045611207,23.287836,0.948219
3763,1.9500000000000002,true_threat,APF,lead_centre,124,vehicle.nissan.patrol_2021,leader,-5,centre,1,[1],358.0785108887782,-205.25015345210207,19.364117978913328,-0.649185550148277,,,19.405724404526005,20.011235,1.074628
3763,1.9500000000000002,true_threat,APF,lead_right,125,vehicle.nissan.patrol_2021,leader,-6,right,2,[2],368.5383540878941,-208.74991179705182,22.954415685018983,-0.9006117926504214,,,23.00100898090587,23.123141,0.908861
3763,1.9500000000000002,true_threat,APF,rear_centre,126,vehicle.tesla.model3,follower,-5,centre,1,[1],206.14133755821985,-205.24961719054795,17.926667539373405,-0.03673535486603875,occluder,19.95212439271996,17.923627992260574,20.183858,0.943297
3763,1.9500000000000002,true_threat,APF,follower_1,127,vehicle.tesla.model3,follower,-4,left,0,[0],202.94742514275953,-201.75040138359543,31.3130188020168,0.05325256838188243,ego,34.36379556864865,31.214011457595408,32.0,0.996942
3763,1.9500000000000002,true_threat,APF,follower_2,128,vehicle.mercedes.coupe_2020,follower,-4,left,0,[0],164.75787890289502,-201.75233623974586,30.675249977380208,-0.6572869788049143,follower_1,33.425618073972586,30.65581866441156,32.0,1.023943
3763,1.9500000000000002,true_threat,APF,follower_3,129,vehicle.mercedes.coupe_2020,follower,-4,left,0,[0],127.83972515104642,-201.753074433078,29.866392697165566,-0.6275720302802575,follower_2,32.20406384210639,29.861587282216306,32.0,0.992958
3763,1.9500000000000002,true_threat,APF,follower_4,130,vehicle.audi.a2,follower,-4,left,0,[0],88.3036348508936,-201.75025014362234,27.425607433741625,-0.33626522243929174,follower_3,35.224301746249736,27.460187314666012,30.125674,0.878966
3764,2.0,true_threat,APF,occluder,121,vehicle.carlamotors.firetruck,occluder,-5,centre,1,[1],233.73884494479347,-205.2558275672077,19.091443343204798,-0.5973818493349422,lead_centre,118.2779005913873,19.117958319564078,19.060993,1.021082
3764,2.0,true_threat,APF,lead_left,123,vehicle.mercedes.coupe_2020,leader,-4,left,0,[0],365.80213970632735,-201.74828134624457,21.8566147434968,-0.6736332915899277,,,21.907011643495483,23.287836,0.948219
3764,2.0,true_threat,APF,lead_centre,124,vehicle.nissan.patrol_2021,leader,-5,centre,1,[1],359.0459792295417,-205.2502201381201,19.33686575857144,-0.5450444074310626,,,19.373724656832387,20.011235,1.074628
3764,2.0,true_threat,APF,lead_right,125,vehicle.nissan.patrol_2021,leader,-6,right,2,[2],369.6848690438931,-208.74990214424898,22.91319597872341,-0.8243941245338228,,,22.956541064307782,23.123141,0.908861
3764,2.0,true_threat,APF,rear_centre,126,vehicle.tesla.model3,follower,-5,centre,1,[1],207.03763887449915,-205.24960134298237,17.92443404376758,-0.04466991143988235,occluder,20.012427160023762,17.921252440577828,20.183858,0.943297
3764,2.0,true_threat,APF,follower_1,127,vehicle.tesla.model3,follower,-4,left,0,[0],204.51316011273798,-201.75044708218564,31.316574066284,0.07110530578453492,ego,34.327475847653815,31.212586179932465,32.0,0.996942
3764,2.0,true_threat,APF,follower_2,128,vehicle.mercedes.coupe_2020,follower,-4,left,0,[0],166.2908079207561,-201.75369012691695,30.64628327389571,-0.5793133677736464,follower_1,33.45683707047668,30.62478199977124,32.0,1.023943
3764,2.0,true_threat,APF,follower_3,129,vehicle.mercedes.coupe_2020,follower,-4,left,0,[0],129.3322488613834,-201.75433529260155,29.83894792338024,-0.5488713175515466,follower_2,32.24451493120041,29.830693547001474,32.0,0.992958
3764,2.0,true_threat,APF,follower_4,130,vehicle.audi.a2,follower,-4,left,0,[0],89.67453032343806,-201.7502707570937,27.411998513954664,-0.2721783888494454,follower_3,35.346586153576894,27.4434252951074,30.125674,0.878966
3765,2.05,true_threat,APF,occluder,121,vehicle.carlamotors.firetruck,occluder,-5,centre,1,[1],234.6925193254309,-205.25585318253275,19.061766889982405,-0.593529084226419,lead_centre,118.29019917465602,19.088601248097145,19.060993,1.021082
3765,2.05,true_threat,APF,lead_left,123,vehicle.mercedes.coupe_2020,leader,-4,left,0,[0],366.8941197533903,-201.74829029750146,21.828162994262517,-0.5690345330937454,,,21.873695364906254,23.287836,0.948219
3765,2.05,true_threat,APF,lead_centre,124,vehicle.nissan.patrol_2021,leader,-5,centre,1,[1],360.01222686204574,-205.2502719817811,19.314641304013897,-0.444489088313781,,,19.346856468887104,20.011235,1.074628
3765,2.05,true_threat,APF,lead_right,125,vehicle.nissan.patrol_2021,leader,-6,right,2,[2],370.82943088021113,-208.74990841652405,22.875989334555015,-0.7441328817816314,,,22.91583351802972,23.123141,0.908861
3765,2.05,true_threat,APF,rear_centre,126,vehicle.tesla.model3,follower,-5,centre,1,[1],207.9337570853204,-205.24958555788146,17.921855318587802,-0.05157450285048168,occluder,20.07129560123915,17.918493687052305,20.183858,0.943297
3765,2.05,true_threat,APF,follower_1,127,vehicle.tesla.model3,follower,-4,left,0,[0],206.07907818817455,-201.75049271831122,31.320877009643564,0.08605889060080439,ego,34.28670071146827,31.21208107270083,32.0,0.996942
3765,2.05,true_threat,APF,follower_2,128,vehicle.mercedes.coupe_2020,follower,-4,left,0,[0],167.82239411840933,-201.7549071430687,30.62127240030279,-0.500192495038444,follower_1,33.48964302259406,30.597468862609073,32.0,1.023943
3765,2.05,true_threat,APF,follower_3,129,vehicle.mercedes.coupe_2020,follower,-4,left,0,[0],130.82349077625443,-201.7554287427078,29.81549915535342,-0.4689474918959926,follower_2,32.284920238724524,29.803682892603792,32.0,0.992958
3765,2.05,true_threat,APF,follower_4,130,vehicle.audi.a2,follower,-4,left,0,[0],91.04490699718458,-201.7502915475483,27.401630176237063,-0.20736675028765789,follower_3,35.4682143913694,27.429849119023288,30.125674,0.878966
3766,2.1,true_threat,APF,occluder,121,vehicle.carlamotors.firetruck,occluder,-5,centre,1,[1],235.64469832400567,-205.2558182728332,19.03239370496879,-0.5874637200278034,lead_centre,118.30277242652268,19.059437432129602,19.060993,1.021082
3766,2.1,true_threat,APF,lead_left,123,vehicle.mercedes.coupe_2020,leader,-4,left,0,[0],367.98481810909504,-201.74843701510457,21.804811485045967,-0.4670298149225576,,,21.845550975447676,23.287836,0.948219
3766,2.1,true_threat,APF,lead_centre,124,vehicle.nissan.patrol_2021,leader,-5,centre,1,[1],360.97755897246475,-205.2503393965536,19.29726723340182,-0.34748140500346164,,,19.324943996872346,20.011235,1.074628
3766,2.1,true_threat,APF,lead_right,125,vehicle.nissan.patrol_2021,leader,-6,right,2,[2],371.9722532094719,-208.7499000234253,22.842975042473437,-0.6602858400531288,,,22.879086803698417,23.123141,0.908861
3766,2.1,true_threat,APF,rear_centre,126,vehicle.tesla.model3,follower,-5,centre,1,[1],208.82978376423412,-205.24963083916558,17.918977140054363,-0.05756356986715639,occluder,20.128851771055356,17.915404682480514,20.183858,0.943297
3766,2.1,true_threat,APF,follower_1,127,vehicle.tesla.model3,follower,-4,left,0,[0],207.6452708905659,-201.7504467080107,31.32575024908934,0.09746481489269913,ego,34.241592334505185,31.21226602480247,32.0,0.996942
3766,2.1,true_threat,APF,follower_2,128,vehicle.mercedes.coupe_2020,follower,-4,left,0,[0],169.3528205856966,-201.75594144937187,30.600253744294964,-0.4203446940173569,follower_1,33.52397490037738,30.57393375894919,32.0,1.023943
3766,2.1,true_threat,APF,follower_3,129,vehicle.mercedes.coupe_2020,follower,-4,left,0,[0],132.31366450828318,-201.75632419294504,29.79605606542399,-0.3888312669577601,follower_2,32.32526452150671,29.780615994528706,32.0,0.992958
3766,2.1,true_threat,APF,follower_4,130,vehicle.audi.a2,follower,-4,left,0,[0],92.41482590728586,-201.75031249416455,27.394500512698077,-0.14259326896494381,follower_3,35.58907963249392,27.41949502446626,30.125674,0.878966
3767,2.15,true_threat,APF,occluder,121,vehicle.carlamotors.firetruck,occluder,-5,centre,1,[1],236.59544299649204,-205.25578385244023,19.003430601681792,-0.5792620823069516,lead_centre,118.31592553836693,19.03057523876098,19.060993,1.021082
3767,2.15,true_threat,APF,lead_left,123,vehicle.mercedes.coupe_2020,leader,-4,left,0,[0],369.0744788567932,-201.7485535690978,21.786361841218284,-0.3689925994490117,,,21.82245083251329,23.287836,0.948219
3767,2.15,true_threat,APF,lead_centre,124,vehicle.nissan.patrol_2021,leader,-5,centre,1,[1],361.9420670875008,-205.2503460572644,19.284558534408124,-0.25417396754653476,,,19.307813071190544,20.011235,1.074628
3767,2.15,true_threat,APF,lead_right,125,vehicle.nissan.patrol_2021,leader,-6,right,2,[2],373.11354966512056,-208.74990740965362,22.814315227648866,-0.57319629485778,,,22.846478742947664,23.123141,0.908861
3767,2.15,true_threat,APF,rear_centre,126,vehicle.tesla.model3,follower,-5,centre,1,[1],209.72562735330592,-205.2497219592789,17.915847185998857,-0.06259908067867864,occluder,20.185004090716387,17.91203210870781,20.183858,0.943297
3767,2.15,true_threat,APF,follower_1,127,vehicle.tesla.model3,follower,-4,left,0,[0],209.21170773356806,-201.75040061442402,31.33104692166449,0.10593347759067613,ego,34.19224240483373,31.212989860453284,32.0,0.996942
3767,2.15,true_threat,APF,follower_2,128,vehicle.mercedes.coupe_2020,follower,-4,left,0,[0],170.88233146843413,-201.75680822132847,30.58322933722452,-0.3404573286555753,follower_1,33.559741135481474,30.554209852100175,32.0,1.023943
3767,2.15,true_threat,APF,follower_3,129,vehicle.mercedes.coupe_2020,follower,-4,left,0,[0],133.803044731273,-201.75706732598076,29.78062257299875,-0.30863785593095217,follower_2,32.36551725676522,29.761503513663065,32.0,0.992958
3767,2.15,true_threat,APF,follower_4,130,vehicle.audi.a2,follower,-4,left,0,[0],93.7844701592,-201.75033353447782,27.390567562436335,-0.07865900467089647,follower_3,35.70933445442141,27.412361318540455,30.125674,0.878966
3768,2.1999999999999997,true_threat,APF,occluder,121,vehicle.carlamotors.firetruck,occluder,-5,centre,1,[1],237.54475334288998,-205.25574992135378,18.974974854259848,-0.5691149625241795,lead_centre,118.32968898091659,19.00211928865485,19.060993,1.021082
3768,2.1999999999999997,true_threat,APF,lead_left,123,vehicle.mercedes.coupe_2020,leader,-4,left,0,[0],370.1633766650825,-201.74867038336046,21.772585181679656,-0.27553298942204746,,,21.804199218793368,23.287836,0.948219
3768,2.1999999999999997,true_threat,APF,lead_centre,124,vehicle.nissan.patrol_2021,leader,-5,centre,1,[1],362.90605638812275,-205.25030711859392,19.276354992939304,-0.1640708127853653,,,19.295281811249136,20.011235,1.074628
3768,2.1999999999999997,true_threat,APF,lead_right,125,vehicle.nissan.patrol_2021,leader,-6,right,2,[2],374.25353386498625,-208.7499152435454,22.790095720570527,-0.4843901399734184,,,22.818170153588657,23.123141,0.908861
3768,2.1999999999999997,true_threat,APF,rear_centre,126,vehicle.tesla.model3,follower,-5,centre,1,[1],210.62134887207233,-205.24981312103532,17.91251122922973,-0.06671913566831962,occluder,20.23990517413094,17.908425306915337,20.183858,0.943297
3768,2.1999999999999997,true_threat,APF,follower_1,127,vehicle.tesla.model3,follower,-4,left,0,[0],210.77841923475737,-201.7503544271403,31.3366125324148,0.11131224029149538,ego,34.13877305001856,31.21415608864664,32.0,0.996942
3768,2.1999999999999997,true_threat,APF,follower_2,128,vehicle.mercedes.coupe_2020,follower,-4,left,0,[0],172.41110986687463,-201.75749213768566,30.570172568535206,-0.2611033472067813,follower_1,33.5966670957461,30.538297744410645,32.0,1.023943
3768,2.1999999999999997,true_threat,APF,follower_3,129,vehicle.mercedes.coupe_2020,follower,-4,left,0,[0],135.29172299795286,-201.75765811058258,29.769156784471406,-0.22928353172742824,follower_2,32.40564791651296,29.74634946554349,32.0,0.992958
3768,2.1999999999999997,true_threat,APF,follower_4,130,vehicle.audi.a2,follower,-4,left,0,[0],95.15403811717327,-201.750354600818,27.389762660527744,-0.01609803824670598,follower_3,35.829070425497065,27.408406735467594,30.125674,0.878966
3769,2.25,true_threat,APF,occluder,121,vehicle.carlamotors.firetruck,occluder,-5,centre,1,[1],238.49262937361027,-205.25574699715025,18.947131366526808,-0.5568697666970328,lead_centre,118.34436793514061,18.97416490031736,19.060993,1.021082
3769,2.25,true_threat,APF,lead_left,123,vehicle.mercedes.coupe_2020,leader,-4,left,0,[0],371.25175567457404,-201.74878737460634,21.763250714269432,-0.18668921374528288,,,21.790570103940013,23.287836,0.948219
3769,2.25,true_threat,APF,lead_centre,124,vehicle.nissan.patrol_2021,leader,-5,centre,1,[1],363.8697710305575,-205.2502682736204,19.272505931996797,-0.07698120013474755,,,19.28719262160045,20.011235,1.074628
3769,2.25,true_threat,APF,lead_right,125,vehicle.nissan.patrol_2021,leader,-6,right,2,[2],375.39244994447427,-208.74990818302618,22.770312705786406,-0.39566029432142535,,,22.794246425976812,23.123141,0.908861
3769,2.25,true_threat,APF,rear_centre,126,vehicle.tesla.model3,follower,-5,centre,1,[1],211.51685674177736,-205.2498280617263,17.90901695486253,-0.0698854885247154,occluder,20.29349400176246,17.90463070822541,20.183858,0.943297
3769,2.25,true_threat,APF,follower_1,127,vehicle.tesla.model3,follower,-4,left,0,[0],212.34543591171015,-201.7503081357488,31.34230975278048,0.11394443053997051,ego,34.08130639762436,31.215653188475287,32.0,0.996942
3769,2.25,true_threat,APF,follower_2,128,vehicle.mercedes.coupe_2020,follower,-4,left,0,[0],173.93933889168153,-201.7580083947669,30.561024370978117,-0.18293191083077331,follower_1,33.63460019849492,30.526170582339745,32.0,1.023943
3769,2.25,true_threat,APF,follower_3,129,vehicle.mercedes.coupe_2020,follower,-4,left,0,[0],136.77997395089378,-201.75805067668904,29.761591977045615,-0.15126481268840802,follower_2,32.44574804827357,29.73511353142036,32.0,0.992958
3769,2.25,true_threat,APF,follower_4,130,vehicle.audi.a2,follower,-4,left,0,[0],96.52365185151105,-201.75037565154204,27.391965644858207,0.04405968655944385,follower_3,35.94818073420366,27.407563295696633,30.125674,0.878966
3770,2.3,true_threat,APF,occluder,121,vehicle.carlamotors.firetruck,occluder,-5,centre,1,[1],239.43919313813677,-205.2557140030338,18.919991689560415,-0.5427935511513845,lead_centre,118.36020654685505,18.946814918171302,19.060993,1.021082
3770,2.3,true_threat,APF,lead_left,123,vehicle.mercedes.coupe_2020,leader,-4,left,0,[0],372.33973794516214,-201.74887398361597,21.75816388841622,-0.10173643623852852,,,21.781335447369372,23.287836,0.948219
3770,2.3,true_threat,APF,lead_centre,124,vehicle.nissan.patrol_2021,leader,-5,centre,1,[1],364.833516195774,-205.25024467702428,19.272893094812027,0.007743276773340498,,,19.2833971636686,20.011235,1.074628
3770,2.3,true_threat,APF,lead_right,125,vehicle.nissan.patrol_2021,leader,-6,right,2,[2],376.53051153702995,-208.74991667279693,22.75489561197469,-0.3083418749994771,,,22.77470431154249,23.123141,0.908861
3770,2.3,true_threat,APF,rear_centre,126,vehicle.tesla.model3,follower,-5,centre,1,[1],212.41221201839525,-205.24982779568302,17.905410146435205,-0.07213616953757258,occluder,20.34586216277775,17.900697391103698,20.183858,0.943297
3770,2.3,true_threat,APF,follower_1,127,vehicle.tesla.model3,follower,-4,left,0,[0],213.9127272468501,-201.75026175066034,31.34801079103692,0.11402078509003223,ego,34.02011714227599,31.21737850814501,32.0,0.996942
3770,2.3,true_threat,APF,follower_2,128,vehicle.mercedes.coupe_2020,follower,-4,left,0,[0],175.46726268867107,-201.75837216807417,30.5556894036171,-0.10666839536340979,follower_1,33.67338785064079,30.51777068357054,32.0,1.023943
3770,2.3,true_threat,APF,follower_3,129,vehicle.mercedes.coupe_2020,follower,-4,left,0,[0],138.2679501831829,-201.75826023103443,29.757832787322926,-0.07515438202985074,follower_2,32.48572612013957,29.72772993599942,32.0,0.992958
3770,2.3,true_threat,APF,follower_4,130,vehicle.audi.a2,follower,-4,left,0,[0],97.89346395009511,-201.75039663459603,27.39703918660563,0.10147083533126403,follower_3,36.06681795280681,27.409712110272647,30.125674,0.878966
3771,2.35,true_threat,APF,occluder,121,vehicle.carlamotors.firetruck,occluder,-5,centre,1,[1],240.38438361172757,-205.25568147740236,18.893645470434546,-0.5269243924052496,lead_centre,118.37738794754507,18.92015913578123,19.060993,1.021082
3771,2.35,true_threat,APF,lead_left,123,vehicle.mercedes.coupe_2020,leader,-4,left,0,[0],373.4276897085847,-201.74899112061274,21.757128249057,-0.02071274420602482,,,21.77630295948092,23.287836,0.948219
3771,2.35,true_threat,APF,lead_centre,124,vehicle.nissan.patrol_2021,leader,-5,centre,1,[1],365.7973223961432,-205.25022105960662,19.277388689349195,0.08991191140158321,,,19.283778936207632,20.011235,1.074628
3771,2.35,true_threat,APF,lead_right,125,vehicle.nissan.patrol_2021,leader,-6,right,2,[2],377.66796277285323,-208.74991011199504,22.743758607667207,-0.22274008520338584,,,22.759474518877944,23.123141,0.908861
3771,2.35,true_threat,APF,rear_centre,126,vehicle.tesla.model3,follower,-5,centre,1,[1],213.30735366677328,-205.24981234372697,17.901728951540182,-0.07362389830543699,occluder,20.39707065068636,17.896672121064935,20.183858,0.943297
3771,2.35,true_threat,APF,follower_1,127,vehicle.tesla.model3,follower,-4,left,0,[0],215.48029324017716,-201.75021527187485,31.353597392180838,0.11173203665823989,ego,33.955449471432765,31.219228055170536,32.0,0.996942
3771,2.35,true_threat,APF,follower_2,128,vehicle.mercedes.coupe_2020,follower,-4,left,0,[0],176.9950338353142,-201.75855288797726,30.55407420382052,-0.03227508053638427,follower_1,33.712755388791194,30.51300512121082,32.0,1.023943
3771,2.35,true_threat,APF,follower_3,129,vehicle.mercedes.coupe_2020,follower,-4,left,0,[0],139.7558653386762,-201.75834773589594,29.757764751360074,-0.0013340675865717345,follower_2,32.52567368483999,29.72410495627799,32.0,0.992958
3771,2.35,true_threat,APF,follower_4,130,vehicle.audi.a2,follower,-4,left,0,[0],99.26359649364161,-201.7504480259132,27.404821160984365,0.15563948871298247,follower_3,36.18498208651186,27.41471711019937,30.125674,0.878966
3772,2.4,true_threat,APF,occluder,121,vehicle.carlamotors.firetruck,occluder,-5,centre,1,[1],241.3282923471117,-205.25564938902357,18.868178539802937,-0.5093386207835061,lead_centre,118.39600367432348,18.894285483644094,19.060993,1.021082
3772,2.4,true_threat,APF,lead_left,123,vehicle.mercedes.coupe_2020,leader,-4,left,0,[0],374.5156109544309,-201.74910826802028,21.7599893009082,0.057221054345996,,,21.77527837825296,23.287836,0.948219
3772,2.4,true_threat,APF,lead_centre,124,vehicle.nissan.patrol_2021,leader,-5,centre,1,[1],366.7614642846469,-205.25018206888222,19.285901162442613,0.170249481778457,,,19.28821191701806,20.011235,1.074628
3772,2.4,true_threat,APF,lead_right,125,vehicle.nissan.patrol_2021,leader,-6,right,2,[2],378.80498676781303,-208.74991895573223,22.736787253185497,-0.13942708874745732,,,22.74847258059402,23.123141,0.908861
3772,2.4,true_threat,APF,rear_centre,126,vehicle.tesla.model3,follower,-5,centre,1,[1],214.20231220969325,-205.24979695423562,17.898009610810526,-0.0743868143529077,occluder,20.447119475899107,17.892594067901932,20.183858,0.943297
3772,2.4,true_threat,APF,follower_1,127,vehicle.tesla.model3,follower,-4,left,0,[0],217.04816440926774,-201.7501686889816,31.358970374023126,0.10745964859839537,ego,33.887577996433286,31.22110459029423,32.0,0.996942
3772,2.4,true_threat,APF,follower_2,128,vehicle.mercedes.coupe_2020,follower,-4,left,0,[0],178.52280492990343,-201.7585810199986,30.556041417437992,0.039370365339247156,follower_1,33.75255023547515,30.51178290468107,32.0,1.023943
3772,2.4,true_threat,APF,follower_3,129,vehicle.mercedes.coupe_2020,follower,-4,left,0,[0],141.24387198963927,-201.7582673628552,29.761244772430807,0.06962377374135298,follower_2,32.56552967598981,29.724126084742174,32.0,0.992958
3772,2.4,true_threat,APF,follower_4,130,vehicle.audi.a2,follower,-4,left,0,[0],100.63415627284621,-201.7504687539031,27.41512083289889,0.20599344047972115,follower_3,36.30276469845866,27.4224176482476,30.125674,0.878966
3773,2.45,true_threat,APF,occluder,121,vehicle.carlamotors.firetruck,occluder,-5,centre,1,[1],242.27098037944188,-205.25561771707592,18.84367100635304,-0.49015067558341296,lead_centre,118.41623682744304,18.869278212998015,19.060993,1.021082
3773,2.45,true_threat,APF,lead_left,123,vehicle.mercedes.coupe_2020,leader,-4,left,0,[0],375.6038068584643,-201.74922532173085,21.766615437865262,0.13252274194053723,,,21.778108877124076,23.287836,0.948219
3773,2.45,true_threat,APF,lead_centre,124,vehicle.nissan.patrol_2021,leader,-5,centre,1,[1],367.7261860071012,-205.25014288035305,19.298310353284652,0.248183833265119,,,19.296605710054667,20.011235,1.074628
3773,2.45,true_threat,APF,lead_right,125,vehicle.nissan.patrol_2021,leader,-6,right,2,[2],379.94173610458563,-208.74992789316642,22.733870920859733,-0.05832664592442776,,,22.74158567155744,23.123141,0.908861
3773,2.45,true_threat,APF,rear_centre,126,vehicle.tesla.model3,follower,-5,centre,1,[1],215.09711816473146,-205.24978161679815,17.894288363826696,-0.07442493898504483,occluder,20.496069668363276,17.88850071309832,20.183858,0.943297
3773,2.45,true_threat,APF,follower_1,127,vehicle.tesla.model3,follower,-4,left,0,[0],218.61624920139275,-201.7501220332129,31.36405535138274,0.10169955438807013,ego,33.81653324526472,31.22292077583507,32.0,0.996942
3773,2.45,true_threat,APF,follower_2,128,vehicle.mercedes.coupe_2020,follower,-4,left,0,[0],180.05075907789688,-201.75845650167352,30.561423152660158,0.10765745467951707,follower_1,33.79265030997648,30.51397127443608,32.0,1.023943
3773,2.45,true_threat,APF,follower_3,129,vehicle.mercedes.coupe_2020,follower,-4,left,0,[0],142.73212273436465,-201.7580495774347,29.76810685383908,0.13726131606358824,follower_2,32.60529411961596,29.727652217811443,32.0,0.992958
3773,2.45,true_threat,APF,follower_4,130,vehicle.audi.a2,follower,-4,left,0,[0],102.00535692115417,-201.7504892632667,27.427732210117156,0.252227547482102,follower_3,36.42021157021714,27.432624642670966,30.125674,0.878966
3774,2.5,true_threat,APF,occluder,121,vehicle.carlamotors.firetruck,occluder,-5,centre,1,[1],243.21247823670518,-205.25561696872492,18.820199164112214,-0.46943685001043006,lead_centre,118.43827051756715,18.84521593887189,19.060993,1.021082
3774,2.5,true_threat,APF,lead_left,123,vehicle.mercedes.coupe_2020,leader,-4,left,0,[0],376.6924910437192,-201.74934220886894,21.776865518565526,0.2050016114495,,,21.78466420771997,23.287836,0.948219
3774,2.5,true_threat,APF,lead_centre,124,vehicle.nissan.patrol_2021,leader,-5,centre,1,[1],368.6916401513879,-205.25010344196522,19.31446748869557,0.32314272064196037,,,19.30884161144012,20.011235,1.074628
3774,2.5,true_threat,APF,lead_right,125,vehicle.nissan.patrol_2021,leader,-6,right,2,[2],381.07851595372927,-208.74992156140166,22.734904706586086,0.020675714885113106,,,22.738704642326756,23.123141,0.908861
3774,2.5,true_threat,APF,rear_centre,126,vehicle.tesla.model3,follower,-5,centre,1,[1],215.99174101431157,-205.24976634182534,17.890599543177515,-0.0737764121213684,occluder,20.54395174565522,17.8844292442811,20.183858,0.943297
3774,2.5,true_threat,APF,follower_1,127,vehicle.tesla.model3,follower,-4,left,0,[0],220.1845476165522,-201.75007530456875,31.368785566633427,0.09460430913506088,ego,33.74283395426031,31.22461721399368,32.0,0.996942
3774,2.5,true_threat,APF,follower_2,128,vehicle.mercedes.coupe_2020,follower,-4,left,0,[0],181.57914042511072,-201.75819450850398,30.570059135023538,0.17273872315998,follower_1,33.83278095410805,30.519407990822746,32.0,1.023943
3774,2.5,true_threat,APF,follower_3,129,vehicle.mercedes.coupe_2020,follower,-4,left,0,[0],144.22083119068137,-201.75767904797075,29.778177360713627,0.20142605896318752,follower_2,32.64499752288404,29.734519458286357,32.0,0.992958
3774,2.5,true_threat,APF,follower_4,130,vehicle.audi.a2,follower,-4,left,0,[0],103.37721369735362,-201.75050954879856,27.442445483935916,0.29426548057847,follower_3,36.53726166663455,27.44513376938586,30.125674,0.878966
3775,2.55,true_threat,APF,occluder,121,vehicle.carlamotors.firetruck,occluder,-5,centre,1,[1],244.15281641565645,-205.25558609840712,18.797829769633267,-0.4473878939737709,lead_centre,118.46222680459053,18.82217351202788,19.060993,1.021082
3775,2.55,true_threat,APF,lead_left,123,vehicle.mercedes.coupe_2020,leader,-4,left,0,[0],377.78175506292473,-201.74945889820228,21.790598402508333,0.27465767739531105,,,21.794804629434406,23.287836,0.948219
3775,2.55,true_threat,APF,lead_centre,124,vehicle.nissan.patrol_2021,leader,-5,centre,1,[1],369.6579487878123,-205.25006371207562,19.334204722057997,0.3947446755224423,,,19.324772617299224,20.011235,1.074628
3775,2.55,true_threat,APF,lead_right,125,vehicle.nissan.patrol_2021,leader,-6,right,2,[2],382.21544839596004,-208.74993043637116,22.739795151585167,0.09780890029572628,,,22.739725915314903,23.123141,0.908861
3775,2.55,true_threat,APF,rear_centre,126,vehicle.tesla.model3,follower,-5,centre,1,[1],216.88615024606264,-205.24976639851616,17.8869774815421,-0.07244123240325771,occluder,20.59082675333842,17.880415034439913,20.183858,0.943297
3775,2.55,true_threat,APF,follower_1,127,vehicle.tesla.model3,follower,-4,left,0,[0],221.75315120747518,-201.75002847181682,31.37309426330511,0.0861739345725017,ego,33.66660213126082,31.226134589570787,32.0,0.996942
3775,2.55,true_threat,APF,follower_2,128,vehicle.mercedes.coupe_2020,follower,-4,left,0,[0],183.10801001190302,-201.7578102784566,30.581745213849565,0.2337369242763053,follower_1,33.87269802205369,30.527937831093947,32.0,1.023943
3775,2.55,true_threat,APF,follower_3,129,vehicle.mercedes.coupe_2020,follower,-4,left,0,[0],145.71014997249813,-201.75723201635037,29.79125404545127,0.26154594269441434,follower_2,32.68467041378115,29.74455680549159,32.0,0.992958
3775,2.55,true_threat,APF,follower_4,130,vehicle.audi.a2,follower,-4,left,0,[0],104.74986393053815,-201.75052956365022,27.459024143930346,0.33157320495678255,follower_3,36.65411334675182,27.459736935943432,30.125674,0.878966
3776,2.6,true_threat,APF,occluder,121,vehicle.carlamotors.firetruck,occluder,-5,centre,1,[1],245.0920864794355,-205.25555559246655,18.776625765646212,-0.4240800833805166,lead_centre,118.48819726206372,18.800216408357592,19.060993,1.021082
3776,2.6,true_threat,APF,lead_left,123,vehicle.mercedes.coupe_2020,leader,-4,left,0,[0],378.87181253911535,-201.74957531685538,21.80765387396569,0.3411094326969722,,,21.808390351229818,23.287836,0.948219
3776,2.6,true_threat,APF,lead_centre,124,vehicle.nissan.patrol_2021,leader,-5,centre,1,[1],370.62535606219075,-205.2500388661862,19.357308429543654,0.46207415466358903,,,19.344232844221622,20.011235,1.074628
3776,2.6,true_threat,APF,lead_right,125,vehicle.nissan.patrol_2021,leader,-6,right,2,[2],383.35277756147786,-208.7499239172124,22.748443072317087,0.17295841477445315,,,22.744557144192992,23.123141,0.908861
3776,2.6,true_threat,APF,rear_centre,126,vehicle.tesla.model3,follower,-5,centre,1,[1],217.78040688472657,-205.24975124847268,17.883446972220536,-0.07061018562537207,occluder,20.63675570053863,17.876493169548215,20.183858,0.943297
3776,2.6,true_threat,APF,follower_1,127,vehicle.tesla.model3,follower,-4,left,0,[0],223.32190738627986,-201.749981587011,31.376922312706277,0.076560987946616,ego,33.587898712516534,31.227414073442294,32.0,0.996942
3776,2.6,true_threat,APF,follower_2,128,vehicle.mercedes.coupe_2020,follower,-4,left,0,[0],184.63752043656635,-201.75733427705381,30.596271514920442,0.29053776461142894,follower_1,33.91243202618433,30.539364064280555,32.0,1.023943
3776,2.6,true_threat,APF,follower_3,129,vehicle.mercedes.coupe_2020,follower,-4,left,0,[0],147.20020115012034,-201.75670844093048,29.80711558975191,0.3172397929955497,follower_2,32.7242212187567,29.757564077133,32.0,0.992958
3776,2.6,true_threat,APF,follower_4,130,vehicle.audi.a2,follower,-4,left,0,[0],106.12339917343682,-201.75054927658934,27.477237401077552,0.36426514877773813,follower_3,36.77078189538405,27.476199470496823,30.125674,0.878966
3777,2.65,true_threat,APF,occluder,121,vehicle.carlamotors.firetruck,occluder,-5,centre,1,[1],246.03037998077133,-205.25552541967087,18.756652002912368,-0.39947525732997285,lead_centre,118.51633447266309,18.779406324224585,19.060993,1.021082
3777,2.65,true_threat,APF,lead_left,123,vehicle.mercedes.coupe_2020,leader,-4,left,0,[0],379.96287709532555,-201.7496913919528,21.827839294113357,0.4037084134853027,,,21.825262667797134,23.287836,0.948219
3777,2.65,true_threat,APF,lead_centre,124,vehicle.nissan.patrol_2021,leader,-5,centre,1,[1],371.5940450695705,-205.24999832425593,19.38354019265946,0.5246352644326491,,,19.367011218257915,20.011235,1.074628
3777,2.65,true_threat,APF,lead_right,125,vehicle.nissan.patrol_2021,leader,-6,right,2,[2],384.4905644958464,-208.74993250068016,22.76073021454917,0.24574284475289984,,,22.753100257726185,23.123141,0.908861
3777,2.65,true_threat,APF,rear_centre,126,vehicle.tesla.model3,follower,-5,centre,1,[1],218.6744804179324,-205.2497361608939,17.880040444354407,-0.06813055708470928,occluder,20.68176912565375,17.872689373810275,20.183858,0.943297
3777,2.65,true_threat,APF,follower_1,127,vehicle.tesla.model3,follower,-4,left,0,[0],224.89084667054266,-201.74993463974053,31.380227753300794,0.06610881173739842,ego,33.50724243436073,31.228406835990402,32.0,0.996942
3777,2.65,true_threat,APF,follower_2,128,vehicle.mercedes.coupe_2020,follower,-4,left,0,[0],186.16785480455874,-201.75676644183102,30.613412908354825,0.3428363266155121,follower_1,33.95167778032571,30.553483117613702,32.0,1.023943
3777,2.65,true_threat,APF,follower_3,129,vehicle.mercedes.coupe_2020,follower,-4,left,0,[0],148.69113730622433,-201.756093010869,29.82553114579255,0.36831710813936125,follower_2,32.76368046579782,29.773323064863757,32.0,0.992958
3777,2.65,true_threat,APF,follower_4,130,vehicle.audi.a2,follower,-4,left,0,[0],107.49784994362597,-201.7505686772051,27.496846837021632,0.39218872531216775,follower_3,36.88729783010758,27.494292204777903,30.125674,0.878966
3778,2.7,true_threat,APF,occluder,121,vehicle.carlamotors.firetruck,occluder,-5,centre,1,[1],246.96766640208767,-205.25549559043085,18.737893222644416,-0.37517560721264115,lead_centre,118.54672997870695,18.7598068220736,19.060993,1.021082
3778,2.7,true_threat,APF,lead_left,123,vehicle.mercedes.coupe_2020,leader,-4,left,0,[0],381.05494873155527,-201.7498071234946,21.850941041164774,0.4620349594024084,,,21.845230765273172,23.287836,0.948219
3778,2.7,true_threat,APF,lead_centre,124,vehicle.nissan.patrol_2021,leader,-5,centre,1,[1],372.56413788546223,-205.24995730342988,19.41261581719644,0.5815124905234863,,,19.392872185568503,20.011235,1.074628
3778,2.7,true_threat,APF,lead_right,125,vehicle.nissan.patrol_2021,leader,-6,right,2,[2],385.62905333447094,-208.7499408447,22.776530691906547,0.3160095471638148,,,22.765238282049957,23.123141,0.908861
3778,2.7,true_threat,APF,rear_centre,126,vehicle.tesla.model3,follower,-5,centre,1,[1],219.56837084568014,-205.24972113577974,17.87677315471211,-0.0653457927695788,occluder,20.725989093783767,17.86903708802831,20.183858,0.943297
3778,2.7,true_threat,APF,follower_1,127,vehicle.tesla.model3,follower,-4,left,0,[0],226.4599385426872,-201.74988764041615,31.382953364408266,0.054512223029110726,ego,33.42478595755058,31.229074521198953,32.0,0.996942
3778,2.7,true_threat,APF,follower_2,128,vehicle.mercedes.coupe_2020,follower,-4,left,0,[0],187.69913519139104,-201.75612198993323,30.632929012634456,0.3903277042385012,follower_1,33.9902826965961,30.570077506598228,32.0,1.023943
3778,2.7,true_threat,APF,follower_3,129,vehicle.mercedes.coupe_2020,follower,-4,left,0,[0],150.18304999353916,-201.75538569493355,29.846264153678195,0.4146637714386614,follower_2,32.80307867768623,29.791605953586437,32.0,0.992958
3778,2.7,true_threat,APF,follower_4,130,vehicle.audi.a2,follower,-4,left,0,[0],108.87333831141098,-201.75058772385444,27.51761594069353,0.4153820802917548,follower_3,37.00378321602243,27.513778396281996,30.125674,0.878966
3779,2.75,true_threat,APF,occluder,121,vehicle.carlamotors.firetruck,occluder,-5,centre,1,[1],247.90403730131897,-205.25548133230234,18.719826811302756,-0.36132822804904763,lead_centre,118.57953637328238,18.74140269901781,19.060993,1.021082
3779,2.75,true_threat,APF,lead_left,123,vehicle.mercedes.coupe_2020,leader,-4,left,0,[0],382.14827158841524,-201.7499224281945,21.87673214365486,0.5158220754170469,,,21.86808305059039,23.287836,0.948219
3779,2.75,true_threat,APF,lead_centre,124,vehicle.nissan.patrol_2021,leader,-5,centre,1,[1],373.53575658017144,-205.24991576206494,19.44423012706148,0.6322861959394006,,,19.421535052457187,20.011235,1.074628
3779,2.75,true_threat,APF,lead_right,125,vehicle.nissan.patrol_2021,leader,-6,right,2,[2],386.76857976548604,-208.74993357596526,22.795686195233856,0.3831100665410503,,,22.780846648059338,23.123141,0.908861
3779,2.75,true_threat,APF,rear_centre,126,vehicle.tesla.model3,follower,-5,centre,1,[1],220.46210868554613,-205.2497061627195,17.873666084566363,-0.062141402976512466,occluder,20.769385087352376,17.865550348416328,20.183858,0.943297
3779,2.75,true_threat,APF,follower_1,127,vehicle.tesla.model3,follower,-4,left,0,[0],228.0291219675608,-201.74984060985946,31.385062906115007,0.04219083694746244,ego,33.34071237192803,31.229370632262437,32.0,0.996942
3779,2.75,true_threat,APF,follower_2,128,vehicle.mercedes.coupe_2020,follower,-4,left,0,[0],189.2314226374213,-201.75541615932707,30.65457564127877,0.43293591327091724,follower_1,34.02809418190836,30.588914351099667,32.0,1.023943
3779,2.75,true_threat,APF,follower_3,129,vehicle.mercedes.coupe_2020,follower,-4,left,0,[0],151.6760918363843,-201.75469325258751,29.86905517663296,0.4558223039283462,follower_2,32.84244637720368,29.812178981297293,32.0,0.992958
3779,2.75,true_threat,APF,follower_4,130,vehicle.audi.a2,follower,-4,left,0,[0],110.2499100531564,-201.75060640092116,27.539308201032092,0.4338452138592828,follower_3,37.120207535552254,27.534423100949716,30.125674,0.878966
3780,2.8,true_threat,APF,occluder,121,vehicle.carlamotors.firetruck,occluder,-5,centre,1,[1],248.8395231856307,-205.25545211729818,18.702666390487067,-0.34320841743757574,lead_centre,118.61478416876032,18.723680015061223,19.060993,1.021082
3780,2.8,true_threat,APF,lead_left,123,vehicle.mercedes.coupe_2020,leader,-4,left,0,[0],383.24296773621097,-201.7500372644094,21.90495701844669,0.5644975278516013,,,21.8935947143197,23.287836,0.948219
3780,2.8,true_threat,APF,lead_centre,124,vehicle.nissan.patrol_2021,leader,-5,centre,1,[1],374.5089927064272,-205.24987366892879,19.478056965366807,0.6765367646833784,,,19.45269845595101,20.011235,1.074628
3780,2.8,true_threat,APF,lead_right,125,vehicle.nissan.patrol_2021,leader,-6,right,2,[2],387.9090217289969,-208.74994125369534,22.8180136196741,0.44654848880476944,,,22.79976871091141,23.123141,0.908861
3780,2.8,true_threat,APF,rear_centre,126,vehicle.tesla.model3,follower,-5,centre,1,[1],221.3557244603121,-205.24970649009052,17.87073258544266,-0.058669982734175556,occluder,20.812018146717655,17.862234133925615,20.183858,0.943297
3780,2.8,true_threat,APF,follower_1,127,vehicle.tesla.model3,follower,-4,left,0,[0],229.59845798031614,-201.74979352724887,31.38653158250974,0.029373533271066576,ego,33.25526575563922,31.229266281287018,32.0,0.996942
3780,2.8,true_threat,APF,follower_2,128,vehicle.mercedes.coupe_2020,follower,-4,left,0,[0],190.76486973573665,-201.75466415674686,30.67809145321379,0.47031789210735503,follower_1,34.064990160751684,30.609757669783033,32.0,1.023943
3780,2.8,true_threat,APF,follower_3,129,vehicle.mercedes.coupe_2020,follower,-4,left,0,[0],153.1702933158984,-201.7539088619029,29.89364669866566,0.49183112511021354,follower_2,32.881691980388794,29.834785968555778,32.0,0.992958
3780,2.8,true_threat,APF,follower_4,130,vehicle.audi.a2,follower,-4,left,0,[0],111.6275651688622,-201.75062470840527,27.561690921698748,0.4476544204639294,follower_3,37.236677636651976,27.55599124943845,30.125674,0.878966
3781,2.85,true_threat,APF,occluder,121,vehicle.carlamotors.firetruck,occluder,-5,centre,1,[1],249.77415457780467,-205.25542319379582,18.686598882107916,-0.32135016822161006,lead_centre,118.65253441070435,18.706848424118327,19.060993,1.021082
3781,2.85,true_threat,APF,lead_left,123,vehicle.mercedes.coupe_2020,leader,-4,left,0,[0],384.33912872767155,-201.75015160090697,21.935346730771613,0.607794283761847,,,21.921512646469402,23.287836,0.948219
3781,2.85,true_threat,APF,lead_centre,124,vehicle.nissan.patrol_2021,leader,-5,centre,1,[1],375.4839988573166,-205.2498462307557,19.513751101713353,0.7138827263895893,,,19.486040389400937,20.011235,1.074628
3781,2.85,true_threat,APF,lead_right,125,vehicle.nissan.patrol_2021,leader,-6,right,2,[2],389.05074542550904,-208.7499332353846,22.843303155558356,0.5057907176830166,,,22.821823296206613,23.123141,0.908861
3781,2.85,true_threat,APF,rear_centre,126,vehicle.tesla.model3,follower,-5,centre,1,[1],222.24915712441458,-205.24969162113806,17.867982192681342,-0.055007855681302925,occluder,20.85388825626341,17.859107446801055,20.183858,0.943297
3781,2.85,true_threat,APF,follower_1,127,vehicle.tesla.model3,follower,-4,left,0,[0],231.16779399307146,-201.74974644463828,31.38734031974437,0.016174753003616066,ego,33.16865973692397,31.228741951646413,32.0,0.996942
3781,2.85,true_threat,APF,follower_2,128,vehicle.mercedes.coupe_2020,follower,-4,left,0,[0],192.29953752669522,-201.75388122015917,30.70321511926586,0.5024738881386022,follower_1,34.100879075191656,30.63235543494727,32.0,1.023943
3781,2.85,true_threat,APF,follower_3,129,vehicle.mercedes.coupe_2020,follower,-4,left,0,[0],154.665746005632,-201.7530935268,29.91978312227529,0.5227285656877115,follower_2,32.92093759919007,29.85917276688243,32.0,0.992958
3781,2.85,true_threat,APF,follower_4,130,vehicle.audi.a2,follower,-4,left,0,[0],113.00634943489293,-201.7506426306906,27.58453712829093,0.4569241388870575,follower_3,37.35322400046026,27.57825152786229,30.125674,0.878966
3782,2.9,true_threat,APF,occluder,121,vehicle.carlamotors.firetruck,occluder,-5,centre,1,[1],250.70802303056985,-205.2553945305629,18.671727282910723,-0.29743198418643907,lead_centre,118.69290916941974,18.691091391145164,19.060993,1.021082
3782,2.9,true_threat,APF,lead_left,123,vehicle.mercedes.coupe_2020,leader,-4,left,0,[0],385.43684611552584,-201.75026540645487,21.96762090076299,0.6454834416377636,,,21.951570544612448,23.287836,0.948219
3782,2.9,true_threat,APF,lead_centre,124,vehicle.nissan.patrol_2021,leader,-5,centre,1,[1],376.46077502242883,-205.24980292996935,19.550952046113697,0.7440188890643954,,,19.521220106622177,20.011235,1.074628
3782,2.9,true_threat,APF,lead_right,125,vehicle.nissan.patrol_2021,leader,-6,right,2,[2],390.193811900586,-208.7499400177878,22.871318293084784,0.5603027505375118,,,22.846802827351055,23.123141,0.908861
3782,2.9,true_threat,APF,rear_centre,126,vehicle.tesla.model3,follower,-5,centre,1,[1],223.1425287533644,-205.2496767730071,17.865430166711263,-0.05104051942802541,occluder,20.89508698433488,17.85618525526829,20.183858,0.943297
3782,2.9,true_threat,APF,follower_1,127,vehicle.tesla.model3,follower,-4,left,0,[0],232.7371300058268,-201.74969936202768,31.38747958068571,0.0027852301941141094,ego,33.08119944990267,31.227785563445906,32.0,0.996942
3782,2.9,true_threat,APF,follower_2,128,vehicle.mercedes.coupe_2020,follower,-4,left,0,[0],193.8355175578206,-201.7530520595435,30.729681507551895,0.5293278213934164,follower_1,34.135547296988435,30.656455321524444,32.0,1.023943
3782,2.9,true_threat,APF,follower_3,129,vehicle.mercedes.coupe_2020,follower,-4,left,0,[0],156.16257199671213,-201.7523082407885,29.94718978771381,0.548133328158895,follower_2,32.960152700415,29.885086557355447,32.0,0.992958
3782,2.9,true_threat,APF,follower_4,130,vehicle.audi.a2,follower,-4,left,0,[0],114.38629336882494,-201.75066015736638,27.607635105220872,0.46195954543794454,follower_3,37.469892424163156,27.600978282085777,30.125674,0.878966
3783,2.95,true_threat,APF,occluder,121,vehicle.carlamotors.firetruck,occluder,-5,centre,1,[1],251.64118958948984,-205.25539662435423,18.65809927654663,-0.2725601271968431,lead_centre,118.73581688176681,18.676509915476004,19.060993,1.021082
3783,2.95,true_threat,APF,lead_left,123,vehicle.mercedes.coupe_2020,leader,-4,left,0,[0],386.5362724876557,-201.75037862899921,22.001495335256344,0.6774887348891288,,,21.98349081145067,23.287836,0.948219
3783,2.95,true_threat,APF,lead_centre,124,vehicle.nissan.patrol_2021,leader,-5,centre,1,[1],377.43953483000377,-205.24975895248244,19.589299311088155,0.7669453028049729,,,19.557881903409708,20.011235,1.074628
3783,2.95,true_threat,APF,lead_right,125,vehicle.nissan.patrol_2021,leader,-6,right,2,[2],391.33834321932767,-208.74994630047365,22.90179009539071,0.6094360461457448,,,22.874473344977083,23.123141,0.908861
3783,2.95,true_threat,APF,rear_centre,126,vehicle.tesla.model3,follower,-5,centre,1,[1],224.03568675927974,-205.24966199775164,17.863078412508337,-0.04703508445594199,occluder,20.93558380815029,17.85348500410291,20.183858,0.943297
3783,2.95,true_threat,APF,follower_1,127,vehicle.tesla.model3,follower,-4,left,0,[0],234.30646601337673,-201.74963702062894,31.38693982820851,-0.010795035196914923,ego,32.993098569663616,31.22639172727049,32.0,0.996942
3783,2.95,true_threat,APF,follower_2,128,vehicle.mercedes.coupe_2020,follower,-4,left,0,[0],195.3728098551398,-201.75225296884076,30.75722549598855,0.5508798161158586,follower_1,34.16890327861837,30.681802129894823,32.0,1.023943
3783,2.95,true_threat,APF,follower_3,129,vehicle.mercedes.coupe_2020,follower,-4,left,0,[0],157.6608018015097,-201.75153773466937,29.975605396441107,0.5683125495772997,follower_2,32.999306740460284,29.912256181805965,32.0,0.992958
3783,2.95,true_threat,APF,follower_4,130,vehicle.audi.a2,follower,-4,left,0,[0],115.76738171187003,-201.750677293638,27.63077504415711,0.46279878530164614,follower_3,37.58677448131127,27.623960794250507,30.125674,0.878966
3784,3.0,true_threat,APF,occluder,121,vehicle.carlamotors.firetruck,occluder,-5,centre,1,[1],252.5737763040484,-205.25536839837397,18.645747285656835,-0.24703981788723428,lead_centre,118.78141013042176,18.6631506614347,19.060993,1.021082
3784,3.0,true_threat,APF,lead_left,123,vehicle.mercedes.coupe_2020,leader,-4,left,0,[0],387.63740784406116,-201.75049126854003,22.036680117666798,0.7036956959567632,,,22.01699211350759,23.287836,0.948219
3784,3.0,true_threat,APF,lead_centre,124,vehicle.nissan.patrol_2021,leader,-5,centre,1,[1],378.4202172448887,-205.24971431911655,19.628432406447182,0.7826619129299076,,,19.59567017665193,20.011235,1.074628
3784,3.0,true_threat,APF,lead_right,125,vehicle.nissan.patrol_2021,leader,-6,right,2,[2],392.48440041168146,-208.74993680383247,22.93444008963777,0.6529998849884282,,,22.904568866881267,23.123141,0.908861
3784,3.0,true_threat,APF,rear_centre,126,vehicle.tesla.model3,follower,-5,centre,1,[1],224.92881424761873,-205.24964723290694,17.860938376412133,-0.04280072161736961,occluder,20.975592361154924,17.85101079038051,20.183858,0.943297
3784,3.0,true_threat,APF,follower_1,127,vehicle.tesla.model3,follower,-4,left,0,[0],235.87580202613208,-201.74958993801835,31.385734414226242,-0.024108262034500293,ego,32.904509652856284,31.22455526622003,32.0,0.996942
3784,3.0,true_threat,APF,follower_2,128,vehicle.mercedes.coupe_2020,follower,-4,left,0,[0],196.9115364837528,-201.75146864761965,30.78558387966746,0.567168131426127,follower_1,34.20094698884912,30.708141099405076,32.0,1.023943
3784,3.0,true_threat,APF,follower_3,129,vehicle.mercedes.coupe_2020,follower,-4,left,0,[0],159.16043544084627,-201.75084304359535,30.004764842202363,0.5831899682665345,follower_2,33.03836923298191,29.94042328264483,32.0,0.992958
3784,3.0,true_threat,APF,follower_4,130,vehicle.audi.a2,follower,-4,left,0,[0],117.14961446402822,-201.75069403950545,27.65375095149819,0.4595181530855518,follower_3,37.70391594306375,27.646990314301963,30.125674,0.878966
3785,3.05,true_threat,APF,occluder,121,vehicle.carlamotors.firetruck,occluder,-5,centre,1,[1],253.50572214950364,-205.25534039102004,18.63468084949406,-0.22132872299646913,lead_centre,118.82950583074818,18.65104530670823,19.060993,1.021082
3785,3.05,true_threat,APF,lead_left,123,vehicle.mercedes.coupe_2020,leader,-4,left,0,[0],388.74031320948404,-201.75057278667938,22.072879609548455,0.7239898875791324,,,22.05178750072871,23.287836,0.948219
3785,3.05,true_threat,APF,lead_centre,124,vehicle.nissan.patrol_2021,leader,-5,centre,1,[1],379.40285278466,-205.24966901946087,19.667994657733203,0.7912450340545321,,,19.634229430727004,20.011235,1.074628
3785,3.05,true_threat,APF,lead_right,125,vehicle.nissan.patrol_2021,leader,-6,right,2,[2],393.6321665935162,-208.7499419829759,22.968963100713047,0.6904602215503564,,,22.936814013078234,23.123141,0.908861
3785,3.05,true_threat,APF,rear_centre,126,vehicle.tesla.model3,follower,-5,centre,1,[1],225.82175863570504,-205.2496477893151,17.859010055832588,-0.0385664119450415,occluder,21.015051587374472,17.84877418089336,20.183858,0.943297
3785,3.05,true_threat,APF,follower_1,127,vehicle.tesla.model3,follower,-4,left,0,[0],237.44501596858203,-201.74954289705087,31.38387096694556,-0.03726892545784198,ego,32.815646348542,31.2222917256844,32.0,0.996942
3785,3.05,true_threat,APF,follower_2,128,vehicle.mercedes.coupe_2020,follower,-4,left,0,[0],198.45166694690482,-201.75076014144364,30.81449155240646,0.578154640917993,follower_1,34.23155637299145,30.735219809878505,32.0,1.023943
3785,3.05,true_threat,APF,follower_3,129,vehicle.mercedes.coupe_2020,follower,-4,left,0,[0],160.66156443621858,-201.75013258360505,30.034414467328585,0.5929944442521166,follower_2,33.07746222225833,29.969326450769465,32.0,0.992958
3785,3.05,true_threat,APF,follower_4,130,vehicle.audi.a2,follower,-4,left,0,[0],118.53297636651135,-201.75071040017414,27.676377814412646,0.45253726423739865,follower_3,37.82131683024213,27.66986183100049,30.125674,0.878966
3786,3.1,true_threat,APF,occluder,121,vehicle.carlamotors.firetruck,occluder,-5,centre,1,[1],254.43711867858457,-205.2553125710601,18.624899967861964,-0.19561763208498664,lead_centre,118.88019552506422,18.64020305947983,19.060993,1.021082
3786,3.1,true_threat,APF,lead_left,123,vehicle.mercedes.coupe_2020,leader,-4,left,0,[0],389.845110643819,-201.75059262419782,22.10980580300903,0.738523920032181,,,22.08758441611135,23.287836,0.948219
3786,3.1,true_threat,APF,lead_centre,124,vehicle.nissan.patrol_2021,leader,-5,centre,1,[1],380.38744144411226,-205.24960779472724,19.707640835391746,0.7929235643888173,,,19.673208048294867,20.011235,1.074628
3786,3.1,true_threat,APF,lead_right,125,vehicle.nissan.patrol_2021,leader,-6,right,2,[2],394.7817027895737,-208.74993129950607,23.00505013745301,0.7217407348624028,,,22.970907066569442,23.123141,0.908861
3786,3.1,true_threat,APF,rear_centre,126,vehicle.tesla.model3,follower,-5,centre,1,[1],226.71470301858596,-205.24963308693506,17.85729345174741,-0.03433208111046913,occluder,21.054053044743405,17.84677577102106,20.183858,0.943297
3786,3.1,true_threat,APF,follower_1,127,vehicle.tesla.model3,follower,-4,left,0,[0],239.01416887587925,-201.74949587690494,31.381366652302212,-0.05008627038271132,ego,32.726783283675616,31.21961210831394,32.0,0.996942
3786,3.1,true_threat,APF,follower_2,128,vehicle.mercedes.coupe_2020,follower,-4,left,0,[0],199.9932622485162,-201.75003587676213,30.84369867158068,0.5841445041721233,follower_1,34.26063985228937,30.762784189867304,32.0,1.023943
3786,3.1,true_threat,APF,follower_3,129,vehicle.mercedes.coupe_2020,follower,-4,left,0,[0],162.16421934684607,-201.7495284145931,30.064296800913475,0.5976496164920784,follower_2,33.116463690038046,29.998714373696725,32.0,0.992958
3786,3.1,true_threat,APF,follower_4,130,vehicle.audi.a2,follower,-4,left,0,[0],119.9174674193194,-201.75072637564406,27.698474434771022,0.44193241280752377,follower_3,37.93908392313131,27.69239113584328,30.125674,0.878966
3787,3.15,true_threat,APF,occluder,121,vehicle.carlamotors.firetruck,occluder,-5,centre,1,[1],255.3681490019547,-205.2553001348177,18.61639891781418,-0.1700210002977434,lead_centre,118.93338765543552,18.630623768197072,19.060993,1.021082
3787,3.15,true_threat,APF,lead_left,123,vehicle.mercedes.coupe_2020,leader,-4,left,0,[0],390.95173912232417,-201.75058131949322,22.14717069142754,0.7472978173870622,,,22.12409790559604,23.287836,0.948219
3787,3.15,true_threat,APF,lead_centre,124,vehicle.nissan.patrol_2021,leader,-5,centre,1,[1],381.3739527212853,-205.24957643169097,19.747040967732488,0.7880026607752525,,,19.712265810278662,20.011235,1.074628
3787,3.15,true_threat,APF,lead_right,125,vehicle.nissan.patrol_2021,leader,-6,right,2,[2],395.9331310805704,-208.7499352293562,23.04237313658861,0.7464599827611413,,,23.0065425897614,23.123141,0.908861
3787,3.15,true_threat,APF,rear_centre,126,vehicle.tesla.model3,follower,-5,centre,1,[1],227.60746429600877,-205.24961844701969,17.855792377543317,-0.030021484215170837,occluder,21.09250519094344,17.845015074503962,20.183858,0.943297
3787,3.15,true_threat,APF,follower_1,127,vehicle.tesla.model3,follower,-4,left,0,[0],240.583108186169,-201.74952522357535,31.37825580234368,-0.06221697466941136,ego,32.63801203180773,31.21653163432048,32.0,0.996942
3787,3.15,true_threat,APF,follower_2,128,vehicle.mercedes.coupe_2020,follower,-4,left,0,[0],201.53629191265372,-201.74941793429127,30.872955395643505,0.5851376358873394,follower_1,34.28819745797523,30.79059566630462,32.0,1.023943
3787,3.15,true_threat,APF,follower_3,129,vehicle.mercedes.coupe_2020,follower,-4,left,0,[0],163.6683391063437,-201.748939004652,30.09416963131808,0.5974605448629003,follower_2,33.15540408102194,30.028333098201983,32.0,0.992958
3787,3.15,true_threat,APF,follower_4,130,vehicle.audi.a2,follower,-4,left,0,[0],121.30302658729966,-201.75074198673673,27.71987868841098,0.4280850779628403,follower_3,38.057247780950746,27.714397759582965,30.125674,0.878966
3788,3.2,true_threat,APF,occluder,121,vehicle.carlamotors.firetruck,occluder,-5,centre,1,[1],256.29872154606346,-205.25524207837242,18.60917388463604,-0.14450066280880053,latent_vehicle,23.24215172879245,18.622870618969475,19.060993,1.021082
3788,3.2,true_threat,APF,lead_left,123,vehicle.mercedes.coupe_2020,leader,-4,left,0,[0],392.0601986606157,-201.75058464893016,22.184701525308036,0.7506167224795287,,,22.16104307687469,23.287836,0.948219
3788,3.2,true_threat,APF,lead_centre,124,vehicle.nissan.patrol_2021,leader,-5,centre,1,[1],382.3624171441663,-205.24960543751763,19.78588034027623,0.7767874666246555,,,19.751077649875914,20.011235,1.074628
3788,3.2,true_threat,APF,lead_right,125,vehicle.nissan.patrol_2021,leader,-6,right,2,[2],397.08645146130067,-208.7499385137381,23.080607848187494,0.7646942320373717,,,23.043396370678753,23.123141,0.908861
3788,3.2,true_threat,APF,rear_centre,126,vehicle.tesla.model3,follower,-5,centre,1,[1],228.50025609100794,-205.24960379669355,17.854497299065923,-0.025901568680706165,occluder,21.130774236890765,17.84349701623387,20.183858,0.943297
3788,3.2,true_threat,APF,follower_1,127,vehicle.tesla.model3,follower,-4,left,0,[0],242.15189491898775,-201.74958513987596,31.37456511751959,-0.07381367193731526,ego,32.54969873618445,31.21308346825099,32.0,0.996942
3788,3.2,true_threat,APF,follower_2,128,vehicle.mercedes.coupe_2020,follower,-4,left,0,[0],203.08075590808505,-201.74881476130204,30.902030956881195,0.5815153986675856,follower_1,34.314107104127444,30.81841614602668,32.0,1.023943
3788,3.2,true_threat,APF,follower_3,129,vehicle.mercedes.coupe_2020,follower,-4,left,0,[0],165.1738932231621,-201.74844065813335,30.1238002806897,0.5926178374816502,follower_2,33.19431398566182,30.057943291187808,32.0,0.992958
3788,3.2,true_threat,APF,follower_4,130,vehicle.audi.a2,follower,-4,left,0,[0],122.68965387045213,-201.75075723345222,27.74044752360218,0.4113767087372165,follower_3,38.175808372468126,27.735720156685236,30.125674,0.878966
3789,3.25,true_threat,APF,occluder,121,vehicle.carlamotors.firetruck,occluder,-5,centre,1,[1],257.2290499651775,-205.2552298815779,18.603211519107077,-0.1192473093593102,latent_vehicle,23.675444997468063,18.61578263593097,19.060993,1.021082
3789,3.25,true_threat,APF,lead_left,123,vehicle.mercedes.coupe_2020,leader,-4,left,0,[0],393.17055029384625,-201.75060259168706,22.222119832000843,0.7483661726206715,,,22.19815018562069,23.287836,0.948219
3789,3.25,true_threat,APF,lead_centre,124,vehicle.nissan.patrol_2021,leader,-5,centre,1,[1],383.3528652147153,-205.24964902543192,19.82386712612774,0.7597357331265999,,,19.789333645704858,20.011235,1.074628
3789,3.25,true_threat,APF,lead_right,125,vehicle.nissan.patrol_2021,leader,-6,right,2,[2],398.24178599686456,-208.74992585222049,23.119426208377185,0.7763672038551691,,,23.0811480320736,23.123141,0.908861
3789,3.25,true_threat,APF,rear_centre,126,vehicle.tesla.model3,follower,-5,centre,1,[1],229.39298685085438,-205.24958916718896,17.853398676491555,-0.021972451561487635,occluder,21.16855498600033,17.84221093643844,20.183858,0.943297
3789,3.25,true_threat,APF,follower_1,127,vehicle.tesla.model3,follower,-4,left,0,[0],243.72049854114306,-201.7496298598531,31.37032129955551,-0.08487633601559834,ego,32.4620265022639,31.20929169711993,32.0,0.996942
3789,3.25,true_threat,APF,follower_2,128,vehicle.mercedes.coupe_2020,follower,-4,left,0,[0],204.6267152959898,-201.74830263091374,30.93069267726222,0.5732395191226267,follower_1,34.338429841514895,30.846026494947626,32.0,1.023943
3789,3.25,true_threat,APF,follower_3,129,vehicle.mercedes.coupe_2020,follower,-4,left,0,[0],166.6809122044668,-201.74800284705012,30.152973233541037,0.5834646537641753,follower_2,33.233223864274755,30.087315350768893,32.0,0.992958
3789,3.25,true_threat,APF,follower_4,130,vehicle.audi.a2,follower,-4,left,0,[0],124.07724245725962,-201.7507721522282,27.760041703926767,0.391883611141111,follower_3,38.294735206134035,27.7562156713837,30.125674,0.878966
3790,3.3,true_threat,APF,occluder,121,vehicle.carlamotors.firetruck,occluder,-5,centre,1,[1],258.15904268574644,-205.25520254051372,18.598492745097285,-0.09437547906681519,latent_vehicle,24.11133080262448,18.609936426884754,19.060993,1.021082
3790,3.3,true_threat,APF,lead_left,123,vehicle.mercedes.coupe_2020,leader,-4,left,0,[0],394.2827940168105,-201.75061988897573,22.259173840518542,0.7410802022502803,,,22.23514389134167,23.287836,0.948219
3790,3.3,true_threat,APF,lead_centre,124,vehicle.nissan.patrol_2021,leader,-5,centre,1,[1],384.3451443450507,-205.24970724748772,19.86073238755536,0.7373052437556087,,,19.82674652800696,20.011235,1.074628
3790,3.3,true_threat,APF,lead_right,125,vehicle.nissan.patrol_2021,leader,-6,right,2,[2],399.3990126273676,-208.74992780402283,23.158513505244663,0.7817459373875065,,,23.119473506327072,23.123141,0.908861
3790,3.3,true_threat,APF,rear_centre,126,vehicle.tesla.model3,follower,-5,centre,1,[1],230.28556505925684,-205.2496814012555,17.852492696508747,-0.018119598775678106,occluder,21.206152645267984,17.8411484790438,20.183858,0.943297
3790,3.3,true_threat,APF,follower_1,127,vehicle.tesla.model3,follower,-4,left,0,[0],245.28888854026388,-201.74967465270566,31.36556249527859,-0.0951760643001151,ego,32.37502585282782,31.205179621773762,32.0,0.996942
3790,3.3,true_threat,APF,follower_2,128,vehicle.mercedes.coupe_2020,follower,-4,left,0,[0],206.1740785132282,-201.7478510567824,30.958730763265336,0.5607675993212063,follower_1,34.361074075765416,30.873205561494384,32.0,1.023943
3790,3.3,true_threat,APF,follower_3,129,vehicle.mercedes.coupe_2020,follower,-4,left,0,[0],168.18942656783418,-201.74762556099145,30.18146915445089,0.5699245548523318,follower_2,33.272164270874825,30.116236053450635,32.0,0.992958
3790,3.3,true_threat,APF,follower_4,130,vehicle.audi.a2,follower,-4,left,0,[0],125.46580760651028,-201.75078673785927,27.77854297374935,0.37002540085614477,follower_3,38.41416560063126,27.775745575638926,30.125674,0.878966
3791,3.35,true_threat,APF,occluder,121,vehicle.carlamotors.firetruck,occluder,-5,centre,1,[1],259.0888523008572,-205.25517526191425,18.59499658182476,-0.06992326437813655,latent_vehicle,24.550144894860807,18.605313356058478,19.060993,1.021082
3791,3.35,true_threat,APF,lead_left,123,vehicle.mercedes.coupe_2020,leader,-4,left,0,[0],395.39686878915023,-201.7506213028296,22.29562131799158,0.728949573769478,,,22.271775313757363,23.287836,0.948219
3791,3.35,true_threat,APF,lead_centre,124,vehicle.nissan.patrol_2021,leader,-5,centre,1,[1],385.3392240123907,-205.24976485530763,19.896226261896725,0.7098775005589528,,,19.863051666390202,20.011235,1.074628
3791,3.35,true_threat,APF,lead_right,125,vehicle.nissan.patrol_2021,leader,-6,right,2,[2],400.55819237755145,-208.74991383074723,23.19754930415087,0.7807159781432947,,,23.158061987577216,23.123141,0.908861
3791,3.35,true_threat,APF,rear_centre,126,vehicle.tesla.model3,follower,-5,centre,1,[1],231.17814326765927,-205.24977363532201,17.851771717853897,-0.014419573133648788,occluder,21.243567157434427,17.840305260453704,20.183858,0.943297
3791,3.35,true_threat,APF,follower_1,127,vehicle.tesla.model3,follower,-4,left,0,[0],246.8570344039793,-201.7497347876326,31.36032875821126,-0.10467472324327001,ego,32.28897138880407,31.200782744102682,32.0,0.996942
3791,3.35,true_threat,APF,follower_2,128,vehicle.mercedes.coupe_2020,follower,-4,left,0,[0],207.7228455650056,-201.74747529769613,30.985941138275678,0.5442139366518297,follower_1,34.382100857647856,30.899755349561083,32.0,1.023943
3791,3.35,true_threat,APF,follower_3,129,vehicle.mercedes.coupe_2020,follower,-4,left,0,[0],169.69934477094594,-201.74733934876608,30.209097312607785,0.5525696058084801,follower_2,33.31101312474584,30.14448874101957,32.0,0.992958
3791,3.35,true_threat,APF,follower_4,130,vehicle.audi.a2,follower,-4,left,0,[0],126.85521198911053,-201.75080103719395,27.795852151385915,0.34618355676233153,follower_3,38.534114814747966,27.79419181615832,30.125674,0.878966
3792,3.4,true_threat,APF,occluder,121,vehicle.carlamotors.firetruck,occluder,-5,centre,1,[1],260.0185398456626,-205.25514802495786,18.592702049254434,-0.04589065028601448,latent_vehicle,24.9916736771696,18.601892865085762,19.060993,1.021082
3792,3.4,true_threat,APF,lead_left,123,vehicle.mercedes.coupe_2020,leader,-4,left,0,[0],396.5127746212763,-201.75063735082492,22.331225753768216,0.7120887324999122,,,22.307805058404792,23.287836,0.948219
3792,3.4,true_threat,APF,lead_centre,124,vehicle.nissan.patrol_2021,leader,-5,centre,1,[1],386.3350126588008,-205.2498066213358,19.93012940376654,0.6780628488587664,,,19.898003298975425,20.011235,1.074628
3792,3.4,true_threat,APF,lead_right,125,vehicle.nissan.patrol_2021,leader,-6,right,2,[2],401.7192642226745,-208.74991447079162,23.236237966041628,0.7737732378180788,,,23.196597100936334,23.123141,0.908861
3792,3.4,true_threat,APF,rear_centre,126,vehicle.tesla.model3,follower,-5,centre,1,[1],232.07072146565093,-205.24983535181218,17.85122239314786,-0.010986494776212512,occluder,21.280798564142742,17.839673167073958,20.183858,0.943297
3792,3.4,true_threat,APF,follower_1,127,vehicle.tesla.model3,follower,-4,left,0,[0],248.42487508672588,-201.74977976787918,31.354660141424596,-0.1133723217984865,ego,32.204137731942055,31.196138680749605,32.0,0.996942
3792,3.4,true_threat,APF,follower_2,128,vehicle.mercedes.coupe_2020,follower,-4,left,0,[0],209.27292490379835,-201.74719064367545,31.012142608188643,0.524036150755217,follower_1,34.401479669585896,30.92548339322279,32.0,1.023943
3792,3.4,true_threat,APF,follower_3,129,vehicle.mercedes.coupe_2020,follower,-4,left,0,[0],171.21060577344403,-201.74712897240732,30.235676507859885,0.5315904056710216,follower_2,33.349861973411464,30.17188502111583,32.0,0.992958
3792,3.4,true_threat,APF,follower_4,130,vehicle.audi.a2,follower,-4,left,0,[0],128.24548610702058,-201.750769263457,27.81188340557974,0.3206250877414031,follower_3,38.654628635259485,27.811455364236227,30.125674,0.878966
3793,3.45,true_threat,APF,occluder,121,vehicle.carlamotors.firetruck,occluder,-5,centre,1,[1],260.9481358377389,-205.2551208192338,18.591584351724304,-0.02235394950747505,latent_vehicle,25.436069805102605,18.599654398420082,19.060993,1.021082
3793,3.45,true_threat,APF,lead_left,123,vehicle.mercedes.coupe_2020,leader,-4,left,0,[0],397.6303283973199,-201.7506375778501,22.365775431605737,0.6909935676623656,,,22.342999440721243,23.287836,0.948219
3793,3.45,true_threat,APF,lead_centre,124,vehicle.nissan.patrol_2021,leader,-5,centre,1,[1],387.3324492595392,-205.24986308397015,19.962243448482372,0.6422809028469912,,,19.931385783850306,20.011235,1.074628
3793,3.45,true_threat,APF,lead_right,125,vehicle.nissan.patrol_2021,leader,-6,right,2,[2],402.8821671223784,-208.7499144861893,23.274297202691976,0.7611847330130753,,,23.234787029511676,23.123141,0.908861
3793,3.45,true_threat,APF,rear_centre,126,vehicle.tesla.model3,follower,-5,centre,1,[1],232.96329963761565,-205.2498207743615,17.850835187919664,-0.007744105908386372,occluder,21.317907910956464,17.839238873542822,20.183858,0.943297
3793,3.45,true_threat,APF,follower_1,127,vehicle.tesla.model3,follower,-4,left,0,[0],249.99241059891432,-201.7498401110217,31.348610050487014,-0.12100180892749533,ego,32.12058590698369,31.19128180951511,32.0,0.996942
3793,3.45,true_threat,APF,follower_2,128,vehicle.mercedes.coupe_2020,follower,-4,left,0,[0],210.82428599641392,-201.74695132876667,31.037161602299953,0.5003866978539234,follower_1,34.419241013539704,30.950219577266456,32.0,1.023943
3793,3.45,true_threat,APF,follower_3,129,vehicle.mercedes.coupe_2020,follower,-4,left,0,[0],172.72314853497033,-201.74697919394865,30.261042700757788,0.5073301839521739,follower_2,33.38868030970613,30.19824593254049,32.0,0.992958
3793,3.45,true_threat,APF,follower_4,130,vehicle.audi.a2,follower,-4,left,0,[0],129.63650788993505,-201.7506914582914,27.826566165851148,0.29365520867107686,follower_3,38.77561551984751,27.8274504227696,30.125674,0.878966
3794,3.5,true_threat,APF,occluder,121,vehicle.carlamotors.firetruck,occluder,-5,centre,1,[1],261.87767079986793,-205.2551088931195,18.59161869360239,0.0006868385688334195,latent_vehicle,25.883302833958922,18.598573619012615,19.060993,1.021082
3794,3.5,true_threat,APF,lead_left,123,vehicle.mercedes.coupe_2020,leader,-4,left,0,[0],398.74959116284447,-201.7506524806599,22.399068171933212,0.6658548127858376,,,22.377149333182928,23.287836,0.948219
3794,3.5,true_threat,APF,lead_centre,124,vehicle.nissan.patrol_2021,leader,-5,centre,1,[1],388.3314727690424,-205.2499037464559,19.99239864162167,0.6031038681012387,,,19.963004190515882,20.011235,1.074628
3794,3.5,true_threat,APF,lead_right,125,vehicle.nissan.patrol_2021,leader,-6,right,2,[2],404.04696210661064,-208.74989859733063,23.311463800671163,0.7433319595788777,,,23.27235320996508,23.123141,0.908861
3794,3.5,true_threat,APF,rear_centre,126,vehicle.tesla.model3,follower,-5,centre,1,[1],233.85587780958036,-205.24980619691078,17.850598665145412,-0.004730456191524172,occluder,21.3549257310681,17.838992434978028,20.183858,0.943297
3794,3.5,true_threat,APF,follower_1,127,vehicle.tesla.model3,follower,-4,left,0,[0],251.55967144771023,-201.74988528907303,31.342220446014615,-0.12779208369540848,ego,32.038559997280544,31.186261181952222,32.0,0.996942
3794,3.5,true_threat,APF,follower_2,128,vehicle.mercedes.coupe_2020,follower,-4,left,0,[0],212.37686782331582,-201.7468031501558,31.06084743316247,0.47372326594566977,follower_1,34.43541543311257,30.973801861321245,32.0,1.023943
3794,3.5,true_threat,APF,follower_3,129,vehicle.mercedes.coupe_2020,follower,-4,left,0,[0],174.23694255356466,-201.74693580016526,30.28504710612085,0.4800940560141684,follower_2,33.42749864079541,30.223409377400706,32.0,0.992958
3794,3.5,true_threat,APF,follower_4,130,vehicle.audi.a2,follower,-4,left,0,[0],131.0282315719001,-201.7505981548898,27.839839398337208,0.2654646519419743,follower_3,38.89713649845936,27.842106410376566,30.125674,0.878966
3795,3.55,true_threat,APF,occluder,121,vehicle.carlamotors.firetruck,occluder,-5,centre,1,[1],262.80732782709697,-205.25508166657391,18.5927726491152,0.023079111079998178,latent_vehicle,26.33346441536999,18.59862618049049,19.060993,1.021082
3795,3.55,true_threat,APF,lead_left,123,vehicle.mercedes.coupe_2020,leader,-4,left,0,[0],399.87050187749185,-201.75066682128772,22.4309208680292,0.6370539248878616,,,22.410055075723882,23.287836,0.948219
3795,3.55,true_threat,APF,lead_centre,124,vehicle.nissan.patrol_2021,leader,-5,centre,1,[1],389.331900092263,-205.24995918883405,20.020455746392333,0.5611420976724496,,,19.99269179513746,20.011235,1.074628
3795,3.55,true_threat,APF,lead_right,125,vehicle.nissan.patrol_2021,leader,-6,right,2,[2],405.21364918578183,-208.74989732179188,23.347484082586085,0.7204056382913214,,,23.309035975801663,23.123141,0.908861
3795,3.55,true_threat,APF,rear_centre,126,vehicle.tesla.model3,follower,-5,centre,1,[1],234.74845598675046,-205.24980687824825,17.85050328721546,-0.001907558609247741,occluder,21.391882521232404,17.838922069482866,20.183858,0.943297
3795,3.55,true_threat,APF,follower_1,127,vehicle.tesla.model3,follower,-4,left,0,[0],253.12659660316632,-201.74993058164293,31.335533289828643,-0.1337431210540856,ego,31.958151524329267,31.181113308320366,32.0,0.996942
3795,3.55,true_threat,APF,follower_2,128,vehicle.mercedes.coupe_2020,follower,-4,left,0,[0],213.93057883698035,-201.7467613978634,31.083057037424346,0.44419835126807905,follower_1,34.450094455006614,30.99609008045984,32.0,1.023943
3795,3.55,true_threat,APF,follower_3,129,vehicle.mercedes.coupe_2020,follower,-4,left,0,[0],175.75186573289471,-201.7469225387595,30.307563822242336,0.45033971667148653,follower_2,33.46628644910295,30.247228360936464,32.0,0.992958
3795,3.55,true_threat,APF,follower_4,130,vehicle.audi.a2,follower,-4,left,0,[0],132.42056561059758,-201.75051990206077,27.851664956502415,0.2365111644000822,follower_3,39.01920683508863,27.855362262870816,30.125674,0.878966
3796,3.6,true_threat,APF,occluder,121,vehicle.carlamotors.firetruck,occluder,-5,centre,1,[1],263.7370153719023,-205.25505442961753,18.59501379338489,0.04482288606407569,latent_vehicle,26.7864325883436,18.599780201864945,19.060993,1.021082
3796,3.6,true_threat,APF,lead_left,123,vehicle.mercedes.coupe_2020,leader,-4,left,0,[0],400.9929384657513,-201.75066538258847,22.461167580472235,0.604934249619582,,,22.44153589440936,23.287836,0.948219
3796,3.6,true_threat,APF,lead_centre,124,vehicle.nissan.patrol_2021,leader,-5,centre,1,[1],390.3337312239957,-205.25001415231645,20.046285062915025,0.5165863302760468,,,20.020311940182022,20.011235,1.074628
3796,3.6,true_threat,APF,lead_right,125,vehicle.nissan.patrol_2021,leader,-6,right,2,[2],406.3820452440233,-208.74988020446142,23.382136795944533,0.6930542671690726,,,23.344585134790755,23.123141,0.908861
3796,3.6,true_threat,APF,rear_centre,126,vehicle.tesla.model3,follower,-5,centre,1,[1],235.64103415871517,-205.24979230079757,17.850533793652414,0.0006101293404038976,occluder,21.42896137129133,17.839018205782015,20.183858,0.943297
3796,3.6,true_threat,APF,follower_1,127,vehicle.tesla.model3,follower,-4,left,0,[0],254.6931555529116,-201.74999125793033,31.32859054336502,-0.13885492841854222,ego,31.87954354673947,31.175874053106995,32.0,0.996942
3796,3.6,true_threat,APF,follower_2,128,vehicle.mercedes.coupe_2020,follower,-4,left,0,[0],215.48532746385692,-201.74676506796908,31.10367786490083,0.41242225011476885,follower_1,34.46330859679817,31.016951312757584,32.0,1.023943
3796,3.6,true_threat,APF,follower_3,129,vehicle.mercedes.coupe_2020,follower,-4,left,0,[0],177.26785705342394,-201.74698520691737,30.328470760983294,0.4181435015082838,follower_2,33.50507428343744,30.269578218860236,32.0,0.992958
3796,3.6,true_threat,APF,follower_4,130,vehicle.audi.a2,follower,-4,left,0,[0],133.81341844288758,-201.75042621346037,27.862018045034983,0.20706177073192045,follower_3,39.14179597572121,27.86717965023249,30.125674,0.878966
3797,3.65,true_threat,APF,occluder,121,vehicle.carlamotors.firetruck,occluder,-5,centre,1,[1],264.6668555045895,-205.25502714060727,18.598305887570564,0.06584188425779669,latent_vehicle,27.24226852337256,18.602003798317103,19.060993,1.021082
3797,3.65,true_threat,APF,lead_left,123,vehicle.mercedes.coupe_2020,leader,-4,left,0,[0],402.11683990288094,-201.75067870296007,22.489655720570347,0.5697628014347108,,,22.47142800966446,23.287836,0.948219
3797,3.65,true_threat,APF,lead_centre,124,vehicle.nissan.patrol_2021,leader,-5,centre,1,[1],391.33678305357694,-205.25005344057953,20.069793131083127,0.4701613616978163,,,20.045737365043486,20.011235,1.074628
3797,3.65,true_threat,APF,lead_right,125,vehicle.nissan.patrol_2021,leader,-6,right,2,[2],407.55221132689826,-208.74987774209404,23.415219761787807,0.6616593168836484,,,23.378782549559663,23.123141,0.908861
3797,3.65,true_threat,APF,rear_centre,126,vehicle.tesla.model3,follower,-5,centre,1,[1],236.5336123306799,-205.24977772334685,17.850680649828572,0.002937124425777863,occluder,21.466070744131983,17.839264640635072,20.183858,0.943297
3797,3.65,true_threat,APF,follower_1,127,vehicle.tesla.model3,follower,-4,left,0,[0],256.25937880411163,-201.75003678994813,31.321436074698287,-0.14308937365001642,ego,31.80298016868427,31.170580836364792,32.0,0.996942
3797,3.65,true_threat,APF,follower_2,128,vehicle.mercedes.coupe_2020,follower,-4,left,0,[0],217.0411137039455,-201.74681416047284,31.122601178522107,0.3784712845252634,follower_1,34.475118919666876,31.036281914690274,32.0,1.023943
3797,3.65,true_threat,APF,follower_3,129,vehicle.mercedes.coupe_2020,follower,-4,left,0,[0],178.7848554799996,-201.74712382546045,30.347676349534964,0.38411575420053534,follower_2,33.543831589784794,30.290338675481696,32.0,0.992958
3797,3.65,true_threat,APF,follower_4,130,vehicle.audi.a2,follower,-4,left,0,[0],135.2067290440282,-201.7503476274865,27.87088531281682,0.17734535507822755,follower_3,39.264934463960415,27.87753347702463,30.125674,0.878966
3798,3.7,true_threat,APF,occluder,121,vehicle.carlamotors.firetruck,occluder,-5,centre,1,[1],265.59690926031107,-205.25499977872155,18.602620321324952,0.08628867543161217,latent_vehicle,27.701094394869997,18.605261320520338,19.060993,1.021082
3798,3.7,true_threat,APF,lead_left,123,vehicle.mercedes.coupe_2020,leader,-4,left,0,[0],403.2421451433172,-201.75067628564773,22.516257494627244,0.5320354799157007,,,22.499580856593848,23.287836,0.948219
3798,3.7,true_threat,APF,lead_centre,124,vehicle.nissan.patrol_2021,leader,-5,centre,1,[1],392.34081145080677,-205.2501076544859,20.0909074717594,0.4222868115089001,,,20.068876479197048,20.011235,1.074628
3798,3.7,true_threat,APF,lead_right,125,vehicle.nissan.patrol_2021,leader,-6,right,2,[2],408.7238422534381,-208.74987478000932,23.446553689351347,0.6266785513197907,,,23.41142894864246,23.123141,0.908861
3798,3.7,true_threat,APF,rear_centre,126,vehicle.tesla.model3,follower,-5,centre,1,[1],237.4261905026446,-205.24976314589617,17.850930504540845,0.004997094428883076,occluder,21.5033327048544,17.839651405623766,20.183858,0.943297
3798,3.7,true_threat,APF,follower_1,127,vehicle.tesla.model3,follower,-4,left,0,[0],257.82523584960086,-201.7500977056834,31.314127106136528,-0.14617937107675444,ego,31.728583429236693,31.165269890352985,32.0,0.996942
3798,3.7,true_threat,APF,follower_2,128,vehicle.mercedes.coupe_2020,follower,-4,left,0,[0],218.59772395503327,-201.74696978340282,31.13974112799859,0.3428032368611997,follower_1,34.48555593077831,31.053981959543325,32.0,1.023943
3798,3.7,true_threat,APF,follower_3,129,vehicle.mercedes.coupe_2020,follower,-4,left,0,[0],180.30276943907114,-201.74727739046835,30.36509282936869,0.34833280831127483,follower_2,33.58261940329773,30.3094190615961,32.0,0.992958
3798,3.7,true_threat,APF,follower_4,130,vehicle.audi.a2,follower,-4,left,0,[0],136.60049740881408,-201.75026888535092,27.87827248182439,0.14774337973499677,follower_3,39.38862228939547,27.886410130836197,30.125674,0.878966
3799,3.75,true_threat,APF,occluder,121,vehicle.carlamotors.firetruck,occluder,-5,centre,1,[1],266.5272376794252,-205.25498758192703,18.607918947583638,0.10597252525922425,latent_vehicle,28.16263569039971,18.60952460539784,19.060993,1.021082
3799,3.75,true_threat,APF,lead_left,123,vehicle.mercedes.coupe_2020,leader,-4,left,0,[0],404.36867109201285,-201.75068871069243,22.54087181375769,0.49228638116956985,,,22.525868386668172,23.287836,0.948219
3799,3.75,true_threat,APF,lead_centre,124,vehicle.nissan.patrol_2021,leader,-5,centre,1,[1],393.3459384755798,-205.25014623481613,20.109580401482376,0.3734585932629503,,,20.089658327852014,20.011235,1.074628
3799,3.75,true_threat,APF,lead_right,125,vehicle.nissan.patrol_2021,leader,-6,right,2,[2],409.8970600887427,-208.74985601777598,23.475982175462576,0.5885697223004646,,,23.442347680133295,23.123141,0.908861
3799,3.75,true_threat,APF,rear_centre,126,vehicle.tesla.model3,follower,-5,centre,1,[1],238.31876867460934,-205.24974856844545,17.851266190498446,0.006713720081482334,occluder,21.54080828861126,17.840164828620846,20.183858,0.943297
3799,3.75,true_threat,APF,follower_1,127,vehicle.tesla.model3,follower,-4,left,0,[0],259.3907266789686,-201.75014348755985,31.306696061805035,-0.14862088491098047,ego,31.656383799124598,31.159989551256743,32.0,0.996942
3799,3.75,true_threat,APF,follower_2,128,vehicle.mercedes.coupe_2020,follower,-4,left,0,[0],220.155188713875,-201.74717089119554,31.155032841961287,0.30583772192056885,follower_1,34.49480272517979,31.069974531219657,32.0,1.023943
3799,3.75,true_threat,APF,follower_3,129,vehicle.mercedes.coupe_2020,follower,-4,left,0,[0],181.8214768863601,-201.74752223752512,30.380664870381782,0.31144329311698304,follower_2,33.62131569531394,30.32673245713152,32.0,0.992958
3799,3.75,true_threat,APF,follower_4,130,vehicle.audi.a2,follower,-4,left,0,[0],137.99460148255596,-201.75023580506132,27.884192903873615,0.11840844176354054,follower_3,39.512767883681136,27.893814854077004,30.125674,0.878966
3800,3.8,true_threat,APF,occluder,121,vehicle.carlamotors.firetruck,occluder,-5,centre,1,[1],267.457840751521,-205.25496003264732,18.614161711160154,0.12485527135415882,latent_vehicle,28.62701465725027,18.61475610615451,19.060993,1.021082
3800,3.8,true_threat,APF,lead_left,123,vehicle.mercedes.coupe_2020,leader,-4,left,0,[0],405.4963567086098,-201.7507007401276,22.563403308740746,0.45062989817314186,,,22.5501909456345,23.287836,0.948219
3800,3.8,true_threat,APF,lead_centre,124,vehicle.nissan.patrol_2021,leader,-5,centre,1,[1],394.3518589625433,-205.25019980325428,20.125777589159302,0.32394375422062605,,,20.108036336186604,20.011235,1.074628
3800,3.8,true_threat,APF,lead_right,125,vehicle.nissan.patrol_2021,leader,-6,right,2,[2],411.0716817377647,-208.74985203543505,23.50336598490193,0.5476761889446891,,,23.47138469977953,23.123141,0.908861
3800,3.8,true_threat,APF,rear_centre,126,vehicle.tesla.model3,follower,-5,centre,1,[1],239.21134685177944,-205.24974924978292,17.85167817423383,0.0082396749987338,occluder,21.578558535760656,17.840787299864353,20.183858,0.943297
3800,3.8,true_threat,APF,follower_1,127,vehicle.tesla.model3,follower,-4,left,0,[0],260.95585129742005,-201.75018939436563,31.29917918227214,-0.15033758655217216,ego,31.586655936535124,31.154766681589265,32.0,0.996942
3800,3.8,true_threat,APF,follower_2,128,vehicle.mercedes.coupe_2020,follower,-4,left,0,[0],221.71329435743618,-201.74741755672645,31.168420988069833,0.26776557909034293,follower_1,34.50282879570576,31.084200744337604,32.0,1.023943
3800,3.8,true_threat,APF,follower_3,129,vehicle.mercedes.coupe_2020,follower,-4,left,0,[0],183.34091676589222,-201.74779735229956,30.394344770282107,0.2735997810582628,follower_2,33.66007300686668,30.342224500854005,32.0,0.992958
3800,3.8,true_threat,APF,follower_4,130,vehicle.audi.a2,follower,-4,left,0,[0],139.38891919494844,-201.75024842826082,27.88866946650413,0.08953125572763224,follower_3,39.63737125722821,27.89976063000806,30.125674,0.878966
3801,3.85,true_threat,APF,occluder,121,vehicle.carlamotors.firetruck,occluder,-5,centre,1,[1],268.38877951695673,-205.25493236884904,18.621308557803015,0.1429369324619947,latent_vehicle,29.09404833571452,18.620916379693913,19.060993,1.021082
3801,3.85,true_threat,APF,lead_left,123,vehicle.mercedes.coupe_2020,leader,-4,left,0,[0],406.6250799175972,-201.75069715680814,22.5837775931647,0.40748568716488703,,,22.57245452950834,23.287836,0.948219
3801,3.85,true_threat,APF,lead_centre,124,vehicle.nissan.patrol_2021,leader,-5,centre,1,[1],395.35851187133915,-205.2502531218338,20.139493311401225,0.27431444833527896,,,20.12397703823461,20.011235,1.074628
3801,3.85,true_threat,APF,lead_right,125,vehicle.nissan.patrol_2021,leader,-6,right,2,[2],412.24764615494075,-208.74983233623175,23.52859258279507,0.5045319580544908,,,23.498402916937035,23.123141,0.908861
3801,3.85,true_threat,APF,rear_centre,126,vehicle.tesla.model3,follower,-5,centre,1,[1],240.10392502374415,-205.24973467233224,17.85215500783007,0.00953667211114975,occluder,21.616583430686397,17.84150819534326,20.183858,0.943297
3801,3.85,true_threat,APF,follower_1,127,vehicle.tesla.model3,follower,-4,left,0,[0],262.52057919258436,-201.7502506952997,31.29162415132882,-0.15110061165467176,ego,31.51952185451438,31.149630016490367,32.0,0.996942
3801,3.85,true_threat,APF,follower_2,128,vehicle.mercedes.coupe_2020,follower,-4,left,0,[0],223.27207139288248,-201.74767925200845,31.179871216238222,0.22900649043258145,follower_1,34.50984777059603,31.09661202693269,32.0,1.023943
3801,3.85,true_threat,APF,follower_3,129,vehicle.mercedes.coupe_2020,follower,-4,left,0,[0],184.86099751452767,-201.74807224844764,30.406100090940278,0.23510760069346343,follower_2,33.69873877089577,30.35584741621238,32.0,0.992958
3801,3.85,true_threat,APF,follower_4,130,vehicle.audi.a2,follower,-4,left,0,[0],140.78342001279904,-201.75026098899565,27.891744129654757,0.06149326894211015,follower_3,39.76249342436785,27.90426991928827,30.125674,0.878966
3802,3.9,true_threat,APF,occluder,121,vehicle.carlamotors.firetruck,occluder,-5,centre,1,[1],269.32005397573226,-205.25490459053225,18.629321341353922,0.16025567035703814,latent_vehicle,29.56382845550469,18.6279659861451,19.060993,1.021082
3802,3.9,true_threat,APF,lead_left,123,vehicle.mercedes.coupe_2020,leader,-4,left,0,[0],407.75477969423315,-201.75070849913197,22.601937446155507,0.36319705880841147,,,22.59258586116667,23.287836,0.948219
3802,3.9,true_threat,APF,lead_centre,124,vehicle.nissan.patrol_2021,leader,-5,centre,1,[1],396.3658361616093,-205.25029095258802,20.15073901384652,0.22491405570869655,,,20.13747508457584,20.011235,1.074628
3802,3.9,true_threat,APF,lead_right,125,vehicle.nissan.patrol_2021,leader,-6,right,2,[2],413.4247092100708,-208.74982752102858,23.55157613971748,0.4596711387604998,,,23.523291590041698,23.123141,0.908861
3802,3.9,true_threat,APF,rear_centre,126,vehicle.tesla.model3,follower,-5,centre,1,[1],240.99650319570887,-205.24972009488152,17.852681434848368,0.010528540405888053,occluder,21.65494402415738,17.8423152992948,20.183858,0.943297
3802,3.9,true_threat,APF,follower_1,127,vehicle.tesla.model3,follower,-4,left,0,[0],264.08491035405075,-201.7502968727857,31.284076745901483,-0.15094809783643992,ego,31.455134109711807,31.14461866589259,32.0,0.996942
3802,3.9,true_threat,APF,follower_2,128,vehicle.mercedes.coupe_2020,follower,-4,left,0,[0],224.83130622320633,-201.7480323438578,31.18936253234,0.18982761628378536,follower_1,34.51579863031406,31.10717881676832,32.0,1.023943
3802,3.9,true_threat,APF,follower_3,129,vehicle.mercedes.coupe_2020,follower,-4,left,0,[0],186.3815970931934,-201.74843852034158,30.41591747187305,0.19634832641429367,follower_2,33.737435057706605,30.367569560404096,32.0,0.992958
3802,3.9,true_threat,APF,follower_4,130,vehicle.audi.a2,follower,-4,left,0,[0],142.178042900955,-201.75027350808736,27.89346457708323,0.03440895768643686,follower_3,39.88807335515271,27.90738408776776,30.125674,0.878966
3803,3.95,true_threat,APF,occluder,121,vehicle.carlamotors.firetruck,occluder,-5,centre,1,[1],270.25178619294763,-205.25486139726559,18.63816572943998,0.1768877607403552,latent_vehicle,30.036263625258798,18.635867352902963,19.060993,1.021082
3803,3.95,true_threat,APF,lead_left,123,vehicle.mercedes.coupe_2020,leader,-4,left,0,[0],408.8852729226488,-201.75070431198742,22.61783899842474,0.31803104478165034,,,22.610528612390155,23.287836,0.948219
3803,3.95,true_threat,APF,lead_centre,124,vehicle.nissan.patrol_2021,leader,-5,centre,1,[1],397.37364873830643,-205.25034387555795,20.159537585959395,0.17597145245775359,,,20.148541979542532,20.011235,1.074628
3803,3.95,true_threat,APF,lead_right,125,vehicle.nissan.patrol_2021,leader,-6,right,2,[2],414.60280986279656,-208.749822351859,23.572244175127345,0.4133607085514503,,,23.545966321272175,23.123141,0.908861
3803,3.95,true_threat,APF,rear_centre,126,vehicle.tesla.model3,follower,-5,centre,1,[1],241.88908136767358,-205.24970551743084,17.853249825767925,0.011367818328349412,occluder,21.693640310968213,17.843192555323455,20.183858,0.943297
3803,3.95,true_threat,APF,follower_1,127,vehicle.tesla.model3,follower,-4,left,0,[0],265.6489058273827,-201.75035842357843,31.27656939190894,-0.15014706569494654,ego,31.393523224909117,31.139768785953336,32.0,0.996942
3803,3.95,true_threat,APF,follower_2,128,vehicle.mercedes.coupe_2020,follower,-4,left,0,[0],226.39099881197,-201.74837002075733,31.19689110848534,0.15057229290683025,follower_1,34.52089496145661,31.115885343337716,32.0,1.023943
3803,3.95,true_threat,APF,follower_3,129,vehicle.mercedes.coupe_2020,follower,-4,left,0,[0],187.90259338994088,-201.74877413931904,30.423793089368875,0.1575126952802638,follower_2,33.77607030936473,30.377377244910846,32.0,0.992958
3803,3.95,true_threat,APF,follower_4,130,vehicle.audi.a2,follower,-4,left,0,[0],143.5727268242637,-201.75028600635753,27.893888028852153,0.008469047459416006,follower_3,40.014050045662444,27.909150263302024,30.125674,0.878966
3804,4.0,true_threat,APF,occluder,121,vehicle.carlamotors.firetruck,occluder,-5,centre,1,[1],271.1839761842191,-205.2548485654136,18.647794038277784,0.1925661754192341,latent_vehicle,30.51104884619656,18.64458665185097,19.060993,1.021082
3804,4.0,true_threat,APF,lead_left,123,vehicle.mercedes.coupe_2020,leader,-4,left,0,[0],410.01662064840764,-201.75071509212927,22.631472713018887,0.272674291763338,,,22.626239630744692,23.287836,0.948219
3804,4.0,true_threat,APF,lead_centre,124,vehicle.nissan.patrol_2021,leader,-5,centre,1,[1],398.3817664855617,-205.25038143563194,20.16593861756523,0.12802064643871658,,,20.157200444829186,20.011235,1.074628
3804,4.0,true_threat,APF,lead_right,125,vehicle.nissan.patrol_2021,leader,-6,right,2,[2],415.78188707276024,-208.74980159075633,23.59054709864723,0.3660584708583625,,,23.566355871044713,23.123141,0.908861
3804,4.0,true_threat,APF,rear_centre,126,vehicle.tesla.model3,follower,-5,centre,1,[1],242.78178160994372,-205.24969089833704,17.85384682962526,0.011940076841850587,occluder,21.732794356218896,17.844131778826856,20.183858,0.943297
3804,4.0,true_threat,APF,follower_1,127,vehicle.tesla.model3,follower,-4,left,0,[0],267.2125045670167,-201.7504048509231,31.269136421659656,-0.14865938720395278,ego,31.334902776292267,31.135105106721586,32.0,0.996942
3804,4.0,true_threat,APF,follower_2,128,vehicle.mercedes.coupe_2020,follower,-4,left,0,[0],227.95105761685528,-201.74872283151572,31.20246456831575,0.11146957843809867,follower_1,34.52519784602486,31.122730750058977,32.0,1.023943
3804,4.0,true_threat,APF,follower_3,129,vehicle.mercedes.coupe_2020,follower,-4,left,0,[0],189.42395590801533,-201.74914015094353,30.42974983080426,0.11913494326770246,follower_2,33.81476660138094,30.38526711305138,32.0,0.992958
3804,4.0,true_threat,APF,follower_4,130,vehicle.audi.a2,follower,-4,left,0,[0],144.96738022999602,-201.75029851503845,27.893075519536172,-0.016250172024058377,follower_3,40.14036241910125,27.90962504738242,30.125674,0.878966
3805,4.05,true_threat,APF,occluder,121,vehicle.carlamotors.firetruck,occluder,-5,centre,1,[1],272.1166239339303,-205.2548203186118,18.65817002737721,0.20751978041071734,latent_vehicle,30.988245320043134,18.65407691827805,19.060993,1.021082
3805,4.05,true_threat,APF,lead_left,123,vehicle.mercedes.coupe_2020,leader,-4,left,0,[0],411.14851769054076,-201.7507256848771,22.642830959885423,0.22716493779743577,,,22.63970966457121,23.287836,0.948219
3805,4.05,true_threat,APF,lead_centre,124,vehicle.nissan.patrol_2021,leader,-5,centre,1,[1],399.39018941378583,-205.25043415038633,20.16999551671942,0.08113800053156618,,,20.16349943225536,20.011235,1.074628
3805,4.05,true_threat,APF,lead_right,125,vehicle.nissan.patrol_2021,leader,-6,right,2,[2],416.96187981521973,-208.74979577611853,23.60646011468427,0.31826032130853193,,,23.58441156461589,23.123141,0.908861
3805,4.05,true_threat,APF,rear_centre,126,vehicle.tesla.model3,follower,-5,centre,1,[1],243.6745428925719,-205.24969151720984,17.8544610017556,0.01228344246603948,occluder,21.772284105220194,17.84511799197531,20.183858,0.943297
3805,4.05,true_threat,APF,follower_1,127,vehicle.tesla.model3,follower,-4,left,0,[0],268.7757370957345,-201.7504514031971,31.261812168409016,-0.14648504409647822,ego,31.279303286642985,31.13065227520581,32.0,0.996942
3805,4.05,true_threat,APF,follower_2,128,vehicle.mercedes.coupe_2020,follower,-4,left,0,[0],229.5112384816352,-201.74904508305463,31.206115333574854,0.07301543441823435,follower_1,34.528737780773604,31.127724809200004,32.0,1.023943
3805,4.05,true_threat,APF,follower_3,129,vehicle.mercedes.coupe_2020,follower,-4,left,0,[0],190.9455625614952,-201.74949082049363,30.433808677091477,0.08117693021667316,follower_2,33.853462888191764,30.391261109643395,32.0,0.992958
3805,4.05,true_threat,APF,follower_4,130,vehicle.audi.a2,follower,-4,left,0,[0],146.36194208299932,-201.7503110549517,27.89109952816336,-0.03951981171579849,follower_3,40.26707153144337,27.908868963166036,30.125674,0.878966
3806,4.1,true_threat,APF,occluder,121,vehicle.carlamotors.firetruck,occluder,-5,centre,1,[1],273.0499125527449,-205.25479185318366,18.669246013926028,0.22151972905619494,latent_vehicle,31.46760903632247,18.66430244215354,19.060993,1.021082
3806,4.1,true_threat,APF,lead_left,123,vehicle.mercedes.coupe_2020,leader,-4,left,0,[0],412.2809030086901,-201.75072085226432,22.65192136893463,0.1818081821257594,,,22.65093132293251,23.287836,0.948219
3806,4.1,true_threat,APF,lead_centre,124,vehicle.nissan.patrol_2021,leader,-5,centre,1,[1],400.3987954214411,-205.2504105087352,20.171780761407778,0.03570491499151854,,,20.167491606669294,20.011235,1.074628
3806,4.1,true_threat,APF,lead_right,125,vehicle.nissan.patrol_2021,leader,-6,right,2,[2],418.1426049743062,-208.7497744528339,23.619971779128843,0.2702332895703522,,,23.600109164642163,23.123141,0.908861
3806,4.1,true_threat,APF,rear_centre,126,vehicle.tesla.model3,follower,-5,centre,1,[1],244.5673041699947,-205.24967687729446,17.85508470999326,0.012474164397562737,occluder,21.812170572303238,17.84613907278097,20.183858,0.943297
3806,4.1,true_threat,APF,follower_1,127,vehicle.tesla.model3,follower,-4,left,0,[0],270.33863392070174,-201.7504675524133,31.2546233354877,-0.14377663473199476,ego,31.22690782498168,31.126436666017543,32.0,0.996942
3806,4.1,true_threat,APF,follower_2,128,vehicle.mercedes.coupe_2020,follower,-4,left,0,[0],231.07160246228398,-201.7493977897052,31.207875831348026,0.035209964221446594,follower_1,34.53178944471151,31.13090177145878,32.0,1.023943
3806,4.1,true_threat,APF,follower_3,129,vehicle.mercedes.coupe_2020,follower,-4,left,0,[0],192.4673218080622,-201.749856696778,30.43600587285435,0.04394391991307698,follower_2,33.89203709949181,30.39537990733557,32.0,0.992958
3806,4.1,true_threat,APF,follower_4,130,vehicle.audi.a2,follower,-4,left,0,[0],147.75638186569722,-201.7503236365081,27.888036347471743,-0.06126359820401337,follower_3,40.39411633191994,27.906953811368574,30.125674,0.878966
3807,4.15,true_threat,APF,occluder,121,vehicle.carlamotors.firetruck,occluder,-5,centre,1,[1],273.98371999638437,-205.25483950471315,18.68098575823213,0.23479488383707775,latent_vehicle,31.94898754769828,18.675216251165864,19.060993,1.021082
3807,4.15,true_threat,APF,lead_left,123,vehicle.mercedes.coupe_2020,leader,-4,left,0,[0],413.4137155781137,-201.75073113268883,22.658778272343294,0.13713807007202913,,,22.659912267154944,23.287836,0.948219
3807,4.15,true_threat,APF,lead_centre,124,vehicle.nissan.patrol_2021,leader,-5,centre,1,[1],401.40734038353287,-205.25035637032926,20.171384002242224,-0.007935161864241543,,,20.16924835675912,20.011235,1.074628
3807,4.15,true_threat,APF,lead_right,125,vehicle.nissan.patrol_2021,leader,-6,right,2,[2],419.32387945497237,-208.74976820094344,23.631082091944137,0.22220625709778094,,,23.613437578093404,23.123141,0.908861
3807,4.15,true_threat,APF,rear_centre,126,vehicle.tesla.model3,follower,-5,centre,1,[1],245.46009596499388,-205.24966222696833,17.855708420803914,0.012474216363688919,occluder,21.852697913695025,17.847186919553337,20.183858,0.943297
3807,4.15,true_threat,APF,follower_1,127,vehicle.tesla.model3,follower,-4,left,0,[0],271.9011339963548,-201.7504228018169,31.247600441738335,-0.1404578496134126,ego,31.177716391308294,31.122475184379724,32.0,0.996942
3807,4.15,true_threat,APF,follower_2,128,vehicle.mercedes.coupe_2020,follower,-4,left,0,[0],232.63193592535637,-201.7497505067666,31.207795656156843,-0.0016034993802257593,follower_1,34.534322289029944,31.13229396214229,32.0,1.023943
3807,4.15,true_threat,APF,follower_3,129,vehicle.mercedes.coupe_2020,follower,-4,left,0,[0],193.9890810494238,-201.7502073142742,30.436402459669537,0.007931833199842211,follower_2,33.93064183357359,30.397659656998037,32.0,0.992958
3807,4.15,true_threat,APF,follower_4,130,vehicle.audi.a2,follower,-4,left,0,[0],149.150638542937,-201.75033628052915,27.88397371490397,-0.08125263687417693,follower_3,40.521435795789046,27.90395523565602,30.125674,0.878966
3808,4.2,true_threat,APF,occluder,121,vehicle.carlamotors.firetruck,occluder,-5,centre,1,[1],274.9181378019616,-205.25491746560346,18.693349201853884,0.24726887070219647,latent_vehicle,32.432289400343905,18.686782638147573,19.060993,1.021082
3808,4.2,true_threat,APF,lead_left,123,vehicle.mercedes.coupe_2020,leader,-4,left,0,[0],414.5468332920684,-201.75064975627652,22.66342646568841,0.09296386958431131,,,22.666686513908047,23.287836,0.948219
3808,4.2,true_threat,APF,lead_centre,124,vehicle.nissan.patrol_2021,leader,-5,centre,1,[1],402.415824310472,-205.25030225274486,20.168894885733593,-0.049782309871363534,,,20.168857930988963,20.011235,1.074628
3808,4.2,true_threat,APF,lead_right,125,vehicle.nissan.patrol_2021,leader,-6,right,2,[2],420.50570325201284,-208.74976176165896,23.639819663353446,0.17475142909663208,,,23.624396972278056,23.123141,0.908861
3808,4.2,true_threat,APF,rear_centre,126,vehicle.tesla.model3,follower,-5,centre,1,[1],246.3528572424167,-205.24964758705295,17.856324502318373,0.012321629951313083,occluder,21.893713562335336,17.84825042273327,20.183858,0.943297
3808,4.2,true_threat,APF,follower_1,127,vehicle.tesla.model3,follower,-4,left,0,[0],273.46332889624443,-201.75037815532832,31.24076065539288,-0.13679570187935786,ego,31.132095206949842,31.118791655801918,32.0,0.996942
3808,4.2,true_threat,APF,follower_2,128,vehicle.mercedes.coupe_2020,follower,-4,left,0,[0],234.19226938322342,-201.75008796503977,31.20593203598246,-0.03727230614502653,follower_1,34.53648890161063,31.131950800110623,32.0,1.023943
3808,4.2,true_threat,APF,follower_3,129,vehicle.mercedes.coupe_2020,follower,-4,left,0,[0],195.51084029078538,-201.7505579317704,30.435059482315015,-0.026859287490610805,follower_2,33.969216055284406,30.39816006394748,32.0,0.992958
3808,4.2,true_threat,APF,follower_4,130,vehicle.audi.a2,follower,-4,left,0,[0],150.54468159714236,-201.75034899742565,27.879003182626217,-0.0994106330471931,follower_3,40.64893835991086,27.899960297605716,30.125674,0.878966
3809,4.25,true_threat,APF,occluder,121,vehicle.carlamotors.firetruck,occluder,-5,centre,1,[1],275.8531964766422,-205.25499520786744,18.706286752674902,0.25875101564510283,latent_vehicle,32.91730109094888,18.698962134203718,19.060993,1.021082
3809,4.25,true_threat,APF,lead_left,123,vehicle.mercedes.coupe_2020,leader,-4,left,0,[0],415.68001204117587,-201.75056835904263,22.665938431015963,0.0502393093260298,,,22.671278632837453,23.287836,0.948219
3809,4.25,true_threat,APF,lead_centre,124,vehicle.nissan.patrol_2021,leader,-5,centre,1,[1],403.424125131953,-205.25024819762515,20.164424037158174,-0.0894169525686348,,,20.166408539274723,20.011235,1.074628
3809,4.25,true_threat,APF,lead_right,125,vehicle.nissan.patrol_2021,leader,-6,right,2,[2],421.68783221961144,-208.74973995947855,23.64622073239281,0.12802138174029395,,,23.633015705926148,23.123141,0.908861
3809,4.25,true_threat,APF,rear_centre,126,vehicle.tesla.model3,follower,-5,centre,1,[1],247.24564903741586,-205.2496329367268,17.856925327265607,0.012016499429893586,occluder,21.935370090489755,17.849321340811976,20.183858,0.943297
3809,4.25,true_threat,APF,follower_1,127,vehicle.tesla.model3,follower,-4,left,0,[0],275.02515758521787,-201.75033363376903,31.23412495724524,-0.13271393896478664,ego,31.089891657997626,31.11539184568811,32.0,0.996942
3809,4.25,true_threat,APF,follower_2,128,vehicle.mercedes.coupe_2020,follower,-4,left,0,[0],235.7524502532087,-201.75042547536685,31.202349830757452,-0.07164384159396879,follower_1,34.53835034363322,31.129927774494114,32.0,1.023943
3809,4.25,true_threat,APF,follower_3,129,vehicle.mercedes.coupe_2020,follower,-4,left,0,[0],197.03250796900716,-201.7508780629226,30.43204752318651,-0.06023871237988226,follower_2,34.00779027178983,30.396941355642713,32.0,0.992958
3809,4.25,true_threat,APF,follower_4,130,vehicle.audi.a2,follower,-4,left,0,[0],151.93844999316053,-201.75036180801914,27.873210580859514,-0.11585202528926548,follower_3,40.77665454706712,27.895059838604258,30.125674,0.878966
3810,4.3,true_threat,APF,occluder,121,vehicle.carlamotors.firetruck,occluder,-5,centre,1,[1],276.7888960152207,-205.25505747271689,18.71976217168912,0.26950838028238844,latent_vehicle,33.40387015656076,18.71170588931659,19.060993,1.021082
3810,4.3,true_threat,APF,lead_left,123,vehicle.mercedes.coupe_2020,leader,-4,left,0,[0],416.813373890536,-201.75047164055593,22.66636948150013,0.008621012136556276,,,22.673760280201385,23.287836,0.948219
3810,4.3,true_threat,APF,lead_centre,124,vehicle.nissan.patrol_2021,leader,-5,centre,1,[1],404.4320597425178,-205.25019426743478,20.15808589845084,-0.12676275835258893,,,20.162009005814763,20.011235,1.074628
3810,4.3,true_threat,APF,lead_right,125,vehicle.nissan.patrol_2021,leader,-6,right,2,[2],422.8702663681788,-208.7497333119785,23.650327261957273,0.0821305924616969,,,23.639329631783664,23.123141,0.908861
3810,4.3,true_threat,APF,rear_centre,126,vehicle.tesla.model3,follower,-5,centre,1,[1],248.1384408376204,-205.24963354518886,17.857503263479177,0.011558723993162712,occluder,21.97763697017116,17.850390514405436,20.183858,0.943297
3810,4.3,true_threat,APF,follower_1,127,vehicle.tesla.model3,follower,-4,left,0,[0],276.5866810984278,-201.75028921631753,31.227714329153738,-0.1282125404130164,ego,31.05131936748606,31.11228925871044,32.0,0.996942
3810,4.3,true_threat,APF,follower_2,128,vehicle.mercedes.coupe_2020,follower,-4,left,0,[0],237.31241750015954,-201.7507630585694,31.1971386967652,-0.10422220338086553,follower_1,34.53999816262135,31.126287717411305,32.0,1.023943
3810,4.3,true_threat,APF,follower_3,129,vehicle.mercedes.coupe_2020,follower,-4,left,0,[0],198.55396200337293,-201.75113723179751,30.427454332454406,-0.09186311056141308,follower_2,34.04630346355334,30.394072821450294,32.0,0.992958
3810,4.3,true_threat,APF,follower_4,130,vehicle.audi.a2,follower,-4,left,0,[0],153.3318826958389,-201.75037473313117,27.86669318400677,-0.130347929630122,follower_3,40.90455382927069,27.889339079971585,30.125674,0.878966
3811,4.35,true_threat,APF,occluder,121,vehicle.carlamotors.firetruck,occluder,-5,centre,1,[1],277.72529746326063,-205.25513475690664,18.733733498429494,0.2794265352261145,latent_vehicle,33.89175252423881,18.724978196722958,19.060993,1.021082
3811,4.35,true_threat,APF,lead_left,123,vehicle.mercedes.coupe_2020,leader,-4,left,0,[0],417.94661366959076,-201.75037496371232,22.664799727298266,-0.03139508262288376,,,22.674186127143006,23.287836,0.948219
3811,4.35,true_threat,APF,lead_centre,124,vehicle.nissan.patrol_2021,leader,-5,centre,1,[1],405.43968918252455,-205.25015570014034,20.1499949099911,-0.1618197567722212,,,20.15577188636328,20.011235,1.074628
3811,4.35,true_threat,APF,lead_right,125,vehicle.nissan.patrol_2021,leader,-6,right,2,[2],424.05282258184627,-208.74971136404722,23.652207915292532,0.037613067895780845,,,23.643380218401578,23.123141,0.908861
3811,4.35,true_threat,APF,rear_centre,126,vehicle.tesla.model3,follower,-5,centre,1,[1],249.03141573807767,-205.24961883239803,17.85804686802785,0.010872091664283216,occluder,22.02054470854513,17.85144937332812,20.183858,0.943297
3811,4.35,true_threat,APF,follower_1,127,vehicle.tesla.model3,follower,-4,left,0,[0],278.14789943587425,-201.7502449029738,31.221555474602106,-0.123177073189912,ego,31.01646989334961,31.10949410927402,32.0,0.996942
3811,4.35,true_threat,APF,follower_2,128,vehicle.mercedes.coupe_2020,follower,-4,left,0,[0],238.87204904856515,-201.7510854975023,31.19038638361945,-0.13504554852445563,follower_1,34.54155442888043,31.121116882256285,32.0,1.023943
3811,4.35,true_threat,APF,follower_3,129,vehicle.mercedes.coupe_2020,follower,-4,left,0,[0],200.07517189712792,-201.75139648395867,30.42136766148127,-0.1217324842398549,follower_2,34.0848166761384,30.389641314391078,32.0,0.992958
3811,4.35,true_threat,APF,follower_4,130,vehicle.audi.a2,follower,-4,left,0,[0],154.72501022275378,-201.75038776235098,27.859550173975943,-0.14286019563853805,follower_3,41.0325751609581,27.882894617689704,30.125674,0.878966
3812,4.4,true_threat,APF,occluder,121,vehicle.carlamotors.firetruck,occluder,-5,centre,1,[1],278.6624313279276,-205.25519653244956,18.748153048460683,0.28839100145591196,latent_vehicle,34.3807651509896,18.738737721806856,19.060993,1.021082
3812,4.4,true_threat,APF,lead_left,123,vehicle.mercedes.coupe_2020,leader,-4,left,0,[0],419.07973137834017,-201.75027832851185,22.661313091746617,-0.0697327106539164,,,22.672635321225776,23.287836,0.948219
3812,4.4,true_threat,APF,lead_centre,124,vehicle.nissan.patrol_2021,leader,-5,centre,1,[1],406.4468913712569,-205.25010201980862,20.14028458579412,-0.19420647489137927,,,20.14780971624493,20.011235,1.074628
3812,4.4,true_threat,APF,lead_right,125,vehicle.nissan.patrol_2021,leader,-6,right,2,[2],425.23543983587183,-208.7497046540825,23.651938987623378,-0.005378551966289792,,,23.64523524200581,23.123141,0.908861
3812,4.4,true_threat,APF,rear_centre,126,vehicle.tesla.model3,follower,-5,centre,1,[1],249.92439063853493,-205.24960411960723,17.85855995428222,0.010261725012395272,occluder,22.0639712561278,17.85248502309071,20.183858,0.943297
3812,4.4,true_threat,APF,follower_1,127,vehicle.tesla.model3,follower,-4,left,0,[0],279.70878207998084,-201.75020070414865,31.21565030143367,-0.11810345124634541,ego,30.985374034255628,31.107005097732902,32.0,0.996942
3812,4.4,true_threat,APF,follower_2,128,vehicle.mercedes.coupe_2020,follower,-4,left,0,[0],240.43131436523302,-201.75134702621185,31.182186362881506,-0.16399945839953492,follower_1,34.54314121792127,31.114499800291515,32.0,1.023943
3812,4.4,true_threat,APF,follower_3,129,vehicle.mercedes.coupe_2020,follower,-4,left,0,[0],201.59601556955596,-201.75162534347282,30.41387716632119,-0.14980875394410909,follower_2,34.123238330789036,30.38373314445647,32.0,0.992958
3812,4.4,true_threat,APF,follower_4,130,vehicle.audi.a2,follower,-4,left,0,[0],156.11774102117613,-201.7504009269109,27.851869288700943,-0.1536177025728724,follower_3,41.16065752779822,27.875824925059373,30.125674,0.878966
3813,4.45,true_threat,APF,occluder,121,vehicle.carlamotors.firetruck,occluder,-5,centre,1,[1],279.6002976196323,-205.255273316922,18.762984583150335,0.29663069489741595,latent_vehicle,34.87069449706493,18.752937499323306,19.060993,1.021082
3813,4.45,true_threat,APF,lead_left,123,vehicle.mercedes.coupe_2020,leader,-4,left,0,[0],420.2126659816314,-201.75018175577603,22.656008757699766,-0.10608668120478777,,,22.669190758285215,23.287836,0.948219
3813,4.45,true_threat,APF,lead_centre,124,vehicle.nissan.patrol_2021,leader,-5,centre,1,[1],407.45354424361506,-205.2500485268709,20.129080812680943,-0.2240754577094431,,,20.138253787441073,20.011235,1.074628
3813,4.45,true_threat,APF,lead_right,125,vehicle.nissan.patrol_2021,leader,-6,right,2,[2],426.41799605474466,-208.74969796493937,23.64959867893749,-0.04680617229253847,,,23.644969979684358,23.123141,0.908861
3813,4.45,true_threat,APF,rear_centre,126,vehicle.tesla.model3,follower,-5,centre,1,[1],250.81736555460833,-205.24963518318094,17.859040617512882,0.009613265514123405,occluder,22.108130220337486,17.853500251620112,20.183858,0.943297
3813,4.45,true_threat,APF,follower_1,127,vehicle.tesla.model3,follower,-4,left,0,[0],281.26942058347663,-201.7501565886097,31.21001406842887,-0.11272465223774436,ego,30.958123431424752,31.10477169200955,32.0,0.996942
3813,4.45,true_threat,APF,follower_2,128,vehicle.mercedes.coupe_2020,follower,-4,left,0,[0],241.99015242542123,-201.75157818309592,31.172641644788463,-0.19089318545776587,follower_1,34.544758545360004,31.106524698043927,32.0,1.023943
3813,4.45,true_threat,APF,follower_3,129,vehicle.mercedes.coupe_2020,follower,-4,left,0,[0],203.11646249266985,-201.75179330317437,30.40509539170192,-0.17563416621717132,follower_2,34.161659975028876,30.376437193122452,32.0,0.992958
3813,4.45,true_threat,APF,follower_4,130,vehicle.audi.a2,follower,-4,left,0,[0],157.5100750911059,-201.75041422681096,27.843745896135296,-0.16246784977417178,follower_3,41.2887704018039,27.86821717380914,30.125674,0.878966
3814,4.5,true_threat,APF,occluder,121,vehicle.carlamotors.firetruck,occluder,-5,centre,1,[1],280.53889633316936,-205.25534985153575,18.778189954693858,0.3041074324578242,latent_vehicle,35.36132698107343,18.767541832339443,19.060993,1.021082
3814,4.5,true_threat,APF,lead_left,123,vehicle.mercedes.coupe_2020,leader,-4,left,0,[0],421.3452954143646,-201.75010054593614,22.64899925970016,-0.14018995989522343,,,22.6639503934596,23.287836,0.948219
3814,4.5,true_threat,APF,lead_centre,124,vehicle.nissan.patrol_2021,leader,-5,centre,1,[1],408.45958676444627,-205.2499952421487,20.11652282630673,-0.2511597261280121,,,20.12722787848481,20.011235,1.074628
3814,4.5,true_threat,APF,lead_right,125,vehicle.nissan.patrol_2021,leader,-6,right,2,[2],427.60024709264866,-208.74967612111584,23.6452766353235,-0.08644087071746628,,,23.642661562940756,23.123141,0.908861
3814,4.5,true_threat,APF,rear_centre,126,vehicle.tesla.model3,follower,-5,centre,1,[1],251.71034048629792,-205.24971202311917,17.859481220868894,0.00881206720047549,occluder,22.153021595968752,17.854491925493566,20.183858,0.943297
3814,4.5,true_threat,APF,follower_1,127,vehicle.tesla.model3,follower,-4,left,0,[0],282.8297233936326,-201.7501125875893,31.204644868825106,-0.10738398621494663,ego,30.934687640156085,31.10273503242098,32.0,0.996942
3814,4.5,true_threat,APF,follower_2,128,vehicle.mercedes.coupe_2020,follower,-4,left,0,[0],243.5484716764007,-201.7517789993869,31.161864773602638,-0.21553606041445258,follower_1,34.5465589886676,31.09728998139083,32.0,1.023943
3814,4.5,true_threat,APF,follower_3,129,vehicle.mercedes.coupe_2020,follower,-4,left,0,[0],204.63642112935682,-201.75194617066018,30.395123437561878,-0.19943763157206082,follower_2,34.200051112103154,30.367864155442525,32.0,0.992958
3814,4.5,true_threat,APF,follower_4,130,vehicle.audi.a2,follower,-4,left,0,[0],158.90201243254316,-201.75042766205112,27.835281085336476,-0.1692962154521431,follower_3,41.416883254988036,27.860166168890288,30.125674,0.878966
3815,4.55,true_threat,APF,occluder,121,vehicle.carlamotors.firetruck,occluder,-5,centre,1,[1],281.47825795488285,-205.255334573151,18.793717665596436,0.3105542202388333,latent_vehicle,35.85247953920016,18.782513148994482,19.060993,1.021082
3815,4.55,true_threat,APF,lead_left,123,vehicle.mercedes.coupe_2020,leader,-4,left,0,[0],422.47743656067075,-201.75000424388054,22.640385686428335,-0.17227146358328055,,,22.657025359732174,23.287836,0.948219
3815,4.55,true_threat,APF,lead_centre,124,vehicle.nissan.patrol_2021,leader,-5,centre,1,[1],409.46495789859773,-205.24994218646367,20.102747956565114,-0.2754973960570336,,,20.11486890221571,20.011235,1.074628
3815,4.55,true_threat,APF,lead_right,125,vehicle.nissan.patrol_2021,leader,-6,right,2,[2],428.78231503029986,-208.74966959854515,23.639093019713215,-0.12367231051772938,,,23.638398391958543,23.123141,0.908861
3815,4.55,true_threat,APF,rear_centre,126,vehicle.tesla.model3,follower,-5,centre,1,[1],252.60328490561656,-205.24980413225637,17.85988367051527,0.008048992837741811,occluder,22.198645377816234,17.85545138839299,20.183858,0.943297
3815,4.55,true_threat,APF,follower_1,127,vehicle.tesla.model3,follower,-4,left,0,[0],284.3898125807541,-201.75006865944437,31.199554147571366,-0.10181442213966863,ego,30.915005729404697,31.10081545582425,32.0,0.996942
3815,4.55,true_threat,APF,follower_2,128,vehicle.mercedes.coupe_2020,follower,-4,left,0,[0],245.10621107781338,-201.7519342371181,31.149962570500364,-0.2380425578261134,follower_1,34.548542547844086,31.086901555476917,32.0,1.023943
3815,4.55,true_threat,APF,follower_3,129,vehicle.mercedes.coupe_2020,follower,-4,left,0,[0],206.15586095162965,-201.75205343876468,30.384083381678952,-0.22079959442994912,follower_2,34.2384117263957,30.35811415136169,32.0,0.992958
3815,4.55,true_threat,APF,follower_4,130,vehicle.audi.a2,follower,-4,left,0,[0],160.29349201033517,-201.75044125345292,27.82656640927476,-0.1742935212005258,follower_3,41.54490455023772,27.851772300178432,30.125674,0.878966
3816,4.6,true_threat,APF,occluder,121,vehicle.carlamotors.firetruck,occluder,-5,centre,1,[1],282.41844354595236,-205.2553037548871,18.80953529481385,0.3163525869711555,latent_vehicle,36.343908088093585,18.79780074408332,19.060993,1.021082
3816,4.6,true_threat,APF,lead_left,123,vehicle.mercedes.coupe_2020,leader,-4,left,0,[0],423.60915046090804,-201.74990808757582,22.630293923641418,-0.2018352505612151,,,22.648515472460033,23.287836,0.948219
3816,4.6,true_threat,APF,lead_centre,124,vehicle.nissan.patrol_2021,leader,-5,centre,1,[1],410.4695966161222,-205.24990463942544,20.08789543904046,-0.29705035265028173,,,20.101311898679956,20.011235,1.074628
3816,4.6,true_threat,APF,lead_right,125,vehicle.nissan.patrol_2021,leader,-6,right,2,[2],429.9640777869823,-208.74964792129407,23.631139384205557,-0.15907270845917554,,,23.63229895022915,23.123141,0.908861
3816,4.6,true_threat,APF,rear_centre,126,vehicle.tesla.model3,follower,-5,centre,1,[1],253.49625982169,-205.2498351958301,17.860244147338918,0.007209534719755325,occluder,22.245062580211098,17.85637903609666,20.183858,0.943297
3816,4.6,true_threat,APF,follower_1,127,vehicle.tesla.model3,follower,-4,left,0,[0],285.9496271096885,-201.75002482499642,31.194759070047585,-0.0959015498355662,ego,30.898162109415466,31.097410343598128,32.0,0.996942
3816,4.6,true_threat,APF,follower_2,128,vehicle.mercedes.coupe_2020,follower,-4,left,0,[0],246.66327909254636,-201.75208970388638,31.137053299400694,-0.2581838309251357,follower_1,34.55089233355294,31.075461271598336,32.0,1.023943
3816,4.6,true_threat,APF,follower_3,129,vehicle.mercedes.coupe_2020,follower,-4,left,0,[0],207.67469041196472,-201.7521303975084,30.37207822769958,-0.24010154426017474,follower_2,34.27671130553553,30.347307126411422,32.0,0.992958
3816,4.6,true_threat,APF,follower_4,130,vehicle.audi.a2,follower,-4,left,0,[0],161.6845443420583,-201.75045499060565,27.817685791555853,-0.1776123544189925,follower_3,41.67286479471855,27.843126635485724,30.125674,0.878966
3817,4.65,true_threat,APF,occluder,121,vehicle.carlamotors.firetruck,occluder,-5,centre,1,[1],283.35942259921234,-205.25528792473116,18.825602788127128,0.3213498695916463,latent_vehicle,36.83527695523537,18.813372688461765,19.060993,1.021082
3817,4.65,true_threat,APF,lead_left,123,vehicle.mercedes.coupe_2020,leader,-4,left,0,[0],424.7403150812088,-201.74991893018233,22.618836504810815,-0.22914836675398614,,,22.638545038942027,23.287836,0.948219
3817,4.65,true_threat,APF,lead_centre,124,vehicle.nissan.patrol_2021,leader,-5,centre,1,[1],411.4735029066089,-205.2498520834577,20.07211023146111,-0.3157041532863897,,,20.08669379040838,20.011235,1.074628
3817,4.65,true_threat,APF,lead_right,125,vehicle.nissan.patrol_2021,leader,-6,right,2,[2],431.14529123249577,-208.74964169022516,23.62152635630168,-0.19226055613761767,,,23.624453485749406,23.123141,0.908861
3817,4.65,true_threat,APF,rear_centre,126,vehicle.tesla.model3,follower,-5,centre,1,[1],254.38923472214725,-205.2498204830393,17.86056266048152,0.006370261571047202,occluder,22.292273255207192,17.857270075608945,20.183858,0.943297
3817,4.65,true_threat,APF,follower_1,127,vehicle.tesla.model3,follower,-4,left,0,[0],287.50925853316477,-201.74998105301313,31.19025200664901,-0.09014126815025819,ego,30.879670722491994,31.089109427244104,32.0,0.996942
3817,4.65,true_threat,APF,follower_2,128,vehicle.mercedes.coupe_2020,follower,-4,left,0,[0],248.21970620694373,-201.752153836552,31.123251407501147,-0.27603621474878287,follower_1,34.5536388477543,31.063081233957647,32.0,1.023943
3817,4.65,true_threat,APF,follower_3,129,vehicle.mercedes.coupe_2020,follower,-4,left,0,[0],209.19290951556744,-201.7521923056795,30.359230050419626,-0.25696205274817696,follower_2,34.314949859933456,30.335545200601775,32.0,0.992958
3817,4.65,true_threat,APF,follower_4,130,vehicle.audi.a2,follower,-4,left,0,[0],163.07516942771252,-201.75046887350922,27.808734599893697,-0.17902383305754271,follower_3,41.80064192333051,27.834312592115147,30.125674,0.878966
3818,4.7,true_threat,APF,occluder,121,vehicle.carlamotors.firetruck,occluder,-5,centre,1,[1],284.3012256270338,-205.25527181348423,18.841874368632098,0.32543161434441287,latent_vehicle,37.32649458269114,18.82918955003397,19.060993,1.021082
3818,4.7,true_threat,APF,lead_left,123,vehicle.mercedes.coupe_2020,leader,-4,left,0,[0],425.8708693499825,-201.74992998100439,22.606154570077955,-0.2536386810243284,,,22.62722517151068,23.287836,0.948219
3818,4.7,true_threat,APF,lead_centre,124,vehicle.nissan.patrol_2021,leader,-5,centre,1,[1],412.47661574011056,-205.2497997981702,20.055529664375864,-0.3316113419775188,,,20.07115714292218,20.011235,1.074628
3818,4.7,true_threat,APF,lead_right,125,vehicle.nissan.patrol_2021,leader,-6,right,2,[2],432.3260774319403,-208.74963560490713,23.610379819674456,-0.22293073062945637,,,23.61497105123997,23.123141,0.908861
3818,4.7,true_threat,APF,rear_centre,126,vehicle.tesla.model3,follower,-5,centre,1,[1],255.2822096226045,-205.24980577024846,17.86083539993253,0.005454788532664334,occluder,22.34027740800991,17.858123229970133,20.183858,0.943297
3818,4.7,true_threat,APF,follower_1,127,vehicle.tesla.model3,follower,-4,left,0,[0],289.0686152984539,-201.74993737472684,31.18602151340345,-0.08460986485972163,ego,30.853855377514094,31.07561820114418,32.0,0.996942
3818,4.7,true_threat,APF,follower_2,128,vehicle.mercedes.coupe_2020,follower,-4,left,0,[0],249.77546193466137,-201.7522181982547,31.1086846935412,-0.29133268701545895,follower_1,34.55684315683324,31.049869093496117,32.0,1.023943
3818,4.7,true_threat,APF,follower_3,129,vehicle.mercedes.coupe_2020,follower,-4,left,0,[0],210.71045720125812,-201.75216289015867,30.3456552003808,-0.27149559480211577,follower_2,34.35315787072809,30.322948744016223,32.0,0.992958
3818,4.7,true_threat,APF,follower_4,130,vehicle.audi.a2,follower,-4,left,0,[0],164.46530623214517,-201.75048292298527,27.799791035876652,-0.17887127973836286,follower_3,41.92823594127898,27.825424986967974,30.125674,0.878966
3819,4.75,true_threat,APF,occluder,121,vehicle.carlamotors.firetruck,occluder,-5,centre,1,[1],285.24382210663487,-205.25524017276888,18.858315702987248,0.3288266926782896,latent_vehicle,37.8173168766986,18.845206269185688,19.060993,1.021082
3819,4.75,true_threat,APF,lead_left,123,vehicle.mercedes.coupe_2020,leader,-4,left,0,[0],427.0007522320766,-201.74994126086355,22.592372096231966,-0.27564946045695676,,,22.614695245497188,23.287836,0.948219
3819,4.75,true_threat,APF,lead_centre,124,vehicle.nissan.patrol_2021,leader,-5,centre,1,[1],413.47887408147443,-205.24974780438447,20.03830060251869,-0.3445812348816595,,,20.05483702924758,20.011235,1.074628
3819,4.75,true_threat,APF,lead_right,125,vehicle.nissan.patrol_2021,leader,-6,right,2,[2],433.5061922394998,-208.74961448983805,23.597814215350375,-0.2513120845639124,,,23.603975741299813,23.123141,0.908861
3819,4.75,true_threat,APF,rear_centre,126,vehicle.tesla.model3,follower,-5,centre,1,[1],256.1751845230618,-205.24979105745766,17.861066178531686,0.004615572201560307,occluder,22.389105535374085,17.85893354652819,20.183858,0.943297
3819,4.75,true_threat,APF,follower_1,127,vehicle.tesla.model3,follower,-4,left,0,[0],290.6278194758613,-201.74989374849446,31.182048516530028,-0.07945993622157205,ego,30.81732864953409,31.05974174857238,32.0,0.996942
3819,4.75,true_threat,APF,follower_2,128,vehicle.mercedes.coupe_2020,follower,-4,left,0,[0],251.3304547073541,-201.75223704386232,31.093467600616872,-0.3043403421821035,follower_1,34.56044419440471,31.03594440621836,32.0,1.023943
3819,4.75,true_threat,APF,follower_3,129,vehicle.mercedes.coupe_2020,follower,-4,left,0,[0],212.22733349506373,-201.75211844488675,30.331477658283465,-0.2835495714110358,follower_2,34.391365912755056,30.309633043879078,32.0,0.992958
3819,4.75,true_threat,APF,follower_4,130,vehicle.audi.a2,follower,-4,left,0,[0],165.85504630808526,-201.7504971078014,27.79094283785174,-0.1769639593874734,follower_3,42.05564682253702,27.816541641565344,30.125674,0.878966
3820,4.8,true_threat,APF,occluder,121,vehicle.carlamotors.firetruck,occluder,-5,centre,1,[1],286.18721204322105,-205.25520826137333,18.874882923739158,0.33134442110488516,latent_vehicle,38.30756073700499,18.86138905257246,19.060993,1.021082
3820,4.8,true_threat,APF,lead_left,123,vehicle.mercedes.coupe_2020,leader,-4,left,0,[0],428.1299026923383,-201.74995279058137,22.577620689288505,-0.2950281213558736,,,22.601077681857628,23.287836,0.948219
3820,4.8,true_threat,APF,lead_centre,124,vehicle.nissan.patrol_2021,leader,-5,centre,1,[1],414.4802779307005,-205.2496961021005,20.020560374762418,-0.35480454956446295,,,20.03787792408078,20.011235,1.074628
3820,4.8,true_threat,APF,lead_right,125,vehicle.nissan.patrol_2021,leader,-6,right,2,[2],434.6856356655851,-208.74960886259424,23.58396115162022,-0.27706127244440987,,,23.591580359731914,23.123141,0.908861
3820,4.8,true_threat,APF,rear_centre,126,vehicle.tesla.model3,follower,-5,centre,1,[1],257.0681289059427,-205.2497763550776,17.86125308899355,0.003738209953157963,occluder,22.43872711451793,17.859703521140883,20.183858,0.943297
3820,4.8,true_threat,APF,follower_1,127,vehicle.tesla.model3,follower,-4,left,0,[0],292.1867795126579,-201.74985020554828,31.17830631285531,-0.07484407029883729,ego,30.768961356994566,31.04250767300909,32.0,0.996942
3820,4.8,true_threat,APF,follower_2,128,vehicle.mercedes.coupe_2020,follower,-4,left,0,[0],252.8846845094058,-201.75216459701034,31.07772220157387,-0.3149065875840092,follower_1,34.56465559911936,31.02141514910723,32.0,1.023943
3820,4.8,true_threat,APF,follower_3,129,vehicle.mercedes.coupe_2020,follower,-4,left,0,[0],213.74347736703697,-201.7520742494735,30.316811864682403,-0.2933147633123752,follower_2,34.42948239164218,30.29571993480381,32.0,0.992958
3820,4.8,true_threat,APF,follower_4,130,vehicle.audi.a2,follower,-4,left,0,[0],167.24432862038014,-201.7505114487792,27.78225676328932,-0.17372148961194045,follower_3,42.18278304040253,27.807749818042787,30.125674,0.878966
3821,4.8500000000000005,true_threat,APF,occluder,121,vehicle.carlamotors.firetruck,occluder,-5,centre,1,[1],287.131456471945,-205.25517605847597,18.891541697679063,0.33317548567767413,latent_vehicle,38.79704306335769,18.877694731970386,19.060993,1.021082
3821,4.8500000000000005,true_threat,APF,lead_left,123,vehicle.mercedes.coupe_2020,leader,-4,left,0,[0],429.25832072556216,-201.7499493113697,22.562039584591258,-0.3116220773738035,,,22.586502444541917,23.287836,0.948219
3821,4.8500000000000005,true_threat,APF,lead_centre,124,vehicle.nissan.patrol_2021,leader,-5,centre,1,[1],415.4807052226888,-205.2496599917496,20.002448217305066,-0.3622431398054107,,,20.02041493563375,20.011235,1.074628
3821,4.8500000000000005,true_threat,APF,lead_right,125,vehicle.nissan.patrol_2021,leader,-6,right,2,[2],435.86434666463254,-208.7495882264209,23.568946512127784,-0.3002927877471008,,,23.577914644731393,23.123141,0.908861
3821,4.8500000000000005,true_threat,APF,rear_centre,126,vehicle.tesla.model3,follower,-5,centre,1,[1],257.9612258819107,-205.24977685943188,17.861398039125238,0.002899003543663843,occluder,22.48917266822319,17.860430152189796,20.183858,0.943297
3821,4.8500000000000005,true_threat,APF,follower_1,127,vehicle.tesla.model3,follower,-4,left,0,[0],293.7455869615727,-201.749806714656,31.174758661958577,-0.07095301242342407,ego,30.708265239495603,31.024127926739034,32.0,0.996942
3821,4.8500000000000005,true_threat,APF,follower_2,128,vehicle.mercedes.coupe_2020,follower,-4,left,0,[0],254.43802931215413,-201.75212296964727,31.061568660699656,-0.3230695859654185,follower_1,34.56938583386429,31.006394823841394,32.0,1.023943
3821,4.8500000000000005,true_threat,APF,follower_3,129,vehicle.mercedes.coupe_2020,follower,-4,left,0,[0],215.2588277507928,-201.75193877201144,30.301779888553074,-0.30063859034616885,follower_2,34.46756832172063,30.28132281433606,32.0,0.992958
3821,4.8500000000000005,true_threat,APF,follower_4,130,vehicle.audi.a2,follower,-4,left,0,[0],168.63318368660612,-201.7505259355079,27.773805291689115,-0.16902943070072285,follower_3,42.3096446000809,27.799116008201658,30.125674,0.878966
3822,4.9,true_threat,APF,occluder,121,vehicle.carlamotors.firetruck,occluder,-5,centre,1,[1],288.07658591038313,-205.2551435536661,18.908251970583258,0.33420546550520436,latent_vehicle,39.28545870602004,18.894089523832985,19.060993,1.021082
3822,4.9,true_threat,APF,lead_left,123,vehicle.mercedes.coupe_2020,leader,-4,left,0,[0],430.3859453070064,-201.74996136162642,22.54576038858149,-0.3255839059114654,,,22.57110704357981,23.287836,0.948219
3822,4.9,true_threat,APF,lead_centre,124,vehicle.nissan.patrol_2021,leader,-5,centre,1,[1],416.48027801733394,-205.24960891411232,19.984097643492596,-0.3670114632536892,,,20.002585070593618,20.011235,1.074628
3822,4.9,true_threat,APF,lead_right,125,vehicle.nissan.patrol_2021,leader,-6,right,2,[2],437.042325247053,-208.74958309889445,23.552903811994895,-0.32085400045883206,,,23.563102690624675,23.123141,0.908861
3822,4.9,true_threat,APF,rear_centre,126,vehicle.tesla.model3,follower,-5,centre,1,[1],258.8543838878261,-205.2497620841764,17.861502935219164,0.002097922226626455,occluder,22.540320120979132,17.861113918173753,20.183858,0.943297
3822,4.9,true_threat,APF,follower_1,127,vehicle.tesla.model3,follower,-4,left,0,[0],295.3042113050295,-201.7497632862284,31.171357880199526,-0.0680156269908418,ego,30.634965597206886,31.00469656066137,32.0,0.996942
3822,4.9,true_threat,APF,follower_2,128,vehicle.mercedes.coupe_2020,follower,-4,left,0,[0],255.99061116508295,-201.7520510849773,31.04512523217721,-0.3288675181025987,follower_1,34.57484848003078,30.990996280207046,32.0,1.023943
3822,4.9,true_threat,APF,follower_3,129,vehicle.mercedes.coupe_2020,follower,-4,left,0,[0],216.77341520034526,-201.751818813607,30.286494262864824,-0.30571176933835614,follower_2,34.505562740713145,30.266561967489913,32.0,0.992958
3822,4.9,true_threat,APF,follower_4,130,vehicle.audi.a2,follower,-4,left,0,[0],170.0216115067632,-201.75054056798749,27.765653272533,-0.16304038041964528,follower_3,42.436139917610745,27.79071237652553,30.125674,0.878966
3823,4.95,true_threat,APF,occluder,121,vehicle.carlamotors.firetruck,occluder,-5,centre,1,[1],289.0224782986407,-205.2551413061631,18.92497559562717,0.3344725084882422,latent_vehicle,39.77265505108342,18.910534023955602,19.060993,1.021082
3823,4.95,true_threat,APF,lead_left,123,vehicle.mercedes.coupe_2020,leader,-4,left,0,[0],431.51265435595474,-201.7499584654183,22.52891470676432,-0.3369136255933619,,,22.555021460978022,23.287836,0.948219
3823,4.95,true_threat,APF,lead_centre,124,vehicle.nissan.patrol_2021,leader,-5,centre,1,[1],417.47893527948315,-205.24954289001016,19.96564598379576,-0.3690331766118785,,,19.98451972412228,20.011235,1.074628
3823,4.95,true_threat,APF,lead_right,125,vehicle.nissan.patrol_2021,leader,-6,right,2,[2],438.2194493373356,-208.74957826286973,23.53595893557485,-0.33889752625062475,,,23.547276126223043,23.123141,0.908861
3823,4.95,true_threat,APF,rear_centre,126,vehicle.tesla.model3,follower,-5,centre,1,[1],259.7475418937414,-205.24974730892092,17.861571592852293,0.0013731535057546524,occluder,22.59229155350188,17.861755931956175,20.183858,0.943297
3823,4.95,true_threat,APF,follower_1,127,vehicle.tesla.model3,follower,-4,left,0,[0],296.8626830553991,-201.74970465106648,31.168050561409444,-0.06614636490537759,ego,30.54884878627243,30.98422816772975,32.0,0.996942
3823,4.95,true_threat,APF,follower_2,128,vehicle.mercedes.coupe_2020,follower,-4,left,0,[0],257.5423690174234,-201.75190318745743,31.02850826315377,-0.33233851917049273,follower_1,34.58089097055873,30.97532850590933,32.0,1.023943
3823,4.95,true_threat,APF,follower_3,129,vehicle.mercedes.coupe_2020,follower,-4,left,0,[0],218.28730074043634,-201.75168383586225,30.271063704023238,-0.30861061217965036,follower_2,34.54355714408949,30.251548958651394,32.0,0.992958
3823,4.95,true_threat,APF,follower_4,130,vehicle.audi.a2,follower,-4,left,0,[0],171.40967311600411,-201.75055532539642,27.75785792773694,-0.15590689304237162,follower_3,42.562299547006134,27.782603515489814,30.125674,0.878966
3824,5.0,true_threat,APF,occluder,121,vehicle.carlamotors.firetruck,occluder,-5,centre,1,[1],289.9692251686253,-205.255108249582,18.941676332595762,0.3340147474703308,latent_vehicle,40.258601554944576,18.92699071205635,19.060993,1.021082
3824,5.0,true_threat,APF,lead_left,123,vehicle.mercedes.coupe_2020,leader,-4,left,0,[0],432.63863098827613,-201.74997107785703,22.51164177568691,-0.3454586140887621,,,22.538375688899666,23.287836,0.948219
3824,5.0,true_threat,APF,lead_centre,124,vehicle.nissan.patrol_2021,leader,-5,centre,1,[1],418.47655495965273,-205.249522996239,19.947217215422636,-0.3685753461695468,,,19.966354071819556,20.011235,1.074628
3824,5.0,true_threat,APF,lead_right,125,vehicle.nissan.patrol_2021,leader,-6,right,2,[2],439.39571893027517,-208.74955845955864,23.518241582620742,-0.35434705697349433,,,23.530559061025603,23.123141,0.908861
3824,5.0,true_threat,APF,rear_centre,126,vehicle.tesla.model3,follower,-5,centre,1,[1],260.6407304172331,-205.24973252325466,17.861604014550483,0.0006484342252742845,occluder,22.645025935844117,17.862358686829822,20.183858,0.943297
3824,5.0,true_threat,APF,follower_1,127,vehicle.tesla.model3,follower,-4,left,0,[0],298.4210022230924,-201.74966132674663,31.164789021889284,-0.06523077670536771,ego,30.45089135872462,30.96535587426692,32.0,0.996942
3824,5.0,true_threat,APF,follower_2,128,vehicle.mercedes.coupe_2020,follower,-4,left,0,[0],259.0933029004078,-201.75177082981673,31.011832193234653,-0.33352073022619394,follower_1,34.58760486858789,30.95949973269906,32.0,1.023943
3824,5.0,true_threat,APF,follower_3,129,vehicle.mercedes.coupe_2020,follower,-4,left,0,[0],219.80039282354232,-201.75154912879773,30.255600743349426,-0.30925881315387316,follower_2,34.58142945633889,30.236390997092638,32.0,0.992958
3824,5.0,true_threat,APF,follower_4,130,vehicle.audi.a2,follower,-4,left,0,[0],172.79733799675247,-201.75057021814544,27.75047456937267,-0.1476671639808838,follower_3,42.688123477856294,27.774846456665447,30.125674,0.878966
3825,5.05,true_threat,APF,occluder,121,vehicle.carlamotors.firetruck,occluder,-5,centre,1,[1],290.9168265307477,-205.2550749014991,18.958316035543376,0.3327940663634652,latent_vehicle,40.74293199107106,18.943423945421124,19.060993,1.021082
3825,5.05,true_threat,APF,lead_left,123,vehicle.mercedes.coupe_2020,leader,-4,left,0,[0],433.7636310581544,-201.74998402344062,22.49407129418104,-0.35140962573395634,,,22.52130727266366,23.287836,0.948219
3825,5.05,true_threat,APF,lead_centre,124,vehicle.nissan.patrol_2021,leader,-5,centre,1,[1],419.47344224401684,-205.24957964626736,19.928937220570507,-0.36559987364520985,,,19.948210165628684,20.011235,1.074628
3825,5.05,true_threat,APF,lead_right,125,vehicle.nissan.patrol_2021,leader,-6,right,2,[2],440.57107300112955,-208.74955422735903,23.49988717614906,-0.3670881271156099,,,23.51307937904354,23.123141,0.908861
3825,5.05,true_threat,APF,rear_centre,126,vehicle.tesla.model3,follower,-5,centre,1,[1],261.5338884231485,-205.2497177479992,17.861604012977523,-3.136246339189739e-08,occluder,22.698584282337023,17.862921444914775,20.183858,0.943297
3825,5.05,true_threat,APF,follower_1,127,vehicle.tesla.model3,follower,-4,left,0,[0],299.97916880290387,-201.74961805448066,31.161502689006166,-0.06572664153002115,ego,30.342466595088453,30.94646029293111,32.0,0.996942
3825,5.05,true_threat,APF,follower_2,128,vehicle.mercedes.coupe_2020,follower,-4,left,0,[0],260.64338229125445,-201.75163876367782,30.99520001670257,-0.3326430416912264,follower_1,34.59499015329672,30.943616311001886,32.0,1.023943
3825,5.05,true_threat,APF,follower_3,129,vehicle.mercedes.coupe_2020,follower,-4,left,0,[0],221.31269141843086,-201.7513231396844,30.2402121899547,-0.3077708076937254,follower_2,34.61927125621733,30.221199548186746,32.0,0.992958
3825,5.05,true_threat,APF,follower_4,130,vehicle.audi.a2,follower,-4,left,0,[0],174.184667184161,-201.75058522541303,27.743550881855377,-0.13847374685779093,follower_3,42.81355068021392,27.767496351945233,30.125674,0.878966
3826,5.1000000000000005,true_threat,APF,occluder,121,vehicle.carlamotors.firetruck,occluder,-5,centre,1,[1],291.8652518726369,-205.2550565311134,18.97486227965092,0.3309248879635478,latent_vehicle,41.22555480152846,18.9597962158697,19.060993,1.021082
3826,5.1000000000000005,true_threat,APF,lead_left,123,vehicle.mercedes.coupe_2020,leader,-4,left,0,[0],434.8878987009947,-201.74998196009471,22.476329147239888,-0.3548429367100508,,,22.50394434661339,23.287836,0.948219
3826,5.1000000000000005,true_threat,APF,lead_centre,124,vehicle.nissan.patrol_2021,leader,-5,centre,1,[1],420.4693529659378,-205.2496366294406,19.91092806537252,-0.360183081454597,,,19.930211954374727,20.011235,1.074628
3826,5.1000000000000005,true_threat,APF,lead_right,125,vehicle.nissan.patrol_2021,leader,-6,right,2,[2],441.7455115394881,-208.74953504869458,23.481023507137287,-0.3772733780229615,,,23.494970623540794,23.123141,0.908861
3826,5.1000000000000005,true_threat,APF,rear_centre,126,vehicle.tesla.model3,follower,-5,centre,1,[1],262.4270464342692,-205.2497182315319,17.861581125334347,-0.0004577528945796751,occluder,22.75302763854404,17.863447119696005,20.183858,0.943297
3826,5.1000000000000005,true_threat,APF,follower_1,127,vehicle.tesla.model3,follower,-4,left,0,[0],301.5371522772573,-201.7495748446794,31.158122897523583,-0.06759581155389567,ego,30.221499242912827,30.91914109024815,32.0,0.996942
3826,5.1000000000000005,true_threat,APF,follower_2,128,vehicle.mercedes.coupe_2020,follower,-4,left,0,[0],262.1926376919235,-201.7514612022654,30.97871854241117,-0.329629153136165,follower_1,34.6030773422616,30.927773159177033,32.0,1.023943
3826,5.1000000000000005,true_threat,APF,follower_3,129,vehicle.mercedes.coupe_2020,follower,-4,left,0,[0],222.82425759148705,-201.7510974004297,30.224993410123297,-0.30437545118007975,follower_2,34.6570520521754,30.20607989994579,32.0,0.992958
3826,5.1000000000000005,true_threat,APF,follower_4,130,vehicle.audi.a2,follower,-4,left,0,[0],175.5716301606533,-201.75060035760993,27.737126919576962,-0.12847924195051993,follower_3,42.938520087693966,27.760600788797614,30.125674,0.878966
3827,5.15,true_threat,APF,occluder,121,vehicle.carlamotors.firetruck,occluder,-5,centre,1,[1],292.8144706663058,-205.2550226312593,18.99127310266563,0.3282164661323977,latent_vehicle,41.70637836071232,18.97607564824197,19.060993,1.021082
3827,5.15,true_threat,APF,lead_left,123,vehicle.mercedes.coupe_2020,leader,-4,left,0,[0],436.01112875144474,-201.7499955095034,22.458543128151902,-0.3557203809857374,,,22.486411290020765,23.287836,0.948219
3827,5.15,true_threat,APF,lead_centre,124,vehicle.nissan.patrol_2021,leader,-5,centre,1,[1],421.4643481553628,-205.249678666149,19.89329846892967,-0.3525919076962341,,,19.912479650596712,20.011235,1.074628
3827,5.15,true_threat,APF,lead_right,125,vehicle.nissan.patrol_2021,leader,-6,right,2,[2],442.9189735206089,-208.74953146196322,23.46177836866254,-0.38490276722730693,,,23.476358822287754,23.123141,0.908861
3827,5.15,true_threat,APF,rear_centre,126,vehicle.tesla.model3,follower,-5,centre,1,[1],263.32020444018457,-205.24970345627642,17.861533442990364,-0.0009536469692103934,occluder,22.808294969312513,17.863943971670928,20.183858,0.943297
3827,5.15,true_threat,APF,follower_1,127,vehicle.tesla.model3,follower,-4,left,0,[0],303.0949526461526,-201.74953169734277,31.15458098305774,-0.07083826931187238,ego,30.08203833837196,30.886302477036956,32.0,0.996942
3827,5.15,true_threat,APF,follower_2,128,vehicle.mercedes.coupe_2020,follower,-4,left,0,[0],263.7410996147859,-201.75122287638047,30.96249076570388,-0.3245553330417062,follower_1,34.61180541594598,30.91206861394749,32.0,1.023943
3827,5.15,true_threat,APF,follower_3,129,vehicle.mercedes.coupe_2020,follower,-4,left,0,[0],224.33506083554528,-201.75090243902082,30.21004549155951,-0.2989583079830829,follower_2,34.69474127978826,30.19112648892047,32.0,0.992958
3827,5.15,true_threat,APF,follower_4,130,vehicle.audi.a2,follower,-4,left,0,[0],176.9583184789585,-201.75061558350384,27.731246551693044,-0.1176073540043714,follower_3,43.06312328425782,27.754199781155908,30.125674,0.878966
3828,5.2,true_threat,APF,occluder,121,vehicle.carlamotors.firetruck,occluder,-5,centre,1,[1],293.7645134345361,-205.25498845031422,19.007517988595325,0.32489772193391786,latent_vehicle,42.185250080740914,18.992220991639716,19.060993,1.021082
3828,5.2,true_threat,APF,lead_left,123,vehicle.mercedes.coupe_2020,leader,-4,left,0,[0],437.1335653397042,-201.74999407080415,22.440835306824496,-0.35415642648802204,,,22.468834381913876,23.287836,0.948219
3828,5.2,true_threat,APF,lead_centre,124,vehicle.nissan.patrol_2021,leader,-5,centre,1,[1],422.4584888578555,-205.24973625314738,19.876160965407742,-0.34275005109261286,,,19.895120344021816,20.011235,1.074628
3828,5.2,true_threat,APF,lead_right,125,vehicle.nissan.patrol_2021,leader,-6,right,2,[2],444.0913979041337,-208.74952822919826,23.442279552414398,-0.38997632278466926,,,23.457370020155807,23.123141,0.908861
3828,5.2,true_threat,APF,rear_centre,126,vehicle.tesla.model3,follower,-5,centre,1,[1],264.21336244609995,-205.24968868102096,17.86146287497914,-0.0014113605607645168,occluder,22.864355757066036,17.864409160435034,20.183858,0.943297
3828,5.2,true_threat,APF,follower_1,127,vehicle.tesla.model3,follower,-4,left,0,[0],304.65256991479527,-201.74950387125898,31.150814002827673,-0.07533958305592932,ego,29.925365604056367,30.85458098305774,32.0,0.996942
3828,5.2,true_threat,APF,follower_2,128,vehicle.mercedes.coupe_2020,follower,-4,left,0,[0],265.2887375682923,-201.75100009037473,30.94660442307257,-0.317726752143718,follower_1,34.62114386197888,30.89659768830255,32.0,1.023943
3828,5.2,true_threat,APF,follower_3,129,vehicle.mercedes.coupe_2020,follower,-4,left,0,[0],225.84513164736035,-201.75067720989423,30.1954580776476,-0.29174826279608335,follower_2,34.732399958592445,30.17643940644019,32.0,0.992958
3828,5.2,true_threat,APF,follower_4,130,vehicle.audi.a2,follower,-4,left,0,[0],178.34476265665288,-201.750630892684,27.725926944352523,-0.10639214311317832,follower_3,43.18723821001087,27.74833711308514,30.125674,0.878966
3829,5.25,true_threat,APF,occluder,121,vehicle.carlamotors.firetruck,occluder,-5,centre,1,[1],294.71538017732786,-205.25495398827812,19.02356451214785,0.32093047253370727,latent_vehicle,42.66207833080425,19.008202259429076,19.060993,1.021082
3829,5.25,true_threat,APF,lead_left,123,vehicle.mercedes.coupe_2020,leader,-4,left,0,[0],438.2550253707258,-201.75000822403797,22.42332012535875,-0.35030362942903576,,,22.451334259233878,23.287836,0.948219
3829,5.25,true_threat,APF,lead_centre,124,vehicle.nissan.patrol_2021,leader,-5,centre,1,[1],423.45183609815774,-205.24977885203776,19.859614735477898,-0.3309245829559322,,,19.878244897909344,20.011235,1.074628
3829,5.25,true_threat,APF,lead_right,125,vehicle.nissan.patrol_2021,leader,-6,right,2,[2],445.2628457408316,-208.74957110594275,23.422652943471412,-0.39253217675267615,,,23.43813027658981,23.123141,0.908861
3829,5.25,true_threat,APF,rear_centre,126,vehicle.tesla.model3,follower,-5,centre,1,[1],265.10655096959164,-205.2496738953547,17.861375143054907,-0.0017546385535322894,occluder,22.921240519381016,17.864843977586567,20.183858,0.943297
3829,5.25,true_threat,APF,follower_1,127,vehicle.tesla.model3,follower,-4,left,0,[0],306.2100041092121,-201.7495676603689,31.146749476854225,-0.08129049705359873,ego,29.75239654643495,30.850814002827672,32.0,0.996942
3829,5.25,true_threat,APF,follower_2,128,vehicle.mercedes.coupe_2020,follower,-4,left,0,[0],266.8356125823899,-201.75077756463844,30.93114915803674,-0.309105265925187,follower_1,34.63112317711516,30.881441552579208,32.0,1.023943
3829,5.25,true_threat,APF,follower_3,129,vehicle.mercedes.coupe_2020,follower,-4,left,0,[0],227.35447003734305,-201.75045223062634,30.181313184012424,-0.2828978742706471,follower_2,34.76996710028373,30.16210697458504,32.0,0.992958
3829,5.25,true_threat,APF,follower_4,130,vehicle.audi.a2,follower,-4,left,0,[0],179.73090165858378,-201.7506463059719,27.721194800486153,-0.094642873651136,follower_3,43.310864844131544,27.743030144564536,30.125674,0.878966
3830,5.3,true_threat,APF,occluder,121,vehicle.carlamotors.firetruck,occluder,-5,centre,1,[1],295.6670098595283,-205.25491926597257,19.03937261896586,0.31616213587141057,latent_vehicle,43.13671049699377,19.023987591323316,19.060993,1.021082
3830,5.3,true_threat,APF,lead_left,123,vehicle.mercedes.coupe_2020,leader,-4,left,0,[0],439.3756919447625,-201.750022647952,22.406112024535705,-0.3441620164047597,,,22.434024033788546,23.287836,0.948219
3830,5.3,true_threat,APF,lead_centre,124,vehicle.nissan.patrol_2021,leader,-5,centre,1,[1],424.44432885152753,-205.2498370012181,19.84375514698933,-0.31719175790957893,,,19.86195104160059,20.011235,1.074628
3830,5.3,true_threat,APF,lead_right,125,vehicle.nissan.patrol_2021,leader,-6,right,2,[2],446.4333780658552,-208.74966007137508,23.403016795548115,-0.39272295683334835,,,23.41876378623018,23.123141,0.908861
3830,5.3,true_threat,APF,rear_centre,126,vehicle.tesla.model3,follower,-5,centre,1,[1],265.99958690520157,-205.24965916174233,17.861275967595137,-0.001983509613795646,occluder,22.97891873868106,17.86525322289623,20.183858,0.943297
3830,5.3,true_threat,APF,follower_1,127,vehicle.tesla.model3,follower,-4,left,0,[0],307.7671941578128,-201.7496162739769,31.142332089152223,-0.08834773294417801,ego,29.563283446271512,30.846749476854225,32.0,0.996942
3830,5.3,true_threat,APF,follower_2,128,vehicle.mercedes.coupe_2020,follower,-4,left,0,[0],268.3817551694498,-201.75054002997263,30.916205078283582,-0.2988815926089929,follower_1,34.64168235743438,30.866682539341955,32.0,1.023943
3830,5.3,true_threat,APF,follower_3,129,vehicle.mercedes.coupe_2020,follower,-4,left,0,[0],228.86316755822241,-201.75022746998474,30.16769091868201,-0.27244529586061916,follower_2,34.80750372439867,30.14821062377993,32.0,0.992958
3830,5.3,true_threat,APF,follower_4,130,vehicle.audi.a2,follower,-4,left,0,[0],181.11685755505658,-201.7506617817245,27.71706347161064,-0.08262657389869565,follower_3,43.434064232183346,27.738305634333475,30.125674,0.878966
3831,5.3500000000000005,true_threat,APF,occluder,121,vehicle.carlamotors.firetruck,occluder,-5,centre,1,[1],296.6194330039193,-205.25489953177498,19.05491560588866,0.3108597363577086,latent_vehicle,43.60911597844681,19.03953763069192,19.060993,1.021082
3831,5.3500000000000005,true_threat,APF,lead_left,123,vehicle.mercedes.coupe_2020,leader,-4,left,0,[0],440.4955040214559,-201.75002210457964,22.38931209441453,-0.33599860217638333,,,22.417016828462334,23.287836,0.948219
3831,5.3500000000000005,true_threat,APF,lead_centre,124,vehicle.nissan.patrol_2021,leader,-5,centre,1,[1],425.436089183065,-205.24989540025712,19.82866612187135,-0.30178049520269057,,,19.84633276228712,20.011235,1.074628
3831,5.3500000000000005,true_threat,APF,lead_right,125,vehicle.nissan.patrol_2021,leader,-6,right,2,[2],447.60287278807755,-208.74973413198566,23.383485547806238,-0.390624954057675,,,23.39938722977335,23.123141,0.908861
3831,5.3500000000000005,true_threat,APF,rear_centre,126,vehicle.tesla.model3,follower,-5,centre,1,[1],266.8925618108642,-205.24965970773968,17.861167257712612,-0.0021741974249039385,occluder,23.03751248527159,17.865641954131092,20.183858,0.943297
3831,5.3500000000000005,true_threat,APF,follower_1,127,vehicle.tesla.model3,follower,-4,left,0,[0],309.3241400658027,-201.7496649708711,31.137523692493776,-0.0961679140021756,ego,29.357354854421658,30.842332089152222,32.0,0.996942
3831,5.3500000000000005,true_threat,APF,follower_2,128,vehicle.mercedes.coupe_2020,follower,-4,left,0,[0],269.9271348171009,-201.75030275557626,30.901858013771772,-0.2869412882323119,follower_1,34.6527298189752,30.852394554513335,32.0,1.023943
3831,5.3500000000000005,true_threat,APF,follower_3,129,vehicle.mercedes.coupe_2020,follower,-4,left,0,[0],230.37116317484572,-201.75000294879106,30.154663760377442,-0.26054311841625083,follower_2,34.84494879057917,30.134829324437263,32.0,0.992958
3831,5.3500000000000005,true_threat,APF,follower_4,130,vehicle.audi.a2,follower,-4,left,0,[0],182.50259982849494,-201.75067733035252,27.713553938562086,-0.07019065743567553,follower_3,43.5568058565899,27.734177129220292,30.125674,0.878966
3832,5.4,true_threat,APF,occluder,121,vehicle.carlamotors.firetruck,occluder,-5,centre,1,[1],297.5726496000899,-205.254864268109,19.070157233289876,0.3048325444301824,latent_vehicle,44.07914215604933,19.05482615446313,19.060993,1.021082
3832,5.4,true_threat,APF,lead_left,123,vehicle.mercedes.coupe_2020,leader,-4,left,0,[0],441.6144616112168,-201.75003711149722,22.37302333189708,-0.3257752495430948,,,22.400412582638705,23.287836,0.948219
3832,5.4,true_threat,APF,lead_centre,124,vehicle.nissan.patrol_2021,leader,-5,centre,1,[1],426.427056052412,-205.24993881118817,19.814433490579937,-0.284652622887333,,,19.831472785487353,20.011235,1.074628
3832,5.4,true_threat,APF,lead_right,125,vehicle.nissan.patrol_2021,leader,-6,right,2,[2],448.7714519882147,-208.74982376370775,23.3641812713582,-0.3860855288704401,,,23.380113539323474,23.123141,0.908861
3832,5.4,true_threat,APF,rear_centre,126,vehicle.tesla.model3,follower,-5,centre,1,[1],267.78553671132147,-205.24964499494888,17.86105091681782,-0.0023268181914289903,occluder,23.096960723999885,17.866011410777332,20.183858,0.943297
3832,5.4,true_threat,APF,follower_1,127,vehicle.tesla.model3,follower,-4,left,0,[0],310.88084183838714,-201.7497290098397,31.132303305807863,-0.10440771712829908,ego,29.139463013471158,30.837523692493775,32.0,0.996942
3832,5.4,true_threat,APF,follower_2,128,vehicle.mercedes.coupe_2020,follower,-4,left,0,[0],271.47178204291964,-201.75006573103855,30.888167092115477,-0.27381840304173527,follower_1,34.66429607931393,30.838658178662165,32.0,1.023943
3832,5.4,true_threat,APF,follower_3,129,vehicle.mercedes.coupe_2020,follower,-4,left,0,[0],231.8785179275711,-201.74979390501187,30.142292744420505,-0.2474202147336715,follower_2,34.88233282160699,30.12203516638525,32.0,0.992958
3832,5.4,true_threat,APF,follower_4,130,vehicle.audi.a2,follower,-4,left,0,[0],183.8882200316279,-201.75069292062364,27.71065475727927,-0.05798362221495952,follower_3,43.67905919977487,27.730665682536703,30.125674,0.878966
3833,5.45,true_threat,APF,occluder,121,vehicle.carlamotors.firetruck,occluder,-5,centre,1,[1],298.5265681005166,-205.25482876499515,19.085065076336544,0.2981568559151244,latent_vehicle,44.546788962131274,19.069817567222742,19.060993,1.021082
3833,5.45,true_threat,APF,lead_left,123,vehicle.mercedes.coupe_2020,leader,-4,left,0,[0],442.7326257387874,-201.75003713030685,22.35734110565409,-0.3136445238270466,,,22.3843131302469,23.287836,0.948219
3833,5.45,true_threat,APF,lead_centre,124,vehicle.nissan.patrol_2021,leader,-5,centre,1,[1],427.41735154028464,-205.24999770994452,19.801122103751595,-0.2662277364721328,,,19.817455723940988,20.011235,1.074628
3833,5.45,true_threat,APF,lead_right,125,vehicle.nissan.patrol_2021,leader,-6,right,2,[2],449.93905462590874,-208.74991372857474,23.345212684283524,-0.3793717422423314,,,23.36106319372739,23.123141,0.908861
3833,5.45,true_threat,APF,rear_centre,126,vehicle.tesla.model3,follower,-5,centre,1,[1],268.67848109420237,-205.24963029256887,17.860934578367964,-0.002326768442539397,occluder,23.157202419713272,17.866362667307186,20.183858,0.943297
3833,5.45,true_threat,APF,follower_1,127,vehicle.tesla.model3,follower,-4,left,0,[0],312.43729946515543,-201.74977787330636,31.126661391159253,-0.11283828176163373,ego,28.915467178354987,30.832303305807862,32.0,0.996942
3833,5.45,true_threat,APF,follower_2,128,vehicle.mercedes.coupe_2020,follower,-4,left,0,[0],273.0158189172114,-201.7498289147164,30.875187626168273,-0.2595892372372181,follower_1,34.67635062607964,30.82552907726611,32.0,1.023943
3833,5.45,true_threat,APF,follower_3,129,vehicle.mercedes.coupe_2020,follower,-4,left,0,[0],233.3852623287695,-201.74958506944824,30.130635090904427,-0.23315289665044633,follower_2,34.91962529470036,30.109888325156213,32.0,0.992958
3833,5.45,true_threat,APF,follower_4,130,vehicle.audi.a2,follower,-4,left,0,[0],185.2736876468791,-201.75070856294866,27.708383093899933,-0.045433264243808384,follower_3,43.80079374936729,27.72776025620329,30.125674,0.878966
3834,5.5,true_threat,APF,occluder,121,vehicle.carlamotors.firetruck,occluder,-5,centre,1,[1],299.48128005792836,-205.25479299120107,19.099606710857607,0.2908326834902807,latent_vehicle,45.01202583226778,19.084480029032935,19.060993,1.021082
3834,5.5,true_threat,APF,lead_left,123,vehicle.mercedes.coupe_2020,leader,-4,left,0,[0],443.850057449731,-201.75005265776332,22.34234933949064,-0.2998353221372579,,,22.3688127746296,23.287836,0.948219
3834,5.5,true_threat,APF,lead_centre,124,vehicle.nissan.patrol_2021,leader,-5,centre,1,[1],428.407036671425,-205.25004155812826,19.78880062497571,-0.24642957749390898,,,19.804345533578974,20.011235,1.074628
3834,5.5,true_threat,APF,lead_right,125,vehicle.nissan.patrol_2021,leader,-6,right,2,[2],451.10574169987467,-208.74989719424784,23.32668659666807,-0.3705217536158272,,,23.34234350946218,23.123141,0.908861
3834,5.5,true_threat,APF,rear_centre,126,vehicle.tesla.model3,follower,-5,centre,1,[1],269.57145599465963,-205.24961557977804,17.860818239394433,-0.0023267796443211175,occluder,23.21817653725904,17.866702453877917,20.183858,0.943297
3834,5.5,true_threat,APF,follower_1,127,vehicle.tesla.model3,follower,-4,left,0,[0],313.99348243894195,-201.74984208925818,31.12059222683143,-0.12138327694746333,ego,28.68820535353899,30.826661391159252,32.0,0.996942
3834,5.5,true_threat,APF,follower_2,128,vehicle.mercedes.coupe_2020,follower,-4,left,0,[0],274.5592149328106,-201.74962283459692,30.86298637324467,-0.24402490715912917,follower_1,34.68877137855617,30.81305934279675,32.0,1.023943
3834,5.5,true_threat,APF,follower_3,129,vehicle.mercedes.coupe_2020,follower,-4,left,0,[0],234.8914879624023,-201.74946796359686,30.119742298543517,-0.2178555962377526,follower_2,34.956917767793726,30.09844556854326,32.0,0.992958
3834,5.5,true_threat,APF,follower_4,130,vehicle.audi.a2,follower,-4,left,0,[0],186.65903319182493,-201.7507242469168,27.70672368962508,-0.0331880822510178,follower_3,43.92207053531447,27.725478079379894,30.125674,0.878966
3835,5.55,true_threat,APF,occluder,121,vehicle.carlamotors.firetruck,occluder,-5,centre,1,[1],300.43663288444344,-205.25475699878064,19.113757340483392,0.28301258467653767,latent_vehicle,45.474791668841476,19.098781704338556,19.060993,1.021082
3835,5.55,true_threat,APF,lead_left,123,vehicle.mercedes.coupe_2020,leader,-4,left,0,[0],444.96669570368954,-201.7500684559,22.328122419695166,-0.2845383946596036,,,22.353994514218556,23.287836,0.948219
3835,5.55,true_threat,APF,lead_centre,124,vehicle.nissan.patrol_2021,leader,-5,centre,1,[1],429.3961724913963,-205.25010085249414,19.77752436850043,-0.2255251318204528,,,19.792209927919203,20.011235,1.074628
3835,5.55,true_threat,APF,lead_right,125,vehicle.nissan.patrol_2021,leader,-6,right,2,[2],452.27157429211354,-208.74991146899907,23.308700287937125,-0.359726175445457,,,23.324059933299313,23.123141,0.908861
3835,5.55,true_threat,APF,rear_centre,126,vehicle.tesla.model3,follower,-5,centre,1,[1],270.4644308951169,-205.24960086698724,17.860705717099147,-0.002250445108841072,occluder,23.279913594213554,17.86703038356837,20.183858,0.943297
3835,5.55,true_threat,APF,follower_1,127,vehicle.tesla.model3,follower,-4,left,0,[0],315.5493297141833,-201.74989116094036,31.11411297628765,-0.12958500544069992,ego,28.460423969938233,30.82059222683143,32.0,0.996942
3835,5.55,true_threat,APF,follower_2,128,vehicle.mercedes.coupe_2020,follower,-4,left,0,[0],276.10203113528075,-201.74947798743494,30.851597665638117,-0.22777391993702195,follower_1,34.7015583367435,30.801312596060118,32.0,1.023943
3835,5.55,true_threat,APF,follower_3,129,vehicle.mercedes.coupe_2020,follower,-4,left,0,[0],236.39716427966079,-201.7493510451395,30.10965060547202,-0.20183353720021674,follower_2,34.99408814976015,30.087757874069865,32.0,0.992958
3835,5.55,true_threat,APF,follower_4,130,vehicle.audi.a2,follower,-4,left,0,[0],188.04434821919438,-201.7507399412957,27.70566891505862,-0.021095488177506127,follower_3,44.042950624001435,27.7238043157263,30.125674,0.878966
3836,5.6000000000000005,true_threat,APF,occluder,121,vehicle.carlamotors.firetruck,occluder,-5,centre,1,[1],301.39274865557263,-205.25473600487896,19.127480726359043,0.27446770839112705,latent_vehicle,45.9351169269641,19.11269826158525,19.060993,1.021082
3836,5.6000000000000005,true_threat,APF,lead_left,123,vehicle.mercedes.coupe_2020,leader,-4,left,0,[0],446.08272360091564,-201.75006920346408,22.31473282587666,-0.2677918751331698,,,22.33993192562327,23.287836,0.948219
3836,5.6000000000000005,true_threat,APF,lead_centre,124,vehicle.nissan.patrol_2021,leader,-5,centre,1,[1],430.38469795984076,-205.2501603550756,19.767335295327406,-0.20378146492439855,,,19.781103473077646,20.011235,1.074628
3836,5.6000000000000005,true_threat,APF,lead_right,125,vehicle.nissan.patrol_2021,leader,-6,right,2,[2],453.43643031670376,-208.749910818107,23.291351030208595,-0.34698515459632917,,,23.30630851801883,23.123141,0.908861
3836,5.6000000000000005,true_threat,APF,rear_centre,126,vehicle.tesla.model3,follower,-5,centre,1,[1],271.35740580077953,-205.2496014129846,17.86060082319747,-0.0020978781648273706,occluder,23.342291520271374,17.86734959097253,20.183858,0.943297
3836,5.6000000000000005,true_threat,APF,follower_1,127,vehicle.tesla.model3,follower,-4,left,0,[0],317.1048412960847,-201.74994034714112,31.107242714203675,-0.13740523914336622,ego,28.234594925210104,30.81411297628765,32.0,0.996942
3836,5.6000000000000005,true_threat,APF,follower_2,128,vehicle.mercedes.coupe_2020,follower,-4,left,0,[0],277.6442369914293,-201.74934860727666,30.841059649282496,-0.21076001340401163,follower_1,34.71458940951469,30.79032198563872,32.0,1.023943
3836,5.6000000000000005,true_threat,APF,follower_3,129,vehicle.mercedes.coupe_2020,follower,-4,left,0,[0],237.90244386842676,-201.74923426202224,30.100409602045985,-0.1848196783693905,follower_2,35.03122803497178,30.077861284841983,32.0,0.992958
3836,5.6000000000000005,true_threat,APF,follower_4,130,vehicle.audi.a2,follower,-4,left,0,[0],189.42960221141115,-201.75075565649618,27.705203511390426,-0.009308070295685285,follower_3,44.163311913890475,27.722731577652464,30.125674,0.878966
3837,5.65,true_threat,APF,occluder,121,vehicle.carlamotors.firetruck,occluder,-5,centre,1,[1],302.3495052905998,-205.25469953356276,19.140755886065328,0.26550318521887506,latent_vehicle,46.39300154937631,19.126194121562527,19.060993,1.021082
3837,5.65,true_threat,APF,lead_left,123,vehicle.mercedes.coupe_2020,leader,-4,left,0,[0],447.1980801166675,-201.75008543885343,22.302247316074173,-0.2497101950383788,,,22.326696704616385,23.287836,0.948219
3837,5.65,true_threat,APF,lead_centre,124,vehicle.nissan.patrol_2021,leader,-5,centre,1,[1],431.37279617701097,-205.25020474461977,19.75827536767877,-0.18119855224629627,,,19.77106758078744,20.011235,1.074628
3837,5.65,true_threat,APF,lead_right,125,vehicle.nissan.patrol_2021,leader,-6,right,2,[2],454.60055391425635,-208.7498951582854,23.274720840689078,-0.3326037889852051,,,23.289185319492685,23.123141,0.908861
3837,5.65,true_threat,APF,rear_centre,126,vehicle.tesla.model3,follower,-5,centre,1,[1],272.25038072726375,-205.24966299413467,17.860505466463387,-0.0019071338285975893,occluder,23.405432385737925,17.867663557803663,20.183858,0.943297
3837,5.65,true_threat,APF,follower_1,127,vehicle.tesla.model3,follower,-4,left,0,[0],318.6599866722754,-201.75000491705939,31.10000814318155,-0.14469141964085902,ego,28.01273228049132,30.807242714203674,32.0,0.996942
3837,5.65,true_threat,APF,follower_2,128,vehicle.mercedes.coupe_2020,follower,-4,left,0,[0],279.18604612429067,-201.74923462124667,30.8314123782546,-0.19294502868044963,follower_1,34.72789513526763,30.780124959164272,32.0,1.023943
3837,5.65,true_threat,APF,follower_3,129,vehicle.mercedes.coupe_2020,follower,-4,left,0,[0],239.4072046583948,-201.74911765588823,30.09203645371933,-0.16746252164633468,follower_2,35.068154302354344,30.068803968711467,32.0,0.992958
3837,5.65,true_threat,APF,follower_4,130,vehicle.audi.a2,follower,-4,left,0,[0],190.81485620362793,-201.75077137169663,27.705302683076855,0.0019834367221102764,follower_3,44.28333751043967,27.72224503745394,30.125674,0.878966
3838,5.7,true_threat,APF,occluder,121,vehicle.carlamotors.firetruck,occluder,-5,centre,1,[1],303.30693330710125,-205.25464757442128,19.15354658159366,0.2558139009833355,latent_vehicle,46.84850652958774,19.139248708010953,19.060993,1.021082
3838,5.7,true_threat,APF,lead_left,123,vehicle.mercedes.coupe_2020,leader,-4,left,0,[0],448.3128262756869,-201.75008662367014,22.290719294941024,-0.23056042167137514,,,22.314354894001596,23.287836,0.948219
3838,5.7,true_threat,APF,lead_centre,124,vehicle.nissan.patrol_2021,leader,-5,centre,1,[1],432.3604671533176,-205.250264538703,19.750371289830568,-0.158081553084244,,,19.762143659825185,20.011235,1.074628
3838,5.7,true_threat,APF,lead_right,125,vehicle.nissan.patrol_2021,leader,-6,right,2,[2],455.7637619897238,-208.74989506957533,23.258903182749226,-0.3163531560321227,,,23.272771346114975,23.123141,0.908861
3838,5.7,true_threat,APF,rear_centre,126,vehicle.tesla.model3,follower,-5,centre,1,[1],273.14332514658236,-205.24975510327187,17.86042536005541,-0.0016021280917136941,occluder,23.469214094280872,17.86797370992081,20.183858,0.943297
3838,5.7,true_threat,APF,follower_1,127,vehicle.tesla.model3,follower,-4,left,0,[0],320.2147658323445,-201.7500543531188,31.092422613486985,-0.15171059423834643,ego,27.796056723219607,30.80000814318155,32.0,0.996942
3838,5.7,true_threat,APF,follower_2,128,vehicle.mercedes.coupe_2020,follower,-4,left,0,[0],280.7273364531487,-201.74910555341174,30.822671110153276,-0.1748249042100043,follower_1,34.74123137859688,30.7707598518432,32.0,1.023943
3838,5.7,true_threat,APF,follower_3,129,vehicle.mercedes.coupe_2020,follower,-4,left,0,[0],240.91159923224123,-201.74898591589533,30.084555954479054,-0.14960950164957731,follower_2,35.10520264524771,30.0606045299916,32.0,0.992958
3838,5.7,true_threat,APF,follower_4,130,vehicle.audi.a2,follower,-4,left,0,[0],192.2001406925995,-201.75072604133362,27.70594544924407,0.01285532628024668,follower_3,44.40284430819093,27.722320252206234,30.125674,0.878966
3839,5.75,true_threat,APF,occluder,121,vehicle.carlamotors.firetruck,occluder,-5,centre,1,[1],304.26497168554044,-205.2546259246406,19.165829924622834,0.2456668506995481,latent_vehicle,47.30157077518635,19.15182644747527,19.060993,1.021082
3839,5.75,true_threat,APF,lead_left,123,vehicle.mercedes.coupe_2020,leader,-4,left,0,[0],449.42708415348477,-201.75008797505933,22.280188818187234,-0.2106095343655346,,,22.302959337938017,23.287836,0.948219
3839,5.75,true_threat,APF,lead_centre,124,vehicle.nissan.patrol_2021,leader,-5,centre,1,[1],433.3477719135027,-205.25030919892737,19.74364594953969,-0.13450679792272777,,,19.75435808445417,20.011235,1.074628
3839,5.75,true_threat,APF,lead_right,125,vehicle.nissan.patrol_2021,leader,-6,right,2,[2],456.92623764335883,-208.74989523072392,23.24397244413927,-0.2986147686181681,,,23.257158910643387,23.123141,0.908861
3839,5.75,true_threat,APF,rear_centre,126,vehicle.tesla.model3,follower,-5,centre,1,[1],274.036300078272,-205.2498319432101,17.860360504659692,-0.001297108151420752,occluder,23.533697691463686,17.868285275163018,20.183858,0.943297
3839,5.75,true_threat,APF,follower_1,127,vehicle.tesla.model3,follower,-4,left,0,[0],321.7691482691264,-201.7501191833065,31.084501385384836,-0.15842456189440277,ego,27.58545324749295,30.792422613486984,32.0,0.996942
3839,5.75,true_threat,APF,follower_2,128,vehicle.mercedes.coupe_2020,follower,-4,left,0,[0],282.26823004830885,-201.74896136212874,30.814854917629617,-0.15632334065166947,follower_1,34.75472020980793,30.76224246583901,32.0,1.023943
3839,5.75,true_threat,APF,follower_3,129,vehicle.mercedes.coupe_2020,follower,-4,left,0,[0],242.4156276316092,-201.748961112349,30.07798145485585,-0.13148948479520928,follower_2,35.14209840025931,30.053286431061306,32.0,0.992958
3839,5.75,true_threat,APF,follower_4,130,vehicle.audi.a2,follower,-4,left,0,[0],193.58548620631296,-201.7506501725727,27.70711083096844,0.023307636825838043,follower_3,44.52195439306582,27.72293662093403,30.125674,0.878966
3840,5.8,true_threat,APF,occluder,121,vehicle.carlamotors.firetruck,occluder,-5,centre,1,[1],305.223620446739,-205.25469561937342,19.177577304054406,0.23494757920652415,latent_vehicle,47.752377313549474,19.163904894578597,19.060993,1.021082
3840,5.8,true_threat,APF,lead_left,123,vehicle.mercedes.coupe_2020,leader,-4,left,0,[0],450.54079271490843,-201.7500895138425,22.270709291552695,-0.1895905322222197,,,22.292549684288304,23.287836,0.948219
3840,5.8,true_threat,APF,lead_centre,124,vehicle.nissan.patrol_2021,leader,-5,centre,1,[1],434.3347715031296,-205.2503692220477,19.738106977708803,-0.11077942458983756,,,19.74773346236264,20.011235,1.074628
3840,5.8,true_threat,APF,lead_right,125,vehicle.nissan.patrol_2021,leader,-6,right,2,[2],458.08804190510875,-208.74988036212144,23.229989668627248,-0.2796555095874064,,,23.24242150361901,23.123141,0.908861
3840,5.8,true_threat,APF,rear_centre,126,vehicle.tesla.model3,follower,-5,centre,1,[1],274.92927498914,-205.24984774799563,17.86031471622714,-0.0009157699805846032,occluder,23.598761138213305,17.86859785381773,20.183858,0.943297
3840,5.8,true_threat,APF,follower_1,127,vehicle.tesla.model3,follower,-4,left,0,[0],323.32313397221037,-201.75016889004615,31.076255902470766,-0.16490965647585246,ego,27.38147134666889,30.784501385384836,32.0,0.996942
3840,5.8,true_threat,APF,follower_2,128,vehicle.mercedes.coupe_2020,follower,-4,left,0,[0],283.80878798656687,-201.74892409688152,30.80797524391723,-0.13759292722288682,follower_1,34.768209051429736,30.754591083179438,32.0,1.023943
3840,5.8,true_threat,APF,follower_3,129,vehicle.mercedes.coupe_2020,follower,-4,left,0,[0],243.9193508552137,-201.74893641291047,30.07231867266406,-0.11325513712438194,follower_2,35.17896359605146,30.04686340243969,32.0,0.992958
3840,5.8,true_threat,APF,follower_4,130,vehicle.audi.a2,follower,-4,left,0,[0],194.97092326755012,-201.75055901379127,27.70876068207724,0.03299702367968273,follower_3,44.64063727872031,27.724073472986607,30.125674,0.878966
3841,5.8500000000000005,true_threat,APF,occluder,121,vehicle.carlamotors.firetruck,occluder,-5,centre,1,[1],306.1828185191064,-205.25474986792406,19.18876964110006,0.22384673470642286,latent_vehicle,48.20095659978877,19.175455978041185,19.060993,1.021082
3841,5.8500000000000005,true_threat,APF,lead_left,123,vehicle.mercedes.coupe_2020,leader,-4,left,0,[0],451.6540740354685,-201.75010645716472,22.26229788082901,-0.16822821417069447,,,22.283178776089507,23.287836,0.948219
3841,5.8500000000000005,true_threat,APF,lead_centre,124,vehicle.nissan.patrol_2021,leader,-5,centre,1,[1],435.32152693132423,-205.25036829330156,19.733762003345035,-0.08689947065278265,,,19.74227736450989,20.011235,1.074628
3841,5.8500000000000005,true_threat,APF,lead_right,125,vehicle.nissan.patrol_2021,leader,-6,right,2,[2],459.2491747853844,-208.74988098134426,23.21702738988888,-0.2592456038037833,,,23.228619447421504,23.123141,0.908861
3841,5.8500000000000005,true_threat,APF,rear_centre,126,vehicle.tesla.model3,follower,-5,centre,1,[1],275.8222498895973,-205.24983303520483,17.86028990710611,-0.0004961834359475437,occluder,23.664434988543817,17.868914967775122,20.183858,0.943297
3841,5.8500000000000005,true_threat,APF,follower_1,127,vehicle.tesla.model3,follower,-4,left,0,[0],324.8766619116492,-201.75021875294746,31.06771096124121,-0.17089882023886052,ego,27.179655517065072,30.776255902470766,32.0,0.996942
3841,5.8500000000000005,true_threat,APF,follower_2,128,vehicle.mercedes.coupe_2020,follower,-4,left,0,[0],285.34901023148507,-201.74888694615285,30.80202254828869,-0.11905335529554369,follower_1,34.78163681625571,30.74781693026011,32.0,1.023943
3841,5.8500000000000005,true_threat,APF,follower_3,129,vehicle.mercedes.coupe_2020,follower,-4,left,0,[0],245.42282993820737,-201.74891179675814,30.06756379156161,-0.09509712982871765,follower_2,35.21579831070497,30.041341279292666,32.0,0.992958
3841,5.8500000000000005,true_threat,APF,follower_4,130,vehicle.audi.a2,follower,-4,left,0,[0],196.35642136914535,-201.75048309297648,27.710860670794855,0.04199977490338734,follower_3,44.75892344108767,27.72569314677938,30.125674,0.878966
3842,5.9,true_threat,APF,occluder,121,vehicle.carlamotors.firetruck,occluder,-5,centre,1,[1],307.14259643062985,-205.2548191774581,19.19937260570595,0.21205928793148518,latent_vehicle,48.64743066777193,19.186460998532493,19.060993,1.021082
3842,5.9,true_threat,APF,lead_left,123,vehicle.mercedes.coupe_2020,leader,-4,left,0,[0],452.76698914511235,-201.75012352541629,22.254988917187294,-0.14617927257736402,,,22.274863629033863,23.287836,0.948219
3842,5.9,true_threat,APF,lead_centre,124,vehicle.nissan.patrol_2021,leader,-5,centre,1,[1],436.3081602735973,-205.25032162983402,19.730597678940526,-0.06328646883413075,,,19.737997350747623,20.011235,1.074628
3842,5.9,true_threat,APF,lead_right,125,vehicle.nissan.patrol_2021,leader,-6,right,2,[2],460.4097583753128,-208.74995808190195,23.205133677322987,-0.23787458940406472,,,23.21582440743611,23.123141,0.908861
3842,5.9,true_threat,APF,rear_centre,126,vehicle.tesla.model3,follower,-5,centre,1,[1],276.7152247900545,-205.249818322414,17.860286080620185,-7.65299716326927e-05,occluder,23.730658160453956,17.86923830607964,20.183858,0.943297
3842,5.9,true_threat,APF,follower_1,127,vehicle.tesla.model3,follower,-4,left,0,[0],326.4297931278008,-201.75028400997704,31.058870376375474,-0.17681168961076368,ego,26.97722871649293,30.76771096124121,32.0,0.996942
3842,5.9,true_threat,APF,follower_2,128,vehicle.mercedes.coupe_2020,follower,-4,left,0,[0],286.8889883357924,-201.74884987871042,30.797000643487763,-0.10043754546524118,follower_1,34.79494251077632,30.74191172629236,32.0,1.023943
3842,5.9,true_threat,APF,follower_3,129,vehicle.mercedes.coupe_2020,follower,-4,left,0,[0],246.92609539816664,-201.74888725348126,30.063716808776697,-0.07693919356652403,follower_2,35.252541472629474,30.03671598368785,32.0,0.992958
3842,5.9,true_threat,APF,follower_4,130,vehicle.audi.a2,follower,-4,left,0,[0],197.74204154104598,-201.75040713051857,27.713372649954533,0.050239583016872695,follower_3,44.87690442248611,27.72776171313596,30.125674,0.878966
3843,5.95,true_threat,APF,occluder,121,vehicle.carlamotors.firetruck,occluder,-5,centre,1,[1],308.1029236533222,-205.25487304080997,19.20937284584409,0.20000480041211183,latent_vehicle,49.09179950188272,19.196886264233715,19.060993,1.021082
3843,5.95,true_threat,APF,lead_left,123,vehicle.mercedes.coupe_2020,leader,-4,left,0,[0],453.8795380386347,-201.75012545980903,22.248782399615628,-0.12413035117514648,,,22.267638223646497,23.287836,0.948219
3843,5.95,true_threat,APF,lead_centre,124,vehicle.nissan.patrol_2021,leader,-5,centre,1,[1],437.2946715507703,-205.25029026679775,19.728602562766625,-0.03990230349475432,,,19.734880308352807,20.011235,1.074628
3843,5.95,true_threat,APF,lead_right,125,vehicle.nissan.patrol_2021,leader,-6,right,2,[2],461.5696705941775,-208.75008118786124,23.194365341774766,-0.21536693613442287,,,23.204083900800654,23.123141,0.908861
3843,5.95,true_threat,APF,rear_centre,126,vehicle.tesla.model3,follower,-5,centre,1,[1],277.6081691729354,-205.249803620034,17.86030895792994,0.00045754661910346145,occluder,23.79746117152017,17.86956762143827,20.183858,0.943297
3843,5.95,true_threat,APF,follower_1,127,vehicle.tesla.model3,follower,-4,left,0,[0],327.98249709267816,-201.75033415396933,31.04974940727175,-0.182419370599467,ego,26.778280367853455,30.758870376375473,32.0,0.996942
3843,5.95,true_threat,APF,follower_2,128,vehicle.mercedes.coupe_2020,follower,-4,left,0,[0],288.4286917819127,-201.74881290496495,30.79289426867192,-0.08212696796153483,follower_1,34.80809562262057,30.7368791793657,32.0,1.023943
3843,5.95,true_threat,APF,follower_3,129,vehicle.mercedes.coupe_2020,follower,-4,left,0,[0],248.4292082858603,-201.7489085386228,30.060754834173053,-0.05923906962689066,follower_2,35.289254116977574,30.032987816425376,32.0,0.992958
3843,5.95,true_threat,APF,follower_4,130,vehicle.audi.a2,follower,-4,left,0,[0],199.12781429562295,-201.7503158572186,27.716269917066455,0.05794534169227938,follower_3,44.99454971054474,27.730241472854534,30.125674,0.878966
3844,6.0,true_threat,APF,occluder,121,vehicle.carlamotors.firetruck,occluder,-5,centre,1,[1],309.0636781220834,-205.25492675841093,19.218741750671327,0.18737809562364446,latent_vehicle,49.53415459759097,19.20671870499572,19.060993,1.021082
3844,6.0,true_threat,APF,lead_left,123,vehicle.mercedes.coupe_2020,leader,-4,left,0,[0],454.9918427967516,-201.75014273627613,22.243691679060092,-0.10181441081035411,,,22.26150259622992,23.287836,0.948219
3844,6.0,true_threat,APF,lead_centre,124,vehicle.nissan.patrol_2021,leader,-5,centre,1,[1],438.28099972248526,-205.25025896622614,19.727753765595935,-0.01697592296089001,,,19.732914991939076,20.011235,1.074628
3844,6.0,true_threat,APF,lead_right,125,vehicle.nissan.patrol_2021,leader,-6,right,2,[2],462.72909454223156,-208.75023497796937,23.184758154810197,-0.19214361472753042,,,23.193454071870423,23.123141,0.908861
3844,6.0,true_threat,APF,rear_centre,126,vehicle.tesla.model3,follower,-5,centre,1,[1],278.50114407339265,-205.24978890724316,17.86035472449976,0.0009153322525628529,occluder,23.8648440113316,17.86990854001535,20.183858,0.943297
3844,6.0,true_threat,APF,follower_1,127,vehicle.tesla.model3,follower,-4,left,0,[0],329.5346822639629,-201.75039973373305,31.040372850018784,-0.18753112962541751,ego,26.587815421337893,30.74974940727175,32.0,0.996942
3844,6.0,true_threat,APF,follower_2,128,vehicle.mercedes.coupe_2020,follower,-4,left,0,[0],289.968273178549,-201.74883700801533,30.789684347580632,-0.0641979305520335,follower_1,34.821096141377666,30.7327053634375,32.0,1.023943
3844,6.0,true_threat,APF,follower_3,129,vehicle.mercedes.coupe_2020,follower,-4,left,0,[0],249.9321686012884,-201.74897565218274,30.058666420201604,-0.04176790756308956,follower_2,35.32584467540414,30.03013413697304,32.0,0.992958
3844,6.0,true_threat,APF,follower_4,130,vehicle.audi.a2,follower,-4,left,0,[0],200.51373964328707,-201.7502397906529,27.71951051131519,0.06481188476179789,follower_3,45.11188984366143,27.733105936993784,30.125674,0.878966
