frame,time_s,condition,controller,hidden_visible,hidden_lidar_hits,lidar_frame,lidar_time_s,lidar_is_new,semantic_lidar_reveal_armed,ego_station_m,ego_local_y_m,hidden_station_m,hidden_local_y_m,hidden_reference_y_m,hidden_lateral_error_m,hidden_commanded_ay_mps2,hidden_road_lateral_velocity_mps,hidden_observation_submitted,hidden_aware_plan,ego_speed_mps,ego_accel_mps2,ego_throttle,ego_brake,ego_steer,commanded_ackermann_steer_rad,target_speed_mps,steer_limit_rad,steering_envelope_active,shield_active,minimum_clearance_m,minimum_ttc_s,minimum_oriented_clearance_m,minimum_oriented_clearance_actor_role,minimum_ttc_2d_s,minimum_ttc_2d_actor_role,hidden_oriented_clearance_m,hidden_ttc_2d_s,plan_age_s,plan_source_frame,plan_status,plan_rejection_reason,new_plan,latest_plan_status,planner_total_s,planner_decision_s,planner_mpc_s,planner_field_s,low_level_updated,low_level_time_s,physics_control_cycle_time_s,physics_control_deadline_miss,occluder_station_m,ego_pass_clearance_ahead_occluder_m,hidden_pass_clearance_ahead_occluder_m,ego_target_lane_error_m,ego_centre_lane_overlap,hidden_centre_lane_overlap,concurrent_centre_lane_overlap,hidden_center_geometric_visible_now,hidden_center_los_blocked,hidden_footprint_fully_blocked,hidden_footprint_blocked_sample_count,hidden_footprint_sample_count,hidden_footprint_blocked_sample_fraction,hidden_center_in_range,hidden_center_in_horizontal_fov,hidden_center_geometric_range_m,hidden_center_geometric_bearing_rad,hidden_center_geometric_clear_streak,hidden_center_geometric_reveal_confirmed,occluder_speed_mps,occluder_accel_mps2,lead_left_speed_mps,lead_left_accel_mps2,lead_centre_speed_mps,lead_centre_accel_mps2,lead_right_speed_mps,lead_right_accel_mps2,rear_centre_speed_mps,rear_centre_accel_mps2,follower_1_speed_mps,follower_1_accel_mps2,follower_2_speed_mps,follower_2_accel_mps2,follower_3_speed_mps,follower_3_accel_mps2,follower_4_speed_mps,follower_4_accel_mps2
3907,0.05,empty_shadow,APF,0,0,3906,,0,0,179.57935901874853,-201.750085920754,,,,,,,0,0,33.34039168931008,0.0,0.5769319534301758,0.0,0.00023186593898572028,0.0002832776808645576,33.27898622027667,0.006409697379289534,0,0,2.936315529617617,13.529404454022936,2.936339915717418,rear_centre,,,,,0.05,3906,ok,accepted,1,ok,0.4030288,0.0007381000032182783,0.3760765999904834,0.02546109998365864,1,0.0011742999999988513,0.009380499999998904,0,193.79112673597203,-20.89197926126036,,3.499914079245997,0,0,0,,,,,,,,,,,,0,18.634591322065976,0.15106223013240722,23.725205951167304,0.3725435377861722,21.4652684454618,0.8547970739382025,23.172582085804972,0.3492737408546159,19.259030634672275,0.9008410076115443,31.951748717132173,1.2520639763973296,31.361468261245545,1.2477360690297663,28.23551332749014,5.638618748605041,29.951817365016232,1.2667291176413313
3908,0.1,empty_shadow,APF,0,0,3907,0.05,1,0,181.2474804834056,-201.75017298512594,,,,,,,0,0,33.38263596303028,0.8448854744040091,0.5724273324012756,0.0,0.00023186593898572028,0.0002832776808645576,33.27898622027667,0.0063934856995625814,0,0,3.5594013895455854,13.453221382911204,3.5594207995776532,rear_centre,,,,,0.1,3906,ok,accepted,0,ok,0.4030288,0.0007381000032182783,0.3760765999904834,0.02546109998365864,0,0.0011742999999988513,0.010102400000000955,0,194.72310309900362,-20.15583415963488,,3.4998270148740573,0,0,0,,,,,,,,,,,,0,18.641730541158527,0.14278437783506776,23.74876743965285,0.47122977079874384,21.490462595647816,0.5038830102745339,23.195674359025013,0.4618454644221009,19.28625232171919,0.5444337421059443,31.999970193273242,0.9646752517390248,31.40875988622483,0.9460715479954005,28.4909073220997,5.107879892051395,29.99885636207374,0.9410343982048059
3909,0.15000000000000002,empty_shadow,APF,0,0,3908,0.1,1,0,182.9171888724436,-201.75029002571378,,,,,,,0,0,33.403746425563234,0.42220925065905135,0.5702550411224365,0.0,-0.00011625079059740528,-0.00014202712918631732,32.978985295771054,0.0063854073768637,0,0,4.208906852916015,13.407541209381845,4.208908626465874,rear_centre,,,,,0.15000000000000002,3906,ok,accepted,0,ok,0.4030288,0.0007381000032182783,0.3760765999904834,0.02546109998365864,1,0.00120279999999795,0.010428300000000945,0,195.65538464300408,-19.418407314597346,,3.499709974286219,0,0,0,,,,,,,,,,,,0,18.648444423538127,0.13427764396309652,23.77296788955173,0.48400899910530787,21.501250539212247,0.21575887970134242,23.22001213095525,0.4867554386432762,19.299205129319198,0.2590561525237599,32.03761602777431,0.7531010365817951,31.444783175900444,0.7206412276464259,28.69739689505316,4.129791458920775,30.033605460099285,0.6951572728546281
3910,0.2,empty_shadow,APF,0,0,3909,0.15000000000000002,1,0,184.5863174223256,-201.75039200531822,,,,,,,0,0,33.38113291222812,-0.45227026670232817,0.5728514790534973,0.0,-0.00011625079059740528,-0.00014202712918631732,32.978985295771054,0.006394061455230799,0,0,4.873085002481,13.418639462388624,4.873066935497141,rear_centre,,,,,0.2,3906,ok,accepted,0,ok,0.4030288,0.0007381000032182783,0.3760765999904834,0.02546109998365864,0,0.00120279999999795,0.008289800000000014,0,196.58800186993358,-18.681895991644836,,3.4996079946817815,0,0,0,,,,,,,,,,,,0,18.65471770956266,0.12546571759998926,23.79408034296953,0.4222490697040016,21.500058424204695,-0.023842290074866067,23.24175590930196,0.4348755670028605,19.300660435230693,0.029106117931114735,32.06713795658262,0.5905676823914211,31.472138604844083,0.5472279477378509,28.843326238434525,2.918586867498077,30.05884226843612,0.5048456453499219
3911,0.25,empty_shadow,APF,0,0,3910,0.2,1,0,186.25428628869017,-201.7504486041677,,,,,,,0,0,33.35836631753613,-0.45533189383974104,0.6005005836486816,0.0,-0.000509581295773387,-0.0006225709803402424,32.67898479477474,0.006402791900966485,0,0,4.726035332052439,13.422452265527877,4.726069463571372,occluder,,,,,0.25,3906,ok,accepted,0,ok,0.4030288,0.0007381000032182783,0.3760765999904834,0.02546109998365864,1,0.0011633999999993705,0.01116429999999724,0,197.52089376025566,-17.946819015602358,,3.499551395832299,0,0,0,,,,,,,,,,,,0,18.66053323310699,0.11631046881766288,23.809632874918016,0.31105064038455876,21.48863338252108,-0.2285008221983568,23.258286903285853,0.33061987974978585,19.29257708644264,-0.16166697689097886,32.089975095406636,0.4568253039037585,31.49239880464624,0.40527723426924345,28.926177651953715,1.6570282702887742,30.07627282474243,0.34866997029019986
3912,0.3,empty_shadow,APF,0,0,3911,0.25,1,1,187.92494068615727,-201.75045851050422,,,,,,,0,0,33.45242485285128,1.8811707063029814,0.613442063331604,0.0,-0.000509581295773387,-0.0006225709803402424,32.67898479477474,0.006366837899161601,0,0,4.014311013257674,13.25408416319604,4.0143162350005435,occluder,,,,,0.3,3906,ok,accepted,0,ok,0.4030288,0.0007381000032182783,0.3760765999904834,0.02546109998365864,0,0.0011633999999993705,0.011348399999999259,0,198.45409083675196,-17.209361694631554,,3.4995414894957833,0,0,0,,,,,,,,,,,,0,18.665883365502914,0.1070026466262377,23.818597425283382,0.17929100891600366,21.468203747071463,-0.40859269637064805,23.268454982472182,0.20336158382831757,19.276313115115208,-0.3252794282561343,32.10682863318048,0.33711668811738116,31.506356537658405,0.27919276717507113,28.95232358732112,0.5229187072585422,30.086821537961374,0.21099836404322872
3913,0.35000000000000003,empty_shadow,APF,0,0,3912,0.30000000000000004,1,1,189.59965387443035,-201.75032970311372,,,,,,,0,0,33.51772403516228,1.305983646220028,0.5099656581878662,0.0,-0.0008524194126948714,-0.0010414267890155315,32.37898741894096,0.006342055001117345,0,0,3.3103465267105014,13.11857671953158,3.3103411249551304,occluder,,,,,0.35000000000000003,3906,ok,accepted,0,ok,0.4030288,0.0007381000032182783,0.3760765999904834,0.02546109998365864,1,0.0011805000000002508,0.014038500000001619,0,199.38753207468065,-16.46808974428717,,3.499670296886279,0,0,0,,,,,,,,,,,,0,18.67075856813256,0.09750405220997949,23.82125628005712,0.05317709705256098,21.439583956691553,-0.5723957944474212,23.272458511142723,0.08007057354600268,19.252726828120245,-0.4717257416716547,32.11788118788239,0.22107112615109328,31.51429557337347,0.15879524320883484,28.93428578849762,-0.3607559765536443,30.090879136473202,0.08115675345453564
3914,0.4,empty_shadow,APF,0,0,3913,0.35000000000000003,1,1,191.27668635165745,-201.75006277541056,,,,,,,0,0,33.55419952451662,0.7295097870867551,0.4310563802719116,0.0,-0.0008524194126948714,-0.0010414267890155315,32.37898741894096,0.006328274452105441,0,0,2.6251575556903783,13.0162427589079,2.625224758139025,occluder,,,,,0.4,3906,ok,accepted,0,ok,0.4030288,0.0007381000032182783,0.3760765999904834,0.02546109998365864,0,0.0011805000000002508,0.011909099999996897,0,200.32118694084915,-15.724712133228564,,3.499937224589445,0,0,0,,,,,,,,,,,,0,18.675143578900464,0.08770021592296892,23.818839680145704,-0.04833199652968727,21.403378640353854,-0.7241063128895253,23.271451434473093,-0.020141533247388755,19.22241522475654,-0.6062320684844279,32.12308673596114,0.10411579526309393,31.516217642992576,0.038443529178399743,28.887286806236244,-0.9399796452318001,30.088525787312616,-0.04706747781970036
3915,0.45,empty_shadow,APF,0,0,3914,0.4,1,1,192.95478687118134,-201.7495818602957,,,,,,,0,0,33.56719971141296,0.2600037379268372,0.37291064858436584,0.0,-0.0010730184148997068,-0.0013109393185004592,32.078993514507246,0.006323373797476605,0,0,1.9817707578110815,12.941160808742941,1.9821432228451497,occluder,,,,,0.45,3906,ok,accepted,0,ok,0.4030288,0.0007381000032182783,0.3760765999904834,0.02546109998365864,1,0.0011933999999982348,0.009584900000000118,0,201.25505542484672,-14.980480097702241,,3.500418139704294,0,0,0,,,,,,,,,,,,0,18.67903076795578,0.07774378237030256,23.813016556480484,-0.11646247137460325,21.360076079617492,-0.866051200503399,23.26705690721031,-0.08789054505066513,19.18578838796486,-0.7325367355137803,32.122277413682056,-0.01618674251609506,31.512010279056003,-0.0841472607883593,28.825296061694598,-1.239814890677513,30.079717981492067,-0.17614987572678492
3916,0.5,empty_shadow,APF,0,0,3915,0.45,1,1,194.63291781978995,-201.74884153537113,,,,,,,0,0,33.5617606032322,-0.10878216361518867,0.32837268710136414,0.0,-0.0010730184148997068,-0.0013109393185004592,32.078993514507246,0.006325423474439631,0,0,1.439475557982661,12.888343051613074,1.4407207518891074,occluder,,,,,0.5,3906,ok,accepted,0,ok,0.4030288,0.0007381000032182783,0.3760765999904834,0.02546109998365864,0,0.0011933999999982348,0.011052200000001733,0,202.1891375370841,-14.236431261331006,,3.5011584646288725,0,0,0,,,,,,,,,,,,0,18.68240487761685,0.0674821948945833,23.805442486106326,-0.15148140559088466,21.3101245041929,-0.9990314957857925,23.26091143369815,-0.12290947001558228,19.14321253207007,-0.8515171157654307,32.115323713702274,-0.1390705118852842,31.50157076039285,-0.20878363617120915,28.758992801011228,-1.3260652132840471,30.064416271007435,-0.3060117503082514
3917,0.55,empty_shadow,APF,0,0,3916,0.5,1,1,196.31025521251112,-201.74781156415145,,,,,,,0,0,33.5420250249644,-0.3947115653559763,0.29134273529052734,0.0,-0.0006520331371575594,-0.0007966087432578206,31.779088668489763,0.006332869016499379,0,0,1.1510341713221324,12.853819008934478,1.1539365147545482,occluder,,,,,0.55,3906,ok,accepted,1,ok,0.4581273,0.0007073000015225261,0.45154439998441376,0.005519300000742078,1,0.0012130000000034613,0.013010500000000036,0,203.12331120205053,-13.493267533576272,,3.502188435848552,0,0,0,,,,,,,,,,,,0,18.685256370276505,0.05702985467556762,23.797410653212815,-0.1606366557215155,21.25399503025462,-1.1225894684126625,23.25431391936233,-0.13195028640848894,19.095019535337133,-0.9638599308495449,32.10219547953481,-0.262550045606727,31.484891912965946,-0.3335565231191002,28.69571840952281,-1.2654878291153968,30.042653867406216,-0.4352028022740757
3918,0.6000000000000001,empty_shadow,APF,0,0,3917,0.55,1,1,197.98624971214895,-201.74643109887796,,,,,,,0,0,33.51111406006804,-0.6182192979272827,0.2578369975090027,0.0,-0.0006520331371575594,-0.0007966087432578206,31.779088668489763,0.006344557086548564,0,0,1.1447704051573453,12.834509214842893,1.1476474153955094,occluder,,,,,0.6000000000000001,3906,ok,accepted,0,ok,0.4581273,0.0007073000015225261,0.45154439998441376,0.005519300000742078,0,0.0012130000000034613,0.008039400000001251,0,204.0576679620643,-12.751629793952219,,3.503568901122037,0,0,0,,,,,,,,,,,,0,18.687575709223594,0.04638677977968443,23.789727864525503,-0.15365577165454264,21.19217593826844,-1.2363818314636366,23.248082615879028,-0.12462606933411377,19.04160040436407,-1.0683826144639859,32.082977140199695,-0.38433556613494724,31.46208112366852,-0.45617676940403384,28.639741533388985,-1.119537521684909,30.01457277938926,-0.561549938262132
3919,0.6500000000000001,empty_shadow,APF,0,0,3918,0.6000000000000001,1,1,199.66044352382593,-201.74460874298333,,,,,,,0,0,33.47116554848689,-0.7989702316230307,0.2249782234430313,0.0,-0.0010555459884926677,-0.0012895927065983415,31.512883794653995,0.006359710430045762,0,0,1.1466554735648913,12.828054779108449,1.148704383214019,occluder,,,,,0.6500000000000001,3906,ok,accepted,0,ok,0.4581273,0.0007073000015225261,0.45154439998441376,0.005519300000742078,1,0.001364800000001054,0.014470100000000485,0,204.99205524485978,-12.011823265070717,,3.5053912570166688,0,0,0,,,,,,,,,,,,0,18.689351452005905,0.03551485600958492,23.782689760066766,-0.1407620869742427,21.125187935232237,-1.3397600552784663,23.24253032764591,-0.11104576436785865,18.983340423116918,-1.165199619157239,32.057875279396974,-0.5019860107921897,31.433358376340635,-0.5743945503381582,28.60650406817929,-0.6647493029148547,29.98039895984399,-0.6833770793894267
3920,0.7000000000000001,empty_shadow,APF,0,0,3919,0.65,1,1,201.33240938585695,-201.74229886585385,,,,,,,0,0,33.42355663896699,-0.9521781903978876,0.19152423739433289,0.0,-0.0010555459884926677,-0.0012895927065983415,31.512883794653995,0.0063778405361734816,0,0,1.1490432699415578,12.832655581428602,1.1497380169246028,occluder,,,,,0.7000000000000001,3906,ok,accepted,0,ok,0.4581273,0.0007073000015225261,0.45154439998441376,0.005519300000742078,0,0.001364800000001054,0.012066000000000798,0,205.92659512074243,-11.27439727892235,,3.5077011341461457,0,0,0,,,,,,,,,,,,0,18.690572153387205,0.024414026961731557,23.776189528179465,-0.1300046354835726,21.053586059757095,-1.432037506884989,23.23754643015459,-0.09967794945606996,18.9206897274053,-1.2530139088653622,32.027207124687095,-0.6132903723504797,31.399033313213053,-0.6864187224791369,28.57512245328817,-0.6276322964543505,29.940474662471935,-0.7983605049982991
3921,0.7500000000000001,empty_shadow,APF,0,0,3920,0.7000000000000001,1,1,203.00168952418602,-201.7394711060749,,,,,,,0,0,33.369133770406016,-1.0884573712195333,0.1566983014345169,0.0,-0.0015822319546714425,-0.0019330610521137714,31.276517848532304,0.00639866061272434,0,0,1.1519489385569273,12.84693052979099,1.1506727485587953,occluder,,,,,0.7500000000000001,3906,ok,accepted,0,ok,0.4581273,0.0007073000015225261,0.45154439998441376,0.005519300000742078,1,0.0012281000000022857,0.011731799999999737,0,206.86116551420142,-10.539687534052263,,3.5105288939251125,0,0,0,,,,,,,,,,,,0,18.6912282757079,0.013122444278834099,23.769899101513438,-0.1258085316164293,20.977936794596452,-1.512985303131593,23.23278378483573,-0.09525290603225042,18.85408509957304,-1.3320925519382758,31.99135856834643,-0.716877222447825,31.359507100817634,-0.790420666001849,28.633376692431934,1.165084784163842,29.89520689508415,-0.9052070989256232
3922,0.8,empty_shadow,APF,0,0,3921,0.75,1,1,204.66813130408292,-201.73598818660673,,,,,,,0,0,33.30836185280268,-1.2154383520666556,0.12062735855579376,0.0,-0.0015822319546714425,-0.0019330610521137714,31.276517848532304,0.006422030296086809,0,0,1.1554945080733319,12.869858619698352,1.1514785478873086,occluder,,,,,0.8,3906,ok,accepted,0,ok,0.4581273,0.0007073000015225261,0.45154439998441376,0.005519300000742078,0,0.0012281000000022857,0.012466900000003278,0,207.79573590245502,-9.807816142408967,,3.5140118133932674,0,0,0,,,,,,,,,,,,0,18.691310282325166,0.0016401287445862336,23.763377880177323,-0.13042442601149565,20.897913983291144,-1.6004562278857797,23.227815146363948,-0.09937276905903948,18.78338348896842,-1.4140322085796198,31.95077457777674,-0.8115666109637826,31.315230427867384,-0.8854113772828452,28.697185131352402,1.2761687795062366,29.84506548303406,-1.0026621710639796
3923,0.8500000000000001,empty_shadow,APF,0,0,3922,0.8,1,1,206.33136850422062,-201.73181971480238,,,,,,,0,0,33.241521144779824,-1.3368141604571804,0.08346816152334213,0.0,-0.0020770246628671885,-0.0025375643745064735,31.065804755580395,0.006447881864485763,0,0,1.159740888714083,12.90081974237095,1.1520220160020942,occluder,,,,,0.8500000000000001,3906,ok,accepted,0,ok,0.4581273,0.0007073000015225261,0.45154439998441376,0.005519300000742078,1,0.0011918000000008533,0.014847199999998395,0,208.73030629591398,-9.079149335730222,,3.518180285197616,0,0,0,,,,,,,,,,,,0,18.690808636595186,-0.010032919554246024,23.75627872759521,-0.14198305171579115,20.813025529371075,-1.6977690808092558,23.22227430288654,-0.11081686920837716,18.707060923372662,-1.526451309427011,31.90594391315855,-0.8964839557925155,31.266699665859377,-0.9704785118640311,28.729886620801285,0.6540297897172296,29.790560142476277,-1.0899287403091364
3924,0.9000000000000001,empty_shadow,APF,0,0,3923,0.8500000000000001,1,1,207.9910958967818,-201.72681320688784,,,,,,,0,0,33.16879432128851,-1.4545364698263086,0.04577205330133438,0.0,-0.0020770246628671885,-0.0025375643745064735,31.065804755580395,0.006476187684906144,0,0,1.1648100466768767,12.939518887845358,1.1528194585287184,occluder,,,,,0.9000000000000001,3906,ok,accepted,1,ok,0.3651173,0.0007985999982338399,0.3440323999966495,0.01991130001260899,0,0.0011918000000008533,0.011939299999998099,0,209.66487668416758,-8.35399233142266,,3.52318679311216,0,0,0,,,,,,,,,,,,0,18.68971952394102,-0.02178225917071186,23.748397556158167,-0.15762342946256622,20.72497278807707,-1.7610548277688347,23.21594000205472,-0.12668601631966364,18.62667570792659,-1.6077043078609357,31.857364771344457,-0.9714415847080927,31.214428236312457,-1.045281755812797,28.732413854073055,0.050544665914102414,29.732219493525992,-1.1666293356306257
3925,0.9500000000000001,empty_shadow,APF,0,0,3924,0.9,1,1,209.64700840490528,-201.72125868394625,,,,,,,0,0,33.090418096640555,-1.5675244929590804,0.009652629494667053,0.0,0.0013052921276539564,0.0015947151696309447,32.05368109991078,0.00650690146687306,0,0,1.170442551330325,12.985857666414114,1.1571051612357115,occluder,,,,,0.55,3914,ok,accepted,0,ok,0.3651173,0.0007985999982338399,0.3440323999966495,0.01991130001260899,1,0.0012504999999976008,0.010749300000000517,0,210.5992334545921,-7.632436593723696,,3.528741316053754,0,0,0,,,,,,,,,,,,0,18.688031501224746,-0.033760460904613064,23.73971720027558,-0.1736071182621379,20.635256842886125,-1.794318903898291,23.20877600508012,-0.14327993913915182,18.544056990049448,-1.6523743575777088,31.805550489946327,-1.0361371706793396,31.158931343956375,-1.109785990719419,28.709119401512446,-0.46588905097616534,29.67058152156911,-1.2325766038012584
3926,1.0,empty_shadow,APF,0,0,3925,0.9500000000000001,1,1,211.2987398489073,-201.71524782363596,,,,,,,0,0,33.002863105079385,-1.7510998312233994,0.0,0.024381451308727264,0.0013052921276539564,0.0015947151696309447,32.05368109991078,0.006541471266421446,0,0,1.1764703477889782,13.045253030969743,1.1624570046541343,occluder,,,,,0.6,3914,ok,accepted,0,ok,0.3651173,0.0007985999982338399,0.3440323999966495,0.01991130001260899,0,0.0012504999999976008,0.012900399999999479,0,211.53362072177146,-6.915092416901018,,3.5347521763640373,0,0,0,,,,,,,,,,,,0,18.68574266033362,-0.045776824801615164,23.730382619747196,-0.18669161014845229,20.544890496615977,-1.8073269223513815,23.200904381425044,-0.1574324727747715,18.460131741160524,-1.6785049784918435,31.751016193537758,-1.0905351760907807,31.100735508822908,-1.1637649442806288,28.666299420279003,-0.8563996245132487,29.606195496130958,-1.2875444697559042
3927,1.05,empty_shadow,APF,0,0,3926,1.0,1,1,212.94583247555332,-201.708811299695,,,,,,,0,0,32.90568639172807,-1.9435342670263367,0.0,0.05288907140493393,0.001734422636218369,0.0021189970429986715,31.79462222586946,0.006580163605977361,0,0,1.1828781043892604,13.119215855250042,1.1687773052217414,occluder,,,,,0.65,3914,ok,accepted,0,ok,0.3651173,0.0007985999982338399,0.3440323999966495,0.01991130001260899,1,0.001192299999999591,0.01466920000000016,0,212.46779435030015,-6.202173418783701,,3.541188700305014,0,0,0,,,,,,,,,,,,0,18.682845375306535,-0.057945706419254596,23.72062651427628,-0.1951221075147179,20.45464622461821,-1.804885432727458,23.192542569688065,-0.16723623437321333,18.375754453365477,-1.6875457568397572,31.694265446860456,-1.134866826058284,31.04035377699668,-1.2074877760070368,28.610332084938012,-1.1193467067381817,29.539591471624743,-1.3319163943843224
3928,1.1,empty_shadow,APF,0,0,3927,1.05,1,1,214.58779802964872,-201.70202557263667,,,,,,,0,0,32.80107740583994,-2.092179717762548,0.0,0.0751037746667862,0.001734422636218369,0.0021189970429986715,31.79462222586946,0.006622200138657831,0,0,1.1896351161607868,13.205701320887734,1.1759377973080933,occluder,,,,,0.7000000000000001,3914,ok,accepted,0,ok,0.3651173,0.0007985999982338399,0.3440323999966495,0.01991130001260899,0,0.001192299999999591,0.011759600000001313,0,213.40181539094715,-5.494228905335291,,3.5479744273633287,0,0,0,,,,,,,,,,,,0,18.67933964817971,-0.07011454635959717,23.71073880078104,-0.19775426641691812,20.365180154023687,-1.7893213998752064,23.183957597864648,-0.17169943611758998,18.29152021840332,-1.6846846998865517,31.635782628363568,-1.1695153087415187,30.97829908703277,-1.2409560782369438,28.546746799316203,-1.271705712393136,29.47130320244792,-1.3656174101776826
3929,1.1500000000000001,empty_shadow,APF,0,0,3928,1.1,1,1,216.2244534629947,-201.69505855159557,,,,,,,0,0,32.69092906393378,-2.202966838123217,0.0,0.09290120005607605,0.0016408164519816637,0.0020046355202794075,31.566546357200792,0.006666899488855133,0,0,1.1965734739689537,13.302948332964977,1.1836399127269794,occluder,,,,,0.7500000000000001,3914,ok,accepted,0,ok,0.3651173,0.0007985999982338399,0.3440323999966495,0.01991130001260899,1,0.0011933999999982348,0.011976700000001728,0,214.3356838437124,-4.791441924754565,,3.554941448404435,0,0,0,,,,,,,,,,,,0,18.67521975635337,-0.0823978382885499,23.70099413725107,-0.19489326564164725,20.27706067537815,-1.762389555292562,23.175412679382397,-0.17089836935719585,18.20805655490571,-1.6692732700638793,31.57605583670625,-1.1944056467523805,30.915046139365945,-1.2649339036038592,28.479943816366358,-1.3360596589559846,29.401847192422835,-1.3889912690345945
3930,1.2000000000000002,empty_shadow,APF,0,0,3929,1.1500000000000001,1,1,217.85537157116548,-201.68803245262794,,,,,,,0,0,32.57658451276484,-2.2868910233788142,0.0,0.10734877735376358,0.0016408164519816637,0.0020046355202794075,31.566546357200792,0.006713782159960856,0,0,1.2036015209770312,13.409893110874348,1.1916996703245053,occluder,,,,,0.8000000000000002,3914,ok,accepted,0,ok,0.3651173,0.0007985999982338399,0.3440323999966495,0.01991130001260899,0,0.0011933999999982348,0.00931420000000216,0,215.26927764870123,-4.094117621572622,,3.5619675473720633,0,0,0,,,,,,,,,,,,0,18.67048379144102,-0.09471929814718874,23.69162713009578,-0.1873401377581371,20.190814215879325,-1.7249291670849873,23.167134790442855,-0.16555777858786175,18.125811689525264,-1.6448973069173518,31.515546391650272,-1.210072544365199,30.85108482410896,-1.2791164893370397,28.413156092120914,-1.3357544848636225,29.3317131897673,-1.4025718417605515
3931,1.2500000000000002,empty_shadow,APF,0,0,3930,1.2000000000000002,1,1,219.48055238539337,-201.6810388284629,,,,,,,0,0,32.45901470196664,-2.35139621596403,0.0,0.11914777755737305,0.00116143433842808,0.00141895969863981,31.368608845285213,0.006762504748425059,0,0,1.2105666484815742,13.52580346546463,1.1998205228376955,occluder,,,,,0.8500000000000002,3914,ok,accepted,0,ok,0.3651173,0.0007985999982338399,0.3440323999966495,0.01991130001260899,1,0.0011820999999976323,0.01302559999999886,0,216.20265782024487,-3.402316978888365,,3.5689611715370972,0,0,0,,,,,,,,,,,,0,18.66513556819355,-0.10696446319472688,23.682796088274216,-0.17662083086259736,20.106929058083317,-1.6777031269654552,23.15928796225564,-0.15693656341649861,18.045369269728432,-1.6088483943541745,31.454706023192806,-1.2167068446502602,30.786872562172,-1.284152218264288,28.348559911413034,-1.2919236141010302,29.261371851743654,-1.4067396475207374
3932,1.3,empty_shadow,APF,0,0,3931,1.25,1,1,221.09972129433973,-201.67421510189098,,,,,,,0,0,32.33903426781023,-2.399608683128207,0.0,0.12838003039360046,0.00116143433842808,0.00141895969863981,31.368608845285213,0.006812775162224286,0,0,1.2173619825007904,13.650048501186227,1.2078182381480067,occluder,,,,,0.9,3914,ok,accepted,0,ok,0.3651173,0.0007985999982338399,0.3440323999966495,0.01991130001260899,0,0.0011820999999976323,0.009459199999998447,0,217.135732816025,-2.716223065722147,,3.5757848981090206,0,0,0,,,,,,,,,,,,0,18.659175087511205,-0.11920961065393967,23.674583029393823,-0.16426117425801526,20.02525260888022,-1.6335289530908805,23.15194848913094,-0.14678946230317574,17.96704019424246,-1.566581507086706,31.393965446910446,-1.2147279159606972,30.722851498316203,-1.2803455686365135,28.28747325216959,-1.221733184794502,29.191297660989374,-1.4014170435795537
3933,1.35,empty_shadow,APF,0,0,3932,1.3,1,1,222.7129088311971,-201.66760703886592,,,,,,,0,0,32.21735265436899,-2.4336322688247947,0.0,0.13520246744155884,0.0004469799459911883,0.0005460890242829919,31.20026849361098,0.006864333028862918,0,0,1.2239417674917092,13.781964237956593,1.2155152796911206,occluder,,,,,0.9500000000000001,3914,ok,accepted,0,ok,0.3651173,0.0007985999982338399,0.3440323999966495,0.01991130001260899,1,0.00122469999999808,0.015386399999997025,0,218.0684721184653,-2.0357748313050763,,3.582392961134076,0,0,0,,,,,,,,,,,,0,18.65260616412212,-0.13137846396346423,23.667007026366054,-0.1515200564031106,19.94481211798856,-1.6088097873135112,23.14514498097068,-0.13607016317647305,17.89145197945911,-1.511764292192337,31.333738207519634,-1.2044781452668583,30.659444705983105,-1.2680770554891148,28.230538890866097,-1.1386872259706777,29.121932714861387,-1.387250725304723
3934,1.4000000000000001,empty_shadow,APF,0,0,3933,1.35,1,1,224.3199929568924,-201.66130623375992,,,,,,,0,0,32.094668682056934,-2.4536794462410683,0.0,0.13948647677898407,0.0004469799459911883,0.0005460890242829919,31.20026849361098,0.0069169103847222906,0,0,1.230214409082123,13.920824955365433,1.2227664692876719,occluder,,,,,1.0,3914,ok,accepted,1,ok,0.4943152,0.0006735999777447432,0.47250200001872145,0.020803599996725097,0,0.00122469999999808,0.008862799999999282,0,219.00087572756578,-1.3610943147102432,,3.588693766240084,0,0,0,,,,,,,,,,,,0,18.64543833486975,-0.1433565808542897,23.660062358720666,-0.13889335052712795,19.866010037561924,-1.576041578182428,23.138867900287934,-0.12554161375395342,17.906481903314653,0.3005984810823475,31.274424509435292,-1.186223506122554,30.597061933939845,-1.2476123105437282,28.177897971280277,-1.0528183915860658,29.05370200376557,-1.3645820631831822
3935,1.4500000000000002,empty_shadow,APF,0,0,3934,1.4000000000000001,1,1,225.9209125529867,-201.6550685667837,,,,,,,0,0,31.971756928392296,-2.4582350732927694,0.0,0.14057499170303345,-0.0024645153898745775,-0.0030109735671430826,31.554113217745588,0.006970193430353462,0,0,1.2364545550484252,14.065647892672686,1.229371198764892,occluder,,,,,0.6500000000000001,3922,ok,accepted,0,ok,0.4943152,0.0006735999777447432,0.47250200001872145,0.020803599996725097,1,0.001231799999999339,0.015083199999999408,0,219.93291313616083,-0.6922121272110076,,3.5949314332162885,0,0,0,,,,,,,,,,,,0,18.63762963743866,-0.15617394422889846,23.65371469425478,-0.12695328752810117,19.789481512361945,-1.5305704771789634,23.133088638601162,-0.1155852333904128,17.85386961108985,-1.0522458399303176,31.216394075176837,-1.1605728489127283,30.536076730427112,-1.2196746983433544,28.129416978997316,-0.9696198454938902,28.987005802984772,-1.3339047981979106
3936,1.5000000000000002,empty_shadow,APF,0,0,3935,1.4500000000000002,1,1,227.51575914097674,-201.6488024539759,,,,,,,0,0,31.849445263356994,-2.4462333007060266,0.0,0.13844147324562073,-0.0024645153898745775,-0.0030109735671430826,31.554113217745588,0.00702382984200363,0,0,1.2426927646100978,14.215228184015583,1.2351982980955176,occluder,,,,,0.7000000000000002,3922,ok,accepted,0,ok,0.4943152,0.0006735999777447432,0.47250200001872145,0.020803599996725097,0,0.001231799999999339,0.014124400000000037,0,220.86455380585258,-0.02900620891270478,,3.6011975460241104,0,0,0,,,,,,,,,,,,0,18.629143831703093,-0.16971611026370717,23.647941144171895,-0.11547100066372144,19.715743434240935,-1.474761539757211,23.127782398069233,-0.10612481049474828,17.701132953789298,-3.0547331409311624,31.16000141671745,-1.1278298030898635,30.476860800103854,-1.1843005425598945,28.084802182276675,-0.892295934206683,28.92221394540399,-1.295827552358567
3937,1.55,empty_shadow,APF,0,0,3936,1.5,1,1,229.10450218246459,-201.64244687059457,,,,,,,0,0,31.728454676222608,-2.4198117426877275,0.0,0.133565753698349,-0.0029195351526141167,-0.003566885134205222,31.312283140917106,0.007077498341831071,0,0,1.3982467990610075,14.368460683513254,1.392060174580507,occluder,,,,,0.75,3922,ok,accepted,0,ok,0.4943152,0.0006735999777447432,0.47250200001872145,0.020803599996725097,1,0.0013101999999989289,0.013115700000000174,0,221.79576722947542,0.6285234089523044,,3.6075531294054315,0,0,0,,,,,,,,,,,,0,18.619982826839582,-0.18322009372037046,23.642711191137064,-0.10459906032250386,19.64527645437665,-1.4093395799707604,23.122933922222664,-0.09696951661859189,17.530833429163398,-3.4059904871877693,31.105574400899137,-1.0885268800174985,30.41974966587357,-1.1422132318324283,28.04374077599179,-0.8212281254539278,28.859686826422084,-1.250538995178827
3938,1.6,empty_shadow,APF,0,0,3937,1.55,1,1,230.68729421848352,-201.6358644354923,,,,,,,0,0,31.609479096072832,-2.379511602995521,0.0,0.12592414021492004,-0.0029195351526141167,-0.003566885134205222,31.312283140917106,0.007130875095111622,0,0,1.7934490188728773,14.524153418942769,1.7890828383920991,occluder,,,,,0.8,3922,ok,accepted,0,ok,0.4943152,0.0006735999777447432,0.47250200001872145,0.020803599996725097,0,0.0013101999999989289,0.009604800000001745,0,222.72646185430034,1.2806208201463107,,3.6141355645077056,0,0,0,,,,,,,,,,,,0,18.610159974257314,-0.1964570490724297,23.63801339088778,-0.09395600496121465,19.578498280685015,-1.3355634629617568,23.118539394706755,-0.08789055016823004,17.410521700720047,-2.4062345635504543,31.053416164440222,-1.0431584755598102,30.365054131172496,-1.093907027944157,28.005940935725935,-0.7559968050282214,28.799752488112357,-1.1986864204946175
3939,1.6500000000000001,empty_shadow,APF,0,0,3938,1.6,1,1,232.26419622172153,-201.62887202238937,,,,,,,0,0,31.49315165848704,-2.3265487517158334,0.0,0.11586266756057739,-0.00281442329287529,-0.0034384666942059994,31.097116785063925,0.007183649740160964,0,0,2.3040389962941425,14.681171247755888,2.3012348300205065,occluder,,,,,0.8500000000000001,3922,ok,accepted,0,ok,0.4943152,0.0006735999777447432,0.47250200001872145,0.020803599996725097,1,0.0011954999999979066,0.012350299999997816,0,223.65666820310904,1.9273164745756333,,3.6211279776106267,0,0,0,,,,,,,,,,,,0,18.599709605485327,-0.2090073735914654,23.633855371823884,-0.08316038132958896,19.515790385338363,-1.2541579001194143,23.114600722712513,-0.07877343968498264,17.300008020175337,-2.210273606416668,31.003807025185143,-0.9921809488270613,30.313062177483445,-1.0398384753971575,27.971194760525563,-0.6949235036768592,28.74271235202437,-1.1408025919368634
3940,1.7000000000000002,empty_shadow,APF,0,0,3939,1.6500000000000001,1,1,233.83539125078823,-201.62133223972762,,,,,,,0,0,31.380067764209077,-2.2616778855592656,0.0,0.10339605063199997,-0.00281442329287529,-0.0034384666942059994,31.097116785063925,0.007235516455576101,0,0,2.8656738655854177,14.838324247415501,2.8642004961151923,occluder,,,,,0.9000000000000001,3922,ok,accepted,0,ok,0.4943152,0.0006735999777447432,0.47250200001872145,0.020803599996725097,0,0.0011954999999979066,0.011233000000000715,0,224.58632523033808,2.568854476413293,,3.6286677602723785,0,0,0,,,,,,,,,,,,0,18.58865460883267,-0.22109993195209218,23.630254301494848,-0.07202140658798294,19.457494180514953,-1.1659240948380543,23.111136980920275,-0.06927483563336585,17.22519037150766,-1.49635296899645,30.957002565397968,-0.936089180107032,30.264037055604422,-0.9805024447251982,27.939383994751328,-0.6362153151076018,28.68884310704086,-1.0773826726662794
3941,1.7500000000000002,empty_shadow,APF,0,0,3940,1.7000000000000002,1,1,235.40106234867707,-201.61306191958423,,,,,,,0,0,31.270764122665465,-2.1860728308722344,0.0,0.08884770423173904,-0.0022596123162657022,-0.0027606370858848095,30.907795842354577,0.007286185032160188,0,0,3.45093896551275,14.994409229213202,3.4506779415204036,occluder,,,,,0.9500000000000002,3922,ok,accepted,0,ok,0.4943152,0.0006735999777447432,0.47250200001872145,0.020803599996725097,1,0.0011644000000003984,0.010740100000003139,0,225.51540242361648,3.2054483810237286,,3.6369380804157743,0,0,0,,,,,,,,,,,,0,18.57703122472378,-0.23246768192981723,23.627229251332892,-0.06050100307300595,19.40391484318079,-1.0715867480012482,23.10816724206101,-0.05939477701297975,17.152072169130907,-1.4623640437542542,30.91323172855245,-0.875416242664698,30.218219179868754,-0.9163560556756642,27.910457139965168,-0.5785370952947751,28.638389067683757,-1.009074749475248
3942,1.8,empty_shadow,APF,0,0,3941,1.75,1,1,236.96145361435572,-201.6039389083676,,,,,,,0,0,31.165750830202434,-2.100265849260623,0.0,0.07223104685544968,-0.0022596123162657022,-0.0027606370858848095,30.907795842354577,0.0073353677370339865,0,0,4.047544254964101,15.148125966702926,4.048426036717579,occluder,,,,,1.0,3922,ok,accepted,0,ok,0.4943152,0.0006735999777447432,0.47250200001872145,0.020803599996725097,0,0.0011644000000003984,0.011302600000000496,0,226.44389978294424,3.837342287374611,,3.64606109163239,0,0,0,,,,,,,,,,,,0,18.564877599303134,-0.24307250857416351,23.62478403599225,-0.048904306441443245,19.355330845490407,-0.9716799567271844,23.105714395227263,-0.04905693649152758,17.108130679645125,-0.8788297864358616,30.872689167968655,-0.8108483516790902,30.17580132155975,-0.8483526373025809,27.884437084387738,-0.520401111069181,28.591567874113185,-0.9364129382273774
3943,1.85,empty_shadow,APF,0,0,3942,1.8,1,1,238.51674813246072,-201.59390210846038,,,,,,,0,0,31.065484469329487,-2.005327217458941,0.0,0.053888991475105286,-0.001384147210046649,-0.0016910547856241465,30.74286309845831,0.007382793417753271,0,0,4.649468412471004,15.298202312202918,4.651432885080326,occluder,,,,,1.05,3922,ok,accepted,0,ok,0.4943152,0.0006735999777447432,0.47250200001872145,0.020803599996725097,1,0.0011772000000007665,0.010070100000000082,0,227.37175627316867,4.464780315255183,,3.6560978915396163,0,0,0,,,,,,,,,,,,0,18.55222997298486,-0.252952526842466,23.62292247148244,-0.03723128949947648,19.311976790856136,-0.867081095496647,23.103774624839183,-0.038795407609260125,17.059851877794745,-0.9655760342639937,30.835542881045384,-0.742919123480497,30.136961028239163,-0.776797187960864,27.861390585189444,-0.46092998342724667,28.54856284994485,-0.8600841928621419
3944,1.9000000000000001,empty_shadow,APF,0,0,3943,1.85,1,1,240.0671900175759,-201.58287514263546,,,,,,,0,0,30.970373091024708,-1.9022275660955756,0.0,0.033867113292217255,-0.001384147210046649,-0.0016910547856241465,30.74286309845831,0.007428207148456531,0,0,5.253552110143166,15.443292596461568,5.256531131536166,occluder,,,,,1.1,3922,ok,accepted,0,ok,0.4943152,0.0006735999777447432,0.47250200001872145,0.020803599996725097,0,0.0011772000000007665,0.007505599999998225,0,228.29897189949514,5.088006574043902,,3.6671248573645414,0,0,0,,,,,,,,,,,,0,18.53912458527647,-0.2621077546112713,23.621636926413725,-0.02571090052444001,19.27397666035456,-0.7600026106490266,23.102349837470197,-0.02849574728425726,17.035262345450786,-0.49179064486982327,30.80193608573801,-0.6721246501061336,30.1018472532351,-0.7022621149442605,27.841384399573432,-0.4001237117183383,28.509532521009238,-0.7805850276550916
3945,1.9500000000000002,empty_shadow,APF,0,0,3944,1.9000000000000001,1,1,241.612962369954,-201.57084268964002,,,,,,,0,0,30.880783724886,-1.791787322774141,0.0,0.012469340115785599,-0.0003358903340995312,-0.0004103674436919391,30.60399335566227,0.007471368551517774,0,0,5.857963925634955,15.582091133506554,5.861864269135881,occluder,,,,,1.1500000000000001,3922,ok,accepted,0,ok,0.4943152,0.0006735999777447432,0.47250200001872145,0.020803599996725097,1,0.0011825999999999226,0.00964270000000056,0,229.2255466515129,5.707204174404239,,3.679157310359983,0,0,0,,,,,,,,,,,,0,18.5256053035891,-0.2703856337735883,23.62089879207179,-0.01476268567303014,19.241290397953588,-0.6537252451784,23.101419054127554,-0.018615666732184767,17.002362493551004,-0.6579970363754309,30.771971961775463,-0.5992662181235714,30.070572710531952,-0.6254726755319207,27.82449482151236,-0.33779156055528564,28.47460679245993,-0.6984883565415997
3946,2.0,empty_shadow,APF,0,0,3945,1.9500000000000002,1,1,243.15443142653814,-201.55788091848555,,,,,,,0,0,30.795380251879543,-1.7080694601291668,0.010215353220701218,0.0,-0.0003358903340995312,-0.0004103674436919391,30.60399335566227,0.007512864491565129,0,0,6.461894599847483,15.716866284021558,6.466607459289018,occluder,,,,,1.2,3922,ok,accepted,0,ok,0.4943152,0.0006735999777447432,0.47250200001872145,0.020803599996725097,0,0.0011825999999999226,0.007525799999999805,0,230.1513889816983,6.322830900802984,,3.6921190815144485,0,0,0,,,,,,,,,,,,0,18.511715998585,-0.2777860994283457,23.620681363723637,-0.0043485657203259555,19.21379021201368,-0.5500037113738379,23.100957478248617,-0.00923151748122009,16.9897205918518,-0.2528380327615254,30.745728893978786,-0.5248402069555196,30.043215780085553,-0.5471160021402424,27.810782886152893,-0.2742387064520756,28.4438678555048,-0.6147487993054449
3947,2.05,empty_shadow,APF,0,0,3946,2.0,1,1,244.69168875046813,-201.54402031551612,,,,,,,0,0,30.71219225430873,-1.6637599514162815,0.03538885712623596,0.0,0.0007328575593419373,0.0008953544311225414,30.488148969708618,0.007553617221129692,0,0,7.064560392707857,15.851575109471229,7.069949107509166,occluder,,,,,1.2499999999999998,3922,ok,accepted,0,ok,0.4943152,0.0006735999777447432,0.47250200001872145,0.020803599996725097,1,0.0012026999999967813,0.011755100000002017,0,231.0765599199986,6.934917286432665,,3.7059796844838786,0,0,0,,,,,,,,,,,,0,18.49749290895179,-0.28446179111456893,23.620940772328165,0.005188173386117247,19.191312072129683,-0.44956278518109655,23.10093650053941,-0.00041955407099022996,16.966832411549255,-0.4577636051737332,30.723268090383783,-0.4491905716421357,30.019835750016806,-0.4675742785325977,27.80027911106797,-0.21007550088493349,28.41738070386482,-0.5297105604689307
3948,2.1,empty_shadow,APF,0,0,3947,2.0500000000000003,1,1,246.22485645889788,-201.52939816818215,,,,,,,0,0,30.63157352082778,-1.612374669619001,0.06481755524873734,0.0,0.0007328575593419373,0.0008953544311225414,30.488148969708618,0.007593428498560151,0,0,7.665577614844373,15.98516653436384,7.67149645665062,occluder,,,,,1.3,3922,ok,accepted,0,ok,0.4943152,0.0006735999777447432,0.47250200001872145,0.020803599996725097,0,0.0012026999999967813,0.008196600000001553,0,232.00099844167192,7.543646473189085,,3.720601831817845,0,0,0,,,,,,,,,,,,0,18.482983719893767,-0.2901837782032136,23.621629335706793,0.013771269105275505,19.17367096949135,-0.3528220363465334,23.101314158412546,0.0075531575603083306,16.962809817963155,-0.08045187098660171,30.704595421737444,-0.37342435538863245,30.000451827769236,-0.3876493638093229,27.792979681534582,-0.1459885897698432,28.39516833099989,-0.44421375713160394
3949,2.15,empty_shadow,APF,0,0,3948,2.1,1,1,247.7540873531301,-201.51464003474496,,,,,,,0,0,30.554392404767714,-1.5436223212012834,0.10078953951597214,0.0,0.005395367741584778,0.006591685116291046,32.766653,0.007631837822018343,0,0,8.264612142293982,16.11536931100689,8.270753679113119,occluder,,,,,1.3499999999999999,3922,ok,stale_plan,0,ok,0.4943152,0.0006735999777447432,0.47250200001872145,0.020803599996725097,1,0.0011449999999975091,0.015321700000001215,0,232.92470454151282,8.149171267580414,,3.735359965255043,0,0,0,,,,,,,,,,,,0,18.468232298603297,-0.2950284216373941,23.62270127558619,0.021438799049481018,19.160685708454697,-0.2597052021169714,23.102054212355107,0.014801078943135652,16.948050757071897,-0.2951812173634332,30.68971482640694,-0.2975804320168855,29.985058395732878,-0.3078379108747983,27.78885026530704,-0.08258832356987185,28.37723461994854,-0.3586406314565252
3950,2.1999999999999997,empty_shadow,APF,0,0,3949,2.15,1,1,249.27962565706176,-201.49998997252908,,,,,,,0,0,30.481394641875333,-1.459955257847625,0.13590535521507263,0.0,0.005395367741584778,0.006591685116291046,32.766653,0.0076684340715412235,0,0,8.861615123708646,16.23994449031279,8.867601224689388,occluder,,,,,1.3999999999999997,3922,ok,stale_plan,0,ok,0.4943152,0.0006735999777447432,0.47250200001872145,0.020803599996725097,0,0.0011449999999975091,0.012301400000001905,0,233.8476782247268,8.7517358882981,,3.750010027470921,0,0,0,,,,,,,,,,,,0,18.453280607532452,-0.299033815621855,23.624114632009295,0.028267130101256064,19.152199885313156,-0.16971644250575227,23.103114700744804,0.021209767882116523,16.95190169725428,0.0770188039329546,30.678574901895026,-0.22276576562748399,29.973617381563404,-0.22878909098532565,27.78781266203112,-0.02075206460875083,28.363541450431683,-0.2738311124810396
3951,2.25,empty_shadow,APF,0,0,3950,2.2,1,1,250.8015935242845,-201.48569208050222,,,,,,,0,0,30.41297373557019,-1.3684181261028527,0.16955311596393585,0.0,0.005502453539520502,0.006722514983266592,32.766653,0.007702975295765863,0,0,9.456575558714869,16.357493409823668,9.462084958349784,occluder,,,,,1.45,3922,ok,stale_plan,0,ok,0.4943152,0.0006735999777447432,0.47250200001872145,0.020803599996725097,1,0.00225239999999971,0.012574199999999536,0,234.7698279281739,9.351554052073737,,3.7643079194977815,0,0,0,,,,,,,,,,,,0,18.43817823602438,-0.30204742325820366,23.625831256119298,0.03433248372616054,19.148062818196788,-0.08274132068511343,23.10446129123938,0.02693180997253985,16.945214533758236,-0.13374326982213705,30.67111848874964,-0.14909550130612345,29.96605634487178,-0.15119018498275155,27.789756247782982,0.038871715467111274,28.354023967365475,-0.19031974073989902
3952,2.3,empty_shadow,APF,0,0,3951,2.25,1,1,252.3203572854385,-201.47209718586302,,,,,,,0,0,30.34929121298728,-1.2736504516582414,0.20154429972171783,0.0,0.005502453539520502,0.006722514983266592,32.766653,0.0077353345365506684,0,0,10.049555141738255,16.467082594939022,10.054322553546728,occluder,,,,,1.4999999999999998,3922,ok,stale_plan,0,ok,0.4943152,0.0006735999777447432,0.47250200001872145,0.020803599996725097,0,0.00225239999999971,0.010011999999999688,0,235.69127572215962,9.948870019242008,,3.7779028141369793,0,0,0,,,,,,,,,,,,0,18.42297096211847,-0.3041454693046576,23.627809187278526,0.03955862404943733,19.148150532773627,0.0017543106623530993,23.106067281908324,0.032119813434221434,16.957207943687905,0.23986819864681302,30.667240708075546,-0.0775239082908882,29.962287558771948,-0.07534683963306116,27.794551322303597,0.09590149043985673,28.34859249124988,-0.10860277706480877
3953,2.35,empty_shadow,APF,0,0,3952,2.3000000000000003,1,1,253.8360391253476,-201.45954094030827,,,,,,,0,0,30.290387534653437,-1.1780735666768294,0.23191653192043304,0.0,0.00517721613869071,0.006325162947177887,32.766653,0.007765447349290331,0,0,10.640631640509463,16.56804005060354,10.644455924964943,occluder,,,,,1.55,3922,ok,stale_plan,0,ok,0.4943152,0.0006735999777447432,0.47250200001872145,0.020803599996725097,1,0.0011499000000014803,0.009175299999998998,0,236.61193006436562,10.543897516945123,,3.7904590596917274,0,0,0,,,,,,,,,,,,0,18.40770265382318,-0.3053661556590551,23.63001027910254,0.044021838177550836,19.152348587288127,0.08396110667070243,23.107896432240384,0.03658300673870218,16.959014203489634,0.036125196058939296,30.666829026156634,-0.008203991413741937,29.962187027265376,-0.001984212593550701,27.802030039677067,0.1495743471084697,28.34711154416964,-0.029595877440874593
3954,2.4,empty_shadow,APF,0,0,3953,2.35,1,1,255.34894434470476,-201.44838945064635,,,,,,,0,0,30.236195769203018,-1.0838353090083785,0.26077643036842346,0.0,0.00517721613869071,0.006325162947177887,32.766653,0.007793306898655567,0,0,11.22993160468519,16.659973272767783,11.232659559633646,occluder,,,,,1.5999999999999999,3922,ok,stale_plan,0,ok,0.4943152,0.0006735999777447432,0.47250200001872145,0.020803599996725097,0,0.0011499000000014803,0.01110789999999895,0,237.53185198473923,11.136880815928663,,3.8016105493536543,0,0,0,,,,,,,,,,,,0,18.392419088253607,-0.30567129931145315,23.632404011673014,0.04787465221889698,19.160557799870254,0.1641842644744732,23.109918224418184,0.04043584359712591,16.97938850316732,0.4074859935575494,30.66974608724389,0.05836803217963887,29.965621199324925,0.06870677220783906,27.812005479632006,0.19950879874206903,28.34944372760372,0.046662804475066835
3955,2.45,empty_shadow,APF,0,0,3954,2.4000000000000004,1,1,256.85931716220153,-201.43887151541364,,,,,,,0,0,30.186644444713057,-0.9910264897992249,0.28827032446861267,0.0,0.00458320789039135,0.005599444732069969,32.766653,0.007818912255443013,0,0,11.817625232645668,16.742470779696536,11.81916007804525,occluder,,,,,1.6500000000000001,3922,ok,stale_plan,0,ok,0.4943152,0.0006735999777447432,0.47250200001872145,0.020803599996725097,1,0.001174999999999926,0.010446000000001732,0,238.45104148848588,11.728064129678785,,3.811128484586362,0,0,0,,,,,,,,,,,,0,18.37716604076078,-0.30506093660510814,23.634952241301853,0.05096459432270196,19.17265991588007,0.2420423286445437,23.112100234783785,0.04364020743151108,16.98974540682822,0.2071380732146539,30.675848795116327,0.12207757903547171,29.972424082051372,0.13607750692993906,27.824271648477108,0.24532337716842723,28.355419211349385,0.1195248515469496
3956,2.5,empty_shadow,APF,0,0,3955,2.45,1,1,258.36734078740375,-201.431292247909,,,,,,,0,0,30.14160663101004,-0.9007562740603703,0.3145681917667389,0.0,0.00458320789039135,0.005599444732069969,32.766653,0.00784229490922798,0,0,12.40388281523743,16.815327356572258,12.404161422440733,occluder,,,,,1.7,3922,ok,stale_plan,0,ok,0.4943152,0.0006735999777447432,0.47250200001872145,0.020803599996725097,0,0.001174999999999926,0.007583600000000246,0,239.36943753004203,12.317691713324848,,3.818707752091001,0,0,0,,,,,,,,,,,,0,18.36198547295667,-0.30361134174883697,23.63762253967795,0.05340596834155242,19.188517605280005,0.3171537930598497,23.114415758275435,0.046310469869682756,17.01814010649082,0.5678939932343927,30.684950171663562,0.18204721801794435,29.982412508622442,0.19978476278970128,27.838614921152214,0.2868654548897478,28.36484337007955,0.18849460327855844
3957,2.55,empty_shadow,APF,0,0,3956,2.5,1,1,259.8732899305526,-201.4258041423172,,,,,,,0,0,30.10099863417735,-0.8121599366537424,0.339802086353302,0.0,0.003834730014204979,0.004685006570070982,32.766653,0.00786346773358221,0,0,12.988880347984036,16.878254531392827,12.98788459970613,occluder,,,,,1.7499999999999998,3922,ok,stale_plan,0,ok,0.4943152,0.0006735999777447432,0.47250200001872145,0.020803599996725097,1,0.0011497000000026958,0.010771899999998169,0,240.28710114976582,12.90597723674989,,3.8241958576828097,0,0,0,,,,,,,,,,,,0,18.346928883179427,-0.3011317802650174,23.64038248442316,0.055198896552780825,19.2079553920291,0.3887557371884098,23.116832372205227,0.04833227870899763,17.03640678422478,0.36533355467150447,30.696849879936735,0.23801001743936423,29.99538804962347,0.25952348872691494,27.854812138661668,0.32394435319786236,28.37751013979818,0.253343462517155
3958,2.6,empty_shadow,APF,0,0,3957,2.5500000000000003,1,1,261.37731724199426,-201.42259025204237,,,,,,,0,0,30.06469836694226,-0.7260053447018322,0.36406680941581726,0.0,0.003834730014204979,0.004685006570070982,32.766653,0.007882467191654821,0,0,13.572764368758014,16.931084722469233,13.570496610231883,occluder,,,,,1.8,3922,ok,stale_plan,0,ok,0.4943152,0.0006735999777447432,0.47250200001872145,0.020803599996725097,0,0.0011497000000026958,0.009980899999998627,0,241.2040018248755,13.493103873081907,,3.8274097479576312,0,0,0,,,,,,,,,,,,0,18.332030603621423,-0.29796557510164445,23.64319774163098,0.056305145013426455,19.23077300522386,0.45635226374772436,23.11932146491854,0.049781854314818484,17.071748048056268,0.7068252766335763,30.71134376605371,0.2898899036636692,30.0111370185522,0.31498873005966416,27.87262869653249,0.356331162139253,28.393188670440978,0.3135758343780589
3959,2.65,empty_shadow,APF,0,0,3958,2.6,1,1,262.8796668727505,-201.4216810113747,,,,,,,0,0,30.032635773044323,-0.6412518779587373,0.38746848702430725,0.0,0.003012375207617879,0.003680310444906354,32.766653,0.007899305989694391,0,0,14.155774491937997,16.973614585021114,14.152271164540815,occluder,,,,,1.8499999999999999,3922,ok,stale_plan,0,ok,0.4943152,0.0006735999777447432,0.47250200001872145,0.020803599996725097,1,0.001179799999999176,0.009389599999998666,0,242.12013958139798,14.079315747315633,,3.8283189886253126,0,0,0,,,,,,,,,,,,0,18.31733641226686,-0.2938838092581824,23.6460377943992,0.05680105689293134,19.256732025971502,0.5191804136070717,23.121852519333178,0.05062108829826046,17.096616059769815,0.4973602342866233,30.72820479144051,0.3372293104112685,30.029428568208413,0.3658374358453357,27.891831897870205,0.3840640330386851,28.411634772781596,0.36892503626849565
3960,2.7,empty_shadow,APF,0,0,3959,2.6500000000000004,1,1,264.38058298945896,-201.4231526309688,,,,,,,0,0,30.00469600379464,-0.5587953849936866,0.41008180379867554,0.0,0.003012375207617879,0.003680310444906354,32.766653,0.007914023574799192,0,0,14.738077959325235,17.005747616634427,14.733386698913678,occluder,,,,,1.9000000000000001,3922,ok,stale_plan,0,ok,0.4943152,0.0006735999777447432,0.47250200001872145,0.020803599996725097,0,0.001179799999999176,0.013158499999999407,0,243.0355754492806,14.664795996141493,,3.8268473690312135,0,0,0,,,,,,,,,,,,0,18.30289017350059,-0.288924759275286,23.648875933301557,0.05676277844934409,19.28555398026851,0.5764390846108743,23.124402648054794,0.051002574555163355,17.137297897915136,0.8136367629565884,30.74720401726144,0.37999039536007456,30.050010879395614,0.4116502490743561,27.912185231506196,0.4070666803891086,28.43260045639282,0.4193150547791213
3961,2.75,empty_shadow,APF,0,0,3960,2.7,1,1,265.8801266064508,-201.42694405485045,,,,,,,0,0,29.98083543716866,-0.47721133251954484,0.43197494745254517,0.0,0.002171908738091588,0.0026534870266914368,32.766653,0.007926624979658008,0,0,15.319735773780877,17.027320807499454,15.313930002197244,occluder,,,,,1.95,3922,ok,stale_plan,0,ok,0.4943152,0.0006735999777447432,0.47250200001872145,0.020803599996725097,1,0.0011575999999990927,0.012149400000001975,0,243.9503094181126,15.24960564430134,,3.823055945149548,0,0,0,,,,,,,,,,,,0,18.288726217319127,-0.28327911096676156,23.651677828557286,0.05603790510715958,19.31693941420115,0.6277086780911119,23.126933702620843,0.050621091364900526,17.167042998651567,0.5949020147772126,30.768093440875038,0.4177919831472094,30.072649309785923,0.45277077840761626,27.933463629175804,0.4255679615414504,28.455812949702583,0.46425027805143404
3962,2.8,empty_shadow,APF,0,0,3961,2.75,1,1,267.37866393984757,-201.43307041687848,,,,,,,0,0,29.960944726203973,-0.3978142192937639,0.45316463708877563,0.0,0.002171908738091588,0.0026534870266914368,32.766653,0.007937152813453155,0,0,15.901137297294548,17.038297732012126,15.894294677679685,occluder,,,,,1.9999999999999998,3922,ok,stale_plan,0,ok,0.4943152,0.0006735999777447432,0.47250200001872145,0.020803599996725097,0,0.0011575999999990927,0.010911899999999974,0,244.86431095990682,15.834141435903888,,3.816929583121521,0,0,0,,,,,,,,,,,,0,18.274878876560678,-0.2769468055859426,23.65442249766141,0.05489338145796846,19.350567893753748,0.6725695918785003,23.129426611116653,0.04985816989895998,17.21121147194267,0.8833694658707022,30.790619349292417,0.4505199286251128,30.097074896610547,0.48851263227656705,27.955421042431094,0.43914827309442633,28.48099758574103,0.5036927300766338
3963,2.85,empty_shadow,APF,0,0,3962,2.8000000000000003,1,1,268.8762864747084,-201.4413333215743,,,,,,,0,0,29.944988550032956,-0.31912352342033046,0.4737205505371094,0.0,0.001354040578007698,0.0016542726662009954,32.766653,0.007945613329061215,0,0,16.482303160758313,17.038595895405248,16.4745208379717,occluder,,,,,2.05,3922,ok,stale_plan,0,ok,0.4943152,0.0006735999777447432,0.47250200001872145,0.020803599996725097,1,0.001159799999999933,0.014327999999999008,0,245.77767163780305,16.418403292868504,,3.808666678425709,0,0,0,,,,,,,,,,,,0,18.26139202056233,-0.2697371135600766,23.657079423033174,0.053138506853966073,19.386090373699727,0.710449601624819,23.131868021182143,0.048828201207341757,17.243975906892096,0.6552886990604583,30.814533764056552,0.47828891994558287,30.12302250408865,0.5189523414772201,27.977845755507648,0.4484942689880224,28.50787398718553,0.5375281282056716
3964,2.9,empty_shadow,APF,0,0,3963,2.85,1,1,270.3732383516439,-201.45173268565165,,,,,,,0,0,29.93286640453305,-0.24244290999810403,0.49364033341407776,0.0,0.001354040578007698,0.0016542726662009954,32.766653,0.007952049954493936,0,0,17.063474348797065,17.028277303906368,17.054848836995408,occluder,,,,,2.0999999999999996,3922,ok,stale_plan,0,ok,0.4943152,0.0006735999777447432,0.47250200001872145,0.020803599996725097,0,0.001159799999999933,0.009767799999998772,0,246.690391446596,17.002635361011045,,3.798267314348351,0,0,0,,,,,,,,,,,,0,18.248292351495188,-0.2619933791614482,23.65962953063144,0.05100215233307663,19.423155901521373,0.7413105612949131,23.134242673256317,0.04749304134345377,17.289763718123996,0.9157562247623205,30.83957918162996,0.5009084220485244,30.150234635088786,0.5442426144350974,28.00052032970987,0.45349149025079866,28.53615987860043,0.5657184069711672
3965,2.95,empty_shadow,APF,0,0,3964,2.9000000000000004,1,1,271.86964154726263,-201.46399380928034,,,,,,,0,0,29.924542538238224,-0.16647732589653685,0.5129924416542053,0.0,0.000587800401262939,0.0007181336404755712,32.766653,0.007956474297048956,0,0,17.64485452792804,17.007362185752346,17.635496590610348,occluder,,,,,2.1500000000000004,3922,ok,stale_plan,0,ok,0.4943152,0.0006735999777447432,0.47250200001872145,0.020803599996725097,1,0.0011629999999982488,0.012019199999997454,0,247.60240934592753,17.58702065729824,,3.786006190719661,0,0,0,,,,,,,,,,,,0,18.23561420271165,-0.253562977064829,23.66206328854386,0.048675160307534146,19.46140398800142,0.7649617367309455,23.136529588326287,0.04573830157271585,17.32376029957571,0.679931629152141,30.865505738932796,0.5185311822893757,30.178446173638168,0.5642310030066096,28.023242586229976,0.4544451353714126,28.565569176075012,0.5881872905852475
3966,3.0,empty_shadow,APF,0,0,3965,2.95,1,1,273.3657096481612,-201.47800980806764,,,,,,,0,0,29.919918498101808,-0.09248080272833192,0.5317579507827759,0.0,0.000587800401262939,0.0007181336404755712,32.766653,0.007958933685161027,0,0,18.22657451261766,16.976067111091822,18.21659111483917,occluder,,,,,2.2,3922,ok,stale_plan,0,ok,0.4943152,0.0006735999777447432,0.47250200001872145,0.020803599996725097,0,0.0011629999999982488,0.010292900000003158,0,248.51381689893742,18.17168120518693,,3.7719901919323604,0,0,0,,,,,,,,,,,,0,18.223388091752927,-0.2445222243468746,23.664373068578918,0.046195604562588574,19.50047032840797,0.781326817214902,23.138713505335666,0.043678340250292866,17.369477540424356,0.914344817049689,30.892057860170897,0.5310428614447475,30.207388196524178,0.5788412632418336,28.045812252688172,0.45139333262793485,28.595817706433007,0.604972860533591
3967,3.05,empty_shadow,APF,0,0,3966,3.0,1,1,274.8616867376912,-201.49361275205743,,,,,,,0,0,29.918931099807672,-0.01974796588271488,0.5499866604804993,0.0,-0.00010566510172793642,-0.0001290942745981738,32.766653,0.007959459000406574,0,0,18.808855504629104,16.934501524160684,18.798363198325422,occluder,,,,,2.25,3922,ok,stale_plan,1,ok,1.6648323,0.33350060001248494,1.3041724999784492,0.026806100009707734,1,0.0017720000000025493,0.01000590000000301,0,249.42464461279133,18.75683058086298,,3.7563872479425697,0,0,0,,,,,,,,,,,,0,18.21163881323368,-0.2349855802398451,23.666543610570898,0.04341084566488934,19.540005879466428,0.790711032761386,23.140788704454355,0.04150398238593911,17.40310981950328,0.6726455816616533,30.91899332729496,0.5387105066245143,30.236810858518655,0.588454855154236,28.06803859457106,0.4445268399490535,28.62663083359679,0.6162657698621431
3968,3.1,empty_shadow,APF,0,0,3967,3.0500000000000003,1,1,276.3576948080771,-201.51057371778398,,,,,,,0,0,29.921441284663132,0.05020369710919681,0.567711353302002,0.0,-0.00010566510172793642,-0.0001290942745981738,32.766653,0.007958123634801358,0,0,19.391865657203557,16.883050172857008,19.38097506565528,occluder,,,,,2.3,3922,ok,stale_plan,0,ok,1.6648323,0.33350060001248494,1.3041724999784492,0.026806100009707734,0,0.0017720000000025493,0.011501799999997786,0,250.33486198032364,19.342621283716596,,3.739426282216016,0,0,0,,,,,,,,,,,,0,18.20039307105211,-0.22491485699219482,23.668567286865585,0.04047353281618802,19.579665410630838,0.7931906370803978,23.142736111091214,0.038948132667887755,17.447295460467963,0.8837128193216899,30.946066112823736,0.541457816674643,30.26646431646622,0.5930717120989455,28.089744228378606,0.43411267747534144,28.65773392042971,0.6220658824588912
3969,3.15,empty_shadow,APF,0,0,3968,3.1,1,1,277.8539168919016,-201.5286790197482,,,,,,,0,0,29.92736854902246,0.11854528718657775,0.5849841833114624,0.0,-0.0007130231824703515,-0.0008711221162229776,32.766653,0.007954971787940452,0,0,19.975673239732995,16.822005224071642,19.964500839551054,occluder,,,,,2.3499999999999996,3922,ok,stale_plan,0,ok,1.6648323,0.33350060001248494,1.3041724999784492,0.026806100009707734,1,0.001172300000000348,0.010930700000002957,0,251.24459105622356,19.929114291641156,,3.7213209802517895,0,0,0,,,,,,,,,,,,0,18.189671846005247,-0.21442451744125027,23.670432654162003,0.03730735313657611,19.619117042072723,0.7890326442005932,23.144550003289662,0.036277843821558374,17.47920158900688,0.6381225708554834,30.973051171583847,0.5397043317329794,30.296100635525033,0.5927298959978237,28.11077465842733,0.42060860151109125,28.688863770059577,0.6226019340345504
3970,3.2,empty_shadow,APF,0,0,3969,3.1500000000000004,1,1,279.35053602174736,-201.54771497245096,,,,,,,0,0,29.93663014269828,0.18523187351640047,0.6018401384353638,0.0,-0.0007130231824703515,-0.0008711221162229776,32.766653,0.007950050645206945,0,0,20.56055950114844,16.7516356053843,20.549214103679905,occluder,,,,,2.4000000000000004,3922,ok,stale_plan,0,ok,1.6648323,0.33350060001248494,1.3041724999784492,0.026806100009707734,0,0.001172300000000348,0.011707399999998813,0,252.1537402773513,20.516584200359205,,3.7022850275490384,0,0,0,,,,,,,,,,,,0,18.179501841885372,-0.2034001006175005,23.672133991141138,0.034026746295197426,19.658044149505884,0.7785421633213551,23.146226567239758,0.0335312791988351,17.520652092158112,0.8290100630344834,30.999717736407423,0.5333355064935492,30.325492859720892,0.5878489002741079,28.130983019469458,0.40416722098346697,28.719766717556237,0.6180645018788615
3971,3.25,empty_shadow,APF,0,0,3970,3.2,1,1,280.8477047230315,-201.56749841838027,,,,,,,0,0,29.94915944730559,0.2505860921461789,0.6182793378829956,0.0,-0.0012241866206750274,-0.0014956260565668344,32.766653,0.007943400469950302,0,0,21.14662466125068,16.67225443319084,21.135217527746356,occluder,,,,,2.45,3922,ok,stale_plan,0,ok,1.6648323,0.33350060001248494,1.3041724999784492,0.026806100009707734,1,0.0011668000000000234,0.01069230000000232,0,253.0623706944757,21.105122484518915,,3.682501581619732,0,0,0,,,,,,,,,,,,0,18.169894506155487,-0.19214673085918976,23.67367320577919,0.030784296861090944,19.69615490812638,0.7622151859200648,23.147761986078642,0.03070837684356075,17.549710550463505,0.5811691661132036,31.025863648019918,0.5229234164905131,30.354414029703054,0.5784285814921917,28.15023198204946,0.38497925154362134,28.750204350949115,0.608758606852394
3972,3.3,empty_shadow,APF,0,0,3971,3.25,1,1,282.34554498277316,-201.58778517528222,,,,,,,0,0,29.964888299539204,0.31457704467229064,0.6343283653259277,0.0,-0.0012241866206750274,-0.0014956260565668344,32.766653,0.007935063877214594,0,0,21.73387770091388,16.584195003030406,21.72251149110832,occluder,,,,,2.5,3922,ok,stale_plan,0,ok,1.6648323,0.33350060001248494,1.3041724999784492,0.026806100009707734,0,0.0011668000000000234,0.012018799999999885,0,253.97060438310757,21.694729055628727,,3.662214824717779,0,0,0,,,,,,,,,,,,0,18.160868912568198,-0.18051188530615378,23.675040760721696,0.02735110343857192,19.73317656711721,0.7404331917025061,23.149150540122516,0.02777108087213848,17.587470335094043,0.7551956925781614,31.051288650618897,0.5085060347304422,30.38266006970487,0.5649265626803751,28.168410920637378,0.36357877174203934,28.779945881568366,0.5948367014709576
3973,3.35,empty_shadow,APF,0,0,3972,3.3000000000000003,1,1,283.8442703615421,-201.6083920648233,,,,,,,0,0,29.98375300180877,0.377294045391281,0.649981677532196,0.0,-0.0016346113989129663,-0.0019970545545220375,32.766653,0.007925082521165345,0,0,22.322595565280544,16.487771960979394,22.311372208762368,occluder,,,,,2.55,3922,ok,stale_plan,0,ok,1.6648323,0.33350060001248494,1.3041724999784492,0.026806100009707734,1,0.0025410000000007926,0.013471599999995476,0,254.87838030809422,22.285678509411014,,3.641607935176694,0,0,0,,,,,,,,,,,,0,18.15243650475824,-0.16864816708570865,23.67623856478298,0.023956083866983204,19.768861170001063,0.7136920667520265,23.150394134761076,0.024871892692053654,17.612794205748102,0.5064774130570361,31.075805834660528,0.49035025962289736,30.41003452814997,0.5474952955699074,28.185416838568635,0.34011835876767416,28.80877768098159,0.5766419944992172
3974,3.4,empty_shadow,APF,0,0,3973,3.35,1,1,285.34400286197365,-201.6291206811141,,,,,,,0,0,30.005701517694558,0.43897031771578554,0.6652499437332153,0.0,-0.0016346113989129663,-0.0019970545545220375,32.766653,0.007913493195921346,0,0,22.912843587912626,16.38333153988513,22.901855954023407,occluder,,,,,2.5999999999999996,3922,ok,stale_plan,0,ok,1.6648323,0.33350060001248494,1.3041724999784492,0.026806100009707734,0,0.0025410000000007926,0.010209199999998475,0,255.78575951499909,22.8780318029377,,3.6208793188858976,0,0,0,,,,,,,,,,,,0,18.144614449511387,-0.1564411127116367,23.677272340119224,0.020675508092587048,19.802987464957795,0.6825259055039866,23.15149086362284,0.021934577397813914,17.646151829560008,0.6671524762234138,31.099243543694886,0.468761109022616,30.436360021211613,0.5265161160323286,28.201163904911926,0.3149413272672128,28.83649946731234,0.554441443708844
3975,3.45,empty_shadow,APF,0,0,3974,3.4000000000000004,1,1,286.84495603943225,-201.64977258703294,,,,,,,0,0,30.030673621550733,0.4994420771235042,0.6801236271858215,0.0,-0.0019428248051553965,-0.0023736082948744297,32.766653,0.007900338234038061,0,0,23.504741981258856,16.271253152240476,23.494079587742473,occluder,,,,,2.6500000000000004,3922,ok,stale_plan,0,ok,1.6648323,0.33350060001248494,1.3041724999784492,0.026806100009707734,1,0.0011764999999996917,0.012557699999995009,0,256.6928335357297,23.471910959665706,,3.600227412967058,0,0,0,,,,,,,,,,,,0,18.137410373532866,-0.14408152532025537,23.67814208534635,0.017394905618304497,19.835353272596752,0.6473161562297779,23.152446448483396,0.01911169730131286,17.66707926262995,0.4185486613930495,31.12145491067397,0.444234358096313,30.461472511184514,0.5022559547907777,28.21557964113316,0.2883147250723586,28.862933842338766,0.5286927505581762
3976,3.5,empty_shadow,APF,0,0,3975,3.45,1,1,288.3472213997984,-201.6702104222539,,,,,,,0,0,30.058621621945516,0.5589600078956636,0.6946114301681519,0.0,-0.0019428248051553965,-0.0023736082948744297,32.766653,0.007885654470164155,0,0,24.098503629803233,16.15192856902914,24.08824689403452,occluder,,,,,2.7,3922,ok,stale_plan,0,ok,1.6648323,0.33350060001248494,1.3041724999784492,0.026806100009707734,0,0.0011764999999996917,0.00853959999999887,0,257.5994803103914,24.06752954537012,,3.579789577746112,0,0,0,,,,,,,,,,,,0,18.130828093612685,-0.1316456015097064,23.678861154141874,0.014381376179209095,19.865781209177733,0.6085587324251341,23.15326279683699,0.016326967101129235,17.695548352720778,0.5693818018319862,31.142302599910565,0.41696065119634335,30.485223214907865,0.47501993116521773,28.228612548990075,0.26065815801338615,28.88791484801317,0.4996247534298267
3977,3.55,empty_shadow,APF,0,0,3976,3.5,1,1,289.85101248802573,-201.69020523207888,,,,,,,0,0,30.08948413476366,0.6172502563628512,0.7087002992630005,0.0,-0.00215083546936512,-0.002627741312608123,32.766653,0.007869486944894054,0,0,24.694192219060824,16.02571845741204,24.684416114950047,occluder,,,,,2.75,3922,ok,stale_plan,0,ok,1.6648323,0.33350060001248494,1.3041724999784492,0.026806100009707734,1,0.0014393000000012535,0.013228699999999094,0,258.5058524320713,24.664948511917544,,3.559794767921119,0,0,0,,,,,,,,,,,,0,18.124875239239604,-0.11905708812696908,23.679431451515143,0.011405947450333713,19.894130130748064,0.5669784302735764,23.153945631537184,0.013656693957822683,17.711629213613538,0.3216172179084162,31.16166071468146,0.3871687887582227,30.507484325409077,0.44522758945335916,28.24021494448529,0.23204791103581449,28.911293692365977,0.4675808394891606
3978,3.6,empty_shadow,APF,0,0,3977,3.5500000000000003,1,1,291.35642081520024,-201.7096349149702,,,,,,,0,0,30.123212313047034,0.674563565667512,0.7224085330963135,0.0,-0.00215083546936512,-0.002627741312608123,32.766653,0.007851875015142984,0,0,25.291893790164256,15.893042161570229,25.282664411573613,occluder,,,,,2.8,3922,ok,stale_plan,0,ok,1.6648323,0.33350060001248494,1.3041724999784492,0.026806100009707734,0,0.0014393000000012535,0.008297800000001132,0,259.41194989035876,25.264259380804617,,3.540365085029805,0,0,0,,,,,,,,,,,,0,18.119553717885964,-0.10643042559857806,23.679864422518538,0.008659419964508381,19.920270337615516,0.5228041352854058,23.154498766363186,0.011062696672627643,17.734942742047487,0.46627056877893147,31.179430056430004,0.3553927639684293,30.528143291516383,0.41318408819442864,28.25037538419005,0.20320879534984054,28.932946377730705,0.4330569329711925
3979,3.65,empty_shadow,APF,0,0,3978,3.6,1,1,292.86359893276585,-201.7283926073567,,,,,,,0,0,30.159751521055682,0.7307841601729592,0.7357407212257385,0.0,-0.0022631031461060047,-0.002764902077615261,32.766653,0.007832861877144251,0,0,25.8917576300025,15.754303817327399,25.883133649518474,occluder,,,,,2.8499999999999996,3922,ok,stale_plan,0,ok,1.6648323,0.33350060001248494,1.3041724999784492,0.026806100009707734,1,0.0011839000000009037,0.013598399999999344,0,260.3177726956644,25.865614693064572,,3.52160739264329,0,0,0,,,,,,,,,,,,0,18.114863530526183,-0.09380374406699175,23.680161973046893,0.005951010317948829,19.94410646163943,0.4767224784861005,23.154929829971657,0.008621272229004976,17.74593670449893,0.2198792491582136,31.195517146757446,0.32174703999890397,30.547099005731095,0.3791183587076463,28.25906907269927,0.17387377150645697,28.952766073677957,0.3963964271410484
3980,3.7,empty_shadow,APF,0,0,3979,3.6500000000000004,1,1,294.37266884856336,-201.74629516213724,,,,,,,0,0,30.19904695522219,0.7859086833301632,0.7487090229988098,0.0,-0.0022631031461060047,-0.002764902077615261,32.766653,0.007812491504373472,0,0,26.493842143124162,15.609917078634307,26.48587408149199,occluder,,,,,2.9000000000000004,3922,ok,stale_plan,0,ok,1.6648323,0.33350060001248494,1.3041724999784492,0.026806100009707734,0,0.0011839000000009037,0.012057500000004495,0,261.2233818727303,26.469075431796227,,3.503704837862756,0,0,0,,,,,,,,,,,,0,18.110804675555695,-0.08117709473166276,23.680337455734,0.0035096540502228394,19.96556602572485,0.429191281192925,23.155250268339827,0.00640876736778292,17.764016468667748,0.3615952835896986,31.2098609303293,0.28688012373372646,30.564278969173724,0.34360260828146433,28.266305546896792,0.14472948527762175,28.970653580593453,0.3577519757226473
3981,3.75,empty_shadow,APF,0,0,3980,3.7,1,1,295.88384415439486,-201.76325095370728,,,,,,,0,0,30.241046773850716,0.8399963725705106,0.761296808719635,0.0,-0.002287111012265086,-0.002794233150780201,32.766653,0.0077908069318926455,0,0,27.09832629216902,15.460301055695952,27.09105590286298,occluder,,,,,2.95,3922,ok,stale_plan,0,ok,1.6648323,0.33350060001248494,1.3041724999784492,0.026806100009707734,1,0.0011957000000037965,0.015690799999994454,0,262.12880794954344,27.074824660814556,,3.486749046292715,0,0,0,,,,,,,,,,,,0,18.10737715410326,-0.06855042350982991,23.680400405640093,0.0012589981112932338,19.984593715207538,0.38055379157695945,23.15546198777039,0.00423438852992334,17.7698739426902,0.11714948074271173,31.22239272158304,0.2506394581150642,30.579614498521813,0.30671319578676165,28.272100065214474,0.11589036772385734,28.98653640478181,0.317657731045525
3982,3.8,empty_shadow,APF,0,0,3981,3.75,1,1,297.3972163873732,-201.77921417446998,,,,,,,0,0,30.285699482101972,0.89305416502512,0.7735286951065063,0.0,-0.002287111012265086,-0.002794233150780201,32.766653,0.0077678515320702335,0,0,27.70526355041234,15.305854311706325,27.69872524872353,occluder,,,,,3.0,3922,ok,stale_plan,0,ok,1.6648323,0.33350060001248494,1.3041724999784492,0.026806100009707734,0,0.0011957000000037965,0.00988500000000414,0,263.0340814384748,27.682923404861526,,3.4707858255300152,0,0,0,,,,,,,,,,,,0,18.104579058137286,-0.055961913034527126,23.680360360729562,-0.0008008972061454983,20.00115710750139,0.3312678508546672,23.155576432421288,0.002288893179235482,17.782822940282106,0.25897995222735676,31.233083890742083,0.21382621208424532,30.59306170905348,0.26894614035705494,28.27646979434974,0.08739458398863535,29.000363036367794,0.27653339117986747
3983,3.85,empty_shadow,APF,0,0,3982,3.8000000000000003,1,1,298.9128773604969,-201.79494773260174,,,,,,,0,0,30.332974642134907,0.9455032006587061,0.7854111790657043,0.0,0.00589800113812089,0.007767851464450359,32.47582768792963,0.0077436583516487375,1,0,28.314676971173085,15.146998806089591,28.308418441442548,occluder,,,,,0.8500000000000001,3966,ok,accepted,1,ok,0.7707516,0.0008234000124502927,0.692469199973857,0.07710589998168871,1,0.0012491999999966197,0.010389400000001103,0,263.93923285189544,28.2934329645646,,3.4550522673982584,0,0,0,,,,,,,,,,,,0,18.10240085114475,-0.04356413322442797,23.680224947746158,-0.002708259275266038,20.01524284980845,0.28171485508145305,23.155605045454422,0.0005722607279266012,17.783656459036084,0.016670375563977814,31.24190962319212,0.17651672264736665,30.60459579003661,0.2306829431370305,28.279466232781797,0.05992876981608707,29.01209150824926,0.23456983136046747
3984,3.9,empty_shadow,APF,0,0,3983,3.85,1,1,300.43097978137166,-201.81080252817668,,,,,,,0,0,30.38280674392234,0.9966420357486783,0.7969338297843933,0.0,0.006358073092997074,0.007767851464450359,32.47582768792963,0.007718278801584172,1,0,28.926641408410696,14.983997436195098,28.92000301069583,occluder,,,,,0.8999999999999999,3966,ok,accepted,0,ok,0.7707516,0.0008234000124502927,0.692469199973857,0.07710589998168871,0,0.0012491999999966197,0.011832499999997026,0,264.8443232301633,28.9064450071715,,3.43919747182332,0,0,0,,,,,,,,,,,,0,18.10083872016096,-0.031242613719813274,23.68000752055127,-0.004348542363334716,20.02686238776816,0.23239077205081057,23.155549735300795,-0.001106203055708937,17.79172836717467,0.16143816338516517,31.248866090985807,0.13913077275074767,30.61419384352708,0.19196189367234912,28.28111989761476,0.03307329780323139,29.021700837718026,0.19218673982503917
3985,3.95,empty_shadow,APF,0,0,3984,3.9000000000000004,1,1,301.95164573071366,-201.82680903712804,,,,,,,0,0,30.435153337735446,1.0469318762621072,0.8080816268920898,0.0,0.006317497231066227,0.007718279026448727,32.70030865777402,0.0076917527511240775,1,0,29.541183716142644,14.817296683077371,29.53365389000825,occluder,,,,,0.9500000000000002,3966,ok,accepted,0,ok,0.7707516,0.0008234000124502927,0.692469199973857,0.07710589998168871,1,0.0016297999999963508,0.010348799999995606,0,265.7494441260076,29.521990060669225,,3.4231909628719563,0,0,0,,,,,,,,,,,,0,18.099883127477394,-0.019111848105834994,23.67971761376177,-0.005798135020497043,20.036040517387598,0.18356260918911582,23.155427668796197,-0.0024413301491932452,17.78780686665626,-0.07843000963580773,31.253951373147054,0.10170651027838162,30.621861582427215,0.15335521367794344,28.28149754661573,0.007552981031161534,29.029192932165603,0.1498419099555129
3986,4.0,empty_shadow,APF,0,0,3985,3.95,1,1,303.4749669017974,-201.8433792155042,,,,,,,0,0,30.489931663087447,1.0955665070400045,0.8188608884811401,0.0,0.006317497231066227,0.007718279026448727,32.70030865777402,0.0076641405981333136,1,0,30.158561961324832,14.647468762132592,30.1497588671899,occluder,,,,,1.0,3966,ok,accepted,0,ok,0.7707516,0.0008234000124502927,0.692469199973857,0.07710589998168871,0,0.0016297999999963508,0.008678199999998526,0,266.65441243397004,30.140342923790513,,3.4066207844958,0,0,0,,,,,,,,,,,,0,18.09949211143277,-0.007820315889671251,23.67936667309651,-0.007018811442667896,20.04281729426769,0.1355355576906639,23.155244566963923,-0.0036620367830481207,17.791383153876684,0.07152574521675768,31.257197887179416,0.06493073051746313,30.627614262618042,0.11505377596552965,28.280662121795107,-0.0167084954420185,29.034567792238864,0.10749719504529733
3987,4.05,empty_shadow,APF,0,0,3986,4.0,1,1,305.00118756536847,-201.8608944497233,,,,,,,0,0,30.54706350840727,1.1426369063964614,0.8293697834014893,0.0,0.006273184437304735,0.007664140779525042,32.92711403312553,0.007635500202495996,1,0,30.19185300192285,14.474951278896244,30.180806779719664,follower_1,,,,,1.0499999999999998,3966,ok,accepted,0,ok,0.7707516,0.0008234000124502927,0.692469199973857,0.07710589998168871,1,0.0012688999999994621,0.012127800000001798,0,267.5592891944089,30.7616868269227,,3.389105550276696,0,0,0,,,,,,,,,,,,0,18.09959510011816,0.00205977803234824,23.67896614076648,-0.008010645646693177,20.0472480349312,0.0886148342555624,23.15500615290926,-0.004768280899147791,17.78308619123665,-0.1659392522732365,31.25863233267,0.02868907997954871,30.631474771254585,0.07721020011201003,28.27868801019585,-0.03948223112008835,29.03785594373992,0.06576308463765863
3988,4.1,empty_shadow,APF,0,0,3987,4.05,1,1,306.530246832025,-201.87978200667578,,,,,,,0,0,30.606478611360068,1.1883020590559568,0.839644730091095,0.0,0.006273184437304735,0.007664140779525042,32.92711403312553,0.007605885153755116,1,0,30.15801533429901,14.300173310380687,30.145097925330994,follower_1,,,,,1.0999999999999996,3966,ok,accepted,0,ok,0.7707516,0.0008234000124502927,0.692469199973857,0.07710589998168871,0,0.0012688999999994621,0.009219600000001549,0,268.46434905510046,31.38568623288768,,3.370217993324218,0,0,0,,,,,,,,,,,,0,18.100155853890943,0.011215079036460511,23.67852364704328,-0.008849872589189706,20.04940331260381,0.0431055736583283,23.15472577596871,-0.005607538748125017,17.78264559304889,-0.008811963843335005,31.258310024283993,-0.006446143450506969,30.63349079598114,0.04032048835978478,28.275657227791722,-0.06061564730871382,29.039095544993145,0.02479220542566666
3989,4.15,empty_shadow,APF,0,0,3988,4.1000000000000005,1,1,308.06232796338674,-201.90049958754224,,,,,,,0,0,30.668121261220755,1.2328529972137403,0.8496882319450378,0.0,0.006225501652806997,0.0076058851554989815,33.16836426545983,0.0075753415304462765,1,0,30.127260561327688,14.123473149581642,30.11232865783394,follower_1,,,,,1.1500000000000004,3966,ok,accepted,0,ok,0.7707516,0.0008234000124502927,0.692469199973857,0.07710589998168871,1,0.002527000000000612,0.013153299999999035,0,269.36943943336837,32.0126769859815,,3.3495004124577576,0,0,0,,,,,,,,,,,,0,18.1011572065919,0.020027056831733142,23.67805254323841,-0.009422075033751805,20.049365142405406,-0.0007633849388096788,23.154411066960904,-0.006294180162821619,17.770451906048407,-0.2438737410460286,31.256278648423603,-0.040627520034580124,30.63371193359116,0.00442280734473178,28.271642253335617,-0.08029948836250703,29.038338103905946,-0.01514847200467265
3990,4.2,empty_shadow,APF,0,0,3989,4.15,1,1,309.5975531494831,-201.92339810280757,,,,,,,0,0,30.731938179623427,1.2763383680534446,0.8594996929168701,0.0,0.006225501652806997,0.0076058851554989815,33.16836426545983,0.00754391398777682,1,0,30.099771913396367,13.945123509379957,30.082734270087975,follower_1,,,,,1.2000000000000002,3966,ok,accepted,0,ok,0.7707516,0.0008234000124502927,0.692469199973857,0.07710589998168871,0,0.002527000000000612,0.011662600000001078,0,270.2745298116363,32.642811793809926,,3.3266018971924325,0,0,0,,,,,,,,,,,,0,18.102581992037123,0.02849571096962353,23.677560458639938,-0.009841690078470189,20.04722889209808,-0.04272498960151462,23.154067747824005,-0.006866382823595323,17.766551366894717,-0.07801078495666866,31.2526145061068,-0.073282775069974,30.632203042085305,-0.030177638031577098,28.266734640067835,-0.09815226467846701,29.03564466620541,-0.05386821300386224
3991,4.25,empty_shadow,APF,0,0,3990,4.2,1,1,311.1359530276143,-201.948828494189,,,,,,,0,0,30.797898890728227,1.319214222096008,0.8690871596336365,0.0,0.006174777634441853,0.007543914020061493,33.434986315066716,0.007511635790418379,1,0,30.075702108521455,13.765388507210238,30.056509984654518,follower_1,,,,,1.25,3966,ok,accepted,0,ok,0.7707516,0.0008234000124502927,0.692469199973857,0.07710589998168871,1,0.0011966999999941663,0.011579099999998732,0,271.17971174263323,33.27602974094418,,3.3011715058109985,0,0,0,,,,,,,,,,,,0,18.10441495139166,0.036659188453246075,23.677058837458,-0.010032422574658976,20.043099466216432,-0.08258850459228302,23.15370916990455,-0.0071715582134117975,17.751014095117494,-0.3107454368099081,31.24739390045311,-0.10441188981121703,30.629028981009547,-0.06348083827438977,28.26102212549024,-0.11425029087775472,29.031089628651355,-0.09110001467508394
3992,4.3,empty_shadow,APF,0,0,3991,4.25,1,1,312.6776497930151,-201.9771569309596,,,,,,,0,0,30.865957897569217,1.3611801368197973,0.8784193396568298,0.0,0.006174777634441853,0.007543914020061493,33.434986315066716,0.007478547443817806,1,0,30.055234356268926,13.584530382737636,30.033871768172055,follower_1,,,,,1.2999999999999998,3966,ok,accepted,0,ok,0.7707516,0.0008234000124502927,0.692469199973857,0.07710589998168871,0,0.0011966999999941663,0.00886080000000078,0,272.0849852315646,33.91245301741367,,3.272843069040391,0,0,0,,,,,,,,,,,,0,18.106648455976806,0.04467009207057076,23.676545772161514,-0.010261304052549342,20.03708749127891,-0.12023948972287998,23.153342962416527,-0.00732414966757321,17.744258256373435,-0.135116775692872,31.240706488648048,-0.13374780958633564,30.624275592163386,-0.0950671710045642,28.254596262881435,-0.12851725156966984,29.02475883282762,-0.12661499857502403
3993,4.35,empty_shadow,APF,0,0,3992,4.3,1,1,314.2227957941193,-202.00768145680948,,,,,,,0,0,30.936457136996122,1.4099847885380967,0.8869446516036987,0.0,-0.0020103342831134796,-0.007478547282516956,32.766653,0.007444502713737129,1,0,30.038612573417694,13.402227318949073,30.01559431206846,follower_1,,,,,1.3499999999999996,3966,ok,stale_plan,0,ok,0.7707516,0.0008234000124502927,0.692469199973857,0.07710589998168871,1,0.0020482999999984486,0.011526000000003478,0,272.9904113031723,34.552172946910105,,3.242318543190521,0,0,0,,,,,,,,,,,,0,18.10925961588568,0.052223198403885944,23.67604415027571,-0.010032436720588447,20.029315038552646,-0.15544904994973596,23.152976752198974,-0.00732420434055527,17.725970587559555,-0.36575337640781985,31.232643833712007,-0.16125243813938991,30.61804016426098,-0.12470772687896144,28.247556233775672,-0.1408005814923304,29.016747658321663,-0.1602224252636647
3994,4.4,empty_shadow,APF,0,0,3993,4.3500000000000005,1,1,315.7714824014675,-202.03986798292019,,,,,,,0,0,31.00898035927347,1.4504644455469418,0.894163191318512,0.0,-0.006121274083852768,-0.007478547282516956,32.766653,0.007409722583539789,1,0,30.025928146124514,13.219068766270553,30.00221749860946,follower_1,,,,,1.4000000000000004,3966,ok,stale_plan,0,ok,0.7707516,0.0008234000124502927,0.692469199973857,0.07710589998168871,0,0.0020482999999984486,0.01022259999999875,0,273.8959594450855,35.19531141234512,,3.2101320170798147,0,0,0,,,,,,,,,,,,0,18.11224080260186,0.05962373405215525,23.675550158686395,-0.00987982990378001,20.019906084947245,-0.1881790707503769,23.152610536740468,-0.007324309283801259,17.716986966034227,-0.1796724299894494,31.223305130035495,-0.18677317252998188,30.61041044534033,-0.1525933315244512,28.239991684080643,-0.15129099332238868,29.007161016897037,-0.19173165096306108
3995,4.45,empty_shadow,APF,0,0,3994,4.4,1,1,317.3238926996961,-202.07365541167434,,,,,,,0,0,31.083388487454936,1.488162563629345,0.900060772895813,0.0,-0.006064940243959427,-0.0074097225442528725,32.766653,0.0073742912040670365,1,0,30.017486218920467,13.035404291503607,29.99397614816034,follower_1,,,,,1.4500000000000002,3966,ok,stale_plan,0,ok,0.7707516,0.0008234000124502927,0.692469199973857,0.07710589998168871,1,0.0015372000000013486,0.014433300000000315,0,274.80166017488034,35.8420209807789,,3.1763445883256622,0,0,0,,,,,,,,,,,,0,18.11557675725199,0.06671909233293385,23.67507142516621,-0.00957466942306524,20.00899032952291,-0.21831510908638593,23.15225195058359,-0.007171723379046623,17.69657641850256,-0.4082109495996912,31.21280292416532,-0.21004299254253997,30.601497071374652,-0.17826624227994065,28.23199225864423,-0.15998850812234172,28.996100005192265,-0.2212189867452087
3996,4.5,empty_shadow,APF,0,0,3995,4.45,1,1,318.87999606191556,-202.10872331893106,,,,,,,0,0,31.159486030766246,1.5219508662261916,0.9044845700263977,0.0,-0.006064940243959427,-0.0074097225442528725,32.766653,0.007338317566034786,1,0,30.013286677287013,12.85197099847375,29.990667627106188,follower_1,,,,,1.5,3966,ok,stale_plan,0,ok,0.7707516,0.0008234000124502927,0.692469199973857,0.07710589998168871,0,0.0015372000000013486,0.011383600000002048,0,275.7075745277097,36.49220999016899,,3.1412766810689448,0,0,0,,,,,,,,,,,,0,18.119254129079895,0.07354743529503271,23.67461748803408,-0.009078740781764964,19.996701288246804,-0.24578082756447137,23.15190480747234,-0.006942862695514026,17.686005880544236,-0.21141075728180006,31.20124785291383,-0.23110010469461048,30.59140114497691,-0.2019171567247766,28.22366095480487,-0.16662607621520725,28.983684793532277,-0.2483029686485347
3997,4.55,empty_shadow,APF,0,0,3996,4.5,1,1,320.4399449094353,-202.14458337141488,,,,,,,0,0,31.2369980008917,1.5502394025090638,0.9074690341949463,0.0,-0.006006494630128145,-0.007338317576795816,32.766653,0.007301945217800019,1,0,30.01357351608405,12.66947192972108,29.99238229845022,follower_1,,,,,1.5499999999999998,3966,ok,stale_plan,0,ok,0.7707516,0.0008234000124502927,0.692469199973857,0.07710589998168871,1,0.001210100000001546,0.012292099999996253,0,276.61370250877883,37.14603085661963,,3.105416628585118,0,0,0,,,,,,,,,,,,0,18.123257658333966,0.08007058363185793,23.674190253067426,-0.008544698378732932,19.983180103889087,-0.27042368898213964,23.151580551038528,-0.006485128410035923,17.66409806305204,-0.4381563479313074,31.188754367210493,-0.2498682406667489,30.58023711342614,-0.22327916983222165,28.21508551009266,-0.17150889363932903,28.970033641045095,-0.27302180940612975
3998,4.6,empty_shadow,APF,0,0,3997,4.55,1,1,322.00383058676874,-202.18062518636646,,,,,,,0,0,31.31561569063642,1.5723537948944255,0.9090597629547119,0.0,-0.006006494630128145,-0.007338317576795816,32.766653,0.007265329539992218,1,0,30.01840754142718,12.48854596958125,29.999062308866616,follower_1,,,,,1.5999999999999996,3966,ok,stale_plan,1,ok,0.7396975,0.0008549999911338091,0.70218510000268,0.03629290001117624,0,0.001210100000001546,0.00866529999999699,0,277.5199830725244,37.803635970207495,,3.0693748136335444,0,0,0,,,,,,,,,,,,0,18.127572085418578,0.08628854036486709,23.673795438925648,-0.007896281745192246,19.968564105410938,-0.29231996998998094,23.15128490608766,-0.005912899030425159,17.65256622410966,-0.23063677699493232,31.175440732408315,-0.26627112608119585,30.568119424559185,-0.24235228226694253,28.20635747775053,-0.17456064626809287,28.955266713701953,-0.2953373716732509
3999,4.65,empty_shadow,APF,0,0,3998,4.6000000000000005,1,1,323.57165321884526,-202.21721497470202,,,,,,,0,0,31.394757633504053,1.5828388573526553,0.9015390276908875,0.0,0.002178617287427187,0.007265329360961914,27.58616732006556,0.007228747158485946,1,0,30.027910948551153,12.310139801215263,30.010222606813784,follower_1,,,,,0.9500000000000002,3980,ok,accepted,0,ok,0.7396975,0.0008549999911338091,0.70218510000268,0.03629290001117624,1,0.0012351999999964391,0.011876199999996118,0,278.4265077768807,38.464933897927665,,3.032785025297983,0,0,0,,,,,,,,,,,,0,18.13218215316875,0.09220135332875691,23.673436858229127,-0.0071716138168233644,19.95299443641095,-0.3113933780167472,23.15101977633528,-0.005302594265287468,17.629779121541382,-0.45574204974216653,31.16143093271037,-0.28019438189431617,30.5551701545523,-0.2589839294705549,28.19755505854805,-0.17604838343761559,28.9395118065826,-0.3150970722460817
4000,4.7,empty_shadow,APF,0,0,3999,4.65,1,1,325.14338236096387,-202.25456636986675,,,,,,,0,0,31.473325247227255,1.571352274464033,0.8851082921028137,0.0,0.005946753080934286,0.007265329360961914,27.58616732006556,0.007192702863239239,1,0,30.0419617608475,12.135913933950835,30.02523657594151,follower_1,,,,,1.0,3980,ok,accepted,0,ok,0.7396975,0.0008549999911338091,0.70218510000268,0.03629290001117624,0,0.0012351999999964391,0.00968539999999507,0,279.3332766218478,39.1298941950792,,2.995433630133249,0,0,0,,,,,,,,,,,,0,18.13707260180335,0.0978089709835222,23.67311451275657,-0.006446909940137563,19.936610332306735,-0.32768207709368075,23.15078516583124,-0.004692209755654254,17.617886795598825,-0.23784651734556114,31.146837506367735,-0.2918669250111975,30.541498025253205,-0.273441186782023,28.188765991039308,-0.17578134959241287,28.922900526062552,-0.3322246651745901
4001,4.75,empty_shadow,APF,0,0,4000,4.7,1,1,326.71898742267285,-202.292465759237,,,,,,,0,0,31.550025220636332,1.5339994681815483,0.8601958751678467,0.0,0.005887307692319155,0.00719270296394825,27.136631006083537,0.007157774798039807,1,0,30.06065143214299,11.967555200422554,30.04422283340365,follower_1,,,,,1.0499999999999998,3980,ok,accepted,0,ok,0.7396975,0.0008549999911338091,0.70218510000268,0.03629290001117624,1,0.0012648999999953503,0.01145400000000052,0,280.24025908984936,39.79851678878663,,2.9575342407630103,0,0,0,,,,,,,,,,,,0,18.142228172497692,0.103111412176612,23.672836029941692,-0.00556965705484153,19.9195567521888,-0.34107159376181195,23.150584886920228,-0.004005577355697563,17.5948135919337,-0.46146407204063694,31.131790158327348,-0.30094542918153483,30.52722510929353,-0.2854570352190768,28.18007229073642,-0.17387400544192202,28.905556850152422,-0.34687271857425733
4002,4.8,empty_shadow,APF,0,0,4001,4.75,1,1,328.2982242633614,-202.330913226099,,,,,,,0,0,31.623225794776086,1.4640114827950867,0.8275282382965088,0.0,0.005887307692319155,0.00719270296394825,27.136631006083537,0.007124677032458069,1,0,30.083766370635416,11.8072301998363,30.06714373947272,follower_1,,,,,1.0999999999999996,3980,ok,accepted,0,ok,0.7396975,0.0008549999911338091,0.70218510000268,0.03629290001117624,0,0.0012648999999953503,0.010613400000003992,0,281.1475772563962,40.47043546292838,,2.9190867739010002,0,0,0,,,,,,,,,,,,0,18.14763742189416,0.1081849860493362,23.672601410937858,-0.0046923802038549576,19.901972932935237,-0.3516763724415132,23.150418941426036,-0.00331890940830435,17.583121540276476,-0.23384103238868117,31.11640714558991,-0.30765883368275115,30.512473478068372,-0.2950314905740815,28.171540714870925,-0.17063151666293147,28.887604755395085,-0.3590412481165202
4003,4.8500000000000005,empty_shadow,APF,0,0,4002,4.800000000000001,1,1,329.8809709116265,-202.37019872907115,,,,,,,0,0,31.691333895064076,1.3621620057597994,0.7881126403808594,0.0,0.005831627175211906,0.007124676834791899,26.75062086629352,0.0070940875661895195,1,0,30.11121509126582,11.656877666781195,30.094049568326756,follower_1,,,,,1.1500000000000004,3980,ok,accepted,0,ok,0.7396975,0.0008549999911338091,0.70218510000268,0.03629290001117624,1,0.001169699999998386,0.01295029999999997,0,282.055109040772,41.145650326817645,,2.8798012709288514,0,0,0,,,,,,,,,,,,0,18.153277460071227,0.11280076189416544,23.672412567564905,-0.0037768662477685225,19.88399429507709,-0.3595727409484606,23.150291143820883,-0.0025559518824096188,17.560315368067847,-0.4561234436289778,31.100806725627322,-0.3120071304710252,30.497355663864624,-0.302355316278239,28.163243743134032,-0.1659394342858827,28.869177754440983,-0.36853952152781794
4004,4.9,empty_shadow,APF,0,0,4003,4.8500000000000005,1,1,331.4669222801963,-202.41058177166022,,,,,,,0,0,31.75281091969258,1.2295404925700382,0.7427965998649597,0.0,0.005831627175211906,0.007124676834791899,26.75062086629352,0.007066645166091877,1,0,30.14257043645692,11.518214906906138,30.124624721381014,follower_1,,,,,1.2000000000000002,3980,ok,accepted,0,ok,0.7396975,0.0008549999911338091,0.70218510000268,0.03629290001117624,0,0.001169699999998386,0.011706500000002507,0,282.9629460009113,41.82376473524812,,2.839418228339781,0,0,0,,,,,,,,,,,,0,18.159140658536707,0.11726396772697559,23.672269499371538,-0.002861361054777728,19.86575816829099,-0.3647225156550528,23.15020149356617,-0.0017930050419029595,17.549332852753682,-0.21965030611256386,31.085107153446938,-0.313990350266692,30.481988014910517,-0.3073521940151748,28.155244317324975,-0.1599885154810578,28.85040554458358,-0.37544383555683475
4005,4.95,empty_shadow,APF,0,0,4004,4.9,1,1,333.0556207303548,-202.45242872094408,,,,,,,0,0,31.806273596610435,1.069253538357131,0.6922636032104492,0.0,0.005784127861261368,0.007066645193845034,26.422736447572834,0.007042909487533817,1,0,30.177496869030563,11.39263075322462,30.15862728089297,follower_1,,,,,1.25,3980,ok,accepted,0,ok,0.7396975,0.0008549999911338091,0.70218510000268,0.03629290001117624,1,0.0022834999999972183,0.015247600000002137,0,283.87108813681414,42.5043210495038,,2.7975712790559157,0,0,0,,,,,,,,,,,,0,18.165209851874383,0.12138386508267797,23.672168392076998,-0.0020221416268772154,19.84739615683757,-0.36724020690345116,23.15014999175457,-0.001030035939915331,17.527291530886842,-0.4408264373870811,31.0694114243393,-0.31391367493196437,30.4664830625038,-0.31009844155184535,28.14760156617987,-0.15285502225016223,28.831408287205676,-0.3799449056717688
4006,5.0,empty_shadow,APF,0,0,4005,4.95,1,1,334.6465781110152,-202.4961212131995,,,,,,,0,0,31.850504181493676,0.8846116976648233,0.6370084881782532,0.0,0.005784127861261368,0.007066645193845034,26.422736447572834,0.007023362829454101,1,0,30.215445171514787,11.281238818398844,30.195579829554546,follower_1,,,,,1.2999999999999998,3980,ok,accepted,0,ok,0.7396975,0.0008549999911338091,0.70218510000268,0.03629290001117624,0,0.0022834999999972183,0.009156799999999521,0,284.7795659660568,43.186800600921515,,2.753878786800499,0,0,0,,,,,,,,,,,,0,18.17147168767504,0.125236714403334,23.672114968532732,-0.0010684657059296214,19.829041771720124,-0.3670876804630545,23.150142360682683,-0.00015262131994047578,17.517462962709637,-0.1965713635432112,31.05383779308154,-0.3114719106642555,30.450947615882562,-0.3107084914885202,28.14036126533937,-0.14480601610589025,28.812311865975847,-0.38192828157113223
4007,5.05,empty_shadow,APF,0,0,4006,5.0,1,1,336.2394280342781,-202.54114057455791,,,,,,,0,0,31.884992663965395,0.6897696494343819,0.5864593386650085,0.0,-0.0024009840562939644,-0.007023362908512354,32.766653,0.007008177868223434,1,0,30.25607947879199,11.18420241781353,30.235714146449865,follower_1,,,,,1.3499999999999996,3980,ok,stale_plan,0,ok,0.7396975,0.0008549999911338091,0.70218510000268,0.03629290001117624,1,0.001200499999995941,0.01252240000000171,0,285.68834897626834,43.87086751397288,,2.7088594254420855,1,0,0,,,,,,,,,,,,0,18.177916629197515,0.12889882890525936,23.67210732134752,-0.00015293803414059801,19.81081326788416,-0.3645700561293663,23.15017478374861,0.0006484614288798284,17.496617549778655,-0.4169082587129599,31.038491161574854,-0.30693209807129657,30.435486577099297,-0.30922048010942954,28.133576820613754,-0.1356888937654003,28.793230720423733,-0.38162284210884867
4008,5.1000000000000005,empty_shadow,APF,0,0,4007,5.050000000000001,1,1,337.83365153477314,-202.58699870078092,,,,,,,0,0,31.90953274800526,0.49080168079733255,0.5407740473747253,0.0,-0.005748700816184282,-0.007023362908512354,32.766653,0.0069974030613366755,1,0,30.29881977992831,11.101146454699343,30.27888201557919,follower_1,,,,,1.4000000000000004,3980,ok,stale_plan,0,ok,0.7396975,0.0008549999911338091,0.70218510000268,0.03629290001117624,0,0.001200499999995941,0.009557099999994989,0,286.59743715703803,44.556002833698244,,2.6630012992190757,1,0,0,,,,,,,,,,,,0,18.184523695586602,0.13214132630448328,23.67213973094794,0.0006481969705288408,19.792836531040827,-0.3595347179168885,23.150245355498587,0.0014114350076536843,17.488320584857743,-0.16593929847761202,31.0234668947659,-0.3004849667992767,30.42020294142845,-0.30567253847103,28.127288286803168,-0.12577067548889911,28.774271660671793,-0.37918117364452997
4009,5.15,empty_shadow,APF,0,0,4008,5.1000000000000005,1,1,339.4288213664313,-202.6336957376194,,,,,,,0,0,31.924615289748633,0.3016508348674307,0.4998144805431366,0.0,-0.00572745269164443,-0.006997403223067522,32.766653,0.006990793098896172,1,0,30.34326937245811,11.03099002654813,30.324621984109072,follower_1,,,,,1.4500000000000002,3980,ok,stale_plan,0,ok,0.7396975,0.0008549999911338091,0.70218510000268,0.03629290001117624,1,0.002354700000005039,0.015887700000000393,0,287.50689154872384,45.241718273670585,,2.616304262380595,1,0,0,,,,,,,,,,,,0,18.19128716477647,0.1352693823841885,23.67221219608484,0.0014493059567459207,19.775220278622676,-0.3523250329001408,23.150355982251938,0.0022125350386391226,17.469039199738216,-0.3856277023983388,31.008852728371775,-0.2922830948417247,30.40518826020131,-0.3002935406125838,28.121526180989537,-0.11524211550175717,28.75554912666653,-0.3744506805135812
4010,5.2,empty_shadow,APF,0,0,4009,5.15,1,1,341.02444916995034,-202.68100296982323,,,,,,,0,0,31.930932210950186,0.12633842403104723,0.4630460739135742,0.0,-0.00572745269164443,-0.006997403223067522,32.766653,0.006988027474457091,1,0,30.388848333939137,10.972667628764684,30.372170649540113,follower_1,,,,,1.5,3980,ok,stale_plan,0,ok,0.7396975,0.0008549999911338091,0.70218510000268,0.03629290001117624,0,0.002354700000005039,0.009847800000002849,0,288.41668162854415,45.927555997369325,,2.5689970301767744,1,0,0,,,,,,,,,,,,0,18.198184148555196,0.1379396742201627,23.672328531982522,0.002326721438507655,19.75807513643679,-0.342902832435629,23.150499035472272,0.002861064278457515,17.462575199548972,-0.12928000370288983,30.994744028291894,-0.28217387600615845,30.39053408398023,-0.2930834974852602,28.116319115692928,-0.1041413054561669,28.737162299885103,-0.36773653394151407
4011,5.25,empty_shadow,APF,0,0,4010,5.2,1,1,342.62010755871574,-202.72850855586256,,,,,,,0,0,31.92926507526292,-0.03334271374534126,0.4300059676170349,0.0,-0.005719778593629599,-0.006988027598708868,32.766653,0.006988757207181623,1,0,30.435190307704403,10.925052065880166,30.421017045096605,follower_1,,,,,1.5499999999999998,3980,ok,stale_plan,0,ok,0.7396975,0.0008549999911338091,0.70218510000268,0.03629290001117624,1,0.0011616999999972677,0.011091900000003818,0,289.32677688933336,46.61311912534552,,2.521491444137439,1,0,0,,,,,,,,,,,,0,18.205207019120337,0.14045740974402,23.67248111106844,0.0030515835818118444,19.741506008244777,-0.33138255698011077,23.150680236219223,0.0036240147384547787,17.445145850155733,-0.34858698773122826,30.981215179886533,-0.2705769179066799,30.376328150376125,-0.28411867161052673,28.111689979488816,-0.09258272396440087,28.719212269184403,-0.35900058963696146
4012,5.3,empty_shadow,APF,0,0,4011,5.25,1,1,344.2155217079679,-202.77572430821277,,,,,,,0,0,31.920410645875272,-0.1770885877529338,0.4002934694290161,0.0,-0.005719778593629599,-0.006988027598708868,32.766653,0.006992634852970677,1,0,30.48189839348339,10.88703602676081,30.470601700009738,follower_1,,,,,1.5999999999999996,3980,ok,stale_plan,0,ok,0.7396975,0.0008549999911338091,0.70218510000268,0.03629290001117624,0,0.0011616999999972677,0.013225399999996057,0,290.23726887861505,47.298041285316,,2.474275691787227,1,0,0,,,,,,,,,,,,0,18.21234433049982,0.14274622601498957,23.672671838632773,0.0038145524381947163,19.725604446468573,-0.31803123275073875,23.150890047813707,0.004196231962221855,17.440734157382835,-0.08823385518421305,30.968340568351962,-0.2574922219729928,30.362641030515142,-0.27374239330110844,28.10765784642011,-0.08064266162177965,28.701782957961253,-0.34858616062736747
4013,5.3500000000000005,empty_shadow,APF,0,0,4012,5.300000000000001,1,1,345.8102641946549,-202.82213157382685,,,,,,,0,0,31.905119194546263,-0.3058290265801844,0.37354975938796997,0.0,-0.005723549518734217,-0.006992634851485491,32.766653,0.00699933908544726,1,0,30.528575680595083,10.857613070025415,30.520148707903967,follower_1,,,,,1.6500000000000004,3980,ok,stale_plan,1,ok,0.7737519,0.001225099986186251,0.7353164000087418,0.03618190000997856,1,0.0012108000000026209,0.012700799999997514,0,291.14806604366026,47.981986606957776,,2.4278684261731485,1,0,0,,,,,,,,,,,,0,18.219582732129744,0.144768030908227,23.672893087161217,0.004424971038986865,19.710462004571358,-0.3028488379659451,23.151132284492856,0.004844733589129005,17.4253666530976,-0.3073500853812754,30.95617932082752,-0.24322495127254468,30.34955283269462,-0.2617639229328591,28.104224624124708,-0.06866444628332488,28.684960196748854,-0.33645510900867925
4014,5.4,empty_shadow,APF,0,0,4013,5.3500000000000005,1,1,347.40406020442776,-202.86727268275655,,,,,,,0,0,31.88411027001476,-0.4201784906300787,0.3495430052280426,0.0,-0.005723549518734217,-0.006992634851485491,32.766653,0.007008565764060871,1,0,30.57491684752503,5.782826106226205,30.569176806394683,follower_1,,,,,1.7000000000000002,3980,ok,stale_plan,0,ok,0.7737519,0.001225099986186251,0.7353164000087418,0.03618190000997856,0,0.0012108000000026209,0.008665100000001758,0,292.05929045997976,48.664558200411136,,2.38272731724345,1,0,0,,,,,,,,,,,,0,18.226908871682273,0.146522789368841,23.673148669675882,0.005111650512661077,19.69615306812118,-0.2861787310883381,23.15140313191499,0.005416948361488833,17.423146504855232,-0.044402964401497345,30.94479819367744,-0.2276225241348917,30.337118869936802,-0.24867917068787673,28.10140747914022,-0.05634289965118526,28.668824094183577,-0.3227218771666469
4015,5.45,empty_shadow,APF,0,0,4014,5.4,1,1,348.9967573211826,-202.9116512270655,,,,,,,0,0,31.858099552721388,-0.5202143458674158,0.32629767060279846,0.0,0.0024615623988211155,0.007008565589785576,31.56972420469668,0.007020014422809335,1,0,30.620708437811288,5.738913603379844,30.61707313904831,follower_1,,,,,0.9500000000000002,3996,ok,accepted,0,ok,0.7737519,0.001225099986186251,0.7353164000087418,0.03618190000997856,1,0.0012031000000050085,0.012373199999998974,0,292.9708505644337,49.34569521271203,,2.338348772934495,1,0,0,,,,,,,,,,,,0,18.234313212481336,0.1480868143440775,23.67342905108328,0.005607628039267903,19.68275774603574,-0.267906444315387,23.151698775273225,0.0059128673848456185,17.409962915471507,-0.26367178722982837,30.934241056160584,-0.2111426865149797,30.32539636256869,-0.2344499964406182,28.09919115034399,-0.0443265748603756,28.653437591521808,-0.30772982086942835
4016,5.5,empty_shadow,APF,0,0,4015,5.45,1,1,350.58801992966033,-202.9554962030949,,,,,,,0,0,31.82745678566005,-0.6128553412267479,0.303730309009552,0.0,0.005736588966101408,0.007008565589785576,31.56972420469668,0.007033537911662838,1,0,30.665492755478567,5.697573803576897,30.663285363997517,follower_1,,,,,1.0,3996,ok,accepted,0,ok,0.7737519,0.001225099986186251,0.7353164000087418,0.03618190000997856,0,0.0012031000000050085,0.012793800000004296,0,293.88280739738013,50.025000988243335,,2.2945037969051043,1,0,0,,,,,,,,,,,,0,18.241776681083426,0.14926937047053768,23.673734229556786,0.00610356918091051,19.670337074701163,-0.24841342820875686,23.152017305961675,0.006370613862604483,17.409995344418427,0.0006485793080462463,30.92454033307693,-0.19401433324110998,30.31443680891791,-0.21919084644530334,28.097573730390742,-0.032348396542548306,28.638865537433485,-0.2914407968967944
4017,5.55,empty_shadow,APF,0,0,4016,5.5,1,1,352.17763441203203,-202.99882294250835,,,,,,,0,0,31.79252240900687,-0.6986875330635911,0.2817426919937134,0.0,0.005757029168307781,0.007033538073301315,31.434915136435805,0.007049003128410582,1,0,30.70914772501618,5.65862856866946,30.70791411400639,follower_1,,,,,1.0499999999999998,3996,ok,accepted,0,ok,0.7737519,0.001225099986186251,0.7353164000087418,0.03618190000997856,1,0.0012188999999978023,0.013934700000000078,0,294.7950999184611,50.70232294953405,,2.2511770574916454,1,0,0,,,,,,,,,,,,0,18.249293556308984,0.15033750288614048,23.67405848394351,0.006485087794496703,19.658948273997943,-0.22777601330845124,23.152358725087595,0.006828382537337637,17.399047167416523,-0.2189635395621876,30.91574752284553,-0.17585599811861358,30.30428216942725,-0.20309248883799733,28.096549497319618,-0.02048465714453848,28.625157521778725,-0.27415998561732763
4018,5.6000000000000005,empty_shadow,APF,0,0,4017,5.550000000000001,1,1,353.76541769927735,-203.04173831928773,,,,,,,0,0,31.753573438560817,-0.7789794089210744,0.2605283856391907,0.0,0.005757029168307781,0.007033538073301315,31.434915136435805,0.007066305789724487,1,0,30.751398740290853,5.621987414803956,30.750873541632345,follower_1,,,,,1.1000000000000005,3996,ok,accepted,0,ok,0.7737519,0.001225099986186251,0.7353164000087418,0.03618190000997856,0,0.0012188999999978023,0.010190100000002644,0,295.70778917324,51.37741698200051,,2.208261680712269,1,0,0,,,,,,,,,,,,0,18.25685048576749,0.15113858759281856,23.674403719953528,0.006904720050876318,19.648639029127548,-0.2061848934077515,23.15272112595189,0.0072480171920664685,17.40131310229594,0.04531869802258406,30.907875975884764,-0.15743065161721234,30.29496868359717,-0.1862693448364405,28.096105099886188,-0.008887942459541305,28.612359320332132,-0.25596366893815153
4019,5.65,empty_shadow,APF,0,0,4018,5.6000000000000005,1,1,355.35112578092003,-203.08462388642369,,,,,,,0,0,31.710842715548196,-0.8546144602524208,0.2401990294456482,0.0,0.005783849861472845,0.007066305726766586,31.296446680911906,0.0070853618393398295,1,0,30.791910238097444,5.587576378148953,30.791934775812905,follower_1,,,,,1.1500000000000004,3996,ok,accepted,0,ok,0.7737519,0.001225099986186251,0.7353164000087418,0.03618190000997856,1,0.0011664999999965175,0.010884799999999473,0,296.62087516171675,52.05003907516641,,2.1653761135763148,1,0,0,,,,,,,,,,,,0,18.26443984011342,0.1517870854108584,23.67476230960884,0.00717179373647878,19.639449394009016,-0.1837926942798037,23.15309687809359,0.007515043076155675,17.392566005986186,-0.1749419257221289,30.900946672855056,-0.1385856931866438,30.28652114561298,-0.16895032976331206,28.096219556378895,0.0022891375128885126,28.600510985158976,-0.23696632700298614
4020,5.7,empty_shadow,APF,0,0,4019,5.65,1,1,356.9346062200348,-203.1279222008271,,,,,,,0,0,31.664558980556574,-0.9256746998324417,0.22109568119049072,0.0,0.005783849861472845,0.007066305726766586,31.296446680911906,0.007106089470456549,1,0,30.830529797126673,5.555310995071011,30.831010463789585,follower_1,,,,,1.2000000000000002,3996,ok,accepted,0,ok,0.7737519,0.001225099986186251,0.7353164000087418,0.03618190000997856,0,0.0011664999999965175,0.010491900000005216,0,297.53432735590434,52.72006732009362,,2.1220777991728994,1,0,0,,,,,,,,,,,,0,18.272048267933748,0.1521685549793674,23.67513615848196,0.007476977650383954,19.631407978713625,-0.16082829305261298,23.153489796043342,0.007858359111677477,17.39697961569545,0.08827219458975681,30.894969149344202,-0.11955003368490288,30.278962442489682,-0.15117358892343627,28.09686425657068,0.012894012652545559,28.58963921819975,-0.2174349567013596
4021,5.75,empty_shadow,APF,0,0,4020,5.7,1,1,358.51558448336374,-203.1719995671112,,,,,,,0,0,31.614943303943523,-0.9923135322610221,0.20329850912094116,0.0,0.005816413555294275,0.007106089498847723,31.157932630606307,0.0071284104443844025,1,0,30.866921833351824,5.525117108644839,30.867803844008442,follower_1,,,,,1.25,3996,ok,accepted,0,ok,0.7737519,0.001225099986186251,0.7353164000087418,0.03618190000997856,1,0.001210499999999115,0.011231600000002118,0,298.4481457610081,53.38722717831877,,2.078000432888814,1,0,0,,,,,,,,,,,,0,18.279668139845718,0.1523974368961674,23.6755176385687,0.007629603021974945,19.62454339593028,-0.13729163862666263,23.153892250788424,0.008049094914745382,17.390340138783,-0.1327895379023131,30.88994149779631,-0.10055253564451304,30.272313554160036,-0.1329772633769161,28.097999145110613,0.02269777983697288,28.579768810701992,-0.19740778091407074
4022,5.8,empty_shadow,APF,0,0,4021,5.75,1,1,360.093999707532,-203.2173595461073,,,,,,,0,0,31.562246856292266,-1.0539289530251494,0.18706940114498138,0.0,0.005816413555294275,0.007106089498847723,31.157932630606307,0.007152232746795289,1,0,30.900964422218436,5.49687790302407,30.90222597799853,follower_1,,,,,1.2999999999999998,3996,ok,accepted,0,ok,0.7737519,0.001225099986186251,0.7353164000087418,0.03618190000997856,0,0.001210499999999115,0.01363470000000433,0,299.3623608946044,54.051427268890734,,2.0326404538926965,1,0,0,,,,,,,,,,,,0,18.28728038322735,0.15224486625798297,23.675908654660578,0.007820322396318883,19.618861372981357,-0.11364044048949797,23.154306149684174,0.008277977820948952,17.39675264915595,0.12825020776602758,30.88585799430132,-0.08166953432291849,30.266564940032623,-0.11497177423588902,28.099607055390432,0.03215821421024459,28.570903575533173,-0.17730435742411502
4023,5.8500000000000005,empty_shadow,APF,0,0,4022,5.800000000000001,1,1,361.66972965045636,-203.26349863944873,,,,,,,0,0,31.50692910175458,-1.1063550907537234,0.17501984536647797,0.0,-0.0023686985950917006,-0.0071522328071296215,32.766653,0.007177368754334009,1,0,30.932474317722892,5.470397347283682,30.934396173601066,follower_1,,,,,1.3500000000000005,3996,ok,stale_plan,0,ok,0.7737519,0.001225099986186251,0.7353164000087418,0.03618190000997856,1,0.0012290999999962082,0.01478829999999931,0,300.276942239117,54.71257586730252,,1.986501360551273,1,0,0,,,,,,,,,,,,0,18.29487927504854,0.15197783508962162,23.676307305130337,0.007973011637494688,19.6143714452527,-0.08979853457049744,23.154720053289132,0.008278072577732977,17.392058669347175,-0.09387959576733373,30.882711006467677,-0.06293920383000878,30.261722320235535,-0.09685189782112562,28.10166319189663,0.04112273801352769,28.563058769377932,-0.15689580901681505
4024,5.9,empty_shadow,APF,0,0,4023,5.8500000000000005,1,1,363.2424995342258,-203.31006598870448,,,,,,,0,0,31.449387640387137,-1.1508292273488507,0.1671733260154724,0.0,-0.005854182410985231,-0.0071522328071296215,32.766653,0.007203656059960262,1,0,30.96117674195412,5.445471419182039,30.96428890206932,follower_1,,,,,1.4000000000000004,3996,ok,stale_plan,0,ok,0.7737519,0.001225099986186251,0.7353164000087418,0.03618190000997856,0,0.0012290999999962082,0.008443599999999662,0,301.1918898205726,55.370398169616294,,1.9399340112955201,1,0,0,,,,,,,,,,,,0,18.302459094160547,0.15159638085327518,23.67670977352991,0.008049370936527368,19.611065983555992,-0.06610921368262128,23.155139683077905,0.00839259560818181,17.400260273933657,0.16403209205309788,30.880485273247864,-0.04451411323516154,30.25778378508093,-0.07877023004106971,28.104121777347014,0.049171715503455074,28.556232482815215,-0.13652545518703463
4025,5.95,empty_shadow,APF,0,0,4024,5.9,1,1,364.812370409609,-203.35710734941753,,,,,,,0,0,31.390194433644346,-1.1838641348558099,0.16349950432777405,0.0,-0.005896273069083691,-0.0072036562487483025,32.766653,0.0072308489273041265,1,0,30.98710222810459,5.421795297957877,30.991848480487356,follower_1,,,,,1.4500000000000002,3996,ok,stale_plan,0,ok,0.7737519,0.001225099986186251,0.7353164000087418,0.03618190000997856,1,0.0011474000000006868,0.008956100000006018,0,302.10726465330254,56.0248942122696,,1.8928926505824677,1,0,0,,,,,,,,,,,,0,18.310004577356274,0.1509096629746616,23.67711225100773,0.00804955461299203,19.608929730276703,-0.04272504715499482,23.15556695482009,0.008545436864434782,17.39729816669238,-0.05924214448657518,30.879146460360072,-0.02677572440325183,30.254730258400244,-0.06107009860558267,28.10695229437717,0.0566103457866471,28.550409455241386,-0.11646031629303022
4026,6.0,empty_shadow,APF,0,0,4025,5.95,1,1,366.37928116337264,-203.40439386058682,,,,,,,0,0,31.329960705572464,-1.204674561437642,0.16384436190128326,0.0,-0.005896273069083691,-0.0072036562487483025,32.766653,0.007258678159846992,1,0,31.01006757181389,5.3991300691929895,31.01668045482045,follower_1,,,,,1.5,3996,ok,stale_plan,0,ok,0.7737519,0.001225099986186251,0.7353164000087418,0.03618190000997856,0,0.0011474000000006868,0.011215500000005818,0,303.023005702154,56.67606391718175,,1.845606139413178,1,0,0,,,,,,,,,,,,0,18.317506186720287,0.15003218693782766,23.67751283448873,0.008011678855381572,19.607945518690514,-0.019684215620650126,23.15599422310976,0.008545368525640515,17.407044723864793,0.1949311437528191,30.87866786210749,-0.009571465562050695,30.252540756271326,-0.04378965634206856,28.110108965930884,0.06313343473386973,28.545572517301956,-0.09673856803687766
