frame,time_s,condition,controller,hidden_visible,hidden_lidar_hits,lidar_frame,lidar_time_s,lidar_is_new,semantic_lidar_reveal_armed,ego_station_m,ego_local_y_m,hidden_station_m,hidden_local_y_m,hidden_reference_y_m,hidden_lateral_error_m,hidden_commanded_ay_mps2,hidden_road_lateral_velocity_mps,hidden_observation_submitted,hidden_aware_plan,ego_speed_mps,ego_accel_mps2,ego_throttle,ego_brake,ego_steer,commanded_ackermann_steer_rad,target_speed_mps,steer_limit_rad,steering_envelope_active,shield_active,minimum_clearance_m,minimum_ttc_s,minimum_oriented_clearance_m,minimum_oriented_clearance_actor_role,minimum_ttc_2d_s,minimum_ttc_2d_actor_role,hidden_oriented_clearance_m,hidden_ttc_2d_s,plan_age_s,plan_source_frame,plan_status,plan_rejection_reason,new_plan,latest_plan_status,planner_total_s,planner_decision_s,planner_mpc_s,planner_field_s,low_level_updated,low_level_time_s,physics_control_cycle_time_s,physics_control_deadline_miss,occluder_station_m,ego_pass_clearance_ahead_occluder_m,hidden_pass_clearance_ahead_occluder_m,ego_target_lane_error_m,ego_centre_lane_overlap,hidden_centre_lane_overlap,concurrent_centre_lane_overlap,hidden_center_geometric_visible_now,hidden_center_los_blocked,hidden_footprint_fully_blocked,hidden_footprint_blocked_sample_count,hidden_footprint_sample_count,hidden_footprint_blocked_sample_fraction,hidden_center_in_range,hidden_center_in_horizontal_fov,hidden_center_geometric_range_m,hidden_center_geometric_bearing_rad,hidden_center_geometric_clear_streak,hidden_center_geometric_reveal_confirmed,occluder_speed_mps,occluder_accel_mps2,lead_left_speed_mps,lead_left_accel_mps2,lead_centre_speed_mps,lead_centre_accel_mps2,lead_right_speed_mps,lead_right_accel_mps2,rear_centre_speed_mps,rear_centre_accel_mps2,follower_1_speed_mps,follower_1_accel_mps2,follower_2_speed_mps,follower_2_accel_mps2,follower_3_speed_mps,follower_3_accel_mps2,follower_4_speed_mps,follower_4_accel_mps2
1242,0.05,true_threat,APF,0,0,1241,,0,0,179.28544655079526,-201.75054123086764,197.0801939369813,-208.75045257690184,-208.75,0.0004468248156115351,-0.0010580378819770137,0.0007863876302590233,0,0,33.03322648783153,0.0,0.5810761451721191,0.0,0.0016684149159118533,0.00203835335560143,32.97017484312901,0.006529451595014675,0,0,7.6707907902715675,11.740934583249734,7.670848950218745,occluder,,,13.835173193567114,,0.05,1241,ok,accepted,1,ok,0.3602298,0.0008228000078815967,0.335087499988731,0.023564500006614253,1,0.0017612999999983003,0.012992600000000465,0,193.55119973565124,-20.945964728892847,-3.2089391959630404,3.49945876913236,0,0,0,1,1,0,8,9,0.8888888888888888,1,1,18.00483015671925,-0.39919056071809905,1,0,18.43995206668403,0.16185777282598518,22.10158838814609,1.753539897773106,20.705586479896354,0.3297406907632448,24.918435995684142,1.932208548886893,17.1683436486942,-0.1162719357634359,31.962948194457624,1.2478991813269356,31.38220596220549,0.12809721786415518,28.873948837690467,5.642776967219732,32.17362033208298,1.9857790080152993
1243,0.1,true_threat,APF,0,0,1242,0.05,1,0,180.93827881901456,-201.75095394559085,198.4977965341013,-208.75038096273707,-208.75,0.00045257690183575505,-0.0011814285042951289,0.0008574944587576294,0,0,33.077251404609974,0.8804983355689444,0.57600337266922,0.0,0.0016684149159118533,0.00203835335560143,32.97017484312901,0.006512082610657943,0,0,6.949066241723609,11.90511417787073,6.9492673213158875,occluder,,,13.616860754908016,,0.1,1241,ok,accepted,0,ok,0.3602298,0.0008228000078815967,0.335087499988731,0.023564500006614253,0,0.0017612999999983003,0.012767399999997764,0,194.47341047425107,-20.215343199273377,-2.7135473374428614,3.499046054409149,0,0,0,0,1,1,9,9,1.0,1,1,17.788013406418074,-0.4040015713027754,0,0,18.447552860922464,0.15201588097073923,22.341727395871704,4.80278015691284,20.70888412642057,0.06595297268707892,24.987652509783246,1.384332582565636,17.16567908419879,-0.0532912898820585,32.01091961684472,0.9596719989775663,31.392244319471303,0.20076715092303266,29.129678535130424,5.1145939509523854,32.248968238730846,1.506958133283439
1244,0.15000000000000002,true_threat,APF,0,0,1243,0.1,1,0,182.59275913525906,-201.75165601510741,199.91759639671844,-208.7503085989963,-208.75,0.00038096273706855754,-0.0013538300117004129,0.0009214445563084771,0,0,33.099842912524615,0.4518301582928075,0.5731387138366699,0.0,0.0014671076787635684,0.0017924101557582617,32.670174599217624,0.006503196561797112,0,0,6.228135975361034,12.043154246705782,6.228501638870012,occluder,,,13.399498217023165,,0.15000000000000002,1241,ok,accepted,0,ok,0.3602298,0.0008228000078815967,0.335087499988731,0.023564500006614253,1,0.001412800000000658,0.013963800000002635,0,195.3960179465488,-19.483470355326602,-2.216354947123449,3.4983439848925855,0,0,0,0,1,1,9,9,1.0,1,1,17.572005377443155,-0.4087924051331382,0,0,18.45464248798666,0.14179253745997003,22.53145899205286,3.7946319258786407,20.702736526073004,-0.12295176713716313,25.03475865695399,0.942123647068466,17.165532218348893,-0.0029373169978413613,32.04827726270243,0.7473357120540088,31.402938802023293,0.21388965885939,29.336366481769844,4.133758934997068,32.30287754276417,1.0781860805029428
1245,0.2,true_threat,APF,0,0,1244,0.15000000000000002,1,0,184.24675129000593,-201.7527092033244,201.33889161016594,-208.7502052075511,-208.75,0.0003085989962983149,-0.0015082534442549284,0.0009750736896075446,0,0,33.07755359258581,-0.4457863987761357,0.5753129124641418,0.0,0.0014671076787635684,0.0017924101557582617,32.670174599217624,0.006511963629159771,0,0,5.510792208928784,12.167525052309662,5.511298219385715,occluder,,,13.184387186374211,,0.2,1241,ok,accepted,0,ok,0.3602298,0.0008228000078815967,0.335087499988731,0.023564500006614253,0,0.001412800000000658,0.011975500000001915,0,196.31893058940466,-18.75239084343559,-1.7179723765318045,3.4972907966755997,0,0,0,0,1,1,9,9,1.0,1,1,17.35810689954562,-0.41356533765414805,0,0,18.46120950286418,0.13134029417991858,22.66017831825902,2.5743865260645418,20.689073937305512,-0.2732512992169606,25.064354944093534,0.5919256852289396,17.167382346729386,0.03700256761117887,32.07749004748985,0.5843839598691767,31.410703594430384,0.15529585838409557,29.482288204980872,2.918434466493843,32.33809864101006,0.7044219646748834
1246,0.25,true_threat,APF,0,0,1245,0.2,1,0,185.89955338420452,-201.75412900847795,202.761163391262,-208.75011674174917,-208.75,0.00020520755109032507,-0.001667091631247714,0.0010173653733999855,0,0,33.055125155478045,-0.44856874215525977,0.6035237312316895,0.0,0.0009846319444477558,0.0012029549106955528,32.37017435270831,0.006520803322064734,0,0,4.798992790155056,12.222482444901603,4.7995557875757004,occluder,,,12.971716415950077,,0.25,1241,ok,accepted,0,ok,0.3602298,0.0008228000078815967,0.335087499988731,0.023564500006614253,1,0.001182499999998754,0.011381000000000085,0,197.24217892560034,-18.022837085432684,-1.218948931631445,3.495870991522054,0,0,0,0,1,1,9,9,1.0,1,1,17.146521692706997,-0.4183737480456689,0,0,18.467240554098176,0.12062102187905306,22.72693169842299,1.3350676052657247,20.668619263032767,-0.4090927843153617,25.080046285640453,0.31382685602865884,17.170870887608498,0.06977081758240763,32.09999137519154,0.4501086288743768,31.41235723926124,0.03307290935377494,29.56497750240046,1.6537859505316597,32.35696994301599,0.3774260402658197
1247,0.3,true_threat,APF,0,0,1246,0.25,1,1,187.55510222164162,-201.7560208990949,204.18386241322156,-208.7500128714082,-208.75,0.00011674174916720403,-0.0017920793958338995,0.0010474848862042571,0,0,33.15006816967656,1.898860283970265,0.6168705821037292,0.0,0.0009846319444477558,0.0012029549106955528,32.37017435270831,0.006483506217557219,0,0,4.0909441251131335,12.076395721484545,4.091419179180628,occluder,,,12.757330942734148,,0.3,1241,ok,accepted,0,ok,0.3602298,0.0008228000078815967,0.335087499988731,0.023564500006614253,0,0.001182499999998754,0.010859099999997568,0,198.16570191998318,-17.290811242378425,-0.7197729040547074,3.4939791009051078,0,0,0,0,1,1,9,9,1.0,1,1,16.933118170642718,-0.4233458644415473,0,0,18.47271847625641,0.10955844087423962,22.739899752355356,0.25936108055458057,20.641383963057734,-0.5447051208401894,25.084413370877577,0.08734252375384444,17.175776589866413,0.0981140451654922,32.116482437710815,0.32986704799456695,31.40584743090381,-0.13019615272855734,29.590804918812147,0.5165483301604117,32.36153994138,0.09139996830743195
1248,0.35000000000000003,true_threat,APF,0,0,1247,0.30000000000000004,1,1,189.21467952490767,-201.75833866155807,205.6064393700811,-208.74992430149848,-208.75,1.2871408188175337e-05,-0.001907592679076315,0.001065494336459364,0,0,33.21617732830381,1.3221831725449817,0.5132049918174744,0.0,0.0003468674258328974,0.00042377851787023246,32.07017445689799,0.006457724763248084,0,0,3.3893737413551532,11.918885698763443,3.389520788748511,occluder,,,12.539639768742356,,0.35000000000000003,1241,ok,accepted,0,ok,0.3602298,0.0008228000078815967,0.335087499988731,0.023564500006614253,1,0.001334100000001115,0.011976199999999437,0,199.08946904977142,-16.555001068900623,-0.22096307698342343,3.4916613384419293,0,0,0,0,1,1,9,9,1.0,1,1,16.716316218953512,-0.42858999629174915,0,0,18.477628010300958,0.09819067917746747,22.712372886774222,-0.5505373098067625,20.60710102497712,-0.6856577862731672,25.07918623720765,-0.10454055897342654,17.181983103608033,0.12413027483211901,32.12716111485035,0.21359360525225826,31.39056000477586,-0.30574850771324685,29.57231508643719,-0.3697966459689062,32.35358628523363,-0.15907312055206024
1249,0.4,true_threat,APF,0,0,1248,0.35000000000000003,1,1,190.8766984060595,-201.7611591311688,207.02843649299,-208.74983592939356,-208.75,-7.569850151867286e-05,-0.0019893611409648837,0.0010715568554166364,0,0,33.253574138876296,0.747936211449769,0.4340972602367401,0.0,0.0003468674258328974,0.00042377851787023246,32.07017445689799,0.006443208679821937,0,0,2.7038880914837864,11.766795853651304,2.703322726391573,occluder,,,12.319701293956289,,0.4,1241,ok,accepted,0,ok,0.3602298,0.0008228000078815967,0.335087499988731,0.023564500006614253,0,0.001334100000001115,0.014792399999997485,0,200.0135108481576,-15.817023986134984,0.2769922475393116,3.488840868831204,0,0,0,0,1,1,9,9,1.0,1,1,16.497154325854687,-0.4341045929882491,0,0,18.48195389720064,0.08651773688619836,22.658913707784084,-1.0691835777076735,20.56552631662016,-0.8314931667649973,25.065467410206598,-0.2743728611826692,17.189435114528326,0.1490402184058578,32.131962315183436,0.09602892111634898,31.36722929064687,-0.4666142681768541,29.524833552394643,-0.9496306797316264,32.33456237453165,-0.3804782099226428
1250,0.45,true_threat,APF,0,0,1249,0.4,1,1,192.53975504096888,-201.76443701045832,208.44945704825034,-208.74973263164534,-208.75,-0.00016407060644496596,-0.002050718092853405,0.0010663675598319069,0,0,33.26758144886004,0.28014619967493104,0.3755897283554077,0.0,-0.00033802055986598134,-0.00041297002462670207,31.770174649111066,0.00643778414801849,0,0,2.0541181963604127,11.627194999849563,2.0521885452792077,occluder,,,12.098508256966774,,0.45,1241,ok,accepted,0,ok,0.3602298,0.0008228000078815967,0.335087499988731,0.023564500006614253,1,0.0011822999999999695,0.014908500000000657,0,200.93773574679648,-15.078192249864458,0.7737879041607698,3.485562989541677,0,0,0,0,1,1,9,9,1.0,1,1,16.276611393063437,-0.439912534214175,0,0,18.485682783646315,0.07457772855042019,22.591527068347943,-1.347732786336971,20.51657973144697,-0.9789307271750495,25.04393789735091,-0.43058498647804416,17.19809257004768,0.17314911038617992,32.13074105445394,-0.024425498626147586,31.337562366271342,-0.5933384745608602,29.46251665911383,-1.2463378648642804,32.30561261842793,-0.5789951157926054
1251,0.5,true_threat,APF,0,0,1250,0.45,1,1,194.20293389713993,-201.7681573529618,209.86898224747497,-208.74964510281342,-208.75,-0.00026736835465612785,-0.0021046462571140305,0.0010504175407717378,0,0,33.26318093084978,-0.08801036020528841,0.3305768668651581,0.0,-0.00033802055986598134,-0.00041297002462670207,31.770174649111066,0.006439487573554449,0,0,1.4895593533017004,11.503625878695006,1.4851323881059852,occluder,,,11.876498333058974,,0.5,1241,ok,accepted,1,ok,0.4158139,0.0007565999985672534,0.4084900000016205,0.0058179000043310225,0,0.0011822999999999695,0.010314799999999735,0,201.8621437665096,-14.33942141340654,1.26890508367228,3.4818426470382065,0,0,0,0,1,1,9,9,1.0,1,1,16.055102102055052,-0.4460218658242089,0,0,18.48879559785391,0.06225628452288225,22.51906115924235,-1.4493181794467473,20.460417676727136,-1.123240202245846,25.01503074234871,-0.5781363954852284,17.207892527503404,0.19599914911437374,32.12336781623327,-0.1474614158606549,31.303697370316858,-0.6772999085093758,29.396207683849305,-1.326179504877764,32.267614397914265,-0.7599644017132765
1252,0.55,true_threat,APF,0,0,1251,0.5,1,1,195.86538044079174,-201.77219837987562,211.28667638691326,-208.74954293983996,-208.75,-0.0003548971865825479,-0.002128235622098013,0.001024621040462208,0,0,33.24447276089463,-0.3741633991029403,0.29295116662979126,0.0,-0.0009914595866575837,-0.0012112964177504182,31.47017325846414,0.006446736994482209,0,0,1.1443603633258028,11.397271759541274,1.136359918268854,occluder,,,11.654244016734806,,0.55,1241,ok,accepted,0,ok,0.4158139,0.0007565999985672534,0.4084900000016205,0.0058179000043310225,1,0.0012012000000005685,0.015686099999999925,0,202.7866738721443,-13.601504975389417,1.7620691174758747,3.4778016201243815,0,0,0,0,1,1,9,9,1.0,1,1,15.833178277512289,-0.4524561218059922,0,0,18.49127898560304,0.04966775604969032,22.44739061933669,-1.4334107967064018,20.397429250965946,-1.259767737530199,24.979054999810074,-0.7195070077673403,17.218724361991857,0.21663668976521044,32.10980862902308,-0.2711694893211607,31.26776862622899,-0.7185748738580011,29.333398693100634,-1.2561798147491066,32.2212886907409,-0.9265141323428715
1253,0.6000000000000001,true_threat,APF,0,0,1252,0.55,1,1,197.52654531911236,-201.77645346707652,212.70214274848342,-208.74945679564146,-208.75,-0.0004570601600448754,-0.0021470878087757068,0.0009896887115221145,0,0,33.214558360998346,-0.598287997925695,0.25883612036705017,0.0,-0.0009914595866575837,-0.0012112964177504182,31.47017325846414,0.006458354294987581,0,0,1.1145040905658448,11.307760986979014,1.10578572521519,occluder,,,11.43200650068916,,0.6000000000000001,1241,ok,accepted,0,ok,0.4158139,0.0007565999985672534,0.4084900000016205,0.0058179000043310225,0,0.0012012000000005685,0.013231000000001103,0,203.71126501813708,-12.86493124306159,2.25294433305325,3.4735465329234785,0,0,0,0,1,1,9,9,1.0,1,1,15.611070634856013,-0.4592253368942515,0,0,18.493121499556,0.03685028065646631,22.37987047322423,-1.350402921759061,20.328203821929,-1.3845079285623072,24.9363139880432,-0.8548116305170775,17.2304507427228,0.23452761461386837,32.09015172883787,-0.39310742816103955,31.231559505987214,-0.7241823998949786,29.27844797847751,-1.0990142923736395,32.16725347817799,-1.0807042375217313
1254,0.6500000000000001,true_threat,APF,0,0,1253,0.6000000000000001,1,1,199.1858791897005,-201.78084650801767,214.11495408091122,-208.7493715571806,-208.75,-0.0005432043585358315,-0.0021382573207296826,0.0009464965743894542,0,0,33.17555119323917,-0.7801433551834691,0.2253197431564331,0.0,-0.0015312620671465993,-0.0018707895651459694,31.20017105827543,0.00647355001406,0,0,1.1101770935864579,11.233869277848333,1.1020056771985323,occluder,,,11.209995667028288,,0.6500000000000001,1241,ok,accepted,0,ok,0.4158139,0.0007565999985672534,0.4084900000016205,0.0058179000043310225,1,0.0018625000000014325,0.018153600000001546,0,204.63588667650083,-12.130219030837196,2.741134007117296,3.4691534919823255,0,0,0,0,1,1,9,9,1.0,1,1,15.388957850674693,-0.46634835991728135,0,0,18.494309788812565,0.023765787036747976,22.317879735134554,-1.2398147625785747,20.253466179375607,-1.4947523286032989,24.88713580676111,-0.9835546754327918,17.242884748395603,0.24868011346144392,32.06460750082936,-0.5108342942568314,31.196260195499256,-0.7059862073511303,29.24417673899937,-0.6854247895296162,32.106046633127384,-1.224136884890233
1255,0.7000000000000001,true_threat,APF,0,0,1254,0.65,1,1,200.8430463019571,-201.7852097705477,215.52474416807505,-208.7492720905986,-208.75,-0.0006284428193907843,-0.002115338928345342,0.0008958803737959525,0,0,33.12882502147664,-0.9345234352505827,0.19117528200149536,0.0,-0.0015312620671465993,-0.0018707895651459694,31.20017105827543,0.006491823468362448,0,0,1.1058798125535247,11.173752458233215,1.098571012437693,occluder,,,10.988330382004209,,0.7000000000000001,1241,ok,accepted,0,ok,0.4158139,0.0007565999985672534,0.4084900000016205,0.0058179000043310225,0,0.0018625000000014325,0.008673800000000398,0,205.56069144032267,-11.397856682402448,3.2261193304592837,3.4647902294522908,0,0,0,0,1,1,9,9,1.0,1,1,15.166918299345237,-0.47383593202261165,0,0,18.494832410447387,0.01045243466009773,22.261344019471572,-1.1307143151289882,20.174025037629935,-1.588822445693603,24.83191338992202,-1.1044394425609259,17.25583373842853,0.25897980066066595,32.03348935543235,-0.622291398032027,31.162481046113914,-0.6755829869838976,29.211673611522432,-0.6500625495281063,32.038202212590186,-1.356888391711873
1256,0.7500000000000001,true_threat,APF,0,0,1255,0.7000000000000001,1,1,202.49768039811738,-201.78940605050235,216.9311773478674,-208.749250063143,-208.75,-0.0007279094014052134,-0.0020919934109771754,0.000838703272140558,0,0,33.07519961001218,-1.0725082292893262,0.15564538538455963,0.0,-0.0018848819890990853,-0.0023028177674859762,30.96016972378541,0.006512890556955192,0,0,1.1017495140959852,11.125394785182271,1.0956080586516397,occluder,,,10.76723288817908,,0.7500000000000001,1241,ok,accepted,0,ok,0.4158139,0.0007565999985672534,0.4084900000016205,0.0058179000043310225,1,0.0011870999999992193,0.012651800000000435,0,206.4854962041445,-10.668027350063994,3.7077477464297885,3.4605939494976496,0,0,0,0,1,1,9,9,1.0,1,1,14.945128988844449,-0.4817070160682464,0,0,18.494674104856145,-0.003166110480968682,22.209307744160935,-1.0407255079974036,20.09074060771093,-1.6656883290037738,24.771093064547216,-1.2163980386133186,17.26909172050583,0.2651596415411035,31.997190803866797,-0.7258785632062549,31.13031551838268,-0.6433105547649346,29.271348834410848,1.193504457801875,31.96428860707769,-1.4782720886580787
1257,0.8,true_threat,APF,0,0,1256,0.75,1,1,204.14941522041676,-201.79329814371738,218.33382635860323,-208.74925984420017,-208.75,-0.0007499368570051956,-0.0019958915693723865,0.0007755233798712388,0,0,33.015136910588026,-1.2012539884830176,0.11887042224407196,0.0,-0.0018848819890990853,-0.0023028177674859762,30.96016972378541,0.006536608555436917,0,0,1.0979386923985714,11.086818453935074,1.0932364093711475,occluder,,,10.54679107984637,,0.8,1241,ok,accepted,0,ok,0.4158139,0.0007565999985672534,0.4084900000016205,0.0058179000043310225,0,0.0011870999999992193,0.01506870000000049,0,207.41020942044267,-9.941005744062778,4.185683540867473,3.4567018562826206,0,0,0,0,1,1,9,9,1.0,1,1,14.723624873919801,-0.48996685257009376,0,0,18.493827243610035,-0.01693722433450491,22.16038235976512,-0.9785076880747673,20.0044616568216,-1.7255788498341804,24.705180272738538,-1.3182480819812927,17.28246986525471,0.26756289497229596,31.95615108557131,-0.8206828676551068,31.09951565646211,-0.615997238404232,29.33889950131065,1.3510133381406924,31.884925705718064,-1.5872580036413197
1258,0.8500000000000001,true_threat,APF,0,0,1257,0.8,1,1,205.7980065761905,-201.79673354559728,219.7324775668373,-208.74927098906923,-208.75,-0.0007401557998321096,-0.0018660291917547381,0.0007077247510494725,0,0,32.948968162202895,-1.3233749677026196,0.08292191475629807,0.0,-0.002124965889379382,-0.0025961357168853283,32.053095595678855,0.00656288804888662,0,0,1.0945845932686211,11.056204103460955,1.0915729147017337,occluder,,,10.327202068629825,,0.45000000000000007,1249,ok,accepted,1,ok,0.3595185,0.000750000006519258,0.3384197000123095,0.020020299998577684,1,0.0013465000000003613,0.010900600000002925,0,208.3348310840118,-9.217036051858173,4.659713085532417,3.4532664544027227,0,0,0,0,1,1,9,9,1.0,1,1,14.502545306252449,-0.4986261407233096,0,0,18.492280381693515,-0.030937239177935425,22.113169779921908,-0.9442515934225287,19.916033138148588,-1.7685702864058206,24.634735761869415,-1.4088834000808674,17.29579651149342,0.26653292477006074,31.910857046697,-0.9057534388221622,31.069682824664653,-0.596656634909358,29.37589062731552,0.7398225204274279,31.80074865723504,-1.6835409456343764
1259,0.9000000000000001,true_threat,APF,0,0,1258,0.8500000000000001,1,1,207.44314924282656,-201.79957503115625,221.1268563143825,-208.74928359144715,-208.75,-0.0007290109307689363,-0.0017282597025733094,0.0006361394210878668,0,0,32.87703383581527,-1.4386865277525374,0.04833265766501427,0.0,-0.002124965889379382,-0.0025961357168853283,32.053095595678855,0.006591637585290406,0,0,1.0918091724929582,11.032026389604171,1.0907072054933715,occluder,,,10.1086820603369,,0.5000000000000001,1249,ok,accepted,0,ok,0.3595185,0.000750000006519258,0.3384197000123095,0.020020299998577684,0,0.0013465000000003613,0.00917480000000026,0,209.25939170722285,-8.496454008433147,5.12953120986657,3.4504249688437483,0,0,0,1,1,0,8,9,0.8888888888888888,1,1,14.282040828940827,-0.5076921999442389,1,0,18.4900258889391,-0.04508985801146066,22.066506520567966,-0.9332651783897226,19.82625995027298,-1.795463726577064,24.560337438683714,-1.4879607107599653,17.30892097879839,0.26248934609597496,31.861816414099728,-0.9806734769387759,31.04046797749517,-0.5842969406476264,29.38271131181653,0.13641369062231595,31.712405960274594,-1.7668539151078733
1260,0.9500000000000001,true_threat,APF,0,12,1259,0.9,1,1,209.084568510084,-201.80167010620954,222.516718460628,-208.7492977346202,-208.75,-0.0007164085528472697,-0.001584056376087268,0.000561627518783029,0,0,32.799688678092046,-1.5469031544644452,0.015161484479904175,0.0,-0.00197100848890841,-0.002408041153103113,31.754555461804884,0.006622760897569923,0,0,1.0897954626542798,11.013146476184994,1.0887467320814312,occluder,,,9.891461196447189,,0.55,1249,ok,accepted,0,ok,0.3595185,0.000750000006519258,0.3384197000123095,0.020020299998577684,1,0.001182100000001185,0.015469299999999464,0,210.18383026533388,-7.779473299286735,5.594954798001027,3.448329893790458,0,0,0,1,1,0,7,9,0.7777777777777778,1,1,14.062265828686483,-0.5171543055143436,2,1,18.48705613786474,-0.059395025784831385,22.019597214361294,-0.9381861102078338,19.735906939765137,-1.8070602185223001,24.48258800291106,-1.5549840707303082,17.32171356735605,0.25585177114789376,31.80954061715356,-1.0453696410718851,31.011668935659177,-0.5759808318184927,29.36333646967373,-0.3874968419290616,31.618379365242852,-1.8805318769268997
1261,1.0,true_threat,APF,1,51,1260,0.9500000000000001,1,1,210.72186762864868,-201.80295787094457,223.90181986496304,-208.74931350187455,-208.75,-0.0007022653798003375,-0.0014347596486514722,0.0004849707471173345,0,0,32.714749462210186,-1.6987843176372053,0.0,0.016204141080379486,-0.00197100848890841,-0.002408041153103113,31.754555461804884,0.006657194649666318,0,0,1.08857386681035,11.00143467138852,1.0854474166065147,occluder,,,9.675845704197878,,0.6,1249,ok,accepted,0,ok,0.3595185,0.000750000006519258,0.3384197000123095,0.020020299998577684,0,0.001182100000001185,0.01354289999999736,0,211.10808571278145,-7.0664296281696295,6.055800754888509,3.4470421290554327,0,0,0,1,0,0,4,9,0.4444444444444444,1,1,13.843449368157552,-0.5270057707711644,3,1,18.483365405455245,-0.0738146542937488,21.972039410678175,-0.9511560546438902,19.64569126831666,-1.8043134566989831,24.40209015306193,-1.6099534449365327,17.33407318788727,0.24719241061435235,31.7545409648657,-1.099844491377721,30.98330095802401,-0.5673595452492048,29.32381430363405,-0.7904433195517548,31.520145160704807,-1.9646840685890257
1262,1.05,true_threat,APF,1,141,1261,1.0,1,1,212.3546803459613,-201.80331637998526,225.28176379889504,-208.74933102855033,-208.75,-0.0006864981254466329,-0.00128189179235003,0.00040705182888484646,1,0,32.620759680218605,-1.8797956398316273,0.0,0.043498411774635315,-0.0015059958677738905,-0.0018399209948256612,31.486061699344983,0.006695611352938502,0,0,1.0882968687351706,10.998413284480083,1.0830992867424583,occluder,,,9.462017091787196,,0.65,1249,ok,accepted,0,ok,0.3595185,0.000750000006519258,0.3384197000123095,0.020020299998577684,1,0.001970400000001149,0.018953399999997345,0,212.0320970248236,-6.357628222899166,6.511733376778352,3.4466836200147384,0,0,0,1,0,0,2,9,0.2222222222222222,1,1,13.625683457379617,-0.5372261186614478,4,1,18.47894606243479,-0.0883868681659915,21.92378733255497,-0.9650415395930915,19.556291951545088,-1.7879863679860055,24.319459940645892,-1.6526017014355037,17.345910196276833,0.2367401677330765,31.697326743135548,-1.144138437854607,30.955581481951775,-0.5543895113474131,29.27058402248282,-1.0646056215949675,31.419465736950034,-2.0135884550038097
1263,1.1,true_threat,APF,1,223,1262,1.05,1,1,213.98257940033682,-201.80270000271798,226.65651974484766,-208.74935032505834,-208.75,-0.0006689714496701527,-0.0011268692097378239,0.0003287178055565009,0,0,32.519486978309494,-2.025454038182204,0.0,0.06494250893592834,-0.0015059958677738905,-0.0018399209948256612,31.486061699344983,0.006737378187274066,0,0,1.0889643122670236,11.00268524023869,1.0817435684256949,occluder,,,9.250500610870041,,0.7000000000000001,1249,ok,accepted,0,ok,0.3595185,0.000750000006519258,0.3384197000123095,0.020020299998577684,0,0.001970400000001149,0.012304499999999052,0,212.9558947034205,-5.65352684712056,6.962691644134054,3.447299997282016,0,0,0,1,0,0,0,9,0.0,1,1,13.40940923747252,-0.5478006462507957,5,1,18.47379429422591,-0.10303537333288983,21.875108007261762,-0.9735864816833242,19.468344136294547,-1.7589563314366374,24.2352924385867,-1.6833483511042913,17.357150204319066,0.22480016075856396,31.63838996220427,-1.1785965604904174,30.928872902930543,-0.5341715679399879,29.209281841681257,-1.2260436144801625,31.31758468573237,-2.037621007081561
1264,1.1500000000000001,true_threat,APF,1,239,1263,1.1,1,1,215.60522910884617,-201.80113937123764,228.02596563251552,-208.74937143304163,-208.75,-0.0006496749416555758,-0.0009706675608444727,0.0002505153375111178,1,0,32.41282097515631,-2.133320063063735,0.0,0.08206992596387863,-0.0009579797624610364,-0.0011703930795192719,31.247634784578185,0.006781793308748492,0,0,1.0904998097680902,11.012916944740613,1.0813855925351512,occluder,,,9.04161833666397,,0.7500000000000001,1249,ok,accepted,0,ok,0.3595185,0.000750000006519258,0.3384197000123095,0.020020299998577684,1,0.002077199999998669,0.017020699999999778,0,213.87941769780335,-4.954400132994039,7.4086145374190835,3.448860628762361,0,0,0,1,0,0,0,9,0.0,1,1,13.194859739102775,-0.5586980790377468,6,1,18.4678624189254,-0.11863751535916711,21.826470642588323,-0.9727472694378684,19.382435285794966,-1.71817702266796,24.15017509465585,-1.702345896823332,17.36773217713085,0.2116394561115255,31.578209187709735,-1.2034870838279441,30.903592930462185,-0.5055994344548171,29.144441529531665,-1.2968062413055095,31.21541753479206,-2.043343004859552
1265,1.2000000000000002,true_threat,APF,1,250,1264,1.1500000000000001,1,1,217.2223852996462,-201.79854301610143,229.39010146189864,-208.74939435250027,-208.75,-0.0006285669583689923,-0.0008145391402048858,0.00017315865194982884,0,0,32.30207534939099,-2.2149125153063665,0.0,0.09597086161375046,-0.0009579797624610364,-0.0011703930795192719,31.247634784578185,0.006828373480456982,0,0,1.0930864146425279,11.02848264174192,1.0822291247158962,occluder,,,8.835804652770467,,0.8000000000000002,1249,ok,accepted,0,ok,0.3595185,0.000750000006519258,0.3384197000123095,0.020020299998577684,0,0.002077199999998669,0.01368929999999935,0,214.8025744864754,-4.260400730866081,7.84959357813014,3.4514569838985665,0,0,0,1,0,0,0,9,0.0,1,1,12.982373654413218,-0.5699201589183134,7,1,18.461087497185705,-0.13549844243937212,21.778468421441453,-0.9600444023994004,19.299114716966404,-1.6664113706258876,24.06466675054644,-1.710166418657943,17.377598894329097,0.1973343439725888,31.51725718782813,-1.2189251968375578,30.880149736411536,-0.46886386419468373,29.079442906950945,-1.2999724500353524,31.113700521026736,-2.0343402648870375
1266,1.2500000000000002,true_threat,APF,1,255,1265,1.2000000000000002,1,1,218.83392590243153,-201.79491097895243,230.74898826814967,-208.74941906261267,-208.75,-0.0006056474997251371,-0.0006599394151839581,9.745634189102688e-05,1,0,32.18819733052869,-2.277560377246033,0.0,0.10741820186376572,-0.0005083930445834994,-0.0006211192812770605,31.039289523252656,0.0068767733765572655,0,0,1.0967088264590927,11.049187571907321,1.0842995997941047,occluder,,,8.633393990685251,,0.8500000000000002,1249,ok,accepted,0,ok,0.3595185,0.000750000006519258,0.3384197000123095,0.020020299998577684,1,0.0029108999999998275,0.016022500000001827,0,215.72536506423123,-3.5716507058365607,8.285689806625356,3.45508902104757,0,0,0,1,0,0,0,9,0.0,1,1,12.772185888468716,-0.5814560355180047,8,1,18.45345617698411,-0.15262640990540327,21.73173649203335,-0.9346385709175554,19.218889784025702,-1.604498631431809,23.979330067383124,-1.7067335313212981,17.386702671043306,0.18207553429362183,31.45597806738378,-1.2254832043375545,30.85885612568921,-0.425872196068307,29.016576700256483,-1.2573241323480713,31.013082143246308,-2.012367548618203
1267,1.3,true_threat,APF,1,265,1266,1.25,1,1,220.439667837771,-201.7903196161962,232.10265656884496,-208.74944555296804,-208.75,-0.0005809373873262302,-0.0005077245164308482,2.3874781427702177e-05,0,0,32.07195094026529,-2.3249278052679756,0.0,0.11646832525730133,-0.0005083930445834994,-0.0006211192812770605,31.039289523252656,0.006926712545672009,0,0,1.1012754300240317,11.07502303808377,1.0875063195613603,occluder,,,8.434716009186559,,0.9,1249,ok,accepted,0,ok,0.3595185,0.000750000006519258,0.3384197000123095,0.020020299998577684,0,0.0029108999999998275,0.009818500000001507,0,216.6477894258655,-2.888333132131379,8.716933745686362,3.4596803838038,0,0,0,1,0,0,0,9,0.0,1,1,12.564525569858237,-0.5933056672444453,9,1,18.44497417924506,-0.16963995916286398,21.68688520441599,-0.8970257397940167,19.14222206484014,-1.533354334142473,23.894699100305562,-1.6926193708379904,17.39500727007325,0.16609198062808792,31.39480254849884,-1.2234278144301436,30.839910462707273,-0.3789132398320468,28.957206663702856,-1.1874007296071913,30.914134606253718,-1.9789507358923524
1268,1.35,true_threat,APF,1,272,1267,1.3,1,1,222.03955014859275,-201.7849978304769,233.45128946944266,-208.74947376110174,-208.75,-0.000554447031959171,-0.00035917534744438244,-4.6879043401641327e-05,1,0,31.95427528071703,-2.3535131909651597,0.0,0.12194239348173141,0.0013965459074825048,0.0017062027473002672,31.777041700280574,0.006977821820716426,0,0,1.1065878610911,11.105732868338755,1.0919382796985009,occluder,,,8.23993482746137,,0.65,1255,ok,accepted,1,ok,0.4948826,0.0007321999873965979,0.4723379999923054,0.021461899974383414,1,0.0014311999999989666,0.010456999999998828,0,217.56978654663627,-2.2104479420803784,9.1435695255133,3.4650021695231032,0,0,0,1,0,0,0,9,0.0,1,1,12.35947713351469,-0.6053297831943023,10,1,18.435672023200027,-0.18604312346786925,21.64446578210696,-0.8483884380591514,19.069536898814796,-1.4537032485765327,23.811286927233276,-1.6682435045726436,17.402482172013354,0.14949803882639423,31.334151809249636,-1.2129489491823018,30.823369967172972,-0.33080989013539014,28.902002276683803,-1.1040877389993524,30.817390060181555,-1.9348909197362898
1269,1.4000000000000001,true_threat,APF,1,280,1268,1.35,1,1,223.63357287653992,-201.77906769209991,234.79503955782448,-208.74950363495986,-208.75,-0.0005262388982600896,-0.00021560632393190194,-0.00011410266370898321,0,0,31.836092732312345,-2.3636509680937223,0.0,0.12390823662281036,0.0013965459074825048,0.0017062027473002672,31.777041700280574,0.0070297226810113,0,0,1.1125088217990822,11.14094824010809,1.0975468813150582,occluder,,,8.04924772155706,,0.7000000000000001,1255,ok,accepted,0,ok,0.4948826,0.0007321999873965979,0.4723379999923054,0.021461899974383414,0,0.0014311999999989666,0.018019599999998803,0,218.4912648686091,-1.5379035361060573,9.565841291922283,3.4709323079000853,0,0,0,1,0,0,0,9,0.0,1,1,12.15715171994988,-0.6174866945629807,11,1,18.42556878057129,-0.20206485379728475,21.604934082977127,-0.790633977413185,19.00121193575185,-1.3664991739450647,23.729572296487124,-1.6342925547445324,17.409102581531656,0.13240819039200669,31.274416524138502,-1.1946558090509891,30.80919648960988,-0.28346953180656925,28.851131385830204,-1.0174178160606768,30.723167032645392,-1.8844605505851224
1270,1.4500000000000002,true_threat,APF,1,295,1269,1.4000000000000001,1,1,225.22179705676518,-201.7725291802437,236.1339068339904,-208.74953517454244,-208.75,-0.0004963650401350606,-7.736634618123807e-05,-0.0001776253810704502,1,0,31.71825153589225,-2.3568239284018944,0.0,0.12265835702419281,0.001116720144636929,0.0013643309939652681,31.65651998466026,0.007082052307186479,0,0,1.1190230950028877,11.180294221084756,1.1041356297682752,occluder,,,7.862860909596911,,0.7500000000000001,1255,ok,accepted,0,ok,0.4948826,0.0007321999873965979,0.4723379999923054,0.021461899974383414,1,0.0014126999999994894,0.013056399999999968,0,219.4121633514259,-0.8705778386975851,9.983810085271415,3.4774708197562916,0,0,0,1,0,0,0,9,0.0,1,1,11.957630185793315,-0.6298721481626961,12,1,18.414694970792816,-0.21747619557573108,21.568652502324,-0.7256316105292048,18.937579053782688,-1.272657540878071,23.650009162734328,-1.591262428351395,17.4148665912641,0.11528019467566396,31.215975954278303,-1.1687759346947761,30.797246978547403,-0.23899020344984367,28.804437588875775,-0.9338759378186668,30.630168526214007,-1.8599701290430797
1271,1.5000000000000002,true_threat,APF,1,315,1270,1.4500000000000002,1,1,226.80413118859335,-201.76553491402237,237.4679523330932,-208.74956835902788,-208.75,-0.00046482545755566207,5.421413419985573e-05,-0.00023670805569132522,0,0,31.601569868583713,-2.3336333461707426,0.0,0.11822549998760223,0.001116720144636929,0.0013643309939652681,31.65651998466026,0.007134444845464127,0,0,1.1259932891442759,11.223313259945218,1.1114498306232838,occluder,,,7.68104295466211,,0.8000000000000002,1255,ok,accepted,0,ok,0.4948826,0.0007321999873965979,0.4723379999923054,0.021461899974383414,0,0.0014126999999994894,0.01127440000000135,0,220.33257355302112,-0.20865390846464038,10.397445382778983,3.4844650859776323,0,0,0,1,0,0,0,9,0.0,1,1,11.761064728814533,-0.6425331848897408,13,1,18.40308111062068,-0.23227720256258227,21.53588043815212,-0.6554412829558098,18.878928168581417,-1.173017600798514,23.573045759555043,-1.5392675784999308,17.41976466591621,0.09796149308691714,31.15918461589315,-1.1358036142500871,30.787361215248346,-0.1977152511275212,28.7616118942383,-0.856513891659551,30.53877219589925,-1.8279266063545492
1272,1.55,true_threat,APF,1,328,1271,1.5,1,1,228.3806973735622,-201.75817640452183,238.7973896781672,-208.74960311554074,-208.75,-0.00043164097212411434,0.00017841439022524345,-0.00029095953773585273,1,0,31.48680396814744,-2.295318008725431,0.0,0.11085695028305054,0.00048586324555799365,0.0005935939261689782,31.539874241724508,0.007186546357464126,0,0,1.2187029804180933,11.269478514534956,1.2075950287140855,occluder,,,7.504086304384962,,0.85,1255,ok,accepted,0,ok,0.4948826,0.0007321999873965979,0.4723379999923054,0.021461899974383414,1,0.0026997999999984756,0.015024599999996724,0,221.25237340308934,0.4481124264360119,10.80708287778478,3.4918235954781665,0,0,0,1,0,0,0,9,0.0,1,1,11.567607088239727,-0.6555467780494607,14,1,18.390771070032592,-0.2462008103942405,21.5067838311738,-0.581932139806973,18.825495789746345,-1.068647474959345,23.499092173114175,-1.4790709916418812,17.423810155204567,0.08090978580227273,31.104360842886553,-1.0964621108894461,30.779344649927662,-0.16033129486322958,28.722309072674772,-0.7860564302126629,30.449626540470106,-1.7829131073926285
1273,1.6,true_threat,APF,1,334,1272,1.55,1,1,229.95161772362022,-201.75057568040438,240.12237145709423,-208.74963939202715,-208.75,-0.00039688445926344684,0.00029532683884059204,-0.0003404635590285275,0,0,31.37469360176953,-2.2422073275582477,0.0,0.10057831555604935,0.00048586324555799365,0.0005935939261689782,31.539874241724508,0.0072379953204597626,0,0,1.584767673312261,11.318159134363652,1.5785841878445963,occluder,,,7.332197162049904,,0.9,1255,ok,accepted,0,ok,0.4948826,0.0007321999873965979,0.4723379999923054,0.021461899974383414,0,0.0026997999999984756,0.010175499999999005,0,222.1715018716833,1.0999043079000614,11.212936188117851,3.4994243195956187,0,0,0,1,0,0,0,9,0.0,1,1,11.377316394446359,-0.6689529779094199,15,1,18.37779536586331,-0.259514081758823,21.481458050085784,-0.506515621919212,18.77747074443643,-0.960500809199803,23.428522249282064,-1.411397494879331,17.427014504901948,0.06408699400160338,31.051815400901027,-1.0509026003946307,30.773031342927432,-0.1262661318855722,28.686202967479105,-0.7221221029014863,30.36335335515125,-1.7254637032018574
1274,1.6500000000000001,true_threat,APF,1,344,1273,1.6,1,1,231.51707534943088,-201.7427479379935,241.44311129290872,-208.74967711561166,-208.75,-0.0003606079728513123,0.0004044416029793281,-0.00038495998958909886,1,0,31.265898518768775,-2.1759016600150716,0.0,0.08771563321352005,-0.00027830241015180945,-0.0003400105342734605,31.38967724365465,0.007288452882762587,0,0,2.0907267122279025,11.368699608269448,2.087669836740567,occluder,,,7.165690478156249,,0.9500000000000001,1255,ok,accepted,0,ok,0.4948826,0.0007321999873965979,0.4723379999923054,0.021461899974383414,1,0.0015743999999990876,0.012102099999999893,0,223.0899894659685,1.746874339425517,11.615188429647134,3.5072520620065006,0,0,0,1,0,0,0,9,0.0,1,1,11.190332163524205,-0.6828196661298555,16,1,18.364197867331917,-0.2719499690332784,21.459925981556033,-0.43064137016319226,18.73500371103398,-0.8493405793911083,23.36168885176218,-1.3366667538015715,17.42940441474593,0.047798196910839655,31.00183432899205,-0.999619587021176,30.76828777824503,-0.09487128920809408,28.653053252198227,-0.6629943047270233,30.280484790084305,-1.657371295593395
1275,1.7000000000000002,true_threat,APF,1,355,1274,1.6500000000000001,1,1,233.07716183495558,-201.73478469878592,242.75994487895053,-208.74971617177573,-208.75,-0.0003228843883391619,0.0005054401127622186,-0.0004243042352408601,0,0,31.161066525058832,-2.096639874198871,0.0,0.07229737937450409,-0.00027830241015180945,-0.0003400105342734605,31.38967724365465,0.007337573210344161,0,0,2.6544086235644544,11.42034610621041,2.65319613740588,occluder,,,7.004949957025351,,1.0,1255,ok,accepted,0,ok,0.4948826,0.0007321999873965979,0.4723379999923054,0.021461899974383414,0,0.0015743999999990876,0.012884400000000795,0,224.00780567357404,2.3891446173446695,12.014205808083403,3.5152153012140843,0,0,0,1,0,0,0,9,0.0,1,1,11.006887664487346,-0.6971598030797095,17,1,18.350020536262726,-0.2835466200324554,21.44213231313049,-0.35587336700572925,18.698188150011205,-0.7363111395779056,23.29891623153434,-1.255451045747212,17.431012311611084,0.03215793734512163,30.954673212895862,-0.9432222955835824,30.765016681226548,-0.0654219386568108,28.622709246813848,-0.6068801068422602,30.2015243851269,-1.5792080904455537
1276,1.7500000000000002,true_threat,APF,1,369,1275,1.7000000000000002,1,1,234.63218241842247,-201.72686896413197,244.07308583825406,-208.74975648764388,-208.75,-0.0002838282242692003,0.0005981424173717379,-0.0004584472204372768,1,1,31.060718319269544,-2.006964115785763,0.0,0.05485522747039795,0.0013597913784906268,0.0016612985637038946,31.12516505198883,0.007385059232815188,0,0,3.243393400573579,11.472384757829888,3.243346911979163,occluder,,,6.84986251585283,,0.55,1265,ok,accepted,1,ok,0.3828352,0.0009043999889399856,0.34849319999921136,0.03307980002136901,1,0.0014146999999979926,0.012439199999999317,0,224.92485894177082,3.027111932614787,12.410293499190146,3.5231310358680332,0,0,0,1,0,0,0,9,0.0,1,1,10.826768108170253,-0.7118268749216149,18,1,18.33530914913679,-0.29422774152964937,21.42799693834321,-0.2827074931752244,18.66707364792629,-0.6222899720414595,23.240486675460417,-1.168589663569661,17.431876343783127,0.01728064351260155,30.91055335921862,-0.8823966091036191,30.76313603553657,-0.03761291376746914,28.595106101351707,-0.5520629084648054,30.126912737603924,-1.492232938618984
1277,1.8,true_threat,APF,1,397,1276,1.75,1,1,236.18238129770165,-201.71916849741535,245.38283931014513,-208.74969114759114,-208.7499752088564,-0.00021872121251931276,0.1992123360774501,-0.00048740075057716013,0,1,30.96536342918142,-1.9070978017624896,0.0,0.03539048880338669,0.0013597913784906268,0.0016612985637038946,31.12516505198883,0.007430610766069082,0,0,3.8440550928081456,11.524043975562444,3.844749667497592,occluder,,,6.700483839681203,,0.5999999999999999,1265,ok,accepted,0,ok,0.3828352,0.0009043999889399856,0.34849319999921136,0.03307980002136901,0,0.0014146999999979926,0.011650899999999353,0,225.8412103057116,3.6609594479531893,12.80369560714044,3.530831502584647,0,0,0,1,0,0,0,9,0.0,1,1,10.649868257931475,-0.7267469527200144,19,1,18.320103761145873,-0.30410775931326506,21.417393971461234,-0.21205933374491884,18.64166401630559,-0.5081925755024073,23.186659581814855,-1.0765403679941856,17.432034656360475,0.0031662516000548055,30.869675147142466,-0.8175614806023955,30.762575269201072,-0.011215327043525443,28.570257167288467,-0.49697868054918304,30.05705992722908,-1.3970561925452325
1278,1.85,true_threat,APF,1,408,1277,1.8,1,1,237.72797208541675,-201.71165270818423,246.68951043915484,-208.7494284947807,-208.74945963720148,0.000231510389653522,0.5535581269899816,0.0013998582093017057,1,1,30.875431417277664,-1.7986402380751088,0.0,0.014250032603740692,0.0011307091917842627,0.0013814218109473586,30.983255150879856,0.007473959028019248,0,0,4.4502441133307356,11.574597379922842,4.451388234218322,occluder,,,6.557254817917332,,0.6499999999999999,1265,ok,accepted,0,ok,0.3828352,0.0009043999889399856,0.34849319999921136,0.03307980002136901,1,0.0018967999999972562,0.013518799999999942,0,226.75673770029633,4.29102284108356,13.194839341565427,3.538347291815768,0,0,0,1,0,0,0,9,0.0,1,1,10.476316089526252,-0.7419685853364777,20,1,18.304461591883832,-0.31284338502470616,21.410193713167008,-0.14400516072184935,18.621923016288854,-0.39481995479351395,23.13765619724025,-0.9800662118489328,17.431536842089688,-0.009956285342557766,30.83220656678803,-0.7493651718766318,30.763265717845748,0.013808973567699579,28.548198683659677,-0.44116967199256846,29.992320720586523,-1.2947841149952208
1279,1.9000000000000001,true_threat,APF,1,423,1278,1.85,1,1,239.2691684202184,-201.70436729992772,247.99358742321857,-208.74872422202927,-208.74765420016118,0.0017742946195085096,0.8968073043985355,0.006740975185662161,0,1,30.789950893996913,-1.7096104656150146,0.008518386632204056,0.0,0.0011307091917842627,0.0013814218109473586,30.983255150879856,0.007515514193134546,0,0,5.058749577575322,11.625022274472643,5.060140491307721,occluder,,,6.4205287936814575,,0.7,1265,ok,accepted,0,ok,0.3828352,0.0009043999889399856,0.34849319999921136,0.03307980002136901,0,0.0018967999999972562,0.011476300000001771,0,227.67144111511425,4.917515761067278,13.584212910811232,3.545632700072275,0,0,0,1,0,0,0,9,0.0,1,1,10.306198183852793,-0.7574901305602592,21,1,18.288426509651412,-0.3207016445833611,21.40626074290888,-0.07865939916479235,18.607760999628756,-0.28324030042770015,23.09365962251319,-0.8799300844679036,17.430430581662034,-0.022125208515227212,30.798285114284536,-0.6784180722982815,30.765117736279407,0.03704037163618056,28.529014574402677,-0.38368218461216574,29.933021274031333,-1.185988910687825
1280,1.9500000000000002,true_threat,APF,1,439,1279,1.9000000000000001,1,1,240.80621446353894,-201.69737322451232,249.29522280857503,-208.7474562069776,-208.74382972160868,0.004894500420590475,1.226967126405568,0.01584997283076713,1,1,30.706694645833977,-1.6651249632587195,0.03385837376117706,0.0,0.0006118977908045053,0.0007475742022506893,30.87166898681372,0.007556322101440491,0,0,5.667839948088112,11.677893512207492,5.6693466937915185,occluder,,,6.290516205893265,,0.75,1265,ok,accepted,0,ok,0.3828352,0.0009043999889399856,0.34849319999921136,0.03307980002136901,1,0.0023268000000022937,0.01551459999999949,0,228.58535107294708,5.540651846554994,13.971938338334866,3.5526267754876812,0,0,0,1,0,0,0,9,0.0,1,1,10.139409284273778,-0.7733652284862623,22,1,18.272051921915267,-0.32749175471246966,21.405450101497177,-0.016212821274053452,18.599031101290887,-0.17459794474524007,23.054818621524493,-0.7768187352324017,17.428761654744434,-0.03337853827705398,30.768023501660082,-0.6052163663700646,30.76802832816364,0.058211843982198586,28.51277922605033,-0.32470696658373815,29.879447690255596,-1.0714716524380066
1281,2.0,true_threat,APF,1,460,1280,1.9500000000000002,1,1,242.3391407381601,-201.6906857303154,250.59469115450887,-208.74533443895336,-208.73733789201157,0.010118314966035769,1.5414214608775678,0.0294629371498545,0,1,30.625972690817715,-1.6144391003252423,0.06381884217262268,0.0,0.0006118977908045053,0.0007475742022506893,30.87166898681372,0.007596205994357038,0,0,6.157840754487421,11.732703203657532,6.167447207540898,latent_vehicle,,,6.167447207540898,,0.7999999999999998,1265,ok,accepted,0,ok,0.3828352,0.0009043999889399856,0.34849319999921136,0.03307980002136901,0,0.0023268000000022937,0.011931400000001702,0,229.49843705621848,6.160492137904754,14.358320700997297,3.5593142696845916,0,0,0,1,0,0,0,9,0.0,1,1,9.975968717674482,-0.7895837333694001,23,1,18.255387418778646,-0.3332900625399448,21.407597758147094,0.042953140306965176,18.595500625598703,-0.0706095003896072,23.02124953600078,-0.671380575372678,17.426587279922572,-0.04348749637596574,30.741498203676464,-0.5304852787511409,30.771862072179683,0.07667489074603544,28.499557487919617,-0.2644347622666188,29.831783073769277,-0.9532923050360439
1282,2.05,true_threat,APF,1,487,1281,2.0,1,1,243.86813034953997,-201.68430475487227,251.8923585626232,-208.74203835847558,-208.7276083998426,0.01772603911075521,1.8372674854400475,0.048423315482667574,1,1,30.548655820119286,-1.5463374139685726,0.09791425615549088,0.0,-3.442405431997031e-05,-4.205691584502347e-05,30.789532112163446,0.0076347042717586095,0,0,6.0394809996951935,11.788172457651921,6.0514791812007624,latent_vehicle,,,6.0514791812007624,,0.8499999999999996,1265,ok,accepted,0,ok,0.3828352,0.0009043999889399856,0.34849319999921136,0.03307980002136901,1,0.0014302999999991073,0.010712099999999225,0,230.41072958250479,6.777189222998317,14.743695582825325,3.5656952451277277,0,0,0,1,0,0,0,9,0.0,1,1,9.815836103433307,-0.8061588635223383,24,1,18.23848640598631,-0.33802025526319046,21.412541587463096,0.09887659414058864,18.59688537551419,0.027695004283215464,22.992967618160996,-0.5656373850119095,17.423958957234067,-0.05256645368474951,30.718762793264208,-0.4546832331394988,30.776494991244338,0.092658396305446,28.489391322243108,-0.20332331323473019,29.790050312531033,-0.8346551989110053
1283,2.1,true_threat,APF,1,506,1282,2.0500000000000003,1,1,245.3933969363292,-201.67827600167206,253.18846907462637,-208.7372779652827,-208.7141460629904,0.02789229548517369,2.1117234679333525,0.07351768651411611,0,1,30.475438561873688,-1.4643451649119754,0.13361981511116028,0.0,-3.442405431997031e-05,-4.205691584502347e-05,30.789532112163446,0.00767143166438462,0,0,5.927235736145829,11.843170266156447,5.942573665352037,latent_vehicle,,,5.942573665352037,,0.8999999999999999,1265,ok,accepted,0,ok,0.3828352,0.0009043999889399856,0.34849319999921136,0.03307980002136901,0,0.0014302999999991073,0.008996299999999735,0,231.32213710428238,7.391048288009955,15.128398573050902,3.57172399832794,0,0,0,1,0,0,0,9,0.0,1,1,9.658806413759992,-0.823078811803398,25,1,18.221404196587592,-0.34164418679541225,21.42011374218166,0.1514431028053405,18.60290688125748,0.12043011665524983,22.969858415609032,-0.46218326325729747,17.420933905474623,-0.06050103511604573,30.699838400489256,-0.37845941112919623,30.781784034774148,0.1057808903723869,28.48228454367253,-0.14213557116980466,29.75413115035051,-0.7183832173744036
1284,2.15,true_threat,APF,1,523,1283,2.1,1,1,246.91515408512447,-201.67249258632205,254.48323618341814,-208.7306717167949,-208.69652796017,0.04075000511269877,2.3623409910104143,0.10538629177216798,1,1,30.4067844532227,-1.3730821730197817,0.16783027350902557,0.0,-0.0006670328439213336,-0.0008149343193508685,30.703791817380164,0.007706111362589799,0,0,5.82095630930403,11.896764441313465,5.840713049654771,latent_vehicle,,,5.840713049654771,,0.9499999999999997,1265,ok,accepted,0,ok,0.3828352,0.0009043999889399856,0.34849319999921136,0.03307980002136901,1,0.0013886000000020715,0.014177899999999966,0,232.2326901287168,8.002252412370808,15.512612657408255,3.5775074136779494,0,0,0,1,0,0,0,9,0.0,1,1,9.504697394563317,-0.8403565669577933,26,1,18.20419228893522,-0.34423815108486133,21.43011586074791,0.20004237915830786,18.61329429885176,0.20774835092577656,22.95171783650765,-0.362810967506696,17.417563623284426,-0.06740564372955737,30.684709890005998,-0.3025393433500115,30.787576615484152,0.11585163864139095,28.478208541954377,-0.08152003417096473,29.723836759832498,-0.6058877839172979
1285,2.1999999999999997,true_threat,APF,1,547,1284,2.15,1,1,248.4336154033441,-201.66690865958233,255.77681237277244,-208.7219143851948,-208.6744005623336,0.05627115446128528,2.5,0.144481442400323,0,1,30.34290796700506,-1.2775297243527461,0.20029118657112122,0.0,-0.0006670328439213336,-0.0008149343193508685,30.703791817380164,0.00773858931791594,0,0,5.720457124262705,11.948325619053461,5.745739294443568,latent_vehicle,,,5.745739294443568,,0.9999999999999996,1265,ok,accepted,1,ok,0.4748543,0.0007095000182744116,0.45290819997899234,0.020899900002405047,0,0.0013886000000020715,0.009145499999998918,0,233.14241917858976,8.610984680717479,15.896459796889587,3.583091340417667,0,0,0,1,0,0,0,9,0.0,1,1,9.353262358813721,-0.8579828359785265,27,1,18.186905996056794,-0.34572585466785893,21.442351484362785,0.24471248032101567,18.62776915655615,0.28949715193592956,22.938315087628737,-0.2680545187774785,17.413899609087945,-0.07328028385474454,30.67334302339347,-0.2273052205976365,30.79372587030038,0.12298512344569863,28.477104188764574,-0.0220870636806761,29.698938258874836,-0.49796999302253653
1286,2.25,true_threat,APF,1,566,1285,2.2,1,1,249.9491165530956,-201.66143255420525,257.06947218635787,-208.71067018344556,-208.64747686408126,0.07443752111353774,2.5,0.19021130023346283,1,1,30.283866475186123,-1.1808298363787628,0.23099198937416077,0.0,-0.0012223187368363142,-0.0014933440834283829,30.229214216913324,0.00776879186005802,0,0,5.62555070813608,11.997356718039715,5.657417932389292,latent_vehicle,,,5.657417932389292,,0.6499999999999999,1273,ok,accepted,0,ok,0.4748543,0.0007095000182744116,0.45290819997899234,0.020899900002405047,1,0.0014451999999991472,0.014479699999998985,0,234.05120218359593,9.217702825462794,16.280336605468847,3.5885674457947516,0,0,0,1,0,0,0,9,0.0,1,1,9.204267291139306,-0.875962351011729,28,1,18.169604445666348,-0.3460310038566441,21.456606990979274,0.28511014001818547,18.646041539644596,0.36544765960103476,22.929415557992506,-0.17799027588636301,17.409991455417153,-0.07816307330807827,30.665665381538677,-0.15352066736873454,30.80010400774778,0.1275627774572662,28.478866580509685,0.03524783498888987,29.679220116824027,-0.3943628156577994
1287,2.3,true_threat,APF,1,591,1286,2.25,1,1,251.46174905067022,-201.65595742744128,258.3614291587173,-208.6966796392728,-208.61553351507155,0.09513666837401047,2.5,0.2415683476556941,0,1,30.229620117093262,-1.0849271618572232,0.2600487172603607,0.0,-0.0012223187368363142,-0.0014933440834283829,30.229214216913324,0.007796697584468602,0,0,5.536186114603109,12.043497922327724,5.575598211919086,latent_vehicle,,,5.575598211919086,,0.6999999999999997,1273,ok,accepted,0,ok,0.4748543,0.0007095000182744116,0.45290819997899234,0.020899900002405047,0,0.0014451999999991472,0.012855800000000528,0,234.95922224919337,9.822315257439982,16.664273512230864,3.5940425725587204,0,0,0,1,0,0,0,9,0.0,1,1,9.05764030471907,-0.8942724203546818,29,1,18.152333414013142,-0.345420627998708,21.472659223099132,0.32104464873805355,18.667817716166976,0.43552352868013533,22.924809435234568,-0.09212225635351094,17.40589256635984,-0.08197778116254482,30.661593067536188,-0.08141514297027705,30.806581328738044,0.129546448254103,28.48335075863343,0.08968356253404364,29.664451544280055,-0.2953714266570067
1288,2.35,true_threat,APF,1,615,1287,2.3000000000000003,1,1,252.97178752822825,-201.65040689165255,259.6528663068172,-208.67968329081285,-208.57840795143218,0.11827168784060405,2.5,0.2985591279710906,1,1,30.18007571788291,-0.9908879842070206,0.28763219714164734,0.0,-0.00178590789437294,-0.0021818981040269136,30.144364585329505,0.007822316076801885,0,0,5.452183046255192,12.08643108161744,5.500050201355401,latent_vehicle,,,5.500050201355401,,0.75,1273,ok,accepted,0,ok,0.4748543,0.0007095000182744116,0.45290819997899234,0.020899900002405047,1,0.0013781000000001598,0.01234179999999796,0,235.8662657523476,10.425310231843781,17.04866715717651,3.599593108347449,0,0,0,1,0,0,0,9,0.0,1,1,8.913155618450118,-0.9129241638318751,30,1,18.135153936153408,-0.34358955099125427,21.490279300980188,0.35240156169011577,18.69277725373143,0.49919075024137305,22.924292632115954,-0.010335953173950032,17.401654442325075,-0.08476248056910346,30.661005917513272,-0.011713858856013613,30.813062467083903,0.1296227932599155,28.490413671971396,0.14125826679606335,29.6543445314043,-0.2021402347093601
1289,2.4,true_threat,APF,1,637,1288,2.35,1,1,254.47950659710827,-201.64464352404846,260.9439971756112,-208.65945218336768,-208.5359955271708,0.14368776364204905,2.5,0.3607713355761841,0,1,30.135117664675565,-0.8991610641469094,0.3139015734195709,0.0,-0.00178590789437294,-0.0021818981040269136,30.144364585329505,0.00784567248213587,0,0,5.373453500866922,12.12582436042114,5.430611474845045,latent_vehicle,,,5.430611474845045,,0.7999999999999998,1273,ok,accepted,0,ok,0.4748543,0.0007095000182744116,0.45290819997899234,0.020899900002405047,0,0.0013781000000001598,0.010160700000000134,0,236.7725157985168,11.026779254554611,17.43354797980129,3.605356475951538,0,0,0,1,0,0,0,9,0.0,1,1,8.770657442005716,-0.9319123721034422,31,1,18.118111787520334,-0.3408429657626316,21.50923452694842,0.3791045216100379,18.72059018067141,0.5562585384804382,22.92771065174993,0.06836043798186467,17.39732094831366,-0.08666988024228742,30.663770392891777,0.055315847005703515,30.819461592359037,0.12798252866437732,28.49987412241542,0.18920900890118458,29.648633956527792,-0.11421147636904229
1290,2.45,true_threat,APF,1,660,1289,2.4000000000000004,1,1,255.9850893107145,-201.63851467428265,262.23494374691296,-208.63572687589516,-208.48824664558552,0.17120553778215708,2.5,0.42761952249393986,1,1,30.094616694598738,-0.8100194015365503,0.33907175064086914,0.0,-0.0020797564648091793,-0.002540901768952608,30.08933065537921,0.007866803042837966,0,0,5.29989192386255,12.16139458227754,5.367102937629958,latent_vehicle,,,5.367102937629958,,0.8500000000000001,1273,ok,accepted,0,ok,0.4748543,0.0007095000182744116,0.45290819997899234,0.020899900002405047,1,0.0013988999999980933,0.012502900000001205,0,237.6779723877009,11.626905378976744,17.81903796191898,3.6114853257173536,0,0,0,1,0,0,0,9,0.0,1,1,8.629975330770195,-0.9512302938751249,32,1,18.101258467354715,-0.337066395267968,21.529282668643138,0.400962834150863,18.750915082461596,0.6064980361871253,22.934922353580422,0.1442340457499772,17.392947401852023,-0.08747092910155954,30.669718602525492,0.11898721011177384,30.825704319068507,0.12485455011406174,28.51153183840789,0.23315431986015217,29.647117640565813,-0.030326299825207233
1291,2.5,true_threat,APF,1,683,1290,2.45,1,1,257.48877976280926,-201.63188292997526,263.52591960211396,-208.60838522521448,-208.43516389067568,0.20056298521947724,2.5,0.49846710517047055,0,1,30.05846285760497,-0.7230767398753812,0.36324769258499146,0.0,-0.0020797564648091793,-0.002540901768952608,30.08933065537921,0.00788573776864437,0,0,5.231516221606583,12.192838343120268,5.309456292024947,latent_vehicle,,,5.309456292024947,,0.8999999999999999,1273,ok,accepted,0,ok,0.4748543,0.0007095000182744116,0.45290819997899234,0.020899900002405047,0,0.0013988999999980933,0.009247800000000694,0,238.5825134495945,12.226054769177892,18.205472755226367,3.618117070024738,0,0,0,1,0,0,0,9,0.0,1,1,8.491049279105804,-0.9708709068327901,33,1,18.084647382091678,-0.33222169571744065,21.550192937801828,0.41820538185676387,18.783393380129123,0.6495659543456727,22.945778965689613,0.2171322370780443,17.388568132297866,-0.08758539108713242,30.67868455021178,0.1793383407207778,30.831718167330916,0.12027697968368561,28.525186548315816,0.27309419816157,29.649633459170065,0.050316389987690134
1292,2.55,true_threat,APF,1,704,1291,2.5,1,1,258.99076103282374,-201.6246719347208,264.81707728224745,-208.5772898501782,-208.37679915855253,0.23158606666194714,2.5,0.5726975013130887,1,1,30.026532773538527,-0.6386016813288364,0.38656777143478394,0.0,-0.0020558929536491632,-0.002511747181415558,30.0586318079456,0.007902517306392357,0,0,5.168267069322616,12.219830765529117,5.2575033814320875,latent_vehicle,,,5.2575033814320875,,0.9499999999999997,1273,ok,accepted,0,ok,0.4748543,0.0007095000182744116,0.45290819997899234,0.020899900002405047,1,0.0017250999999980365,0.011798500000001155,0,239.48623053692668,12.824318951860192,18.59291334802768,3.6253280652792057,0,0,0,1,0,0,0,9,0.0,1,1,8.35374750970685,-0.9908115011123017,34,1,18.06832239964276,-0.32649963870958176,21.57173454451807,0.430832132831938,18.817670305037453,0.6855384997620613,22.9601393485236,0.287207655935767,17.38422128778298,-0.0869368903945049,30.69046408624761,0.2356063479159599,30.837434474708417,0.11432615646270117,28.54060746297898,0.30841829326180653,29.65602691512714,0.1278691342812264
1293,2.6,true_threat,APF,1,736,1292,2.5500000000000003,1,1,260.4913382548782,-201.6167595141061,266.10866087066483,-208.54227282083014,-208.31325078884984,0.2640390613283614,2.5,0.6497460501277483,0,1,29.998732080972015,-0.5560138513302348,0.40911635756492615,0.0,-0.0020558929536491632,-0.002511747181415558,30.0586318079456,0.007917170464158888,0,0,5.110091954252387,12.242046876727642,5.211087795346234,latent_vehicle,,,5.211087795346234,,1.0,1273,ok,accepted,0,ok,0.4748543,0.0007095000182744116,0.45290819997899234,0.020899900002405047,0,0.0017250999999980365,0.01061639999999997,0,240.38915417247918,13.421972538362155,18.981573300892563,3.633240485893907,0,0,0,1,0,0,0,9,0.0,1,1,8.217939786198453,-1.0110410630062183,35,1,18.052333110989164,-0.3197857621903184,21.59368051448968,0.43891939929868107,18.853379647785975,0.7141868569927949,22.97783184437022,0.35384993365489564,17.379941201910636,-0.08560171774955325,30.70485115056719,0.2877532958803154,30.84281890772155,0.10768866578161951,28.55757905199998,0.3394317804154349,29.666149234161175,0.2024463925826425
1294,2.65,true_threat,APF,1,773,1293,2.6,1,1,261.99060295046945,-201.6080540841697,267.4007618888629,-208.50324255320893,-208.2446606961346,0.2976121246955472,2.5,0.7291190753934842,1,1,29.97497289339911,-0.4751837514581325,0.4309714734554291,0.0,-0.0017296778969466686,-0.002113200258463621,30.03118951524383,0.007929725751930287,0,0,5.056990886208012,12.259153702937768,5.1700623602225635,latent_vehicle,,,5.1700623602225635,,1.0499999999999998,1273,ok,accepted,0,ok,0.4748543,0.0007095000182744116,0.45290819997899234,0.020899900002405047,1,0.0015672000000002129,0.012254599999998561,0,241.29131486341754,14.019076543015046,19.371513628152286,3.6419459158302914,0,0,0,1,0,0,0,9,0.0,1,1,8.083552628652923,-1.0315295193084495,36,1,18.036719569511753,-0.31227081873691764,21.615809593788324,0.44258158876341114,18.890168549057922,0.7357780278971472,22.998661907075117,0.4166012968111803,17.37576220385479,-0.08357996103137405,30.721624427950527,0.3354742305160762,30.847814246693613,0.09990678225459386,28.575878155622927,0.36598207245264575,29.679830662601997,0.2736285778913587
1295,2.7,true_threat,APF,1,801,1294,2.6500000000000004,1,1,263.48870769186306,-201.5985098164933,268.6935328882857,-208.46009218374348,-208.1712115013177,0.33203105189122084,2.5,0.8103955648031476,0,1,29.955174549432936,-0.39596687932345276,0.45217108726501465,0.0,-0.0017296778969466686,-0.002113200258463621,30.03118951524383,0.007940210800044801,0,0,5.008895714703647,12.270830323065995,5.134243977998487,latent_vehicle,,,5.134243977998487,,1.1,1273,ok,accepted,0,ok,0.4748543,0.0007095000182744116,0.45290819997899234,0.020899900002405047,0,0.0015672000000002129,0.012495799999999946,0,242.19271260974182,14.615783538084372,19.76288688125078,3.651490183506695,0,0,0,1,0,0,0,9,0.0,1,1,7.950478166299347,-1.0522628194509258,37,1,18.02152373778236,-0.3039166232819876,21.637910062694306,0.442009383910146,18.927686055896693,0.7503501397892604,23.022412104060653,0.4750040119451167,17.371709090715726,-0.08106226277566378,30.740551165857152,0.3785405791305534,30.852378529612537,0.09128565893760629,28.595277799331082,0.38799287415531813,29.696870928577226,0.3408053257883825
1296,2.75,true_threat,APF,1,827,1295,2.7,1,1,264.98604918672993,-201.58806554058404,269.9871569639805,-208.41279113239275,-208.09312366306474,0.3669685206787392,2.5,0.8932239409019967,1,1,29.939262992230464,-0.31823114404943453,0.47276148200035095,0.0,-0.0011627792846411467,-0.0014206029009073973,30.00830171425487,0.007948652515592763,0,0,4.965819897274639,12.27677092757596,5.098272439989802,latent_vehicle,,,5.098272439989802,,1.15,1273,ok,accepted,0,ok,0.4748543,0.0007095000182744116,0.45290819997899234,0.020899900002405047,1,0.001512800000000425,0.011650700000000569,0,243.09334742186272,15.212490220830347,20.155876144824703,3.66193445941596,0,0,0,1,0,0,0,9,0.0,1,1,7.818559944609693,-1.0732337098340345,38,1,18.00678948556432,-0.294685032179423,21.659795001992695,0.43769879486316926,18.9655888476856,0.7580558393040258,23.048838298546336,0.5285239920072582,17.36781428760191,-0.07789606234911768,30.761383362250644,0.4166474177431193,30.856475516475758,0.08193973708735389,28.6155548233498,0.4055404803656475,29.717035427902065,0.40328999016342504
1297,2.8,true_threat,APF,1,853,1296,2.75,1,1,266.4826884546067,-201.57667545925582,271.2817866725967,-208.3612477943738,-208.0106526092064,0.4021385231863519,2.5,0.9773181945940962,0,1,29.92716343655362,-0.24199111353688352,0.4927544593811035,0.0,-0.0011627792846411467,-0.0014206029009073973,30.00830171425487,0.007955080826049657,0,0,4.925404699677159,12.276687163447479,5.057527077966514,latent_vehicle,,,5.057527077966514,,1.1999999999999997,1273,ok,accepted,0,ok,0.4748543,0.0007095000182744116,0.45290819997899234,0.020899900002405047,0,0.001512800000000425,0.012381599999997661,0,243.9932803297276,15.80919658084224,20.550572945575993,3.6733245407441757,0,0,0,1,0,0,0,9,0.0,1,1,7.6877627230690715,-1.0944281028938392,39,1,17.99255114401458,-0.2847668188700624,21.68127939828858,0.4296879370665324,19.003541229991317,0.7590476504059172,23.07767918653345,0.5768178910695373,17.364100684071243,-0.07427207086524046,30.783874934079858,0.4498331994327925,30.8600746897936,0.07198346643824373,28.63648606788189,0.41862489063284275,29.740057131429264,0.4604340719723552
1298,2.85,true_threat,APF,1,889,1297,2.8000000000000003,1,1,267.9788086373892,-201.56444632156123,272.5776051195924,-208.305462107222,-207.92408586814938,0.43716192622443373,2.5,1.0624447688678607,1,1,29.918822614739298,-0.16681643628643883,0.5121906399726868,0.0,-0.0004407402593642473,-0.0005384657997637987,29.99016863318392,0.007959516719760109,0,0,4.881848150219952,12.270341921023997,5.011827580839783,latent_vehicle,,,5.011827580839783,,1.25,1273,ok,accepted,0,ok,0.4748543,0.0007095000182744116,0.45290819997899234,0.020899900002405047,1,0.0013745999999983383,0.0145317000000027,0,244.8924808157601,16.40611627759222,20.94719090653922,3.6855536784387652,0,0,0,1,0,0,0,9,0.0,1,1,7.55792439682719,-1.1158143242049023,40,1,17.978837323314103,-0.27427640203500103,21.702197311411997,0.41835827451840557,19.041238033497585,0.7539360743006804,23.10866393252248,0.6196950711868479,17.3605835371727,-0.0703429378672462,30.80776645872015,0.47783112644458814,30.863145531206737,0.061416829428046195,28.6578655397358,0.4275894370739012,29.765649936528835,0.5118561018205483
1299,2.9,true_threat,APF,1,930,1298,2.85,1,1,269.47465388089347,-201.55139330300221,273.87470383687514,-208.2453730045523,-207.83374020028694,0.4717219069350733,2.5,1.148420887914077,0,1,29.91417319866862,-0.09298832141354296,0.5310548543930054,0.0,-0.0004407402593642473,-0.0005384657997637987,29.99016863318392,0.007961991026287899,0,0,4.834812066109265,12.257488180849228,4.961089613981918,latent_vehicle,,,4.961089613981918,,1.2999999999999998,1273,ok,accepted,0,ok,0.4748543,0.0007095000182744116,0.45290819997899234,0.020899900002405047,0,0.0013745999999983383,0.011922200000000771,0,245.79107095026563,17.00337138659097,21.345699489316416,3.6986066969977855,0,0,0,1,0,0,0,9,0.0,1,1,7.428874776226198,-1.137414458160856,41,1,17.965688077726686,-0.2629849000213554,21.72239424532244,0.40393868976577263,19.07837598905232,0.7427591146608972,23.141510251763886,0.6569265496913738,17.35727428815015,-0.06618498044872059,30.832815691320814,0.5009847280552457,30.865676596740354,0.05062131358164297,28.679483430050862,0.4323578062959935,29.79350485249881,0.5570983185539191
1300,2.95,true_threat,APF,1,963,1299,2.9000000000000004,1,1,270.9703464532298,-201.53809619588628,275.173326928618,-208.18087359156124,-207.7399587294097,0.5054142751426127,2.5,1.23510156851949,1,1,29.91311817607252,-0.021100451922038133,0.5493763089179993,0.0,0.004890620708465576,0.005975020118057728,32.48005,0.007962552644336651,0,0,4.783609760234128,12.238038741217249,4.90377582946832,latent_vehicle,,,4.90377582946832,,1.35,1273,ok,stale_plan,0,ok,0.4748543,0.0007095000182744116,0.45290819997899234,0.020899900002405047,1,0.0016564999999992835,0.016710299999999734,0,246.6890202208732,17.60111468831974,21.746373310451702,3.7119038041137173,0,0,0,1,0,0,0,9,0.0,1,1,7.299616836389701,-1.1588043891564506,42,1,17.953126295395876,-0.2512356352162109,21.741734776764126,0.3868106382805021,19.114682346030204,0.726127141678089,23.175918692792866,0.688168991111203,17.35419010824299,-0.061683598189581586,30.858757509664336,0.5188363994470628,30.86767170026314,0.039902075380920145,28.70113946725015,0.4331207439793868,29.823290000854797,0.5957029667591991
1301,3.0,true_threat,APF,1,1006,1300,2.95,1,1,272.46610006592425,-201.524814326737,276.47344392409303,-208.11210120775317,-207.64310807411613,0.5377655174451093,2.5,1.3223756803044109,0,1,29.915566260970138,0.04896169795237881,0.5672054886817932,0.0,0.004890620708465576,0.005975020118057728,32.48005,0.007961249551262565,0,0,4.728119245575357,12.211833363656451,4.839504646671446,latent_vehicle,,,4.839504646671446,,1.4,1273,ok,stale_plan,0,ok,0.4748543,0.0007095000182744116,0.45290819997899234,0.020899900002405047,0,0.0016564999999992835,0.009795600000000348,0,247.58632863799357,18.199559883893812,22.149181888806368,3.725185673263013,0,0,0,1,0,0,0,9,0.0,1,1,7.169767474922407,-1.1799131940262544,43,1,17.941178678258545,-0.23895233231196236,21.760091114580415,0.36712676405385275,19.14989961267223,0.7043453331970738,23.211593618506292,0.7134986827307295,17.35133671733118,-0.05706781815938008,30.885343967015416,0.5317295623055545,30.86913847123703,0.029335426706643564,28.722642916492763,0.43006898484482264,29.85466396532028,0.6274792907248421
1302,3.05,true_threat,APF,1,1036,1301,3.0,1,1,273.96209790251567,-201.51177651491224,277.77539047499704,-208.03893366830417,-207.5435754792234,0.568525728529778,2.4544444652785913,1.4101576049769795,1,1,29.92141968341855,0.11706844896821167,0.584545373916626,0.0,0.005076461471617222,0.006202067714184523,32.48005,0.007958135124776161,0,0,4.667989517951099,12.178874817463822,4.7682814605580015,latent_vehicle,,,4.7682814605580015,,1.4499999999999997,1273,ok,stale_plan,0,ok,0.4748543,0.0007095000182744116,0.45290819997899234,0.020899900002405047,1,0.0015625999999997475,0.011691800000001251,0,248.4830267139978,18.798859644481013,22.55443036370616,3.738223485087758,0,1,0,1,0,0,0,9,0.0,1,1,7.039180689416055,-1.200881573580976,44,1,17.929870018262797,-0.2261731926474273,21.77736216696643,0.3454210524489743,19.183795092630067,0.6779095981435435,23.248233670635948,0.7328012005783646,17.348725560037572,-0.05222314586636619,30.91232712252075,0.539664244466996,30.870080723523365,0.018845055066130597,28.743816394810658,0.42346956635469574,29.887283423948467,0.6523891770732848
1303,3.1,true_threat,APF,1,1070,1302,3.0500000000000003,1,1,275.4584010762377,-201.49921162141314,279.0790750390118,-207.96140152202287,-207.4417659471779,0.5971677211262545,2.225764677420724,1.4979540421629391,0,1,29.930577579294038,0.1831579175097886,0.6014536023139954,0.0,0.005076461471617222,0.006202067714184523,32.48005,0.007953266154283286,0,0,4.603022265168903,12.139224551750413,4.690146200860283,latent_vehicle,,,4.690146200860283,,1.5,1273,ok,stale_plan,0,ok,0.4748543,0.0007095000182744116,0.45290819997899234,0.020899900002405047,0,0.0015625999999997475,0.011955000000000382,0,249.3791754788331,19.399014053367722,22.961966162885602,3.7507883785868614,0,1,0,1,0,0,0,9,0.0,1,1,6.907702799633803,-1.2218695697293898,45,1,17.919219388560542,-0.21301259004381837,21.79345447546336,0.32184617284958894,19.216153254557913,0.6471632369547549,23.28555274612349,0.746381654898116,17.346356635940655,-0.04737848201262832,30.939466670851786,0.5427930224259627,30.870515623359626,0.008698008219285399,28.76450349910262,0.4137420858345331,29.920808868345688,0.6705088969929266
1304,3.15,true_threat,APF,1,1129,1303,3.1,1,1,276.9553148825777,-201.48747049425992,280.3848028439546,-207.8796572526833,-207.33809936946616,0.623302152556704,1.9780926475003722,1.5839884458544768,1,1,29.942978621754598,0.24802084921120127,0.6179922223091125,0.0,0.004825842101126909,0.005895878188312054,32.48005,0.007946680021644571,0,0,4.533019122982552,12.092891259011916,4.605187226789593,latent_vehicle,,,4.605187226789593,,1.5499999999999998,1273,ok,stale_plan,0,ok,0.4748543,0.0007095000182744116,0.45290819997899234,0.020899900002405047,1,0.001404399999998418,0.016018899999998837,0,250.2748359572414,20.00026738129941,23.37203348942012,3.7625295057400763,0,1,0,1,0,0,0,9,0.0,1,1,6.775250671374662,-1.2430224637709364,46,1,17.909245862235014,-0.19947052620034714,21.80830700302076,0.29705055203976455,19.24678908543667,0.6127166163407334,23.3232571137941,0.7540874830996155,17.34422994355326,-0.042533847715451656,30.966531844044052,0.5413065582873765,30.870460336545456,-0.0011057228562606476,28.784534475386845,0.4006195256784994,29.954891254274212,0.6816477332615336
1305,3.2,true_threat,APF,1,1166,1304,3.1500000000000004,1,1,278.4529615115649,-201.47690404393748,281.6926654841976,-207.79382289935847,-207.2330076580252,0.6466495946581006,1.7125224451178762,1.6679545504870426,0,1,29.9585445543721,0.31131865235003886,0.634144127368927,0.0,0.004825842101126909,0.005895878188312054,32.48005,0.007938424603769114,0,0,4.457751219980167,12.039941046244255,4.51343519591374,latent_vehicle,,,4.51343519591374,,1.6,1273,ok,stale_plan,0,ok,0.4748543,0.0007095000182744116,0.45290819997899234,0.020899900002405047,0,0.001404399999998418,0.012011499999999842,0,251.16997764205718,20.60277232547088,23.78475444484735,3.7730959560625195,0,1,0,1,0,0,0,9,0.0,1,1,6.641670803909159,-1.2644556987268565,47,1,17.899962792127234,-0.18566140479435822,21.821851086219237,0.27088166391993374,19.2755347388709,0.574913068891486,23.36107021285687,0.7562620886549836,17.3423473925791,-0.037651019469058786,30.99329950397325,0.5353573322322356,30.869935843608403,-0.010489843625617945,28.8037777171101,0.3848648344663669,29.98920251761974,0.6862252885187006
1306,3.25,true_threat,APF,1,1221,1305,3.2,1,1,279.95149361354595,-201.46769532385002,283.0028461172529,-207.7040509874655,-207.12693187665343,0.6668910227050446,1.430858087006874,1.7491914487363724,1,1,29.97723735710565,0.373856054671009,0.6499375700950623,0.0,0.0043112533167004585,0.0052671898156404495,32.48005,0.007928527833309468,0,0,4.377188028174658,11.980426982223685,4.415187774926269,latent_vehicle,,,4.415187774926269,,1.65,1273,ok,stale_plan,0,ok,0.4748543,0.0007095000182744116,0.45290819997899234,0.020899900002405047,1,0.0018886000000009062,0.013268199999998842,0,252.06472259838043,21.206559471128656,24.200190121579368,3.782304676149977,0,1,0,1,0,0,0,9,0.0,1,1,6.507038380831611,-1.286299972057998,48,1,17.891379714187583,-0.17166156514536704,21.834050485608593,0.24398798742972502,19.302250977646306,0.534324777657845,23.398719290200546,0.7529816344814619,17.340708982146428,-0.03276820860933517,31.019559861560058,0.5252122449761842,30.868972661474352,-0.019263626351756782,28.82211115341032,0.366668726004612,30.023416502116284,0.6842797193126714
1307,3.3,true_threat,APF,1,1290,1306,3.25,1,1,281.45100286097374,-201.46019525489325,284.3154363687248,-207.6105551088065,-207.02031937242123,0.6837316150442803,1.1353191246378826,1.8268755093540654,0,1,29.998983637432698,0.4349256065409435,0.6653429865837097,0.0,0.0043112533167004585,0.0052671898156404495,32.48005,0.007917037691406802,0,0,4.291192218472418,11.91450043522157,4.310579758453592,latent_vehicle,,,4.310579758453592,,1.6999999999999997,1273,ok,stale_plan,1,ok,1.0998493,0.3293550999951549,0.7445538000029046,0.02557690002140589,0,0.0018886000000009062,0.01643539999999888,0,252.95904027740244,21.811751039534442,24.61846269402929,3.78980474510675,0,1,0,1,0,0,0,9,0.0,1,1,6.371288497559867,-1.3086524707823626,49,1,17.88351188746592,-0.1573565443920979,21.84487849863839,0.2165602604783068,19.326817636386142,0.4913331782006214,23.435948761356897,0.7445894906425296,17.33929945447242,-0.02819055348393203,31.04511647539716,0.5111381621174454,30.867601307984565,-0.0274270522399568,28.839414621842742,0.3460693686590148,30.05722231280006,0.6761162491338872
1308,3.35,true_threat,APF,1,1339,1307,3.3000000000000003,1,1,282.9517030434551,-201.45489204541326,285.6304973674632,-207.513609900747,-206.91362090708174,0.6969342017247584,0.8283897511757168,1.9001190726934847,1,1,30.02356922391932,0.491711729732458,0.6783961057662964,0.0,0.006480182986706495,0.007917037233710289,29.41438084916242,0.007904077392900779,1,0,4.199550219892927,11.84251238277029,4.199228777376712,latent_vehicle,,,4.199228777376712,,1.25,1283,ok,accepted,0,ok,1.0998493,0.3293550999951549,0.7445538000029046,0.02557690002140589,1,0.001978299999997546,0.011259299999998973,0,253.85302225787922,22.418469241539015,25.039541712290884,3.79510795458674,0,1,0,1,0,0,0,9,0.0,1,1,6.2340361093362455,-1.3314385858247437,50,1,17.876365039642344,-0.14293696544659995,21.854317959491787,0.1887892175751149,19.349143163669293,0.44651055107786963,23.472501133715348,0.7310474962070048,17.33811499371765,-0.023689215053254747,31.069780528409687,0.4932875335357078,30.865848485332684,-0.035056434803708285,28.855600383872975,0.3237152406160846,30.090335754901915,0.662268883341936
1309,3.4,true_threat,APF,1,1414,1308,3.35,1,1,284.45377732891285,-201.45196873840354,286.948273337365,-207.41345942061167,-206.80728778848132,0.7063221122656955,0.5127135673932007,1.9680301797657367,0,1,30.05088112859413,0.5462380934962141,0.6890383958816528,0.0,0.006480182986706495,0.007917037233710289,29.41438084916242,0.007889717191936539,1,0,4.10232304676731,11.764800656202288,4.081297415115777,latent_vehicle,1.9571592735085386,latent_vehicle,4.081297415115777,1.9571592735085386,1.2999999999999998,1283,ok,accepted,0,ok,1.0998493,0.3293550999951549,0.7445538000029046,0.02557690002140589,0,0.001978299999997546,0.030264100000000127,0,254.74666855022156,23.026897234654427,25.463671389850333,3.7980312615964635,0,1,0,1,0,0,0,9,0.0,1,1,6.095352330172061,-1.3546776371171159,51,1,17.869941078136602,-0.12847923764307415,21.862374590641167,0.1611326243281495,19.36915698583003,0.40027644965231424,23.50815324690272,0.7130422968052201,17.337142246610966,-0.019454942133617377,31.093384178714484,0.472079825662239,30.86375615550581,-0.041846577574719206,28.87057688679221,0.2995300583978962,30.122476448619445,0.6428139205079325
1310,3.45,true_threat,APF,1,1481,1309,3.4000000000000004,1,1,285.95734774080387,-201.45128796312738,288.2687949105251,-207.3104393513295,-206.70176900197043,0.7116904186412398,0.19094855997768925,2.029753692284762,1,1,30.080917106739843,0.6007195629142359,0.701772153377533,0.0,0.002738015027716756,0.0033451165072619915,32.48005,0.007873969848730638,0,0,3.9999837527612954,11.68152284335706,3.958241103210581,latent_vehicle,1.8168092853252817,latent_vehicle,3.958241103210581,1.8168092853252817,1.35,1283,ok,stale_plan,0,ok,1.0998493,0.3293550999951549,0.7445538000029046,0.02557690002140589,1,0.0015035000000018783,0.011149099999997247,0,255.63997914401864,23.637157052748364,25.890882369213386,3.7987120368726153,0,1,0,1,0,0,0,9,0.0,1,1,5.9561458999604575,-1.3788243562922284,52,1,17.864243816060355,-0.11394524843831122,21.869056021075135,0.1336286110614822,19.386811419586643,0.3530886826862789,23.542689570288427,0.6907264876546092,17.336371680292004,-0.015411326330371249,31.115774837182386,0.44782008030029996,30.861351018921262,-0.048102713654901014,28.884288817993852,0.27423862406447236,30.15339643887221,0.6183998549149547
1311,3.5,true_threat,APF,1,1541,1310,3.45,1,1,287.46241431556587,-201.452956531102,289.5922453277418,-207.20494635892837,-206.5975083418143,0.7129310095152164,-0.13417576145010385,2.0844951384279002,0,1,30.113511024881262,0.6518783628283842,0.7160595059394836,0.0,0.002738015027716756,0.0033451165072619915,32.48005,0.007856934699992081,0,0,3.8928221923855517,11.593000100534825,3.8309036462758512,latent_vehicle,1.6889075869224726,latent_vehicle,3.8309036462758512,1.6889075869224726,1.4,1283,ok,stale_plan,0,ok,1.0998493,0.3293550999951549,0.7445538000029046,0.02557690002140589,0,0.0015035000000018783,0.010084100000000262,0,256.53304559720493,24.24915717432407,26.321266333243784,3.7970434688980106,0,1,0,1,0,0,0,9,0.0,1,1,5.8170100866988665,-1.4040814497674876,53,1,17.859273254090887,-0.0994112450725624,21.874387048378992,0.10662054911889024,19.40207403949505,0.3052524063787032,23.575911737609367,0.6644433571265986,17.33578994078527,-0.011634790133665343,31.136815168202048,0.42081338474769264,30.85867503665116,-0.053519628905342426,28.896673234407782,0.24768832831172208,30.182859215434444,0.58925558245136
1312,3.55,true_threat,APF,1,1646,1311,3.5,1,1,288.9691906554118,-201.45691333429926,290.9186247243551,-207.09737717190083,-206.49494154260336,0.7100048163250108,-0.45991255071377646,2.1315384724163065,1,1,30.148818453214187,0.7061485666584844,0.7301068305969238,0.0,0.0017696303548291326,0.0021620113402605057,32.48005,0.007838543640815801,0,0,3.781296202160746,11.499246542746388,3.699962129973099,latent_vehicle,1.5762718487315357,latent_vehicle,3.699962129973099,1.5762718487315357,1.4499999999999997,1283,ok,stale_plan,0,ok,1.0998493,0.3293550999951549,0.7445538000029046,0.02557690002140589,1,0.001752999999997229,0.012485800000000324,0,257.4258984273568,24.863080684018144,26.754792899705194,3.7930866657007414,0,1,0,1,0,0,0,9,0.0,1,1,5.678513076153284,-1.4305910337155272,54,1,17.855025577283712,-0.08495354061985022,21.878405818127693,0.08037539897425187,19.4149429369726,0.25737795762135335,23.607640457787287,0.6345744078370721,17.335387492096082,-0.008048973753896743,31.156386904295445,0.39144111750093263,30.855768261675145,-0.058135485687557824,28.90770152640742,0.220565840051624,30.21065306322547,0.5558770063707018
1313,3.6,true_threat,APF,1,1714,1312,3.5500000000000003,1,1,290.477859897032,-201.46324986298353,292.2479942760632,-206.98814375670605,-206.39449341066424,0.7028837612365919,-0.7835663908934012,2.170258476835057,0,1,30.186856152401475,0.7607539837457722,0.7437378764152527,0.0,0.0017696303548291326,0.0021620113402605057,32.48005,0.007818802588469866,0,0,3.665726258281694,11.400444586622532,3.565888553788564,latent_vehicle,1.4753755025168633,latent_vehicle,3.565888553788564,1.4753755025168633,1.5,1283,ok,stale_plan,0,ok,1.0998493,0.3293550999951549,0.7445538000029046,0.02557690002140589,0,0.001752999999997229,0.012842400000000254,0,258.31853763447424,25.47911071852087,27.191523244295865,3.786750137016469,0,1,0,1,0,0,0,9,0.0,1,1,5.541115247476156,-1.458447730392157,55,1,17.85149697085297,-0.07057213186431062,21.8811657381411,0.05519840454636451,19.425427649549302,0.20969425976581557,23.637707883621378,0.6013485171241687,17.335145261677013,-0.004844608392701512,31.17437558881469,0.35977953592761075,30.852655489885354,-0.06225542629935075,28.91734317580437,0.19283298800075058,30.236596784693493,0.5188744773473554
1314,3.65,true_threat,APF,1,1815,1313,3.6,1,1,291.9884525007436,-201.47179826007414,293.5804151897967,-206.87774963253224,-206.29657495547022,0.6915688012358316,-1.1024917231140843,2.200127909334043,1,1,30.22768149274185,0.8165068068075243,0.7569020986557007,0.0,0.0009178852196782827,0.0011214083060622215,32.48005,0.007797697643955163,0,0,3.546783737017279,11.296835964443424,3.429567832054079,latent_vehicle,1.3871989283591803,latent_vehicle,3.429567832054079,1.3871989283591803,1.5499999999999998,1283,ok,stale_plan,0,ok,1.0998493,0.3293550999951549,0.7445538000029046,0.02557690002140589,1,0.0016737999999989484,0.012769099999999867,0,259.21105478169704,26.09718617500971,27.63142701080659,3.778201739925862,0,1,0,1,0,0,0,9,0.0,1,1,5.405713361832039,-1.4877509965992999,56,1,17.84868171189997,-0.056305181259699626,21.882712583250928,0.030936907131975208,19.433556787147673,0.1625827600934833,23.665969054488595,0.5652234158696974,17.335053710153147,-0.0018310304608885192,31.190703001769975,0.32655341709607855,30.84936914559779,-0.06572687768337272,28.925586739064684,0.16487126529794396,30.260520626323636,0.4784768763789081
1315,3.7,true_threat,APF,1,1894,1314,3.6500000000000004,1,1,293.50115154597773,-201.48248216916554,294.91604020439365,-206.76663725218256,-206.20158052105202,0.6761691114802204,-1.4140338124805858,2.2207198985257497,0,1,30.27123390868848,0.8710483189325657,0.7695642709732056,0.0,0.0009178852196782827,0.0011214083060622215,32.48005,0.007775276980755322,0,0,3.4249874475762,11.18873922473624,3.291658241041555,latent_vehicle,1.3087079098809775,latent_vehicle,3.291658241041555,1.3087079098809775,1.6,1283,ok,stale_plan,0,ok,1.0998493,0.3293550999951549,0.7445538000029046,0.02557690002140589,0,0.0016737999999989484,0.01047789999999793,0,260.1034193306273,26.717520671313594,28.074687476473287,3.767517830834464,0,1,0,1,0,0,0,9,0.0,1,1,5.273049669058655,-1.5185748342197591,57,1,17.846577892437985,-0.04207639039041561,21.883111204480873,0.007972429691357759,19.439379939933108,0.11646306326282835,23.69230571498643,0.5267332078965438,17.33509567426221,0.0008392821777803654,31.205287107510802,0.2916865037706321,30.845945466259728,-0.06847358228531376,28.932437937719513,0.13702397319536685,30.282281537397054,0.435218259794789
1316,3.75,true_threat,APF,1,2002,1315,3.7,1,1,295.01610952691914,-201.4950268800167,296.25483895323384,-206.65524913092486,-206.10988491740838,0.6567523347741826,-1.7156588341245382,2.2317136582227377,1,1,30.317505674648363,0.9254353191976605,0.7817419171333313,0.0,0.0001731571537675336,0.00021155137801542878,32.48005,0.007751562178757243,0,0,3.3010546154673364,11.0764886666756,3.153042475698633,latent_vehicle,1.2403787548200143,latent_vehicle,3.153042475698633,1.2403787548200143,1.65,1283,ok,stale_plan,0,ok,1.0998493,0.3293550999951549,0.7445538000029046,0.02557690002140589,1,0.0014382999999966728,0.015446499999999475,0,260.99569232682853,27.34020565605374,28.52121322911222,3.7549731199833047,0,1,0,1,0,0,0,9,0.0,1,1,5.144126051931102,-1.551037730290409,58,1,17.845172163194263,-0.02811458480792074,21.882430266517552,-0.01361875413443054,19.442963865947902,0.07167852762546245,23.71660723736184,0.48603044548130026,17.3352539864854,0.0031662444167277746,31.218084015673135,0.25594174049370005,30.842418785251194,-0.07053361820457951,28.937912030551406,0.10948185674373422,30.301755540606887,0.38948009629734753
1317,3.8,true_threat,APF,1,2080,1316,3.75,1,1,296.5333874526936,-201.50935607786516,297.5967811165458,-206.54416511312056,-206.0218405519168,0.6334085790080621,-2.0049009703517227,2.232893540270118,0,1,30.36641275999058,0.9781417068443687,0.7934584021568298,0.0,0.0001731571537675336,0.00021155137801542878,32.48005,0.007726614488839495,0,0,3.175641399814566,10.960485928875283,3.0144891085946104,latent_vehicle,1.179882566604034,latent_vehicle,3.0144891085946104,1.179882566604034,1.6999999999999997,1283,ok,stale_plan,0,ok,1.0998493,0.3293550999951549,0.7445538000029046,0.02557690002140589,0,0.0014382999999966728,0.014155700000003435,0,261.88793480545337,27.96524110320337,28.97091291379934,3.7406439221348364,0,1,0,1,0,0,0,9,0.0,1,1,5.019907817608346,-1.5852035058720166,59,1,17.84444926538845,-0.014457954975861616,21.880742248664326,-0.033760351977348745,19.4443810381484,0.028343448589973945,23.738782068198706,0.443496615060116,17.335519110263554,0.0053024755936666584,31.22905174573085,0.21935738495117754,30.83881961891184,-0.07198332658073603,28.94202999893309,0.08235936777788055,30.31885489816717,0.34198717681491597
1318,3.85,true_threat,APF,1,2209,1317,3.8000000000000003,1,1,298.0532293598041,-201.52516450366124,298.9418973524514,-206.43379717563954,-205.93777456074423,0.6063905523763253,-2.2792481543579823,2.224147841151379,1,1,30.41790606732942,1.0298661467767545,0.8047517538070679,0.0,-0.00046847856719978154,-0.0005723545327782631,32.48005,0.00770047748758802,0,0,3.0494650365374696,10.84109198213619,2.876845095316288,latent_vehicle,1.1275684767448675,latent_vehicle,2.876845095316288,1.1275684767448675,1.75,1283,ok,stale_plan,0,ok,1.0998493,0.3293550999951549,0.7445538000029046,0.02557690002140589,1,0.0014697999999988554,0.012632500000002267,0,262.780116254131,28.592901561636268,29.42384770102734,3.7248354963387555,0,1,0,1,0,0,0,9,0.0,1,1,4.90148853079837,-1.621158867728321,60,1,17.844397754968927,-0.001030206355002673,21.878127259669892,-0.052299774938009934,19.443728731596387,-0.01304612881094702,23.758769171603827,0.39974206681312846,17.33587197274648,0.007057249634513103,31.238165483491063,0.1822767946520313,30.835186114357256,-0.07267009147324009,28.944833803994367,0.056076101376025735,30.33349759425182,0.2928539409954607
1319,3.9,true_threat,APF,1,2310,1318,3.85,1,1,299.57566570336235,-201.54226904153606,300.2901573307682,-206.32469464526696,-205.85798594025772,0.5758112353818206,-2.5,2.2054695178947545,0,1,30.471905271374034,1.0799840808923022,0.8156710863113403,0.0,-0.00046847856719978154,-0.0005723545327782631,32.48005,0.007673210739501532,0,0,2.9232579682900734,10.718705669513335,2.7409148104584804,latent_vehicle,1.0815884370783375,latent_vehicle,2.7409148104584804,1.0815884370783375,1.7999999999999998,1283,ok,stale_plan,0,ok,1.0998493,0.3293550999951549,0.7445538000029046,0.02557690002140589,0,0.0014697999999988554,0.009430399999999395,0,263.6722977028085,29.22315645651696,29.87992623066657,3.707730958463941,0,1,0,1,0,0,0,9,0.0,1,1,4.789985065820425,-1.6589129141292367,61,1,17.845002372346077,0.012092350447611611,21.87466922294292,-0.06916072978735929,19.44110612802468,-0.05245207118698999,23.776515141284573,0.35491939265628486,17.336297312973187,0.008506804496299305,31.245413771469963,0.1449671507616906,30.831546882701325,-0.07278463271549646,28.946361593226356,0.03055578483073956,30.345630223210527,0.24265259271482534
1320,3.95,true_threat,APF,1,2377,1319,3.9000000000000004,1,1,301.1009405406929,-201.5604254675926,301.64146961849116,-206.2172085053631,-205.78274267843506,0.5419519668319026,-2.5,2.177273047647761,1,1,30.52836063081284,1.1291071887761461,0.8262365460395813,0.0,-0.0010090174619108438,-0.0012327473377808928,32.48005,0.007644858320955868,0,0,2.7976154023296544,10.593680574835414,2.607253367650312,latent_vehicle,1.0414604029135475,latent_vehicle,2.607253367650312,1.0414604029135475,1.85,1283,ok,stale_plan,0,ok,1.0998493,0.3293550999951549,0.7445538000029046,0.02557690002140589,1,0.0017828000000008615,0.01347149999999786,0,264.5645706990098,29.856158297646232,30.33896552218829,3.6895745324073914,0,1,0,1,0,0,0,9,0.0,1,1,4.686448547722144,-1.698514527934523,62,1,17.84624785983587,0.024909753138394202,21.870452061036584,-0.08434323333093227,19.436629575099413,-0.08953105931690647,23.791987552270907,0.3094482191232462,17.33678369011965,0.009727542784888066,31.250809947062013,0.10792435921074604,30.827928626358077,-0.07236512447781916,28.946674401261056,0.006256160891389156,30.355218452781784,0.1917646000625373
1321,4.0,true_threat,APF,1,2430,1320,3.95,1,1,302.62914535685474,-201.57943538635226,302.9957427878205,-206.1117049980765,-205.71227888627547,0.5049296190876191,-2.5,2.141531892070242,0,1,30.58718544395931,1.1764962629293763,0.8364713788032532,0.0,-0.0010090174619108438,-0.0012327473377808928,32.48005,0.007615482782370173,0,0,2.6731019762834194,10.466406100076567,2.476305719650581,latent_vehicle,1.0059703702249778,latent_vehicle,2.476305719650581,1.0059703702249778,1.9,1283,ok,stale_plan,0,ok,1.0998493,0.3293550999951549,0.7445538000029046,0.02557690002140589,0,0.0017828000000008615,0.010822599999997351,0,265.45693524794,30.49199856487786,30.800874142587418,3.6705646136477412,0,1,0,1,0,0,0,9,0.0,1,1,4.591897811537836,-1.7399284239272867,63,1,17.848117051317566,0.037383833227139535,21.865576864354022,-0.09750392913500713,19.430421143737952,-0.12416862749902015,23.805171144887197,0.26367185179555025,17.337312028745057,0.0105667725525099,31.25436544817233,0.07111046059185386,30.824361863361244,-0.07133525454745333,28.945833263281028,-0.016822759395006583,30.36225083914293,0.1406477318215775
1322,4.05,true_threat,APF,1,2474,1321,4.0,1,1,304.1602495561907,-201.59906992640322,304.3529769636857,-206.00855033432336,-205.64679192921034,0.4649130688661671,-2.5,2.0984044771814374,1,1,30.64832674787308,1.2228260782754319,0.8463176488876343,0.0,-0.0014493573689833283,-0.0017707240767776966,32.48005,0.007585129527948699,0,0,2.550312772479316,10.337213068812467,2.3486003932848223,latent_vehicle,0.9753606101614172,latent_vehicle,2.3486003932848223,0.9753606101614172,1.9499999999999997,1283,ok,stale_plan,1,ok,0.7419318,0.3408149000024423,0.3454296999843791,0.05525010000565089,1,0.0013676999999994166,0.014554199999999184,0,266.34939134959933,31.13064666255451,31.265652216793285,3.6509300735967827,0,1,0,1,0,0,0,9,0.0,1,1,4.507353513855877,-1.7830369609115657,64,1,17.85056417045574,0.04894238642362665,21.86011801938128,-0.1091768951457843,19.42261053189389,-0.15621223473372564,23.816065918375052,0.2178954691053772,17.33787469844007,0.011253393891596623,31.256120325332937,0.03509770716051091,30.82085422360941,-0.07015278589782831,28.943903029641493,-0.03860467254112065,30.36672356718592,0.08945456275410198
1323,4.1,true_threat,APF,1,2509,1322,4.05,1,1,305.69446667844903,-201.6190848742592,305.7130501955051,-205.9080955078748,-205.58643955851383,0.4221107758095286,-2.5,2.048489825207781,0,1,30.711702730221734,1.2675196469730565,0.8555677533149719,0.0,-0.0014493573689833283,-0.0017707240767776966,32.48005,0.007553858013144162,0,0,2.4298429981747915,10.206466085891597,2.2284221410692444,latent_vehicle,0.9486369606883569,latent_vehicle,2.2284221410692444,0.9486369606883569,1.9999999999999996,1283,ok,stale_plan,0,ok,0.7419318,0.3408149000024423,0.3454296999843791,0.05525010000565089,0,0.0013676999999994166,0.010072600000000875,0,267.2419695267695,31.772285607642687,31.733147271442533,3.630915125740813,0,1,0,1,0,0,0,9,0.0,1,1,4.433867815660383,-1.8277346483714974,65,1,17.85350720128468,0.058860620139107075,21.85418043406875,-0.11875170336573082,19.413335071927435,-0.185509193429405,23.82468522506833,0.172386133365114,17.338454535962107,0.01159675034913781,31.256118449222424,-3.750010727276161e-05,30.817424781132015,-0.0685888361961848,28.94097143783483,-0.05863183588119183,30.368670968783142,0.038948032314928716
1324,4.15,true_threat,APF,1,2519,1323,4.1000000000000005,1,1,307.2311863721027,-201.63948043813576,307.0758404858489,-205.81055418340839,-205.53133704271355,0.37675846516125944,-2.5,1.9925592151384086,1,1,30.743088292747245,0.6277112505102167,0.0,0.75,0.0,,27.296638841972367,0.007538443031022187,0,1,2.3119061098317957,10.113218732842645,2.120286920900535,latent_vehicle,0.9235160815586553,latent_vehicle,2.120286920900535,0.9235160815586553,0.9500000000000002,1305,ok,accepted,0,ok,0.7419318,0.3408149000024423,0.3454296999843791,0.05525010000565089,1,0.0017630000000004031,0.015498399999998469,0,268.1347613217686,32.4162135062972,32.2031457667872,3.610519561864237,0,1,0,1,0,0,0,9,0.0,1,1,4.371720267492009,-1.8735941600441295,66,1,17.856894644570335,0.06774886939540094,21.847836587935845,-0.1268769212754053,19.40273400500621,-0.21202132963039164,23.831067211183885,0.1276397218149553,17.33904200124614,0.011749305591785799,31.25441704310456,-0.03402812462373708,30.814090702674456,-0.06668155141797434,28.93710333774642,-0.07736200151126177,30.368121654344456,-0.01098628900033154
1325,4.2,true_threat,APF,1,2524,1324,4.15,1,1,308.7662276667272,-201.66007493885138,308.4411953405323,-205.71620107116513,-205.4815542990013,0.3289998844070965,-2.5,1.931421966737086,0,1,30.66860726546543,-1.4896205456363276,0.0,0.75,0.0,,27.296638841972367,0.007575101449239119,0,1,2.1969584968729237,10.140767993354135,2.015530952835694,latent_vehicle,0.9017325331589395,latent_vehicle,2.015530952835694,0.9017325331589395,1.0,1305,ok,accepted,0,ok,0.7419318,0.3408149000024423,0.3454296999843791,0.05525010000565089,0,0.0017630000000004031,0.011278199999999572,0,269.0277362222258,33.05827990046453,32.6755257210134,3.5899250611486195,0,1,0,1,0,0,0,9,0.0,1,1,4.3200958172037875,-1.9194344089597628,67,1,17.860697891098734,0.07606493380991912,21.841191384318577,-0.13290407214887157,19.390952288424934,-0.2356343200625518,23.835259560436125,0.0838469846057912,17.339625652020896,0.011673015365080029,31.251086685912618,-0.0666070706446995,30.810867247552103,-0.0644690803595065,28.932384560579308,-0.09437554304041687,30.365127122064976,-0.05989064548276318
1326,4.25,true_threat,APF,1,2525,1325,4.2,1,1,310.29382266231175,-201.68064146222042,309.8089317113565,-205.62520408027962,-205.4371130246436,0.2790880465215366,-2.5,1.8658541436310945,1,1,30.48530832600989,-3.6659787891107953,0.0,0.75,0.0,,27.390487924531186,0.007666465337882819,0,1,2.085394982618368,10.297208355749522,1.9139109122096791,latent_vehicle,0.8826718204195731,latent_vehicle,1.9139109122096791,0.8826718204195731,1.0499999999999998,1305,ok,accepted,0,ok,0.7419318,0.3408149000024423,0.3454296999843791,0.05525010000565089,1,0.0014228999999978953,0.010248600000000607,0,269.92092474571757,33.69268637255732,33.15007356834582,3.5693585377795785,0,1,0,1,0,0,0,9,0.0,1,1,4.276809037743292,-1.9638037077326838,68,1,17.864899774695054,0.084037674677674,21.83431921087077,-0.13744346990463882,19.37813488462206,-0.2563480648318708,23.837306141850885,0.04093162796554299,17.340194045533128,0.01136787030890798,31.246203681367813,-0.09765986630082246,30.807763955300977,-0.06206582045147598,28.926902843848957,-0.10963433430422317,30.35975985097168,-0.10734542067375173
1327,4.3,true_threat,APF,1,2524,1326,4.25,1,1,311.8105228467019,-201.70110489071988,311.17892758527535,-205.53773109906493,-205.39798382839263,0.22722025188699035,-2.5,1.7965624446107282,0,1,30.25907012895444,-4.524763941108958,0.0,0.75,0.0,,27.390487924531186,0.007781529119267401,0,1,1.9774585729042258,10.514505910990422,1.8156627040372366,latent_vehicle,0.8659167335455413,latent_vehicle,1.8156627040372366,0.8659167335455413,1.0999999999999996,1305,ok,accepted,0,ok,0.7419318,0.3408149000024423,0.3454296999843791,0.05525010000565089,0,0.0014228999999978953,0.00857159999999979,0,270.8143268922437,34.31598441042132,33.62666729573857,3.5488951092801244,0,1,0,1,0,0,0,9,0.0,1,1,4.239535143872635,-2.0057842338835234,69,1,17.86948503652341,0.09170523880032774,21.827305899203292,-0.14026623480037673,19.36442865869764,-0.27412450833201596,23.837288971433285,-0.0003434085255822736,17.34073954907357,0.010910070802535624,31.239851963285332,-0.12703393392073295,30.80479417821332,-0.05939551588320153,28.92075355497651,-0.12298577714653654,30.352103764166426,-0.15312173326332143
1328,4.35,true_threat,APF,1,2509,1327,4.3,1,1,313.315290585864,-201.72135876679894,312.55093888414274,-205.4539653162653,-205.36408336189655,0.17364773716838044,-2.5,1.7241688191250994,1,1,30.015433820698988,-4.872726165109071,0.0,0.75,0.0,,27.471326582640565,0.007908362447763339,0,1,1.8734389140255416,10.767548640095434,1.7210955431438053,latent_vehicle,0.8512924021034706,latent_vehicle,1.7210955431438053,0.8512924021034706,1.1499999999999995,1305,ok,accepted,0,ok,0.7419318,0.3408149000024423,0.3454296999843791,0.05525010000565089,1,0.0019689999999989993,0.01578630000000203,0,271.7079731845861,34.92710585724103,34.10503230226357,3.528641233201057,0,1,0,1,0,0,0,9,0.0,1,1,4.206679956655691,-2.0450414932338528,70,1,17.8744307883772,0.09891503876997225,21.82022965073422,-0.14152496997426597,19.349982385839017,-0.28892544990935515,23.83529197267672,-0.03993997510967232,17.341252629312393,0.010261604693301072,31.23211737383796,-0.15469113030133944,30.80196363901041,-0.05661075828492037,28.91401680261402,-0.13473504694924363,30.3422427847488,-0.19721958348041468
1329,4.4,true_threat,APF,1,2494,1328,4.3500000000000005,1,1,314.80751552827115,-201.7414032986732,313.9249045936275,-205.37396778785507,-205.3352714511105,0.11869386515482461,-2.5,1.6492070186716992,0,1,29.76175565475433,-5.073563318893122,0.0,0.75,0.0,,27.471326582640565,0.008043747113576322,0,1,1.7733968537410476,11.051121122130304,1.6302804526789691,latent_vehicle,0.8386463835664806,latent_vehicle,1.6302804526789691,0.8386463835664806,1.2000000000000002,1305,ok,accepted,0,ok,0.7419318,0.3408149000024423,0.3454296999843791,0.05525010000565089,0,0.0019689999999989993,0.01191350000000213,0,272.60183309475747,35.52547088947682,34.585138101576945,3.508596701326809,0,1,0,1,0,0,0,9,0.0,1,1,4.176515632564594,-2.0813555065017013,71,1,17.879725585295965,0.10589593993271586,21.813168663862132,-0.14121973565782345,19.334939116954022,-0.30086537324573126,23.83140669835729,-0.07770548615463387,17.341727560955356,0.00949863277811782,31.223093383617776,-0.1804789046144415,30.79928568987278,-0.05355895859670626,28.90678795474061,-0.14457695712471086,30.33028372399078,-0.23918120805024934
1330,4.45,true_threat,APF,1,2479,1329,4.4,1,1,316.28704507563083,-201.7612080208202,315.30048906723835,-205.29787595744628,-205.31134822770707,0.06261956014799352,-2.5,1.572129381965403,1,1,29.502426049203876,-5.186592111009105,0.0,0.75,0.0,,27.416946242467525,0.00818577319567844,0,1,1.6775003011852618,11.362934814709554,1.5434016782190327,latent_vehicle,0.8279908602752206,latent_vehicle,1.5434016782190327,0.8279908602752206,1.25,1305,ok,accepted,0,ok,0.7419318,0.3408149000024423,0.3454296999843791,0.05525010000565089,1,0.002814499999999498,0.017090699999997128,0,273.49596766311595,36.110865868478015,35.066588006829306,3.4887919791798083,0,1,0,1,0,0,0,9,0.0,1,1,4.147821076041818,-2.114680094154006,72,1,17.88534654004159,0.11241909586890439,21.806199230567653,-0.13938866113978807,19.319445719147776,-0.30986795456526534,23.825732331208172,-0.11348734258670931,17.34215480908142,0.008544962401018872,31.21288109654415,-0.20424462095016546,30.79676796133512,-0.05035454988387731,28.899154748790647,-0.15266411866646096,30.316339115222526,-0.2788921659518072
1331,4.5,true_threat,APF,1,2467,1330,4.45,1,1,317.753635097743,-201.7808035341025,316.67757025549145,-205.22575090183483,-205.29205126048706,0.0058246969592232745,-2.5,1.4933135184663804,0,1,29.240062265858498,-5.247275666907569,0.0,0.75,0.0,,27.416946242467525,0.00833332326467431,0,1,1.5857797322915133,11.702583391495901,1.4604991360100872,latent_vehicle,0.8193580867840714,latent_vehicle,1.4604991360100872,0.8193580867840714,1.2999999999999998,1305,ok,accepted,0,ok,0.7419318,0.3408149000024423,0.3454296999843791,0.05525010000565089,0,0.002814499999999498,0.011624300000001142,0,274.39040740723794,36.68301614646816,35.54922945096041,3.469196465897511,0,1,0,1,0,0,0,9,0.0,1,1,4.119217728939307,-2.14494530689285,73,1,17.891278393727127,0.11863707413527606,21.799378571385198,-0.13641317580156817,19.303645241894824,-0.31600954496516787,23.818373774574468,-0.1471711320642917,17.342532467695438,0.007553172341224987,31.201572075521927,-0.22617910663608692,30.794404731540336,-0.04726458137141129,28.89121064491921,-0.15888207710012767,30.300532935564394,-0.3161235816841094
1332,4.55,true_threat,APF,1,2455,1331,4.5,1,1,319.20871991549063,-201.80017409042534,318.0559040438028,-205.15766899824774,-205.2770526867901,-0.05130178495528526,-2.5,1.4130723148024242,1,1,29.026048166178352,-4.280281993602912,0.0,0.75,0.0,,27.58914627130231,0.008456656540033207,0,1,1.498327272381573,11.987640230813566,1.3816927938579842,latent_vehicle,0.8129202146877235,latent_vehicle,1.3816927938579842,0.8129202146877235,1.3499999999999996,1305,ok,stale_plan,0,ok,0.7419318,0.3408149000024423,0.3454296999843791,0.05525010000565089,1,0.0015778000000032932,0.011485300000000365,0,275.28515232712346,37.24335604433031,36.03281831938625,3.449825909574656,0,1,0,1,0,0,0,9,0.0,1,1,4.09052539816047,-2.1724505934534384,74,1,17.897498258101315,0.12439728743152349,21.792771534977877,-0.13214071813433506,19.28766738647362,-0.31955710937534176,23.80945691416985,-0.17833720736189623,17.342852904036516,0.006408726814740886,31.18926360489912,-0.2461679465017854,30.79219409345827,-0.04421274883379605,28.883033844404565,-0.1635360099714977,30.28298916278649,-0.3508754419879461
1333,4.6,true_threat,APF,1,2426,1332,4.55,1,1,320.65321505095886,-201.81930411867728,319.43533785470163,-205.09366081631526,-205.26595634390546,-0.1082873456577147,-2.5,1.331664191972645,0,1,28.813368476559177,-4.253593792383512,0.0,0.75,0.0,,27.58914627130231,0.008581953166953279,0,1,1.4151890621971575,12.289115160084496,1.3070456786406648,latent_vehicle,0.8088803626474593,latent_vehicle,1.3070456786406648,0.8088803626474593,1.3999999999999995,1305,ok,stale_plan,1,ok,0.5356216,0.0007400999893434346,0.4940888000128325,0.04044620000058785,0,0.0015778000000032932,0.012436900000000861,0,276.18017191040155,37.79283159652044,36.517232547006984,3.4306958813227197,0,1,0,1,0,0,0,9,0.0,1,1,4.061419984966638,-2.197375751316733,75,1,17.903992781651173,0.12989047052637587,21.786431526493672,-0.12680015868718533,19.27164948071469,-0.320358116063901,23.799092376270515,-0.20729075716897555,17.34311039804958,0.005149880225710977,31.176049154474278,-0.2642874469462256,30.7901246041072,-0.041389778981391234,28.874719712635414,-0.1662826352529154,30.26384321840285,-0.3829188722627963
1334,4.65,true_threat,APF,1,2402,1333,4.6000000000000005,1,1,322.0835194301385,-201.83819484733004,320.8156275683986,-205.03378747447636,-205.2582949004825,-0.16463408416723269,-2.5,1.2493003758123635,1,1,28.463897380151767,-6.9894219281481895,0.0,0.75,0.0,,27.62469805938736,0.00879396926163666,0,1,1.336424991705485,12.869584337229474,1.2365797565508048,latent_vehicle,0.8074915863026374,latent_vehicle,1.2365797565508048,0.8074915863026374,0.6500000000000004,1321,ok,accepted,0,ok,0.5356216,0.0007400999893434346,0.4940888000128325,0.04044620000058785,1,0.0014390999999989162,0.0103320999999994,0,277.0755882169667,38.32771966913492,37.00210595413881,3.411805152669956,0,1,0,1,0,0,0,9,0.0,1,1,4.029047691241026,-2.2190314142876812,76,1,17.910744797346823,0.13504031343300935,21.780410045202657,-0.12042961424402508,19.25571168637092,-0.31875588703652785,23.787411768054987,-0.23361216345717165,17.343306856982338,0.003929178587003193,31.16202028269808,-0.28057582803525527,30.78820198493265,-0.03845237859758131,28.86634263524022,-0.16754154803217294,30.243232430983635,-0.41221573164479464
1335,4.7,true_threat,APF,1,2380,1334,4.65,1,1,323.49520797843195,-201.85677149200552,322.1965595670647,-204.9780643043946,-205.25352698794154,-0.2197395134651856,-2.5,1.1661537165280014,0,1,28.105607381154396,-7.165799979947423,0.0,0.75,0.0,,27.62469805938736,0.009019597158756514,0,1,1.2621251769482456,13.535435320642867,1.1703376444338607,latent_vehicle,0.8092043038842244,latent_vehicle,1.1703376444338607,0.8092043038842244,0.7000000000000002,1321,ok,accepted,0,ok,0.5356216,0.0007400999893434346,0.4940888000128325,0.04044620000058785,0,0.0014390999999989162,0.01186100000000323,0,277.9713707344481,38.84362569994698,37.487255435323505,3.393228507994479,0,1,0,1,0,0,0,9,0.0,1,1,3.9899329608047185,-2.2365756833579455,77,1,17.917739047301346,0.13988499824171405,21.77475667963105,-0.1130673015851682,19.23997988893712,-0.3146359477843615,23.774550511413647,-0.2572251319956928,17.343444188043872,0.0027466211341736304,31.147276177870722,-0.2948805022716471,30.786414792486553,-0.03574384685926857,28.857984629095824,-0.1671601231142435,30.22129985182987,-0.438651565061456
1336,4.75,true_threat,APF,1,2353,1335,4.7,1,1,324.88971503754374,-201.87507933976173,323.57792025369235,-204.92656767288634,-205.25103433188445,-0.2729700274898619,-2.5,1.0823672691627377,1,1,27.769787335558334,-6.716400911921241,0.0,0.75,0.0,,27.644429560210263,0.00923905183159577,0,1,1.1923206976837832,14.23017729915955,1.1083738436646688,latent_vehicle,0.8145772475695053,latent_vehicle,1.1083738436646688,0.8145772475695053,0.75,1321,ok,accepted,0,ok,0.5356216,0.0007400999893434346,0.4940888000128325,0.04044620000058785,1,0.001411499999999677,0.014318799999998078,0,278.867458427693,39.34204506581386,37.972528428706255,3.374920660238274,0,1,0,1,0,0,0,9,0.0,1,1,3.9442485197510786,-2.2503039985924036,78,1,17.92495645877723,0.144348228031752,21.769515299214515,-0.10482760035800574,19.224562806736532,-0.30834164190929436,23.760638306120093,-0.2782441051058421,17.34351857803747,0.001487799633125993,31.13190267461756,-0.3074685366203357,30.784753489411795,-0.033226060840732326,28.84972008244902,-0.16529093303424175,30.198186624544885,-0.46226452673730606
1337,4.8,true_threat,APF,1,2336,1336,4.75,1,1,326.26798664713533,-201.8931028090763,324.9594959948364,-204.87926713525064,-205.25011888350534,-0.3235512106190015,-2.363118445662975,0.9980568631028198,0,1,27.44822163296944,-6.431314051777903,0.0,0.75,0.0,,27.644429560210263,0.00945678462757637,0,1,1.126996690733506,14.972255883712986,1.0506910952675856,latent_vehicle,0.8242910978840726,latent_vehicle,1.0506910952675856,0.8242910978840726,0.7999999999999998,1321,ok,accepted,0,ok,0.5356216,0.0007400999893434346,0.4940888000128325,0.04044620000058785,0,0.001411499999999677,0.011425700000000205,0,279.7639428494304,39.82383225366806,38.457619748112904,3.3568971909236893,0,1,0,1,0,0,0,9,0.0,1,1,3.8920805629085167,-2.260386982645732,79,1,17.93238177191699,0.1485062611092191,21.76471069893315,-0.09609199994765649,19.209565344398698,-0.29994924325666883,23.745810573560618,-0.29655465043482016,17.343531932635546,0.0002670919974322101,31.11598751248285,-0.31830182021570036,30.783216169112357,-0.030746406221208035,28.841617659424486,-0.16204846034698886,30.174049151565377,-0.48274943996010333
1338,4.8500000000000005,true_threat,APF,1,2328,1337,4.800000000000001,1,1,327.6306331691446,-201.91087220931013,326.3410426082429,-204.83604070446836,-205.25,-0.37073286474935685,-1.940551095316557,0.9133137797317064,1,1,27.13587825305363,-6.246867598316186,0.0,0.75,0.0,,27.64867469725492,0.009675725776820602,0,1,1.0660008597174055,15.779086755304128,0.996849256149853,latent_vehicle,0.8355511593640883,latent_vehicle,0.996849256149853,0.8355511593640883,0.8500000000000005,1321,ok,accepted,0,ok,0.5356216,0.0007400999893434346,0.4940888000128325,0.04044620000058785,1,0.00180599999999842,0.013146200000001329,0,280.66076296971306,40.289658655394646,38.94234624123675,3.339127790689872,0,1,0,1,0,0,0,9,0.0,1,1,3.833418664769546,-2.2669245057478324,80,1,17.939994005869824,0.15224467719795962,21.760379117314617,-0.08663162923688898,19.19508477539153,-0.28961137538020904,23.730204643936037,-0.31211859198876185,17.34348425040333,-0.0009536446544770661,31.099603173400038,-0.3276855115068713,30.78179710782076,-0.028381225683689202,28.833746024928015,-0.15743268994826817,30.14902285450122,-0.5005259212353311
1339,4.9,true_threat,APF,1,2325,1338,4.8500000000000005,1,1,328.9779292617585,-201.92838744676618,327.72252955551403,-204.79682735579752,-205.25,-0.41395929553164024,-1.8304518708711575,0.8329357969143584,0,1,26.82967844080044,-6.1239962450638075,0.0,0.75,0.0,,27.64867469725492,0.009897824545733255,0,1,1.0092722735905113,16.66837210199292,0.946641062237701,latent_vehicle,0.8511398702093269,latent_vehicle,0.946641062237701,0.8511398702093269,0.9000000000000004,1321,ok,accepted,0,ok,0.5356216,0.0007400999893434346,0.4940888000128325,0.04044620000058785,0,0.00180599999999842,0.009282400000000024,0,281.5580103308592,40.73970738686245,39.42658582736175,3.3216125532338197,0,1,0,1,0,0,0,9,0.0,1,1,3.7681374612026355,-2.2698574927849897,81,1,17.947775993622884,0.15563975336946864,21.756533906610876,-0.07690421262376365,19.181210745054116,-0.2774806006879758,23.713955937996808,-0.3249741183332652,17.343375533371542,-0.0021743406723448446,31.0828297647225,-0.33546707515435253,30.780486769102946,-0.02620677312940629,28.82616621299746,-0.15159623760037588,30.123233617932435,-0.5157847113593116
1340,4.95,true_threat,APF,1,2326,1339,4.9,1,1,330.3100580408461,-201.94567897655608,329.10368213681943,-204.7615051126298,-205.25,-0.45317264420248193,-1.718475039539118,0.753298291209518,1,1,26.527720359702823,-6.039161621952331,0.0,0.75,0.0,,27.638392118261294,0.010124420342341305,0,1,0.9566585006328978,17.659687027137807,0.8999483003423123,latent_vehicle,0.8710691076859094,latent_vehicle,0.8999483003423123,0.8710691076859094,0.9500000000000002,1321,ok,accepted,0,ok,0.5356216,0.0007400999893434346,0.4940888000128325,0.04044620000058785,1,0.0014202999999994859,0.013618599999997372,0,282.45562390292156,41.17422259388769,39.91012483660478,3.3043210234439186,0,1,0,1,0,0,0,9,0.0,1,1,3.6962976223638098,-2.2691315892322663,82,1,17.955718199378246,0.15884411291275796,21.753194139489032,-0.06679534231312083,19.168021453462554,-0.26378582483954266,23.6971960634524,-0.3351974906202397,17.34320768861057,-0.0033568952862327835,31.06573022724567,-0.341989832845741,30.779275616214296,-0.024223054877388458,28.81892972364901,-0.14472978558879054,30.096816863880466,-0.5283350609495832
1341,5.0,true_threat,APF,1,2334,1340,4.95,1,1,331.6272941541836,-201.96271618740656,330.4842867030977,-204.7299977538997,-205.25,-0.4884948873701944,-1.6065404593719907,0.6754136385976862,0,1,26.228846081009873,-5.977485573858985,0.0,0.75,0.0,,27.638392118261294,0.010356451419337038,0,1,0.908113931052327,18.77583289631278,0.8567535313872614,latent_vehicle,0.9000080826113344,latent_vehicle,0.8567535313872614,0.9000080826113344,1.0,1321,ok,accepted,1,ok,0.3813433,0.0006892000092193484,0.3529067999916151,0.027407800022047013,0,0.0014202999999994859,0.010446000000001732,0,283.3536342034764,41.59344840667029,40.392719102328215,3.2872838125934436,0,1,0,1,0,0,0,9,0.0,1,1,3.6182145128891605,-2.2646358225824206,83,1,17.96380536475958,0.16174330551642027,21.750376984015215,-0.056343109666084364,19.155587474270135,-0.2486795755013589,23.680062349436874,-0.3426742802168878,17.342982624867105,-0.004501275058046031,31.04836368872665,-0.34733004729258,30.778156018942084,-0.022391940663938813,28.81209186951093,-0.13675708096959704,30.069923272458627,-0.5378718087025484
1342,5.05,true_threat,APF,1,2351,1341,5.0,1,1,332.92966812975817,-201.97952958648315,331.86419061961874,-204.70216800256762,-205.25,-0.5200022461002902,-1.495871673752235,0.5999277093733348,1,1,25.932344025048117,-5.930041119235128,0.0,0.75,0.0,,27.61450880918649,0.010594612334538775,0,1,0.8634707806436381,20.044650424681315,0.8169080040821506,latent_vehicle,0.9405339115127901,latent_vehicle,0.8169080040821506,0.9405339115127901,0.5499999999999998,1331,ok,accepted,0,ok,0.3813433,0.0006892000092193484,0.3529067999916151,0.027407800022047013,1,0.001820800000000844,0.011362999999999346,0,284.2520717501002,41.99738483562112,40.87418547222546,3.270470413516847,0,1,0,1,0,0,0,9,0.0,1,1,3.534067719099487,-2.256167154191484,84,1,17.972016507783874,0.16422285799518574,21.74807862387089,-0.04596720310041826,19.14397174496315,-0.23231457818996187,23.662688309886473,-0.34748079098842644,17.342702247720958,-0.005607542883369989,31.030798810653458,-0.35129701793381296,30.777112718527594,-0.02086600138700585,28.80568698318745,-0.12809772439975228,30.042701616799366,-0.5444330939254562
1343,5.1000000000000005,true_threat,APF,1,2388,1342,5.050000000000001,1,1,334.2173325502462,-201.99610386294378,333.243241236036,-204.67783280522926,-205.25,-0.5478319974323824,-1.3873839336766238,0.5272879642948433,0,1,25.63777347020413,-5.891411096879722,0.0,0.75,0.0,,27.61450880918649,0.01083945002704154,0,1,0.8225613068446478,21.501345724292495,0.780260691974734,latent_vehicle,0.9875613674184273,latent_vehicle,0.780260691974734,0.9875613674184273,0.6000000000000005,1331,ok,accepted,0,ok,0.3813433,0.0006892000092193484,0.3529067999916151,0.027407800022047013,0,0.001820800000000844,0.009404899999999827,0,285.15093654799824,42.38618445821112,41.354371290744666,3.2538961370562163,0,1,0,1,0,0,0,9,0.0,1,1,3.4442810782970246,-2.243490102752649,85,1,17.98034209282727,0.1665116986163397,21.746304781619198,-0.035476844717203575,19.133225762152495,-0.2149196495936705,23.645203645067742,-0.3496932964964432,17.34237609274494,-0.006523099530197159,31.01309090417877,-0.3541577494264784,30.77613617741729,-0.019530813376229316,28.79975511933876,-0.11863727479463865,30.01529876304143,-0.5480570562324485
1344,5.15,true_threat,APF,1,2430,1343,5.1000000000000005,1,1,335.49037897358215,-202.01245424434433,334.62134696318276,-204.65688538159978,-205.25,-0.5721671947707421,-1.2817769334703897,0.45780176536322,1,1,25.344871093512968,-5.858047533823267,0.0,0.75,0.0,,27.57841542064597,0.011091413227029072,0,1,0.7852635018146259,23.19171948835903,0.7467020916477393,latent_vehicle,1.041950230896245,latent_vehicle,0.7467020916477393,1.041950230896245,0.6500000000000004,1331,ok,accepted,0,ok,0.3813433,0.0006892000092193484,0.3529067999916151,0.027407800022047013,1,0.001607399999997483,0.0112952999999969,0,286.05019806918347,42.75996936036182,41.8332154967062,3.237545755655674,0,1,0,1,0,0,0,9,0.0,1,1,3.3494163663307024,-2.2262690226147,86,1,17.98875732306647,0.1683046020901084,21.74504973728398,-0.02510088568049457,19.123395301876613,-0.1966092007626474,23.627726610591523,-0.34954068974831254,17.341998439621115,-0.007553062514863164,30.995302908986755,-0.35575965940718146,30.77521876635846,-0.018348210361801506,28.79433251787148,-0.10845202721485682,29.98786729864775,-0.5486292696527748
1345,5.2,true_threat,APF,1,2482,1344,5.15,1,1,336.7487768926004,-202.0286112586719,335.99829411035455,-204.63912744030836,-205.25,-0.5931146184002216,-1.1795098147855565,0.39167673336965514,0,1,25.05346513318873,-5.828119206484743,0.0,0.75,0.0,,27.57841542064597,0.011350908251342209,0,1,0.7513485461956293,25.177068329008865,0.716017268679051,latent_vehicle,1.10458300582005,latent_vehicle,0.716017268679051,1.10458300582005,0.7000000000000002,1331,ok,accepted,0,ok,0.3813433,0.0006892000092193484,0.3529067999916151,0.027407800022047013,0,0.001607399999997483,0.014123300000001393,0,286.94988683643754,43.118678512125996,42.31047387662392,3.2213887413280986,0,1,0,1,0,0,0,9,0.0,1,1,3.2501583729031234,-2.204113904437475,87,1,17.997258385063844,0.17002123762964202,21.744305859971757,-0.014877544194653777,19.11451278737268,-0.1776502877703241,23.610381184119706,-0.3469085297144878,17.341578824883236,-0.008392294827325602,30.977492044636964,-0.3562171528299281,30.774345226217342,-0.01747079022745764,28.789442067701962,-0.09780900155617923,29.960550274750187,-0.5463404604706178
1346,5.25,true_threat,APF,1,2535,1345,5.2,1,1,337.99209881657885,-202.04385788863317,337.37393003761565,-204.62440644552711,-205.25,-0.6108725596916429,-1.0809758929765962,0.32904324734626766,1,1,24.7366958056679,-6.335386550416615,0.0,1.0,-0.006151055451482534,-0.0075149317272007465,28.278447554341394,0.011643454901780988,0,0,0.7213809214531182,27.787808152970282,0.689599768483213,latent_vehicle,1.2218182762862622,latent_vehicle,0.689599768483213,1.2218182762862622,0.75,1331,ok,accepted,0,ok,0.3813433,0.0006892000092193484,0.3529067999916151,0.027407800022047013,1,0.0013974999999994964,0.01135760000000019,0,287.85000284976053,43.46188442278145,42.78599379056203,3.2061421113668302,0,1,0,1,0,0,0,9,0.0,1,1,3.1482374064893768,-2.176628906762455,88,1,18.00582620393718,0.17135637464214135,21.744057892263456,-0.004959351266464783,19.106604921983493,-0.1581573072813007,23.59328180615057,-0.3419875596285842,17.34111725000904,-0.00923149768244008,30.959734603341165,-0.355148769275903,30.773502204862663,-0.01686041315015196,28.785108564044343,-0.08667007158562758,29.933490742467228,-0.5411906289608818
1347,5.3,true_threat,APF,1,2598,1346,5.25,1,1,339.219276588702,-202.05807242829997,338.7482851844617,-204.61249350502266,-205.25,-0.6255935544728857,-0.9864262081330761,0.2699729803082042,0,1,24.435912121134155,-6.0156736906748876,0.0,0.0,-0.006151055451482534,-0.0075149317272007465,28.278447554341394,0.01193183252016728,0,0,0.6952534412818636,30.843549342184836,0.6678057373048096,latent_vehicle,1.3710482852872814,latent_vehicle,0.6678057373048096,1.3710482852872814,0.7999999999999998,1331,ok,accepted,0,ok,0.3813433,0.0006892000092193484,0.3529067999916151,0.027407800022047013,0,0.0013974999999994964,0.012076199999999204,0,288.75054610915237,43.78851893551274,43.25980567801622,3.1919275717000346,0,1,0,1,0,0,0,9,0.0,1,1,3.0444897902233556,-2.1429818774067986,89,1,18.014449336980007,0.17246265851959716,21.744298205052843,0.004806259436648333,19.099683149399745,-0.13843545208446414,23.57653528825467,-0.33493035833887974,17.34061943518346,-0.009956296470269138,30.942074452735934,-0.3532030002164156,30.77268207311964,-0.016402619565091214,28.781341543798746,-0.07534040366819315,29.90681267979751,-0.5335612372732377
1348,5.3500000000000005,true_threat,APF,1,2676,1347,5.300000000000001,1,1,340.4351624567611,-202.07111589326504,340.12114587580425,-204.6032361037887,-205.25,-0.6375064949773446,-0.8960891725592799,0.2144910980985579,1,1,24.25491120299919,-3.6200183626993265,1.0,0.0,-0.007002813275903463,-0.008555550128221512,28.069717851642924,0.01211056089866294,0,0,0.6729525750828316,33.02520625614147,0.6507941513650995,latent_vehicle,1.586054460187004,latent_vehicle,0.6507941513650995,1.586054460187004,0.4500000000000002,1339,ok,accepted,1,ok,0.3664966,0.000700899981893599,0.34127649999572895,0.024194199999328703,1,0.0018597999999983017,0.017627100000002116,0,289.6515166198185,44.10343429290572,43.73169585869266,3.178884106734955,0,1,0,1,0,0,0,9,0.0,1,1,2.943353806879875,-2.103799981072879,90,1,18.023116338603227,0.1733400295589291,21.74499818754921,0.013999654416787985,19.09376463580356,-0.11837027198449171,23.56025035008369,-0.32569876353239274,17.340091101305465,-0.010566677570404377,30.924570719720077,-0.35007466206778076,30.771875293583168,-0.01613557457400157,28.77815245116928,-0.06378185167575587,29.880647693402498,-0.5232997126228979
1349,5.4,true_threat,APF,1,2751,1348,5.3500000000000005,1,1,341.64561572253956,-202.0827726616247,341.4924510244368,-204.59648167476504,-205.25,-0.6467638962112972,-0.8100675244142392,0.16258689302511195,0,1,24.168238830158522,-1.7334474568133373,1.0,0.0,-0.007002813275903463,-0.008555550128221512,28.069717851642924,0.01219757007362159,0,0,0.6545413776995304,34.17185009643081,0.6387261339487389,latent_vehicle,4.3169357363708745,follower_1,0.6387261339487389,,0.5,1339,ok,accepted,0,ok,0.3664966,0.000700899981893599,0.34127649999572895,0.024194199999328703,0,0.0018597999999983017,0.009087000000000955,0,290.5529143661428,44.41248981235992,44.20160326100091,3.1672273383753122,0,1,0,1,0,0,0,9,0.0,1,1,2.8494045159987382,-2.060262300975732,91,1,18.031804322100268,0.17375966761928704,21.746138767452916,0.022811602949719456,19.088839843895272,-0.0984958365265009,23.544516636283873,-0.3146742759622183,17.339537972212998,-0.011062581891495811,30.90728443872789,-0.34572560718229045,30.77107042198562,-0.016097415171088602,28.77554319359012,-0.052185150971782904,29.855108315379677,-0.5107875469092003
1350,5.45,true_threat,APF,1,2836,1349,5.4,1,1,342.85313871798496,-202.0927214451434,342.86207849238383,-204.59203189534853,-205.25,-0.6535183252349555,-0.7284107468388962,0.11422004813940652,1,1,24.124971903021773,-0.8653385427349747,1.0,0.0,-0.00779308658093214,-0.009521051310002804,28.364849425599765,0.012241356400219729,0,0,0.6401428147642889,34.765935325321855,0.6320492973360834,latent_vehicle,4.25026799308885,follower_1,0.6320492973360834,,0.5499999999999998,1339,ok,accepted,0,ok,0.3664966,0.000700899981893599,0.34127649999572895,0.024194199999328703,1,0.0020033999999995444,0.011659200000000425,0,291.45476988131765,44.71815729263045,44.669375213773094,3.157278554856589,0,1,0,1,0,0,0,9,0.0,1,1,2.765150861683421,-2.012958951895432,92,1,18.04050756386556,0.17406483235779396,21.747695148521984,0.031127626803873435,19.084906867101527,-0.07865953133887027,23.52942951471549,-0.30174243112057686,17.33896386228624,-0.011482198609735664,30.890263293653625,-0.3404228501838155,30.77026555126248,-0.016097397040479324,28.77351758569467,-0.040512157535531945,29.830303263919077,-0.49610101775552234
1351,5.5,true_threat,APF,1,2931,1350,5.45,1,1,344.06023379066096,-202.10068673195033,344.23015029789684,-204.5897341360143,-205.25,-0.6579681046514736,-0.6511621473484607,0.06932647979293433,0,1,24.135578825110002,0.21213844176457997,1.0,0.0,-0.00779308658093214,-0.009521051310002804,28.364849425599765,0.012230600359751447,0,0,0.629879768623141,34.59009729239208,0.6285301416195925,latent_vehicle,4.217522104270946,follower_1,0.6285301416195925,,0.5999999999999996,1339,ok,accepted,0,ok,0.3664966,0.000700899981893599,0.34127649999572895,0.024194199999328703,0,0.0020033999999995444,0.009668000000001342,0,292.3570526425614,45.022969604062666,45.13516425804232,3.149313268049667,0,1,0,1,0,0,0,9,0.0,1,1,2.6926194015682428,-1.9626828541599952,93,1,18.049212714013315,0.17410300066817755,21.74963872237956,0.03887148239394136,19.0819466345682,-0.059204642905328,23.515078630235617,-0.2870176891047184,17.338374493585132,-0.01178737412990809,30.87355306056615,-0.3342045532470724,30.76944923621786,-0.01632628359797818,28.77206609072288,-0.029029899238727543,29.806339350490603,-0.479278259231254
1352,5.55,true_threat,APF,1,3024,1351,5.5,1,1,345.2693117301967,-202.1063777826187,345.59639171511867,-204.5893901262131,-205.25,-0.6602658639856998,-0.5782955104464026,0.02782378847657933,1,1,24.191057201597978,1.1095675297595164,1.0,0.0,-0.007840299978852272,-0.009578733704984188,28.64816997533829,0.012174572326990428,0,0,0.6238447081535696,33.78672361342554,0.6136546119629586,latent_vehicle,4.212965087377351,follower_1,0.6136546119629586,,0.6499999999999995,1339,ok,accepted,0,ok,0.3664966,0.000700899981893599,0.34127649999572895,0.024194199999328703,1,0.0035500000000006082,0.015529000000000792,0,293.2597626498741,45.32933753628572,45.59869566795146,3.1436222173813064,0,1,0,1,0,0,0,9,0.0,1,1,2.633428470730699,-1.9106253179856805,94,1,18.057908326821828,0.17391225320690834,21.75193896978409,0.0460049536849226,19.079938166917177,-0.04016934222585573,23.50153074002401,-0.27095780346774584,17.337771774934172,-0.012054373280874619,30.85720142356113,-0.32703256029758154,30.768613844995144,-0.01670780887325051,28.77117344980632,-0.017852818247928018,29.783306219891557,-0.4606626050755493
1353,5.6000000000000005,true_threat,APF,1,3111,1352,5.550000000000001,1,1,346.4822035287085,-202.10961086704373,346.960955290288,-204.5908777435856,-205.25,-0.6606098737869104,-0.5097922070044043,-0.010386495569513337,0,1,24.27692917857448,1.717439539530048,1.0,0.0,-0.007840299978852272,-0.009578733704984188,28.64816997533829,0.012088605640315367,0,0,0.62209924110104,32.62255783727712,0.6038985157102728,latent_vehicle,4.227931481353462,follower_1,0.6038985157102728,,0.7000000000000002,1339,ok,accepted,0,ok,0.3664966,0.000700899981893599,0.34127649999572895,0.024194199999328703,0,0.0035500000000006082,0.011661499999998881,0,294.1629304260374,45.63906155863424,46.06009146695749,3.1403891329562725,0,1,0,1,0,0,0,9,0.0,1,1,2.588250764489633,-1.8579043839959033,95,1,18.066579146010046,0.1734163813162535,21.75456155871514,0.05245178438631682,19.078852857424177,-0.021706177866713895,23.488856416530776,-0.2534864687421502,17.33716333393847,-0.01216881987342433,30.841252250213646,-0.31898321350124326,30.767749840687667,-0.017280072634751738,28.77082440455901,-0.006980904936032229,29.761283980851772,-0.44044477615690547
1354,5.65,true_threat,APF,1,3193,1353,5.6000000000000005,1,1,347.6999772336985,-202.11018725660196,348.32377992058207,-204.5939986447071,-205.25,-0.6591222564144061,-0.44555014622616884,-0.04541536605853114,1,1,24.38345862876583,2.1305890038269837,1.0,0.0,-0.007321421522647142,-0.008944803848862648,28.921779828739673,0.011983218143952123,0,0,0.6246437526643263,31.286321800741135,0.5993965556074995,latent_vehicle,4.257382300978497,follower_1,0.5993965556074995,,0.75,1339,ok,accepted,0,ok,0.3664966,0.000700899981893599,0.34127649999572895,0.024194199999328703,1,0.0025937999999996464,0.013487699999998881,0,295.06646440791144,45.953301281750214,46.51938211537754,3.139812743398039,0,1,0,1,0,0,0,9,0.0,1,1,2.55702698980158,-1.8055706628629369,96,1,18.075211816553544,0.17265340789665,21.757466436512015,0.05809756124193287,19.07865828355576,-0.0038914663092688923,23.477112879554845,-0.23487073810102432,17.336551076492782,-0.01224514892243843,30.82573987266264,-0.3102472244874657,30.766864851664764,-0.01769977153914067,28.77099988087526,0.0035095263247275,29.740345111852182,-0.4187773776776504
1355,5.7,true_threat,APF,1,3256,1354,5.65,1,1,348.92345676767434,-202.10795408232062,349.68480452399956,-204.59861552130562,-205.25,-0.6560013552928865,-0.38551105388708456,-0.07738335019290261,0,1,24.50402305309293,2.4112884865419915,1.0,0.0,-0.007321421522647142,-0.008944803848862648,28.921779828739673,0.01186559993624767,0,0,0.6314938035441742,29.898464969653052,0.600168352845308,latent_vehicle,4.298132162404072,follower_1,0.600168352845308,,0.7999999999999998,1339,ok,accepted,0,ok,0.3664966,0.000700899981893599,0.34127649999572895,0.024194199999328703,0,0.0025937999999996464,0.010025699999999915,0,295.97048667100717,46.27275855263031,46.9763844556993,3.1420459176793827,0,1,0,1,0,0,0,9,0.0,1,1,2.5392960542903684,-1.7546671590397258,97,1,18.083796804469266,0.1716997561322875,21.760630713263772,0.06328554050886159,19.07930866968262,0.013007731241393,23.46635544270765,-0.2151487351226546,17.335940726755055,-0.012206994789252735,30.810689085327866,-0.30101535667505125,30.765943620040115,-0.018424624387816887,28.77167889779937,0.013580338497034931,29.72055637014828,-0.3957748335299275
1356,5.75,true_threat,APF,1,3313,1355,5.7,1,1,350.1532219229434,-202.10278907608955,351.0440900992556,-204.60462154104235,-205.25,-0.6513844786943821,-0.329554563956721,-0.10641834388821372,1,1,24.634244171346165,2.604422365064707,1.0,0.0,-0.006345121189951897,-0.007752027828246355,29.190471014330626,0.011740495602543468,0,0,0.6426648295119719,28.52824637803772,0.6062673489793329,latent_vehicle,4.3485223866250875,follower_1,0.6062673489793329,,0.8499999999999996,1339,ok,accepted,0,ok,0.3664966,0.000700899981893599,0.34127649999572895,0.024194199999328703,1,0.0013633999999989044,0.014112899999997097,0,296.87496669774805,46.59804368115846,47.43119000421444,3.1472109239104498,0,1,0,1,0,0,0,9,0.0,1,1,2.5341645347697552,-1.706032863085625,98,1,18.092324572127858,0.17055534994984378,21.764016248326676,0.06771070454503007,19.080762054078345,0.029067693746440967,23.45662225292192,-0.19466379345048332,17.335332284366597,-0.012168847830379005,30.796134219998613,-0.29109686387334316,30.76497851400917,-0.019302115923905093,28.772836659772768,0.023155239515565924,29.701963531783832,-0.3718567678573405
1357,5.8,true_threat,APF,1,3359,1356,5.75,1,1,351.3895473524875,-202.09467688542355,352.40166711187254,-204.6118641056248,-205.25,-0.6453784589576514,-0.2775248497930186,-0.13265439854061256,0,1,24.771026769453783,2.7356519621523745,1.0,0.0,-0.006345121189951897,-0.007752027828246355,29.190471014330626,0.011611206091071831,0,0,0.6580195847604102,27.213823538535504,0.6174765645922136,latent_vehicle,4.407228014813786,follower_1,0.6174765645922136,,0.8999999999999995,1339,ok,accepted,0,ok,0.3664966,0.000700899981893599,0.34127649999572895,0.024194199999328703,0,0.0013633999999989044,0.013007299999998168,0,297.77984345298154,46.92949235546911,47.88389026159791,3.155323114576447,0,1,0,1,0,0,0,9,0.0,1,1,2.540413116557685,-1.660360998403519,99,1,18.1007836761768,0.16918207866966534,21.767590615272145,0.07148734055259703,19.08296121788275,0.04398327873411389,23.447945734606648,-0.17353036367129884,17.3347314729347,-0.012016228819105584,30.7820905341563,-0.28087323680944276,30.763958089255034,-0.02040849283758761,28.774442649096503,0.03211978656114829,29.684623816591085,-0.34679430464955147
1358,5.8500000000000005,true_threat,APF,1,3411,1357,5.800000000000001,1,1,352.6327995326976,-202.08439558359024,353.7575965605654,-204.62023638271413,-205.25,-0.6381358943752105,-0.22929638612761777,-0.15622907187363924,1,1,24.912708231878426,2.833629248492855,1.0,0.0,0.0018399908440187573,0.01112051960080862,26.79469474179877,0.011479524718676798,1,0,0.6766731636830627,25.970014102395655,0.6335895419411003,latent_vehicle,4.473665269085333,follower_1,0.6335895419411003,,0.6500000000000004,1345,ok,accepted,1,ok,0.4682221,0.0007455000013578683,0.44957070000236854,0.017559100000653416,1,0.003151699999996538,0.015038799999999242,0,298.6851474699,47.267440518760736,48.33451569337228,3.1656044164097636,0,1,0,1,0,0,0,9,0.0,1,1,2.555310680124353,-1.617704593722167,100,1,18.10916267074821,0.16757988932843673,21.771315665715708,0.07450100939312865,19.08586038403198,0.05798332364498201,23.440352591228073,-0.15186286439339142,17.334144012628784,-0.011749206078669862,30.76857519159808,-0.27030635285775556,30.762884253437136,-0.021476716060531725,28.77645681131386,0.040283244467892367,29.668556298704477,-0.32135035751487373
1359,5.9,true_threat,APF,1,3426,1358,5.8500000000000005,1,1,353.8831924145478,-202.07290640136915,355.11190889524045,-204.62953999765335,-205.25,-0.6297636172858745,-0.1847037247436829,-0.17728176060278705,0,1,25.05751538610712,2.896143084573879,1.0,0.0,0.00910226907581091,0.01112051960080862,26.79469474179877,0.01134723938103677,1,0,0.697465960843374,24.805498417344783,0.6540506260202076,latent_vehicle,4.5471757463171665,follower_1,0.6540506260202076,,0.7000000000000002,1345,ok,accepted,0,ok,0.4682221,0.0007455000013578683,0.44957070000236854,0.017559100000653416,0,0.003151699999996538,0.012006199999998302,0,299.5908482361326,47.61213263437833,48.78312726181474,3.1770935986308473,0,1,0,1,0,0,0,9,0.0,1,1,2.5756528760792885,-1.577714744011824,101,1,18.117446296277425,0.16567250890501095,21.775166606817024,0.07701882099538551,19.089406146762915,0.07091525456061853,23.43386761766275,-0.12969946774689295,17.33357180807803,-0.011444091015020717,30.755599633825593,-0.259510657573656,30.761749376532883,-0.02269753846197988,28.778846721917937,0.04779821226495835,29.65377242136162,-0.295677544306924
1360,5.95,true_threat,APF,1,3417,1359,5.9,1,1,355.1407566613652,-202.06063657441842,356.46469566342137,-204.63975966042193,-205.25,-0.6204600023466469,-0.1436522547433446,-0.1959531928522072,1,1,25.204575954957274,2.9412113770030857,1.0,0.0,0.00928784254938364,0.011347239837050438,27.07466797014395,0.011215221854781155,1,0,0.7199554505626793,23.718723946049117,0.6778909977892534,latent_vehicle,4.627735773200127,follower_1,0.6778909977892534,,0.75,1345,ok,accepted,0,ok,0.4682221,0.0007455000013578683,0.44957070000236854,0.017559100000653416,1,0.0015585999999991884,0.016334000000000515,0,300.4969457256524,47.96359939167593,49.229816540475895,3.1893634255815755,0,1,0,1,0,0,0,9,0.0,1,1,2.599915614070288,-1.540499617478285,102,1,18.125628826504993,0.1636506036555098,21.779105290843425,0.07877367909480698,19.09353174770124,0.08251201923012287,23.42849462898106,-0.10745976957714475,17.333016771748706,-0.01110072660342235,30.743167673193856,-0.2486387311822779,30.760553459249497,-0.023918345418944328,28.78159139943366,0.05489355051480944,29.640264555642965,-0.2701573081586899
1361,6.0,true_threat,APF,1,3404,1360,5.95,1,1,356.4057060211136,-202.04795224077876,357.8160483501672,-204.65069697554125,-205.25,-0.6102403395780698,-0.1059000321854544,-0.212384577487223,0,1,25.353215078570035,2.9727824722552043,1.0,0.0,0.00928784254938364,0.011347239837050438,27.07466797014395,0.011084114446510428,1,0,0.7435770993216693,22.707300362993017,0.7037750135676193,latent_vehicle,4.715411394506818,follower_1,0.7037750135676193,,0.7999999999999998,1345,ok,accepted,0,ok,0.4682221,0.0007455000013578683,0.44957070000236854,0.017559100000653416,0,0.0015585999999991884,0.013180500000000706,0,301.40347046124106,48.322024015835666,49.674644491633046,3.2020477592212444,0,1,0,1,0,0,0,9,0.0,1,1,2.626915744862919,-1.506447660777559,103,1,18.133698819847655,0.1613998667882483,21.783091664462514,0.07972747180209441,19.098179966788873,0.09296438372819257,23.424231716735136,-0.08525824076364608,17.332478901288447,-0.010757409248985404,30.73129265886769,-0.2374998348684384,30.75930222331908,-0.025024716529537357,28.784646974822465,0.06111150798887768,29.628021257567138,-0.2448659503144015
