frame,time_s,condition,controller,hidden_visible,hidden_lidar_hits,lidar_frame,lidar_time_s,lidar_is_new,semantic_lidar_reveal_armed,ego_station_m,ego_local_y_m,hidden_station_m,hidden_local_y_m,hidden_reference_y_m,hidden_lateral_error_m,hidden_commanded_ay_mps2,hidden_road_lateral_velocity_mps,hidden_observation_submitted,hidden_aware_plan,ego_speed_mps,ego_accel_mps2,ego_throttle,ego_brake,ego_steer,commanded_ackermann_steer_rad,target_speed_mps,steer_limit_rad,steering_envelope_active,shield_active,minimum_clearance_m,minimum_ttc_s,minimum_oriented_clearance_m,minimum_oriented_clearance_actor_role,minimum_ttc_2d_s,minimum_ttc_2d_actor_role,hidden_oriented_clearance_m,hidden_ttc_2d_s,plan_age_s,plan_source_frame,plan_status,plan_rejection_reason,new_plan,latest_plan_status,planner_total_s,planner_decision_s,planner_mpc_s,planner_field_s,low_level_updated,low_level_time_s,physics_control_cycle_time_s,physics_control_deadline_miss,occluder_station_m,ego_pass_clearance_ahead_occluder_m,hidden_pass_clearance_ahead_occluder_m,ego_target_lane_error_m,ego_centre_lane_overlap,hidden_centre_lane_overlap,concurrent_centre_lane_overlap,hidden_center_geometric_visible_now,hidden_center_los_blocked,hidden_footprint_fully_blocked,hidden_footprint_blocked_sample_count,hidden_footprint_sample_count,hidden_footprint_blocked_sample_fraction,hidden_center_in_range,hidden_center_in_horizontal_fov,hidden_center_geometric_range_m,hidden_center_geometric_bearing_rad,hidden_center_geometric_clear_streak,hidden_center_geometric_reveal_confirmed,occluder_speed_mps,occluder_accel_mps2,lead_left_speed_mps,lead_left_accel_mps2,lead_centre_speed_mps,lead_centre_accel_mps2,lead_right_speed_mps,lead_right_accel_mps2,rear_centre_speed_mps,rear_centre_accel_mps2,follower_1_speed_mps,follower_1_accel_mps2,follower_2_speed_mps,follower_2_accel_mps2,follower_3_speed_mps,follower_3_accel_mps2,follower_4_speed_mps,follower_4_accel_mps2
1293,0.05,empty_shadow,IDEAM,0,0,1292,,0,0,180.88976518998263,-201.7489555523681,,,,,,,0,0,32.560005918418106,0.0,0.56830233335495,0.0,-0.0017707385122776031,-0.002163365250453353,32.49878928630127,0.0067206206143043835,0,0,7.361400800164801,13.09501541242864,7.361376492868586,occluder,,,,,0.05,1292,ok,accepted,1,ok,0.3339922,0.0008388000132981688,0.3321820999844931,0.0,1,0.0014836000000002514,0.014458600000001098,0,194.84225595333106,-20.6327023073853,,3.501044447631898,0,0,0,,,,,,,,,,,,0,18.449162660530316,0.16277330861658604,22.385457279148753,0.32489760743814533,21.550738681341944,0.8540723436257368,24.364482411419274,1.74743672304224,16.93737703634912,-0.13359074721519457,31.237887838121594,1.261501317501774,32.314443709734476,2.1241762811186287,30.65486909399536,0.18516532597698335,31.884513947970195,2.0540239353437513
1294,0.1,empty_shadow,IDEAM,0,0,1293,0.05,1,0,182.51888503069833,-201.7485828992805,,,,,,,0,0,32.6019020316887,0.8379222654119189,0.5618324875831604,0.0,-0.0017707385122776031,-0.002163365250453353,32.49878928630127,0.006703359135318007,0,0,6.664465613429273,13.020614169295545,6.664302785439902,occluder,,,,,0.1,1292,ok,accepted,0,ok,0.3339922,0.0008388000132981688,0.3321820999844931,0.0,0,0.0014836000000002514,0.009280499999999137,0,195.76492446078151,-19.92625097412005,,3.501417100719493,0,0,0,,,,,,,,,,,,0,18.45681304622994,0.15300771012006634,22.40831875212713,0.4572294610629784,21.5759232991448,0.5036923591892775,24.431027907498482,1.3309099220360676,16.933716832352204,-0.0732040799448648,31.285887988350012,0.9602519991195888,32.39673818294106,1.6458894652408271,30.667901999771065,0.260658115707492,31.9638310466258,1.586341973266682
1295,0.15000000000000002,empty_shadow,IDEAM,0,0,1294,0.1,1,0,184.1495306461237,-201.74790454989054,,,,,,,0,0,32.62247505038504,0.41146037392678636,0.5578063726425171,0.0,-0.0015674908645451069,-0.001915051368996501,32.1987890976801,0.006694907248987372,0,0,5.96871536260858,12.976378886603749,5.968393575661879,occluder,,,,,0.15000000000000002,1292,ok,accepted,0,ok,0.3339922,0.0008388000132981688,0.3321820999844931,0.0,1,0.0011973999999987939,0.01426349999999843,0,196.6879896915191,-19.218670589432264,,3.502095450109465,0,0,0,,,,,,,,,,,,0,18.463963708014912,0.14301323213136555,22.433402287071473,0.5016707002240689,21.58671887582738,0.21591153848302055,24.478780297929035,0.9550478093671447,16.932597215577935,-0.022392335483550088,31.322633069208646,0.7350832655557448,32.45747579795318,1.2147523005209788,30.68146132981002,0.2711866019998274,32.022173028500895,1.1668396372525822
1296,0.2,empty_shadow,IDEAM,0,0,1295,0.15000000000000002,1,0,185.77968787621973,-201.74692119130953,,,,,,,0,0,32.600683882303684,-0.4358233616271434,0.5586835145950317,0.0,-0.0015674908645451069,-0.001915051368996501,32.1987890976801,0.006703860081908546,0,0,5.276983265598349,12.984120104713002,5.276532390544169,occluder,,,,,0.2,1292,ok,accepted,0,ok,0.3339922,0.0008388000132981688,0.3321820999844931,0.0,0,0.0011973999999987939,0.009342000000000183,0,197.61139061559655,-18.511914283413688,,3.503078808690475,0,0,0,,,,,,,,,,,,0,18.470601295267713,0.13275174170934495,22.456788281361717,0.46771988715682994,21.585542022793085,-0.023537054206853814,24.50996164349446,0.6236269123859083,16.93361955174177,0.020446723290370988,31.350712044762723,0.5617021327231004,32.49941839593219,0.8388519594270935,30.691900233177353,0.20877807034345786,32.06221208936569,0.800781217054187
1297,0.25,empty_shadow,IDEAM,0,0,1296,0.2,1,0,187.40865478029264,-201.74552625146814,,,,,,,0,0,32.57878797507731,-0.43791814452745825,0.5833943486213684,0.0,-0.0010607048170641065,-0.0012958954321220517,31.903572981719282,0.006712874046297557,0,0,4.591411840492699,12.986535035197376,4.590926817107566,occluder,,,,,0.25,1292,ok,accepted,0,ok,0.3339922,0.0008388000132981688,0.3321820999844931,0.0,1,0.0011754000000010478,0.013436299999998624,0,198.53512723301384,-17.806683996758068,,3.504473748531865,0,0,0,,,,,,,,,,,,0,18.47670673350395,0.12210876196467155,22.475699636923643,0.37822711234305756,21.574134150600006,-0.2281574361281232,24.52694277931832,0.3396227180405437,16.93648438694839,0.05729670416417695,31.371701312664175,0.4198597027634176,32.52501119790808,0.5118560393286754,30.696111638795376,0.08422811787988065,32.086206529448916,0.4798888018698776
1298,0.3,empty_shadow,IDEAM,0,0,1297,0.25,1,1,189.04027654693547,-201.74364212466747,,,,,,,0,0,32.67097048805939,1.8436502596415494,0.5934246182441711,0.0,-0.0010607048170641065,-0.0012958954321220517,31.903572981719282,0.006675047303844718,0,0,3.9106734548573456,12.835859969524206,3.910318337949694,occluder,,,,,0.3,1292,ok,accepted,0,ok,0.3339922,0.0008388000132981688,0.3321820999844931,0.0,0,0.0011754000000010478,0.009809000000000623,0,199.4591079910419,-17.09904298814328,,3.506357875332526,0,0,0,,,,,,,,,,,,0,18.482268579363712,0.11123691495645457,22.488810744625052,0.26222215472469257,21.553708331959733,-0.4085163634202355,24.53190571129934,0.09925864157817647,16.940991449589305,0.09014125286505394,31.386389803521297,0.29380779790548534,32.53624166068082,0.224609255685899,30.69216721964192,-0.07888837528173792,32.09616288001038,0.19912701240192268
1299,0.35000000000000003,empty_shadow,IDEAM,0,0,1298,0.30000000000000004,1,1,190.67577387920224,-201.7412683944765,,,,,,,0,0,32.73328221338314,1.246234506475048,0.48962247371673584,0.0,-0.00038607537862844765,-0.00047168004675768316,31.638356738399153,0.006649658737625705,0,0,3.2382864563762235,12.71702052634793,3.238328765724968,occluder,,,,,0.35000000000000003,1292,ok,accepted,0,ok,0.3339922,0.0008388000132981688,0.3321820999844931,0.0,1,0.0011857000000006224,0.010595799999997269,0,200.38336340725712,-16.387801072091747,,3.508731605523508,0,0,0,,,,,,,,,,,,0,18.4872696664654,0.10002174037522471,22.496131140961605,0.14640792789807014,21.525096172063368,-0.5722431874661994,24.526700568400898,-0.10410285542019902,16.947012947281245,0.12042995389466848,31.39506127709308,0.1734433344540992,32.53482639885665,-0.02830523537611801,30.67959586133597,-0.25142715636942914,32.09378631058809,-0.047531385745687715
1300,0.4,empty_shadow,IDEAM,0,0,1299,0.35000000000000003,1,1,192.31349882797002,-201.73840562307714,,,,,,,0,0,32.76679730303653,0.6703017930678357,0.4112466275691986,0.0,-0.00038607537862844765,-0.00047168004675768316,31.638356738399153,0.006636063061258732,0,0,2.5852108757618337,12.628687566900485,2.5860754469976652,occluder,,,,,0.4,1292,ok,accepted,0,ok,0.3339922,0.0008388000132981688,0.3321820999844931,0.0,0,0.0011857000000006224,0.009486499999997733,0,201.30786296408314,-15.674575680149985,,3.511594376922858,0,0,0,,,,,,,,,,,,0,18.49169092026982,0.08842507512101855,22.498645019749933,0.05027757670977805,21.488892764586765,-0.7240681384939194,24.512784565022606,-0.2783200643690573,16.954453511272973,0.14881127992405388,31.397725107966725,0.05327827697367667,32.52217303531566,-0.2530672683208814,30.65927303764687,-0.4064564627573353,32.08048825974531,-0.26596101223202345
1301,0.45,empty_shadow,IDEAM,0,0,1300,0.4,1,1,193.95213914266125,-201.73506951692104,,,,,,,0,0,32.77708437339601,0.20574140718949252,0.35358288884162903,0.0,0.00033738574711605906,0.0004121944366488606,31.40314071913062,0.006631898387407016,0,0,1.9738991965070392,12.565092400063355,1.9762866058973587,occluder,,,,,0.45,1292,ok,accepted,0,ok,0.3339922,0.0008388000132981688,0.3321820999844931,0.0,1,0.0011812999999989415,0.011241599999998186,0,202.23254562636725,-14.960618027742868,,3.514930483078956,0,0,0,,,,,,,,,,,,0,18.495522803939316,0.07663767314092203,22.49784392706139,-0.016021852939180625,21.445588297610122,-0.8660893277466961,24.491263963416102,-0.43041202822420616,16.96322349776996,0.17539973001608694,31.394261224282655,-0.06927738323708171,32.49942216517556,-0.45501739860662127,30.63295732494069,-0.526314242814885,32.05737117527723,-0.4623416824673439
1302,0.5,empty_shadow,IDEAM,0,0,1301,0.45,1,1,195.5906572465016,-201.73132146512734,,,,,,,0,0,32.76923468746504,-0.15699371861941813,0.30933764576911926,0.0,0.00033738574711605906,0.0004121944366488606,31.40314071913062,0.006635075942660533,0,0,1.4596098870697358,12.521534716760158,1.4646380278704723,occluder,,,,,0.5,1292,ok,accepted,1,ok,0.4115446,0.0008127999899443239,0.4102347000152804,0.0,0,0.0011812999999989415,0.011988300000002283,0,203.15744193771275,-14.24699623524802,,3.518678534872663,0,0,0,,,,,,,,,,,,0,18.498748152054954,0.06450696275904483,22.495265185948732,-0.05157482153591522,21.395634813029762,-0.9990696793576622,24.462970367641077,-0.5658719108176204,16.973223724606704,0.20000453680708255,31.384570759926756,-0.1938011072934646,32.467470242840704,-0.639038440636213,30.602788769365937,-0.6033711009638257,32.02530480781322,-0.6413273395684704
1303,0.55,empty_shadow,IDEAM,0,0,1302,0.5,1,1,197.2283207384802,-201.72722275270738,,,,,,,0,0,32.74742227768674,-0.43624819556598027,0.27258986234664917,0.0,0.0010277277324348688,0.0012556063011288643,31.198604734776005,0.006643917611876501,0,0,1.1766053275171153,12.494363047011364,1.1849531415773875,occluder,,,,,0.55,1292,ok,accepted,0,ok,0.4115446,0.0008127999899443239,0.4102347000152804,0.0,1,0.0012092000000016867,0.011689199999999289,0,204.08242981219806,-13.53432061775473,,3.5227772472926233,0,0,0,,,,,,,,,,,,0,18.50135742340479,0.05218542808863078,22.492175275217274,-0.06179821394132495,21.339497704127155,-1.1227421655861565,24.428550368374896,-0.688399979971636,16.984318769825737,0.22190090445299948,31.36864277324987,-0.318536436790488,32.427045875146824,-0.8084873455471275,30.570829215270532,-0.639191072811655,31.984998691988885,-0.8061223040751995
1304,0.6000000000000001,empty_shadow,IDEAM,0,0,1303,0.55,1,1,198.86454982628956,-201.72289564777137,,,,,,,0,0,32.71472476219144,-0.6539503099060084,0.23939740657806396,0.0,0.0010277277324348688,0.0012556063011288643,31.198604734776005,0.006657204701900456,0,0,1.1680919273800043,12.480847358969903,1.1748407923507107,occluder,,,,,0.6000000000000001,1292,ok,accepted,0,ok,0.4115446,0.0008127999899443239,0.4102347000152804,0.0,0,0.0012092000000016867,0.012995300000000043,0,205.00757027456513,-12.82323199231243,,3.5271043522286334,0,0,0,,,,,,,,,,,,0,18.50333344970678,0.0395205275863856,22.48937718879842,-0.055961727738954054,21.277674789725232,-1.2364582759432645,24.388534208604163,-0.8003231893475666,16.996348416190504,0.2405929273626147,31.34659042129378,-0.4410036361989023,32.37877848748073,-0.9653477426390544,30.538734242401453,-0.6418994504476273,31.937047920235788,-0.959015419494566
1305,0.6500000000000001,empty_shadow,IDEAM,0,0,1304,0.6000000000000001,1,1,200.4988257423641,-201.71843188003155,,,,,,,0,0,32.6732530751911,-0.8294337400067775,0.2071126103401184,0.0,0.0015723761171102524,0.001921019866131246,31.01941286395692,0.006674114712751907,0,0,1.1726215516875982,12.478909305010879,1.1765239900599198,occluder,,,,,0.6500000000000001,1292,ok,accepted,0,ok,0.4115446,0.0008127999899443239,0.4102347000152804,0.0,1,0.001193200000003003,0.01466050000000152,0,205.93274124930318,-12.114127050975952,,3.5315681199684548,0,0,0,,,,,,,,,,,,0,18.5046686029969,0.026703067555099425,22.487183732591546,-0.04386912360916111,21.21068487126087,-1.339798359190161,24.34335485703334,-0.9035870244313136,17.00913337155229,0.25569910733233836,31.318631827272277,-0.5591056819981537,32.323251728825056,-1.1105351600619413,30.507583410533023,-0.6230166326912816,31.881999902231286,-1.1009603415526237
1306,0.7000000000000001,empty_shadow,IDEAM,0,0,1305,0.65,1,1,202.13081285062316,-201.71399941067642,,,,,,,0,0,32.62438006502508,-0.9774602033203905,0.1745135635137558,0.0,0.0015723761171102524,0.001921019866131246,31.01941286395692,0.006694125432265507,0,0,1.177104608411554,12.486920822908022,1.1784213389404694,occluder,,,,,0.7000000000000001,1292,ok,accepted,0,ok,0.4115446,0.0008127999899443239,0.4102347000152804,0.0,0,0.001193200000003003,0.0128610000000009,0,206.85794273641216,-11.407341429825863,,3.536000589323578,0,0,0,,,,,,,,,,,,0,18.505343810856914,0.013504158872444652,22.485509074982005,-0.03349315166177465,21.139090616941346,-1.4318850786221562,24.293443373265884,-0.9982296679120947,17.022475273272487,0.26683803447780663,31.285076673354816,-0.6710134556166195,32.26100728677948,-1.2448888257383761,30.477866908596845,-0.5943300360919292,31.820354362998327,-1.2329107627472558
1307,0.7500000000000001,empty_shadow,IDEAM,0,0,1306,0.7000000000000001,1,1,203.7601755097809,-201.70975094210627,,,,,,,0,0,32.568941804970876,-1.1087652010840543,0.14103075861930847,0.0,0.0019112590234726667,0.002335043391212821,30.865643942033515,0.006716933380091264,0,0,1.1814341819268748,12.50362651593976,1.1806973445142854,occluder,,,,,0.7500000000000001,1292,ok,accepted,0,ok,0.4115446,0.0008127999899443239,0.4102347000152804,0.0,1,0.0011833999999986133,0.009123699999999957,0,207.78314423393192,-10.703180268187879,,3.540249057893732,0,0,0,,,,,,,,,,,,0,18.505349537361976,0.00011453152561011455,22.484017523394158,-0.02983103129800117,21.06344706515642,-1.5128710303875883,24.239200297699746,-1.0848615046313057,17.03618147894739,0.27412411356480715,31.246322351064528,-0.7749747464454577,32.19258303361515,-1.3684850459177853,30.449582829358906,-0.5656815836884708,31.752660620144244,-1.3538748326190977
1308,0.8,empty_shadow,IDEAM,0,0,1307,0.75,1,1,205.3866085805115,-201.70579338994608,,,,,,,0,0,32.50746439928791,-1.2295481136592912,0.10677304863929749,0.0,0.0019112590234726667,0.002335043391212821,30.865643942033515,0.006742362469343589,0,0,1.1854728494429878,12.528052267717714,1.1834592019941597,occluder,,,,,0.8,1292,ok,accepted,1,ok,0.3292883,0.0007722000009380281,0.3280771999852732,0.0,0,0.0011833999999986133,0.008519599999999627,0,208.70831521387535,-10.00191817740071,,3.5442066100539193,0,0,0,,,,,,,,,,,,0,18.50467624302064,-0.013465886909571213,22.48229136754719,-0.03452311645532253,20.983840046688375,-1.5921403666029685,24.181035710497028,-1.1632917382106098,17.050063160940987,0.2776336399354324,31.202821483686435,-0.8698865099281007,32.118566432699254,-1.480331998715548,30.42242981127176,-0.543060361545286,31.679502324005014,-1.4631658972622874
1309,0.8500000000000001,empty_shadow,IDEAM,0,0,1308,0.8,1,1,207.00983736298468,-201.70200477758746,,,,,,,0,0,32.4403398142799,-1.3424917001601955,0.07327644526958466,0.0,-0.0008601145236752927,-0.0010508281411603093,31.59708176916673,0.006770292676030842,0,0,1.1893273079586208,12.559423481421348,1.1866733724776322,occluder,,,,,0.45000000000000007,1300,ok,accepted,0,ok,0.3292883,0.0007722000009380281,0.3280771999852732,0.0,1,0.001178700000000532,0.012407400000000735,0,209.6335167061897,-9.303890887241892,,3.5479952224125384,0,0,0,,,,,,,,,,,,0,18.50331057751048,-0.027313311767788926,22.479947231205436,-0.046882726612159864,20.899306350642963,-1.6906739205690153,24.119353968848866,-1.2336348285353393,17.06396010194988,0.2779388202361832,31.15506664488929,-0.9549509049987399,32.03958690936338,-1.5795904450687621,30.396009218821817,-0.5284118493103919,31.601512714487313,-1.5597921642389287
1310,0.9000000000000001,empty_shadow,IDEAM,0,0,1309,0.8500000000000001,1,1,208.62946511309178,-201.69833946400604,,,,,,,0,0,32.367904208724426,-1.4487121111095291,0.04101982340216637,0.0,-0.0008601145236752927,-0.0010508281411603093,31.59708176916673,0.006800627904635142,0,0,1.193073757717542,12.59722330209318,1.1899542421663623,occluder,,,,,0.5000000000000001,1300,ok,accepted,0,ok,0.3292883,0.0007722000009380281,0.3280771999852732,0.0,0,0.001178700000000532,0.011499199999999377,0,210.55862665098044,-8.609373081925526,,3.5516605359939604,0,0,0,,,,,,,,,,,,0,18.501244912334748,-0.041313306375557794,22.476746695320227,-0.06401071727555953,20.81151681342101,-1.7557907454621928,24.054567060388433,-1.2957381662244238,17.07771589804486,0.2751159219856024,31.1035693580551,-1.0297898674891606,31.956285333541732,-1.6660314933758764,30.369973914887282,-0.5207060784695796,31.519323124010015,-1.6437917833442302
1311,0.9500000000000001,empty_shadow,IDEAM,0,0,1310,0.9,1,1,210.24533925336183,-201.694828018832,,,,,,,0,0,32.290511562176995,-1.5478529309486078,0.010125899687409401,0.0,-0.0013433286221697927,-0.001641185488551855,31.35714279811494,0.006833264919792121,0,0,1.1966511115132334,12.641088223637968,1.1935367420152914,occluder,,,,,0.55,1300,ok,accepted,0,ok,0.3292883,0.0007722000009380281,0.3280771999852732,0.0,1,0.0011724000000015167,0.011517999999998807,0,211.4836450378367,-7.91851732851174,,3.5551719811680016,0,0,0,,,,,,,,,,,,0,18.498471616302897,-0.05546592568383157,22.47260965116704,-0.08274088263528397,20.722033555255194,-1.7896651655266789,23.98601885610999,-1.3709640844204702,17.091200851113822,0.2696990613789482,31.04884863892124,-1.0942538783884648,31.869317834750266,-1.7393499528264353,30.344161773410598,-0.5162428285091157,31.433557256311037,-1.7153173289855963
1312,1.0,empty_shadow,IDEAM,0,0,1311,0.9500000000000001,1,1,211.857215643184,-201.69147052535158,,,,,,,0,0,32.205501876029714,-1.7001937229456132,0.0,0.018974585458636284,-0.0013433286221697927,-0.001641185488551855,31.35714279811494,0.006869385587756179,0,0,1.2000898452789386,12.6948102125954,1.1967519424695066,occluder,,,,,0.6,1300,ok,accepted,0,ok,0.3292883,0.0007722000009380281,0.3280771999852732,0.0,0,0.0011724000000015167,0.010275000000000034,0,212.40844980686396,-7.23144570771683,,3.5585294746484237,0,0,0,,,,,,,,,,,,0,18.49498306197834,-0.06977109280276696,22.467621929907214,-0.09975442481173713,20.631890358487457,-1.8028639374089002,23.913112355501255,-1.4581300126426762,17.104304334427326,0.26206966633590045,30.99142336834728,-1.148345646854946,31.779319559892034,-1.7999654743108593,30.31861094130634,-0.5110166399255298,31.3448540733027,-1.7740636370461769
1313,1.05,empty_shadow,IDEAM,0,0,1312,1.0,1,1,213.4645449297463,-201.68816035944155,,,,,,,0,0,32.11224109018561,-1.8652157168820338,0.0,0.04354783892631531,-0.0016013060230761766,-0.0019563643727451563,31.147121841831893,0.006909342576157066,0,0,1.2034813035281218,12.75988249099531,1.1995583654710478,occluder,,,,,0.65,1300,ok,accepted,0,ok,0.3292883,0.0007722000009380281,0.3280771999852732,0.0,1,0.0011867999999992662,0.01377520000000132,0,213.33310198800945,-6.548768602300015,,3.5618396405584463,0,0,0,,,,,,,,,,,,0,18.490777341094127,-0.08411442551238667,22.46196854355876,-0.11306772655787738,20.54188068023794,-1.8001935657034218,23.837316216814745,-1.515922775236128,17.116929073835855,0.25249478817649695,30.93180848507657,-1.1921437276665974,31.686509854602683,-1.85619408398195,30.29356365241604,-0.5009457741281609,31.25348060423376,-1.8274693610355492
1314,1.1,empty_shadow,IDEAM,0,0,1313,1.05,1,1,215.0670524080131,-201.68476028570538,,,,,,,0,0,32.01258635501956,-1.9930947033211055,0.0,0.06253935396671295,-0.0016013060230761766,-0.0019563643727451563,31.147121841831893,0.006952425522648703,0,0,1.2069170077574825,12.834637490077984,1.2021048065606128,occluder,,,,,0.7000000000000001,1300,ok,accepted,0,ok,0.3292883,0.0007722000009380281,0.3280771999852732,0.0,0,0.0011867999999992662,0.008424600000001448,0,214.2574184601989,-5.87057759622266,,3.56523971429462,0,0,0,,,,,,,,,,,,0,18.485848730935533,-0.09857221264321533,22.455891725494904,-0.12153636085104112,20.45265492641341,-1.784515074663,23.759946512828378,-1.5473940809791977,17.12899114519636,0.2412414271738261,30.870511183909347,-1.225802310593442,31.59115384064214,-1.9071202591680771,30.269389931584904,-0.4834744114347384,31.159600881474212,-1.8775944382829197
1315,1.1500000000000001,empty_shadow,IDEAM,0,0,1314,1.1,1,1,216.6644023482068,-201.68116360714436,,,,,,,0,0,31.90825017585629,-2.086723583265382,0.0,0.07746213674545288,-0.0016767994966357946,-0.0020485969725996256,30.967046101803536,0.006997965584296094,0,0,1.2104883337129024,12.917550947666248,1.2045359605606896,occluder,,,,,0.7500000000000001,1300,ok,accepted,0,ok,0.3292883,0.0007722000009380281,0.3280771999852732,0.0,1,0.00117800000000301,0.014479000000001463,0,215.1815823236851,-5.1973915195151505,,3.568836392855644,0,0,0,,,,,,,,,,,,0,18.480183883699404,-0.11329695383499137,22.449650875937504,-0.12481699076574923,20.36479674491686,-1.7571636246198377,23.681926401174167,-1.560402233341311,17.140419976807937,0.2285766321525663,30.808009956485712,-1.249894624125463,31.494565681328705,-1.9317631684389085,30.246509394812378,-0.4576107289089251,31.06450999512545,-1.9018177138459487
1316,1.2000000000000002,empty_shadow,IDEAM,0,0,1315,1.1500000000000001,1,1,218.25644213121336,-201.67727882308333,,,,,,,0,0,31.800444499554462,-2.1561135260365205,0.0,0.08925389498472214,-0.0016767994966357946,-0.0020485969725996256,30.967046101803536,0.0070454916028340675,0,0,1.2143631384750506,13.007606100569783,1.2070693215768797,occluder,,,,,0.8000000000000002,1300,ok,accepted,0,ok,0.3292883,0.0007722000009380281,0.3280771999852732,0.0,0,0.00117800000000301,0.008900199999999359,0,216.1054104990368,-4.529179911860297,,3.572721176916673,0,0,0,,,,,,,,,,,,0,18.473708414927017,-0.12950938277872864,22.443438636175046,-0.12424479482402853,20.278828749941113,-1.7193598897560503,23.60396923010547,-1.5591434201268746,17.15115262617684,0.21465298743098343,30.744788946418264,-1.2643066468047024,31.397893600958483,-1.9334415924058872,30.225305419379005,-0.4240795007284352,30.969352354686606,-1.903152799448413
1317,1.2500000000000002,empty_shadow,IDEAM,0,0,1316,1.2000000000000002,1,1,219.84301912230254,-201.67296865648262,,,,,,,0,0,31.6900931774938,-2.2070264412132445,0.0,0.09848426282405853,-0.0015741534298285842,-0.001923191244713962,30.81542898836273,0.007094643048055588,0,0,1.2186634507062024,13.10405509418471,1.2098874719052954,occluder,,,,,0.8500000000000002,1300,ok,accepted,0,ok,0.3292883,0.0007722000009380281,0.3280771999852732,0.0,1,0.001207799999999537,0.009359599999999801,0,217.02887246347234,-3.8660648852066686,,3.577031343517376,0,0,0,,,,,,,,,,,,0,18.46638799178732,-0.14640846826262077,22.437405687600503,-0.12065897130518916,20.195233500445372,-1.6719049752137018,23.526656741193527,-1.5462497751270505,17.161128059124607,0.1995086589806118,30.681303644806064,-1.269610320438732,31.301995907064352,-1.9179538663165643,30.20608508761569,-0.3844066263371151,30.874976730536275,-1.88751247717405
1318,1.3,empty_shadow,IDEAM,0,0,1317,1.25,1,1,221.42404175833445,-201.66820262099822,,,,,,,0,0,31.577961497800935,-2.242633593857306,0.0,0.10523231327533722,-0.0015741534298285842,-0.001923191244713962,30.81542898836273,0.0071451162024971215,0,0,1.223404497962207,13.206233724641384,1.2130458570983553,occluder,,,,,0.9,1300,ok,accepted,1,ok,0.4565656,0.0006729000015184283,0.45549280001432635,0.0,0,0.001207799999999537,0.013112899999999428,0,217.95196821178627,-3.2081379974886772,,3.5817973790017845,0,0,0,,,,,,,,,,,,0,18.45822452134464,-0.16326941250176977,22.431637859730298,-0.11535655693436006,20.113400644541496,-1.6366570982395645,23.45050391959361,-1.5230564271333433,17.170313848469245,0.18371578694682003,30.617988544212846,-1.266224575413637,31.207029002217674,-1.8993380886378093,30.189021968487886,-0.34126237266885356,30.78144606532592,-1.8706133012841846
1319,1.35,empty_shadow,IDEAM,0,0,1318,1.3,1,1,222.99944887922715,-201.6626145265355,,,,,,,0,0,31.46484540231545,-2.2623219097096836,0.0,0.10890933871269226,-0.0033673362340778112,-0.004113977309316397,31.173368586437306,0.007196580150240683,0,0,1.2289677707689748,13.313314563141901,1.2166310506644509,occluder,,,,,0.65,1306,ok,accepted,0,ok,0.4565656,0.0006729000015184283,0.45549280001432635,0.0,1,0.0011836000000009506,0.01484699999999961,0,218.87457567887864,-2.555338343688362,,3.587385473464508,0,0,0,,,,,,,,,,,,0,18.44923326229673,-0.17982518291948082,22.426179022390603,-0.10917674659492331,20.03285143819445,-1.6109841015519706,23.375987601744527,-1.4903263502028559,17.178668032845025,0.1670836875745799,30.555272421044144,-1.254262761057486,31.112849835512883,-1.8835833288919537,30.174165652737518,-0.29712630444057203,30.68869550899888,-1.8550111256095165
1320,1.4000000000000001,empty_shadow,IDEAM,0,0,1319,1.35,1,1,224.56917940818477,-201.65608232361058,,,,,,,0,0,31.351582020066743,-2.265267644974145,0.0,0.10948921740055084,-0.0033673362340778112,-0.004113977309316397,31.173368586437306,0.007248670208921391,0,0,1.2354905565770196,13.424274079469859,1.2206850841766406,occluder,,,,,0.7000000000000001,1306,ok,accepted,0,ok,0.4565656,0.0006729000015184283,0.45549280001432635,0.0,0,0.0011836000000009506,0.012260699999998792,0,219.7967559051075,-1.9077880409595878,,3.593917676389424,0,0,0,,,,,,,,,,,,0,18.439444733056703,-0.19577058523524477,22.421025360839234,-0.1030732310974847,19.954079880405235,-1.5754311277847408,23.30354075706971,-1.4489368855412446,17.186165818168075,0.14995570650358178,30.493549752504403,-1.2344099552122454,31.01987420885593,-1.8595125304089826,30.1614684559568,-0.2539439248068385,30.597171381193352,-1.830482556289662
1321,1.4500000000000002,empty_shadow,IDEAM,0,0,1320,1.4000000000000001,1,1,226.13329433351151,-201.64846866230837,,,,,,,0,0,31.238909951824464,-2.2534413648455853,0.0,0.10733606666326523,-0.0029048253782093525,-0.003548913635313511,30.98124189016215,0.007301051458215057,0,0,1.2430797189573752,13.538125116067345,1.2255124225033442,occluder,,,,,0.7500000000000001,1306,ok,accepted,0,ok,0.4565656,0.0006729000015184283,0.45549280001432635,0.0,1,0.0011809000000013725,0.011025100000001231,0,220.71841732733304,-1.2653345378583936,,3.6015313376916254,0,0,0,,,,,,,,,,,,0,18.428885635692094,-0.21118194655674713,22.416167341302234,-0.09716039051202673,19.87767534037294,-1.5280907715502257,23.23355820726236,-1.39965098760589,17.192797668743847,0.13263701153609192,30.433209338739537,-1.206779041073752,30.928634272967624,-1.824798716979956,30.150794956665894,-0.21346997476026444,30.50738103693525,-1.7958068855322282
1322,1.5000000000000002,empty_shadow,IDEAM,0,0,1321,1.4500000000000002,1,1,227.69182416757835,-201.6397582734299,,,,,,,0,0,31.127521003144253,-2.227778973604231,0.0,0.1024375781416893,-0.0029048253782093525,-0.003548913635313511,30.98124189016215,0.007353396281275422,0,0,1.2517810759177337,13.653846527666163,1.231274562340277,occluder,,,,,0.8000000000000002,1306,ok,accepted,0,ok,0.4565656,0.0006729000015184283,0.45549280001432635,0.0,0,0.0011809000000013725,0.008709200000001971,0,221.63946840323698,-0.6278557796954942,,3.610241726570109,0,0,0,,,,,,,,,,,,0,18.417584581409823,-0.22602108415389147,22.411595429529875,-0.09143823576097317,19.804143263695718,-1.4706415056673556,23.164470204161372,-1.3817600531929042,17.198559768191515,0.11524198898157771,30.374603804061046,-1.1720930226005468,30.839639289990036,-1.7798996598250347,30.141981122193688,-0.1762766785563544,30.419820386489157,-1.7512130085006243
1323,1.55,empty_shadow,IDEAM,0,0,1322,1.5,1,1,229.24482991951103,-201.62987484221276,,,,,,,0,0,31.018078966331444,-2.188840736256168,0.0,0.09506801515817642,-0.0019322842126712203,-0.002360730431973934,30.812191661652744,0.007405376356864624,0,0,1.261648966427419,13.770392073509461,1.2383057055993953,occluder,,,,,0.85,1306,ok,accepted,0,ok,0.4565656,0.0006729000015184283,0.45549280001432635,0.0,1,0.0011970000000012249,0.01387889999999814,0,222.55997015756122,0.004648217912944119,,3.6201251577872426,0,0,0,,,,,,,,,,,,0,18.40557971567528,-0.24009731262320175,22.4073019951489,-0.08586868877308947,19.73394332199615,-1.4039988079850403,23.096477020459712,-1.3598636658117174,17.20345783878521,0.09796141189859887,30.31807630375378,-1.130541012886759,30.75336418975525,-1.7255020050754317,30.134876272377,-0.14209698552321065,30.334962452221774,-1.697158683318291
1324,1.6,empty_shadow,IDEAM,0,0,1323,1.55,1,1,230.79246411993205,-201.6186504699331,,,,,,,0,0,30.911193588751335,-2.1377075516021904,0.0,0.0852230116724968,-0.0019322842126712203,-0.002360730431973934,30.812191661652744,0.007456675937682485,0,0,1.421268335409252,13.886693422141882,1.402416664550828,occluder,,,,,0.9,1306,ok,accepted,1,ok,0.3293646,0.0006381999992299825,0.32831400001305155,0.0,0,0.0011970000000012249,0.008759699999998816,0,223.47989207793486,0.6323604979603203,,3.631349530066899,0,0,0,,,,,,,,,,,,0,18.39290918737721,-0.25341056393321404,22.403285128634714,-0.08033733057309385,19.66749322395485,-1.329001938401663,23.030047864204107,-1.3285831178550578,17.207497601298844,0.08079525031790961,30.263931923657438,-1.082884315869847,30.67027627234014,-1.6617583478476152,30.129327817159403,-0.11096909465703432,30.253255460920503,-1.6341398217240632
1325,1.6500000000000001,empty_shadow,IDEAM,0,0,1324,1.6,1,1,232.33487958576023,-201.60675649121677,,,,,,,0,0,30.807599621818518,-2.0718793386563306,0.0,0.07252347469329834,0.004217709414660931,0.005152903962880373,31.101192848041098,0.007506906168551564,0,0,1.7963370795136622,14.001474660691432,1.784094695795792,occluder,,,,,0.44999999999999996,1316,ok,accepted,0,ok,0.3293646,0.0006381999992299825,0.32831400001305155,0.0,1,0.001172399999997964,0.013674800000000431,0,224.3991426116288,1.2555254300945649,,3.643243508783229,0,0,0,,,,,,,,,,,,0,18.379609235359904,-0.2659990384451285,22.399563900614123,-0.07442456000071726,19.60516108632306,-1.2466427357784169,22.965598537026956,-1.2889865372002336,17.21070576151658,0.06416320436103862,30.21245483205913,-1.029541426768792,30.59080659879776,-1.5893934686868154,30.12522322144989,-0.08209190634341339,30.175138102569512,-1.562347159984586
1326,1.7000000000000002,empty_shadow,IDEAM,0,0,1325,1.6500000000000001,1,1,233.8721679269839,-201.59436072150132,,,,,,,0,0,30.707956967259147,-1.9928530911874276,0.0,0.057087242603302,0.004217709414660931,0.005152903962880373,31.101192848041098,0.007555700897743154,0,0,2.2793190742840035,14.113331769601086,2.2724124699029473,occluder,,,,,0.5,1316,ok,accepted,0,ok,0.3293646,0.0006381999992299825,0.32831400001305155,0.0,0,0.001172399999997964,0.01397839999999917,0,225.3176912410667,1.874265141880329,,3.6556392784986826,0,0,0,,,,,,,,,,,,0,18.36571991410751,-0.27778642348328103,22.39616501584719,-0.06797769403739339,19.547286418460175,-1.1574933450398368,22.903516231547258,-1.2416461046082754,17.21311092790864,0.04810332784796514,30.163904474791835,-0.9710070671132407,30.51536524863707,-1.5088269986865697,30.12247665425497,-0.05493133810161819,30.10101092016552,-1.4825436380550137
1327,1.7500000000000002,empty_shadow,IDEAM,0,0,1326,1.7000000000000002,1,1,235.4046648942022,-201.58163089293814,,,,,,,0,0,30.612841364316083,-1.902312058861284,0.0,0.03941677510738373,0.005398203153163195,0.006595149170607328,30.947733025969388,0.007602723900386299,0,0,2.8125038568340064,14.221104607082403,2.809257591476719,occluder,,,,,0.55,1316,ok,accepted,0,ok,0.3293646,0.0006381999992299825,0.32831400001305155,0.0,1,0.001388500000000903,0.011271199999999482,0,226.23556849423574,2.488884855929598,,3.6683691070618636,0,0,0,,,,,,,,,,,,0,18.35128890822311,-0.28862011669715537,22.393118990801703,-0.06092049889965555,19.49417248638573,-1.062278635308865,22.844151899340787,-1.1872866401876634,17.214747432849173,0.032730098814916196,30.11850983233168,-0.9078909640800737,30.444347042888303,-1.420364107560963,30.121021357845645,-0.029105924588090866,30.031263012595257,-1.3949581383390046
1328,1.8,empty_shadow,IDEAM,0,0,1327,1.75,1,1,236.93258423537887,-201.56893314356793,,,,,,,0,0,30.52280152076887,-1.8007968709442679,0.0,0.019547121599316597,0.005398203153163195,0.006595149170607328,30.947733025969388,0.007647643178164123,0,0,3.3700535394740796,14.32357181668427,3.3691458803903545,occluder,,,,,0.5999999999999999,1316,ok,accepted,0,ok,0.3293646,0.0006381999992299825,0.32831400001305155,0.0,0,0.001388500000000903,0.011176199999997749,0,227.15265228000888,3.0997204113331236,,3.681066856432068,0,0,0,,,,,,,,,,,,0,18.33636008435512,-0.2985764765489612,22.390450621376935,-0.05336738589054067,19.446092042686733,-0.9616088716717983,22.787818346272573,-1.1266710586208926,17.215655330684832,0.018157956715182517,30.07647322932344,-0.840726739667343,30.378110563222865,-1.3247295825242162,30.120809648380654,-0.004234187623155636,29.96625868319033,-1.3000865721276498
1329,1.85,empty_shadow,IDEAM,0,0,1328,1.8,1,1,238.45613968286156,-201.55658783506698,,,,,,,0,0,30.43794854476923,-1.697059519992763,0.0021443869918584824,0.0,0.005455077160149813,0.006664634216576815,30.805761026049804,0.007690340158785193,0,0,3.939898758764169,14.420245874352412,3.940347529530517,occluder,,,,,0.6499999999999999,1316,ok,accepted,0,ok,0.3293646,0.0006381999992299825,0.32831400001305155,0.0,1,0.0013123999999997693,0.011372700000002567,0,228.069034161526,3.706893977298705,,3.6934121649330223,0,0,0,,,,,,,,,,,,0,18.320979221516833,-0.30761725648866384,22.388175164985352,-0.04550912518493549,19.403273968050875,-0.8563614936737814,22.734813118019368,-1.060104563114481,17.215880397779614,0.004501341896124087,30.037970316713274,-0.7700484167571847,30.316997224490187,-1.222266760549624,30.12176904558665,0.019187944263395606,29.906341254434835,-1.1983485565286107
1330,1.9000000000000001,empty_shadow,IDEAM,0,0,1329,1.85,1,1,239.97554501064096,-201.54503739941686,,,,,,,0,0,30.355229205622482,-1.6543867829349779,0.025895221158862114,0.0,0.005455077160149813,0.006664634216576815,30.805761026049804,0.0077323086304934814,0,0,4.5160977826920154,14.516339362299455,4.517177651618297,occluder,,,,,0.7,1316,ok,accepted,0,ok,0.3293646,0.0006381999992299825,0.32831400001305155,0.0,0,0.0013123999999997693,0.012031100000001516,0,228.98459206848167,4.310741398122417,,3.704962600583144,0,0,0,,,,,,,,,,,,0,18.30519781718636,-0.3156280865627506,22.38630215798124,-0.037460138597706256,19.365823165004244,-0.7490160640881762,22.68540515070838,-0.988159344921944,17.215468410487432,-0.008239745843781357,30.003134798317173,-0.6966954815934882,30.261312202243598,-1.1137004275874756,30.123827069859775,0.0411604850215656,29.85181399449075,-1.0905451781024793
1331,1.9500000000000002,empty_shadow,IDEAM,0,0,1330,1.9000000000000001,1,1,241.49089185473238,-201.53452594599605,,,,,,,0,0,30.27474608403884,-1.6096624316728736,0.054456330835819244,0.0,0.004636307246983051,0.0056643178686499596,30.680020432972203,0.007773473137253462,0,0,5.095306176407515,14.611598556673076,5.096488416695261,occluder,,,,,0.75,1316,ok,accepted,0,ok,0.3293646,0.0006381999992299825,0.32831400001305155,0.0,1,0.0011545999999995615,0.010917499999997915,0,229.89935652365767,4.911323787037844,,3.7154740540039484,0,0,0,,,,,,,,,,,,0,18.28906546240299,-0.32264709566519856,22.384835416290887,-0.02933483154716955,19.333697674308084,-0.6425098167537946,22.63984239958691,-0.911255021623773,17.214465145125878,-0.020065307231318545,29.972081310739817,-0.6210498072552021,30.211328247400875,-0.9996790762884594,30.126884538974874,0.061149382504661856,29.80296491307174,-0.9769816056104437
1332,2.0,empty_shadow,IDEAM,0,0,1331,1.9500000000000002,1,1,243.00227189799955,-201.5254349132766,,,,,,,0,0,30.197354406707323,-1.547833546630315,0.08761635422706604,0.0,0.004636307246983051,0.0056643178686499596,30.680020432972203,0.00781336726674281,0,0,5.67557653684181,14.704218341178127,5.676480190208393,occluder,,,,,0.7999999999999998,1316,ok,accepted,0,ok,0.3293646,0.0006381999992299825,0.32831400001305155,0.0,0,0.0011545999999995615,0.008832999999999203,0,230.81329699386146,5.508763360101227,,3.724565086723402,0,0,0,,,,,,,,,,,,0,18.272629840853593,-0.32871243081859397,22.383755863649668,-0.021591051708677225,19.30676779556704,-0.5385975758534198,22.598357561001215,-0.8296967712403538,17.212929729502385,-0.030708312469918383,29.944892054698283,-0.5437605566759441,30.167247538953276,-0.881614145276069,30.1308270124521,0.07884947168177188,29.75996376359446,-0.8600229655823282
1333,2.05,empty_shadow,IDEAM,0,0,1332,2.0,1,1,244.50999036825985,-201.51791678503244,,,,,,,0,0,30.123870125204764,-1.469685630051174,0.12418627738952637,0.0,0.0032233987003564835,0.003938124515116215,30.570339167243088,0.007851532111647632,0,0,6.255981053347677,14.792421915362326,6.256358454512496,occluder,,,,,0.8499999999999996,1316,ok,accepted,0,ok,0.3293646,0.0006381999992299825,0.32831400001305155,0.0,1,0.00116119999999853,0.01188409999999962,0,231.72641349470922,6.103365329513764,,3.7320832149675596,0,0,0,,,,,,,,,,,,0,18.255948173727514,-0.3336333418755669,22.383053965391127,-0.014037964050092786,19.28485614684156,-0.4382329722360307,22.5611604437439,-0.743942344943449,17.21090984870284,-0.04039761599217335,29.92161678555115,-0.46547699011553945,30.129085334750805,-0.763244058250062,30.13552097604958,0.09387927723094139,29.72281817485952,-0.7429117503286337
1334,2.1,empty_shadow,IDEAM,0,0,1333,2.0500000000000003,1,1,246.01410836833605,-201.51216990468828,,,,,,,0,0,30.054813068761558,-1.3811411288641295,0.15926972031593323,0.0,0.0032233987003564835,0.003938124515116215,30.570339167243088,0.00788765305799024,0,0,6.835756746566298,14.874834679118514,6.835453623174983,occluder,,,,,0.8999999999999999,1316,ok,accepted,0,ok,0.3293646,0.0006381999992299825,0.32831400001305155,0.0,0,0.00116119999999853,0.012046300000001509,0,232.63870602099553,6.69519080330366,,3.737830095311722,0,0,0,,,,,,,,,,,,0,18.239068143760907,-0.33760059809343695,22.38270110948389,-0.007057117633754391,19.267779623092203,-0.34153046831225287,22.528399820137356,-0.6552124720279885,17.208462720161517,-0.048942570826465935,29.902278531066496,-0.38673393504954645,30.096725286638808,-0.6472009344583276,30.14082910004466,0.10616248968687048,29.691404169339034,-0.6282800857979096
1335,2.15,empty_shadow,IDEAM,0,0,1334,2.1,1,1,247.51499210914437,-201.50819414731484,,,,,,,0,0,29.99052209084795,-1.285819558272152,0.19255484640598297,0.0,0.0015034155221655965,0.0018367685843259096,30.475722914646326,0.007921505571717826,0,0,7.414741982884904,14.950417972770998,7.413703606856689,occluder,,,,,0.9499999999999997,1316,ok,accepted,0,ok,0.3293646,0.0006381999992299825,0.32831400001305155,0.0,1,0.0012399999999992417,0.010791499999999843,0,233.55017457272044,7.284605992387071,,3.741805852685161,0,0,0,,,,,,,,,,,,0,18.22204697137623,-0.34042344567625776,22.38267440840166,-0.0005340214375935268,19.25536274790065,-0.24833749177101302,22.500123373730833,-0.5655289280833347,17.205641751463965,-0.05641937395062122,29.88686213807315,-0.3082951462743953,30.06997475179856,-0.5350106678685806,30.14660833483003,0.11558471046417615,29.6655252898409,-0.5175775656271334
1336,2.1999999999999997,empty_shadow,IDEAM,0,0,1335,2.15,1,1,249.01273315902995,-201.50603525804428,,,,,,,0,0,29.931053652530345,-1.1893687663521035,0.22393721342086792,0.0,0.0015034155221655965,0.0018367685843259096,30.475722914646326,0.007953013163030013,0,0,7.992775167558689,15.0186258442599,7.991006724476557,occluder,,,,,0.9999999999999996,1316,ok,accepted,0,ok,0.3293646,0.0006381999992299825,0.32831400001305155,0.0,0,0.0012399999999992417,0.009913699999998471,0,234.4606970795785,7.871824535414589,,3.743964741955722,0,0,0,,,,,,,,,,,,0,18.204938062276973,-0.3421781790298527,22.382947159995194,0.0054550319460232415,19.247437681500713,-0.15850131273258328,22.47629868006931,-0.4764938732226051,17.202506070256582,-0.06271362414685097,29.875331438702393,-0.23058096429021882,30.048595311409866,-0.42758877819060426,30.152730890874754,0.122451139704495,29.64495265429451,-0.4114526872916719
1337,2.25,empty_shadow,IDEAM,0,0,1336,2.2,1,1,250.50769771329288,-201.50564733558275,,,,,,,0,0,29.876427087663693,-1.0925312973330392,0.25352951884269714,0.0,-0.0002500650007277727,-0.0003055120469070971,30.39469056869368,0.007982121364330175,0,0,8.56975646806752,15.07907067405306,8.567336261692722,occluder,,,,,1.0499999999999998,1316,ok,accepted,0,ok,0.3293646,0.0006381999992299825,0.32831400001305155,0.0,1,0.001167299999998761,0.013873100000001415,0,235.37048716980956,8.456998999446455,,3.7443526644172493,0,0,0,,,,,,,,,,,,0,18.187791008249764,-0.34294107625062475,22.383498382506502,0.011024450171829323,19.24386137226026,-0.07152616670329943,22.456845629637787,-0.3890610086301567,17.199105267593918,-0.06801605325245069,29.867621620392406,-0.15416422692781864,30.032272253032065,-0.3264611375390248,30.15908614289778,0.12710506246785921,29.629457380643224,-0.30990545044198914
1338,2.3,empty_shadow,IDEAM,0,0,1337,2.25,1,1,252.00009932209213,-201.50681668402035,,,,,,,0,0,29.82652779458161,-0.9979858616416237,0.28150954842567444,0.0,-0.0002500650007277727,-0.0003055120469070971,30.39469056869368,0.008008850481123785,0,0,9.145942381337834,15.131578075492142,9.142983815954604,occluder,,,,,1.0999999999999996,1316,ok,accepted,0,ok,0.3293646,0.0006381999992299825,0.32831400001305155,0.0,0,0.001167299999998761,0.008067800000002734,0,236.27933120996843,9.040556568086828,,3.7431833159796497,0,0,0,,,,,,,,,,,,0,18.1706668426316,-0.3424833073172259,22.384303281878665,0.01609798734261184,19.244506027952024,0.012893133574876679,22.441668855524075,-0.30353548227571964,17.195487028426825,-0.0723647833448508,29.863627781755543,-0.07984652809912246,30.020683234132424,-0.23178034837706385,30.165555835619546,0.12939387863693608,29.618755273767494,-0.21404211623297562
1339,2.35,empty_shadow,IDEAM,0,0,1338,2.3000000000000003,1,1,253.49012102842113,-201.50936013543432,,,,,,,0,0,29.781270062696617,-0.9051546376998942,0.3080635368824005,0.0,-0.0018116136780008674,-0.0022133036982268095,30.327528918016263,0.008033209565683,0,0,9.721270114669407,15.176066027694345,9.717935047726469,occluder,,,,,1.15,1316,ok,accepted,0,ok,0.3293646,0.0006381999992299825,0.32831400001305155,0.0,1,0.0012977999999996825,0.011774000000002616,0,237.18735127036047,9.622558214023798,,3.7406398645656793,0,0,0,,,,,,,,,,,,0,18.153611342656845,-0.34110999324776925,22.38533706124388,0.020675587373417317,19.24925911451984,0.09506175176968655,22.430650101294358,-0.2203750846021284,17.191708570431363,-0.0755691599095165,29.863235461009452,-0.007818933914061802,30.013563133021083,-0.1424019934331693,30.172056046237167,0.13000423739835515,29.612541157679225,-0.12428230199970082
1340,2.4,empty_shadow,IDEAM,0,0,1339,2.35,1,1,254.9781289442937,-201.51298764792003,,,,,,,0,0,29.74050816857525,-0.8152378824273399,0.3334040343761444,0.0,-0.0018116136780008674,-0.0022133036982268095,30.327528918016263,0.008055244097119742,0,0,10.296026427692492,15.212485010874348,10.292491891415349,occluder,,,,,1.1999999999999997,1316,ok,accepted,0,ok,0.3293646,0.0006381999992299825,0.32831400001305155,0.0,0,0.0012977999999996825,0.008144599999997837,0,238.09454736139648,10.203370038860356,,3.7370123520799723,0,0,0,,,,,,,,,,,,0,18.136679821313372,-0.33863041944564615,22.386580648211577,0.024871739281788673,19.258021452054802,0.17524676886575802,22.42370162821201,-0.1389694616743536,17.187813764233827,-0.07789612395097742,29.866309191740985,0.06149871467005883,30.01070595617413,-0.05714350903383785,30.178491409159328,0.12870728201086026,29.610572798971194,-0.0393671560071614
1341,2.45,empty_shadow,IDEAM,0,0,1340,2.4000000000000004,1,1,256.46412297601285,-201.5174245632903,,,,,,,0,0,29.70410779628371,-0.7280074458307695,0.35768112540245056,0.0,-0.003000478958711028,-0.0036657764576375484,30.272189552926434,0.008074997648026426,0,0,10.87020555381249,15.240908938526902,10.866671776061553,occluder,,,,,1.25,1316,ok,accepted,0,ok,0.3293646,0.0006381999992299825,0.32831400001305155,0.0,1,0.0011806000000014194,0.00943110000000047,0,239.00085844271834,10.78305298925764,,3.732575436709709,0,0,0,,,,,,,,,,,,0,18.119921869545777,-0.3351590268177483,22.38800924723836,0.028571980871878157,19.270669061374438,0.25295220259228773,22.42070899662526,-0.059852631756003694,17.183850293545497,-0.07926941376662158,29.872681067771122,0.12745792897656325,30.0119514857487,0.02491061788914958,30.18479898255561,0.12615148875095158,29.61267853618189,0.04211476073181112
1342,2.5,empty_shadow,IDEAM,0,0,1341,2.45,1,1,257.9484387023998,-201.52233507368678,,,,,,,0,0,29.671947556089133,-0.6432048038915639,0.3810785412788391,0.0,-0.003000478958711028,-0.0036657764576375484,30.272189552926434,0.008092510705948484,0,0,11.444038320026007,15.261327984977486,11.440703965166477,occluder,,,,,1.2999999999999998,1316,ok,accepted,0,ok,0.3293646,0.0006381999992299825,0.32831400001305155,0.0,0,0.0011806000000014194,0.014414500000000885,0,239.90634555468418,11.361881603678768,,3.727664926313224,0,0,0,,,,,,,,,,,,0,18.103387078301168,-0.33069581534813175,22.389599970544005,0.031814466210926276,19.28706652279578,0.327949240457135,22.42157874622593,0.017394992004252655,17.179860121227186,-0.07980344636732886,29.88216028793277,0.18960095142591749,30.01717383476383,0.10444700351006414,30.19091582452957,0.12233685387501818,29.6187248548604,0.12092638848608712
1343,2.55,empty_shadow,IDEAM,0,0,1342,2.5,1,1,259.43128982977527,-201.52796324684476,,,,,,,0,0,29.643882862070672,-0.5612938803692202,0.40370091795921326,0.0,0.0013916793977841735,0.0017002570675686002,31.929492,0.008107840101021935,0,0,12.017632642772064,15.273846067077463,12.014461097406485,occluder,,,,,1.3499999999999996,1316,ok,stale_plan,0,ok,0.3293646,0.0006381999992299825,0.32831400001305155,0.0,1,0.0011636999999993236,0.014049100000001147,0,240.81100868688318,11.940069598855217,,3.722036753155237,0,0,0,,,,,,,,,,,,0,18.08712503768528,-0.32524080241325354,22.391333744438537,0.03467547849013668,19.307034545493714,0.39936046187518665,22.426234582936747,0.09311673422455977,17.17588902216412,-0.07942198127412442,29.894554139818275,0.24788983475369866,30.02623376672554,0.18119865925687995,30.19679043591249,0.11749224152211403,29.628580147924975,0.19710587467282545
1344,2.6,empty_shadow,IDEAM,0,0,1343,2.5500000000000003,1,1,260.9128289095833,-201.53420221919322,,,,,,,0,0,29.619854812085567,-0.48056099970210653,0.42564642429351807,0.0,0.0013916793977841735,0.0017002570675686002,31.929492,0.008120999250191175,0,0,12.591068319269505,15.278436543616074,12.587908382629802,occluder,,,,,1.4,1316,ok,stale_plan,0,ok,0.3293646,0.0006381999992299825,0.32831400001305155,0.0,0,0.0011636999999993236,0.00772879999999887,0,241.71487836209712,12.517739003449321,,3.7157977808067812,0,0,0,,,,,,,,,,,,0,18.071179617558442,-0.318908391781062,22.393185774652704,0.03704060453745609,19.330369043111375,0.46668995656568707,22.434596397428407,0.16723628987437195,17.17197704959524,-0.07823945137851764,29.909650840642616,0.30194334440235343,30.039003488690042,0.2553944556691224,30.20236369115972,0.11146511365951997,29.642097547987323,0.2703480123118732
1345,2.65,empty_shadow,IDEAM,0,0,1344,2.6,1,1,262.39317807459395,-201.54123505454706,,,,,,,0,0,29.599700622712906,-0.4030837874532267,0.4469604790210724,0.0,0.005109033547341824,0.006241862196475267,30.620014260046222,0.008132061569173113,0,0,13.16437104108098,15.275235775691607,13.160926231224781,occluder,,,,,1.15,1322,ok,accepted,1,ok,1.0549125,0.33965949999401346,0.7146834000013769,0.0,1,0.0011866999999980976,0.011029999999998097,0,242.6179850979023,13.094981432654777,,3.708764945452941,0,0,0,,,,,,,,,,,,0,18.05559468679083,-0.311698603958812,22.395129356459314,0.03887163689270846,19.356825874152026,0.5291366224677001,22.446561192939715,0.23929591031577382,17.168150907765984,-0.07652283658669792,29.927213818925907,0.35126590719559464,30.05529989488438,0.3259281364833895,30.207584090775786,0.1044079978144391,29.659130188495954,0.3406528187327295
1346,2.7,empty_shadow,IDEAM,0,0,1345,2.6500000000000004,1,1,263.8727035669557,-201.549153180706,,,,,,,0,0,29.583418661331358,-0.3256392276309583,0.4677213728427887,0.0,0.005109033547341824,0.006241862196475267,30.620014260046222,0.0081410149968897,0,0,13.737921156769051,15.264072969084939,13.733850346648875,occluder,,,,,1.2000000000000002,1322,ok,accepted,0,ok,1.0549125,0.33965949999401346,0.7146834000013769,0.0,0,0.0011866999999980976,0.010879599999999101,0,243.5202678591461,13.67222416377274,,3.700846819293986,0,0,0,,,,,,,,,,,,0,18.040412207780545,-0.30364956780121444,22.39714351110691,0.040283093296859925,19.38612656571379,0.5860138310822827,22.46202215857526,0.3092193128444595,17.1644430216293,-0.07415772273528393,29.947006512795305,0.3958577472859232,30.07491889898282,0.3923800909820761,30.212405858706305,0.09643536174913886,29.67947207578863,0.40683775208918704
1347,2.75,empty_shadow,IDEAM,0,0,1346,2.7,1,1,265.3515885597967,-201.55815489945172,,,,,,,0,0,29.570907822209012,-0.2502167824469126,0.4878913462162018,0.0,0.005946895107626915,0.00726550305262208,30.388911931894555,0.008147904739216416,0,0,14.311700993238661,15.2450405125241,14.306696990485374,occluder,,,,,1.25,1322,ok,accepted,0,ok,1.0549125,0.33965949999401346,0.7146834000013769,0.0,1,0.0011729000000002543,0.010041399999998646,0,244.4218792285048,14.249497787255052,,3.691845100548278,0,0,0,,,,,,,,,,,,0,18.025670326387495,-0.29483761538307146,22.39920153387402,0.041160455384827724,19.417964035331853,0.6367493910886063,22.480836242483672,0.3762816783897999,17.160880095273544,-0.07125852711110298,29.968779021039314,0.43545217996664093,30.09762780367788,0.45417809930333486,30.2167984774463,0.0878523761497673,29.70290386455103,0.4686357792610329
1348,2.8,empty_shadow,IDEAM,0,0,1347,2.75,1,1,266.829863659185,-201.56849959977234,,,,,,,0,0,29.562108685055403,-0.17598274307218276,0.5075125694274902,0.0,0.005946895107626915,0.00726550305262208,30.388911931894555,0.008152755680372329,0,0,14.885790912783229,15.218233372924418,14.879590677039836,occluder,,,,,1.2999999999999998,1322,ok,accepted,0,ok,1.0549125,0.33965949999401346,0.7146834000013769,0.0,0,0.0011729000000002543,0.00880430000000132,0,245.32272766366015,14.826924451487969,,3.6815004002276623,0,0,0,,,,,,,,,,,,0,18.011409097762076,-0.28522455947174224,22.401286259651886,0.041694516307051475,19.452014033395972,0.6809999599773372,22.502833691929983,0.4399489891716179,17.157485015365367,-0.06790159816903779,29.992268103993567,0.46978243709549483,30.12316339450363,0.5107118188621455,30.22073905816106,0.07881161469860007,29.729168062452995,0.5252839600460418
1349,2.85,empty_shadow,IDEAM,0,0,1348,2.8000000000000003,1,1,268.3078338899277,-201.57974467270301,,,,,,,0,0,29.557088130677307,-0.10041108756190908,0.5266081690788269,0.0,1.816984331526328e-05,2.2198650185600854e-05,31.929492,0.008155525440001284,0,0,15.460456832075158,15.183455733299994,15.45315245651575,occluder,,,,,1.35,1322,ok,stale_plan,0,ok,1.0549125,0.33965949999401346,0.7146834000013769,0.0,1,0.0011521000000023207,0.016421199999999914,0,246.22287419976487,15.40474814612594,,3.670255327296985,0,0,0,,,,,,,,,,,,0,17.997662853114075,-0.2749248802299407,22.403374800723846,0.041770821797111155,19.48793323683413,0.7183840683322757,22.527808511873456,0.4994963992375775,17.154280668962823,-0.06408692804663542,30.017218162989856,0.4990013079402305,30.151220495761333,0.5611420254338826,30.22420662053794,0.06935124739069182,29.7579842889446,0.5763245302261251
1350,2.9,empty_shadow,IDEAM,0,0,1349,2.85,1,1,269.7856518711389,-201.59198161891896,,,,,,,0,0,29.55565860911097,-0.02859043132673378,0.5450987219810486,0.0,1.816984331526328e-05,2.2198650185600854e-05,31.929492,0.008156314342360776,0,0,16.035763013200125,15.140967386493946,16.027599907446174,occluder,,,,,1.4,1322,ok,stale_plan,0,ok,1.0549125,0.33965949999401346,0.7146834000013769,0.0,0,0.0011521000000023207,0.010478100000000268,0,247.12237986156086,15.983060465541172,,3.6580183810810354,0,0,0,,,,,,,,,,,,0,17.984462109117263,-0.2640148681241811,22.405453804240267,0.04158007036022117,19.525361157224452,0.7485584089993383,22.55554517143713,0.5547331918125986,17.151286131134427,-0.05989075656671732,30.04336407421951,0.5229182311148789,30.181490116355885,0.6053924110909613,30.227187811907367,0.05962382751957594,29.789047367939837,0.6212615793090579
1351,2.95,empty_shadow,IDEAM,0,0,1350,2.9000000000000004,1,1,271.2634702063166,-201.60525616273077,,,,,,,0,0,29.55777995792012,0.0424269761829521,0.5630454421043396,0.0,-0.0008592195226810873,-0.001049734652042389,31.929492,0.008155143686128397,0,0,16.611876404297117,15.090849327934706,16.60308482591355,occluder,,,,,1.4500000000000002,1322,ok,stale_plan,0,ok,1.0549125,0.33965949999401346,0.7146834000013769,0.0,1,0.001158499999998952,0.011923200000001799,0,248.02121413667714,16.562044525602573,,3.644743837269232,0,0,0,,,,,,,,,,,,0,17.971835477018445,-0.252532630368448,22.407506104975365,0.041046015458416144,19.56393539631869,0.7714847850870022,22.585776643773773,0.6046294472702485,17.148510938449196,-0.055503853704382496,30.07044453898284,0.5416096273273696,30.21363847052808,0.6429670829564295,30.229673095743088,0.04970567759018372,29.82203686502712,0.6597899410678701
1352,3.0,empty_shadow,IDEAM,0,0,1351,2.95,1,1,272.74156353803164,-201.6195224340769,,,,,,,0,0,29.563343556866233,0.11127197892228935,0.5804680585861206,0.0,-0.0008592195226810873,-0.001049734652042389,31.929492,0.008152074637523017,0,0,17.188976599832,15.03331537874223,17.179758927470804,occluder,,,,,1.5,1322,ok,stale_plan,0,ok,1.0549125,0.33965949999401346,0.7146834000013769,0.0,0,0.001158499999998952,0.011053999999997899,0,248.9194685986644,17.14188339533038,,3.630477565923087,0,0,0,,,,,,,,,,,,0,17.959811566065397,-0.2404782083578586,22.409512629941517,0.04013049967006593,19.603301187953353,0.7873158383603593,22.618237806001687,0.6492232452522109,17.145976071688423,-0.050697335216379084,30.09819826466888,0.555075514784155,30.247327957152645,0.6737897337437055,30.23166628635119,0.03986381410157762,29.85662090058246,0.691680711347311
1353,3.05,empty_shadow,IDEAM,0,0,1352,3.0,1,1,274.2199928545884,-201.6346430830423,,,,,,,0,0,29.57226473485679,0.17842355981116498,0.597407341003418,0.0,-0.0014609224162995815,-0.0017848534043878317,31.929492,0.008147157062147964,0,0,17.767153283955118,14.968655847085786,17.757695834034628,occluder,,,,,1.5499999999999998,1322,ok,stale_plan,0,ok,1.0549125,0.33965949999401346,0.7146834000013769,0.0,1,0.0011589000000000738,0.014063499999998896,0,249.8171127247408,17.72266858581071,,3.615356916957694,0,0,0,,,,,,,,,,,,0,17.94841135441475,-0.22800422489648092,22.411465749046123,0.039062382111046234,19.643098042914197,0.795937107456536,22.65262729772391,0.6877898352155611,17.14367771738238,-0.04596708612106403,30.126373502014008,0.5635066321841564,30.282215254292748,0.6977459471455467,30.233173105020718,0.03013637646149109,29.89245996725867,0.7167813358838007
1354,3.1,empty_shadow,IDEAM,0,0,1353,3.0500000000000003,1,1,275.6989412145963,-201.65048071806868,,,,,,,0,0,29.584459601627774,0.24389733541966052,0.6139060854911804,0.0,-0.0014609224162995815,-0.0017848534043878317,31.929492,0.008140442142951272,0,0,18.346493019312444,14.897105256995893,18.336958129366412,occluder,,,,,1.6,1322,ok,stale_plan,0,ok,1.0549125,0.33965949999401346,0.7146834000013769,0.0,0,0.0011589000000000738,0.009565800000000735,0,250.7142380468139,18.30449162374552,,3.5995192819313218,0,0,0,,,,,,,,,,,,0,17.937653913233152,-0.21514881953723686,22.413348295475135,0.03765092938763329,19.68298645448181,0.7977682427311992,22.688636129037835,0.7201766270481467,17.141623502146505,-0.04108430471639339,30.154718502214003,0.5669029021380129,30.317962760976915,0.7149501425013339,30.234203088604474,0.02059967599235671,29.92921455658202,0.7350917922601884
1355,3.15,empty_shadow,IDEAM,0,0,1354,3.1,1,1,277.1785916350219,-201.6667758772924,,,,,,,0,0,29.59985529940546,0.30791395555368695,0.6300041675567627,0.0,-0.001856718328781426,-0.0022684093564748764,31.929492,0.008131976583511166,0,0,18.927248836574197,14.81889376846084,18.91778342384114,occluder,,,,,1.65,1322,ok,stale_plan,0,ok,1.0549125,0.33965949999401346,0.7146834000013769,0.0,1,0.0018016000000002919,0.015807099999999963,0,251.61078354014174,18.887596550843313,,3.5832241227076054,0,0,0,,,,,,,,,,,,0,17.927565947017182,-0.20175932326286977,22.415146919254163,0.035972475936773,19.722630727107028,0.7928854661308458,22.725945771424087,0.7461928486609839,17.139817242392706,-0.03612519507613102,30.18299677619142,0.5655693978811601,30.35423478374609,0.7254404700036544,30.23477721758054,0.011482585004740389,29.96655469770301,0.7468028327800443
1356,3.2,empty_shadow,IDEAM,0,0,1355,3.1500000000000004,1,1,278.6591576816404,-201.6833606411681,,,,,,,0,0,29.618383213046727,0.37055827282536313,0.6457040309906006,0.0,-0.001856718328781426,-0.0022684093564748764,31.929492,0.008121806223749953,0,0,19.50951109106944,14.734289334471956,19.500242126680355,occluder,,,,,1.7000000000000002,1322,ok,stale_plan,0,ok,1.0549125,0.33965949999401346,0.7146834000013769,0.0,0,0.0018016000000002919,0.007769800000001936,0,252.50687126982433,19.472074867779213,,3.5666393588319067,0,0,0,,,,,,,,,,,,0,17.918156991887717,-0.188179105263839,22.416853990233264,0.0341414195850274,19.761723777581384,0.7818610253348192,22.76423579166354,0.7658004056703184,17.138257030710378,-0.03120423364860025,30.21097373981034,0.5595441371993063,30.390693722623777,0.7291787987249245,30.234916473391717,0.00278512308713672,30.004152326427334,0.7519525907190195
1357,3.25,empty_shadow,IDEAM,0,0,1356,3.2,1,1,280.1407003063182,-201.69999084826344,,,,,,,0,0,29.639982914465232,0.4319940283701129,0.6610196828842163,0.0,-0.002094604540616274,-0.002559042302891612,31.929492,0.008109973762539944,0,0,20.093282876415973,14.643548607739964,20.084322614689313,occluder,,,,,1.75,1322,ok,stale_plan,0,ok,1.0549125,0.33965949999401346,0.7146834000013769,0.0,1,0.0011741000000000668,0.009460400000001812,0,253.40256226580902,20.057926496472305,,3.5500091517365604,0,0,0,,,,,,,,,,,,0,17.90944230695506,-0.1742937050527265,22.418467603392934,0.03227226366435507,19.799969961607115,0.7649236957405854,22.803181939837522,0.7789229643923391,17.136937144957546,-0.02639771505632429,30.238431971341534,0.549170283975929,30.427032494807936,0.7267754720951475,30.23464755776773,-0.0053783046332034285,30.041685101097645,0.7506555165189153
1358,3.3,empty_shadow,IDEAM,0,0,1357,3.25,1,1,281.62337204488324,-201.7165138586428,,,,,,,0,0,29.664596736115275,0.49227643300085333,0.675944447517395,0.0,-0.002094604540616274,-0.002559042302891612,31.929492,0.008096521639306726,0,0,20.678774253836448,14.546921928600332,20.670218567035167,occluder,,,,,1.7999999999999998,1322,ok,stale_plan,0,ok,1.0549125,0.33965949999401346,0.7146834000013769,0.0,0,0.0011741000000000668,0.011586699999998729,0,254.29779548773766,20.645365013108716,,3.5334861413572014,0,0,0,,,,,,,,,,,,0,17.90142761539704,-0.16029384047317302,22.419985854830454,0.030365028541663897,19.837098436069823,0.7425695037132192,22.842461874060202,0.7855986853693353,17.135855677892753,-0.021629341296934414,30.26516739534984,0.5347147208155919,30.462940202870143,0.718154197278113,30.23399526615952,-0.013045823373449223,30.078861199468097,0.7435219967525671
1359,3.35,empty_shadow,IDEAM,0,0,1358,3.3000000000000003,1,1,283.1074169754816,-201.73274648356184,,,,,,,0,0,29.69216996308241,0.5514645393427031,0.690513551235199,0.0,-0.0022087593097239733,-0.002698508556932211,31.929492,0.008081491828640321,0,0,21.266165618417002,14.444680098022221,21.258096368291735,occluder,,,,,1.85,1322,ok,stale_plan,0,ok,1.0549125,0.33965949999401346,0.7146834000013769,0.0,1,0.001183799999999735,0.010852599999999768,0,255.19263196035223,21.234573471092517,,3.51725351643816,0,0,0,,,,,,,,,,,,0,17.894122455764432,-0.14610320323703735,22.421404929351617,0.02838148932596328,19.87285933818964,0.7152180553588415,22.881768511842704,0.7861327564499394,17.135001185237773,-0.017089853098148682,30.290989282105112,0.5164443269282525,30.498138374335753,0.7039634730611045,30.23299011554359,-0.0201030028828119,30.115384983389205,0.7304757134825227
1360,3.4,empty_shadow,IDEAM,0,0,1359,3.35,1,1,284.5929265727615,-201.7484598099656,,,,,,,0,0,29.722648129200113,0.6095633223540631,0.7046995759010315,0.0,-0.0022087593097239733,-0.002698508556932211,31.929492,0.00806492721578541,0,0,21.855431792514626,14.337074307515488,21.847917708857477,occluder,,,,,1.9,1322,ok,stale_plan,1,ok,0.7142576,0.0006847000040579587,0.7131267999939155,0.0,0,0.001183799999999735,0.007913800000000748,0,256.08719377998506,21.825521248739562,,3.5015401900344045,0,0,0,,,,,,,,,,,,0,17.887534460763202,-0.13175990891468942,22.42272291736341,0.02635975972046003,19.907035228982885,0.68351782594771,22.920798584126914,0.7806014464555324,17.134369852495027,-0.012626654855074545,30.31572215452955,0.49466414049347507,30.532369519936115,0.6846229605526715,30.23166071649593,-0.026587970814791806,30.150997053770077,0.7122414478162177
1361,3.45,empty_shadow,IDEAM,0,0,1360,3.4000000000000004,1,1,286.0800537004903,-201.76446250157346,,,,,,,0,0,29.755924472061867,0.6655268572350792,0.7184993028640747,0.0,0.0059763528406620026,0.008064927533268929,32.10188907784415,0.008046899906244596,1,0,22.446732864217342,14.22450620029976,22.439365923567003,occluder,,,,,0.9500000000000002,1342,ok,accepted,0,ok,0.7142576,0.0006847000040579587,0.7131267999939155,0.0,1,0.0012056999999998652,0.010895399999999,0,256.9814199010726,22.41842225538079,,3.485537498426538,0,0,0,,,,,,,,,,,,0,17.881669350718987,-0.11730220896392954,22.423934093397115,0.024223520917015802,19.93942774558492,0.6478503397757971,22.959267896606683,0.7693862502250487,17.133952142780444,-0.008354194290027393,30.33920960341329,0.4697555302116948,30.56537996153044,0.660208885649093,30.230039493739355,-0.03242444448690551,30.18544754778034,0.6890099251071
1362,3.5,empty_shadow,IDEAM,0,0,1361,3.45,1,1,287.56888998427246,-201.78096815018753,,,,,,,0,0,29.792030895658673,0.7221284719361165,0.7319968342781067,0.0,0.006601233035326004,0.008064927533268929,32.10188907784415,0.008027407698690394,1,0,23.04014554142908,14.107013729730351,23.032302211116974,occluder,,,,,1.0,1342,ok,accepted,0,ok,0.7142576,0.0006847000040579587,0.7131267999939155,0.0,0,0.0012056999999998652,0.00863119999999995,0,257.8753103288203,23.013368111415275,,3.469031849812467,0,0,0,,,,,,,,,,,,0,17.8765252188555,-0.10288264392990355,22.42503655196293,0.02204917252931337,19.969867132495036,0.6087877426774857,22.996909419870644,0.752830465852585,17.133732797427594,-0.004386907056631346,30.361304751207506,0.44190915175147966,30.596944633509427,0.6312934958070686,30.228155057326852,-0.0376887172696079,30.218501862903583,0.6610863496067423
1363,3.55,empty_shadow,IDEAM,0,0,1362,3.5,1,1,289.0595575204404,-201.7980530081056,,,,,,,0,0,29.83091005812193,0.7775832492651347,0.7450586557388306,0.0,0.006570522207766771,0.008027407340705395,32.400643126965875,0.00800649769902792,1,0,23.635662744924463,13.984920242253045,23.62685293561178,occluder,,,,,1.0499999999999998,1342,ok,accepted,0,ok,0.7142576,0.0006847000040579587,0.7131267999939155,0.0,1,0.0011854000000006693,0.011441200000000151,0,258.76898713353364,23.610358842869914,,3.4519469918944026,0,0,0,,,,,,,,,,,,0,17.872096342819482,-0.08857752599607584,22.42603410668711,0.01995109653749406,19.998208430960386,0.5668259708468673,23.03346947660598,0.7312011352058125,17.133698464879515,-0.0006866509603591416,30.38188551137257,0.4116208564257077,30.626863264411977,0.5983726754371154,30.226041738959196,-0.042266356385361775,30.24995972843798,0.6291573578802556
1364,3.6,empty_shadow,IDEAM,0,0,1363,3.5500000000000003,1,1,290.552300558918,-201.81603742659306,,,,,,,0,0,29.87247510198673,0.8313008772960018,0.7577198147773743,0.0,0.006570522207766771,0.008027407340705395,32.400643126965875,0.007984233407293697,1,0,24.233480979123183,13.858623050252124,24.223338314001076,occluder,,,,,1.1,1342,ok,accepted,0,ok,0.7142576,0.0006847000040579587,0.7131267999939155,0.0,0,0.0011854000000006693,0.008713800000002436,0,259.66248083278884,24.209608182092268,,3.4339625734069443,0,0,0,,,,,,,,,,,,0,17.868382722496033,-0.07427241033715334,22.426926757128726,0.01785301143089438,20.024331477894847,0.5224609380193479,23.068721092928662,0.7050323268076628,17.133837699826472,0.002784698932198282,30.400831703086027,0.3789288195750541,30.65496037907926,0.5619423493703235,30.22373387129174,-0.04615734230320657,30.279638039096596,0.5935662590536394
1365,3.65,empty_shadow,IDEAM,0,0,1364,3.6,1,1,292.0471802649927,-201.83530285453276,,,,,,,0,0,29.916654446440752,0.8835868890804477,0.770057737827301,0.0,0.006535183638334274,0.00798423308879137,32.5995683507144,0.007960670422835324,1,0,24.833615208576514,13.728484164616566,24.821868353858733,occluder,,,,,1.15,1342,ok,accepted,0,ok,0.7142576,0.0006847000040579587,0.7131267999939155,0.0,1,0.0011842999999984727,0.012618799999998487,0,260.55582195457305,24.811146766382763,,3.414697145467244,0,0,0,,,,,,,,,,,,0,17.865376728511013,-0.060119882144942155,22.42771450360104,0.015754932390458984,20.048140905885127,0.476188557937656,23.10246208923204,0.6748199263641421,17.134135244922806,0.0059509019274680015,30.418063196843484,0.34463410157535534,30.681075760428836,0.5223076801571975,30.221265786450687,-0.04936168583841907,30.30737085613376,0.5546563835273154
1366,3.7,empty_shadow,IDEAM,0,0,1365,3.6500000000000004,1,1,293.5442883059121,-201.85618495403222,,,,,,,0,0,29.96338429840842,0.9345970393533776,0.7820931673049927,0.0,0.006535183638334274,0.00798423308879137,32.5995683507144,0.007935860459029099,1,0,25.43617271414593,13.594859172475992,25.42262102045702,occluder,,,,,1.2000000000000002,1342,ok,accepted,0,ok,0.7142576,0.0006847000040579587,0.7131267999939155,0.0,0,0.0011842999999984727,0.010165400000001767,0,261.4489799604884,25.41509680138688,,3.3938150459677843,0,0,0,,,,,,,,,,,,0,17.8630726371287,-0.046081828931121234,22.42840306665,0.013771262591655417,20.069562328486036,0.4284284501045899,23.13449791656688,0.6407165468812019,17.13457584272548,0.008811956054663363,30.433497956523222,0.3086986316826073,30.70507589488419,0.48000273720588477,30.21866800194439,-0.05195567927799466,30.333022758272573,0.5130380810540572
1367,3.75,empty_shadow,IDEAM,0,0,1366,3.7,1,1,295.043838455667,-201.879126157073,,,,,,,0,0,30.012600731662673,0.9843286650850303,0.7938328385353088,0.0,0.006495589856058359,0.007935860194265842,32.69817108332031,0.007909855501841282,1,0,26.041141149147705,13.457997957022817,26.025637503677654,occluder,,,,,1.25,1342,ok,accepted,0,ok,0.7142576,0.0006847000040579587,0.7131267999939155,0.0,1,0.0011946999999992158,0.01030060000000077,0,262.3421684839801,26.021458427650032,,3.3708738429270113,0,0,0,,,,,,,,,,,,0,17.86146282115305,-0.032196319445847374,22.429000077067656,0.011940210919734563,20.088542340222784,0.37960023392708725,23.164670264352658,0.6034469558598329,17.135144232539723,0.01136779628441831,30.44708064938824,0.27165652092595377,30.72685206369524,0.43552341835431857,30.2159748466002,-0.05386309774502756,30.356473582961012,0.4690165265424157
1368,3.8,empty_shadow,IDEAM,0,0,1367,3.75,1,1,296.54586135155756,-201.9044774053724,,,,,,,0,0,30.064252009246104,1.0330255516686293,0.8053052425384521,0.0,0.006495589856058359,0.007935860194265842,32.69817108332031,0.007882701242398375,1,0,26.64875735433804,13.318187689111125,26.631193213416708,occluder,,,,,1.2999999999999998,1342,ok,accepted,0,ok,0.7142576,0.0006847000040579587,0.7131267999939155,0.0,0,0.0011946999999992158,0.013116600000000034,0,263.2351739020137,26.630475905507012,,3.345522594627596,0,0,0,,,,,,,,,,,,0,17.860532021852038,-0.018615984761869455,22.42950743925649,0.010147245045353345,20.105054238598083,0.3302379688261699,23.192845618787057,0.5635070887564702,17.13582324853732,0.013580319953450493,30.458773110065877,0.2338511543101103,30.746312714813687,0.3892130572658487,30.21321683847462,-0.055160156509053676,30.377626055715172,0.4230494818602321
1369,3.85,empty_shadow,IDEAM,0,0,1368,3.8000000000000003,1,1,298.0504788556737,-201.93162830576028,,,,,,,0,0,30.118626692535955,1.0874936657970125,0.8164837956428528,0.0,-0.001689522061496973,-0.007882701233029366,31.929492,0.007854266025849169,1,0,27.25902031544919,13.175171297388793,27.23977101817234,occluder,,,,,1.35,1342,ok,stale_plan,0,ok,0.7142576,0.0006847000040579587,0.7131267999939155,0.0,1,0.0011758999999997855,0.011203899999998157,0,264.1281488076763,27.242118503960512,,3.3183716942397155,0,0,0,,,,,,,,,,,,0,17.860270701686126,-0.005226400948443533,22.429928969353096,0.008430602602552583,20.119090394674878,0.28072312579341685,23.218900002146025,0.5210876671968664,17.136597630861715,0.015487646490639464,30.46854480716598,0.1954352534526577,30.76338727659866,0.3414912631141005,30.21041305127277,-0.05607573813417881,30.396407697508685,0.3756328566012027
1370,3.9,empty_shadow,IDEAM,0,0,1369,3.85,1,1,299.5579349472592,-201.96010575251705,,,,,,,0,0,30.175411079045848,1.1356877301978585,0.8271172046661377,0.0,-0.006452078931033611,-0.007882701233029366,31.929492,0.007824734576440123,1,0,27.87219335843665,13.02942517329279,27.85207815710287,occluder,,,,,1.4,1342,ok,stale_plan,0,ok,0.7142576,0.0006847000040579587,0.7131267999939155,0.0,0,0.0011758999999997855,0.014165200000000766,0,265.02109319576266,27.85663020745966,,3.2898942474829482,0,0,0,,,,,,,,,,,,0,17.860665509474245,0.007896159047616765,22.430274204558533,0.0069047044261974205,20.130658438342152,0.23136088108850458,23.242738046395257,0.4767608849929015,17.13745593674449,0.017166117645013433,30.476386192415077,0.15682849857169753,30.7780356946136,0.29296838078707704,30.20759400019413,-0.05638101830103851,30.41276891773531,0.3272244192974336
1371,3.95,empty_shadow,IDEAM,0,0,1370,3.9000000000000004,1,1,301.0681380059149,-201.98971141262874,,,,,,,0,0,30.234578477621483,1.1833479715127027,0.8371630907058716,0.0,-0.006404632702469826,-0.007824734784662724,31.929492,0.007794140637834084,1,0,28.48803993134534,12.881109581814028,28.467833289718474,occluder,,,,,1.4500000000000002,1342,ok,stale_plan,0,ok,0.7142576,0.0006847000040579587,0.7131267999939155,0.0,1,0.0016707999999994172,0.011467599999999578,0,265.91415964894895,28.473766812929057,,3.2602885873712637,0,0,0,,,,,,,,,,,,0,17.861699280125656,0.02067541679257177,22.43054695849054,0.005455078722373949,20.139788887698415,0.18260899863093055,23.264287272905165,0.43098453018666333,17.13837718521882,0.018424969490039637,30.482304886429933,0.11837428026703616,30.7902236370284,0.24375886217991258,30.20479211053325,-0.056037791664793425,30.426677291198157,0.2781674790592489
1372,4.0,empty_shadow,IDEAM,0,0,1371,3.95,1,1,302.5814846976686,-202.02026204529713,,,,,,,0,0,30.29605009165561,1.2294322806825164,0.8463159203529358,0.0,-0.006404632702469826,-0.007824734784662724,31.929492,0.007762544897506446,1,0,29.106993715084208,12.73068245932086,29.087283511951856,occluder,,,,,1.5,1342,ok,stale_plan,0,ok,0.7142576,0.0006847000040579587,0.7131267999939155,0.0,0,0.0016707999999994172,0.01328850000000159,0,266.8073176548643,29.093955498767457,,3.2297379547028697,0,0,0,,,,,,,,,,,,0,17.86335675485245,0.033149498586915474,22.430754862296162,0.0041580763672712144,20.146519890240217,0.13462006612605626,23.283499997330825,0.3842544885082458,17.139351840984432,0.019493115311407055,30.486325683204534,0.08041607855551887,30.79994919622583,0.19451119250984483,30.202030269611367,-0.0552368184161316,30.438117559135335,0.22880536446484304
1373,4.05,empty_shadow,IDEAM,0,0,1372,4.0,1,1,304.09791382079527,-202.05126939012223,,,,,,,0,0,30.359681873454797,1.272635635983761,0.8545302748680115,0.0,-0.0063537294045090675,-0.0077625447884202,31.929492,0.007730040786866225,1,0,29.729068188776242,12.578725575395302,29.710303984306574,occluder,,,,,1.5499999999999998,1342,ok,stale_plan,0,ok,0.7142576,0.0006847000040579587,0.7131267999939155,0.0,1,0.0011434000000001276,0.010076999999999003,0,267.700506178356,29.717196098402383,,3.198730609877771,0,0,0,,,,,,,,,,,,0,17.865603601395392,0.04493693500535498,22.430909357590366,0.003089905887771305,20.150914388981235,0.08788999370117626,23.300330443913012,0.33660893165218264,17.140364643423176,0.020256048773453047,30.488463842224377,0.042763194202307606,30.807218094555918,0.14537797084921406,30.19931992131906,-0.054206966312272516,30.44709735090703,0.17959583811111232
1374,4.1,empty_shadow,IDEAM,0,0,1373,4.05,1,1,305.6176082881536,-202.0821688094769,,,,,,,0,0,30.42530650311713,1.312492593246688,0.861758291721344,0.0,-0.0063537294045090675,-0.0077625447884202,31.929492,0.00769673207205408,1,0,30.354306637100866,12.425683298111998,30.336835842740925,occluder,,,,,1.5999999999999996,1342,ok,stale_plan,1,ok,0.7297067,0.0006870000215712935,0.7285417999955826,0.0,0,0.0011434000000001276,0.010759400000001307,0,268.5938778125112,30.3435189316055,,3.1678311905230885,0,0,0,,,,,,,,,,,,0,17.868348267034598,0.054893316848639656,22.4310104455135,0.0020217583294192113,20.153039143139537,0.04249510433674623,23.31477289053022,0.2888489323819365,17.1414022400598,0.020751932733993624,30.488780401719634,0.0063311896519655285,30.8120608492079,0.09685509450559426,30.196680140139478,-0.05279562332436472,30.45363192520811,0.13069148674934172
1375,4.15,empty_shadow,IDEAM,0,0,1374,4.1000000000000005,1,1,307.14062927544177,-202.1133722698203,,,,,,,0,0,30.492749355480168,1.3488570472607364,0.8679712414741516,0.0,0.0018313826294615865,0.004177415277808905,31.96944662457549,0.007662724304228001,0,0,30.982784627797923,12.272001401426841,30.96639909163524,occluder,,,,,0.8500000000000001,1358,ok,accepted,0,ok,0.7297067,0.0006870000215712935,0.7285417999955826,0.0,1,0.0011951000000003376,0.010258300000000276,0,269.4874020293428,30.973015702062128,,3.136627730179697,0,0,0,,,,,,,,,,,,0,17.871541159882973,0.0638578611663087,22.431071478303373,0.0012206555545172639,20.15297807923432,-0.0012212571665883446,23.32682352188432,0.241012627146967,17.142455095766685,0.02105711413095752,30.48733640403485,-0.028879870151843456,30.8145213293861,0.04920960348957729,30.194128090534946,-0.05104098976251857,30.45776705826611,0.08270266099853374
1376,4.2,empty_shadow,IDEAM,0,0,1375,4.15,1,1,308.66703779178556,-202.14480345638998,,,,,,,0,0,30.561823813118764,1.3814891527719197,0.8730855584144592,0.0,0.003419260960072279,0.004177415277808905,31.96944662457549,0.007628126904248852,0,0,31.61456265032663,12.118029990649813,31.598719973802673,occluder,,,,,0.8999999999999999,1358,ok,accepted,0,ok,0.7297067,0.0006870000215712935,0.7285417999955826,0.0,0,0.0011951000000003376,0.010784400000002137,0,270.38107883405604,31.605747413692654,,3.1051965436100204,0,0,0,,,,,,,,,,,,0,17.87515176336188,0.07221207332823641,22.431094362437364,0.00045768275733975043,20.150832286480757,-0.04291583496873624,23.336505226771603,0.1936340978660469,17.14350604419304,0.02101896851509511,30.484196708733243,-0.0627936637871746,30.814654847748013,0.0026703669694799806,30.1916714032541,-0.04913374012070971,30.459548526279818,0.035629360179420144
1377,4.25,empty_shadow,IDEAM,0,0,1376,4.2,1,1,310.19695592310643,-202.17650810390737,,,,,,,0,0,30.632301743719832,1.409558612021371,0.8774205446243286,0.0,0.005839540623128414,0.007134344894438982,32.28077693203254,0.007593067478990895,0,0,32.249697854139875,11.96409349359879,32.233783324775814,occluder,,,,,0.9499999999999997,1358,ok,accepted,0,ok,0.7297067,0.0006870000215712935,0.7285417999955826,0.0,1,0.001334499999998684,0.01177810000000079,0,271.2749692618038,32.241775117265774,,3.0734918960926336,0,0,0,,,,,,,,,,,,0,17.87916291128806,0.08022296176783696,22.431084822184477,-0.00019080510627560062,20.1467085772565,-0.08247416687598057,23.343833263360377,0.1465607319303436,17.14454554851876,0.02079008651708284,30.479439527749488,-0.09514316741241297,30.812528161606895,-0.042533722179557434,30.189327244291523,-0.046883169429746255,30.459052622989187,-0.009918065033144973
1378,4.3,empty_shadow,IDEAM,0,0,1377,4.25,1,1,311.73044470976265,-202.2085014503391,,,,,,,0,0,30.70403744653454,1.4347140562941263,0.8808793425559998,0.0,0.005839540623128414,0.007134344894438982,32.28077693203254,0.007557629991852793,0,0,32.88824908798552,11.810476933190545,32.87170880270779,occluder,,,,,0.9999999999999996,1358,ok,accepted,0,ok,0.7297067,0.0006870000215712935,0.7285417999955826,0.0,0,0.001334499999998684,0.010730699999999871,0,272.1690733229967,32.88115984272906,,3.0414985496609006,0,0,0,,,,,,,,,,,,0,17.883559344847672,0.08792867388322897,22.43105239208089,-0.0006486023403016318,20.140711854404188,-0.11993444170644649,23.34887438944194,0.10082252185888041,17.145565980938603,0.020408648393298062,30.473148795851046,-0.125813947378978,30.80822900848093,-0.08598306006373818,30.187105151337278,-0.044441844360012174,30.45635182742292,-0.05401590904076337
1379,4.35,empty_shadow,IDEAM,0,0,1378,4.3,1,1,313.2675042558618,-202.24108867144864,,,,,,,0,0,30.77682478480888,1.4557467654868361,0.8837474584579468,0.0,0.006186004262417555,0.007557630073279142,32.58921591843298,0.007521925951142595,1,0,33.53023750312878,11.657563696684207,33.51263196126388,occluder,,,,,1.0499999999999994,1358,ok,accepted,0,ok,0.7297067,0.0006870000215712935,0.7285417999955826,0.0,1,0.0011619999999972208,0.009301300000000623,0,273.06336047923696,33.52393223258798,,3.0089113285513633,0,0,0,,,,,,,,,,,,0,17.888320081506787,0.09521473611817452,22.430998979843075,-0.0010682442349238476,20.132968004883324,-0.1548769794799957,23.35168010337446,0.05611427895359929,17.146555894203807,0.019798265307575752,30.465423709858992,-0.15450079344321216,30.80184894089463,-0.1276013467851758,30.185016571407772,-0.04177158000718585,30.451533877381184,-0.0963589965994105
1380,4.4,empty_shadow,IDEAM,0,0,1379,4.3500000000000005,1,1,314.8082262286517,-202.2746054293435,,,,,,,0,0,30.850487102623678,1.4732463562959452,0.8859853744506836,0.0,0.006186004262417555,0.007557630073279142,32.58921591843298,0.007486049676267786,1,0,34.17562641239137,11.505681046173573,34.15661286414848,occluder,,,,,1.1,1358,ok,accepted,0,ok,0.7297067,0.0006870000215712935,0.7285417999955826,0.0,0,0.0011619999999972208,0.00902370000000019,0,273.9579528112408,34.17006187337404,,2.975394570656505,0,0,0,,,,,,,,,,,,0,17.89343177256207,0.1022338228880485,22.43093603201997,-0.0012589563100366267,20.12360482040857,-0.1872636824515909,23.35231716174896,0.012741167826580873,17.147509568006644,0.01907347605565378,30.45636536955517,-0.18116565713792598,30.793494770414362,-0.16708340160563628,30.183059598125997,-0.03913944411330831,30.44470749150999,-0.1365277109614059
1381,4.45,empty_shadow,IDEAM,0,0,1380,4.4,1,1,316.3526107582669,-202.30943319372807,,,,,,,0,0,30.924855899453522,1.4873759365968908,0.8879036903381348,0.0,0.006127414759248495,0.007486049551516771,32.849850726384396,0.007450089058212269,1,0,34.8244710925468,11.355096938833038,34.80379641378931,occluder,,,,,1.15,1358,ok,accepted,0,ok,0.7297067,0.0006870000215712935,0.7285417999955826,0.0,1,0.0012512999999998442,0.014495399999997716,0,274.8527892838553,34.819609930374725,,2.9405668062719315,0,0,0,,,,,,,,,,,,0,17.89886771403591,0.10871883068144367,22.4308616387199,-0.0014878652767976526,20.112753908237725,-0.21701824003317352,23.350871395882823,-0.028915316893770117,17.148421280257764,0.01823424501911494,30.4460863199878,-0.20557965529460742,30.783284752082523,-0.20420035547630724,30.18124376903738,-0.03631655867065929,30.43598138843153,-0.17452205276944027
1382,4.5,empty_shadow,IDEAM,0,0,1381,4.45,1,1,317.90071898917324,-202.34589237833245,,,,,,,0,0,30.999780451625664,1.49849104344284,0.8893826603889465,0.0,0.006127414759248495,0.007486049551516771,32.849850726384396,0.007414121090889381,1,0,35.47679948574459,11.206007711304235,35.45427711192497,occluder,,,,,1.1999999999999997,1358,ok,accepted,0,ok,0.7297067,0.0006870000215712935,0.7285417999955826,0.0,0,0.0012512999999998442,0.009971300000000127,0,275.7479004198624,35.47260702527399,,2.904107621667549,0,0,0,,,,,,,,,,,,0,17.904620276461753,0.11505124918734937,22.430789153674557,-0.001449700602103447,20.10054687626874,-0.2441406393105093,23.34742672849989,-0.06889334719531956,17.14928340146274,0.017242424094406593,30.43469529087197,-0.22781911008399272,30.77133904860999,-0.23891405509066582,30.179570991578274,-0.033455525567116555,30.425479545563245,-0.2100368462507694
1383,4.55,empty_shadow,IDEAM,0,0,1382,4.5,1,1,319.4525205495454,-202.38441023963628,,,,,,,0,0,31.075150921783994,1.5074094031665908,0.8905659914016724,0.0,0.00606854073703289,0.007414121180772781,33.00761925598142,0.0073782012127686526,1,0,36.132547500463964,11.058553724205396,36.10804186896152,occluder,,,,,1.2499999999999996,1358,ok,accepted,0,ok,0.7297067,0.0006870000215712935,0.7285417999955826,0.0,1,0.001201000000001784,0.01122829999999908,0,276.6433167264276,36.12899227908093,,2.8655897603637186,0,0,0,,,,,,,,,,,,0,17.91066847813694,0.1209640340645399,22.430720482254827,-0.001373427564654487,20.087124866727656,-0.2684401921748819,23.342082341760147,-0.10688773429538102,17.150084487470078,0.01602172013910563,30.422306731399278,-0.24776963624140863,30.757779730367904,-0.2711863471818095,30.178041267590075,-0.030594457915566687,30.413324032992143,-0.24311023811483207
1384,4.6,empty_shadow,IDEAM,0,0,1383,4.55,1,1,321.0080460870944,-202.42536823693317,,,,,,,0,0,31.1508425346553,1.513832257426131,0.8912977576255798,0.0,0.00606854073703289,0.007414121180772781,33.00761925598142,0.007342390344471638,1,0,36.19802626509711,10.912846602331264,36.17544577546473,follower_1,,,,,1.2999999999999994,1358,ok,accepted,0,ok,0.7297067,0.0006870000215712935,0.7285417999955826,0.0,0,0.001201000000001784,0.012534000000002266,0,277.5390382087563,36.788796334301196,,2.824631763066833,0,0,0,,,,,,,,,,,,0,17.916997061177696,0.1265716608553492,22.430661347837894,-0.0011826879403450661,20.07262711689787,-0.28995499855943285,23.334941233058593,-0.14282217343630987,17.15083026034364,0.014915457460736805,30.409050347509616,-0.265126099678512,30.74274984792716,-0.30059762832843345,30.176646968382517,-0.027885965264218666,30.399650272251414,-0.2734751995189664
1385,4.65,empty_shadow,IDEAM,0,0,1384,4.6000000000000005,1,1,322.5672343480411,-202.46812552194135,,,,,,,0,0,31.227019210906427,1.523533525022529,0.8898163437843323,0.0,-0.002116571180522442,-0.00734239025041461,31.929492,0.007306612562230245,1,0,36.23716436786022,10.76871768885828,36.21357466585857,follower_1,,,,,1.35,1358,ok,stale_plan,0,ok,0.7297067,0.0006870000215712935,0.7285417999955826,0.0,1,0.0011502999999990493,0.012750000000000483,0,278.43503434927214,37.45198845473209,,2.781874478058654,0,0,0,,,,,,,,,,,,0,17.923588859346914,0.13183596298350136,22.430615564817707,-0.0009156595782683642,20.057194771135464,-0.30864691663309424,23.326125472067428,-0.17631521921678903,17.151513090719927,0.01365660751310869,30.395038678874354,-0.2802318326388788,30.72638100811997,-0.3273767731430376,30.17538618717771,-0.025215611155182033,30.384601314284687,-0.3009791423011038
1386,4.7,empty_shadow,IDEAM,0,0,1385,4.65,1,1,324.13029880446385,-202.5122395169283,,,,,,,0,0,31.303137319398175,1.5223621698349632,0.8857899308204651,0.0,-0.006009828299283981,-0.00734239025041461,31.929492,0.007271122847756343,1,0,36.28094162632958,10.626583039835838,36.2573118749041,follower_1,,,,,1.4,1358,ok,stale_plan,1,ok,0.5871119,0.0006730000022798777,0.5859777000150643,0.0,0,0.0011502999999990493,0.007834700000000083,0,279.3314272182805,38.11866004214647,,2.737760483071696,1,0,0,,,,,,,,,,,,0,17.930424799076356,0.13671879381262553,22.430583134215677,-0.0006486116544814781,20.040968972189333,-0.3245159784326344,23.315738056196558,-0.20774831673012267,17.152134885913927,0.01243590386427594,30.380395705130013,-0.29285801700997477,30.708808632488513,-0.3514474874891261,30.174260830646936,-0.02250711877474438,30.368308765954467,-0.32585094811459814
1387,4.75,empty_shadow,IDEAM,0,0,1386,4.7,1,1,325.6970260935975,-202.55847323417822,,,,,,,0,0,31.37867481318227,1.5107498756818671,0.8798460960388184,0.0,0.0015222089132294059,0.0018597290618345141,32.24708346877707,0.007236158840382046,0,0,36.32908364258746,10.486923525184336,36.30585584733781,follower_1,,,,,0.75,1372,ok,accepted,0,ok,0.5871119,0.0006730000022798777,0.5859777000150643,0.0,1,0.0011726000000003012,0.012117299999999886,0,280.22818630341044,38.78862824615021,,2.691526765821777,1,0,0,,,,,,,,,,,,0,17.93748580680358,0.14122015345205666,22.430569777046124,-0.0002671433008477165,20.02409467837576,-0.3374858729835777,23.30390486983481,-0.23666372655078696,17.152691831254405,0.011138906791316969,30.36525303609583,-0.3028520532575202,30.690187216373822,-0.3724282951542362,30.17325945668462,-0.020027471919713546,30.35091949294683,-0.3477854404815473
1388,4.8,empty_shadow,IDEAM,0,0,1387,4.75,1,1,327.26750777337656,-202.6068419012469,,,,,,,0,0,31.453494877928037,1.4964012949153727,0.8721553087234497,0.0,0.0015222089132294059,0.0018597290618345141,32.24708346877707,0.007201774922626421,0,0,36.38177349606502,10.350104446435786,36.359021584214645,follower_1,,,,,0.7999999999999998,1372,ok,accepted,0,ok,0.5871119,0.0006730000022798777,0.5859777000150643,0.0,0,0.0011726000000003012,0.011096399999999562,0,281.1252505590985,39.462045670241196,,2.643158098753105,1,0,0,,,,,,,,,,,,0,17.944754715505233,0.14537817300412126,22.430577400040416,0.0001524606528956501,20.00670921858045,-0.34770918915349164,23.290747983332444,-0.2631377293615688,17.15318774142111,0.00991820331274434,30.34972511346718,-0.3105572902740283,30.67065599632758,-0.39062437191281696,30.1723839717698,-0.01750969381569489,30.332574639225392,-0.3668970535999836
1389,4.8500000000000005,empty_shadow,IDEAM,0,0,1388,4.800000000000001,1,1,328.8416522181966,-202.65713192633228,,,,,,,0,0,31.527150058979807,1.473103621035392,0.8630768656730652,0.0,0.0018757355865091085,0.0022916432935744524,32.405613377926116,0.007168165147268436,0,0,36.438919602800965,10.216495797214288,36.41670485517084,follower_1,,,,,0.8500000000000005,1372,ok,accepted,0,ok,0.5871119,0.0006730000022798777,0.5859777000150643,0.0,1,0.0011974999999999625,0.011566800000000654,0,282.0227115432791,40.13872913088062,,2.5928680736677165,1,0,0,,,,,,,,,,,,0,17.952218174639054,0.1492691813795768,22.430607911944712,0.0006102384489892275,19.98894801428815,-0.35522407525036054,23.276393282285134,-0.2870940201869802,17.15361689305336,0.0085830325445888,30.33393400562476,-0.31582117253851316,30.650359930033098,-0.4059212959442881,30.17161911689383,-0.015297094965507891,30.31342297752324,-0.38303321255202255
1390,4.9,empty_shadow,IDEAM,0,0,1389,4.8500000000000005,1,1,330.4193067673002,-202.70912973845378,,,,,,,0,0,31.599275068362086,1.4425001876455923,0.8527590036392212,0.0,0.0018757355865091085,0.0022916432935744524,32.405613377926116,0.007135481082173046,0,0,36.50036927080565,10.086391957034966,36.47874846244823,follower_1,,,,,0.9000000000000004,1372,ok,accepted,0,ok,0.5871119,0.0006730000022798777,0.5859777000150643,0.0,0,0.0011974999999999625,0.00894789999999901,0,282.9205692559522,40.81852596731113,,2.5408702615462175,1,0,0,,,,,,,,,,,,0,17.959860925311556,0.15285501194361897,22.430667034193856,0.0011824450472609563,19.970952208988656,-0.3599160914556701,23.260964743728607,-0.30857077038871333,17.153983103695083,0.007324212813488614,30.317996060644226,-0.3187581088683439,30.62944206856327,-0.41835719873253985,30.170951541116732,-0.013351514782468892,30.293611373603277,-0.39623205641855036
1391,4.95,empty_shadow,IDEAM,0,0,1390,4.9,1,1,332.0004714102769,-202.76280482003503,,,,,,,0,0,31.669531788478366,1.4051344023256007,0.8413876295089722,0.0,0.0019886833615601063,0.0024296350311487913,32.46449388040139,0.0071038580983635346,0,0,36.56612249487375,9.960002896634428,36.545161314851015,follower_1,,,,,0.9500000000000002,1372,ok,accepted,0,ok,0.5871119,0.0006730000022798777,0.5859777000150643,0.0,1,0.001261199999998297,0.011454700000001594,0,283.8187931743362,41.50146669190383,,2.4871951799649707,1,0,0,,,,,,,,,,,,0,17.967665802137194,0.15609753454113365,22.43075285862483,0.001716489306661466,19.952851502924567,-0.36201410251551924,23.244603512076836,-0.32722463222858406,17.15428637159823,0.006065358024281802,30.30203716076644,-0.319177391954741,30.608047370303737,-0.42789393407148385,30.170371707075716,-0.011596680815367215,30.273286692887456,-0.40649359228448345
1392,5.0,empty_shadow,IDEAM,0,0,1391,4.95,1,1,333.5850240403833,-202.81805040120196,,,,,,,0,0,31.7376254718874,1.3618736681807064,0.8290195465087891,0.0,0.0019886833615601063,0.0024296350311487913,32.46449388040139,0.007073408889811336,0,0,36.63602664027502,9.837474267657827,36.61579871118188,follower_1,,,,,1.0,1372,ok,accepted,0,ok,0.5871119,0.0006730000022798777,0.5859777000150643,0.0,0,0.001261199999998297,0.00911310000000043,0,284.7174443439944,42.187368152352064,,2.4319495987980417,1,0,0,,,,,,,,,,,,0,17.975621360817616,0.15911117078165937,22.43086538733477,0.002250574478010577,19.934775594606066,-0.36151814414658656,23.22742593496877,-0.3435515413775304,17.154528604268005,0.0048446534009349475,30.286154578755458,-0.3176512066044271,30.586322701006324,-0.43449335461812794,30.169875800465686,-0.00991813228921708,30.252593894163507,-0.4138559522660261
1393,5.05,empty_shadow,IDEAM,0,0,1392,5.0,1,1,335.17281205932704,-202.87483601643208,,,,,,,0,0,31.80329662295625,1.3134230213769627,0.8157135248184204,0.0,0.0018280065851286054,0.002233331324532628,32.43860864370071,0.007044228020262497,0,0,36.709990185512694,6.371817041364532,36.69059627238506,follower_1,,,,,1.0499999999999998,1372,ok,accepted,0,ok,0.5871119,0.0006730000022798777,0.5859777000150643,0.0,1,0.0011830999999986602,0.012754799999999733,0,285.6164617245688,42.87613879072137,,2.3751639835679157,1,0,0,,,,,,,,,,,,0,17.983704712694255,0.1616670349227664,22.431008432786392,0.0028609090741345674,19.916846549988005,-0.35858086957299895,23.209573156845845,-0.35705556160698415,17.15471361745082,0.0037002636537105164,30.270464660141677,-0.31379808544425253,30.56439585293068,-0.4385369302145293,30.169448560703596,-0.008544794855614381,30.231668399079624,-0.41850987947749996
1394,5.1000000000000005,empty_shadow,IDEAM,0,0,1393,5.050000000000001,1,1,336.76380491309396,-202.93305486461898,,,,,,,0,0,31.866286768819155,1.2598029172580993,0.8014792799949646,0.0,0.0018280065851286054,0.002233331324532628,32.43860864370071,0.007016407783247049,0,0,36.78792150498235,6.279093249856926,36.769472647927046,follower_1,,,,,1.1000000000000005,1372,ok,accepted,0,ok,0.5871119,0.0006730000022798777,0.5859777000150643,0.0,0,0.0011830999999986602,0.008435999999999666,0,286.5159063564175,43.567687012639624,,2.316945135381019,1,0,0,,,,,,,,,,,,0,17.991902505292973,0.16395584889861284,22.4311800878306,0.003433101554850006,19.899184530555548,-0.3532403667396834,23.19117106210193,-0.36804189404432675,17.154843316089593,0.002593972779329157,30.2550665860141,-0.3079613180376473,30.54240796977943,-0.43975763198406964,30.169082359096514,-0.0073240308787957,30.21065325837414,-0.4203027923280607
1395,5.15,empty_shadow,IDEAM,0,0,1394,5.1000000000000005,1,1,338.3577279539078,-202.99273755703595,,,,,,,0,0,31.926379841184822,1.2018614473133482,0.7862769365310669,0.0,0.0014565206365659833,0.0017794755985960364,32.35756677025573,0.006990020391727318,0,0,36.86954594049679,6.188983583298245,36.852184368055944,follower_1,,,,,1.1500000000000004,1372,ok,accepted,0,ok,0.5871119,0.0006730000022798777,0.5859777000150643,0.0,1,0.0011700000000018917,0.012354800000000665,0,287.4157477115533,44.26176869831761,,2.2572624429640484,1,0,0,,,,,,,,,,,,0,18.000201387558334,0.1659776428826243,22.43137654048568,0.003929053336439579,19.88190588452205,-0.34557290051407685,23.172343628460073,-0.37654867200724457,17.15492151652911,0.001564008784576707,30.240061443966493,-0.30010276563220767,30.520492565872747,-0.4383080475451349,30.16877338055746,-0.006179568408551619,30.189681986761045,-0.4194254107299132
1396,5.2,empty_shadow,IDEAM,0,0,1395,5.15,1,1,339.9545506537813,-203.05385358651748,,,,,,,0,0,31.98335124166079,1.139428009519392,0.7701539993286133,0.0,0.0014565206365659833,0.0017794755985960364,32.35756677025573,0.0069651409676949605,0,0,36.95480246731415,6.101530745731666,36.93868701429081,follower_1,,,,,1.2000000000000002,1372,ok,accepted,0,ok,0.5871119,0.0006730000022798777,0.5859777000150643,0.0,0,0.0011700000000018917,0.01182139999999876,0,288.3159857951817,44.95835331456277,,2.1961464134825235,1,0,0,,,,,,,,,,,,0,18.008589915885228,0.16777056329248788,22.4316073297839,0.004615785960800772,19.865115516512134,-0.3358073423715485,23.15322055623644,-0.38246144356400696,17.154952034621644,0.0006103618551009008,30.22553124807826,-0.2906038967767717,30.49876598696598,-0.43453155035737007,30.16851018062055,-0.00526399516471203,30.168878561462375,-0.4160684850976787
1397,5.25,empty_shadow,IDEAM,0,0,1396,5.2,1,1,341.55408987081876,-203.11629620401098,,,,,,,0,0,32.03700626247373,1.0731004162587965,0.7530370354652405,0.0,0.0009531620307825506,0.001164507120847702,32.23780359443553,0.006941831060453202,0,0,37.043477415551465,6.016772009125625,37.028793743502895,follower_1,,,,,1.25,1372,ok,accepted,0,ok,0.5871119,0.0006730000022798777,0.5859777000150643,0.0,1,0.0016977999999987503,0.013950699999998761,0,289.2166511248789,45.65722720190297,,2.133703795989021,1,0,0,,,,,,,,,,,,0,18.017052831876434,0.16925831711290876,22.431864826319106,0.00514993044997076,19.848916422715302,-0.32398186160184256,23.13393154390222,-0.38578024587774495,17.15494059085884,-0.00022887525481336932,30.211567550273614,-0.2792739570548032,30.477359840462782,-0.4281229048611757,30.168279407068486,-0.00461546641193706,30.148370774450974,-0.4101557203387673
1398,5.3,empty_shadow,IDEAM,0,0,1397,5.25,1,1,343.1561929963168,-203.18000442641764,,,,,,,0,0,32.087135955739896,1.0025938653232913,0.734976053237915,0.0,0.0009531620307825506,0.001164507120847702,32.23780359443553,0.006920158268582704,0,0,37.13541817650538,5.934750765861985,37.122361799771824,follower_1,,,,,1.2999999999999998,1372,ok,accepted,0,ok,0.5871119,0.0006730000022798777,0.5859777000150643,0.0,0,0.0016977999999987503,0.009809400000001745,0,290.1177742182214,46.35820723405851,,2.0699955735823607,1,0,0,,,,,,,,,,,,0,18.025574875250307,0.17044086414537987,22.43214902991255,0.0056840708372849534,19.833400155326395,-0.31032533754934355,23.114589126318076,-0.3868483507918591,17.15489100014371,-0.0009918143024289193,30.19824473666744,-0.2664562646747492,30.45638093694806,-0.41957804867825277,30.1680772458111,-0.0040432192780696105,30.128274972154756,-0.4019160283997682
1399,5.3500000000000005,empty_shadow,IDEAM,0,0,1398,5.300000000000001,1,1,344.7605546254748,-203.24430697116557,,,,,,,0,0,32.1335620498891,0.9285218829840858,0.7156479954719543,0.0,-0.005664226599037647,-0.00692015839740634,31.929492,0.0069001770647341,1,0,37.23025830501726,5.8554857726075715,37.219422700804515,follower_1,,,,,1.3500000000000005,1372,ok,stale_plan,0,ok,0.5871119,0.0006730000022798777,0.5859777000150643,0.0,1,0.0011666000000012389,0.01573850000000121,0,291.01929404526186,47.06104903617609,,2.005693028834429,1,0,0,,,,,,,,,,,,0,18.034136974075516,0.17124197385531714,22.432463753053444,0.006294462787122018,19.818656358471447,-0.294875931506357,23.095315373090664,-0.3854750636889887,17.154807075901772,-0.0016784848417688365,30.185639100853102,-0.2521126740543353,30.43594181037828,-0.4087825131965649,30.167892251998722,-0.0036998694103575294,30.10870750281377,-0.3913493717182033
1400,5.4,empty_shadow,IDEAM,0,0,1399,5.3500000000000005,1,1,346.3671746021313,-203.3087460746095,,,,,,,0,0,32.1760686590783,0.8501321837839271,0.6951786279678345,0.0,-0.005664226599037647,-0.00692015839740634,31.929492,0.006881958547728176,1,0,37.32796713775987,5.778970069561048,37.320083653611306,follower_1,,,,,1.4000000000000004,1372,ok,stale_plan,1,ok,0.6805818,0.000655800016829744,0.6786543999915011,0.0,0,0.0011666000000012389,0.009421000000003232,0,291.9212716307421,47.765691427352294,,1.9412539253904981,1,0,0,,,,,,,,,,,,0,18.042735311139168,0.17196673825756909,22.43280327146057,0.006790368923189193,19.804761325985094,-0.27790064802094067,23.076226631924776,-0.38177482277744623,17.154694541711372,-0.0022506838149691523,30.17380404812802,-0.23670095729995716,30.41614164240915,-0.39600334503618656,30.167711073544382,-0.003623561570602937,30.089769455686888,-0.37876093010463185
1401,5.45,empty_shadow,IDEAM,0,0,1400,5.4,1,1,347.9757477192902,-203.3732302881282,,,,,,,0,0,32.21445022696889,0.767631357811922,0.6738561987876892,0.0,-0.005632959771901369,-0.0068819583393633366,32.064145828854706,0.006865569958228719,1,0,37.428178422173886,5.705249931318778,37.42382940874249,follower_1,,,,,0.8499999999999996,1384,ok,accepted,0,ok,0.6805818,0.000655800016829744,0.6786543999915011,0.0,1,0.0012247999999992487,0.010322299999998563,0,292.82364594471494,48.471890230538406,,1.8767697118717876,1,0,0,,,,,,,,,,,,0,18.05135272382265,0.17234825114948454,22.433167586684764,0.007286306257316474,19.791793260038062,-0.2593613196406314,23.05743162323641,-0.375900173381595,17.154555306005868,-0.002784714110067607,30.162798706754746,-0.2201066597018011,30.397071984980453,-0.3813931384457511,30.167529896042037,-0.0036235418214889204,30.071556198240636,-0.3642651391759355
1402,5.5,empty_shadow,IDEAM,0,0,1401,5.45,1,1,349.5861517556899,-203.4373171485077,,,,,,,0,0,32.24851469625176,0.681289385657351,0.6519354581832886,0.0,-0.005632959771901369,-0.0068819583393633366,32.064145828854706,0.0068510737151404955,1,0,37.530739393394356,5.634353766549733,37.53020676382432,follower_1,,,,,0.8999999999999995,1384,ok,accepted,0,ok,0.6805818,0.000655800016829744,0.6786543999915011,0.0,0,0.0012247999999992487,0.011304799999997783,0,293.7264474995513,49.17949271210176,,1.8126828514922977,1,0,0,,,,,,,,,,,,0,18.05997967258676,0.1725389730126924,22.433552882793922,0.007705924652587424,19.77981128751506,-0.23963945269903392,23.039039064522672,-0.3678511735349054,17.154396996664953,-0.0031661868225892164,30.152668852723416,-0.20259683505399512,30.378820576127172,-0.3650281706758895,30.167342997244734,-0.0037379671829122973,30.054161189414046,-0.3479001700151451
1403,5.55,empty_shadow,IDEAM,0,0,1402,5.5,1,1,351.1981729633668,-203.50064051770727,,,,,,,0,0,32.278120995487704,0.5921259847188765,0.6294357180595398,0.0,-0.005607680417597294,-0.006851073820143938,31.945073785087306,0.006838511918913724,1,0,37.635344776755375,5.566264464283454,37.63853126515701,follower_1,,,,,0.9499999999999993,1384,ok,accepted,0,ok,0.6805818,0.000655800016829744,0.6786543999915011,0.0,1,0.0011725000000026853,0.009789399999998949,0,294.6297373408146,49.88822407851535,,1.749359482292732,1,0,0,,,,,,,,,,,,0,18.068598992231458,0.1723863906916044,22.433961066679426,0.008163680518434349,19.76886881539695,-0.21884944446524274,23.021148138377466,-0.3578185222029885,17.154223428505325,-0.003471363200215222,30.143454539146255,-0.18428595061412378,30.361465616058403,-0.3470991985353451,30.167138932858684,-0.004081278576072823,30.0376664456062,-0.3298948722815668
1404,5.6000000000000005,empty_shadow,IDEAM,0,0,1403,5.550000000000001,1,1,352.81159756312456,-203.56274270495706,,,,,,,0,0,32.30314516841627,0.5004834585713525,0.6065097451210022,0.0,-0.005607680417597294,-0.006851073820143938,31.945073785087306,0.006827921216393544,1,0,37.74184184382975,5.500968237149548,37.74848282429911,follower_1,,,,,1.0,1384,ok,accepted,0,ok,0.6805818,0.000655800016829744,0.6786543999915011,0.0,0,0.0011725000000026853,0.010167899999999008,0,295.53339339819945,50.59799262088825,,1.68725729504294,1,0,0,,,,,,,,,,,,0,18.077195423923826,0.17192863171118772,22.434384509259928,0.008468854560852439,19.75901734145663,-0.19702947961369313,23.003859934207846,-0.3457640827438927,17.154036507638825,-0.003738417321199338,30.135188190222863,-0.16532658921488125,30.34507195515303,-0.3278732175414718,30.166910072938293,-0.004577189180625041,30.022144444941034,-0.3104400119757784
1405,5.65,empty_shadow,IDEAM,0,0,1404,5.6000000000000005,1,1,354.4261812581908,-203.6231660298981,,,,,,,0,0,32.32350747125405,0.40724605675549697,0.5831362009048462,0.0,-0.005588729400187731,-0.006827921140938997,31.80346417070439,0.006819321648653375,1,0,37.84992745642158,5.438412637556737,37.85960082999474,follower_1,,,,,1.0499999999999998,1384,ok,accepted,0,ok,0.6805818,0.000655800016829744,0.6786543999915011,0.0,1,0.0011766000000008603,0.012440099999999177,0,296.4375377316005,51.30843198255343,,1.6268339701018988,1,0,0,,,,,,,,,,,,0,18.085765152935053,0.17139457815143525,22.43482702387326,0.008850293915680214,19.750289291200435,-0.17456100341275155,22.987262189448032,-0.331954894677643,17.153843864992133,-0.0038528529309036306,30.127890786172692,-0.14594763424829463,30.329706350414906,-0.3073120953735963,30.166650695830416,-0.005187532751347599,30.00765813044048,-0.28972629017917945
1406,5.7,empty_shadow,IDEAM,0,0,1405,5.65,1,1,356.04171031101265,-203.681574872066,,,,,,,0,0,32.33913996140413,0.3126498030016478,0.5594425797462463,0.0,-0.005588729400187731,-0.006827921140938997,31.80346417070439,0.00681273063146464,1,0,37.95941372436932,5.378567530875676,37.97155978489755,follower_1,,,,,1.0999999999999996,1384,ok,accepted,0,ok,0.6805818,0.000655800016829744,0.6786543999915011,0.0,0,0.0011766000000008603,0.00853790000000032,0,297.3420787934941,52.01941997348166,,1.568425127934006,1,0,0,,,,,,,,,,,,0,18.094292920464163,0.17055534856499732,22.43528288974827,0.009117319796747562,19.742718998301882,-0.15140585292989855,22.97144073575098,-0.3164290734308736,17.15364740765803,-0.00392914668103422,30.121579491867877,-0.12622539727137808,30.315410763062612,-0.2859117475610208,30.16635889401596,-0.0058360268368896585,29.994258999895766,-0.26798261168063503
1407,5.75,empty_shadow,IDEAM,0,0,1406,5.7,1,1,357.6579404612552,-203.73761836261892,,,,,,,0,0,32.35001522832388,0.21750533839508535,0.5353537201881409,0.0,-0.005576296243816614,-0.0068127308040857315,31.654468016002948,0.006808151003288244,1,0,38.06992375201766,5.32136702023206,38.08393463780315,follower_1,,,,,1.1499999999999995,1384,ok,accepted,0,ok,0.6805818,0.000655800016829744,0.6786543999915011,0.0,1,0.0014098000000011268,0.009945699999999391,0,298.24704710145664,52.73068181576167,,1.5123816373810826,1,0,0,,,,,,,,,,,,0,18.10277109707478,0.16956353025034862,22.43575591892885,0.009460584741998226,19.73632172112058,-0.12794553446887766,22.956475681533693,-0.2993010838824575,17.153452858970038,-0.003890973764230338,30.116263842876236,-0.10631246386084554,30.302240506626788,-0.2634051276820547,30.1660289448952,-0.006598973185776014,29.982000458613797,-0.2451708258115095
1408,5.8,empty_shadow,IDEAM,0,0,1407,5.75,1,1,359.274688504558,-203.79100664704626,,,,,,,0,0,32.35611107753998,0.12191698432189924,0.5110291242599487,0.0,-0.005576296243816614,-0.0068127308040857315,31.654468016002948,0.006805586030576726,1,0,38.18123122445521,5.266740454699452,38.19648304850489,follower_1,,,,,1.1999999999999993,1384,ok,accepted,0,ok,0.6805818,0.000655800016829744,0.6786543999915011,0.0,0,0.0014098000000011268,0.012335399999997776,0,299.1524426554881,53.442034305033076,,1.4589933529537404,1,0,0,,,,,,,,,,,,0,18.111180610148864,0.16819025939465657,22.436238483283518,0.0096512876915817,19.731110812596068,-0.10421815722846137,22.942437599827645,-0.28076163358994616,17.153262124653445,-0.003814686338918076,30.111936205673288,-0.08655222635075267,30.290218468679498,-0.24044075483932748,30.16565512692663,-0.007476350187079486,29.970911117587114,-0.2217868187253571
1409,5.8500000000000005,empty_shadow,IDEAM,0,0,1408,5.800000000000001,1,1,360.89164922871987,-203.84163301793853,,,,,,,0,0,32.35752778761924,0.02833420158523836,0.48640257120132446,0.0,-0.003890114836394787,-0.00475267181172967,31.502289610686713,0.006804990123889204,0,0,38.293049004172104,5.2146032132198785,38.308942162011434,follower_1,,,,,1.25,1384,ok,accepted,0,ok,0.6805818,0.000655800016829744,0.6786543999915011,0.0,1,0.0011800000000015132,0.01547700000000063,0,300.05826546079373,54.15317222388927,,1.408366982061466,1,0,0,,,,,,,,,,,,0,18.11951192191463,0.16662623325700296,22.43673249071464,0.009880148935950033,19.7270881796727,-0.08045264068725984,22.92939515455351,-0.26084890496028473,17.153079018487265,-0.0036621233153649392,30.108602300612215,-0.06667759593200408,30.27936563104519,-0.2170567443195151,30.16523553264949,-0.008391876481065296,29.961027215717515,-0.19767803211100016
1410,5.9,empty_shadow,IDEAM,0,0,1409,5.8500000000000005,1,1,362.50866999901064,-203.88936019825607,,,,,,,0,0,32.35417444584947,-0.06706683539533742,0.46156275272369385,0.0,-0.003890114836394787,-0.00475267181172967,31.502289610686713,0.00680640075703596,0,0,38.40502882566704,5.164911508694655,38.421039770666845,follower_1,,,,,1.2999999999999998,1384,ok,accepted,0,ok,0.6805818,0.000655800016829744,0.6786543999915011,0.0,0,0.0011800000000015132,0.011486099999999055,0,300.9644544718102,54.86400398316357,,1.360639801743929,1,0,0,,,,,,,,,,,,0,18.127759309475515,0.1649477493741054,22.43723221813979,0.009994548604698762,19.724248105036736,-0.0568014729762502,22.91739984475964,-0.23990619528865612,17.15290735659491,-0.0034332378443199295,30.106241144194247,-0.04722265132914083,30.26971251153319,-0.19306237649320176,30.16477016058863,-0.00930743288920474,29.952360198046364,-0.17334034353489705
1411,5.95,empty_shadow,IDEAM,0,0,1410,5.9,1,1,364.12544552514805,-203.93385259876683,,,,,,,0,0,32.346022309318386,-0.16304273062175412,0.4373649060726166,0.0,-0.005571114830672741,-0.00680640060454607,31.929492,0.006809831904437542,1,0,38.51691171200163,5.117615385137296,38.532523374338346,follower_1,,,,,1.3499999999999996,1384,ok,stale_plan,0,ok,0.6805818,0.000655800016829744,0.6786543999915011,0.0,1,0.0024495000000008815,0.01272920000000255,0,301.8711012672935,55.574132713817676,,1.3161474012331666,1,0,0,,,,,,,,,,,,0,18.135909423327856,0.1630022751099297,22.437741481097756,0.010185259190490717,19.722577238604174,-0.03341730836912927,22.906512710201213,-0.21774269010904634,17.15275095351217,-0.0031280616546208203,30.104829846172862,-0.028225522255721735,30.261255295064103,-0.16914430893153543,30.16425328674245,-0.010337471721734362,29.94492532319848,-0.14869748114774028
1412,6.0,empty_shadow,IDEAM,0,0,1411,5.95,1,1,365.7417315936461,-203.97489667972258,,,,,,,0,0,32.33328937278102,-0.2546587307473658,0.41407114267349243,0.0,-0.005571114830672741,-0.00680640060454607,31.929492,0.0068151962547984505,1,0,38.628317623761596,5.072625270676473,38.642992946024364,follower_1,,,,,1.3999999999999995,1384,ok,stale_plan,0,ok,0.6805818,0.000655800016829744,0.6786543999915011,0.0,0,0.0024495000000008815,0.010074800000001716,0,302.77814480168007,56.28337524792914,,1.2751033202774238,1,0,0,,,,,,,,,,,,0,18.14395462945429,0.1609041212536661,22.43825455451033,0.010261468088866266,19.722050783886495,-0.010529073879305668,22.89676808525271,-0.19489249721227517,17.152611716553384,-0.002784739178283256,30.104349329557312,-0.009609944676618683,30.253995890152446,-0.1451880708781041,30.163690634162858,-0.011253046075996219,29.93871686982238,-0.12416904506800296
