frame,time_s,condition,controller,hidden_visible,hidden_lidar_hits,lidar_frame,lidar_time_s,lidar_is_new,semantic_lidar_reveal_armed,ego_station_m,ego_local_y_m,hidden_station_m,hidden_local_y_m,hidden_reference_y_m,hidden_lateral_error_m,hidden_commanded_ay_mps2,hidden_road_lateral_velocity_mps,hidden_observation_submitted,hidden_aware_plan,ego_speed_mps,ego_accel_mps2,ego_throttle,ego_brake,ego_steer,commanded_ackermann_steer_rad,target_speed_mps,steer_limit_rad,steering_envelope_active,shield_active,minimum_clearance_m,minimum_ttc_s,minimum_oriented_clearance_m,minimum_oriented_clearance_actor_role,minimum_ttc_2d_s,minimum_ttc_2d_actor_role,hidden_oriented_clearance_m,hidden_ttc_2d_s,plan_age_s,plan_source_frame,plan_status,plan_rejection_reason,new_plan,latest_plan_status,planner_total_s,planner_decision_s,planner_mpc_s,planner_field_s,low_level_updated,low_level_time_s,physics_control_cycle_time_s,physics_control_deadline_miss,occluder_station_m,ego_pass_clearance_ahead_occluder_m,hidden_pass_clearance_ahead_occluder_m,ego_target_lane_error_m,ego_centre_lane_overlap,hidden_centre_lane_overlap,concurrent_centre_lane_overlap,hidden_center_geometric_visible_now,hidden_center_los_blocked,hidden_footprint_fully_blocked,hidden_footprint_blocked_sample_count,hidden_footprint_sample_count,hidden_footprint_blocked_sample_fraction,hidden_center_in_range,hidden_center_in_horizontal_fov,hidden_center_geometric_range_m,hidden_center_geometric_bearing_rad,hidden_center_geometric_clear_streak,hidden_center_geometric_reveal_confirmed,occluder_speed_mps,occluder_accel_mps2,lead_left_speed_mps,lead_left_accel_mps2,lead_centre_speed_mps,lead_centre_accel_mps2,lead_right_speed_mps,lead_right_accel_mps2,rear_centre_speed_mps,rear_centre_accel_mps2,follower_1_speed_mps,follower_1_accel_mps2,follower_2_speed_mps,follower_2_accel_mps2,follower_3_speed_mps,follower_3_accel_mps2,follower_4_speed_mps,follower_4_accel_mps2
1326,0.05,true_threat,DREAM,0,0,1325,,0,0,180.88976518998263,-201.7489555523681,199.11572758009154,-208.75355682996482,-208.75,0.0038659114318875254,-0.007182983933513594,0.005708729488346453,0,0,32.56000591830123,0.0,0.56830233335495,0.0,-0.0017709070816636086,-0.002163571072742343,32.49878928639897,0.0067206206143526305,0,0,7.361400800164801,13.095015412595755,7.361376486453886,occluder,,,14.238126289362052,,0.05,1325,ok,accepted,1,ok,0.5208329,0.0007569000008516014,0.47883960002218373,0.04048650001641363,1,0.0011794999999992228,0.011972400000001215,0,194.84225595333106,-20.6327023073853,-2.4644617705326084,3.501044447631898,0,0,0,0,1,1,9,9,1.0,1,1,18.404742056858968,-0.39048033591070985,0,0,18.449162660530316,0.16277330861658604,22.385457279148753,0.32489760743814533,21.550738681341944,0.8540723436257368,24.364482411419274,1.74743672304224,16.93737703634912,-0.13359074721519457,31.237887838121594,1.261501317501774,32.314443709734476,2.1241762811186287,30.65486909399536,0.18516532597698335,31.884513947970195,2.0540239353437513
1327,0.1,true_threat,DREAM,0,0,1326,0.05,1,0,182.51888503069833,-201.7485828992805,200.51688109945155,-208.75318565144573,-208.75,0.0035568299648218726,-0.009091663562998552,0.006631737519364472,0,0,32.60190203164614,0.8379222668982322,0.5618324875831604,0.0,-0.0017709070816636086,-0.002163571072742343,32.49878928639897,0.006703359135335508,0,0,6.664465613429273,13.020614169360302,6.664302765556745,occluder,,,14.025828771848886,,0.1,1325,ok,accepted,0,ok,0.5208329,0.0007569000008516014,0.47883960002218373,0.04048650001641363,0,0.0011794999999992228,0.01232880000000236,0,195.76492446078151,-19.92625097412005,-1.9859767586230532,3.501417100719493,0,0,0,0,1,1,9,9,1.0,1,1,18.194275548407248,-0.3955608932998909,0,0,18.45681304622994,0.15300771012006634,22.40831875212713,0.4572294610629784,21.5759232991448,0.5036923591892775,24.431027907498482,1.3309099220360676,16.933716832352204,-0.0732040799448648,31.285887988350012,0.9602519991195888,32.39673818294106,1.6458894652408271,30.667901999771065,0.260658115707492,31.9638310466258,1.586341973266682
1328,0.15000000000000002,true_threat,DREAM,0,0,1327,0.1,1,0,184.1495306461237,-201.74790454989054,201.92029291425598,-208.75279844374094,-208.75,0.0031856514457331286,-0.01080793193344972,0.007420251716686791,0,0,32.62247505129695,0.4114603930162275,0.5578063726425171,0.0,-0.001568916835822165,-0.001916793524287641,32.19878909675463,0.006694907248613093,0,0,5.96871536260858,12.976378889223612,5.968393346556811,occluder,,,13.814834840654205,,0.15000000000000002,1325,ok,accepted,0,ok,0.5208329,0.0007569000008516014,0.47883960002218373,0.04048650001641363,1,0.0011742000000012354,0.012446799999999314,0,196.6879896915191,-19.218670589432264,-1.5056301745562166,3.502095450109465,0,0,0,0,1,1,9,9,1.0,1,1,17.9850800304662,-0.4008803970531264,0,0,18.463963708014912,0.14301323213136555,22.433402287071473,0.5016707002240689,21.58671887582738,0.21591153848302055,24.478780297929035,0.9550478093671447,16.932597215577935,-0.022392335483550088,31.322633069208646,0.7350832655557448,32.45747579795318,1.2147523005209788,30.68146132981002,0.2711866019998274,32.022173028500895,1.1668396372525822
1329,0.2,true_threat,DREAM,0,0,1328,0.15000000000000002,1,0,185.77968787621973,-201.74692119130953,203.325169583136,-208.75244125389514,-208.75,0.0027984437409429574,-0.012266105125532917,0.008058255621270712,0,0,32.600683886699535,-0.43582329194833846,0.5586835145950317,0.0,-0.001568916835822165,-0.001916793524287641,32.19878909675463,0.006703860080100712,0,0,5.276983265598349,12.984120091839447,5.276532390520666,occluder,,,13.606318308576252,,0.2,1325,ok,accepted,0,ok,0.5208329,0.0007569000008516014,0.47883960002218373,0.04048650001641363,0,0.0011742000000012354,0.015540999999998917,0,197.61139061559655,-18.511914283413688,-1.0241544297536507,3.503078808690475,0,0,0,0,1,1,9,9,1.0,1,1,17.77829410981931,-0.40637689264447086,0,0,18.470601295267713,0.13275174170934495,22.456788281361717,0.46771988715682994,21.585542022793085,-0.023537054206853814,24.50996164349446,0.6236269123859083,16.93361955174177,0.020446723290370988,31.350712044762723,0.5617021327231004,32.49941839593219,0.8388519594270935,30.691900233177353,0.20877807034345786,32.06221208936569,0.800781217054187
1330,0.25,true_threat,DREAM,0,0,1329,0.2,1,0,187.40865478029264,-201.74552625146814,204.73102277281606,-208.75196166059908,-208.75,0.0024412538951423812,-0.013426744800007986,0.008544304397845495,0,0,32.57878799188086,-0.4379178963735342,0.5833871960639954,0.0,-0.0010647437302395701,-0.0013008298119530082,31.89878825114446,0.006712874039373008,0,0,4.591411840492699,12.98653502249401,4.590926527447038,occluder,,,13.400474531996645,,0.25,1325,ok,accepted,0,ok,0.5208329,0.0007569000008516014,0.47883960002218373,0.04048650001641363,1,0.0011778000000006728,0.012183200000002614,0,198.53512723301384,-17.806683996758068,-0.5420378574908682,3.504473748531865,0,0,0,0,1,1,9,9,1.0,1,1,17.57407932154279,-0.41198684140109726,0,0,18.47670673350395,0.12210876196467155,22.475699636923643,0.37822711234305756,21.574134150600006,-0.2281574361281232,24.52694277931832,0.3396227180405437,16.93648438694839,0.05729670416417695,31.371701312664175,0.4198597027634176,32.52501119790808,0.5118560393286754,30.696111638795376,0.08422811787988065,32.086206529448916,0.4798888018698776
1331,0.3,true_threat,DREAM,0,0,1330,0.25,1,1,189.04027654693547,-201.74364212466747,206.13727269098865,-208.7514819319629,-208.75,0.001961660599079096,-0.014423277361265537,0.008884781022516008,0,0,32.670970528291726,1.8436507282173409,0.5934031009674072,0.0,-0.0010647437302395701,-0.0013008298119530082,31.89878825114446,0.006675047287405367,0,0,3.9106734548573456,12.835859931500934,3.910318097585278,occluder,,,13.19332123225117,,0.3,1325,ok,accepted,0,ok,0.5208329,0.0007569000008516014,0.47883960002218373,0.04048650001641363,0,0.0011778000000006728,0.011443100000001039,0,199.4591079910419,-17.09904298814328,-0.05976869734632828,3.506357875332526,0,0,0,0,1,1,9,9,1.0,1,1,17.368460710580788,-0.4177933046698317,0,0,18.482268579363712,0.11123691495645457,22.488810744625052,0.26222215472469257,21.553708331959733,-0.4085163634202355,24.53190571129934,0.09925864157817647,16.940991449589305,0.09014125286505394,31.386389803521297,0.29380779790548534,32.53624166068082,0.224609255685899,30.69216721964192,-0.07888837528173792,32.09616288001038,0.19912701240192268
1332,0.35000000000000003,true_threat,DREAM,0,0,1331,0.30000000000000004,1,1,190.67577387920224,-201.7412683944765,207.54340053885585,-208.75100224496984,-208.75,0.0014819319628998073,-0.015175599601281592,0.009089525095334132,0,0,32.73327466765656,1.2460827872966718,0.48952725529670715,0.0,-0.0003918333968613297,-0.0004787147918250412,31.59878727490493,0.006649661803315518,0,0,3.2382864563762235,12.717029954805497,3.238328838757995,occluder,,,12.983311008072878,,0.35000000000000003,1325,ok,accepted,0,ok,0.5208329,0.0007569000008516014,0.47883960002218373,0.04048650001641363,1,0.0012150999999995804,0.012556599999999918,0,200.38336340725712,-16.387801072091747,0.42210373430563664,3.508731605523508,0,0,0,0,1,1,9,9,1.0,1,1,17.15986526574414,-0.42379412917936266,0,0,18.4872696664654,0.10002174037522471,22.496131140961605,0.14640792789807014,21.525096172063368,-0.5722431874661994,24.526700568400898,-0.10410285542019902,16.947012947281245,0.12042995389466848,31.39506127709308,0.1734433344540992,32.53482639885665,-0.02830523537611801,30.67959586133597,-0.25142715636942914,32.09378631058809,-0.047531385745687715
1333,0.4,true_threat,DREAM,0,0,1332,0.35000000000000003,1,1,192.31349882797002,-201.73840562307714,208.9489485579778,-208.75053801456974,-208.75,0.001002244969839694,-0.015706494602192915,0.00917127254336926,0,0,32.76677838093489,0.6700742655665692,0.41103535890579224,0.0,-0.0003918333968613297,-0.0004787147918250412,31.59878727490493,0.006636070725400024,0,0,2.5852108757618337,12.628710933033942,2.5860768122730704,occluder,,,12.771607810065156,,0.4,1325,ok,accepted,1,ok,0.3218481,0.0008011999889276922,0.31199170000036247,0.008694599993759766,0,0.0012150999999995804,0.009556500000002188,0,201.30786296408314,-15.674575680149985,0.9031521966015532,3.511594376922858,0,0,0,0,1,1,9,9,1.0,1,1,16.949425416175323,-0.4299527125648641,0,0,18.49169092026982,0.08842507512101855,22.498645019749933,0.05027757670977805,21.488892764586765,-0.7240681384939194,24.512784565022606,-0.2783200643690573,16.954453511272973,0.14881127992405388,31.397725107966725,0.05327827697367667,32.52217303531566,-0.2530672683208814,30.65927303764687,-0.4064564627573353,32.08048825974531,-0.26596101223202345
1334,0.45,true_threat,DREAM,0,0,1333,0.4,1,1,193.95213914266125,-201.73506951692104,210.35348949187483,-208.75005886893712,-208.75,0.0005380145697415628,-0.016027752893043923,0.009143424749353986,0,0,32.77703117766043,0.2050559345109093,0.3530805706977844,0.0,0.00033673137659206986,0.00041139498353004456,31.2987864985624,0.0066319199133745834,0,0,1.9738991965070392,12.565157576856338,1.9762911281256146,occluder,,,12.55905952712562,,0.45,1325,ok,accepted,0,ok,0.3218481,0.0008011999889276922,0.31199170000036247,0.008694599993759766,1,0.001187500000000341,0.010126800000001879,0,202.23254562636725,-14.960618027742868,1.3830104682144793,3.514930483078956,0,0,0,0,1,1,9,9,1.0,1,1,16.737953634799673,-0.43621529989124747,0,0,18.495522803939316,0.07663767314092203,22.49784392706139,-0.016021852939180625,21.445588297610122,-0.8660893277466961,24.491263963416102,-0.43041202822420616,16.96322349776996,0.17539973001608694,31.394261224282655,-0.06927738323708171,32.49942216517556,-0.45501739860662127,30.63295732494069,-0.526314242814885,32.05737117527723,-0.4623416824673439
1335,0.5,true_threat,DREAM,0,0,1334,0.45,1,1,195.5906572465016,-201.73132146512734,211.75662661725983,-208.74958020220026,-208.75,5.886893711704033e-05,-0.016189014668031902,0.00902006100984752,0,0,32.76911672207097,-0.15828911178928706,0.308418869972229,0.0,0.00033673137659206986,0.00041139498353004456,31.2987864985624,0.006635123712503798,0,0,1.4596098870697358,12.521678649004505,1.4646485088947894,occluder,,,12.346287918276607,,0.5,1325,ok,accepted,0,ok,0.3218481,0.0008011999889276922,0.31199170000036247,0.008694599993759766,0,0.001187500000000341,0.011131400000000014,0,203.15744193771275,-14.24699623524802,1.8612512822539884,3.518678534872663,0,0,0,0,1,1,9,9,1.0,1,1,16.526049641536005,-0.44256604143577877,0,0,18.498748152054954,0.06450696275904483,22.495265185948732,-0.05157482153591522,21.395634813029762,-0.9990696793576622,24.462970367641077,-0.5658719108176204,16.973223724606704,0.20000453680708255,31.384570759926756,-0.1938011072934646,32.467470242840704,-0.639038440636213,30.602788769365937,-0.6033711009638257,32.02530480781322,-0.6413273395684704
1336,0.55,true_threat,DREAM,0,0,1335,0.5,1,1,197.2283207384802,-201.72722275270738,213.15787165811653,-208.7491174397198,-208.75,-0.00041979779973644327,-0.016202061662062187,0.008814568567929462,0,0,32.74717852592908,-0.4387639228377793,0.27097997069358826,0.0,0.001024925266392529,0.0012521824100986123,30.998782891844037,0.006644016516578379,0,0,1.1766053275171153,12.49466019586653,1.1849739059301676,occluder,,,12.133546177753601,,0.55,1325,ok,accepted,0,ok,0.3218481,0.0008011999889276922,0.31199170000036247,0.008694599993759766,1,0.0011764999999996917,0.014594200000001223,0,204.08242981219806,-13.53432061775473,2.3375084486253854,3.5227772472926233,0,0,0,0,1,1,9,9,1.0,1,1,16.313941051858077,-0.4489806194135365,0,0,18.50135742340479,0.05218542808863078,22.492175275217274,-0.06179821394132495,21.339497704127155,-1.1227421655861565,24.428550368374896,-0.688399979971636,16.984318769825737,0.22190090445299948,31.36864277324987,-0.318536436790488,32.427045875146824,-0.8084873455471275,30.570829215270532,-0.639191072811655,31.984998691988885,-0.8061223040751995
1337,0.6000000000000001,true_threat,DREAM,0,0,1336,0.55,1,1,198.86448878593148,-201.72288040980473,214.55679739440302,-208.74874702118748,-208.75,-0.0008825602801891819,-0.016076971556920894,0.008539401851538638,0,0,32.71426749176598,-0.6582206832619875,0.23684749007225037,0.0,0.001024925266392529,0.0012521824100986123,30.998782891844037,0.006657390802607594,0,0,1.1681071653466404,12.481411626693056,1.174875494923185,occluder,,,11.921070120451795,,0.6000000000000001,1325,ok,accepted,0,ok,0.3218481,0.0008011999889276922,0.31199170000036247,0.008694599993759766,0,0.0011764999999996917,0.008886199999999178,0,205.00757027456513,-12.823293032670506,2.8112937225448036,3.5271195901952694,0,0,0,0,1,1,9,9,1.0,1,1,16.10184585549186,-0.45546270533686667,0,0,18.50333344970678,0.0395205275863856,22.48937718879842,-0.055961727738954054,21.277674789725232,-1.2364582759432645,24.388534208604163,-0.8003231893475666,16.996348416190504,0.2405929273626147,31.34659042129378,-0.4410036361989023,32.37877848748073,-0.9653477426390544,30.538734242401453,-0.6418994504476273,31.937047920235788,-0.959015419494566
1338,0.6500000000000001,true_threat,DREAM,0,0,1337,0.6000000000000001,1,1,200.49873418442965,-201.7184166524757,215.95300707159984,-208.74839278800258,-208.75,-0.0012529788125164032,-0.01577330095674657,0.008206065503740805,0,0,32.67247148110686,-0.8359202131823906,0.20321328938007355,0.0,0.0015902487793937325,0.001942855422385037,30.698781108248482,0.006674434024748592,0,0,1.1726367792434473,12.47987602464589,1.1765516010050723,occluder,,,11.708854354588134,,0.6500000000000001,1325,ok,accepted,0,ok,0.3218481,0.0008011999889276922,0.31199170000036247,0.008694599993759766,1,0.001239500000000504,0.01208300000000051,0,205.93274124930318,-12.114218608910392,3.282332425003574,3.531583347524304,0,0,0,0,1,1,9,9,1.0,1,1,15.88973658423786,-0.4619993952234452,0,0,18.5046686029969,0.026703067555099425,22.487183732591546,-0.04386912360916111,21.21068487126087,-1.339798359190161,24.34335485703334,-0.9035870244313136,17.00913337155229,0.25569910733233836,31.318631827272277,-0.5591056819981537,32.323251728825056,-1.1105351600619413,30.507583410533023,-0.6230166326912816,31.881999902231286,-1.1009603415526237
1339,0.7000000000000001,true_threat,DREAM,0,0,1338,0.65,1,1,202.13066025233064,-201.71396894515397,217.34622601590365,-208.7480090574975,-208.75,-0.001607211997423974,-0.015371548386061197,0.007825432660067787,0,0,32.62309866284493,-0.9874563652385859,0.1688721776008606,0.0,0.0015902487793937325,0.001942855422385037,30.698781108248482,0.00669465130377678,0,0,1.1771350739340107,12.488514280665939,1.1784559008094164,occluder,,,11.496983493987353,,0.7000000000000001,1325,ok,accepted,0,ok,0.3218481,0.0008011999889276922,0.31199170000036247,0.008694599993759766,0,0.001239500000000504,0.010166000000001674,0,206.85794273641216,-11.407494028118379,3.7503498821984067,3.5360310548460347,0,0,0,0,1,1,9,9,1.0,1,1,15.677680360880832,-0.4685940954696554,0,0,18.505343810856914,0.013504158872444652,22.485509074982005,-0.03349315166177465,21.139090616941346,-1.4318850786221562,24.293443373265884,-0.9982296679120947,17.022475273272487,0.26683803447780663,31.285076673354816,-0.6710134556166195,32.26100728677948,-1.2448888257383761,30.477866908596845,-0.5943300360919292,31.820354362998327,-1.2329107627472558
1340,0.7500000000000001,true_threat,DREAM,0,0,1339,0.7000000000000001,1,1,203.75993128588388,-201.7095068847817,218.7360575092327,-208.7476264825888,-208.75,-0.001990942502487769,-0.01492514291396687,0.007406882728875919,0,0,32.566986522110454,-1.1222428146895425,0.13469767570495605,0.0,0.0002355284959776327,0.0002877523365896195,31.470875513197413,0.00671773993330754,0,0,1.181678239251454,12.506075412937633,1.1809146124128456,occluder,,,11.285526972795365,,0.45000000000000007,1331,ok,accepted,1,ok,0.3539379,0.0007461000059265643,0.32300790000590496,0.02985579997766763,1,0.001644500000001159,0.012837600000001004,0,207.78314423393192,-10.703424492084906,4.214979878007682,3.540493115218311,0,0,0,0,1,1,9,9,1.0,1,1,15.465755992964914,-0.47539972354419885,0,0,18.505349537361976,0.00011453152561011455,22.484017523394158,-0.02983103129800117,21.06344706515642,-1.5128710303875883,24.239200297699746,-1.0848615046313057,17.03618147894739,0.27412411356480715,31.246322351064528,-0.7749747464454577,32.19258303361515,-1.3684850459177853,30.449582829358906,-0.5656815836884708,31.752660620144244,-1.3538748326190977
1341,0.8,true_threat,DREAM,0,0,1340,0.75,1,1,205.3862421457636,-201.7051373869839,220.1221048335052,-208.74727571619286,-208.75,-0.0023735174112005097,-0.014424610055368135,0.006958775625782071,0,0,32.50473080382738,-1.2451143656615216,0.10079571604728699,0.0,0.0002355284959776327,0.0002877523365896195,31.470875513197413,0.00674349652627969,0,0,1.1861288524051758,12.531505050489297,1.183738097276725,occluder,,,11.074459252887042,,0.5,1331,ok,accepted,0,ok,0.3539379,0.0007461000059265643,0.32300790000590496,0.02985579997766763,0,0.001644500000001159,0.012218300000000681,0,208.70831521387535,-10.002284612148628,4.675856222336762,3.5448626130161074,0,0,0,0,1,1,9,9,1.0,1,1,15.253919813631896,-0.4824863315986061,0,0,18.50467624302064,-0.013465886909571213,22.48229136754719,-0.03452311645532253,20.983840046688375,-1.5921403666029685,24.181035710497028,-1.1632917382106098,17.050063160940987,0.2776336399354324,31.202821483686435,-0.8698865099281007,32.118566432699254,-1.480331998715548,30.42242981127176,-0.543060361545286,31.679502324005014,-1.4631658972622874
1342,0.8500000000000001,true_threat,DREAM,0,0,1341,0.8,1,1,207.00922663146432,-201.70089109426627,221.50415438130293,-208.74700260754966,-208.75,-0.002724283807140182,-0.013858543255184895,0.006488397894151528,0,0,32.43676484964561,-1.359319083635313,0.06708063185214996,0.0,0.0002463933196850121,0.0003010262153111398,31.17087675092106,0.006771785065970576,0,0,1.1904409912798144,12.563985515294668,1.1867816031598184,occluder,,,10.863997219019778,,0.55,1331,ok,accepted,0,ok,0.3539379,0.0007461000059265643,0.32300790000590496,0.02985579997766763,1,0.0011764999999996917,0.009983699999999374,0,209.6335167061897,-9.30450161876226,5.132704277820125,3.549108905733732,0,0,0,0,1,1,9,9,1.0,1,1,15.042349038624206,-0.4898449459062971,0,0,18.50331057751048,-0.027313311767788926,22.479947231205436,-0.046882726612159864,20.899306350642963,-1.6906739205690153,24.119353968848866,-1.2336348285353393,17.06396010194988,0.2779388202361832,31.15506664488929,-0.9549509049987399,32.03958690936338,-1.5795904450687621,30.396009218821817,-0.5284118493103919,31.601512714487313,-1.5597921642389287
1343,0.9000000000000001,true_threat,DREAM,0,0,1342,0.8500000000000001,1,1,208.62870166876036,-201.69685962182254,222.8818399156827,-208.74673098764768,-208.75,-0.0029973924503394755,-0.013202959254120883,0.0060028029410273895,0,0,32.363441302676776,-1.466470939376734,0.03399970382452011,0.0,0.0002463933196850121,0.0003010262153111398,31.17087675092106,0.006802503584020562,0,0,1.1945535999010417,12.602974340504714,1.1899196992196934,occluder,,,10.6539783674082,,0.6000000000000001,1331,ok,accepted,0,ok,0.3539379,0.0007461000059265643,0.32300790000590496,0.02985579997766763,0,0.0011764999999996917,0.01226259999999968,0,210.55862665098044,-8.610136526256952,5.585279867409156,3.55314037817746,0,0,0,1,1,0,8,9,0.8888888888888888,1,1,14.83083974070339,-0.4974681628586062,1,0,18.501244912334748,-0.041313306375557794,22.476746695320227,-0.06401071727555953,20.81151681342101,-1.7557907454621928,24.054567060388433,-1.2957381662244238,17.07771589804486,0.2751159219856024,31.1035693580551,-1.029789867365271,31.956285333541732,-1.6660314933758764,30.369973914887282,-0.5207060784695796,31.519323124010015,-1.6437917833442302
1344,0.9500000000000001,true_threat,DREAM,0,16,1343,0.9,1,1,210.24436208709355,-201.69305833254862,224.25497832598103,-208.74644566016337,-208.75,-0.003269012352319578,-0.012530157883751596,0.0055083044454977415,0,0,32.28506576595112,-1.5675107345131778,0.0015811920166015625,0.0,0.00034730436163954437,0.0004243123112246394,30.870880389391047,0.0068355702920652895,0,0,1.198420797796615,12.648191991348387,1.1940536859608941,occluder,,,10.444575323182155,,0.65,1331,ok,accepted,0,ok,0.3539379,0.0007461000059265643,0.32300790000590496,0.02985579997766763,1,0.0013292999999983124,0.0150743999999996,0,211.4836450378367,-7.919494494780025,6.0333998908512285,3.556941667451383,0,0,0,1,1,0,6,9,0.6666666666666666,1,1,14.619520903205535,-0.5053457783179723,2,1,18.498471616302897,-0.05546592568383157,22.47260965116704,-0.08274088263528397,20.722033555255194,-1.7896651655266789,23.98601885610999,-1.3709640844204702,17.091200851113822,0.2696990613789482,31.048848638918212,-1.0942538780032478,31.869317834750266,-1.7393499528264353,30.344161773410598,-0.5162428285091157,31.433557256311037,-1.7153173289855963
1345,1.0,true_threat,DREAM,1,67,1344,0.9500000000000001,1,1,211.85584169636928,-201.68954838652658,225.62317289411618,-208.74617727801328,-208.75,-0.003554339836625786,-0.011861188813183682,0.005009842746601696,0,0,32.19724519404578,-1.7564114381067952,0.0,0.029687102884054184,0.00034730436163954437,0.0004243123112246394,30.870880389391047,0.006872909107761584,0,0,1.2020119841039332,12.70571938346949,1.1981674646809986,occluder,,,10.23583293546548,,0.7,1331,ok,accepted,0,ok,0.3539379,0.0007461000059265643,0.32300790000590496,0.02985579997766763,0,0.0013292999999983124,0.010265599999996766,0,212.40844980686396,-7.232819654531539,6.4767896899591335,3.5604516134734183,0,0,0,1,0,0,4,9,0.4444444444444444,1,1,14.408390802501572,-0.5134778942330391,3,1,18.49498306197834,-0.06977109280276696,22.467621929907214,-0.09975442481173713,20.631890358487457,-1.8028639374089002,23.913112355501255,-1.4581300126426762,17.104304334427326,0.26206966633590045,30.991423368338477,-1.1483456457947023,31.779319559892034,-1.7999654743108593,30.31861094130634,-0.5110166399255298,31.3448540733027,-1.7740636370461769
1346,1.05,true_threat,DREAM,1,145,1345,1.0,1,1,213.46271324010792,-201.68629941193092,226.9861795055043,-208.7460022184244,-208.75,-0.0038227219867223994,-0.011179639185831597,0.004511923109140931,1,0,32.10068121407637,-1.9312795993882048,0.0,0.05562068149447441,0.00046377899707295,0.0005666129291057587,30.570882987113116,0.006914319603267865,0,0,1.2053422510387577,12.775377810500222,1.2020260609504132,occluder,,,10.028055075427597,,0.75,1331,ok,accepted,0,ok,0.3539379,0.0007461000059265643,0.32300790000590496,0.02985579997766763,1,0.0014953999999995915,0.011169600000002333,0,213.33310198800945,-6.5506002919383945,6.915144120201774,3.563700588069082,0,0,0,1,0,0,1,9,0.1111111111111111,1,1,14.197702478528113,-0.5218643955220573,4,1,18.490777341094127,-0.08411442551238667,22.46196854355876,-0.11306772655787738,20.54188068023794,-1.8001935657034218,23.837316216814745,-1.515922775236128,17.116929073835855,0.25249478817649695,30.931808485077596,-1.1921437270923925,31.686509854602683,-1.85619408398195,30.29356365241604,-0.5009457741281609,31.25348060423376,-1.8274693610355492
1347,1.1,true_threat,DREAM,1,205,1346,1.05,1,1,215.06445792992224,-201.68334210332125,228.3439065813894,-208.74584421868826,-208.75,-0.003997781575606041,-0.010431621944316679,0.004018553713239914,0,0,31.997455746870056,-2.064509344126222,0.0,0.07655151188373566,0.00046377899707295,0.0005666129291057587,30.570882987113116,0.006959002039439247,0,0,1.2083351901416108,12.855270033628285,1.2055633664599639,occluder,,,9.821648933970716,,0.8,1331,ok,accepted,0,ok,0.3539379,0.0007461000059265643,0.32300790000590496,0.02985579997766763,0,0.0014953999999995915,0.011929899999998383,0,214.2574184601989,-5.873172074313516,7.348554723897422,3.5666578966787483,0,0,0,1,0,0,0,9,0.0,1,1,13.987817910859913,-0.5304895115198655,5,1,18.485848730935533,-0.09857221264321533,22.455891725494904,-0.12153636085104112,20.45265492641341,-1.784515074663,23.759946512828378,-1.5473940809791977,17.12899114519636,0.2412414271738261,30.870511183922172,-1.2258023095271222,31.59115384064214,-1.9071202591680771,30.269389931584904,-0.4834744114347384,31.159600881474212,-1.8775944382829197
1348,1.1500000000000001,true_threat,DREAM,1,212,1347,1.1,1,1,216.66095370591768,-201.680707019917,229.6962320410553,-208.74567280287158,-208.75,-0.004155781311737883,-0.009685264253535757,0.0035336884467474725,1,0,31.889029595428628,-2.1685230288285595,0.0,0.09431460499763489,0.0005377394263632596,0.0006569726392626762,30.27088438705055,0.007006403664529743,0,0,1.2109449209402499,12.944229109829022,1.2087398512763463,occluder,,,9.616678970384221,,0.8500000000000001,1331,ok,accepted,0,ok,0.3539379,0.0007461000059265643,0.32300790000590496,0.02985579997766763,1,0.002114300000002345,0.014502399999997806,0,215.1815823236851,-5.20084016180428,7.776716320077128,3.5692929800829916,0,0,0,1,0,0,0,9,0.0,1,1,13.7787484881241,-0.5393563646688577,6,1,18.480183883699404,-0.11329695383499137,22.449650875937504,-0.12481699076574923,20.36479674491686,-1.7571636246198377,23.681926401174167,-1.560402233341311,17.140419976807937,0.2285766321525663,30.808008049165945,-1.2499327701223681,31.494565681328705,-1.9317631684389085,30.246509394812378,-0.4576107289089251,31.06450999512545,-1.9018177138459487
1349,1.2000000000000002,true_threat,DREAM,1,218,1348,1.1500000000000001,1,1,218.2518953923307,-201.67839426582594,231.04321692486008,-208.74550320894102,-208.75,-0.004327197128418447,-0.008970360736473873,0.0030603350187439525,0,0,31.7764103457992,-2.252384992588574,0.0,0.10957147181034088,0.0005377394263632596,0.0006569726392626762,30.27088438705055,0.007056153024035322,0,0,1.2132476957324343,13.041597544142789,1.2116331261798543,occluder,,,9.413562759713429,,0.9000000000000001,1331,ok,accepted,0,ok,0.3539379,0.0007461000059265643,0.32300790000590496,0.02985579997766763,0,0.002114300000002345,0.010499200000001707,0,216.1054104990368,-4.533726650742949,8.199873028530192,3.5716057341740566,0,0,0,1,0,0,0,9,0.0,1,1,13.570859801898106,-0.5484614554177605,7,1,18.473708414927017,-0.12950938277872864,22.443438636175046,-0.12424479482402853,20.278828749941113,-1.7193598897560503,23.60396923010547,-1.5591434201268746,17.15115262617684,0.21465298743098343,30.744787039109003,-1.264306646287544,31.397893600958483,-1.9334415924058872,30.225305419379005,-0.4240795007284352,30.969352354686606,-1.903152799448413
1350,1.2500000000000002,true_threat,DREAM,1,226,1349,1.2000000000000002,1,1,219.83713041689577,-201.67644966946654,232.38489176599626,-208.74538120285027,-208.75,-0.004496791058983263,-0.008279330709906716,0.0026010543681778365,1,0,31.66031715416651,-2.32186383265379,0.0,0.12294355779886246,0.0005345932440832257,0.0006531288381665945,29.97088515489608,0.007107993671336868,0,0,1.2151824377222908,13.146999575405376,1.2141748860858446,occluder,,,9.212557671936272,,0.9500000000000002,1331,ok,accepted,1,ok,0.516501,0.0007282000151462853,0.4851012999715749,0.03032839999650605,1,0.0013758999999993193,0.016089199999999693,0,217.02887246347234,-3.8719535906134297,8.618085905230828,3.5735503305334646,0,0,0,1,0,0,0,9,0.0,1,1,13.36435218354173,-0.5578103763936615,8,1,18.46638799178732,-0.14640846826262077,22.437405687600503,-0.12065897130518916,20.195233500445372,-1.6719049752137018,23.526656741193527,-1.5462497751270505,17.161128059124607,0.1995086589806118,30.681297922840052,-1.2696866126239552,31.301995907064352,-1.9179538663165643,30.20608508761569,-0.3844066263371151,30.874976730536275,-1.88751247717405
1351,1.3,true_threat,DREAM,1,245,1350,1.25,1,1,221.41644514616766,-201.67484278613784,233.7212870820402,-208.7453067741886,-208.75,-0.00461879714973179,-0.007579257298338336,0.0021578997658627235,0,0,31.54138718582311,-2.3785993668680305,0.0,0.13429532945156097,0.0005345932440832257,0.0006531288381665945,29.97088515489608,0.007161695707419401,0,0,1.216764332822578,13.260077359519133,1.2163747518553418,occluder,,,9.013990363200762,,1.0,1331,ok,accepted,0,ok,0.516501,0.0007282000151462853,0.4851012999715749,0.03032839999650605,0,0.0013758999999993193,0.012589999999999435,0,217.95196821178627,-3.2157346096554704,9.031385472960835,3.5751572138621555,0,0,0,1,0,0,0,9,0.0,1,1,13.159492206350652,-0.5674072158239812,9,1,18.45822452134464,-0.16326941250176977,22.431637859730298,-0.11535655693436006,20.113400644541496,-1.6366570982395645,23.45050391959361,-1.5230564271333433,17.170313848469245,0.18371578694682003,30.61798091492502,-1.2662627214629454,31.207029002217674,-1.8993380886378093,30.189021968487886,-0.34126237266885356,30.78144606532592,-1.8706133012841846
1352,1.35,true_threat,DREAM,1,251,1351,1.3,1,1,222.98977838362657,-201.673100614228,235.05258596803918,-208.745249342915,-208.75,-0.004693225811394086,-0.0068744191291828915,0.001733243600037568,1,0,31.4203944002436,-2.419855711590131,0.0,0.14249631762504578,-0.0040580774657428265,-0.00495787663385272,30.615546003689545,0.007216956112178042,0,0,1.218481683076476,13.380170966905268,1.217908243149171,occluder,,,8.818665173438218,,0.75,1337,ok,accepted,0,ok,0.516501,0.0007282000151462853,0.4851012999715749,0.03032839999650605,1,0.0014153999999990674,0.012024700000001332,0,218.87457567887864,-2.565008839288936,9.440076891867449,3.576899385772009,0,0,0,1,0,0,0,9,0.0,1,1,12.956986940958965,-0.5776378468613422,10,1,18.44923326229673,-0.17982518291948082,22.426179022390603,-0.10917674659492331,20.03285143819445,-1.6109841015519706,23.375987601744527,-1.4903263502028559,17.178668032845025,0.1670836875745799,30.555262884456294,-1.2543009064405017,31.112849835512883,-1.8835833288919537,30.174165652737518,-0.29712630444057203,30.68869550899888,-1.8550111256095165
1353,1.4000000000000001,true_threat,DREAM,1,254,1352,1.35,1,1,224.55703851407884,-201.67104007951122,236.3789410066696,-208.74519359818737,-208.75,-0.004750657084997556,-0.0061922542543860135,0.0013287381035488712,0,0,31.298184619195958,-2.4441956209528826,0.0,0.14749875664710999,-0.0040580774657428265,-0.00495787663385272,30.615546003689545,0.0072734241487015456,0,0,1.2205328006763807,13.506341307774937,1.218679628561354,occluder,,,8.627140107848781,,0.8,1337,ok,accepted,0,ok,0.516501,0.0007282000151462853,0.4851012999715749,0.03032839999650605,0,0.0014153999999990674,0.01224149999999824,0,219.7967559051075,-1.9199289350655135,9.844251704269027,3.578959920488785,0,0,0,1,0,0,0,9,0.0,1,1,12.757275389714952,-0.5886426263977677,11,1,18.439444733056703,-0.19577058523524477,22.421025360839234,-0.1030732310974847,19.954079880405235,-1.5754311277847408,23.30354075706971,-1.4489368855412446,17.186165818168075,0.14995570650358178,30.493534493843153,-1.2345243967040154,31.01987420885593,-1.8595125304089826,30.1614684559568,-0.2539439248068385,30.597171381193352,-1.830482556289662
1354,1.4500000000000002,true_threat,DREAM,1,267,1353,1.4000000000000001,1,1,226.1181339431523,-201.6685391429145,237.70047426303145,-208.74512423957444,-208.75,-0.0048064018126297015,-0.005547217273972198,0.0009456087910380204,1,0,31.175482060865622,-2.4540511666067033,0.0,0.1498492807149887,-0.004345682915300131,-0.005309253465384245,30.315379256924196,0.007330789238020906,0,0,1.2230092383512385,13.637790837789767,1.2189902538983348,occluder,,,8.439781597810425,,0.8500000000000001,1337,ok,accepted,0,ok,0.516501,0.0007282000151462853,0.4851012999715749,0.03032839999650605,1,0.0013879999999986126,0.011094999999997412,0,220.71841732733304,-1.280494928217621,10.244123538405319,3.5814608570854887,0,0,0,1,0,0,0,9,0.0,1,1,12.560605634308509,-0.6003367302856025,12,1,18.428885635692094,-0.21118194655674713,22.416167341302234,-0.09716039051202673,19.87767534037294,-1.5280907715502257,23.23355820726236,-1.39965098760589,17.192797668743847,0.13263701153609192,30.433184543382705,-1.2069697745602317,30.928634272967624,-1.824798716979956,30.150794956665894,-0.21346997476026444,30.50738103693525,-1.7958068855322282
1355,1.5000000000000002,true_threat,DREAM,1,274,1354,1.4500000000000002,1,1,227.67315616111128,-201.66541466774737,239.0171857475355,-208.74507178465254,-208.75,-0.004875760425562703,-0.004953825134317397,0.0005851204410373522,0,0,31.052972479741335,-2.4501916224857467,0.0,0.14947791397571564,-0.004345682915300131,-0.005309253465384245,30.315379256924196,0.007388743809967255,0,0,1.226124681600254,13.773661772885575,1.2192345023041633,occluder,,,8.256792004390942,,0.9000000000000001,1337,ok,accepted,0,ok,0.516501,0.0007282000151462853,0.4851012999715749,0.03032839999650605,0,0.0013879999999986126,0.011259299999998973,0,221.63946840323698,-0.646523786162561,10.63978394700544,3.5845853322526295,0,0,0,1,0,0,0,9,0.0,1,1,12.367042990848402,-0.6126683949807175,13,1,18.417584581409823,-0.22602108415389147,22.411595429529875,-0.09143823576097317,19.804143263695718,-1.4706415056673556,23.164470204161372,-1.3817600531929042,17.198559768191515,0.11524198898157771,30.37457710123906,-1.1721311724332009,30.839639289990036,-1.7798996598250347,30.141981122193688,-0.1762766785563544,30.419820386489157,-1.7512130085006243
1356,1.55,true_threat,DREAM,1,281,1355,1.5,1,1,229.22210510549115,-201.66148354855176,240.32931961640875,-208.74508192650003,-208.75,-0.004928215347462128,-0.004388352232838883,0.0002476555304828775,1,0,30.93127917319845,-2.4338661308576803,0.0,0.1467863768339157,-0.0037849177606403828,-0.0046241492964327335,30.015260538548155,0.0074469952822954965,0,0,1.2300316974835823,13.913126926855501,1.2198283595017345,occluder,,,8.078623963220416,,0.95,1337,ok,accepted,0,ok,0.516501,0.0007282000151462853,0.4851012999715749,0.03032839999650605,1,0.0014225000000003263,0.017751499999999254,0,222.55997015756122,-0.018076596106936904,11.031416061554438,3.5885164514482426,0,0,0,1,0,0,0,9,0.0,1,1,12.176920268661082,-0.6255349707056462,14,1,18.40557971567528,-0.24009731262320175,22.4073019951489,-0.08586868877308947,19.73394332199615,-1.4039988079850403,23.096477020459712,-1.3598636658117174,17.20345783878521,0.09796141189859887,30.318040064186114,-1.1307317477502987,30.75336418975525,-1.7255020050754317,30.134876272377,-0.14209698552321065,30.334962452221774,-1.697158683318291
1357,1.6,true_threat,DREAM,1,296,1356,1.55,1,1,230.76504171774764,-201.65647110631895,241.63699792954577,-208.7451241058974,-208.75,-0.004918073499965203,-0.0038145388917724767,-6.662217122204751e-05,0,0,30.810986629511024,-2.405850873748534,0.0,0.14168857038021088,-0.0037849177606403828,-0.0046241492964327335,30.015260538548155,0.0075052558743318575,0,0,1.3752181930975087,14.055325329807147,1.3651699464900109,occluder,,,7.905632805272327,,1.0,1337,ok,accepted,0,ok,0.516501,0.0007282000151462853,0.4851012999715749,0.03032839999650605,0,0.0014225000000003263,0.011764400000000563,0,223.47989207793486,0.604938095775907,11.419172454317817,3.5935288936810537,0,0,0,1,0,0,0,9,0.0,1,1,11.990460392228293,-0.6388862508442289,15,1,18.39290918737721,-0.25341056393321404,22.403285128634714,-0.08033733057309385,19.66749322395485,-1.329001938401663,23.030047864204107,-1.3285831178550578,17.207497601298844,0.08079525031790961,30.26388424010415,-1.0831131953770006,30.67027627234014,-1.6617583478476152,30.129327817159403,-0.11096909465703432,30.253255460920503,-1.6341398217240632
1358,1.6500000000000001,true_threat,DREAM,1,315,1357,1.6,1,1,232.30190492629032,-201.6502705503533,242.9404037819939,-208.74516774280363,-208.75,-0.0048758941026108005,-0.0032574528594343896,-0.0003573680125856949,1,0,30.692635915176925,-2.3670142866819788,0.0,0.13461309671401978,-0.0025998728815466166,-0.00317634386010468,29.71515737762163,0.007563245754206248,0,0,1.7421827291711751,14.199426169313556,1.7345068209052628,occluder,,,7.738157770694482,,1.05,1337,ok,accepted,0,ok,0.516501,0.0007282000151462853,0.4851012999715749,0.03032839999650605,1,0.0013818000000007657,0.016552999999998264,0,224.3991426116288,1.2225507706246503,11.803327773071999,3.599729449646702,0,0,0,1,0,0,0,9,0.0,1,1,11.807906034895547,-0.6526032371361168,16,1,18.379609235359904,-0.2659990384451285,22.399563900614123,-0.07442456000071726,19.60516108632306,-1.2466427357784169,22.965598537026956,-1.2889865372002336,17.21070576151658,0.06416320436103862,30.212391889647773,-1.0298466040131444,30.59080659879776,-1.5893934686868154,30.12522322144989,-0.08209190634341339,30.175138102569512,-1.562347159984586
1359,1.7000000000000002,true_threat,DREAM,1,327,1358,1.6500000000000001,1,1,233.83296934245777,-201.64274445786418,244.2398423495166,-208.74521273311098,-208.75,-0.004832257196369483,-0.0027417739351489204,-0.0006244621233037033,0,0,30.576713453822894,-2.3184492270806345,0.0,0.1255197525024414,-0.0025998728815466166,-0.00317634386010468,29.71515737762163,0.007620699813298026,0,0,2.2196216757471863,14.34455204801739,2.2145497263527627,occluder,,,7.576466120976076,,1.1,1337,ok,accepted,1,ok,0.4258337,0.0007234000077005476,0.3638591999770142,0.06090089998906478,0,0.0013818000000007657,0.008713400000001315,0,225.3176912410667,1.835066557354196,12.184217711156805,3.6072555421358174,0,0,0,1,0,0,0,9,0.0,1,1,11.62940580543557,-0.6666460008894924,17,1,18.36571991410751,-0.27778642348328103,22.39616501584719,-0.06797769403739339,19.547286418460175,-1.1574933450398368,22.903516231547258,-1.2416461046082754,17.21311092790864,0.04810332784796514,30.163822458804027,-0.9713885385681998,30.51536524863707,-1.5088269986867735,30.12247665425497,-0.05493133810161819,30.10101092016552,-1.4825436380550137
1360,1.7500000000000002,true_threat,DREAM,1,338,1359,1.7000000000000002,1,1,235.35838761659647,-201.63407588225587,245.53555777272476,-208.74525899353318,-208.75,-0.004787266889024977,-0.0022665969320376303,-0.0008684536551013065,1,1,30.46394814131568,-2.2553062501442867,0.0,0.1135002076625824,0.0011557228863239288,0.0014119818806648254,30.26863249137273,0.007677219564012618,0,0,2.7472395814503794,14.489383888978157,2.7445469561480365,occluder,,,7.420407311630481,,0.55,1349,ok,accepted,0,ok,0.4258337,0.0007234000077005476,0.3638591999770142,0.06090089998906478,1,0.0014137000000005173,0.011601800000001106,0,226.23556849423574,2.442607578323873,12.562055881195931,3.615924117744129,0,0,0,1,0,0,0,9,0.0,1,1,11.454800900211255,-0.6807212399429163,18,1,18.35128890822311,-0.28862011669715537,22.393118990801703,-0.06092049889965555,19.49417248638573,-1.062278635308865,22.844151899340787,-1.1872866401876634,17.214747432849173,0.032730098814916196,30.11840492804628,-0.908348729743254,30.444347042887703,-1.4203641075735307,30.121021357845645,-0.029105924588090866,30.031263012595257,-1.3949581383390046
1361,1.8,true_threat,DREAM,1,345,1360,1.75,1,1,236.87831236782048,-201.6243563242035,246.82785522738175,-208.74530641996253,-208.75,-0.004741006466815634,-0.0018310263905228618,-0.0010898771016275809,0,1,30.354980082028224,-2.1793611857491157,0.0,0.09879031777381897,0.0011557228863239288,0.0014119818806648254,30.26863249137273,0.007732435544208166,0,0,3.2985192106686747,14.632501597718829,3.297818070159463,occluder,,,7.270070122397272,,0.5999999999999999,1349,ok,accepted,0,ok,0.4258337,0.0007234000077005476,0.3638591999770142,0.06090089998906478,0,0.0014137000000005173,0.012170499999999862,0,227.15265228000888,3.0454485437747394,12.937269550079776,3.6256436757965105,0,0,0,1,0,0,0,9,0.0,1,1,11.284149144857366,-0.6947247066358696,19,1,18.33636008435512,-0.2985764765489612,22.390450621376935,-0.05336738589054067,19.446092042686733,-0.9616088716717983,22.787818346272573,-1.1266710586208926,17.215655330684832,0.018157956715182517,30.076345436739427,-0.8411845050410184,30.378110563222265,-1.3247295825248198,30.120809648380654,-0.004234187623155636,29.96625868319033,-1.3000865721276498
1362,1.85,true_threat,DREAM,1,354,1361,1.8,1,1,238.39286569246215,-201.6136620360048,248.11716195955654,-208.74535486664806,-208.75,-0.004693580037468337,-0.0014341675425855178,-0.0012892758263273064,1,1,30.250363005180972,-2.0923415369450282,0.0,0.08204500377178192,0.0024046164471656084,0.002937793266028166,29.969196220618485,0.007786009181237271,0,0,3.8611651084418703,14.772675453242284,3.8620279208865123,occluder,,,7.1257347320564985,,0.6499999999999999,1349,ok,accepted,0,ok,0.4258337,0.0007234000077005476,0.3638591999770142,0.06090089998906478,1,0.0013633000000012885,0.015471800000000258,0,228.069034161526,3.643619986899296,13.310194400737458,3.636337963995203,0,0,0,1,0,0,0,9,0.0,1,1,11.117694646653351,-0.7086417157727656,20,1,18.320979221516833,-0.30761725648866384,22.388175164985352,-0.04550912518493549,19.403273968050875,-0.8563614936737814,22.734813118019368,-1.060104563114481,17.215880397779614,0.004501341896124087,30.037808191807525,-0.7707350624674484,30.316997224489278,-1.2222667605566566,30.12176904558665,0.019187944263395606,29.906341254434835,-1.1983485565286107
1363,1.9000000000000001,true_threat,DREAM,1,361,1362,1.85,1,1,239.90238335673675,-201.6022065261757,249.40360001352758,-208.74532799800582,-208.74990631460827,-0.004551447960210453,0.3252560390254916,-0.0014673542522827543,0,1,30.150581242942643,-1.9956352447665893,0.0,0.06335069984197617,0.0024046164471656084,0.002937793266028166,29.969196220618485,0.007837627125522474,0,0,4.429340731868657,14.908616282328678,4.431359673069013,occluder,,,6.98730987727028,,0.7,1349,ok,accepted,0,ok,0.4258337,0.0007234000077005476,0.3638591999770142,0.06090089998906478,0,0.0013633000000012885,0.011406400000002037,0,228.98459206848167,4.237579744218209,13.681074547752814,3.6477934738242936,0,0,0,1,0,0,0,9,0.0,1,1,10.955164485591174,-0.7225094975119222,21,1,18.30519781718636,-0.3156280865627506,22.38630215798124,-0.037460138597706256,19.365823165004244,-0.7490160640881762,22.68540515070838,-0.988159344921944,17.215468410487432,-0.008239745843781357,30.002936433645054,-0.6974202754081652,30.261312202242074,-1.113700427600993,30.123827069859775,0.0411604850215656,29.85181399449075,-1.0905451781024793
1364,1.9500000000000002,true_threat,DREAM,1,376,1363,1.9000000000000001,1,1,241.40701803181224,-201.5902338832731,250.68765759243553,-208.74499676564076,-208.74903424347806,-0.003706245472244518,0.7047242982142674,0.0016437877131008525,1,1,30.0560138928593,-1.89134700166683,0.0,0.04327211156487465,0.0030734618194401264,0.0037549419794231653,29.669732207257884,0.007887022827920781,0,0,4.999724544270735,15.039235709139689,5.002529092112516,occluder,,,6.854976960970663,,0.75,1349,ok,accepted,0,ok,0.4258337,0.0007234000077005476,0.3638591999770142,0.06090089998906478,1,0.001376300000000441,0.014244999999998953,0,229.89935652365767,4.827449964117704,14.050367671484764,3.6597661167268996,0,0,0,1,0,0,0,9,0.0,1,1,10.79656800937589,-0.7363137573126415,22,1,18.28906546240299,-0.32264709566519856,22.384835416290887,-0.02933483154716955,19.333697674308084,-0.6425098167537946,22.63984239958691,-0.911255021623773,17.214465145125878,-0.020065307231318545,29.971839076926923,-0.6219271881236982,30.211328247398413,-0.9996790763086583,30.126884538974874,0.061149382504661856,29.80296491307174,-0.9769816056104437
1365,2.0,true_threat,DREAM,1,401,1364,1.9500000000000002,1,1,242.90713601709643,-201.57800338176665,251.96954824643953,-208.74414747364298,-208.7465329611175,-0.001536195476745661,1.0704351878720562,0.008604540649167223,0,1,29.966992045112402,-1.7804369549379828,0.0,0.021825313568115234,0.0030734618194401264,0.0037549419794231653,29.669732207257884,0.007933949846886008,0,0,5.57065652986097,15.163320980575199,5.573921418182216,occluder,,,6.728568349232512,,0.7999999999999998,1349,ok,accepted,0,ok,0.4258337,0.0007234000077005476,0.3638591999770142,0.06090089998906478,0,0.001376300000000441,0.00924789999999831,0,230.81329699386146,5.413627479198112,14.418317855284982,3.6719966182333508,0,0,0,1,0,0,0,9,0.0,1,1,10.64153221300565,-0.7500804521922405,23,1,18.272629840853593,-0.32871243081859397,22.383755863649668,-0.021591051708677225,19.30676779556704,-0.5385975758534198,22.598357561001215,-0.8296967712403538,17.212929729502385,-0.030708312469918383,29.94459260033033,-0.5449049653959076,30.167247538950484,-0.8816141452838994,30.1308270124521,0.07884947168177188,29.75996376359446,-0.8600229655823282
1366,2.05,true_threat,DREAM,1,415,1365,2.0,1,1,244.40298154169176,-201.56577433776906,253.249546571262,-208.7425969228574,-208.74164309230613,0.0025043813368483825,1.419926148731185,0.019944217453797833,1,1,29.883669650362407,-1.666447894999905,0.00045875459909439087,0.0,0.0032045890111476183,0.003915144130587578,29.370095205575264,0.007978252926741876,0,0,6.141120176198786,15.28006923916229,6.144569002330051,occluder,,,6.608020129382058,,0.8499999999999996,1349,ok,accepted,0,ok,0.4258337,0.0007234000077005476,0.3638591999770142,0.06090089998906478,1,0.0013663000000008196,0.014539500000001482,0,231.72641349470922,5.996356502945673,14.785199679259676,3.6842256622309435,0,0,0,1,0,0,0,9,0.0,1,1,10.489831381859236,-0.7638342247169667,24,1,18.255948173727514,-0.3336333418755669,22.383053965391127,-0.014037964050092786,19.28485614684156,-0.4382329722360307,22.5611604437439,-0.743942344943449,17.21090984870284,-0.04039761599217335,29.92125438857275,-0.4667358389843584,30.129085334747675,-0.7632440582584058,30.13552097604958,0.09387927723094139,29.72281817485952,-0.7429117503286337
1367,2.1,true_threat,DREAM,1,423,1366,2.0500000000000003,1,1,245.89473779954787,-201.55380608821463,254.5278660598026,-208.73996357070416,-208.73369414246662,0.008902780390769749,1.750222062341794,0.03651655886520325,0,1,29.802521718029915,-1.6229586466498347,0.02363714948296547,0.0,0.0032045890111476183,0.003915144130587578,29.370095205575264,0.008021757460525102,0,0,6.476225139536608,15.396215545683901,6.4930461211299875,latent_vehicle,,,6.4930461211299875,,0.8999999999999999,1349,ok,accepted,0,ok,0.4258337,0.0007234000077005476,0.3638591999770142,0.06090089998906478,0,0.0013663000000008196,0.012778199999999629,0,232.63870602099553,6.575820234515476,15.151226641513972,3.6961939117853717,0,0,0,1,0,0,0,9,0.0,1,1,10.34107611606026,-0.7775765387114991,25,1,18.239068143760907,-0.33760059809343695,22.38270110948389,-0.007057117633754391,19.267779623092203,-0.34153046831225287,22.528399820137356,-0.6552124720279885,17.208462720161517,-0.048942570826465935,29.90183793265617,-0.38829795906225995,30.096725286635017,-0.647200934473904,30.14082910004466,0.10616248968687048,29.691404169339034,-0.6282800857979096
1368,2.15,true_threat,DREAM,1,438,1367,2.1,1,1,247.3824659143091,-201.54235801168082,255.8048117889225,-208.73595739610022,-208.7221012166083,0.017862354095854016,2.0581657250579024,0.05921588830384552,1,1,29.72350564176016,-1.5803215253951208,0.050488319247961044,0.0,0.0028715976513922215,0.003508318215608597,29.070328255538012,0.008064461902113467,0,0,6.3649531847710605,15.51168484922555,6.38352199253741,latent_vehicle,,,6.38352199253741,,0.9499999999999997,1349,ok,accepted,0,ok,0.4258337,0.0007234000077005476,0.3638591999770142,0.06090089998906478,1,0.0013984999999969716,0.016800500000002216,0,233.55017457272044,7.1520797975518065,15.51670381890898,3.707641988319182,0,0,0,1,0,0,0,9,0.0,1,1,10.19508102019814,-0.7913200215798375,26,1,18.22204697137623,-0.34042344567625776,22.38267440840166,-0.0005340214375935268,19.25536274790065,-0.24833749177101302,22.500123373730833,-0.5655289280833347,17.205641751463965,-0.05641937395062122,29.88633570892521,-0.3100117562196547,30.069974751791868,-0.5350106679308922,30.14660833483003,0.11558471046417615,29.6655252898409,-0.5175775656271334
1369,2.1999999999999997,true_threat,DREAM,1,455,1368,2.15,1,1,248.86637957667998,-201.53162839953842,257.0806582970849,-208.73022735322053,-208.70636173827043,0.02959565782978757,2.340925274905267,0.08882549515841831,0,1,29.647398970122865,-1.522133432745889,0.08082830160856247,0.0,0.0028715976513922215,0.003508318215608597,29.070328255538012,0.008105917159816848,0,0,6.258144016588332,15.62460001569949,6.279117698470525,latent_vehicle,,,6.279117698470525,,0.9999999999999996,1349,ok,accepted,1,ok,0.5036927,0.0008669999951962382,0.46990090000326745,0.03259509999770671,0,0.0013984999999969716,0.008734199999999248,0,234.4606970795785,7.725470953064615,15.882027820213295,3.7183716004615803,0,0,0,1,0,0,0,9,0.0,1,1,10.051478819003085,-0.8050605813428503,27,1,18.204938062276973,-0.3421781790298527,22.382947159995194,0.0054550319460232415,19.247437681500713,-0.15850131273258328,22.47629868006931,-0.4764938732226051,17.202506070256582,-0.06271362414685097,29.87470582730869,-0.23256460258637135,30.04859531140022,-0.4275887782539077,30.152730890874754,0.122451139704495,29.64495265429451,-0.4114526872916719
1370,2.25,true_threat,DREAM,1,475,1369,2.2,1,1,250.34660096107365,-201.5219223859078,258.3554970120895,-208.7224071999166,-208.68605216846535,0.04417518475517568,2.5,0.12594175132950325,1,1,29.5748410059297,-1.4511592838633192,0.11372256278991699,0.0,0.0037303261924535036,0.004557453095912933,29.010530024782362,0.008145737785379983,0,0,6.155150765141594,15.73328042288637,6.1791051600617495,latent_vehicle,,,6.1791051600617495,,0.6499999999999999,1357,ok,accepted,0,ok,0.5036927,0.0008669999951962382,0.46990090000326745,0.03259509999770671,1,0.001421999999998036,0.012340699999999316,0,235.37048716980956,8.295902247227218,16.247076444986817,3.7280776140922,0,0,0,1,0,0,0,9,0.0,1,1,9.9096483150264,-0.8186973349038061,28,1,18.187791008249764,-0.34294107625062475,22.383498382506502,0.011024450171829323,19.24386137226026,-0.07152616670329943,22.456845629637787,-0.3890610086301567,17.199105267593918,-0.06801605325245069,29.866873938672168,-0.15660562701872408,30.032272253021684,-0.3264611375558736,30.15908614289778,0.12710506246785921,29.629457380643224,-0.30990545044198914
1371,2.3,true_threat,DREAM,1,496,1370,2.25,1,1,251.82331323541285,-201.51342301378244,259.6296330160028,-208.71222217389348,-208.66082472462193,0.06158247529467076,2.5,0.1699833214316505,0,1,29.506364833013844,-1.36952345831709,0.14770585298538208,0.0,0.0037303261924535036,0.004557453095912933,29.010530024782362,0.008183588012953345,0,0,6.055545899323645,15.836185604067195,6.082929480288478,latent_vehicle,,,6.082929480288478,,0.6999999999999997,1357,ok,accepted,0,ok,0.5036927,0.0008669999951962382,0.46990090000326745,0.03259509999770671,0,0.001421999999998036,0.012825800000001664,0,236.27933120996843,8.863770481407556,16.612368408741276,3.736576986217557,0,0,0,1,0,0,0,9,0.0,1,1,9.769233052125058,-0.8321741591727815,29,1,18.1706668426316,-0.3424833073172259,22.384303281878665,0.01609798734261184,19.244506027952024,0.012893133574876679,22.441668855524075,-0.30353548227571964,17.195487028426825,-0.0723647833448508,29.862748492969406,-0.0824786616557695,30.020679419429506,-0.23185664222393626,30.165555835619546,0.12939387863693608,29.618755273767494,-0.21404211623297562
1372,2.35,true_threat,DREAM,1,516,1371,2.3000000000000003,1,1,253.2967605871569,-201.50626752896966,260.90318826461163,-208.69933654016825,-208.6304040995289,0.08181807436457689,2.5,0.21982359458659975,1,1,29.442323982712146,-1.2808170060339563,0.18038545548915863,0.0,0.002673672279343009,0.00326650682836771,28.710784431713414,0.00821922584730923,0,0,5.958738281602218,15.932108478034372,5.990064808102096,latent_vehicle,,,5.990064808102096,,0.75,1357,ok,accepted,0,ok,0.5036927,0.0008669999951962382,0.46990090000326745,0.03259509999770671,1,0.0013579999999997483,0.010698000000001429,0,237.18735127036047,9.42919777275958,16.977903596958072,3.7437324710303415,0,0,0,1,0,0,0,9,0.0,1,1,9.629785920919549,-0.8455814148952518,30,1,18.153611342656845,-0.34110999324776925,22.38533706124388,0.020675587373417317,19.24925911451984,0.09506175176968655,22.430650101294358,-0.2203750846021284,17.191708570431363,-0.0755691599095165,29.862205491801326,-0.010832544627960017,30.01356122566795,-0.1423638464366252,30.172056046237167,0.13000423739835515,29.612541157679225,-0.12428230199970082
1373,2.4,true_threat,DREAM,1,531,1372,2.35,1,1,254.76712614779086,-201.50053216294563,262.1764068100352,-208.68349081605567,-208.594584180278,0.10475235989025578,2.5,0.2755605942736916,0,1,29.38285261618852,-1.1894273304725544,0.21153928339481354,0.0,0.002673672279343009,0.00326650682836771,28.710784431713414,0.008252529700199206,0,0,5.864324599655708,16.020262517275874,5.900109923648739,latent_vehicle,,,5.900109923648739,,0.7999999999999998,1357,ok,accepted,0,ok,0.5036927,0.0008669999951962382,0.46990090000326745,0.03259509999770671,0,0.0013579999999997483,0.009519000000000943,0,238.09454736139648,9.992367242357517,17.34392605134562,3.749467837054368,0,0,0,1,0,0,0,9,0.0,1,1,9.491019364755436,-0.8589400719837578,31,1,18.136679821313372,-0.33863041944564615,22.386580648211577,0.024871739281788673,19.258021452054802,0.17524676886575802,22.42370162821201,-0.1389694616743536,17.187813764233827,-0.07789612395097742,29.865107561267003,0.0580655201069984,30.01070404882196,-0.05714350901296115,30.178491409159328,0.12870728201086026,29.610572798971194,-0.0393671560071614
1374,2.45,true_threat,DREAM,1,552,1373,2.4000000000000004,1,1,256.23468454947493,-201.49614052807254,263.4494716848561,-208.66447131605668,-208.55322476720738,0.1302660488482843,2.5,0.33680003820037635,1,1,29.328011435765628,-1.096823608457811,0.24118754267692566,0.0,0.0011807042174041271,0.0014425022527575493,28.410961331314088,0.008283420368133818,0,0,5.772001840955912,16.100047740570968,5.8128914444964925,latent_vehicle,,,5.8128914444964925,,0.8500000000000001,1357,ok,accepted,0,ok,0.5036927,0.0008669999951962382,0.46990090000326745,0.03259509999770671,1,0.001385499999997819,0.012010000000000076,0,239.00085844271834,10.55361456271973,17.71067984484469,3.7538594719274556,0,0,0,1,0,0,0,9,0.0,1,1,9.35273491470102,-0.8723535549910578,32,1,18.119921869545777,-0.3351590268177483,22.38800924723836,0.028571980871878157,19.270669061374438,0.25295220259228773,22.42070899662526,-0.059852631756003694,17.183850293545497,-0.07926941376662158,29.871296332111633,0.12379581983446752,30.011949578396166,0.02491061788441673,30.18479898255561,0.12615148875095158,29.61267853618189,0.04211476073181112
1375,2.5,true_threat,DREAM,1,570,1374,2.45,1,1,257.69964943085967,-201.49313832783946,264.72256590083555,-208.64200331951943,-208.50624829284493,0.15822302321174675,2.5,0.40293524879086867,0,1,29.277743226075145,-1.0053641938096547,0.26938775181770325,0.0,0.0011807042174041271,0.0014425022527575493,28.410961331314088,0.008311887795308968,0,0,5.681324813862231,16.17111652379466,5.727991935041685,latent_vehicle,,,5.727991935041685,,0.8999999999999999,1357,ok,accepted,0,ok,0.5036927,0.0008669999951962382,0.46990090000326745,0.03259509999770671,0,0.001385499999997819,0.009439499999999157,0,239.90634555468418,11.11309233213862,18.078286948858278,3.7568616721605395,0,0,0,1,0,0,0,9,0.0,1,1,9.214569535667229,-0.8858334286037295,33,1,18.103387078301168,-0.33069581534813175,22.389599970544005,0.031814466210926276,19.28706652279578,0.327949240457135,22.42157874622593,0.017394992004252655,17.179860121227186,-0.07980344636732886,29.880575280886575,0.18559552210483488,30.017171927415326,0.10444700359899363,30.19091582452957,0.12233685387501818,29.6187248548604,0.12092638848608712
1376,2.55,true_threat,DREAM,1,590,1375,2.5,1,1,259.1622038557601,-201.4914034294763,265.99571992349587,-208.61593422815145,-208.45363654085156,0.18836677866787,2.5,0.47329760629792583,1,1,29.2319885941597,-0.9150926383089342,0.2962903678417206,0.0,-0.0004673282674048096,-0.0005709491670131683,28.141071607639038,0.008337926898764223,0,0,5.5920740392666035,16.233235353678047,5.645330608957978,latent_vehicle,,,5.645330608957978,,0.9499999999999997,1357,ok,accepted,0,ok,0.5036927,0.0008669999951962382,0.46990090000326745,0.03259509999770671,1,0.001388899999998472,0.01298320000000075,0,240.81100868688318,11.670983624840034,18.446777839319594,3.758596570523707,0,0,0,1,0,0,0,9,0.0,1,1,9.076349211745196,-0.8994740264128006,34,1,18.08712503768528,-0.32524080241325354,22.391333744438537,0.03467547849013668,19.307034545493714,0.39936046187518665,22.426234582936747,0.09311673422455977,17.17588902216412,-0.07942198127412442,29.8927478806362,0.24346477838506603,30.026231859383156,0.1811986593904086,30.19679043591249,0.11749224152211403,29.628580147924975,0.19710587467282545
1377,2.6,true_threat,DREAM,1,613,1376,2.5500000000000003,1,1,260.6226529582966,-201.49081365856986,267.2692999116994,-208.58611132914157,-208.39542736496443,0.22050686318701196,2.5,0.5472317562603639,0,1,29.190636814112494,-0.827035600944086,0.32202115654945374,0.0,-0.0004673282674048096,-0.0005709491670131683,28.141071607639038,0.008361565730456877,0,0,5.504118218357178,16.286213459893222,5.564792495269469,latent_vehicle,,,5.564792495269469,,1.0,1357,ok,accepted,1,ok,0.3646708,0.0008969999908003956,0.32297060001292266,0.040461900003720075,0,0.001388899999998472,0.010439600000001548,0,241.71487836209712,12.227563052162623,18.816488152309205,3.759186341430137,0,0,0,1,0,0,0,9,0.0,1,1,8.937974527569473,-0.9132776420710813,35,1,18.071179617558442,-0.318908391781062,22.393185774652704,0.03704060453745609,19.330369043111375,0.46668995656568707,22.434596397428407,0.16723628987437195,17.17197704959524,-0.07823945137851764,29.907594718922066,0.2969461075287335,30.03899967400192,0.25535630876223175,30.20236369115972,0.11146511365951997,29.642097547987323,0.2703480123118732
1378,2.65,true_threat,DREAM,1,634,1377,2.6,1,1,262.08111855371055,-201.49062129285656,268.5433973557106,-208.55235148579948,-208.33171140794036,0.25439992120121246,2.5,0.6241365870432829,1,1,29.153571045577287,-0.7413153707041431,0.3467247486114502,0.0,-0.006844034884124994,-0.008361565880477428,28.303105883828433,0.008382839993571062,1,0,5.417871468034365,16.330073505165384,5.487647203783224,latent_vehicle,,,5.487647203783224,,0.5499999999999998,1367,ok,accepted,0,ok,0.3646708,0.0008969999908003956,0.32297060001292266,0.040461900003720075,1,0.0014244999999988295,0.016223899999999958,0,242.6179850979023,12.782921911771382,19.187478860515228,3.7593787071434406,0,0,0,1,0,0,0,9,0.0,1,1,8.800148679554493,-0.9277229982415182,36,1,18.05559468679083,-0.311698603958812,22.395129356459314,0.03887163689270846,19.356825874152026,0.5291366224677001,22.446561192939715,0.23929591031577382,17.168150907765984,-0.07652283658669792,29.924886853652755,0.3458490282412711,30.055296080201458,0.3259281365961503,30.207584090775786,0.1044079978144391,29.659130188495954,0.3406528187327295
1379,2.7,true_threat,DREAM,1,656,1378,2.6500000000000004,1,1,263.53790565639827,-201.49035320579515,269.8181037822315,-208.51457837295186,-208.26262882049912,0.28972266530035995,2.5,0.7034864503917192,0,1,29.12070298401551,-0.6573612312355692,0.3705516755580902,0.0,-0.006844034884124994,-0.008361565880477428,28.303105883828433,0.00840177293170221,1,0,5.333570189171443,16.364526190015084,5.414432167561579,latent_vehicle,,,5.414432167561579,,0.6000000000000001,1367,ok,accepted,0,ok,0.3646708,0.0008969999908003956,0.32297060001292266,0.040461900003720075,0,0.0014244999999988295,0.009997999999999507,0,243.5202678591461,13.337426253215312,19.559902525792324,3.759646794204855,0,0,0,1,0,0,0,9,0.0,1,1,8.663082855518196,-0.9429748400863398,37,1,18.040412207780545,-0.30364956780121444,22.39714351110691,0.040283093296859925,19.38612656571379,0.5860138310822827,22.46202215857526,0.3092193128444595,17.1644430216293,-0.07415772273528393,29.944382000965977,0.38990681143422906,30.074915084306493,0.3923800911223395,30.212405858706305,0.09643536174913886,29.67947207578863,0.40683775208918704
1380,2.75,true_threat,DREAM,1,677,1379,2.7,1,1,264.9931668021877,-201.48985675744999,271.0936938234223,-208.47271560296093,-208.18836598026664,0.3262123926852212,2.5,0.784831600657372,1,1,29.091915850597108,-0.5757426683680222,0.39347466826438904,0.0,-0.006876944564282894,-0.008401772938668728,28.00234760641088,0.008418407876115365,1,0,5.251255644628559,16.389699527065684,5.344826016979538,latent_vehicle,,,5.344826016979538,,0.6499999999999999,1367,ok,accepted,0,ok,0.3646708,0.0008969999908003956,0.32297060001292266,0.040461900003720075,1,0.001379700000001094,0.012247500000000855,0,244.4218792285048,13.891076029646058,19.93388119762443,3.760143242550015,0,0,0,1,0,0,0,9,0.0,1,1,8.526643387740574,-0.9588123126611898,38,1,18.025670326387495,-0.29483761538307146,22.39920153387402,0.041160455384827724,19.417964035331853,0.6367493910886063,22.480836242483672,0.3762816783897999,17.160880095273544,-0.07125852711110298,29.965826444740248,0.428890875847859,30.09762398900783,0.45417809943472964,30.2167984774463,0.0878523761497673,29.70290386455103,0.4686357792610329
1381,2.8,true_threat,DREAM,1,699,1380,2.75,1,1,266.44705439677205,-201.4885978381811,272.3702590059852,-208.42668685065343,-208.1091522107184,0.36356339224252565,2.5,0.867801090829096,0,1,29.06710190992771,-0.49627881338793145,0.4155179560184479,0.0,-0.006876944564282894,-0.008401772938668728,28.00234760641088,0.008432786546502665,1,0,5.171302358330406,16.405707048480018,5.278910744595228,latent_vehicle,,,5.278910744595228,,0.6999999999999997,1367,ok,accepted,0,ok,0.3646708,0.0008969999908003956,0.32297060001292266,0.040461900003720075,0,0.001379700000001094,0.008562500000000028,0,245.32272766366015,14.444115189075035,20.309597945031953,3.761402161818893,0,0,0,1,0,0,0,9,0.0,1,1,8.390947620122766,-0.9751108028543891,39,1,18.011409097762076,-0.28522455947174224,22.401286259651886,0.041694516307051475,19.452014033395972,0.6809999599773372,22.502833691929983,0.4399489891716179,17.157485015365367,-0.06790159816903779,29.98896648230798,0.46280152119313456,30.12315767249411,0.5106736720780304,30.22073905816106,0.07881161469860007,29.729168062452995,0.5252839600460418
1382,2.85,true_threat,DREAM,1,730,1381,2.8000000000000003,1,1,267.8999039929455,-201.4861643461892,273.6479824041458,-208.37640050083564,-208.0252565001227,0.40143035053071685,2.5,0.9521285197859245,1,1,29.046114656554224,-0.4197450674697478,0.4361661970615387,0.0,-0.0069023300893604755,-0.008432786911725998,27.731650965572513,0.008444976579994984,1,0,5.09395861484739,16.412671894060757,5.216697391281343,latent_vehicle,,,5.216697391281343,,0.75,1367,ok,accepted,0,ok,0.3646708,0.0008969999908003956,0.32297060001292266,0.040461900003720075,1,0.001383799999999269,0.01723439999999954,0,246.22287419976487,14.996818249143757,20.687174807087843,3.763835653810787,0,0,0,1,0,0,0,9,0.0,1,1,8.2559991127515,-0.9917886999294141,40,1,17.997662853114075,-0.2749248802299407,22.403374800723846,0.041770821797111155,19.48793323683413,0.7183840683322757,22.527808511873456,0.4994963992375775,17.154280668962823,-0.06408692804663542,30.013535070892548,0.49137189447838026,30.151214773758394,0.5611420255677907,30.22420662053794,0.06935124739069182,29.7579842889446,0.5763245302261251
1383,2.9,true_threat,DREAM,1,762,1382,2.85,1,1,269.3517459417121,-201.48206798984194,274.92701660058054,-208.32184124266556,-207.93698422048405,0.43941628035159397,2.5,1.0374894943442676,0,1,29.02878655669932,-0.3465619970980782,0.4553872048854828,0.0,-0.0069023300893604755,-0.008432786911725998,27.731650965572513,0.008455061197279713,1,0,5.019687865369891,16.410860281695534,5.158445010573247,latent_vehicle,,,5.158445010573247,,0.7999999999999998,1367,ok,accepted,0,ok,0.3646708,0.0008969999908003956,0.32297060001292266,0.040461900003720075,0,0.001383799999999269,0.009472999999999843,0,247.12237986156086,15.5491545361144,21.066703341726594,3.767932010158063,0,0,0,1,0,0,0,9,0.0,1,1,8.12211818959505,-1.008776644053877,41,1,17.984462109117263,-0.2640148681241811,22.405453804240267,0.04158007036022117,19.525361157224452,0.7485584089993383,22.55554517143713,0.5547331918125986,17.151286131134427,-0.05989075656671732,30.039268994449607,0.5146784796480163,30.18148248700751,0.6053542641821441,30.227187811907367,0.05962382751957594,29.789047367939837,0.6212615793090579
1384,2.95,true_threat,DREAM,1,793,1383,2.9000000000000004,1,1,270.80282425354784,-201.47592721614873,276.2074226096206,-208.26294802016884,-207.8446738464863,0.4771673961792544,2.5,1.12373742131488,1,1,29.01492490058617,-0.2772331222629987,0.47274717688560486,0.0,-0.0069205621257424355,-0.008455061353743076,27.4910444778258,0.008463141421659751,1,0,4.948767766411063,16.40056725550002,5.104268179553197,latent_vehicle,,,5.104268179553197,,0.8500000000000001,1367,ok,accepted,0,ok,0.3646708,0.0008969999908003956,0.32297060001292266,0.040461900003720075,1,0.0013833000000005313,0.010974900000000787,0,248.02121413667714,16.10139857283383,21.448275075650372,3.774072783851267,0,0,0,1,0,0,0,9,0.0,1,1,7.989365806333977,-1.026052813932492,42,1,17.971835477018445,-0.252532630368448,22.407506104975365,0.041046015458416144,19.56393539631869,0.7714847850870022,22.585776643773773,0.6046294472702485,17.148510938449196,-0.055503853704382496,30.065910768600855,0.532835818525884,30.213627026485355,0.6428907890682155,30.229673095743088,0.04970567759018372,29.82203686502712,0.6597899410678701
1385,3.0,true_threat,DREAM,1,816,1384,2.95,1,1,272.2532913705836,-201.46731472698679,277.4894445822875,-208.1997512676357,-207.74869367443608,0.514254345732752,2.5,1.2107147959551168,0,1,29.0043004825677,-0.21248836036939167,0.48818108439445496,0.0,-0.0069205621257424355,-0.008455061353743076,27.4910444778258,0.008469342441517275,1,0,4.881656916234608,16.382205764518154,5.053968428882003,latent_vehicle,,,5.053968428882003,,0.8999999999999999,1367,ok,accepted,0,ok,0.3646708,0.0008969999908003956,0.32297060001292266,0.040461900003720075,0,0.0013833000000005313,0.008947700000000225,0,248.9194685986644,16.65361122788235,21.832042586330004,3.7826852730132146,0,0,0,1,0,0,0,9,0.0,1,1,7.8580914166316544,-1.0435900325700977,43,1,17.959811566065397,-0.2404782083578586,22.409512629941517,0.04013049967006593,19.603301187953353,0.7873158383603593,22.618237806001687,0.6492232452522109,17.145976071688423,-0.050697335216379084,30.093193379244603,0.5456532165041418,30.247316513116278,0.6737897338683039,30.23166628635119,0.03986381410157762,29.85662090058246,0.691680711347311
1386,3.05,true_threat,DREAM,1,847,1385,3.0,1,1,273.70329985467424,-201.45615417636134,278.7731740296672,-208.13212888352837,-207.6494385412061,0.5503127264295813,2.5,1.2983032213244388,1,1,28.996757284831194,-0.15086395473012715,0.5013458132743835,0.0,-0.004879051353782415,-0.005960885901004076,27.28053952579333,0.008473749222315228,0,0,4.818295899558922,16.356116961146252,5.001910242275318,latent_vehicle,,,5.001910242275318,,0.9499999999999997,1367,ok,accepted,1,ok,0.4804108,0.0008815999899525195,0.45094509999034926,0.02825259999372065,1,0.0030723999999970886,0.01563690000000051,0,249.8171127247408,17.205975585896567,22.21812790763329,3.7938458236386623,0,0,0,1,0,0,0,9,0.0,1,1,7.727997882823023,-1.0611997021250903,44,1,17.94841135441475,-0.22800422489648092,22.411465749046123,0.039062382111046234,19.643098042914197,0.795937107456536,22.65262729772391,0.6877898352155611,17.14367771738238,-0.04596708612106403,30.12086126194382,0.5533595543718927,30.282203810254067,0.6977459470970421,30.233173105020718,0.03013637646149109,29.89245996725867,0.7167813358838007
1387,3.1,true_threat,DREAM,1,878,1386,3.0500000000000003,1,1,275.1530327331969,-201.4422166199851,280.058671981707,-208.06006558823708,-207.5473265431784,0.5848023403499667,2.5,1.3864120723411157,0,1,28.99189009005202,-0.09734389558346379,0.5121415257453918,0.0,-0.004879051353782415,-0.005960885901004076,27.28053952579333,0.008476594492106568,0,0,4.758681332811165,16.32310637761877,4.946811117867384,latent_vehicle,,,4.946811117867384,,1.0,1367,ok,accepted,0,ok,0.4804108,0.0008815999899525195,0.45094509999034926,0.02825259999372065,0,0.0030723999999970886,0.009665500000000549,0,250.7142380468139,17.75858314234611,22.6065005376,3.807783380014911,0,1,0,1,0,0,0,9,0.0,1,1,7.599090067333005,-1.0788309811529977,45,1,17.937653913233152,-0.21514881953723686,22.413348295475135,0.03765092938763329,19.68298645448181,0.7977682427311992,22.688636129037835,0.7201766270481467,17.141623502146505,-0.04108430471639339,30.148668390377548,0.5561454772426992,30.317947502242273,0.7148738485788996,30.234203088604474,0.02059967599235671,29.92921455658202,0.7350917922601884
1388,3.15,true_threat,DREAM,1,915,1387,3.1,1,1,276.6025207579705,-201.42618869291516,281.3461825946338,-207.98360707484022,-207.4427957551876,0.6172698330494768,2.4261509632075486,1.4749737300136132,1,1,28.98968699304248,-0.04406194019082932,0.521085262298584,0.0,0.003306060563772917,0.00847659446299076,27.568835575861204,0.00847788285198465,1,0,4.698250746484234,16.283335951736138,4.886685937686481,latent_vehicle,,,4.886685937686481,,0.6499999999999999,1375,ok,accepted,0,ok,0.4804108,0.0008815999899525195,0.45094509999034926,0.02825259999372065,1,0.001419200000000842,0.011554700000001361,0,251.61078354014174,18.31152567379192,22.997465657198944,3.8238113070848385,0,1,0,1,0,0,0,9,0.0,1,1,7.470264687527386,-1.0958164447281418,46,1,17.927565947017182,-0.2017593232628723,22.415146919254163,0.035972475936773,19.722630727107028,0.7928854661308458,22.725945771424087,0.7461928486609839,17.139817242392706,-0.03612519507613102,30.176374460729797,0.5541253288878408,30.354217617665586,0.7254023230841949,30.23477721758054,0.011482585004740389,29.96655469770301,0.7468028327800443
1389,3.2,true_threat,DREAM,1,953,1388,3.1500000000000004,1,1,278.05197776545043,-201.40869593259126,282.6357669296274,-207.90282961645704,-207.33630094946443,0.6473061253757919,2.1662890683781617,1.5632259695382227,0,1,28.989592181832872,-0.001896224192137197,0.5279942750930786,0.0,0.006938186939805746,0.00847659446299076,27.568835575861204,0.008477938303687628,1,0,4.634966048424957,16.237740965725596,4.819834347233678,latent_vehicle,,,4.819834347233678,,0.7000000000000002,1375,ok,accepted,0,ok,0.4804108,0.0008815999899525195,0.45094509999034926,0.02825259999372065,0,0.001419200000000842,0.010453899999998129,0,252.50687126982433,18.864894951589235,23.39096226250996,3.8413040674087426,0,1,0,1,0,0,0,9,0.0,1,1,7.340411064845106,-1.1116696432226882,47,1,17.918156991887717,-0.1881791052638269,22.416853990233264,0.0341414195850274,19.761723777581384,0.7818610253348192,22.76423579166354,0.7658004056703184,17.138257030710378,-0.03120423364860025,30.20374488858779,0.5474134217843886,30.390674649184902,0.7291406515653645,30.234916473391717,0.00278512308713672,30.004152326427334,0.7519525907190195
1390,3.25,true_threat,DREAM,1,993,1389,3.2,1,1,279.50146486366486,-201.38995194122626,283.92766916373614,-207.81783994131857,-207.22831031457875,0.6745193018782913,1.8869096095328306,1.6493382359446975,1,1,28.991269184485247,0.03354005304750274,0.5326648950576782,0.0,0.006939286831766367,0.008477938361465931,27.358816454237918,0.008476957564789197,1,0,4.568720364651483,16.187151956480452,4.746448085188862,latent_vehicle,,,4.746448085188862,,0.75,1375,ok,accepted,0,ok,0.4804108,0.0008815999899525195,0.45094509999034926,0.02825259999372065,1,0.0015099999999996783,0.011405899999999747,0,253.40256226580902,19.418691053818975,23.787173500634026,3.8600480587737422,0,1,0,1,0,0,0,9,0.0,1,1,7.209579683431894,-1.1265197863640526,48,1,17.90944230695506,-0.1742937050526982,22.418467603392934,0.03227226366435507,19.799969961607115,0.7649236957405854,22.803181939837522,0.7789229643923391,17.136937144957546,-0.02639771505632429,30.230564159423007,0.5363910584908066,30.427007699321422,0.7266610311439793,30.23464755776773,-0.0053783046332034285,30.041685101097645,0.7506555165189153
1391,3.3,true_threat,DREAM,1,1029,1390,3.25,1,1,280.9510432126957,-201.37032290891477,285.22179780149037,-207.72880592732704,-207.11930217438305,0.698537766935516,1.5893689126413981,1.732951089821705,0,1,28.994363184074384,0.061879991782731736,0.5351516008377075,0.0,0.006939286831766367,0.008477938361465931,27.358816454237918,0.00847514858918258,1,0,4.499315382971446,16.13277856434526,4.666983797975993,latent_vehicle,,,4.666983797975993,,0.7999999999999998,1375,ok,accepted,0,ok,0.4804108,0.0008815999899525195,0.45094509999034926,0.02825259999372065,0,0.0015099999999996783,0.009029500000000468,0,254.29779548773766,19.973036180921184,24.186068916459618,3.8796770910852274,0,1,0,1,0,0,0,9,0.0,1,1,7.077726958379185,-1.1406661636711881,49,1,17.90142761539775,-0.16029384045828832,22.419985854830454,0.030365028541663897,19.837098436069823,0.7425695037132192,22.842461874060202,0.7855986853693353,17.135855677892753,-0.021629341296934414,30.256628197382902,0.5212869688004682,30.462913500034297,0.7181160502902235,30.23399526615952,-0.013045823373449223,30.078861199468097,0.7435219967525671
1392,3.35,true_threat,DREAM,1,1063,1391,3.3000000000000003,1,1,282.4008045630769,-201.35038863837514,286.51848858828373,-207.63588004784566,-207.00976170695566,0.7190442203713872,1.2758828854741964,1.8133172987561819,1,1,28.998452620058625,0.08178871968482326,0.5353381633758545,0.0,0.006937003694474697,0.008475149050354958,27.178699546118764,0.008472758497859589,1,0,4.426323774029697,16.075879671719445,4.581588151665244,latent_vehicle,2.8093974569163724,latent_vehicle,4.581588151665244,2.8093974569163724,0.8500000000000001,1375,ok,accepted,0,ok,0.4804108,0.0008815999899525195,0.45094509999034926,0.02825259999372065,1,0.0013782999999989443,0.011085800000000035,0,255.19263196035223,20.527961058687822,24.58792323063841,3.8996113616248635,0,1,0,1,0,0,0,9,0.0,1,1,6.9447066844269365,-1.1542721257877642,50,1,17.89412245576143,-0.14610320331422297,22.421404929351617,0.02838148932596328,19.87285933818964,0.7152180553588415,22.881768511842704,0.7861327564499394,17.135001185237773,-0.017089853098148682,30.281740550468864,0.5022536077337735,30.498105949455457,0.7038490321656614,30.23299011554359,-0.0201030028828119,30.115384983389205,0.7304757134825227
1393,3.4,true_threat,DREAM,1,1111,1392,3.35,1,1,283.85074913343476,-201.33078999871069,287.81777213538965,-207.5393369506508,-206.90017766354413,0.7357023843015327,0.9490836583555399,1.889515582179752,0,1,29.003096225376865,0.09287210636479415,0.5334358215332031,0.0,0.006937003694474697,0.008475149050354958,27.178699546118764,0.00847004574508264,1,0,4.349379316499295,16.017594121120034,4.490372974674335,latent_vehicle,2.618981290104554,latent_vehicle,4.490372974674335,2.618981290104554,0.8999999999999999,1375,ok,accepted,0,ok,0.4804108,0.0008815999899525195,0.45094509999034926,0.02825259999372065,0,0.0013782999999989443,0.01011570000000006,0,256.08719377998506,21.08334380941284,24.992644958111498,3.919210001289315,0,1,0,1,0,0,0,9,0.0,1,1,6.81027207372551,-1.1674801697006938,51,1,17.88753446076057,-0.13175990890747633,22.42272291736341,0.02635975972046003,19.907035228982885,0.68351782594771,22.920798584126914,0.7806014464555324,17.134369852495027,-0.012626654855074545,30.305727648889565,0.47974860291087845,30.532327558310413,0.6844322256432972,30.23166071649593,-0.026587970814791806,30.150997053770077,0.7122414478162177
1394,3.45,true_threat,DREAM,1,1154,1393,3.4000000000000004,1,1,285.3009381306998,-201.31203050910963,289.11977060681056,-207.43945125228646,-206.7910390875084,0.7482978631423975,0.6119262902427952,1.9605650457733026,1,1,29.007893066730404,0.09593682707077278,0.5302669405937195,0.0,0.006932826712727547,0.008470045402646065,27.624262504990423,0.008467244840913124,1,0,4.268253107736001,15.958891524363334,4.393523929131107,latent_vehicle,2.436262633509192,latent_vehicle,4.393523929131107,2.436262633509192,0.5499999999999998,1383,ok,accepted,1,ok,0.3496932,0.000873900018632412,0.3112615999998525,0.03723730001365766,1,0.0014312000000025193,0.012848500000000485,0,256.9814199010726,21.639306685590327,25.400417308444844,3.9379694908903673,0,1,0,1,0,0,0,9,0.0,1,1,6.674269093049049,-1.1803985604934875,52,1,17.88166935071619,-0.1173022089677205,22.423934093397115,0.024223520917015802,19.93942774558492,0.6478503397757971,22.959267896606683,0.7693862502250487,17.133952142780444,-0.008354194290027393,30.32843308306982,0.454115164535648,30.565330370511045,0.6600562977699634,30.230039493739355,-0.03242444448690551,30.18544754778034,0.6890099251071
1395,3.5,true_threat,DREAM,1,1199,1394,3.45,1,1,286.75140228586935,-201.29473576947632,290.42457565938315,-207.33652809728386,-206.6828320332643,0.7566192190221557,0.2674756130365251,2.0254907459217466,0,1,29.01249492386117,0.09203714261531104,0.525914192199707,0.0,0.006932826712727547,0.008470045402646065,27.624262504990423,0.008464559094679707,1,0,4.182624692366716,15.900578696817771,4.291080788772588,latent_vehicle,2.2636690942481166,latent_vehicle,4.291080788772588,2.2636690942481166,0.5999999999999996,1383,ok,accepted,0,ok,0.3496932,0.000873900018632412,0.3112615999998525,0.03723730001365766,0,0.0014312000000025193,0.010231499999999727,0,257.8753103288203,22.195880413012162,25.81133193326974,3.9552642305236816,0,1,0,1,0,0,0,9,0.0,1,1,6.536422408621698,-1.1930996135310667,53,1,17.87652521885202,-0.10288264394442455,22.42503655196293,0.02204917252931337,19.969867132495036,0.6087877426774857,22.996909419870644,0.752830465852585,17.133732797427594,-0.004386907056631346,30.349708067752058,0.42550580523232806,30.596885505745895,0.6311027609235192,30.228155057326852,-0.0376887172696079,30.218501862903583,0.6610863496067423
1396,3.55,true_threat,DREAM,1,1264,1395,3.5,1,1,288.2021112271179,-201.27933303629044,291.732187433653,-207.23097947292365,-206.57603628522668,0.7604918120571824,-0.08115101664638236,2.083370534407377,1,1,29.01658557817073,0.08181308619121808,0.5201289057731628,0.0,0.006928335875272751,0.008464558981359005,27.416600559646792,0.008462172770398388,1,0,4.092478801192385,15.843358839579032,4.183342805962853,latent_vehicle,2.1029256681515855,latent_vehicle,4.183342805962853,2.1029256681515855,0.6499999999999995,1383,ok,accepted,0,ok,0.3496932,0.000873900018632412,0.3112615999998525,0.03723730001365766,1,0.001384400000002728,0.01169140000000013,0,258.76898713353364,22.752912549547375,26.225266902826263,3.9706669637095615,0,1,0,1,0,0,0,9,0.0,1,1,6.396701607961208,-1.2056576499082095,54,1,17.872096342817404,-0.08857752596788146,22.42603410668711,0.01995109653749406,19.998208430960386,0.5668259708468673,23.03346947660598,0.7312011352058125,17.133698464879515,-0.0006866509603591416,30.36942288794129,0.3943019776589954,30.626794599908333,0.5981819406317491,30.226041738959196,-0.042266356385361775,30.24995972843798,0.6291573578802556
1397,3.6,true_threat,DREAM,1,1332,1396,3.5500000000000003,1,1,289.65300408065974,-201.26629535280696,293.0428807439689,-207.1232630491541,-206.4711220767528,0.7598573961708439,-0.4307679043070224,2.1333616492372975,0,1,29.019881122181996,0.06591088022531721,0.5129499435424805,0.0,0.006928335875272751,0.008464558981359005,27.416600559646792,0.008460251015554737,1,0,3.9978000609063145,15.78786473333468,4.070599700083818,latent_vehicle,1.9547394407502274,latent_vehicle,4.070599700083818,1.9547394407502274,0.6999999999999997,1383,ok,accepted,0,ok,0.3496932,0.000873900018632412,0.3112615999998525,0.03723730001365766,0,0.001384400000002728,0.009998399999997076,0,259.66248083278884,23.31031170383403,26.642466513886973,3.9837046471930364,0,1,0,1,0,0,0,9,0.0,1,1,6.255166273532435,-1.218084523531851,55,1,17.868382722496033,-0.07427241029527551,22.426926757128726,0.01785301143089438,20.024331477894847,0.5224609380193479,23.068721092928662,0.7050323268076628,17.133837699826472,0.002784698932198282,30.387472620838142,0.3609995621487682,30.654884085169577,0.561789761268645,30.22373387129174,-0.04615734230320657,30.279638039096596,0.5935662590536394
1398,3.65,true_threat,DREAM,1,1397,1397,3.6,1,1,291.10405044343725,-201.2559584227765,294.35656417294194,-207.0137755857001,-206.3685468090856,0.7547162400685181,-0.7782052868073868,2.174721806878362,1,1,29.02210678844066,0.04451332517326989,0.5041549801826477,0.0,0.006924809422343969,0.008460250683128834,27.238937253702556,0.008458953516713354,1,0,3.8986495274827746,15.73470362356589,3.95315131636715,latent_vehicle,1.8191109388630078,latent_vehicle,3.95315131636715,1.8191109388630078,0.7499999999999996,1383,ok,accepted,0,ok,0.3496932,0.000873900018632412,0.3112615999998525,0.03723730001365766,1,0.00139520000000104,0.011320100000002498,0,260.55582195457305,23.868016944827332,27.062808821075805,3.9940415772234985,0,1,0,1,0,0,0,9,0.0,1,1,6.111786924501689,-1.2304413406744965,56,1,17.865376728511183,-0.060119882141667684,22.42771450360104,0.015754932390458984,20.048140905885127,0.476188557937656,23.10246208923204,0.6748199263641421,17.134135244922806,0.0059509019274680015,30.40376187817193,0.3257892941903271,30.680988022420852,0.5220787982003956,30.221265786450687,-0.04936168583841907,30.30737085613376,0.5546563835273154
1399,3.7,true_threat,DREAM,1,1472,1398,3.6500000000000004,1,1,292.5552199019817,-201.24862743237333,295.6733599470391,-206.90297480456377,-206.26875177029697,0.7450238154031297,-1.1204119526975884,2.2068202971792155,0,1,29.022981963023,0.017503491646806424,0.49381422996520996,0.0,0.006924809422343969,0.008460250683128834,27.238937253702556,0.008458443397084738,1,0,3.795179736749617,15.684549674586847,3.8313836001888175,latent_vehicle,1.6955137150327941,latent_vehicle,3.8313836001888175,1.6955137150327941,0.7999999999999998,1383,ok,accepted,0,ok,0.3496932,0.000873900018632412,0.3112615999998525,0.03723730001365766,0,0.00139520000000104,0.012559100000000711,0,261.4489799604884,24.426028397456435,27.48644658925764,4.0013725676266745,0,1,0,1,0,0,0,9,0.0,1,1,5.966689784488591,-1.2427553752090195,57,1,17.86307263713057,-0.046081828896867294,22.42840306665,0.013771262591655417,20.069562328486036,0.4284284501045899,23.13449791656688,0.6407165468812019,17.13457584272548,0.008811956054663363,30.418212438779154,0.2890145768782284,30.70497671278284,0.47977385533948047,30.21866800194439,-0.05195567927754692,30.333022758272573,0.5130380810540572
1400,3.75,true_threat,DREAM,1,1541,1399,3.7,1,1,294.00639047968474,-201.2445770814277,296.9933292836018,-206.79139474250962,-206.1721588542312,0.7308159503325555,-1.4543662703315066,2.22914417834895,1,1,29.02223026897201,-0.01503388101980363,0.4817754626274109,0.0,0.006923330016434193,0.008458442986011505,27.091282105559706,0.00845888153988604,1,0,3.6876500256410907,15.63800612010718,3.7057640008846398,latent_vehicle,1.5831425107960886,latent_vehicle,3.7057640008846398,1.5831425107960886,0.8499999999999996,1383,ok,accepted,0,ok,0.3496932,0.000873900018632412,0.3112615999998525,0.03723730001365766,1,0.0013793999999975881,0.01228359999999995,0,262.3421684839801,24.984010451667757,27.913227402328573,4.005422918572293,0,1,0,1,0,0,0,9,0.0,1,1,5.820101614054881,-1.2550453459109183,58,1,17.861462821151864,-0.03219631950698813,22.429000077067656,0.011940210919734563,20.088542340222784,0.37960023392708725,23.164670264352658,0.6034469558598329,17.135144232539723,0.01136779628441831,30.43077278510206,0.25120952534679875,30.72673953015381,0.43525638955190615,30.21597484660154,-0.053863097715366105,30.356473582961012,0.4690165265424157
1401,3.8,true_threat,DREAM,1,1631,1400,3.75,1,1,295.4573791491691,-201.2440363142269,298.31644184203685,-206.6795542087464,-206.07916727944817,0.7122274630614527,-1.7770733043563034,2.2413049565809673,0,1,29.019578728978875,-0.053030799862696654,0.4681691527366638,0.0,0.006923330016434193,0.008458442986011505,27.091282105559706,0.00846042732505104,1,0,3.57635025907868,15.595732336071443,3.5767651610770863,latent_vehicle,1.4810129004205985,latent_vehicle,3.5767651610770863,1.4810129004205985,0.8999999999999995,1383,ok,accepted,0,ok,0.3496932,0.000873900018632412,0.3112615999998525,0.03723730001365766,0,0.0013793999999975881,0.018590699999997184,0,263.2351739020137,25.541993703118578,28.343334542730076,4.005963685773111,0,1,0,1,0,0,0,9,0.0,1,1,5.6722627909348144,-1.2673301539215627,59,1,17.860533929200713,-0.01857783776477815,22.42950743925649,0.010147245045353345,20.105054238598083,0.3302379688261699,23.192845618787057,0.5635070887564702,17.13582324853732,0.013580319953450493,30.441389493680056,0.21233605935891253,30.746186829834244,0.3889460285040006,30.213216838478314,-0.055160156459302605,30.377626055715172,0.4230494818602321
1402,3.85,true_threat,DREAM,1,1719,1401,3.8000000000000003,1,1,296.9082164800651,-201.2471577082419,299.6426977993275,-206.56797200207205,-205.9901503081666,0.6894039005798049,-2.0856341349189202,2.2430378694959425,1,1,29.014750244610216,-0.09656968737317584,0.4529378414154053,0.0,0.006924954243004322,0.00846042763441801,26.973640941485925,0.008463243305844841,1,0,3.461646658389327,15.558338040780367,3.4448969903766558,latent_vehicle,1.3880996605417584,latent_vehicle,3.4448969903766558,1.3880996605417584,0.9499999999999997,1383,ok,accepted,0,ok,0.3496932,0.000873900018632412,0.3112615999998525,0.03723730001365766,1,0.0013970000000007587,0.011826600000002685,0,264.1281488076763,26.099856128351917,28.776615594358077,4.0028422917581,0,1,0,1,0,0,0,9,0.0,1,1,5.523431758067326,-1.2796584617964568,60,1,17.86027260903698,-0.005226400904966243,22.429928969353096,0.008430602602552583,20.119090394674878,0.28072312579341685,23.218900002146025,0.5210876671968664,17.136597630861715,0.015487646490639464,30.45004729165312,0.1731572278583774,30.763248040168957,0.34122423412598346,30.210413051286594,-0.056075737924034676,30.396407697508685,0.3756328566012027
1403,3.9,true_threat,DREAM,1,1818,1402,3.85,1,1,298.35868890659754,-201.25410918301804,300.97212784482787,-206.45715165208557,-205.90545196520745,0.6625200368646063,-2.377235358837357,2.234204274882187,0,1,29.00749639615771,-0.14507696905013745,0.43626487255096436,0.0,0.006924954243004322,0.00846042763441801,26.973640941485925,0.008467476406522262,1,0,3.3438748336266997,15.526451090856943,3.3106402142169253,latent_vehicle,1.3033664561063807,latent_vehicle,3.3106402142169253,1.3033664561063807,0.9999999999999996,1383,ok,accepted,0,ok,0.3496932,0.000873900018632412,0.3112615999998525,0.03723730001365766,0,0.0013970000000007587,0.013584800000000286,0,265.02109319576266,26.65738416679801,29.213101251772116,3.995890816981955,0,1,0,1,0,0,0,9,0.0,1,1,5.3739175268773955,-1.2920269632969066,61,1,17.86066932417343,0.007934306014823886,22.430274204558533,0.0069047044261974205,20.130658438342152,0.23136088108850458,23.242738046395257,0.4767608849929015,17.13745593674449,0.017166117645013433,30.456730910100347,0.13367313358515082,30.777879292040772,0.2926250579377796,30.207594000215767,-0.056381018140357064,30.41276891773531,0.3272244192974336
1404,3.95,true_threat,DREAM,1,1925,1403,3.9000000000000004,1,1,299.8087046105625,-201.2641125715908,302.304579546818,-206.34755097448607,-205.82538375693719,0.6317678951483856,-2.5,2.21478854930228,1,1,28.99804599803215,-0.18900796251116958,0.4190728962421417,0.0,-0.0012601576745510101,-0.008467476814985275,27.50478079800652,0.00847299610486921,1,0,3.224270767454442,15.499740976002222,3.176708115274433,latent_vehicle,1.239906281697378,latent_vehicle,3.176708115274433,1.239906281697378,0.6499999999999999,1391,ok,accepted,1,ok,0.5040961,0.0008781999931670725,0.4719751999946311,0.030898500001057982,1,0.0015582999999992353,0.014808600000002059,0,265.91415964894895,27.214333417576654,29.652486500575947,3.9858874284091996,0,1,0,1,0,0,0,9,0.0,1,1,5.225507661288722,-1.3051535539531398,62,1,17.861705002173345,0.02071356376325929,22.43054695849054,0.005455078722373949,20.139788887698415,0.18260899863093055,23.264287272905165,0.43098453018666333,17.13837718521882,0.018424969490039637,30.461434617576085,0.09407453103186655,30.79005006830736,0.24341553923131906,30.204788295865686,-0.05611408544559431,30.426677291198157,0.2781674790592489
1405,4.0,true_threat,DREAM,1,2020,1404,3.95,1,1,301.2582022705108,-201.27632866143207,303.6401446193938,-206.2396429604746,-205.75022139021115,0.5973295842749167,-2.5,2.1862553783073,0,1,28.98594597685234,-0.24200042359623808,0.4012181758880615,0.0,-0.006930724252015352,-0.008467476814985275,27.50478079800652,0.008480071252068927,1,0,3.1041466636017105,15.478777366792876,3.0459220176640036,latent_vehicle,1.1909610994925344,latent_vehicle,3.0459220176640036,1.1909610994925344,0.6999999999999997,1391,ok,accepted,0,ok,0.5040961,0.0008781999931670725,0.4719751999946311,0.030898500001057982,0,0.0015582999999992353,0.008446300000002793,0,266.8073176548643,27.77067307160968,30.094893567236454,3.973671338567925,0,1,0,1,0,0,0,9,0.0,1,1,5.080174957787659,-1.319736289060384,63,1,17.863364384251778,0.033187645619404044,22.430754862296162,0.0041580763672712144,20.146519890240217,0.13462006612605626,23.283499997330825,0.3842544885082458,17.139351840984432,0.019493115311407055,30.464183208446478,0.054971951227578676,30.79975655401128,0.19412972265050046,30.20203026964962,-0.05516052429765564,30.438117559135335,0.22880536446484304
1406,4.05,true_threat,DREAM,1,2148,1405,4.0,1,1,302.7069376469294,-201.2904676188528,304.9785790520794,-206.13380916304178,-205.68020149131678,0.5594414691578322,-2.5,2.149733528052716,1,1,28.970990003011316,-0.2991194768204508,0.3826633095741272,0.0,-0.006941032595932484,-0.0084800710901618,27.35351261433573,0.00848882858962555,1,0,2.984173908748147,15.46393437686776,2.91882060211302,latent_vehicle,1.1484070927638004,latent_vehicle,2.91882060211302,1.1484070927638004,0.7499999999999996,1391,ok,accepted,0,ok,0.5040961,0.0008781999931670725,0.4719751999946311,0.030898500001057982,1,0.0013882999999985657,0.014382999999998702,0,267.700506178356,28.32621992453653,30.540139476430284,3.9595323811471985,0,1,0,1,0,0,0,9,0.0,1,1,4.93845368184467,-1.3357368781156889,64,1,17.865611230793878,0.04493693498985349,22.430909357590366,0.003089905887771305,20.150914388981235,0.08788999370117626,23.300330443913012,0.33660893165218264,17.140364643423176,0.020256048773453047,30.465014829402794,0.016632429725921334,30.807002564146554,0.14492020696307648,30.199319921364356,-0.054206966171800604,30.44709735090703,0.17959583811111232
1407,4.1,true_threat,DREAM,1,2259,1406,4.05,1,1,304.1548190517492,-201.30613274659277,306.3199439841352,-206.03035473712956,-205.61551832491688,0.5182908381248978,-2.5,2.105588609640275,0,1,28.953102385010265,-0.3577523600210242,0.36354488134384155,0.0,-0.006941032595932484,-0.0084800710901618,27.35351261433573,0.008499320350864679,1,0,2.865054355095964,15.455829410833475,2.7954216804180474,latent_vehicle,1.1144372705171706,latent_vehicle,2.7954216804180474,1.1144372705171706,0.7999999999999994,1391,ok,accepted,0,ok,0.5040961,0.0008781999931670725,0.4719751999946311,0.030898500001057982,0,0.0013882999999985657,0.010662299999999902,0,268.5938778125112,28.880729695201126,30.988132774330893,3.943867253407234,0,1,0,1,0,0,0,9,0.0,1,1,4.800671373825461,-1.3528355087159536,65,1,17.868355896433233,0.05489331685248786,22.4310104455135,0.0020217583294192113,20.153039143139537,0.04249510433674623,23.31477289053022,0.2888489323819365,17.1414022400598,0.020751932733993624,30.46396191022628,-0.021058381889540772,30.811822430603744,0.09639733061633883,30.19668014018364,-0.05279562334847368,30.45363192520811,0.13069148674934172
1408,4.15,true_threat,DREAM,1,2400,1407,4.1000000000000005,1,1,305.6016631765018,-201.32272901437784,307.66405642462155,-205.9296154385424,-205.55632051299307,0.47403422413648855,-2.5,2.0545457700187653,1,1,28.932187102347598,-0.41830565325334135,0.34394514560699463,0.0,-0.006956788711249828,-0.008499320596456528,27.23063498718886,0.008511612636851676,1,0,2.747718788723745,15.455058114532688,2.6761292044794764,latent_vehicle,1.0897574285902942,latent_vehicle,2.6761292044794764,1.0897574285902942,0.8500000000000001,1391,ok,accepted,0,ok,0.5040961,0.0008781999931670725,0.4719751999946311,0.030898500001057982,1,0.0014563000000009652,0.010385299999999376,0,269.4874020293428,29.434049603122162,31.438720997985683,3.927270985622158,0,1,0,1,0,0,0,9,0.0,1,1,4.6674344372528775,-1.370824909156,66,1,17.871548789278176,0.06385786110018878,22.431071478303373,0.0012206555545172639,20.15297807923432,-0.0012212571665883446,23.32682352188432,0.241012627146967,17.142455095766685,0.02105711413095752,30.461077862977714,-0.05768085661221068,30.814258115237752,0.04871369260791578,30.194128090588656,-0.051040989575271006,30.45776705826611,0.08270266099853374
1409,4.2,true_threat,DREAM,1,2495,1408,4.15,1,1,307.04743926416296,-201.33955452836273,309.0107333617775,-205.83186598793216,-205.50270775378897,0.426907684753445,-2.5,1.9974577100693698,0,1,28.908151604332296,-0.4807099603060294,0.32407307624816895,0.0,-0.006956788711249828,-0.008499320596456528,27.23063498718886,0.0085257716872536,1,0,2.6331438241286094,15.462032608911578,2.5615026212513503,latent_vehicle,1.0745338587602387,latent_vehicle,2.5615026212513503,1.0745338587602387,0.8999999999999999,1391,ok,accepted,0,ok,0.5040961,0.0008781999931670725,0.4719751999946311,0.030898500001057982,0,0.0014563000000009652,0.009579300000002178,0,270.38107883405604,29.986148886070055,31.89172113042838,3.9104454716372743,0,1,0,1,0,0,0,9,0.0,1,1,4.539437105163949,-1.3895807587084312,67,1,17.875161300100416,0.07225022019804551,22.431094362437364,0.00045768275733975043,20.150832286480757,-0.04291583496873624,23.336505226771603,0.1936340978660469,17.14350604419304,0.02101896851509511,30.456437083443053,-0.09281534128731952,30.814366838052855,0.0021744560309950034,30.191671403311513,-0.0491337400486422,30.459548526279818,0.035629360179420144
1410,4.25,true_threat,DREAM,1,2569,1409,4.2,1,1,308.4918724327139,-201.35595325435295,310.35991384373654,-205.73735054673116,-205.4547275407535,0.37713844717865186,-2.5,1.9351845346622674,1,1,28.880926044865237,-0.5445111893411791,0.3039819300174713,0.0,-0.006978439167141914,-0.008525772020220757,27.137462435488256,0.008541852683112326,1,0,2.522229656937384,15.477061375181304,2.452144343459512,latent_vehicle,1.0689383559006378,latent_vehicle,2.452144343459512,1.0689383559006378,0.9499999999999997,1391,ok,accepted,0,ok,0.5040961,0.0008781999931670725,0.4719751999946311,0.030898500001057982,1,0.0014567999999997028,0.011720700000001472,0,271.2749692618038,30.53669162687322,32.347011184639655,3.894046745647046,0,1,0,1,0,0,0,9,0.0,1,1,4.4174154410248105,-1.4089297510107277,68,1,17.879176262722837,0.08029925569362051,22.431084822184477,-0.00019080510627560062,20.1467085772565,-0.08247416687598057,23.343833263360377,0.1465607319303436,17.14454554851876,0.02079008651708284,30.450112062311575,-0.12649996265246058,30.812213449017428,-0.04306778007205703,30.18932724433892,-0.046883169625173346,30.459052622989187,-0.009918065033144973
1411,4.3,true_threat,DREAM,1,2621,1410,4.25,1,1,309.93487091600457,-201.3712996132657,311.7114148275052,-205.64625228286218,-205.41237188148435,0.3249786652468174,-2.5,1.8685329507171082,0,1,28.85046617506938,-0.6091973959171781,0.28383439779281616,0.0,-0.006978439167141914,-0.008525772020220757,27.137462435488256,0.008559898032214183,1,0,2.415785034155647,15.500390440414336,2.348615200933316,latent_vehicle,1.0732664963663396,latent_vehicle,2.348615200933316,1.0732664963663396,0.9999999999999996,1391,ok,accepted,1,ok,0.3827453,0.0007415000000037253,0.34399729999131523,0.03750380000565201,0,0.0014567999999997028,0.011057099999998599,0,272.1690733229967,31.08558604897098,32.80440810721541,3.8787003867342946,0,1,0,1,0,0,0,9,0.0,1,1,4.301996646605089,-1.4287785962721467,69,1,17.883572696286333,0.08792867395923745,22.43105239208089,-0.0006486023403016318,20.140711854404188,-0.11993444170644649,23.34887438944194,0.10082252185888041,17.145565980938603,0.020408648393298062,30.44217719752654,-0.15869659804093472,30.807879963608027,-0.08666970573978242,30.187105151385595,-0.04444184434055378,30.45635182742292,-0.05401590904076337
1412,4.35,true_threat,DREAM,1,2683,1411,4.3,1,1,311.37631246154103,-201.38505958915792,313.0650532648847,-205.5587391054598,-205.37557401667098,0.2706782661911973,-2.5,1.7982244448312925,1,1,28.81678281666822,-0.6736671680231865,0.2645997405052185,0.0,-0.007006372325122356,-0.008559898473322392,27.716066670993524,0.00857991973156907,1,0,2.314511880861062,15.532095400149306,2.251429727459267,latent_vehicle,1.088285909505911,latent_vehicle,2.251429727459267,1.088285909505911,0.5499999999999994,1401,ok,accepted,0,ok,0.3827453,0.0007415000000037253,0.34399729999131523,0.03750380000565201,1,0.0014690000000001646,0.012033100000000019,0,273.06336047923696,31.632740438267206,33.26375938835463,3.864940410842081,0,1,0,1,0,0,0,9,0.0,1,1,4.193739466126757,-1.4490375493105643,70,1,17.888335340289636,0.09525288300447983,22.430998979843075,-0.0010682442349238476,20.132968004883324,-0.1548769794799957,23.35168010337446,0.05611427895359929,17.146555894203807,0.019798265307575752,30.432729777837096,-0.18894746056360937,30.801463656380978,-0.1283261396113703,30.185012756755047,-0.04184787402486717,30.451533877381184,-0.0963589965994105
1413,4.4,true_threat,DREAM,1,2742,1412,4.3500000000000005,1,1,312.8158917217819,-201.39672974612768,314.4207071324181,-205.4749483852607,-205.34420513903822,0.21453396642158395,-2.5,1.7248862175184303,0,1,28.779961047518483,-0.7364353829947134,0.24638383090496063,0.0,-0.007006372325122356,-0.008559898473322392,27.716066670993524,0.008601887402195406,1,0,2.2190510036921864,15.572181255780038,2.161095940035556,latent_vehicle,1.1152390805055292,latent_vehicle,2.161095940035556,1.1152390805055292,0.6000000000000001,1401,ok,accepted,0,ok,0.3827453,0.0007415000000037253,0.34399729999131523,0.03750380000565201,0,0.0014690000000001646,0.01276380000000188,0,273.9579528112408,32.17772736650426,33.72482092388424,3.8532702538723242,0,1,0,1,0,0,0,9,0.0,1,1,4.093184405406766,-1.4695589261628497,71,1,17.89344512400267,0.10219567604004562,22.43093603201997,-0.0012589563100366267,20.12360482040857,-0.1872636824515909,23.35231716174896,0.012741167826580873,17.147509568006644,0.01907347605565378,30.421868995801045,-0.2172144863838871,30.793071338920203,-0.1678463412238013,30.183057690817506,-0.03910129722558443,30.44470749150999,-0.1365277109614059
1414,4.45,true_threat,DREAM,1,2799,1413,4.4,1,1,314.2535475366452,-201.4059438940803,315.77801024521625,-205.39495654113506,-205.31807111228943,0.15687727297125775,-2.5,1.6490542878550765,1,1,28.74013514076563,-0.796518135057056,0.22899378836154938,0.0,-0.007040740456432104,-0.00860188715159893,27.54044375942066,0.008625742428802933,1,0,2.1298450116139236,15.62049224454734,2.077930555367499,latent_vehicle,1.1562132032700245,latent_vehicle,2.077930555367499,1.1562132032700245,0.6499999999999999,1401,ok,accepted,0,ok,0.3827453,0.0007415000000037253,0.34399729999131523,0.03750380000565201,1,0.0014704999999999302,0.01117269999999948,0,274.8527892838553,32.720546708753034,34.187287564067844,3.844056105919691,0,1,0,1,0,0,0,9,0.0,1,1,4.000631451724371,-1.4903060615661805,72,1,17.89888488016874,0.10879512452881406,22.4308616387199,-0.0014878652767976526,20.112753908237725,-0.21701824003317352,23.350871395882823,-0.028915316893770117,17.148421280257764,0.01823424501911494,30.409692137523642,-0.2435358256746021,30.782821266258612,-0.20500144208129217,30.18124186172948,-0.03631655866209178,30.43598138843153,-0.17452205276944027
1415,4.5,true_threat,DREAM,1,2850,1414,4.45,1,1,315.68921873043263,-201.41229006655666,317.1369016253856,-205.31893144057437,-205.29690919004983,0.09804735108522777,-2.5,1.5711755174358426,0,1,28.69746941408714,-0.8533145335697867,0.21246734261512756,0.0,-0.007040740456432104,-0.00860188715159893,27.54044375942066,0.008651408719571214,1,0,2.0474737385768833,15.676836515634765,2.002423714095188,latent_vehicle,1.2143696932274763,latent_vehicle,2.002423714095188,1.2143696932274763,0.6999999999999997,1401,ok,accepted,0,ok,0.3827453,0.0007415000000037253,0.34399729999131523,0.03750380000565201,0,0.0014704999999999302,0.008554900000000032,0,275.7479004198624,33.26110676653337,34.651067808230096,3.8377099334433353,0,1,0,1,0,0,0,9,0.0,1,1,3.9165567079429517,-1.5111674234077643,73,1,17.90463934994695,0.11508939623304358,22.430789153674557,-0.001449700602103447,20.10054687626874,-0.2441406393105093,23.34742672849989,-0.06889334719531956,17.14928340146274,0.017242424094406593,30.396313655550674,-0.2675681694624804,30.770827879067635,-0.23986772946722665,30.179569084278555,-0.03345552541456558,30.425479545563245,-0.2100368462507694
1416,4.55,true_threat,DREAM,1,2898,1415,4.5,1,1,317.12266108445266,-201.41553946502034,318.49713714793165,-205.24691894322942,-205.2803847348098,0.038546705764588296,-2.5,1.491622871764265,1,1,28.65211441441529,-0.907099993437015,0.19661948084831238,0.0,-0.007081273943185806,-0.00865140836685896,27.396984439130435,0.008678818600037257,1,0,1.972211842768246,15.741116892652089,1.9347817724489929,latent_vehicle,1.2945903762309738,latent_vehicle,1.9347817724489929,1.2945903762309738,0.7499999999999996,1401,ok,accepted,0,ok,0.3827453,0.0007415000000037253,0.34399729999131523,0.03750380000565201,1,0.0013977999999994495,0.012554599999997862,0,276.6433167264276,33.799132813988194,35.11588702421096,3.834460534979655,0,1,0,1,0,0,0,9,0.0,1,1,3.8411291527853977,-1.5320186994609823,74,1,17.910689458969703,0.12100218101639602,22.430720482254827,-0.001373427564654487,20.087124866727656,-0.2684401921748819,23.342082341760147,-0.10688773429538102,17.150084487470078,0.01602172013910563,30.381838460855185,-0.28950234361248517,30.75722469180116,-0.27206372767958337,30.178037452945173,-0.030632604826508737,30.413324032992143,-0.24311023811483207
1417,4.6,true_threat,DREAM,1,2938,1416,4.55,1,1,318.55378294186846,-201.4153869449402,319.8585947529596,-205.1789496083196,-205.26808793686814,-0.021168993638724487,-2.5,1.4107034020693505,0,1,28.60423315149881,-0.9576252583295997,0.18154437839984894,0.0,-0.007081273943185806,-0.00865140836685896,27.396984439130435,0.00870789678615685,1,0,1.904395027938591,15.813174009465419,1.8752753050188462,latent_vehicle,1.4042521482464934,latent_vehicle,1.8752753050188462,1.4042521482464934,0.7999999999999994,1401,ok,accepted,0,ok,0.3827453,0.0007415000000037253,0.34399729999131523,0.03750380000565201,0,0.0013977999999994495,0.010556400000002242,0,277.5390382087563,34.33453318907527,35.581623146910204,3.8346130550598048,0,1,0,1,0,0,0,9,0.0,1,1,3.7745674305843746,-1.5527354432926095,75,1,17.917021856706217,0.12664795477132887,22.430661347837894,-0.0011826879403450661,20.07262711689787,-0.28995499855943285,23.334941233058593,-0.14282217343630987,17.15083026034364,0.014915457460736805,30.366382908793074,-0.30910947146184925,30.74214712563648,-0.30155130281820486,30.17664315373626,-0.02788596529591281,30.399650272251414,-0.2734751995189664
1418,4.65,true_threat,DREAM,1,2976,1417,4.6000000000000005,1,1,319.9824621803207,-201.41167996007755,321.22096929073314,-205.11509983389365,-205.25953053327552,-0.0805809249559104,-2.5,1.32866802892551,1,1,28.553985992864025,-1.004943172695718,0.1671767681837082,0.0,-0.007127510383725166,-0.008707896806299686,27.284790580609215,0.008738569197187174,1,0,1.844252238375276,15.892895109444225,1.8240792269706732,latent_vehicle,1.55549162339845,latent_vehicle,1.8240792269706732,1.55549162339845,0.8500000000000001,1401,ok,accepted,0,ok,0.3827453,0.0007415000000037253,0.34399729999131523,0.03750380000565201,1,0.002852900000000602,0.012332000000000676,0,278.43503434927214,34.86721628701167,36.0480015441679,3.8383200399224506,0,1,0,1,0,0,0,9,0.0,1,1,3.716976619496731,-1.5732288828806444,76,1,17.92361365487351,0.13183596294581854,22.430615564817707,-0.0009156595782683642,20.057194771135464,-0.30864691663309424,23.326125472067428,-0.17631521921678903,17.151513090719927,0.01365660751310869,30.35006525965689,-0.3263514486824585,30.725722972716845,-0.32848303539603824,30.175384279883026,-0.025177464129949912,30.384601314284687,-0.3009791423011038
1419,4.7,true_threat,DREAM,1,3003,1418,4.65,1,1,321.4084850882833,-201.40415918390894,322.5840776714101,-205.05541545878066,-205.25414252677754,-0.1390426928838906,-2.5,1.245722497143757,0,1,28.50153290961258,-1.0490616650289297,0.1535998433828354,0.0,-0.007127510383725166,-0.008707896806299686,27.284790580609215,0.008770761373820463,1,0,1.7920886394308866,15.980189785296924,1.7814548576225209,latent_vehicle,1.7684282878379027,latent_vehicle,1.7814548576225209,1.7684282878379027,0.8999999999999999,1401,ok,accepted,0,ok,0.3827453,0.0007415000000037253,0.34399729999131523,0.03750380000565201,0,0.002852900000000602,0.012440500000000299,0,279.3314272182805,35.39684632596595,36.51471705583651,3.845840816091055,0,1,0,1,0,0,0,9,0.0,1,1,3.6685366780591937,-1.5933490156998742,77,1,17.93045150195483,0.1367569408487879,22.430583134215677,-0.0006486116544814781,20.040968972189333,-0.3245159784326344,23.315738056196558,-0.20774831673012267,17.152134885913927,0.01243590386427594,30.332996142679534,-0.3413808902572219,30.708101006017316,-0.3524393088571566,30.174258923358682,-0.022507118651240124,30.368308765954467,-0.32585094811459814
1420,4.75,true_threat,DREAM,1,3025,1419,4.7,1,1,322.8317906149875,-201.39277886089135,323.9477062771616,-204.99991181464432,-205.25126890475835,-0.19585344597768994,-2.5,1.1620345361367508,1,1,28.44702988216481,-1.0900605489553783,0.1408107727766037,0.0,-0.007178965490311384,-0.008770761080086231,27.203486883664816,0.008804400478718211,1,0,1.74796531831214,16.074938855391867,1.7474193520865813,latent_vehicle,2.080013733463066,latent_vehicle,1.7474193520865813,2.080013733463066,0.9499999999999997,1401,ok,accepted,0,ok,0.3827453,0.0007415000000037253,0.34399729999131523,0.03750380000565201,1,0.0013746999999995069,0.011694200000000876,0,280.22818630341044,35.92339276754018,36.981586576458085,3.8572211391086455,0,1,0,1,0,0,0,9,0.0,1,1,3.629175323598656,-1.6129935587587725,78,1,17.93751632438198,0.14129644744926972,22.430569777046124,-0.0002671433008477165,20.02409467837576,-0.3374858729835777,23.30390486983481,-0.23666372655078696,17.152691831254405,0.011138906791316969,30.31530144566728,-0.3538926243963572,30.68942236943888,-0.3735727044366605,30.17325754938444,-0.020027472153907214,30.35091949294683,-0.3477854404815473
1421,4.8,true_threat,DREAM,1,3050,1420,4.75,1,1,324.25225663807396,-201.37738644478617,325.3116720233511,-204.94864999910195,-205.25016635818363,-0.2502545435393131,-2.5,1.0777418449887095,0,1,28.39063370613653,-1.127923520565588,0.12891149520874023,0.0,-0.007178965490311384,-0.008770761080086231,27.203486883664816,0.008839412155654739,1,0,1.712095918874951,16.177072008716067,1.7221478340672736,latent_vehicle,2.564043226004028,latent_vehicle,1.7221478340672736,2.564043226004028,0.9999999999999996,1401,ok,accepted,0,ok,0.3827453,0.0007415000000037253,0.34399729999131523,0.03750380000565201,0,0.0013746999999995069,0.012991999999997006,0,281.1252505590985,36.44679453493859,37.4484880669595,3.8726135552138317,0,1,0,1,0,0,0,9,0.0,1,1,3.5989675131054892,-1.6320362042421992,79,1,17.944789047778098,0.14545446689435484,22.430577400040416,0.0001524606528956501,20.00670921858045,-0.34770918915349164,23.290747983332444,-0.2631377293615688,17.15318774142111,0.00991820331274434,30.297086072522752,-0.3643063091006074,30.669828206889157,-0.39188322198222125,30.172382064470664,-0.01750969379653362,30.332574639225392,-0.3668970535999836
1422,4.8500000000000005,true_threat,DREAM,1,3066,1421,4.800000000000001,1,1,325.66994445817016,-201.35876011296875,326.6757002049428,-204.901492776757,-205.25000000054416,-0.30135000144221635,-2.034246857415379,0.9929566178534339,1,1,28.332951712108343,-1.1536398805637305,0.11859173327684402,0.0,0.0010061463108286262,0.008839412592351437,27.55921869210613,0.008875438560044092,1,0,1.6835650283474308,16.285443042703786,1.7030702515271778,latent_vehicle,3.1947801440728525,latent_vehicle,1.7030702515271778,3.1947801440728525,0.6500000000000004,1409,ok,accepted,1,ok,0.517274,0.0007378000009339303,0.48449209998943843,0.0316748000041116,1,0.0020006999999999664,0.016740799999997336,0,282.0227115432791,36.967021370854184,37.91505526437061,3.8912398870312472,0,1,0,1,0,0,0,9,0.0,1,1,3.576157018254304,-1.6498699854751244,80,1,17.95225822895441,0.14938362223051693,22.430607911944712,0.0006102384489892275,19.98894801428815,-0.35522407525036054,23.276393282285134,-0.2870940201869802,17.15361689305336,0.0085830325445888,30.278470184689,-0.37231677998179025,30.649463476040097,-0.4072945870355018,30.171617209590313,-0.015297095052697718,30.31342297752324,-0.38303321255202255
1423,4.9,true_threat,DREAM,1,3076,1422,4.8500000000000005,1,1,327.0845797398231,-201.3378460040029,328.03969923277003,-204.85833336732458,-205.25,-0.34850722324299,-1.92003118865218,0.9117918944765488,0,1,28.273929119815122,-1.1804518458644253,0.10961326211690903,0.0,0.007235157769173384,0.008839412592351437,27.55921869210613,0.00891253071336905,1,0,1.6613197278808514,16.399932061218802,1.6775013120754594,latent_vehicle,4.064600780977881,latent_vehicle,1.6775013120754594,4.064600780977881,0.7000000000000002,1409,ok,accepted,0,ok,0.517274,0.0007378000009339303,0.48449209998943843,0.0316748000041116,0,0.0020006999999999664,0.011024499999997772,0,282.9205692559522,37.483798939834,38.381196579524726,3.9121539959971017,0,1,0,1,0,0,0,9,0.0,1,1,3.55876040460031,-1.6657244547564303,81,1,17.959904794324093,0.15293130588706574,22.430667034193856,0.0011824450472609563,19.970952208988656,-0.3599160914556701,23.260964743728607,-0.30857077038871333,17.153983103695083,0.007324212813488614,30.259562501026895,-0.3781528901814085,30.62847504266813,-0.41976863677159615,30.170947726461293,-0.013389661820082995,30.293611373603277,-0.39623205641855036
1424,4.95,true_threat,DREAM,1,3075,1423,4.9,1,1,328.4962541554859,-201.3149950387843,329.4034249506059,-204.81912607772637,-205.25,-0.3916666326754239,-1.8097809841826655,0.8313598211346257,1,1,28.21367380078528,-1.2051063805968454,0.10195620357990265,0.0,0.007295005489140749,0.008912530727684498,27.43458567592164,0.008950637922855385,1,0,1.6449634035012366,16.520162217560877,1.6528960806435802,latent_vehicle,,,1.6528960806435802,,0.75,1409,ok,accepted,0,ok,0.517274,0.0007378000009339303,0.48449209998943843,0.0316748000041116,1,0.001975599999997968,0.014419000000000182,0,283.8187931743362,37.99724943711283,38.84669837897661,3.9350049612156965,0,1,0,1,0,0,0,9,0.0,1,1,3.54633606492349,-1.679677156698373,82,1,17.96771539319235,0.15621197539441095,22.43075285862483,0.001716489306661466,19.952851502924567,-0.36201410251551924,23.244603512076836,-0.32722463222858406,17.15428637159823,0.006065358024281802,30.240473644959934,-0.38177652326663974,30.607002143120063,-0.429457959828792,30.170369799763943,-0.011558533940987034,30.273286692887456,-0.40649359228448345
1425,5.0,true_threat,DREAM,1,3072,1424,4.95,1,1,329.9048457493714,-201.29054295229594,330.7666942269652,-204.7837946764862,-205.25,-0.4308739222736335,-1.6991861128161845,0.7524927638873764,0,1,28.152412518949003,-1.2252256367255399,0.09569858014583588,0.0,0.007295005489140749,0.008912530727684498,27.43458567592164,0.008989632423896748,1,0,1.6340840887494323,16.646269712883882,1.6357061098096846,latent_vehicle,,,1.6357061098096846,,0.7999999999999998,1409,ok,accepted,0,ok,0.517274,0.0007378000009339303,0.48449209998943843,0.0316748000041116,0,0.001975599999997968,0.009908299999999315,0,284.7174443439944,38.50718986134018,39.311316485677764,3.9594570477040634,0,1,0,1,0,0,0,9,0.0,1,1,3.53873461021987,-1.6919916169984879,83,1,17.975674766563763,0.15918746460397737,22.43086538733477,0.002250574478010577,19.934775594606066,-0.36151814414658656,23.22742593496877,-0.3435515413775304,17.154528604268005,0.0048446534009349475,30.22130851819868,-0.3833021065373491,30.58519355048459,-0.4361718213698924,30.169871985797215,-0.009956279423989712,30.252593894163507,-0.4138559522660261
1426,5.05,true_threat,DREAM,1,3069,1425,5.0,1,1,331.31035475051704,-201.26516113121744,332.12935443752866,-204.7522324041407,-205.25,-0.4662053235138046,-1.5893895456823406,0.6757918260396093,1,1,28.090331371838683,-1.2416229422063907,0.09091460704803467,0.0,0.00735811423510313,0.00898963212966919,27.33986687825911,0.009029409319820495,1,0,1.627903637482433,16.778330093018056,1.6248486137129188,latent_vehicle,,,1.6248486137129188,,0.8499999999999996,1409,ok,accepted,0,ok,0.517274,0.0007378000009339303,0.48449209998943843,0.0316748000041116,1,0.0014193999999996265,0.014805700000000144,0,285.6164617245688,39.01368148191136,39.77495931566676,3.9848388687825604,0,1,0,1,0,0,0,9,0.0,1,1,3.5353547185151513,-1.7028934532518496,84,1,17.983761933137693,0.16174332886861018,22.431008432786392,0.0028609090741345674,19.916846549988005,-0.35858086957299895,23.209573156845845,-0.35705556160698415,17.15471361745082,0.0037002636537105164,30.20217011535417,-0.3827677747992191,30.563184686418573,-0.4401772500132382,30.16944474602604,-0.008544795039614715,30.231668399079624,-0.41850987947749996
1427,5.1000000000000005,true_threat,DREAM,1,3061,1426,5.050000000000001,1,1,332.71275088599964,-201.23956674900384,333.491222409168,-204.7242409589083,-205.25,-0.4977675958593011,-1.481257116845494,0.601690577865585,0,1,28.02760506800735,-1.2545260766266608,0.08780451118946075,0.0,0.00735811423510313,0.00898963212966919,27.33986687825911,0.009069868305238253,1,0,1.6255065744636283,16.916190089521262,1.619157180534361,latent_vehicle,,,1.619157180534361,,0.9000000000000004,1409,ok,accepted,0,ok,0.517274,0.0007378000009339303,0.48449209998943843,0.0316748000041116,0,0.0014193999999996265,0.01415360000000021,0,286.5159063564175,39.5166329855453,40.23738265545745,4.010433250996158,0,1,0,1,0,0,0,9,0.0,1,1,3.5354039789652743,-1.712572888457414,85,1,17.991961633086003,0.16399399589007196,22.4311800878306,0.003433101554850006,19.899184530555548,-0.3532403667396834,23.19117106210193,-0.36804189404432675,17.154843316089593,0.002593972779329157,30.1831518952139,-0.3803642416014791,30.541107157883346,-0.44155053965452745,30.169078544403124,-0.007324031199905694,30.21065325837414,-0.4203027923280607
1428,5.15,true_threat,DREAM,1,3052,1427,5.1000000000000005,1,1,334.1119733497035,-201.21443121315636,334.852114994782,-204.69969833294823,-205.25,-0.5257590410917032,-1.3755169700047707,0.530505409517449,1,1,27.964403847718636,-1.2640244057742933,0.08637181669473648,0.0,0.00742378830909729,0.009069868363440037,27.275154861195137,0.009110909253261532,1,0,1.6260994843510446,17.059600943556948,1.6176418472866974,latent_vehicle,,,1.6176418472866974,,0.9500000000000002,1409,ok,accepted,0,ok,0.517274,0.0007378000009339303,0.48449209998943843,0.0316748000041116,1,0.001429000000001679,0.012038799999999128,0,287.4157477115533,40.0160140941133,40.69843388593563,4.0355687868436405,0,1,0,1,0,0,0,9,0.0,1,1,3.538165973859073,-1.7211779712387465,86,1,18.00026623739996,0.16609208385345114,22.43137654048568,0.003929053336439579,19.88190588452205,-0.34557290051407685,23.172343628460073,-0.37654867200724457,17.15492151652911,0.001564008784576707,30.16434350136467,-0.37616780385820253,30.519092571847963,-0.4402916901124176,30.168767658521073,-0.006217715270160047,30.189681986761045,-0.4194254107299132
1429,5.2,true_threat,DREAM,1,3039,1428,5.15,1,1,335.5080833902024,-201.1903801131686,336.21197112278037,-204.67849773556483,-205.25,-0.5503016670517695,-1.272673200764325,0.46246214840161637,0,1,27.90091418249545,-1.2697933044637466,0.08670569956302643,0.0,0.00742378830909729,0.009069868363440037,27.275154861195137,0.009152418606694131,1,0,1.628949986955405,17.20818795008756,1.6194097690464309,latent_vehicle,,,1.6194097690464309,,1.0,1409,ok,accepted,0,ok,0.517274,0.0007378000009339303,0.48449209998943843,0.0316748000041116,0,0.001429000000001679,0.011864500000001499,0,288.3159857951817,40.51188605098383,41.15805193030559,4.059619886831399,0,1,0,1,0,0,0,9,0.0,1,1,3.542961455732938,-1.7288379933982543,87,1,18.008660487777927,0.16788500431153747,22.4316073297839,0.004615785960800772,19.865115516512134,-0.3358073423715485,23.15322055623644,-0.38246144356400696,17.154952034621644,0.0006103618551009008,30.14583266991957,-0.3702166090687816,30.497268718163497,-0.43647704590286035,30.168504458572812,-0.005263995397768256,30.168878561462375,-0.4160684850976787
1430,5.25,true_threat,DREAM,1,3018,1429,5.2,1,1,336.9010201597375,-201.1679627862364,337.57069915194234,-204.6603797985915,-205.25,-0.5715022644351677,-1.1730917302097517,0.3977166214786763,1,1,27.837344081849455,-1.2714020129198644,0.08908374607563019,0.0,0.007491356693208218,0.009152418933808804,27.43779682921287,0.009194265397023735,1,0,1.6332493769142786,17.36141789988493,1.6235253591513572,latent_vehicle,,,1.6235253591513572,,0.5499999999999998,1419,ok,accepted,1,ok,0.3962831,0.0007408999954350293,0.35351929999887943,0.041676699998788536,1,0.0014316999999977043,0.014083800000001645,0,289.2166816424553,41.00412697324538,41.61608411219396,4.082037213763613,0,1,0,1,0,0,0,9,0.0,1,1,3.5490022422387657,-1.7356447680415739,88,1,18.01712531111793,0.16929646408738439,22.431864826319106,0.00514993044997076,19.848916422715302,-0.32398186160184256,23.13393154390222,-0.38578024587774495,17.15494059085884,-0.00022887525481336932,30.127697601385325,-0.3627013721768518,30.475755759784736,-0.43025914267682797,30.168275592359667,-0.004577319638635266,30.148370774450974,-0.4101557203387673
1431,5.3,true_threat,DREAM,1,3004,1430,5.25,1,1,338.2908143424578,-201.14766750317057,338.928024387643,-204.645237804208,-205.25,-0.5896202014085077,-1.0771602373329907,0.33636893122565803,0,1,27.773924288066475,-1.268395875659607,0.09352187812328339,0.0,0.007491356693208218,0.009152418933808804,27.43779682921287,0.00923629986195728,1,0,1.638402665596601,17.51862199123044,1.6292872439850958,latent_vehicle,,,1.6292872439850958,,0.5999999999999996,1419,ok,accepted,0,ok,0.3962831,0.0007408999954350293,0.35351929999887943,0.041676699998788536,0,0.0014316999999977043,0.012901299999999338,0,290.11783525337415,41.492767545046775,42.07225573697576,4.102332496829433,0,1,0,1,0,0,0,9,0.0,1,1,3.555745172861461,-1.741751402892027,89,1,18.025649261837447,0.17047901105817811,22.43214902991255,0.0056840708372849534,19.833400155326395,-0.31032533754934355,23.114589126318076,-0.3868483507918591,17.154891000143092,-0.0009918143147585076,30.110005052511237,-0.35385097048823805,30.454666230061605,-0.4217905728422499,30.1680715237565,-0.004081366196060351,30.128274972154756,-0.4019160283997682
1432,5.3500000000000005,true_threat,DREAM,1,2984,1431,5.300000000000001,1,1,339.6774966068958,-201.1299367584174,340.28394676221245,-204.63287338816804,-205.25,-0.6047621957920057,-0.9850623184022049,0.2784736454270002,1,1,27.71090310249106,-1.2604237115083095,0.0997953712940216,0.0,0.007560013793408871,0.009236299432814121,27.30657214457311,0.009278356311299892,1,0,1.6437689943098235,17.679034674396025,1.6359714518890909,latent_vehicle,,,1.6359714518890909,,0.6500000000000004,1419,ok,accepted,0,ok,0.3962831,0.0007408999954350293,0.35351929999887943,0.041676699998788536,1,0.0014105000000022017,0.016755299999999806,0,291.0193550804146,41.97792998244432,42.52665828450478,4.1200632415826135,0,1,0,1,0,0,0,9,0.0,1,1,3.5625550047123027,-1.7472285353817243,90,1,18.03421899005897,0.1713945617794351,22.432463753053444,0.006294462787122018,19.818656358471447,-0.294875931506357,23.095315373090664,-0.3854750636889887,17.15480707590131,-0.0016784848386864396,30.0928294093287,-0.3435128227635265,30.43411075519158,-0.411109479256784,30.167886529933117,-0.0036998696370573914,30.10870750281377,-0.3913493717182033
1433,5.4,true_threat,DREAM,1,2962,1432,5.3500000000000005,1,1,341.06106706757,-201.11510624531672,341.63837466566224,-204.62311873503404,-205.25,-0.6171266118319636,-0.8969897651377585,0.22404915315121535,0,1,27.648534567291662,-1.24737070398794,0.1078866720199585,0.0,0.007560013793408871,0.009236299432814121,27.30657214457311,0.009320260644166111,1,0,1.64884485427649,17.841796674261836,1.6430053937400368,latent_vehicle,,,1.6430053937400368,,0.7000000000000002,1419,ok,accepted,0,ok,0.3962831,0.0007408999954350293,0.35351929999887943,0.041676699998788536,0,0.0014105000000022017,0.010408599999998103,0,291.92133266589485,42.45952285763826,42.9791086024743,4.134893754683276,0,1,0,1,0,0,0,9,0.0,1,1,3.568940829402318,-1.752155701670986,91,1,18.04282114181993,0.17204303220212755,22.43280327146057,0.006790368923189193,19.804761325985094,-0.27790064802094067,23.076226631924776,-0.38177482277744623,17.154694541711986,-0.002250683793392373,30.076224077532853,-0.3321065412108089,30.414182794818966,-0.39855919317281846,30.167703444124477,-0.003661708659724563,30.089769455686888,-0.37876093010463185
1434,5.45,true_threat,DREAM,1,2940,1433,5.4,1,1,342.44158687415165,-201.10351163638686,342.99121649320944,-204.6158212881566,-205.25,-0.6268812649659594,-0.8130533438046026,0.1730824065732417,1,1,27.58706909232674,-1.2293094992984521,0.11759945005178452,0.0,0.007628737483173609,0.00932026095688343,27.20465078994213,0.009361836572928276,1,0,1.6531420163289283,18.006036483529535,1.6498402153172593,latent_vehicle,,,1.6498402153172593,,0.75,1419,ok,accepted,0,ok,0.3962831,0.0007408999954350293,0.35351929999887943,0.041676699998788536,1,0.001470199999999977,0.010290900000001102,0,292.82370697986767,42.93766835024712,43.42957611604868,4.146488363613145,0,1,0,1,0,0,0,9,0.0,1,1,3.574435975643293,-1.7566241575085164,92,1,18.051442369192127,0.17242454492386647,22.433167586684764,0.007286306257316474,19.791793260038062,-0.2593613196406314,23.05743162323641,-0.375900173381595,17.15455530600633,-0.0027847141131380274,30.060238648173666,-0.31970842488542506,30.394979622929753,-0.38406342772173374,30.167520359278527,-0.0036616886926262525,30.071556198240636,-0.3642651391759355
1435,5.5,true_threat,DREAM,1,2921,1434,5.45,1,1,343.8191171450799,-201.09539705141702,344.342380624455,-204.61078271452178,-205.25,-0.6341787118433899,-0.7333053723564174,0.12553466826761414,0,1,27.52675271168619,-1.206327612811009,0.12892013788223267,0.0,0.007628737483173609,0.00932026095688343,27.20465078994213,0.009402906255923764,1,0,1.6562180276639253,18.170781592378127,1.654430233109549,latent_vehicle,,,1.654430233109549,,0.7999999999999998,1419,ok,accepted,0,ok,0.3962831,0.0007408999954350293,0.35351929999887943,0.041676699998788536,0,0.001470199999999977,0.009568300000001528,0,293.7265390522804,43.412366548762634,43.877908174881554,4.154602948582976,0,1,0,1,0,0,0,9,0.0,1,1,3.5786230467157276,-1.7607217385582035,93,1,18.060071225300593,0.17257711989942168,22.433552882793922,0.007705924652587424,19.77981128751506,-0.23963945269903392,23.039039064522672,-0.3678511735349054,17.15439699667713,-0.0031661865884423167,30.0449265271212,-0.3062421831834323,30.37659088490984,-0.36777475406437615,30.16732964578183,-0.0038142611726491847,30.054163099153683,-0.3478619739139089
1436,5.55,true_threat,DREAM,1,2908,1435,5.5,1,1,345.1937189779718,-201.09094557504375,345.6918975353322,-204.6078809334134,-205.25,-0.6392172854782245,-0.657797073940642,0.08134624753225686,1,1,27.467811149459937,-1.1788312445250426,0.14169824123382568,0.0,0.007696383632719517,0.009402906522154808,27.132173667255373,0.009443301444627057,1,0,1.6577677229288383,18.335121410735788,1.6504046147109288,latent_vehicle,,,1.6504046147109288,,0.8499999999999996,1419,ok,accepted,0,ok,0.3962831,0.0007408999954350293,0.35351929999887943,0.041676699998788536,1,0.0014108999999997707,0.011679700000001958,0,294.6298288935436,43.883678540391315,44.324135244495494,4.159054424956253,0,1,0,1,0,0,0,9,0.0,1,1,3.581197733431297,-1.7644930769362845,94,1,18.06869435963625,0.1724626845109281,22.433961066679426,0.008163680518434349,19.76886881539695,-0.21884944446524274,23.021148138377466,-0.3578185222029885,17.154223428506253,-0.0034713634251035863,30.030312508899218,-0.29228005265488,30.359089058957434,-0.35003651623352944,30.1671217666954,-0.0041575725863540695,30.037674077262206,-0.32978043399067525
1437,5.6000000000000005,true_threat,DREAM,1,2898,1436,5.550000000000001,1,1,346.56539243008683,-201.09032505393694,347.0395840527128,-204.60691764304985,-205.25,-0.6421190665865879,-0.5864863623389822,0.040439505038728805,0,1,27.41047841963881,-1.146654596422536,0.15591201186180115,0.0,0.007696383632719517,0.009402906522154808,27.132173667255373,0.009482844281900658,1,0,1.6574249536720913,18.49799894829989,1.644255219339387,latent_vehicle,,,1.644255219339387,,0.9000000000000004,1419,ok,accepted,0,ok,0.3962831,0.0007408999954350293,0.35351929999887943,0.041676699998788536,0,0.0014108999999997707,0.010588800000000731,0,295.53348495092854,44.35169593512143,44.768165704491196,4.159674946063063,0,1,0,1,0,0,0,9,0.0,1,1,3.581829855806492,-1.7680285053091083,95,1,18.077296513375003,0.172043072637862,22.434384509259928,0.008468854560852439,19.75901734145663,-0.19702947961369313,23.003859934207846,-0.3457640827438927,17.154036507649458,-0.0037384171271202618,30.016429017085876,-0.277669459515648,30.342542810129313,-0.33092497600644494,30.166892906776148,-0.00457718915737666,30.02216161345921,-0.31024927465208757
1438,5.65,true_threat,DREAM,1,2887,1437,5.6000000000000005,1,1,347.9342594988549,-201.09332182341907,348.38556218964294,-204.60772495511813,-205.25,-0.6430823569501456,-0.5193658197242077,0.0027221856467173258,1,1,27.35521008578297,-1.105366677116777,0.17144863307476044,0.0,0.003988613374531269,0.004873010329902172,27.089063178244253,0.009521198862672,0,0,1.6552354962582285,18.657600136733073,1.6367073890574075,latent_vehicle,,,1.6367073890574075,,0.9500000000000002,1419,ok,accepted,0,ok,0.3962831,0.0007408999954350293,0.35351929999887943,0.041676699998788536,1,0.001429399999999248,0.012437500000000767,0,296.4376292843296,44.81641867048842,45.209999508020246,4.156678176580925,0,1,0,1,0,0,0,9,0.0,1,1,3.5808788229147224,-1.7715964168408596,96,1,18.085870057096095,0.17147087234459166,22.43482702387326,0.008850293915680214,19.750289291200435,-0.17456100341275155,22.987262189448032,-0.331954894677643,17.1538438649889,-0.0038528532081788473,30.003297032215936,-0.2626392650595237,30.327011266032674,-0.31063088254325094,30.16663352965969,-0.0051875329270387295,30.00768483596527,-0.2895355499824909
1439,5.7,true_threat,DREAM,1,2876,1438,5.65,1,1,349.3004117161835,-201.0998748171051,349.7297708693268,-204.61018082013436,-205.25,-0.6422750448818704,-0.45638183818051786,-0.03191010984721025,0,1,27.301992530746606,-1.0643511007273077,0.18808139860630035,0.0,0.003988613374531269,0.004873010329902172,27.089063178244253,0.009558350577679935,0,0,1.6511383675884304,18.813187205629017,1.6279318715345472,latent_vehicle,,,1.6279318715345472,,1.0,1419,ok,accepted,0,ok,0.3962831,0.0007408999954350293,0.35351929999887943,0.041676699998788536,0,0.001429399999999248,0.010786999999996993,0,297.3421703462232,45.2780298259234,45.64966712581048,4.150125182894897,0,1,0,1,0,0,0,9,0.0,1,1,3.578415825044879,-1.77534002862649,97,1,18.09440163931627,0.17063164238512768,22.43528288974827,0.009117319796747562,19.742718998301882,-0.15140585292989855,22.97144073575098,-0.3164290734308736,17.153649315004095,-0.0038909996950669385,29.990927997098648,-0.24738022971974316,30.312545924637657,-0.28930682840956984,30.16634172784602,-0.005836026820935587,29.99430096453905,-0.26767742934494215
1440,5.75,true_threat,DREAM,1,2874,1439,5.7,1,1,350.6639708556708,-201.109114242426,351.07224055728693,-204.61413263980603,-205.25,-0.6398191798656399,-0.3974258535968618,-0.06357193905313893,1,1,27.251359348676925,-1.0126636413936296,0.2063528597354889,0.0,-0.004196498543024063,-0.009558350779116154,27.400376148004373,0.0095939003378835,1,0,1.645850761939215,18.96281859077346,1.6198925359800773,latent_vehicle,,,1.6198925359800773,,0.6499999999999995,1427,ok,accepted,1,ok,0.5149809,0.0007258999976329505,0.47519820000161417,0.03869309998117387,1,0.0014289000000005103,0.016587499999999977,0,298.24710813660937,45.736651175024576,46.08719902338447,4.1408857575740114,0,1,0,1,0,0,0,9,0.0,1,1,3.5757527055429335,-1.7797237453122454,98,1,18.102879815931598,0.16956353034130756,22.43575591892885,0.009460584741998226,19.73632172112058,-0.12794553446887766,22.956475681533693,-0.2993010838824575,17.1534547663067,-0.0038909739521452154,29.97933144698388,-0.23193050544924984,30.29919065503061,-0.2671053910761654,30.166007964031653,-0.006675267057320397,29.982061497090616,-0.24478934930597993
1441,5.8,true_threat,DREAM,1,2869,1440,5.75,1,1,352.02508925013456,-201.12029236670725,352.4129712014693,-204.61942782625138,-205.25,-0.6358673601939699,-0.34240183727519946,-0.0923844727110981,0,1,27.20331182628612,-0.9609504478160602,0.22600455582141876,0.0,-0.00782361626625061,-0.009558350779116154,27.400376148004373,0.009627818396771902,1,0,1.6399678241033087,19.10518226068508,1.6141510167717972,latent_vehicle,,,1.6141510167717972,,0.6999999999999993,1427,ok,accepted,0,ok,0.5149809,0.0007258999976329505,0.47519820000161417,0.03869309998117387,0,0.0014289000000005103,0.012254599999998561,0,299.15250369064074,46.19237401545695,46.52253411353547,4.129707633292753,0,1,0,1,0,0,0,9,0.0,1,1,3.573957080491615,-1.7851207396315256,99,1,18.11129695839245,0.1683428471287746,22.436238483283518,0.0096512876915817,19.731110812596068,-0.10421815722846137,22.942437599827645,-0.28076163358994616,17.15326403200151,-0.0038146861109333687,29.968509285667093,-0.21644272808725498,30.286981696947993,-0.24417915754944394,30.165634146054003,-0.007476350372066398,29.97099695191311,-0.22129090201601515
1442,5.8500000000000005,true_threat,DREAM,1,2870,1441,5.800000000000001,1,1,353.3838583169637,-201.13301243022406,353.7520543181653,-204.6259595367209,-205.25,-0.6305721737486181,-0.2912013818438806,-0.11847575397500769,1,1,27.158031944979975,-0.9055976261229404,0.24697844684123993,0.0,-0.00788047630339861,-0.009627818129956722,27.403311081808404,0.0096599475878096,1,0,1.633779471056016,19.239137898734608,1.610577181310124,latent_vehicle,,,1.610577181310124,,0.75,1427,ok,accepted,0,ok,0.5149809,0.0007258999976329505,0.47519820000161417,0.03869309998117387,1,0.001504300000000569,0.014673799999997073,0,300.0583264959464,46.64532027698044,46.955794424925784,4.116987569775944,0,1,0,1,0,0,0,9,0.0,1,1,3.5730911786543937,-1.7913470665597477,100,1,18.119633992197805,0.16674067404763282,22.43673249071464,0.009880148935950033,19.7270881796727,-0.08045264068725984,22.92939515455351,-0.26084890496028473,17.153080925811754,-0.003662123786732341,29.958457696057945,-0.20103130910962455,30.275932402413435,-0.22098588230909536,30.165214551797586,-0.008391876057584659,29.96113593849677,-0.19722026340622972
1443,5.9,true_threat,DREAM,1,2870,1442,5.8500000000000005,1,1,354.7404304670568,-201.1467555821245,355.0894593533609,-204.6336209701081,-205.25,-0.6240404632791012,-0.2436733692387249,-0.14197722299142007,0,1,27.115739585087013,-0.8458471978592286,0.26923295855522156,0.0,-0.00788047630339861,-0.009627818129956722,27.403311081808404,0.009690102400723113,1,0,1.6276977525427583,19.363853405892588,1.608888508138894,latent_vehicle,,,1.608888508138894,,0.7999999999999998,1427,ok,accepted,0,ok,0.5149809,0.0007258999976329505,0.47519820000161417,0.03869309998117387,0,0.001504300000000569,0.01113589999999931,0,300.96454602453923,47.0956728984807,47.38697993152857,4.103244417875487,0,1,0,1,0,0,0,9,0.0,1,1,3.5732444249301767,-1.7981534621492758,101,1,18.12788328710527,0.1649858963040742,22.43723221813979,0.009994548604698762,19.724248105036736,-0.0568014729762502,22.91739984475964,-0.23990619528865612,17.152909263928187,-0.0034332376687229477,29.949161417346968,-0.18592511946516027,30.2660675672038,-0.1972966904154816,30.16474727237577,-0.009345580112217264,29.95250325330369,-0.1726536943576448
1444,5.95,true_threat,DREAM,1,2870,1443,5.9,1,1,356.0949580332315,-201.16077408973425,356.42533884288395,-204.64225948647734,-205.25,-0.6163790298919025,-0.19966222999148908,-0.16302277440112942,1,1,27.076611646073044,-0.7825587802793876,0.2928285598754883,0.0,-0.00793145690113306,-0.009690102189779282,27.43625321426282,0.009718126870001717,1,0,1.62231776130227,19.47838688557596,1.6091755987848806,latent_vehicle,,,1.6091755987848806,,0.8499999999999996,1427,ok,accepted,0,ok,0.5149809,0.0007258999976329505,0.47519820000161417,0.03869309998117387,1,0.001407799999999071,0.01406260000000259,0,301.87119282002254,47.54355366917207,47.81621262556831,4.089225910265753,0,1,0,1,0,0,0,9,0.0,1,1,3.5747341196427547,-1.8052999738348394,102,1,18.136041030347,0.16315486289663095,22.437741481097756,0.010185259190490717,19.722577238604174,-0.03341730836912927,22.906512710201213,-0.21774269010904634,17.152752860843297,-0.003128061697758304,29.940591836485222,-0.17139120346965286,30.257387190933976,-0.1736075049014154,30.16423230587864,-0.010299324739206117,29.945100803508513,-0.1480489804521439
1445,6.0,true_threat,DREAM,1,2875,1444,5.95,1,1,357.4476544146905,-201.17441175228626,357.75972326266765,-204.6517530051125,-205.25,-0.607740513522657,-0.15904706393801443,-0.1817474149333951,0,1,27.040824681099576,-0.7157392994693623,0.3176937699317932,0.0,-0.00793145690113306,-0.009690102189779282,27.43625321426282,0.009743865020137259,1,0,1.6181736173854233,19.581481825349442,1.6116004907814794,latent_vehicle,,,1.6116004907814794,,0.8999999999999995,1427,ok,accepted,0,ok,0.5149809,0.0007258999976329505,0.47519820000161417,0.03869309998117387,0,0.001407799999999071,0.009956600000002425,0,302.77820583683274,47.98923703382087,48.24358402854182,4.075588247713739,0,1,0,1,0,0,0,9,0.0,1,1,3.577925714885362,-1.8126485412306446,103,1,18.14409005117397,0.1609804152627077,22.43825455451033,0.010261468088866266,19.722050783886495,-0.010529073879305668,22.89676808525271,-0.19489249721227517,17.152613623869577,-0.0027847394771249286,29.932737506667568,-0.15708623214258635,30.249891274781596,-0.14991829564694728,30.16366393127566,-0.011367486536023272,29.938926682462093,-0.12348239875637824
