frame,time_s,condition,controller,hidden_visible,hidden_lidar_hits,lidar_frame,lidar_time_s,lidar_is_new,semantic_lidar_reveal_armed,ego_station_m,ego_local_y_m,hidden_station_m,hidden_local_y_m,hidden_reference_y_m,hidden_lateral_error_m,hidden_commanded_ay_mps2,hidden_road_lateral_velocity_mps,hidden_observation_submitted,hidden_aware_plan,ego_speed_mps,ego_accel_mps2,ego_throttle,ego_brake,ego_steer,commanded_ackermann_steer_rad,target_speed_mps,steer_limit_rad,steering_envelope_active,shield_active,minimum_clearance_m,minimum_ttc_s,minimum_oriented_clearance_m,minimum_oriented_clearance_actor_role,minimum_ttc_2d_s,minimum_ttc_2d_actor_role,hidden_oriented_clearance_m,hidden_ttc_2d_s,plan_age_s,plan_source_frame,plan_status,plan_rejection_reason,new_plan,latest_plan_status,planner_total_s,planner_decision_s,planner_mpc_s,planner_field_s,low_level_updated,low_level_time_s,physics_control_cycle_time_s,physics_control_deadline_miss,occluder_station_m,ego_pass_clearance_ahead_occluder_m,hidden_pass_clearance_ahead_occluder_m,ego_target_lane_error_m,ego_centre_lane_overlap,hidden_centre_lane_overlap,concurrent_centre_lane_overlap,hidden_center_geometric_visible_now,hidden_center_los_blocked,hidden_footprint_fully_blocked,hidden_footprint_blocked_sample_count,hidden_footprint_sample_count,hidden_footprint_blocked_sample_fraction,hidden_center_in_range,hidden_center_in_horizontal_fov,hidden_center_geometric_range_m,hidden_center_geometric_bearing_rad,hidden_center_geometric_clear_streak,hidden_center_geometric_reveal_confirmed,occluder_speed_mps,occluder_accel_mps2,lead_left_speed_mps,lead_left_accel_mps2,lead_centre_speed_mps,lead_centre_accel_mps2,lead_right_speed_mps,lead_right_accel_mps2,rear_centre_speed_mps,rear_centre_accel_mps2,follower_1_speed_mps,follower_1_accel_mps2,follower_2_speed_mps,follower_2_accel_mps2,follower_3_speed_mps,follower_3_accel_mps2,follower_4_speed_mps,follower_4_accel_mps2
3950,0.05,empty_shadow,DREAM,0,0,3949,,0,0,174.10342885503826,-201.74872459180185,,,,,,,0,0,32.730667771265765,0.0,0.5773849487304688,0.0,-0.0019452826818451285,-0.0023766111116856337,32.66778806100857,0.006650721064230382,0,0,5.229035308211061,13.005126120009562,5.229046723426332,rear_centre,,,,,0.05,3949,ok,accepted,1,ok,0.4334571,0.0007853999850340188,0.3889859000046272,0.042931800009682775,1,0.0011891000000012752,0.014240399999998488,0,190.04536074332722,-22.622143432325828,,3.501275408198154,0,0,0,,,,,,,,,,,,0,18.406783259441447,0.16578689439684205,22.885110212820134,2.932167164644225,18.13415083092354,0.03990202103962262,22.299679942963554,1.753311065634567,18.07717040471127,0.6607818954253997,31.427354824347557,0.13275116953011673,31.252056918595233,1.2603488246913315,31.65317352215981,1.9586946644483196,30.090677246945376,0.19725827653428876
3951,0.1,empty_shadow,DREAM,0,0,3950,0.05,1,0,175.74112412429733,-201.74831849570938,,,,,,,0,0,32.77446747020079,0.8759939787005067,0.571542501449585,0.0,-0.0019452826818451285,-0.0023766111116856337,32.66778806100857,0.006632957456937161,0,0,5.935084812720972,13.22001914992476,5.935187999684828,rear_centre,,,,,0.1,3949,ok,accepted,0,ok,0.4334571,0.0007853999850340188,0.3889859000046272,0.042931800009682775,0,0.0011891000000012752,0.016942300000000188,0,190.9658930204332,-21.90498044017275,,3.501681504290616,0,0,0,,,,,,,,,,,,0,18.414569066490884,0.15571613692564737,23.125680292168813,4.811401586883785,18.138959272590874,0.09616883523952624,22.541098784266545,4.828376827447287,18.100136792694983,0.45932775950178223,31.43768691423976,0.20664180283018854,31.299999630397192,0.959100779558792,31.728031241024084,1.497154377869097,30.104383469724933,0.2741244589793152
3952,0.15000000000000002,empty_shadow,DREAM,0,0,3951,0.1,1,0,177.3804672229553,-201.7475608853069,,,,,,,0,0,32.796753795506504,0.44572650611428344,0.5679578185081482,0.0,-0.0020432963501662016,-0.0024963575415313244,32.36778949303114,0.006623946217733251,0,0,6.647872104581159,13.400823174111322,6.648165955627059,rear_centre,,,,,0.15000000000000002,3949,ok,accepted,0,ok,0.4334571,0.0007853999850340188,0.3889859000046272,0.042931800009682775,1,0.0016983000000010406,0.012252600000000058,0,191.88685253840274,-21.186596859484297,,3.5024391146930896,0,0,0,,,,,,,,,,,,0,18.421837982641534,0.14537831946618796,23.31371817309876,3.760757618531419,18.14556633797933,0.13214130891409995,22.73226852373673,3.823394790696023,18.11357406728749,0.26874549165477785,31.448715183651306,0.2205653953660261,31.336689200851172,0.7339715086846011,31.78232010858176,1.085777351150734,30.118532198899334,0.2829745876088222
3953,0.2,empty_shadow,DREAM,0,0,3952,0.15000000000000002,1,0,179.01929138226984,-201.74639146460694,,,,,,,0,0,32.77478488699502,-0.4393781702296451,0.5694541335105896,0.0,-0.0020432963501662016,-0.0024963575415313244,32.36778949303114,0.006632828983773807,0,0,7.200196014073171,13.562733623266993,7.199452605715163,occluder,,,,,0.2,3949,ok,accepted,0,ok,0.4334571,0.0007853999850340188,0.3889859000046272,0.042931800009682775,0,0.0016983000000010406,0.015093400000001367,0,192.80814774971208,-20.4690679114791,,3.503608535393056,0,0,0,,,,,,,,,,,,0,18.428572843506366,0.13469721381723818,23.439523078989303,2.516098117718324,18.1531690299734,0.15205383985360332,22.862313459338864,2.6008987131327754,18.116957707720406,0.06767280848994818,31.456861446558058,0.16292526764119225,31.364712707694114,0.5605920775352914,31.818622674553072,0.7260513191048281,30.129426990271828,0.21789583165272447
3954,0.25,empty_shadow,DREAM,0,0,3953,0.2,1,0,180.65698620907085,-201.74468837151963,,,,,,,0,0,32.752686720500904,-0.44196332988235554,0.5964347720146179,0.0,-0.001811020658351481,-0.0022125791292637587,32.067799784378415,0.006641782050602291,0,0,6.494500531533843,13.637832851839406,6.493508775773647,occluder,,,,,0.25,3949,ok,accepted,0,ok,0.4334571,0.0007853999850340188,0.3889859000046272,0.042931800009682775,1,0.0011813000000024942,0.00915629999999723,0,193.7297481367849,-19.75297347175092,,3.5053116284803707,0,0,0,,,,,,,,,,,,0,18.43475457540316,0.1236346347383698,23.50281844615014,1.2659073431863654,18.161263811027034,0.16189562009772804,22.9300224243248,1.3541793006831304,18.111725855009418,-0.10463705429036844,31.458953781846436,0.04184671794356246,31.385633206225613,0.4184841261857397,31.839187703342375,0.4113005756187409,30.134012269599147,0.09170559023794321
3955,0.3,empty_shadow,DREAM,0,0,3954,0.25,1,1,182.29736636396424,-201.74234349318056,,,,,,,0,0,32.84681016163856,1.8824688227530828,0.6085777282714844,0.0,-0.001811020658351481,-0.0022125791292637587,32.067799784378415,0.006603773276587079,0,0,5.789153426196584,13.464481584955632,5.787989400723502,occluder,,,,,0.3,3949,ok,accepted,0,ok,0.4334571,0.0007853999850340188,0.3889859000046272,0.042931800009682775,0,0.0011813000000024942,0.007906200000000752,0,194.65165369962125,-19.03449887969387,,3.507656506819444,0,0,0,,,,,,,,,,,,0,18.440373640571845,0.1123813007703935,23.51238570686096,0.19134521419741102,18.16961226272587,0.1669690323774259,22.943461596792428,0.26878345021574546,18.09627442883541,-0.3090285234015472,31.452905551206754,-0.12096459840034346,31.40024917087386,0.2923573555966919,31.846082760603675,0.13790114571468462,30.130453167050298,-0.07118204810350882
3956,0.35000000000000003,empty_shadow,DREAM,0,0,3955,0.30000000000000004,1,1,183.94174407670613,-201.73928008798538,,,,,,,0,0,32.91164346302879,1.296666027804605,0.5047784447669983,0.0,-0.0013181234244257212,-0.001610391540452838,31.767823244805253,0.006577781845519443,0,0,5.084022490019243,13.278609814418656,5.082832350747404,occluder,,,,,0.35000000000000003,3949,ok,accepted,0,ok,0.4334571,0.0007853999850340188,0.3889859000046272,0.042931800009682775,1,0.0017990999999994983,0.017565399999998732,0,195.5738339258501,-18.31230139318083,,3.510719912014622,0,0,0,,,,,,,,,,,,0,18.44541096624751,0.10074651143784284,23.481946328237044,-0.608787572480559,18.178187682229687,0.17150838859892906,22.915930918186206,-0.5506135711327156,18.07471567310638,-0.431175114271573,31.43809114676712,-0.29628807369316024,31.40883100717092,0.1716508072622081,31.8410320896585,-0.10101341719003637,30.11838728623885,-0.24131761432783408
3957,0.4,empty_shadow,DREAM,0,0,3956,0.35000000000000003,1,1,185.58847138255746,-201.7354529417516,,,,,,,0,0,32.9477626177076,0.7223830935762976,0.42585015296936035,0.0,-0.0013181234244257212,-0.001610391540452838,31.767823244805253,0.006563368310395558,0,0,4.382615222175338,13.100795476578934,4.381622790227708,occluder,,,,,0.4,3949,ok,accepted,0,ok,0.4334571,0.0007853999850340188,0.3889859000046272,0.042931800009682775,0,0.0017990999999994983,0.009548099999999948,0,196.49625828227897,-17.58799844375838,,3.514547058248411,0,0,0,,,,,,,,,,,,0,18.449845570520296,0.08869208406056134,23.426310872633323,-1.1127091120739951,18.187079725104716,0.17784085742592343,22.862113160651695,-1.0763551497576098,18.0415678673782,-0.6629561140228604,31.41525252756768,-0.4567723689176047,31.411384275688047,0.051067169684847875,31.8254318702169,-0.3120043854158775,30.09877783670803,-0.3921889899732911
3958,0.45,empty_shadow,DREAM,0,0,3957,0.4,1,1,187.2362054977481,-201.73083199497708,,,,,,,0,0,32.96057582971935,0.25626424023499794,0.36747321486473083,0.0,-0.000630564521998167,-0.0007703799055889249,31.46785907477378,0.0065582665141162904,0,0,3.6895408240519108,12.939694660609018,3.6890886279606345,occluder,,,,,0.45,3949,ok,accepted,0,ok,0.4334571,0.0007853999850340188,0.3889859000046272,0.042931800009682775,1,0.0011744000000000199,0.008980099999998714,0,197.41886574937132,-16.862871795660084,,3.5191680050229195,0,0,0,,,,,,,,,,,,0,18.45366410184139,0.07637062574054813,23.35758909732497,-1.3744355061601377,18.19641236624868,0.1866528241548045,22.794169578128262,-1.3588716493325563,18.00676257572704,-0.6961058322335938,31.386066253771116,-0.5837254619186899,31.40778508197077,-0.0719836767884134,31.800390271415143,-0.5008319702591434,30.07341391207285,-0.5072784928269575
3959,0.5,empty_shadow,DREAM,0,0,3958,0.45,1,1,188.8839698494241,-201.72538706323036,,,,,,,0,0,32.95508872589198,-0.10974207654740553,0.322441428899765,0.0,-0.000630564521998167,-0.0007703799055889249,31.46785907477378,0.0065604505684825854,0,0,3.01206494668319,12.799543404163039,3.0126778084171875,occluder,,,,,0.5,3949,ok,accepted,0,ok,0.4334571,0.0007853999850340188,0.3889859000046272,0.042931800009682775,0,0.0011744000000000199,0.014655899999997501,0,198.3416563219218,-16.137898016534564,,3.5246129367696426,0,0,0,,,,,,,,,,,,0,18.456855116824357,0.06382029965901183,23.284646359330818,-1.4588547598729038,18.206271437972934,0.19718143652423517,22.72110095007849,-1.461372559818794,17.958170969260554,-0.9718321281401484,31.35268190769798,-0.6676869092680098,31.39793646126323,-0.1969646829235692,31.76675224960484,-0.6727604278790175,30.044427927319166,-0.5797196954600836
3960,0.55,empty_shadow,DREAM,0,0,3959,0.5,1,1,190.53100153981978,-201.71924047708626,,,,,,,0,0,32.935424485407886,-0.3932848096819441,0.2847133278846741,0.0,0.0005692710401490331,0.0006954957498237491,31.16851748371255,0.0065682865737732255,0,0,2.364048764026736,12.681652365806935,2.366566497820976,occluder,,,,,0.55,3949,ok,accepted,1,ok,0.4639529,0.0007597999938298017,0.4536822999943979,0.009109699982218444,1,0.0012529000000007784,0.009767999999997556,0,199.26453846281746,-15.413748467034537,,3.5307595229137405,0,0,0,,,,,,,,,,,,0,18.459403356441367,0.050964792989969684,23.21334966347937,-1.4259339170256855,18.216670290640717,0.20797705576199896,22.648905886910335,-1.4439012618944393,17.912518587272594,-0.9130476383479682,31.317241443083145,-0.7088092828877279,31.38182363853878,-0.32223405219076845,31.725212079299357,-0.8308033946291056,30.01382641261954,-0.6120302937491443
3961,0.6000000000000001,empty_shadow,DREAM,0,0,3960,0.55,1,1,192.17665973626964,-201.71249926668835,,,,,,,0,0,32.904636564113495,-0.6157584258878046,0.2503819763660431,0.0,0.0005692710401490331,0.0006954957498237491,31.16851748371255,0.006580583482867574,0,0,1.7774881803027438,12.585430750190655,1.7832880374308182,occluder,,,,,0.6000000000000001,3949,ok,accepted,0,ok,0.4639529,0.0007597999938298017,0.4536822999943979,0.009109699982218444,0,0.0012529000000007784,0.00766840000000002,0,200.1876037299928,-14.691155537760011,,3.5375007333116457,0,0,0,,,,,,,,,,,,0,18.461295465677225,0.03784218597912944,23.146952946746712,-1.3279343346641699,18.227549797196954,0.21759013332017252,22.58100617240437,-1.357994288419547,17.851958368307933,-1.2112043775540229,31.281524416784432,-0.7143405195774815,31.359554036309873,-0.4453500210171163,31.67634959509923,-0.9772496693111237,29.983192468400446,-0.6126788824892653
3962,0.6500000000000001,empty_shadow,DREAM,0,0,3961,0.6000000000000001,1,1,193.82045614193584,-201.70511782224455,,,,,,,0,0,32.864822652774976,-0.7962782267703972,0.21657007932662964,0.0,0.0008168494678102434,0.0009979698807001114,30.872182861716777,0.006596536702685787,0,0,1.3335109509019738,12.509091071991339,1.3444742748708327,occluder,,,,,0.6500000000000001,3949,ok,accepted,0,ok,0.4639529,0.0007597999938298017,0.4536822999943979,0.009109699982218444,1,0.0012828999999996427,0.014852399999998767,0,201.11060795681001,-13.970363358911044,,3.5448821777554542,0,0,0,,,,,,,,,,,,0,18.462512368807385,0.02433806435358021,23.086654023582973,-1.2059784632615556,18.238774536247238,0.2244947826699351,22.518778912428317,-1.2445451976243742,17.797589403550074,-1.0873792931833552,31.246743902599487,-0.6956102799600599,31.33133622826142,-0.5642917700255005,31.620677874064285,-1.1134344026857927,29.953519822318242,-0.5934529168636132
3963,0.7000000000000001,empty_shadow,DREAM,0,0,3962,0.65,1,1,195.46202462918845,-201.69734040929495,,,,,,,0,0,32.81732892681596,-0.9498745191802982,0.1820773035287857,0.0,0.0008168494678102434,0.0009979698807001114,30.872182861716777,0.0066156431738134385,0,0,1.1936872524255477,12.450197603963877,1.2080771187704338,occluder,,,,,0.7000000000000001,3949,ok,accepted,0,ok,0.4639529,0.0007597999938298017,0.4536822999943979,0.009109699982218444,0,0.0012828999999996427,0.01403450000000106,0,202.033764771509,-13.251951686357415,,3.5526595907050478,0,0,0,,,,,,,,,,,,0,18.463044530503073,0.010643236042602554,23.03219540205389,-1.0891724305566894,18.250182384722176,0.22815697029374055,22.4621382777159,-1.1328126925083333,17.728123774243738,-1.3893125838263387,31.213506438071086,-0.6647492890656503,31.297487516205788,-0.6768868862526202,31.558708085302218,-1.2393957534329085,29.925226187034124,-0.5658726979257558
3964,0.7500000000000001,empty_shadow,DREAM,0,0,3963,0.7000000000000001,1,1,197.10106002746932,-201.68918239073557,,,,,,,0,0,32.76295424748137,-1.0874935866918634,0.14608128368854523,0.0,0.00076486129546538,0.0009344543796032667,30.574145835731354,0.006637619911445349,0,0,1.20191179384247,12.406085332228793,1.2116609913501624,occluder,,,,,0.7500000000000001,3949,ok,accepted,0,ok,0.4639529,0.0007597999938298017,0.4536822999943979,0.009109699982218444,1,0.002052200000001392,0.011219100000001703,0,202.95698262136068,-12.53613413792823,,3.560817609264433,0,0,0,,,,,,,,,,,,0,18.46287478395583,-0.003394929019744651,22.98244983987792,-0.9949112435327341,18.26158451351408,0.22804257615049423,22.41008100201418,-1.041145512268786,17.667374727313078,-1.214980936411271,31.18189976129331,-0.6321335354019405,31.258405276972333,-0.781535651418529,31.4909952694206,-1.3542562936089546,29.898265786813347,-0.5392079936607149
3965,0.8,empty_shadow,DREAM,0,0,3964,0.75,1,1,198.7371656447237,-201.6807507134237,,,,,,,0,0,32.70215766532305,-1.215931643166357,0.10874439775943756,0.0,0.00076486129546538,0.0009344543796032667,30.574145835731354,0.0066623221218116025,0,0,1.2104253152647289,12.374155299224855,1.2156373186360283,occluder,,,,,0.8,3949,ok,accepted,0,ok,0.4639529,0.0007597999938298017,0.4536822999943979,0.009109699982218444,0,0.002052200000001392,0.010918900000000065,0,203.88001737095965,-11.823063270272826,,3.5692492865763086,0,0,0,,,,,,,,,,,,0,18.461997408197398,-0.017547513656461896,22.935889550597185,-0.9312057856476503,18.272803540556893,0.22438054060847357,22.361210906138975,-0.9774019157717039,17.591595772555543,-1.5155790927193762,31.151674009144447,-0.6045150431564538,31.214534498161292,-0.8772875363565777,31.418145964046257,-1.4569860820841913,29.872316280324895,-0.5189901164866233
3966,0.8500000000000001,empty_shadow,DREAM,0,0,3965,0.8,1,1,200.37009738198384,-201.67216753095096,,,,,,,0,0,32.635210371156425,-1.3389458833324852,0.07008017599582672,0.0,0.00047728081699460745,0.000583108514547348,30.270957221258016,0.006689683283203452,0,0,1.2190750830596926,12.352136193912475,1.2199983199956324,occluder,,,,,0.8500000000000001,3949,ok,accepted,0,ok,0.4639529,0.0007597999938298017,0.4536822999943979,0.009109699982218444,1,0.001182799999998707,0.01178769999999929,0,204.80305211535324,-11.113166277406265,,3.577832469049042,0,0,0,,,,,,,,,,,,0,18.460395236222084,-0.03204343912700564,22.891002006670895,-0.8977508785643936,18.283694504671363,0.21781928207819434,22.314107018860422,-0.9420777447681904,17.526827942483973,-1.295356598845896,31.122428638688454,-0.5849074087161601,31.166371562810856,-0.9631157786198464,31.340772428068387,-1.5474706931624873,29.846971403647796,-0.5068975190040619
3967,0.9000000000000001,empty_shadow,DREAM,0,0,3966,0.8500000000000001,1,1,201.9994585367842,-201.66350927259833,,,,,,,0,0,32.56229105708719,-1.4583862813847759,0.030664309859275818,0.0,0.00047728081699460745,0.000583108514547348,30.270957221258016,0.006719677403716024,0,0,1.2278152063442462,12.33827891307146,1.2247465659668875,occluder,,,,,0.9000000000000001,3949,ok,accepted,1,ok,0.3502003,0.0007607000006828457,0.31761709999409504,0.03148240002337843,0,0.001182799999998707,0.010156800000000743,0,205.7260258297995,-10.406778837052173,,3.5864907274016673,0,0,0,,,,,,,,,,,,0,18.458062546099676,-0.046653803558486986,22.846537893973487,-0.889282253964823,18.294141059487515,0.2089310956828425,22.26757915497756,-0.9305572778410856,17.447110312832223,-1.5943525904467117,31.0938050676932,-0.572471418127607,31.11442227056038,-1.0388329254086384,31.259502179599508,-1.6254049429321922,29.821901185877948,-0.5014043406025264
3968,0.9500000000000001,empty_shadow,DREAM,0,0,3967,0.9,1,1,203.62506608695287,-201.6550201414413,,,,,,,0,0,32.48245783445012,-1.5966644527412654,0.0,0.007107485085725784,0.002191998763009906,0.002678031800314784,31.449431927590506,0.006752747342380033,0,0,1.2363862544871154,12.332751404155996,1.2297895467350553,occluder,,,,,0.55,3957,ok,accepted,0,ok,0.3502003,0.0007607000006828457,0.31761709999409504,0.03148240002337843,1,0.0012667000000021744,0.010891600000000778,0,206.64884695636403,-9.70399241344802,,3.594979858558702,0,0,0,,,,,,,,,,,,0,18.454989801141945,-0.06145490201879839,22.801648442338767,-0.8977890326951247,18.304065003292425,0.19847887604456407,22.220810969974544,-0.9353637011763861,17.380568647510508,-1.3308333040390055,31.06559730265315,-0.5641552969564237,31.059201823192787,-1.104251246308174,31.174962737112914,-1.6907888246105283,29.79696448413773,-0.49873402099949243
3969,1.0,empty_shadow,DREAM,0,0,3968,0.9500000000000001,1,1,205.24624871348024,-201.6468987307632,,,,,,,0,0,32.391648230488606,-1.8161920792303476,0.0,0.041694603860378265,0.002191998763009906,0.002678031800314784,31.449431927590506,0.006790661748709085,0,0,1.2445743962382778,12.340383612135467,1.2352718399942275,occluder,,,,,0.6,3957,ok,accepted,0,ok,0.3502003,0.0007607000006828457,0.31761709999409504,0.03148240002337843,0,0.0012667000000021744,0.010530499999998,0,207.57145445468873,-9.005417285245358,,3.603101269236788,0,0,0,,,,,,,,,,,,0,18.45117127851483,-0.07637045773743205,22.75591594309757,-0.9146499848092605,18.313409114658878,0.18688222754729758,22.173388568624883,-0.9484480283261517,17.29915919766164,-1.6281889948031332,31.03781297217656,-0.5556866033338893,31.001238643117194,-1.159106435882449,31.087754915565053,-1.7441564078647096,29.77221851912819,-0.4949192903566873
3970,1.05,empty_shadow,DREAM,0,0,3969,1.0,1,1,206.86270123539742,-201.63912988588368,,,,,,,0,0,32.29140226716803,-2.004919266411491,0.0,0.06932207942008972,0.002082495717331767,0.002544248476624489,31.149202097811898,0.006832887968073979,0,0,1.252425303854551,12.359381943517553,1.2421532273740428,occluder,,,,,0.65,3957,ok,accepted,0,ok,0.3502003,0.0007607000006828457,0.31761709999409504,0.03148240002337843,1,0.0011831999999998288,0.013015199999998117,0,208.49384833518437,-8.311358643823809,,3.6108701141163237,0,0,0,,,,,,,,,,,,0,18.4465955360362,-0.09151485617227086,22.709317507169885,-0.9319687185356014,18.322142875390657,0.17467521515905335,22.125279525665075,-0.962180859720311,17.232918891717535,-1.3248061168944627,31.010667606770745,-0.5429072992254566,30.941045766693797,-1.2037058521749704,30.998475715537616,-1.7855839803953786,29.747916968508388,-0.48603100226638885
3971,1.1,empty_shadow,DREAM,0,0,3970,1.05,1,1,208.47387441441094,-201.63194267601932,,,,,,,0,0,32.184167866227234,-2.144688018815941,0.0,0.0910530835390091,0.002082495717331767,0.002544248476624489,31.149202097811898,0.006878495376865387,0,0,1.2596793905428854,12.387246070259486,1.2512107614532537,occluder,,,,,0.7000000000000001,3957,ok,accepted,0,ok,0.3502003,0.0007607000006828457,0.31761709999409504,0.03148240002337843,0,0.0011831999999998288,0.00991989999999987,0,209.41602858744017,-7.622365717066089,,3.618057323980679,0,0,0,,,,,,,,,,,,0,18.441245406612513,-0.10700259681888594,22.662144959645055,-0.9434509504675982,18.330247211878884,0.16208673059130677,22.076747057097613,-0.9706493696943739,17.151915705502862,-1.6200637225492929,30.984519787610374,-0.5229563716050704,30.879126581820692,-1.2382418993797342,30.907699249089113,-1.8155293121277305,29.724429859725824,-0.4697421692026493
3972,1.1500000000000001,empty_shadow,DREAM,0,0,3971,1.1,1,1,210.07958515547355,-201.62536768121115,,,,,,,0,0,32.07159724334684,-2.2514124576079553,0.0,0.10904182493686676,0.001627875491976738,0.0019888251554220915,30.848732368773312,0.00692686532209946,0,0,1.2662908487064612,12.422703865387518,1.2597225242740817,occluder,,,,,0.7500000000000001,3957,ok,accepted,0,ok,0.3502003,0.0007607000006828457,0.31761709999409504,0.03148240002337843,1,0.0011845999999984258,0.015253900000001153,0,210.33790365352172,-6.938530042085034,,3.624632318788855,0,0,0,,,,,,,,,,,,0,18.435040781717415,-0.12409250773521159,22.61489802504961,-0.9449386918894029,18.337708772432197,0.14923121215001334,22.028256552306644,-0.9698100909544032,17.087886015085736,-1.2805938068356513,30.95978340861769,-0.49472756586267064,30.815974846482444,-1.262906332219623,30.815982462677976,-1.8343357152940931,29.702171086396035,-0.44517546147067655
3973,1.2000000000000002,empty_shadow,DREAM,0,0,3972,1.1500000000000001,1,1,211.67937573658304,-201.61952712792623,,,,,,,0,0,31.95482603308821,-2.3354242051725294,0.0,0.12404675036668777,0.001627875491976738,0.0019888251554220915,30.848732368773312,0.006977581300298346,0,0,1.2721221930900413,12.465325795181814,1.2674792107476764,occluder,,,,,0.8000000000000002,3957,ok,accepted,0,ok,0.3502003,0.0007607000006828457,0.31761709999409504,0.03148240002337843,0,0.0011845999999984258,0.013418399999999053,0,211.2594735282236,-6.2603093356774195,,3.630472872073767,0,0,0,,,,,,,,,,,,0,18.42794733172506,-0.14186900946100472,22.56818896229634,-0.9341812550567451,18.34451802152198,0.13618498320365277,21.98039356622864,-0.9572597130916137,17.009230774502708,-1.5731048102386327,30.93686664255283,-0.4583353049192762,30.752057547111296,-1.2782335872079866,30.723853692127946,-1.8425754019181533,29.68150686023163,-0.41328452023264356
3974,1.2500000000000002,empty_shadow,DREAM,0,0,3973,1.2000000000000002,1,1,213.2733987456212,-201.6144209641107,,,,,,,0,0,31.834725073137875,-2.402019199006702,0.0,0.13669607043266296,0.0009283757535740733,0.001134224934503436,30.54830687521312,0.007030326685250926,0,0,1.2772040245561698,12.515037872962322,1.2743863261491368,occluder,,,,,0.8500000000000002,3957,ok,accepted,0,ok,0.3502003,0.0007607000006828457,0.31761709999409504,0.03148240002337843,1,0.0021999000000008095,0.017875399999997654,0,212.18064666922754,-5.587459467643214,,3.635579035889293,0,0,0,,,,,,,,,,,,0,18.41996505800425,-0.15964548270057474,22.52267199277817,-0.9103393903540407,18.35066923675494,0.12302430631475374,21.933770356976215,-0.9324641734057159,16.94914547946625,-1.2017058997639531,30.916080386479706,-0.4157251032918311,30.687845440961848,-1.2841472160136536,30.631833643516508,-1.8404009664419172,29.662717561090332,-0.37578598125110196
3975,1.3,empty_shadow,DREAM,0,0,3974,1.25,1,1,214.86128800290413,-201.6101408674229,,,,,,,0,0,31.712016423309286,-2.4541729965717707,0.0,0.14693978428840637,0.0009283757535740733,0.001134224934503436,30.54830687521312,0.007084837387543019,0,0,1.2814751934336357,12.57197593226371,1.2803295620780508,occluder,,,,,0.9,3957,ok,accepted,0,ok,0.3502003,0.0007607000006828457,0.31761709999409504,0.03148240002337843,0,0.0021999000000008095,0.008483100000002963,0,213.101392569368,-4.920316110500721,,3.639859132577101,0,0,0,,,,,,,,,,,,0,18.411111127954214,-0.17707860714593465,22.478961281120647,-0.8742142331534049,18.356158594847976,0.10978716285172327,21.889002997751362,-0.8953471706141175,16.874629183029057,-1.4903259279636365,30.897623004368157,-0.3691476226599748,30.623788286176307,-1.2810661551826188,30.540435393777535,-1.8279649917372245,29.6459767575986,-0.3348160692526581
3976,1.35,empty_shadow,DREAM,0,0,3975,1.3,1,1,216.44304349281572,-201.60664106149832,,,,,,,0,0,31.587352840878474,-2.4932716486162576,0.0,0.1550467312335968,0.00010134546755580232,0.00012381684791762382,30.24800417366414,0.007140868301047874,0,0,1.2849509793321374,12.636286241242217,1.2848542705148935,occluder,,,,,0.9500000000000001,3957,ok,accepted,0,ok,0.3502003,0.0007607000006828457,0.31761709999409504,0.03148240002337843,1,0.001188899999998938,0.009571699999998629,0,214.02165018308145,-4.258818234302595,,3.6433589385016774,0,0,0,,,,,,,,,,,,0,18.401414149696283,-0.19393956986912778,22.437608052759252,-0.8270645672264769,18.360974651542836,0.09632113404159416,21.846629360991695,-0.8474727200031936,16.820042772060138,-1.0917282189173347,30.881553624188886,-0.3213875827509767,30.560297700784414,-1.2697522192819077,30.4501281510616,-1.8061448533786377,29.631311152405427,-0.29331210379608996
3977,1.4000000000000001,empty_shadow,DREAM,0,0,3976,1.35,1,1,218.01851262226882,-201.6039063396027,,,,,,,0,0,31.461348930707874,-2.520078203411984,0.0,0.1608394831418991,0.00010134546755580232,0.00012381684791762382,30.24800417366414,0.007198179774422676,0,0,1.2876771065623132,12.708046329925624,1.2871086188257959,occluder,,,,,1.0,3957,ok,accepted,1,ok,0.5054124,0.0007361999887507409,0.47338380001019686,0.03095380001468584,0,0.001188899999998938,0.011083700000000363,0,214.9414195207787,-3.6031184425467586,,3.646093660397298,0,0,0,,,,,,,,,,,,0,18.390902735159525,-0.21022829365170453,22.399058626388282,-0.7709885274040806,18.365117406062776,0.08285508940865817,21.807105301408285,-0.7904811772758791,16.751256149099575,-1.3757324588603606,30.86782074495722,-0.27465756444938233,30.497794867152436,-1.2500132757488707,30.361404011002932,-1.774482801312933,29.618674968910856,-0.2527236699384481
3978,1.4500000000000002,empty_shadow,DREAM,0,0,3977,1.4000000000000001,1,1,219.58772574747272,-201.6014636688918,,,,,,,0,0,31.334836105980365,-2.530256494550187,0.0,0.16312338411808014,-0.0043098474852740765,-0.005265471991151571,30.90290550896759,0.0072564196532519075,0,0,1.290096121624373,12.786922054307812,1.2898529115242676,occluder,,,,,0.6500000000000001,3965,ok,accepted,0,ok,0.5054124,0.0007361999887507409,0.47338380001019686,0.03095380001468584,1,0.0014132000000017797,0.01084990000000019,0,215.86060901931995,-2.9530948158841,,3.648536331108204,0,0,0,,,,,,,,,,,,0,18.379603585467557,-0.22598299549482664,22.363660138769326,-0.7079697523181332,18.368598305530785,0.06961798789866092,21.7707951227382,-0.7262035605084445,16.703536192569345,-0.9543991303745374,30.856290851517887,-0.23059785008402,30.436659053007133,-1.2226869221913967,30.274703571115484,-1.7340087980790084,29.607942321806267,-0.21465294194599238
3979,1.5000000000000002,empty_shadow,DREAM,0,0,3978,1.4500000000000002,1,1,221.15059123241213,-201.59906893998718,,,,,,,0,0,31.208694242053603,-2.522837278535235,0.0,0.161929190158844,-0.0043098474852740765,-0.005265471991151571,30.90290550896759,0.007315195297597172,0,0,1.2924826410623211,12.872282131619514,1.2925586104621207,occluder,,,,,0.7000000000000002,3965,ok,accepted,0,ok,0.5054124,0.0007361999887507409,0.47338380001019686,0.03095380001468584,0,0.0014132000000017797,0.009468000000001808,0,216.77924920669233,-2.308869518317067,,3.650931060012823,0,0,0,,,,,,,,,,,,0,18.36755294211425,-0.2410128675329005,22.331652917442558,-0.6401444264548425,18.37142879097198,0.05660970726645009,21.737950593548387,-0.6568905738050033,16.64191356943187,-1.2324524626938878,30.846786559022007,-0.19008583401067577,30.377258139578245,-1.188000410398681,30.190471243554196,-1.6846465508939972,29.598956808186905,-0.1797102718460968
3980,1.55,empty_shadow,DREAM,0,0,3979,1.5,1,1,222.7071700601859,-201.59656954418557,,,,,,,0,0,31.08368234752047,-2.5002378906626888,0.0,0.15784455835819244,-0.004694124683737755,-0.005734954960644245,30.602744178830797,0.0073741517790870195,0,0,1.2949587976461885,12.963591792222992,1.2932849096989887,occluder,,,,,0.75,3965,ok,accepted,0,ok,0.5054124,0.0007361999887507409,0.47338380001019686,0.03095380001468584,1,0.001194999999999169,0.013308000000002096,0,217.6972180021796,-1.6702594860305737,,3.65343045581443,0,0,0,,,,,,,,,,,,0,18.354788951255465,-0.25527981680455747,22.30320290081762,-0.5690003323527968,18.373627947486145,0.043983130098073135,21.708722394035384,-0.5845639833518933,16.602212104151548,-0.7940293056683626,30.839113317697766,-0.15346481379526267,30.31993147014831,-1.1465241921513398,30.109141903673482,-1.626586795875932,29.5915753766182,-0.14762863032794188
3981,1.6,empty_shadow,DREAM,0,0,3980,1.55,1,1,224.25761472497874,-201.5936907712459,,,,,,,0,0,30.960522454541998,-2.4631978595694193,0.0,0.15086504817008972,-0.004694124683737755,-0.005734954960644245,30.602744178830797,0.007432934556681504,0,0,1.297814560405243,13.060174259118462,1.2932324822186774,occluder,,,,,0.8,3965,ok,accepted,0,ok,0.5054124,0.0007361999887507409,0.47338380001019686,0.03095380001468584,0,0.001194999999999169,0.009013800000001737,0,218.6145154109872,-1.0371122300453237,,3.656309228754111,0,0,0,,,,,,,,,,,,0,18.341353574738076,-0.2687075294572522,22.278378753543397,-0.49648294526435977,18.37522438379828,0.03192872731065086,21.68319254074569,-0.5105970613745767,16.548901705375815,-1.0662079755672755,30.833093743810075,-0.12039146850386027,30.26499366198863,-1.0987527225585254,30.031125631266146,-1.5603254444116983,29.5856606981208,-0.11829356829216914
3982,1.6500000000000001,empty_shadow,DREAM,0,0,3981,1.6,1,1,225.80195565066998,-201.59015795257025,,,,,,,0,0,30.83985314242432,-2.413386242353539,0.0,0.14148275554180145,-0.004176182206720114,-0.005102168768644333,30.3025950228923,0.007491212936991742,0,0,1.301339835903974,13.161374185679213,1.2933234695518612,occluder,,,,,0.8500000000000001,3965,ok,accepted,0,ok,0.5054124,0.0007361999887507409,0.47338380001019686,0.03095380001468584,1,0.0011964000000013186,0.01436119999999974,0,219.53120247347317,-0.409458366840056,,3.6598420474297484,0,0,0,,,,,,,,,,,,0,18.327283053156453,-0.2814104305770019,22.257205271166715,-0.42346964722847,18.376252430867837,0.020560943364190322,21.66137438405141,-0.4363631318771083,16.518141889587667,-0.6151963158510587,30.828598136013348,-0.08991215053462222,30.21274032919423,-1.0450661758853748,29.956822969347378,-1.4860532322363267,29.58110023840163,-0.09120919219598352
3983,1.7000000000000002,empty_shadow,DREAM,0,0,3982,1.6500000000000001,1,1,227.3404063822133,-201.58574213346057,,,,,,,0,0,30.722264157789642,-2.351779692693583,0.0,0.1296534240245819,-0.004176182206720114,-0.005102168768644333,30.3025950228923,0.007548665506515369,0,0,1.3230030389318628,13.266387937449545,1.312089831918112,occluder,,,,,0.9000000000000001,3965,ok,accepted,0,ok,0.5054124,0.0007361999887507409,0.47338380001019686,0.03095380001468584,0,0.0011964000000013186,0.007779299999999267,0,220.44712659134507,0.21306824683136938,,3.6642578665394296,0,0,0,,,,,,,,,,,,0,18.312621253953214,-0.29323598291755254,22.23964430672242,-0.35121928848603,18.37674642170851,0.009879819097685535,21.643245036833562,-0.3625869436887378,16.474028725131973,-0.8822632891590746,30.82551586858362,-0.061645346056686715,30.163438536576123,-0.9860358124925694,29.886603943008403,-1.4043805181810465,29.577821517992696,-0.06557440550087422
3984,1.7500000000000002,empty_shadow,DREAM,0,0,3983,1.7000000000000002,1,1,228.87308890662783,-201.58019913166297,,,,,,,0,0,30.608286022629432,-2.279562703204192,0.0,0.11587504297494888,-0.002988550579175353,-0.003651203354820609,30.00244417021573,0.007604986963859818,0,0,1.5521809456388187,13.374449882736181,1.5421962767368729,occluder,,,,,0.9500000000000002,3965,ok,accepted,0,ok,0.5054124,0.0007361999887507409,0.47338380001019686,0.03095380001468584,1,0.0011846999999995944,0.009585399999998856,0,221.36228776980823,0.8305895927827294,,3.6698008683370347,0,0,0,,,,,,,,,,,,0,18.29742158398051,-0.30399339852577073,22.225632917763267,-0.2802277786839979,18.376748318599844,3.793990200369683e-05,21.62873583370572,-0.2901840627511653,16.452868593367892,-0.42320263529615587,30.823759202158413,-0.035133328141609965,30.11732870825326,-0.9221948432804778,29.820838577988788,-1.3153072891643138,29.575765408898448,-0.041122178784922865
3985,1.8,empty_shadow,DREAM,0,0,3984,1.75,1,1,230.40018625649623,-201.5733152616783,,,,,,,0,0,30.498390321431216,-2.197914023964316,0.0,0.10013814270496368,-0.002988550579175353,-0.003651203354820609,30.00244417021573,0.007659890090483914,0,0,1.9546128093379853,13.484671452110533,1.9470650837251298,occluder,,,,,1.0,3965,ok,accepted,1,ok,0.3945101,0.0006499000010080636,0.35452799999620765,0.03879109999979846,0,0.0011846999999995944,0.010935700000000992,0,222.27668600886264,1.4432887035967212,,3.676684738321711,0,0,0,,,,,,,,,,,,0,18.281722191072475,-0.3139878575971768,22.21506238541403,-0.21141064637809717,18.376300084993517,-0.008964670834087154,21.61774187087824,-0.2198792568448679,16.418553477587338,-0.6863023155636399,30.823253750596432,-0.010109031613744143,30.074613167533027,-0.8543057878666188,29.759854937967926,-1.219672786728259,29.57488231982797,-0.01766177798574535
3986,1.85,empty_shadow,DREAM,0,0,3985,1.8,1,1,231.92197318890805,-201.5653803467849,,,,,,,0,0,30.393179990547253,-2.1042066176792673,0.0,0.08216079324483871,0.0013280537677928805,0.001622523763217032,30.20987395775145,0.0077130113849617,0,0,2.442746488656126,13.595932030331298,2.4378705917926347,occluder,,,,,0.55,3975,ok,accepted,0,ok,0.3945101,0.0006499000010080636,0.35452799999620765,0.03879109999979846,1,0.0012221999999972866,0.013401900000001632,0,223.19026027335562,2.0515013715155703,,3.684619653215094,0,0,0,,,,,,,,,,,,0,18.26557838747471,-0.3228760716488278,22.207816362194922,-0.1449204637527086,18.375441773795824,-0.017166223208237828,21.610142986565524,-0.15197768608556847,16.407366871747218,-0.22373211665429588,30.823921313096594,0.013351250245925103,30.03547900041572,-0.7826739162791139,29.703965827512633,-1.1177821934816372,29.575103586087593,0.004425328851846356
3987,1.9000000000000001,empty_shadow,DREAM,0,0,3986,1.85,1,1,233.4386022969504,-201.55640959371706,,,,,,,0,0,30.29312296300871,-2.00114055077087,0.0,0.06211205571889877,0.0013280537677928805,0.001622523763217032,30.20987395775145,0.007764045050017957,0,0,2.9720513506268036,13.70707155491576,2.9695306695594805,occluder,,,,,0.6000000000000001,3975,ok,accepted,0,ok,0.3945101,0.0006499000010080636,0.35452799999620765,0.03879109999979846,0,0.0012221999999972866,0.010705699999999041,0,224.1030410860689,2.6553496668446144,,3.6935904062829366,0,0,0,,,,,,,,,,,,0,18.249041671671208,-0.33073431597492936,22.203763240227467,-0.08106243860652988,18.374219162906794,-0.024452217732111692,21.60581138786294,-0.08663197304800081,16.383141629216297,-0.4845048503689222,30.825679872958762,0.035171199441060175,30.00007326082568,-0.7081004223409524,29.653464978393732,-1.0100169649773536,29.576360542964505,0.02513914133544103
3988,1.9500000000000002,empty_shadow,DREAM,0,0,3987,1.9000000000000001,1,1,234.95043983318257,-201.54652494785086,,,,,,,0,0,30.198622665886305,-1.8900059424480986,0.0,0.04062063992023468,0.0027416343800723553,0.003349538194015622,29.910099836047298,0.007812711027314784,0,0,3.5221530568921358,13.817078509787146,3.5215184021876293,occluder,,,,,0.6500000000000001,3975,ok,accepted,0,ok,0.3945101,0.0006499000010080636,0.35452799999620765,0.03879109999979846,1,0.0012022000000015964,0.015294199999999591,0,225.0149368838627,3.2552914052830033,,3.7034750521491446,0,0,0,,,,,,,,,,,,0,18.23216354211228,-0.33756259118019133,22.202754245628867,-0.020179891037620065,18.37267611843898,-0.03086088942729429,21.60459830284482,-0.02426169843510664,16.381974325912235,-0.02334606574726956,30.82841499061628,0.05470235827845321,29.96851439436708,-0.6311579745434484,29.60860225333928,-0.897254482123164,29.578557822841546,0.04394560137770365
3989,2.0,empty_shadow,DREAM,0,0,3988,1.9500000000000002,1,1,236.4576689499112,-201.53586367581516,,,,,,,0,0,30.110028563556302,-1.771882046600055,0.0,0.017735319212079048,0.0027416343800723553,0.003349538194015622,29.910099836047298,0.007858752162700135,0,0,4.082959675459255,13.9249205508119,4.083734183537118,occluder,,,,,0.7,3975,ok,accepted,0,ok,0.3945101,0.0006499000010080636,0.35452799999620765,0.03879109999979846,0,0.0012022000000015964,0.012230900000002265,0,225.92606974224776,3.851387663626582,,3.7141363241848353,0,0,0,,,,,,,,,,,,0,18.215001219253608,-0.343246457108223,22.204646328920987,0.03784166675198331,18.370854604882577,-0.03643027170073848,21.60634923653627,0.03501867669103872,16.367789365780496,-0.28369920211584027,30.8319931511564,0.07156321996099402,29.94089604540364,-0.5523430575452449,29.569526424562206,-0.7815165560250303,29.581582892070095,0.060501388387956045
3990,2.05,empty_shadow,DREAM,0,0,3989,2.0,1,1,237.96071700251832,-201.52474606641078,,,,,,,0,0,30.026598310938468,-1.668605052356682,0.005985056981444359,0.0,0.00350779271684587,0.004285577218979597,29.610279120670906,0.007902482811088902,0,0,4.649615919896174,14.031455498796285,4.651363444934333,occluder,,,,,0.7499999999999998,3975,ok,accepted,0,ok,0.3945101,0.0006499000010080636,0.35452799999620765,0.03879109999979846,1,0.0011884000000002004,0.016718499999999636,0,226.83625655576597,4.444248902715486,,3.725253933589215,0,0,0,,,,,,,,,,,,0,18.1976023867908,-0.3479766489331239,22.209267827788864,0.09242997838005158,18.368800397497605,-0.041084147902884983,21.61089824909856,0.09098025515436178,16.376340002161196,0.17101272824706684,30.836278934380452,0.08571567784431015,29.91727369051072,-0.472419376648127,29.53619934522392,-0.6665415668349334,29.585311772890783,0.07457762015407413
3991,2.1,empty_shadow,DREAM,0,0,3990,2.0500000000000003,1,1,239.45961459707186,-201.5134315086259,,,,,,,0,0,29.945461264644766,-1.6227409258740266,0.03139030188322067,0.0,0.00350779271684587,0.004285577218979597,29.610279120670906,0.007945362485050678,0,0,5.218931637154418,14.141466236551256,5.221266780254877,occluder,,,,,0.8,3975,ok,accepted,0,ok,0.3945101,0.0006499000010080636,0.35452799999620765,0.03879109999979846,0,0.0011884000000002004,0.010601099999998809,0,227.74564991229911,5.033753140735882,,3.7365684913741006,0,0,0,,,,,,,,,,,,0,18.180033801872842,-0.3513716975805791,22.216441359641614,0.1434706380623639,18.366549735267682,-0.045013244545212584,21.6180641436113,0.14331789480625903,16.37178715335554,-0.09105697545257568,30.841119752419687,0.09681637880359664,29.89766844811081,-0.39207435856500356,29.508485593337472,-0.5542750178081507,29.58961285817187,0.08602170924631558
3992,2.15,empty_shadow,DREAM,0,0,3991,2.1,1,1,240.95460596787967,-201.50219457736142,,,,,,,0,0,29.866765390988682,-1.573917473121682,0.06062096357345581,0.0,0.003678742563351989,0.004494431894272566,29.31039489323378,0.007987286304624395,0,0,5.7894507487008875,14.254481821888144,5.792045692144988,occluder,,,,,0.8499999999999999,3975,ok,accepted,0,ok,0.3945101,0.0006499000010080636,0.35452799999620765,0.03879109999979846,1,0.0015483999999972298,0.012933300000000258,0,228.65406671159448,5.620327712248326,,3.747805422638578,0,0,0,,,,,,,,,,,,0,18.162343148153653,-0.35381307296109826,22.225980003476373,0.19077287780201727,18.364148393806957,-0.04802682881622604,21.627659999322113,0.1919171194999991,16.389399603626227,0.35224900624955746,30.846366832691164,0.10494162804155638,29.882086145144854,-0.3116139716868449,29.486181082365295,-0.446090199913147,29.59435835599388,0.0949099600570291
3993,2.1999999999999997,empty_shadow,DREAM,0,0,3992,2.15,1,1,242.44569123466567,-201.49138622474538,,,,,,,0,0,29.791309723458053,-1.5091133506125942,0.09331730753183365,0.0,0.003678742563351989,0.004494431894272566,29.31039489323378,0.008027796333140016,0,0,6.359776108387374,14.368726570878634,6.362357462429534,occluder,,,,,0.8999999999999997,3975,ok,accepted,0,ok,0.3945101,0.0006499000010080636,0.35452799999620765,0.03879109999979846,0,0.0015483999999972298,0.009117999999997295,0,229.56169004869935,6.203789641929461,,3.7586137752546165,0,0,0,,,,,,,,,,,,0,18.144587645197575,-0.3551100571206437,22.23768920981866,0.23418412802231073,18.361634519946957,-0.05027747642705945,21.639476008993984,0.2363201989837815,16.393725462231934,0.0865171730562586,30.851871403476988,0.11009144199472772,29.87048489345126,-0.23199258690583774,29.46907028134977,-0.34221600175117867,29.599422380810378,0.10128049980773349
3994,2.25,empty_shadow,DREAM,0,0,3993,2.2,1,1,243.93314511808165,-201.48118946253888,,,,,,,0,0,29.71973731528427,-1.4314481634756504,0.12739762663841248,0.0,0.003329342231154442,0.004067558795213699,29.02123035186648,0.008066507016673946,0,0,6.92958135173222,14.482507535074953,6.9319356003241674,occluder,,,,,0.95,3975,ok,accepted,0,ok,0.3945101,0.0006499000010080636,0.35452799999620765,0.03879109999979846,1,0.002536100000000374,0.011010800000001097,0,230.46833682336108,6.784596750683704,,3.768810537461121,0,0,0,,,,,,,,,,,,0,18.126826422466923,-0.3552244513652318,22.251351541705915,0.27324663886433775,18.359048167691327,-0.05172704399731987,21.653304271659973,0.27656525903116924,16.41940408955367,0.5135725475053606,30.857496137951458,0.11249471740959709,29.862807510285485,-0.1535160243735825,29.456920493960894,-0.24299573014636505,29.60467332563526,0.10501889987353648
3995,2.3,empty_shadow,DREAM,0,0,3994,2.25,1,1,245.41718133485907,-201.4718788760536,,,,,,,0,0,29.6524676610876,-1.3453930839334305,0.160434752702713,0.0,0.003329342231154442,0.004067558795213699,29.02123035186648,0.008103146322710805,0,0,7.4983437324793485,14.594440502112679,7.500305367381232,occluder,,,,,0.9999999999999998,3975,ok,accepted,1,ok,0.512633,0.000821699999505654,0.476704200002132,0.03470200000447221,0,0.002536100000000374,0.010210600000000625,0,231.3741901410377,7.3627796497845,,3.7781211239463914,0,0,0,,,,,,,,,,,,0,18.10910906993978,-0.3543470463018006,22.266755282572202,0.3080748185191599,18.35641985579177,-0.05256623646272274,21.668915904724383,0.31223266734668287,16.431504301036995,0.24200423080483938,30.86311133686676,0.11230400670460138,29.858956726846927,-0.07698586957761168,29.449432266265905,-0.14976453742319298,29.61003108182551,0.10715512708773814
3996,2.35,empty_shadow,DREAM,0,0,3995,2.3000000000000003,1,1,246.89795257698745,-201.46375958899918,,,,,,,0,0,29.589691208416998,-1.255529053412019,0.19212234020233154,0.0,0.0038494381587952375,0.0047029759734869,28.922395933527316,0.008137563981973408,0,0,8.065990275976409,14.703478406594217,8.06740754734714,occluder,,,,,0.6499999999999999,3983,ok,accepted,0,ok,0.512633,0.000821699999505654,0.476704200002132,0.03470200000447221,1,0.0014149999999979457,0.013462100000001698,0,232.27906689106578,7.938674141884803,,3.7862404110008185,0,0,0,,,,,,,,,,,,0,18.091498530035654,-0.3522107927964056,22.283671551453164,0.338325378737325,18.35379154416889,-0.05256623073851145,21.686083935535667,0.34336062187620153,16.463978811397592,0.6494902084616301,30.868610189821634,0.10997708606508168,29.858823802808846,-0.0026313603308400764,29.44631949579151,-0.06225539431490694,29.61540409668562,0.10746030040479498
3997,2.4,empty_shadow,DREAM,0,0,3996,2.35,1,1,248.37576410351653,-201.4570756378786,,,,,,,0,0,29.53149801481993,-1.1638638719413308,0.2224048376083374,0.0,0.0038494381587952375,0.0047029759734869,28.922395933527316,0.008169665053378142,0,0,8.632337111323409,14.808703622629723,8.633074015311037,occluder,,,,,0.6999999999999997,3983,ok,accepted,0,ok,0.512633,0.000821699999505654,0.476704200002132,0.03470200000447221,0,0.0014149999999979457,0.011981199999997472,0,233.1831807120959,8.512371847383776,,3.792924362121397,0,0,0,,,,,,,,,,,,0,18.0740443937153,-0.34908272006977137,22.301873372988958,0.36403643189355156,18.351188029625646,-0.052070288820078345,21.704575665791264,0.36983461096843334,16.482525862123147,0.370941015699733,30.873908774218492,0.10597171192517064,29.86226755217403,0.06889881724381475,29.447359022662503,0.020790551253999697,29.620719890971976,0.1063158879447664
3998,2.45,empty_shadow,DREAM,0,0,3997,2.4000000000000004,1,1,249.85076849191722,-201.4517964530616,,,,,,,0,0,29.47790789333952,-1.0718024296082262,0.2512849271297455,0.0,0.002591395750641823,0.0031659870874136686,28.652477876841587,0.008199395230057157,0,0,9.197539382690302,14.90930867728093,9.197531901652082,occluder,,,,,0.75,3983,ok,accepted,0,ok,0.512633,0.000821699999505654,0.476704200002132,0.03470200000447221,1,0.0011729000000002543,0.010161899999999946,0,234.0863484830538,9.08420846482656,,3.798203546938396,0,0,0,,,,,,,,,,,,0,18.056796251110335,-0.3449628451788539,22.32112614338108,0.3850554090547886,18.34863791660069,-0.05100225885792666,21.72415649262156,0.3916165422176183,16.520350486088514,0.7564924806385176,30.878925074326254,0.10032602228625483,29.869141051556017,0.13749019341625704,29.452381092790635,0.10044141507001855,29.625907893258585,0.10376004889430045
3999,2.5,empty_shadow,DREAM,0,0,3998,2.45,1,1,251.32327096480157,-201.44805925953403,,,,,,,0,0,29.42883399802704,-0.981477906249566,0.27886900305747986,0.0,0.002591395750641823,0.0031659870874136686,28.652477876841587,0.008226762513013996,0,0,9.761629633989372,15.004632893857686,9.760854850459506,occluder,,,,,0.7999999999999998,3983,ok,accepted,0,ok,0.512633,0.000821699999505654,0.476704200002132,0.03470200000447221,0,0.0011729000000002543,0.011031900000002537,0,234.98869227945028,9.654367141314424,,3.801940740465966,0,0,0,,,,,,,,,,,,0,18.03980941617456,-0.3397366907436353,22.3412047962366,0.40157305824645845,18.346165997134776,-0.049438389009707144,21.744586093906044,0.40859202967667957,16.543869994411857,0.4703901678393515,30.88359233398033,0.09334520667635297,29.87925159358312,0.20222725063408564,29.461238840303896,0.17715496149949256,29.630905160514764,0.09994534727460186
4000,2.55,empty_shadow,DREAM,0,0,3999,2.5,1,1,252.7934546120115,-201.44581821846668,,,,,,,0,0,29.384235817725102,-0.8919636060387859,0.30526822805404663,0.0,0.0009247922571375966,0.0011298469034954906,28.412524917035643,0.008251752812551735,0,0,10.32472840421233,15.093965108507938,10.323235103560622,occluder,,,,,0.8499999999999996,3983,ok,accepted,0,ok,0.512633,0.000821699999505654,0.476704200002132,0.03470200000447221,1,0.0012086999999993964,0.011272000000001725,0,235.89018158370897,10.223061484265656,,3.804181781533316,0,0,0,,,,,,,,,,,,0,18.02312966511801,-0.3335950122494608,22.361880448853316,0.41351305353716994,18.34379897612562,-0.04734042036865321,21.765639402722474,0.42106617861151185,16.58549214931218,0.8324430994495621,30.88784761012406,0.08510553184994471,29.89240455988214,0.2630720460360885,29.47378730668733,0.25096933770393204,29.63565065821466,0.09490995718440307
4001,2.6,empty_shadow,DREAM,0,0,4000,2.5500000000000003,1,1,254.26150253900505,-201.4450732673949,,,,,,,0,0,29.343985697519283,-0.8050024041163795,0.3305876851081848,0.0,0.0009247922571375966,0.0011298469034954906,28.412524917035643,0.008274404587608555,0,0,10.886910389515274,15.176732585138552,10.884778805861973,occluder,,,,,0.8999999999999999,3983,ok,accepted,0,ok,0.512633,0.000821699999505654,0.476704200002132,0.03470200000447221,0,0.0012086999999993964,0.01200009999999807,0,236.79084691340623,10.790444081561958,,3.804926732605111,0,0,0,,,,,,,,,,,,0,18.00680849622214,-0.32642336827716023,22.38293757165352,0.421142457142115,18.34155401729311,-0.04489917849229029,21.787093258434755,0.4290771151367755,16.612435349256057,0.5388640001944798,30.891626053874973,0.07556888031200339,29.908380538991928,0.31952886219602117,29.489864367328803,0.3215412217686573,29.640104330968008,0.08907345715939508
4002,2.65,empty_shadow,DREAM,0,0,4001,2.6,1,1,255.7276893258886,-201.44559543079902,,,,,,,0,0,29.308013698045087,-0.7194399894839165,0.35496506094932556,0.0,-0.0008544197189621627,-0.0010438705794513226,28.20254363058805,0.008294727759221238,0,0,11.448418545239772,15.252278122137032,11.445789193387693,occluder,,,,,0.9499999999999997,3983,ok,accepted,0,ok,0.512633,0.000821699999505654,0.476704200002132,0.03470200000447221,1,0.001183400000002166,0.01362969999999919,0,237.69068827374744,11.356789508104299,,3.804404569200983,0,0,0,,,,,,,,,,,,0,17.990887871026725,-0.31841249367534874,22.40416635615799,0.42457569118581084,18.339454008285372,-0.042000182165794146,21.808728316884768,0.4327011684984396,16.65628910270709,0.8770750704337227,30.894874259226405,0.0649641105490917,29.926952496746157,0.3714454693894029,29.509283102059918,0.38837470255809947,29.644222310957954,0.08235960300473984
4003,2.7,empty_shadow,DREAM,0,0,4002,2.6500000000000004,1,1,257.1921675293115,-201.44729310389616,,,,,,,0,0,29.27621094330712,-0.6360550947593424,0.3784688115119934,0.0,-0.0008544197189621627,-0.0010438705794513226,28.20254363058805,0.008312757847041791,0,0,12.009329323475566,15.320054270183832,12.006361018005112,occluder,,,,,1.0,3983,ok,accepted,1,ok,0.3681753,0.0008307999814860523,0.3281318000226747,0.038864700007252395,0,0.001183400000002166,0.010143799999998038,0,238.5897361718982,11.922219813376444,,3.8027068961038424,0,0,0,,,,,,,,,,,,0,17.975407842865728,-0.3096005531300062,22.425364622700528,0.42396533200573444,18.33751231083857,-0.03883394980813332,21.830348122153413,0.43239610402887757,16.685124393080613,0.576705808749666,30.897554080144836,0.05359641969333834,29.94788005721274,0.41855508303566397,29.53182416583372,0.4508212825215352,29.64797026161089,0.07495901477348726
4004,2.75,empty_shadow,DREAM,0,0,4003,2.7,1,1,258.6552725979604,-201.4494490091235,,,,,,,0,0,29.248473960033962,-0.5547396654631598,0.40118998289108276,0.0,-0.006804084870964289,-0.008312758058309555,28.320957586187305,0.008328530943192398,1,0,12.569954533508367,15.379559822247277,12.567045211798339,occluder,,,,,0.5499999999999998,3993,ok,accepted,0,ok,0.3681753,0.0008307999814860523,0.3281318000226747,0.038864700007252395,1,0.0016329999999982192,0.014238900000002275,0,239.48805164301118,12.48700941091235,,3.800550990876502,0,0,0,,,,,,,,,,,,0,17.9604141890034,-0.2998730667415938,22.446337822521354,0.4194639974915291,18.33574036693656,-0.03543887756614742,21.85174858870279,0.42800933006831926,16.729706753301972,0.8916472059126191,30.89963690597908,0.04165651654214067,29.97090759684363,0.4605528090622418,29.557243416891726,0.5083850269387897,29.651311943938225,0.06683364812740805
4005,2.8,empty_shadow,DREAM,0,0,4004,2.75,1,1,260.1170653847993,-201.45152906807343,,,,,,,0,0,29.224727451109416,-0.4749301784909221,0.42322391271591187,0.0,-0.006804084870964289,-0.008312758058309555,28.320957586187305,0.008342070485243191,1,0,13.130370675690813,15.430143601084259,13.128005133801286,occluder,,,,,0.5999999999999996,3993,ok,accepted,0,ok,0.3681753,0.0008307999814860523,0.3281318000226747,0.038864700007252395,0,0.0016329999999982192,0.014181000000000665,0,240.38563469749715,13.051219143265257,,3.7984709319265733,0,0,0,,,,,,,,,,,,0,17.945937427755098,-0.28953521367333435,22.4669219228367,0.4116820074280148,18.334149623492145,-0.031814867376280344,21.872752329388415,0.4200748148980743,16.758986454736874,0.5855940301086531,30.901086495668586,0.02899179367315416,29.99577569098654,0.49736266976574156,29.58526428861808,0.5604174387576932,29.654224469391615,0.05825050979988595
4006,2.85,empty_shadow,DREAM,0,0,4005,2.8000000000000003,1,1,261.577667897669,-201.45335013364473,,,,,,,0,0,29.20486726396886,-0.3972037428111008,0.4440368711948395,0.0,-0.006828077603131533,-0.008342070505023003,28.080431586703913,0.008353419532445254,1,0,13.690640309077368,15.471510140336953,13.68920908370231,occluder,,,,,0.6499999999999999,3993,ok,accepted,0,ok,0.3681753,0.0008307999814860523,0.3281318000226747,0.038864700007252395,1,0.0011876999999991256,0.010701100000002128,0,241.28251584772713,13.614940505905025,,3.796649866355267,0,0,0,,,,,,,,,,,,0,17.932011890268264,-0.2785107385867808,22.486941447660055,0.4003904971342075,18.332745801289292,-0.02807644187703597,21.893185774348535,0.40866890328173217,16.802927946670167,0.8788298399501775,30.90188568377973,0.01598376298393735,30.022226833237006,0.529022976742398,29.61559495708948,0.6066133723967255,29.656681133915313,0.049133290377005256
4007,2.9,empty_shadow,DREAM,0,0,4006,2.85,1,1,263.03756824601317,-201.45440849925518,,,,,,,0,0,29.188754960292382,-0.322246073529584,0.46357232332229614,0.0,-0.006828077603131533,-0.008342070505023003,28.080431586703913,0.008362643886622879,1,0,14.251198324783921,15.503378630929516,14.251016808866781,occluder,,,,,0.6999999999999997,3993,ok,accepted,0,ok,0.3681753,0.0008307999814860523,0.3281318000226747,0.038864700007252395,0,0.0011876999999991256,0.00852830000000182,0,242.17875612885376,14.178600573122537,,3.7955915007448198,0,0,0,,,,,,,,,,,,0,17.91867572257569,-0.2667233435094686,22.506257160752984,0.3863142630153599,18.33153462442363,-0.024223535308861597,21.91290587172691,0.39440195461517885,16.831341713329486,0.5682753337131374,30.90201730338348,0.002632394389222388,30.04999017778523,0.5552668971066113,29.647911172095714,0.6463243016550084,29.658676215508304,0.039901631039551834
4008,2.95,empty_shadow,DREAM,0,0,4007,2.9000000000000004,1,1,264.4967052489284,-201.45427693965743,,,,,,,0,0,29.176196045833247,-0.2511782891826897,0.481463760137558,0.0,-0.00684491777792573,-0.008362644352018833,27.869982324200084,0.00836984451204919,1,0,14.811986834827323,15.525673874687575,14.81331056929789,occluder,,,,,0.75,3993,ok,accepted,0,ok,0.3681753,0.0008307999814860523,0.3281318000226747,0.038864700007252395,1,0.001187100000002772,0.010893700000004003,0,243.07435554608242,14.742138158809098,,3.795723060342567,0,0,0,,,,,,,,,,,,0,17.90595562853465,-0.2544018706272144,22.524733640544714,0.3695295969909405,18.33052372120056,-0.020218063501488085,21.931775292021673,0.37738841544031865,16.87343307570404,0.8418272489858574,30.90147753985807,-0.010795266089303876,30.07879679584216,0.5761326858400878,29.681892499649077,0.6796265515830632,29.660203990937745,0.03055550865872776
4009,3.0,empty_shadow,DREAM,0,0,4008,2.95,1,1,265.9553228752474,-201.45245183155555,,,,,,,0,0,29.166985710079167,-0.1842067150816007,0.49766600131988525,0.0,-0.00684491777792573,-0.008362644352018833,27.869982324200084,0.008375131149914032,1,0,15.373284734512387,15.538413145213596,15.376320932942994,occluder,,,,,0.7999999999999998,3993,ok,accepted,0,ok,0.3681753,0.0008307999814860523,0.3281318000226747,0.038864700007252395,0,0.001187100000002772,0.012282200000001353,0,243.96928357142605,15.305827759784506,,3.7975481684444503,0,0,0,,,,,,,,,,,,0,17.893872587988866,-0.24166080157568434,22.54226407642014,0.35060871852773434,18.329711183656798,-0.016250749589817853,21.94966814962918,0.3578571632011809,16.899849848018725,0.5283354474756067,30.900272114407404,-0.024108502385897308,30.10838348745803,0.5917348144495405,29.7172089673369,0.7063293533631712,29.661268275506295,0.021285693018436826
4010,3.05,empty_shadow,DREAM,0,0,4009,3.0,1,1,267.4135430599356,-201.44853640481386,,,,,,,0,0,29.160876865262694,-0.12217689632947781,0.5118436217308044,0.0,-0.006855138577520847,-0.008375131525099277,27.689627490456832,0.008378640327057298,1,0,15.935152834932268,15.541711121239157,15.940070186317143,occluder,,,,,0.8499999999999996,3993,ok,accepted,0,ok,0.3681753,0.0008307999814860523,0.3281318000226747,0.038864700007252395,1,0.0011907000000022094,0.010033300000003464,0,244.86360124524265,15.869730270656078,,3.801463595186135,0,0,0,,,,,,,,,,,,0,17.88245521213326,-0.22834750800652814,22.558735933276115,0.329437138238933,18.329087477617026,-0.012474120368790916,21.96648716899287,0.3363803985362862,16.939095448392784,0.7849120086252204,30.898408656481138,-0.03726914950297029,30.138490873325175,0.6021495829405691,29.753519160270265,0.7262038580314167,29.66187288407065,0.01209217565384612
4011,3.1,empty_shadow,DREAM,0,0,4010,3.0500000000000003,1,1,268.8715487783164,-201.4421491272633,,,,,,,0,0,29.157597704962804,-0.06558320599779677,0.5239756107330322,0.0,-0.006855138577520847,-0.008375131525099277,27.689627490456832,0.00838052492424681,1,0,16.497680761356627,15.535840761181987,16.504616637465123,occluder,,,,,0.8999999999999999,3993,ok,accepted,0,ok,0.3681753,0.0008307999814860523,0.3281318000226747,0.038864700007252395,0,0.0011907000000022094,0.014052199999994741,0,245.75740012026137,16.433937114018192,,3.807850872736708,0,0,0,,,,,,,,,,,,0,17.871722574346304,-0.21465274701556233,22.574067195967185,0.3066252548741538,18.32865641741334,-0.008621204154984706,21.982138889355248,0.31303441754954686,16.962576812126745,0.46962727574638574,30.89591005342952,-0.04997204993279196,30.168863390046326,0.6074532107766722,29.790491199118897,0.7394407767405662,29.66203498546566,0.003242035199332631
4012,3.15,empty_shadow,DREAM,0,0,4011,3.1,1,1,270.32943177571826,-201.43385454283404,,,,,,,0,0,29.15717607136158,-0.008432672024483168,0.5344757437705994,0.0,0.0013299735728651285,0.008380524814128876,27.960636536851663,0.008380767291408244,1,0,17.060858073380476,15.520590774421791,17.06948093070104,occluder,,,,,0.5499999999999998,4001,ok,accepted,1,ok,0.457825,0.0008491000044159591,0.4285428000148386,0.028093300003092736,1,0.001728599999999858,0.01619219999999899,0,246.65071075049616,16.998509481185238,,3.816145457165959,0,0,0,,,,,,,,,,,,0,17.861689933345538,-0.20065281177201763,22.588191108732474,0.2824782560494218,18.328408465182367,-0.004959044897231923,21.996556552827936,0.2883532778817604,16.99818319219961,0.7121276024614973,30.892799193980977,-0.06221717557290591,30.199253104093245,0.607798173527751,29.827806556465948,0.7463071480291879,29.66177365341199,-0.005226630695506256
4013,3.2,empty_shadow,DREAM,0,0,4012,3.1500000000000004,1,1,271.7873448742653,-201.42433924494003,,,,,,,0,0,29.15909937844077,0.03846614158383943,0.5430842638015747,0.0,0.006859553046524525,0.008380524814128876,27.960636536851663,0.008379661804391217,1,0,17.624745534485594,15.496620417308923,17.63422880944396,occluder,,,,,0.6000000000000001,4001,ok,accepted,0,ok,0.457825,0.0008491000044159591,0.4285428000148386,0.028093300003092736,0,0.001728599999999858,0.01125229999999533,0,247.543533094304,17.56360023592441,,3.825660755059971,0,0,0,,,,,,,,,,,,0,17.85236872664073,-0.18642413005754166,22.601052360986763,0.25722504511116945,18.3283398070481,-0.0013731635173384181,22.009679124603846,0.2624514420857714,17.018000539173226,0.39634694050151603,30.88911040920722,-0.07377568047927921,30.229425431046607,0.6034513780988805,29.86513716862447,0.7466122465704847,29.66111177679164,-0.01323751944387504
4014,3.25,empty_shadow,DREAM,0,0,4013,3.2,1,1,273.2454712054426,-201.41367946505747,,,,,,,0,0,29.163066867090045,0.07934977298546642,0.5496111512184143,0.0,0.0068588461726903915,0.008379661478102207,27.758880889485617,0.008377382044434565,1,0,18.18950612283577,15.464272721418892,18.199034090824743,occluder,,,,,0.6499999999999999,4001,ok,accepted,0,ok,0.457825,0.0008491000044159591,0.4285428000148386,0.028093300003092736,1,0.0012053000000022962,0.01360859999999775,0,248.43586716209566,18.129392499310057,,3.83632053494253,0,0,0,,,,,,,,,,,,0,17.843776122272466,-0.17185208622344497,22.612612806267094,0.23120890494675575,18.328442811658256,0.0020600920912596204,22.021466549195978,0.2357484960640508,17.049397400921162,0.6279372358453515,30.884879938959788,-0.08460938834182545,30.259149597536855,0.5944889529296639,29.902196932500324,0.7411952845215006,29.660076059470278,-0.020714331905299116
4015,3.3,empty_shadow,DREAM,0,0,4014,3.25,1,1,274.7038108629472,-201.40214986137352,,,,,,,0,0,29.16874452153379,0.11355308887488036,0.5539680123329163,0.0,0.0068588461726903915,0.008379661478102207,27.758880889485617,0.008374121223427318,1,0,18.754981833527772,15.424591256751135,18.763938760470563,occluder,,,,,0.6999999999999997,4001,ok,accepted,0,ok,0.457825,0.0008491000044159591,0.4285428000148386,0.028093300003092736,0,0.0012053000000022962,0.010413100000000952,0,249.32783501897111,18.695764299939214,,3.847850138626484,0,0,0,,,,,,,,,,,,0,17.835925470308126,-0.15701304205108943,22.622843830979118,0.20462049367675023,18.32870985018222,0.005340770685960741,22.03189021550945,0.20847332825169196,17.06501858198892,0.3124236221050722,30.88012494869989,-0.09509978751303351,30.28821771294267,0.5813685038853793,29.938680673158014,0.7296748246645831,29.658693205263997,-0.027657069254293933
4016,3.35,empty_shadow,DREAM,0,0,4015,3.3000000000000003,1,1,276.1624555556698,-201.39020816630108,,,,,,,0,0,29.175727544178205,0.13966045288832163,0.556079089641571,0.0,0.006854311563074589,0.00837412104010582,27.58703576256807,0.008370113306329727,1,0,19.32118666662746,15.378732386811585,19.32911330508627,occluder,,,,,0.75,4001,ok,accepted,0,ok,0.457825,0.0008491000044159591,0.4285428000148386,0.028093300003092736,1,0.001629999999998688,0.015095000000002301,0,250.21946717730134,19.26277683433159,,3.859791833698921,0,0,0,,,,,,,,,,,,0,17.828812957592824,-0.14225026028636828,22.631743526320715,0.17799390677021765,18.32912757047655,0.00835440644920432,22.04094058854524,0.1810074616049777,17.091841622644193,0.5364608137513007,30.874891215062803,-0.10467465397351428,30.316425696100673,0.5641662087832775,29.974328991239858,0.7129663787002454,29.65698801057465,-0.034103879730257046
4017,3.4,empty_shadow,DREAM,0,0,4016,3.35,1,1,277.6214970653765,-201.3785257352875,,,,,,,0,0,29.183590159693296,0.1572523103018142,0.5561280846595764,0.0,0.006854311563074589,0.00837412104010582,27.58703576256807,0.008365603988168383,1,0,19.888178954366204,15.327825186237147,19.894737991987707,occluder,,,,,0.7999999999999998,4001,ok,accepted,0,ok,0.457825,0.0008491000044159591,0.4285428000148386,0.028093300003092736,0,0.001629999999998688,0.011982799999998406,0,251.11073309348302,19.830552427856617,,3.8714742647125036,0,0,0,,,,,,,,,,,,0,17.822448122061285,-0.12729671913609675,22.63930807944399,0.1512910631459364,18.32969025166708,0.011253624809852219,22.048623389515296,0.15365601944350585,17.102936666202442,0.22190087170313863,30.869213069648588,-0.11356288899705343,30.343594254974,0.5433778157996956,30.008897748470556,0.6913751665780365,29.654996716202277,-0.03982587776199825
4018,3.45,empty_shadow,DREAM,0,0,4017,3.4000000000000004,1,1,279.08093554302366,-201.36754507318986,,,,,,,0,0,29.191904881185117,0.16629442983642662,0.5540636777877808,0.0,0.006847340147942305,0.008365604095160961,27.44508310028591,0.008360839344028958,1,0,20.455900825946777,15.27293694246529,20.460846379631455,occluder,,,,,0.8500000000000001,4001,ok,accepted,0,ok,0.457825,0.0008491000044159591,0.4285428000148386,0.028093300003092736,1,0.0011876000000015097,0.010664599999998359,0,252.0016633215303,20.399060677456504,,3.8824549268101407,0,0,0,,,,,,,,,,,,0,17.81682715453213,-0.1124193576014539,22.645552747563013,0.1248933638350371,18.330380725698838,0.013809481916753626,22.054936711391754,0.12626643730050038,17.125008501257717,0.44143670165288057,30.86313628865149,-0.12153560038732894,30.3695536284839,0.5191939580612392,30.04215043372186,0.6650537319914507,29.65274602428313,-0.045013828155814305
4019,3.5,empty_shadow,DREAM,0,0,4018,3.45,1,1,280.54077120723764,-201.35790704911145,,,,,,,0,0,29.200260462723595,0.16711163076955415,0.5500078797340393,0.0,0.006847340147942305,0.008365604095160961,27.44508310028591,0.008356055384820987,1,0,21.024211472892755,15.215106237220535,21.027365441191336,occluder,,,,,0.8999999999999999,4001,ok,accepted,1,ok,0.3396135,0.0008299000037368387,0.31173929999931715,0.026710800011642277,0,0.0011876000000015097,0.0077147000000010735,0,252.89234940376136,20.968210259439417,,3.8920929508885536,0,0,0,,,,,,,,,,,,0,17.811951960483256,-0.09750388736906114,22.6504985121098,0.09891529325427205,18.331191363199334,0.016212751564581886,22.059922516178194,0.09971609566891389,17.131430540641826,0.12844078810124585,30.85670283085247,-0.12866913813156117,30.39415121718023,0.49195790157405034,30.073877239004062,0.6345361371006892,29.650264546545085,-0.04962954802479072
4020,3.55,empty_shadow,DREAM,0,0,4019,3.5,1,1,282.0010347369617,-201.35008467507492,,,,,,,0,0,29.20828906768354,0.16057209919893012,0.544704020023346,0.0,0.0068395244888961315,0.008356055244803429,27.88869702955526,0.008351462501791739,1,0,21.593080780025723,15.155231365643006,21.594315302881373,occluder,,,,,0.5499999999999998,4009,ok,accepted,0,ok,0.3396135,0.0008299000037368387,0.31173929999931715,0.026710800011642277,1,0.0012170999999980836,0.012721400000003769,0,253.78282186295797,21.538001329966846,,3.8999153249250753,0,0,0,,,,,,,,,,,,0,17.807820633025294,-0.08262655443336556,22.654187335063977,0.07377646228139292,18.332104997817662,0.01827269412670431,22.063601785016274,0.07358537717088516,17.148745449976175,0.3462981869375245,30.849968009173274,-0.13469641784806208,30.417249676425552,0.46197477730754266,30.10389696674265,0.6003945896494725,29.64759042941283,-0.05348233719877575
4021,3.6,empty_shadow,DREAM,0,0,4020,3.5500000000000003,1,1,283.4616957603705,-201.34450520756,,,,,,,0,0,29.215661933291912,0.1474573121674183,0.538240909576416,0.0,0.0068395244888961315,0.008356055244803429,27.88869702955526,0.008347248078660913,1,0,22.162422719512005,15.094175577581643,22.161645968699876,occluder,,,,,0.6000000000000001,4009,ok,accepted,0,ok,0.3396135,0.0008299000037368387,0.31173929999931715,0.026710800011642277,0,0.0012170999999980836,0.012272000000002947,0,254.6731112166965,22.10837299963714,,3.9054947924400096,0,0,0,,,,,,,,,,,,0,17.804427449710083,-0.06786367055442645,22.656663084284595,0.04951498798984824,18.333112094104738,0.02014192780401957,22.066027924870593,0.04852279803010858,17.150507838031974,0.03524776132768857,30.842960433270946,-0.14015150735847173,30.438734546318855,0.42970231851672397,30.13204176984335,0.5628960999858212,29.64475037653921,-0.056801054165525375
4022,3.65,empty_shadow,DREAM,0,0,4021,3.6,1,1,284.9227238692008,-201.34148909152904,,,,,,,0,0,29.2221198164307,0.12915766277572516,0.5304200649261475,0.0,0.006832315120846033,0.00834724772721529,27.719250982808802,0.00834355929122255,1,0,22.732161200240693,15.03262068049003,22.72930644776423,occluder,,,,,0.6499999999999999,4009,ok,accepted,0,ok,0.3396135,0.0008299000037368387,0.31173929999931715,0.026710800011642277,1,0.001829200000003084,0.010769899999999666,0,255.56324798255326,22.67926434261068,,3.9085109084709586,0,0,0,,,,,,,,,,,,0,17.80177050298931,-0.053138937651810964,22.6579772579595,0.026283477196342924,18.33420310650379,0.021820249196892787,22.067256247488174,0.024566454078308188,17.163220315444246,0.25424954841067055,30.835718250208384,-0.1448436511895406,30.458504717425612,0.39540759127663894,30.15817241358394,0.5226129131318713,29.641772997650804,-0.05954757592477387
4023,3.7,empty_shadow,DREAM,0,0,4022,3.6500000000000004,1,1,286.38396659529485,-201.341387331164,,,,,,,0,0,29.227387560514604,0.10535488167811025,0.5212690830230713,0.0,0.006832315120846033,0.00834724772721529,27.719250982808802,0.008340552129823708,1,0,23.302068968242484,14.971334873176694,23.297087467975793,occluder,,,,,0.7000000000000002,4009,ok,accepted,0,ok,0.3396135,0.0008299000037368387,0.31173929999931715,0.026710800011642277,0,0.001829200000003084,0.007951300000001993,0,256.4532932008864,23.250461850371607,,3.908612668836014,0,0,0,,,,,,,,,,,,0,17.79983453310614,-0.03871940009643844,22.65818898290289,0.0042345021612486995,18.335366590782765,0.023269685726349167,22.067349697463907,0.001869001667431721,17.160488989638726,-0.05462651592603605,30.828289141538754,-0.14858216735292942,30.476478153441217,0.3594721062209583,30.182166828151004,0.4798883285696158,29.63869453231245,-0.061569305825904294
4024,3.75,empty_shadow,DREAM,0,0,4023,3.7,1,1,287.84548502585915,-201.34435249352504,,,,,,,0,0,29.23131924426808,0.07863367506949714,0.5106227397918701,0.0,0.005289566703140736,0.006462424993515015,27.579811163012955,0.008338308735494614,0,0,23.87214403440029,14.910793431678727,23.865080534653934,occluder,,,,,0.75,4009,ok,accepted,0,ok,0.3396135,0.0008299000037368387,0.31173929999931715,0.026710800011642277,1,0.001189899999999966,0.01052649999999744,0,257.34330789643775,23.821965585384532,,3.9056475064749634,0,0,0,,,,,,,,,,,,0,17.798610003514575,-0.024490593303409455,22.657370738902003,-0.01636487706687962,18.336585380678383,0.024375797237098294,22.066373124032207,-0.019531465979572456,17.16887560002411,0.167732207830317,30.8207246061389,-0.15129070466567257,30.4925804491392,0.32204853621330976,30.203925831902904,0.4351801098070797,29.63554549811605,-0.06298068365250646
4025,3.8,empty_shadow,DREAM,0,0,4024,3.75,1,1,289.3070960970788,-201.35050671138225,,,,,,,0,0,29.233571103890135,0.04503719244112858,0.4984874427318573,0.0,0.005289566703140736,0.006462424993515015,27.579811163012955,0.008337024245999724,0,0,24.442361102105625,14.85188396306511,24.433295194587743,occluder,,,,,0.7999999999999998,4009,ok,accepted,0,ok,0.3396135,0.0008299000037368387,0.31173929999931715,0.026710800011642277,0,0.001189899999999966,0.013816699999999571,0,258.23313949173644,24.39374506130548,,3.899493288617748,0,0,0,,,,,,,,,,,,0,17.798083563875174,-0.010528793165177333,22.655608356401675,-0.03524764756725166,18.337851848804405,0.025329360443371394,22.06440091329149,-0.03944421159711918,17.16192712698439,-0.1389694607094131,30.813051346155838,-0.1534651984137937,30.506769624331408,0.28378541162727483,30.22338076071449,0.38909860741239105,29.632352597790778,-0.0638580065719642
4026,3.85,empty_shadow,DREAM,0,0,4025,3.8000000000000003,1,1,290.7688302640654,-201.35966686886678,,,,,,,0,0,29.234084296473924,0.010263851675773594,0.48483285307884216,0.0,0.001824103994295001,0.002228563418611884,27.470382947272576,0.008336731555920731,0,0,25.012558237419377,14.794938687143613,25.001728506171716,occluder,,,,,0.8500000000000001,4009,ok,accepted,0,ok,0.3396135,0.0008299000037368387,0.31173929999931715,0.026710800011642277,1,0.0011708000000041352,0.011291100000001109,0,259.1230015994061,24.965617120622426,,3.890333131133218,0,0,0,,,,,,,,,,,,0,17.798241861890027,0.0031659609343328452,22.652964777739786,-0.052871571368916806,18.33915645443253,0.026092110806707553,22.061511268420542,-0.05779289420076768,17.1663693416883,0.08884429410083713,30.805299878674074,-0.1550293499211137,30.51900751845565,0.2447591691421253,30.24046676511333,0.34172011473910563,29.629146348261035,-0.06412499081977666
4027,3.9,empty_shadow,DREAM,0,0,4026,3.85,1,1,292.2304128478104,-201.37177202452287,,,,,,,0,0,29.232406314294234,-0.033559643593790156,0.46967050433158875,0.0,0.001824103994295001,0.002228563418611884,27.470382947272576,0.008337688619806969,0,0,25.25590610481261,14.740940344701977,25.241183026671273,follower_1,,,,,0.8999999999999999,4009,ok,accepted,0,ok,0.3396135,0.0008299000037368387,0.31173929999931715,0.026710800011642277,0,0.0011708000000041352,0.008404500000004589,0,260.0129247474338,25.537276556339748,,3.878227975477131,0,0,0,,,,,,,,,,,,0,17.799067732534922,0.01651741440061306,22.64952011078615,-0.0688933379106759,18.340482045353337,0.026511818124529053,22.05778811200603,-0.07446312491371619,17.155592820934174,-0.2155304150632247,30.79750835159578,-0.15583054173138933,30.52928458346111,0.20554207645279673,30.255149513125122,0.29365498212688296,29.625955360606312,-0.06381975263440023
4028,3.95,empty_shadow,DREAM,0,0,4027,3.9000000000000004,1,1,293.69184369215196,-201.38636441470533,,,,,,,0,0,29.228469406560905,-0.0787381546665955,0.45309215784072876,0.0,-0.002063955646008253,-0.002521597547456622,27.390963989771492,0.008339934744915456,0,0,25.177694506954325,14.690361242982966,25.161773929612316,follower_1,,,,,0.9500000000000002,4009,ok,accepted,1,ok,0.4644835,0.0008273000130429864,0.42992599998251535,0.033363399998052046,1,0.001190699999995104,0.009122499999996592,0,260.9029394429852,26.108692705129897,,3.8636355852946735,0,0,0,,,,,,,,,,,,0,17.80054591617622,0.02956367518765502,22.645354465018986,-0.08331291458497765,18.34182289562258,0.02681700647484729,22.05332681163295,-0.08922600403795171,17.15655603085004,0.019264198359252263,30.789720633534316,-0.15575436004161977,30.537585552590183,0.16601977315228203,30.267413746193753,0.24528467830829512,29.622798706509418,-0.06313308174738062
4029,4.0,empty_shadow,DREAM,0,0,4028,3.95,1,1,295.15293960314045,-201.40318470247982,,,,,,,0,0,29.22189286265472,-0.1315308781236979,0.4351905584335327,0.0,-0.002063955646008253,-0.002521597547456622,27.390963989771492,0.008343688887328135,0,0,25.099544699030105,14.644075721164011,25.08295420852711,follower_1,,,,,1.0,4009,ok,accepted,0,ok,0.4644835,0.0008273000130429864,0.42992599998251535,0.033363399998052046,0,0.001190699999995104,0.011940799999997864,0,261.79298465611294,26.679743402990653,,3.8468152975201804,0,0,0,,,,,,,,,,,,0,17.802657340427302,0.04222848788635871,22.640574651953916,-0.09559626086893812,18.34316565544521,0.026855198362573662,22.04819984665566,-0.10253929615629472,17.142411131794944,-0.2828979810792979,30.781953891026184,-0.1553348464729365,30.543929497402367,0.1268790347272686,30.277261371811637,0.19695252460636903,29.61968592376924,-0.06225565313533966
4030,4.05,empty_shadow,DREAM,0,0,4029,4.0,1,1,296.61363928535377,-201.42146996925916,,,,,,,0,0,29.21256038357484,-0.18664958159760658,0.4168877899646759,0.0,-0.006829402409493923,-0.008343689143657684,27.855157025089202,0.008349020574869335,1,0,25.021364878452275,14.602701367740945,25.00479967548995,follower_1,,,,,0.6499999999999995,4017,ok,accepted,0,ok,0.4644835,0.0008273000130429864,0.42992599998251535,0.033363399998052046,1,0.001262199999999325,0.011623999999997636,0,262.68321297990417,27.250214761412735,,3.8285300307408363,0,0,0,,,,,,,,,,,,0,17.80538102446979,0.05447368405085555,22.635247428089873,-0.10654447715702349,18.344498878392685,0.02666446149617793,22.04251021321488,-0.11379266529373017,17.140416044306118,-0.039901749762645176,30.774227197523768,-0.15453386279139092,30.548337398906902,0.08815804201587539,30.284713370910403,0.14903999007107563,29.616641806297086,-0.060882348367183904
4031,4.1,empty_shadow,DREAM,0,0,4030,4.05,1,1,298.07375944593974,-201.4406709611338,,,,,,,0,0,29.200263610006896,-0.2459354713588624,0.3983612060546875,0.0,-0.006829402409493923,-0.008343689143657684,27.855157025089202,0.00835605358362848,1,0,24.943002264739675,14.56676398713328,24.927160489275607,follower_1,,,,,0.6999999999999993,4017,ok,accepted,0,ok,0.4644835,0.0008273000130429864,0.42992599998251535,0.033363399998052046,0,0.001262199999999325,0.011366100000003598,0,263.57356336879536,27.819984533107515,,3.8093290388661956,0,0,0,,,,,,,,,,,,0,17.808627322955456,0.06492597307672321,22.629468161802897,-0.11558532571430362,18.345820660818706,0.026435650589293678,22.03633802163423,-0.12344382844567474,17.12341966008253,-0.33992768447679356,30.766569164727326,-0.15316064475526503,30.5508588518756,0.05042905913658171,30.28980216843036,0.10177595509634302,29.613683521437217,-0.059165694232891794
4032,4.15,empty_shadow,DREAM,0,0,4031,4.1000000000000005,1,1,299.53314733564963,-201.46031470772414,,,,,,,0,0,29.184911612271524,-0.3070399547074487,0.37955737113952637,0.0,-0.006839522626250982,-0.00835605338215828,27.740316706679803,0.008364846474617747,1,0,24.86430410343813,14.536835932987792,24.849706446580672,follower_1,,,,,0.75,4017,ok,accepted,0,ok,0.4644835,0.0008273000130429864,0.42992599998251535,0.033363399998052046,1,0.0011966000000001031,0.010479199999998912,0,264.4641273859264,28.388808405686348,,3.7896852922758626,0,0,0,,,,,,,,,,,,0,17.8123332934001,0.07411941225856439,22.623318869153177,-0.12298585300549852,18.347119557318415,0.025977930997660416,22.029778638381337,-0.13118766195024703,17.119028943552628,-0.08781433060224056,30.75900840290737,-0.15121522078971364,30.55153773225361,0.013577691948745413,30.29258117010956,0.05558003574821969,29.610824418808583,-0.057182050590769494
4033,4.2,empty_shadow,DREAM,0,0,4032,4.15,1,1,300.99171120915497,-201.4798366651001,,,,,,,0,0,29.166431454163963,-0.3696031621512219,0.36066681146621704,0.0,-0.006839522626250982,-0.00835605338215828,27.740316706679803,0.008375449446858618,1,0,24.785148152464387,14.513356583636474,24.772184147377764,follower_1,,,,,0.7999999999999998,4017,ok,accepted,0,ok,0.4644835,0.0008273000130429864,0.42992599998251535,0.033363399998052046,0,0.0011966000000001031,0.009075100000004,0,265.3549050208865,28.956594644231586,,3.7701633348999053,0,0,0,,,,,,,,,,,,0,17.81646269449787,0.08258802589173808,22.616885380255027,-0.12866977796445989,18.348389846564476,0.02540578582960282,22.02291598689648,-0.13725302669520253,17.099739925238918,-0.3857803662663342,30.751548726933038,-0.1491934991384404,30.550436992233394,-0.022014557037820827,30.293113318376186,0.010642965879846204,29.608077851203916,-0.05493134819346548
4034,4.25,empty_shadow,DREAM,0,0,4033,4.2,1,1,302.4492067176294,-201.49862656502088,,,,,,,0,0,29.144776539815858,-0.4330982869620925,0.3417007029056549,0.0,-0.006855398416519165,-0.008375449106097221,27.655517695363848,0.008387899603493454,1,0,24.70525955062115,14.49665837906213,24.694222048889458,follower_1,,,,,0.8499999999999996,4017,ok,accepted,0,ok,0.4644835,0.0008273000130429864,0.42992599998251535,0.033363399998052046,1,0.0012998000000052912,0.012016600000002597,0,266.2458352437284,29.523159929864164,,3.751373434979115,0,0,0,,,,,,,,,,,,0,17.82099264011436,0.09059891583858469,22.61025161937573,-0.13267521753521452,18.349623899752654,0.024681063986950347,22.01583399048798,-0.14163992527077326,17.093529597343288,-0.12420655791012278,30.74419967595007,-0.1469809958954777,30.547623400071558,-0.05627139078161401,30.291472999706418,-0.03280637357113455,29.605453353622995,-0.052489948986746464
4035,4.3,empty_shadow,DREAM,0,0,4034,4.25,1,1,303.9055421261554,-201.51615038113275,,,,,,,0,0,29.11992305943777,-0.49706960756175533,0.32277268171310425,0.0,-0.006855398416519165,-0.008375449106097221,27.655517695363848,0.008402222969193615,1,0,24.62460757211656,14.486995261556606,24.615718427136425,follower_1,,,,,0.8999999999999995,4017,ok,accepted,0,ok,0.4644835,0.0008273000130429864,0.42992599998251535,0.033363399998052046,0,0.0012998000000052912,0.009659399999996765,0,267.137009607181,30.088320974937517,,3.7338496188672536,0,0,0,,,,,,,,,,,,0,17.825904056681427,0.09822833439715585,22.60349960188081,-0.1350403497554813,18.350821715703894,0.023956318883567293,22.00860894237316,-0.14450095930817208,17.07251824343429,-0.42022707817916943,30.736980325220813,-0.1443869889910462,30.543182797141924,-0.08881136801719404,30.28774795198781,-0.07450095445482449,29.602960464103003,-0.04985778605412559
4036,4.35,empty_shadow,DREAM,0,0,4035,4.3,1,1,305.3605953384004,-201.5323318611379,,,,,,,0,0,29.09203058742101,-0.5578494403351897,0.30485856533050537,0.0,-0.0026866206899285316,-0.0032823262736201286,28.24581369472112,0.008418341476223454,0,0,24.543009095876258,14.484221997171183,24.536163108728633,follower_1,,,,,0.4499999999999993,4027,ok,accepted,1,ok,0.3569498,0.0008230000094044954,0.31991049999487586,0.03587819999665953,1,0.0014737999999994145,0.012563600000000008,0,268.0284891463972,30.651894647966344,,3.717668138862109,0,0,0,,,,,,,,,,,,0,17.831181685361777,0.10555257617755943,22.596697993174786,-0.1360321739139687,18.351973758055223,0.02304084639377636,22.001326674841387,-0.14564534796711548,17.065071953727134,-0.14892579414263957,30.72990402630451,-0.14152595176850555,30.53720484346782,-0.11955814742671211,30.282037356873055,-0.11421190161396634,29.600610625113028,-0.046996776877695434
4037,4.4,empty_shadow,DREAM,0,0,4036,4.3500000000000005,1,1,306.8141526480439,-201.54692693730098,,,,,,,0,0,29.061118099545734,-0.6182497575055379,0.28793761134147644,0.0,-0.0026866206899285316,-0.0032823262736201286,28.24581369472112,0.008436259433994205,0,0,24.460311445526955,14.488380426882811,24.455268130467683,follower_1,,,,,0.5,4027,ok,accepted,0,ok,0.3569498,0.0008230000094044954,0.31991049999487586,0.03587819999665953,0,0.0014737999999994145,0.010929999999994777,0,268.9202128314295,31.213728272577498,,3.703073062699019,0,0,0,,,,,,,,,,,,0,17.83680645261024,0.11249534703996568,22.58992308731213,-0.13549811699598602,18.353076213458216,0.022049107760674532,21.994061572766775,-0.14530203866127167,17.042912375964864,-0.4431915552450814,30.722963151004315,-0.1388174803468029,30.52978873157143,-0.1483210899374562,30.27445184072053,-0.15171032104830404,29.598407652640667,-0.044059445085530925
4038,4.45,empty_shadow,DREAM,0,0,4037,4.4,1,1,308.26612249194596,-201.55990512327799,,,,,,,0,0,29.027394170244776,-0.6744785860191627,0.27183929085731506,0.0,-4.550687299342826e-05,-5.5597134632989764e-05,28.07468461575874,0.008455872323060606,0,0,24.376362022776135,14.49927887876873,24.372767550748407,follower_1,,,,,0.5499999999999998,4027,ok,accepted,0,ok,0.3569498,0.0008230000094044954,0.31991049999487586,0.03587819999665953,1,0.001366199999999651,0.014433200000006252,0,269.81224168701993,31.773669260889164,,3.6900948767220143,0,0,0,,,,,,,,,,,,0,17.842757376708906,0.1190184839411584,22.58324354815517,-0.13359078278134007,18.354127170605004,0.021019142914870222,21.98688039725827,-0.1436235081904996,17.034792791315606,-0.16239169298470224,30.71615579314657,-0.13614713420105232,30.521029840598537,-0.1751764861310223,30.26510012216475,-0.18703436740086,29.596355359918903,-0.041045851512018054
4039,4.5,empty_shadow,DREAM,0,0,4038,4.45,1,1,309.71623020671416,-201.57125125397778,,,,,,,0,0,28.99098619019065,-0.7281596010825098,0.2565286159515381,0.0,-4.550687299342826e-05,-5.5597134632989764e-05,28.07468461575874,0.008477123052599376,0,0,24.29082512907854,14.516789132355965,24.28831137890093,follower_1,,,,,0.5999999999999996,4027,ok,accepted,0,ok,0.3569498,0.0008230000094044954,0.31991049999487586,0.03587819999665953,0,0.001366199999999651,0.0125881000000021,0,270.7045452007975,32.331473461879796,,3.6787487460222223,0,0,0,,,,,,,,,,,,0,17.84901729248121,0.12519831682109453,22.576722319125494,-0.13042458022814693,18.355128539632524,0.02002738090370678,21.97985372049176,-0.14053353427102758,17.01203812005117,-0.45509342528959673,30.709478138233415,-0.13355307881835102,30.511046436895086,-0.1996666067697208,30.25411762271654,-0.21964998330058372,29.594446119352014,-0.038184807062260295
4040,4.55,empty_shadow,DREAM,0,0,4039,4.5,1,1,311.16462844269483,-201.5811483828045,,,,,,,0,0,28.952098224421793,-0.7777593153771534,0.24184457957744598,0.0,0.002242172136902809,0.002739330055192113,27.931242290153445,0.00849990990533496,0,0,24.20397548508599,14.540761660742483,24.2021162100722,follower_1,,,,,0.6499999999999995,4027,ok,accepted,0,ok,0.3569498,0.0008230000094044954,0.31991049999487586,0.03587819999665953,1,0.001335000000004527,0.009711699999996881,0,271.59721492549124,32.887201973166725,,3.668851617195486,0,0,0,,,,,,,,,,,,0,17.855563311655246,0.1309203843137271,22.570420434641246,-0.12603768941656943,18.356070780488512,0.018844817764508213,21.973042579059992,-0.1362228288449235,17.003781206507448,-0.16513827087285488,30.702935908905026,-0.13084457324567209,30.49994724670768,-0.2219822540115663,30.2416245047908,-0.24986235094462858,29.59267229963218,-0.03547639158206343
4041,4.6,empty_shadow,DREAM,0,0,4040,4.55,1,1,312.6108900319,-201.58982553733173,,,,,,,0,0,28.9108603940398,-0.8247566076398272,0.22784973680973053,0.0,0.002242172136902809,0.002739330055192113,27.931242290153445,0.008524174203013678,0,0,24.115263852505038,14.571173113058368,24.113648326899444,follower_1,,,,,0.6999999999999993,4027,ok,accepted,0,ok,0.3569498,0.0008230000094044954,0.31991049999487586,0.03587819999665953,0,0.001335000000004527,0.014448500000000308,0,272.4901898259485,33.44048866191463,,3.660174462668266,0,0,0,,,,,,,,,,,,0,17.86238399007309,0.13641356869089488,22.564383671624597,-0.12073525988473725,18.35695771070067,0.01773860534725766,21.966496562521254,-0.1309203316341216,16.98096550016872,-0.456314126769208,30.69651956871637,-0.12832679284076243,30.48785053275828,-0.2419327071227885,30.227758097612554,-0.2773281339596014,29.5910319948087,-0.032806092465545625
4042,4.65,empty_shadow,DREAM,0,0,4041,4.6000000000000005,1,1,314.055076139617,-201.59766416644223,,,,,,,0,0,28.867424635282504,-0.868715175145951,0.21446847915649414,0.0,0.003914326895028353,0.004782252479344606,27.815492519952446,0.008549844279434076,0,0,24.02481243177577,14.608024502703842,24.023026567749643,follower_1,,,,,0.75,4027,ok,accepted,0,ok,0.3569498,0.0008230000094044954,0.31991049999487586,0.03587819999665953,1,0.0011718999999956736,0.011224599999998475,0,273.383500424951,33.99136417062908,,3.652335833557771,0,0,0,,,,,,,,,,,,0,17.869458346839743,0.14148713521127024,22.55866734380103,-0.11432655607911471,18.35778551355133,0.016556058360473053,21.960276707901883,-0.12439709359477853,16.97306716820214,-0.15796663933532998,30.690213859711896,-0.12611417339931305,30.474874555845147,-0.2595180021859765,30.212648100641992,-0.3021999278998735,29.589519481535756,-0.030250262804399672
4043,4.7,empty_shadow,DREAM,0,0,4042,4.65,1,1,315.4970037592901,-201.60495424957597,,,,,,,0,0,28.82192343120179,-0.9100240816142957,0.20183710753917694,0.0,0.003914326895028353,0.004782252479344606,27.815492519952446,0.008576859563593244,0,0,23.932438216342533,14.651271047689582,23.930108575590886,follower_1,,,,,0.7999999999999998,4027,ok,accepted,0,ok,0.3569498,0.0008230000094044954,0.31991049999487586,0.03587819999665953,0,0.0011718999999956736,0.008308700000000613,0,274.2771772296643,34.53961498558897,,3.645045750424032,0,0,0,,,,,,,,,,,,0,17.876771122258482,0.14625550823021205,22.55330578235239,-0.10723122852658598,18.358556097715844,0.015411684989477703,21.954417346898286,-0.11718722041395321,16.950672984976407,-0.4478836645517511,30.684001615256687,-0.12424488522435011,30.461133759644785,-0.27481447178436397,30.196439471836936,-0.3241725630682447,29.588138575808834,-0.027618110753518936
4044,4.75,empty_shadow,DREAM,0,0,4043,4.7,1,1,316.936642519094,-201.61212304321265,,,,,,,0,0,28.77448064870586,-0.9488556499185563,0.18993405997753143,0.0,0.004809388890862465,0.0058757769875228405,27.728782751557745,0.00860516419015631,0,0,23.838049799227093,14.700978447754965,23.834842327139956,follower_1,,,,,0.8499999999999996,4027,ok,accepted,0,ok,0.3569498,0.0008230000094044954,0.31991049999487586,0.03587819999665953,1,0.0019111000000009426,0.014680000000005577,0,275.1712202452938,35.08521072976333,,3.637876956787352,0,0,0,,,,,,,,,,,,0,17.88430705932912,0.15071874046212266,22.548344764503867,-0.0992203565702982,18.359271370155298,0.01430545076391192,21.94896616197316,-0.10902369668099396,16.943577645887856,-0.14190678174391277,30.677871391473893,-0.12260447387990105,30.446752124388716,-0.2876313841263605,30.179273355154,-0.343322319119442,29.586872110218557,-0.02532930929094795
4045,4.8,empty_shadow,DREAM,0,0,4044,4.75,1,1,318.3738399664869,-201.6195673278987,,,,,,,0,0,28.725230510696502,-0.9850027601871858,0.17891807854175568,0.0,0.004809388890862465,0.0058757769875228405,27.728782751557745,0.008634695566024315,0,0,23.74152524546423,14.75710180153476,23.737162950892976,follower_1,,,,,0.8999999999999995,4027,ok,accepted,1,ok,0.4764089,0.0008239999879151583,0.45537949999561533,0.019878199993399903,0,0.0019111000000009426,0.0120804000000021,0,276.06569050699215,35.62793791545789,,3.630432672101307,0,0,0,,,,,,,,,,,,0,17.8920432687879,0.15472418792017947,22.543807177646784,-0.0907517367067444,18.35993323393609,0.013237277380629757,21.943944131108434,-0.10044061281859094,16.922049399382004,-0.43056493008869146,30.67181555939394,-0.12111664161983336,30.43185553528962,-0.2979306234623623,30.161294709548176,-0.359572895888128,29.585721993343938,-0.023002333928488664
4046,4.8500000000000005,empty_shadow,DREAM,0,0,4045,4.800000000000001,1,1,319.80847421855754,-201.6278364616515,,,,,,,0,0,28.674255236341764,-1.0195054870947473,0.1690129041671753,0.0,0.007067594677209854,0.008634695783257484,27.811463425841488,0.008665421748677897,1,0,23.64277318971888,14.81976355879139,23.636902866483567,follower_1,,,,,0.6500000000000004,4033,ok,accepted,0,ok,0.4764089,0.0008239999879151583,0.45537949999561533,0.019878199993399903,1,0.0012365999999985888,0.011064300000001026,0,276.9605269796067,36.16773569491397,,3.6221635383485022,0,0,0,,,,,,,,,,,,0,17.899958769762495,0.1583100179697253,22.539725447547305,-0.08163460160865119,18.36054740744035,0.012283471119601862,21.939393216205254,-0.09101829074803303,16.916144246288464,-0.11810306183246512,30.66581695123006,-0.11997216341146852,30.416560339096062,-0.3059029427620367,30.142642770258508,-0.37303876881565656,29.58467868725193,-0.020866119467023235
4047,4.9,empty_shadow,DREAM,0,0,4046,4.8500000000000005,1,1,321.2405454314674,-201.63738820811628,,,,,,,0,0,28.621747658476252,-1.0501515573102438,0.1604069024324417,0.0,0.007067594677209854,0.008634695783257484,27.811463425841488,0.008697243337353779,1,0,23.541702235423642,14.888755382115471,23.533981501965687,follower_1,,,,,0.7000000000000002,4033,ok,accepted,0,ok,0.4764089,0.0008239999879151583,0.45537949999561533,0.019878199993399903,0,0.0012365999999985888,0.012912099999994098,0,277.8557601859192,36.70457370151132,,3.6126117918837224,0,0,0,,,,,,,,,,,,0,17.908045932837105,0.1617432597354782,22.536112924823907,-0.07225045405518414,18.36111388860168,0.011329623054227946,21.93532486095204,-0.08136709539286549,16.895851961802986,-0.40584568966441387,30.659848864509808,-0.1193617339099438,30.400980976134658,-0.3115864682648035,30.123460588723198,-0.3836436128675848,29.58373265636531,-0.018920614384145336
4048,4.95,empty_shadow,DREAM,0,0,4047,4.9,1,1,322.66993164422445,-201.64854304348785,,,,,,,0,0,28.56787739250541,-1.0774053194168687,0.1529659777879715,0.0,0.006961406674236059,0.008504962548613548,27.69067512430706,0.008730073272034506,1,0,23.43828197431536,14.96393437898422,23.42847287934745,follower_1,,,,,0.75,4033,ok,accepted,0,ok,0.4764089,0.0008239999879151583,0.45537949999561533,0.019878199993399903,1,0.0011843999999996413,0.012012999999996055,0,278.7514206330952,37.23829946709236,,3.601456956512152,0,0,0,,,,,,,,,,,,0,17.9162837762845,0.16475686710602314,22.53298677640047,-0.06252296809981012,18.36163077261111,0.01033767901801058,21.93175432356631,-0.07141073663956757,16.891455520762847,-0.08792882072525222,30.653892225363897,-0.11913278117742236,30.38523760741475,-0.3148667697868879,30.103885493583977,-0.391501884529256,29.582872452848267,-0.017204068473680584
4049,5.0,empty_shadow,DREAM,0,0,4048,4.95,1,1,324.09657194139976,-201.66165194071576,,,,,,,0,0,28.512811843689132,-1.1013109763255358,0.14676660299301147,0.0,0.006961406674236059,0.008504962548613548,27.69067512430706,0.008763824126968866,1,0,23.332420973388878,15.045150387997833,23.320359498860547,follower_1,,,,,0.7999999999999998,4033,ok,accepted,0,ok,0.4764089,0.0008239999879151583,0.45537949999561533,0.019878199993399903,0,0.0011843999999996413,0.00934339999999878,0,279.6474778087637,37.76888258859918,,3.588348059284243,0,0,0,,,,,,,,,,,,0,17.92466085739115,0.16754162015570415,22.530362260979103,-0.05249030808721939,18.362105687594813,0.009498297901516723,21.928698768671204,-0.06111108710920731,16.87271009551211,-0.3749085049450191,30.647927959878267,-0.11928530635671249,30.369433226927885,-0.3160871741635174,30.084056721556642,-0.3965754217943316,29.582090447384942,-0.015640108314366827
4050,5.05,empty_shadow,DREAM,0,0,4049,5.0,1,1,325.5203748119075,-201.67683700133773,,,,,,,0,0,28.45683938222899,-1.1194492292028713,0.14177872240543365,0.0,0.004006024915724993,0.004894282668828964,27.600012125717516,0.008798331819995956,0,0,23.223997203981966,15.131950857989374,23.20975884447982,follower_1,,,,,0.8499999999999996,4033,ok,accepted,0,ok,0.4764089,0.0008239999879151583,0.45537949999561533,0.019878199993399903,1,0.001497600000000432,0.014746899999998675,0,280.54396223050117,38.296201037369485,,3.5731629986622693,0,0,0,,,,,,,,,,,,0,17.93315810164714,0.16994488281290254,22.528239377826093,-0.042457662682083216,18.362538635919773,0.0086589651713954,21.926162011973616,-0.05073512356188672,16.87007223035381,-0.052757303094766034,30.64193890191001,-0.11978115410773406,30.353686087852896,-0.31494249181720385,30.064105879246682,-0.39901682739897626,29.581380917932243,-0.014190588640827461
4051,5.1000000000000005,empty_shadow,DREAM,0,0,4050,5.050000000000001,1,1,326.94143186573604,-201.69426604079138,,,,,,,0,0,28.400041776736344,-1.1359521098528802,0.13796177506446838,0.0,0.004006024915724993,0.004894282668828964,27.600012125717516,0.00883355697326018,0,0,23.11313279365929,15.224141873488916,23.09688796641685,follower_1,,,,,0.9000000000000004,4033,ok,accepted,0,ok,0.4764089,0.0008239999879151583,0.45537949999561533,0.019878199993399903,0,0.001497600000000432,0.0096942999999996,0,281.4408738983075,38.8203464233917,,3.5557339592086237,0,0,0,,,,,,,,,,,,0,17.941756436527395,0.17196669535386513,22.526614313049127,-0.03250129520096038,18.36293343900029,0.007896061739562388,21.924145958470724,-0.04032106196267171,16.85311017640233,-0.33924107895747313,30.635909791854647,-0.12058219405315239,30.33809727886184,-0.31177601300576563,30.044164573603577,-0.398826094198672,29.580720975524013,-0.013198848126790366
4052,5.15,empty_shadow,DREAM,0,0,4051,5.1000000000000005,1,1,328.35955992455166,-201.7137254985069,,,,,,,0,0,28.342734275639874,-1.1461500219294152,0.13533827662467957,0.0,0.00020358210895210505,0.00024872247013263404,27.53940255953168,0.00886931318040905,0,0,22.99967508686899,15.32122458219426,22.981792283425683,follower_1,,,,,0.9500000000000002,4033,ok,accepted,1,ok,0.3504602,0.0008191000088118017,0.3163185000012163,0.03299830001196824,1,0.0016029999999958022,0.012338299999996138,0,282.33821281738807,39.34113556312673,,3.5362745014930965,0,0,0,,,,,,,,,,,,0,17.950444416773863,0.17375960230308937,22.525481343803225,-0.022659384543024387,18.36329391205656,0.007209462570129509,21.922639165377458,-0.03013585545866345,16.852408269550292,-0.014038136934174026,30.629802482410486,-0.12214618012682792,30.322764072395177,-0.3066640512706943,30.02436631931268,-0.3959650671973065,29.580108711018013,-0.012245290992225115
4053,5.2,empty_shadow,DREAM,0,0,4052,5.15,1,1,329.77482001830185,-201.73520009487459,,,,,,,0,0,28.285007474394792,-1.1545360249016312,0.13388468325138092,0.0,0.00020358210895210505,0.00024872247013263404,27.53940255953168,0.008905550929593432,0,0,22.883593550418595,15.422862215881336,22.864485431986463,follower_1,,,,,1.0,4033,ok,accepted,0,ok,0.3504602,0.0008191000088118017,0.3163185000012163,0.03299830001196824,0,0.0016029999999958022,0.009753000000003453,0,283.2360400124848,39.85856846178018,,3.5147999051254146,0,0,0,,,,,,,,,,,,0,17.959208691221594,0.175285486831074,22.524832840054188,-0.012970074511611706,18.363621961044764,0.006560982148297611,21.921639723275998,-0.019988838222117045,16.837393617325635,-0.3002930443715662,30.623603622260617,-0.12397719252211573,30.307774205049224,-0.2997973244897614,30.004825556833772,-0.3908152314260412,29.579532680635193,-0.011520607656531366
4054,5.25,empty_shadow,DREAM,0,0,4053,5.2,1,1,331.1870897955901,-201.75786589697609,,,,,,,0,0,28.227132577869053,-1.1574979305147792,0.1343553215265274,0.0,-0.00728929229080677,-0.008905550464987755,27.99107747283828,0.008942105033573074,1,0,22.764887908422537,15.528745265593242,22.74533341182755,follower_1,,,,,0.5499999999999998,4043,ok,accepted,0,ok,0.3504602,0.0008191000088118017,0.3163185000012163,0.03299830001196824,1,0.0012481999999991444,0.013459099999998614,0,284.1342334184978,40.37264483305546,,3.492134103023915,0,0,0,,,,,,,,,,,,0,17.968032094291814,0.17646805855128875,22.524655451116807,-0.0035477782356979747,18.363921402754933,0.005988836608200198,21.92112855951655,-0.010223273159709131,16.838732573321362,0.026779120025208852,30.617286507777468,-0.1263422778834294,30.293223043196015,-0.2910232377370641,29.985660542066487,-0.38330027752761364,29.578977625940183,-0.011101092337160013
4055,5.3,empty_shadow,DREAM,0,0,4054,5.25,1,1,332.5964301302022,-201.78124986155646,,,,,,,0,0,28.169304585287513,-1.1565598516308029,0.13681188225746155,0.0,-0.00728929229080677,-0.008905550464987755,27.99107747283828,0.008978854751164712,1,0,22.64358851709008,15.638088133776408,22.624442346683296,follower_1,,,,,0.5999999999999996,4043,ok,accepted,0,ok,0.3504602,0.0008191000088118017,0.3163185000012163,0.03299830001196824,0,0.0012481999999991444,0.01201030000000003,0,285.0329151057324,40.883303480432915,,3.4687501384435393,0,0,0,,,,,,,,,,,,0,17.976906996809188,0.17749804785874182,22.524937734215616,0.005645662435721056,18.36419795689812,0.005531085299185063,21.921096137355317,-0.0006484424928793281,16.8257606921005,-0.2594376243053375,30.610832065697934,-0.12908882848883269,30.279186880332247,-0.2807232509979392,29.966974271419886,-0.3737253957889566,29.578441640275617,-0.010719709095753135
4056,5.3500000000000005,empty_shadow,DREAM,0,0,4055,5.300000000000001,1,1,334.00293249158074,-201.8051078167726,,,,,,,0,0,28.111755133305763,-1.150989039634993,0.14104734361171722,0.0,-0.0073492927476763725,-0.00897885486483574,27.91475155698467,0.009015652817369305,1,0,22.51972581071132,15.75060082034992,22.501622382091178,follower_1,,,,,0.6500000000000004,4043,ok,accepted,0,ok,0.3504602,0.0008191000088118017,0.3163185000012163,0.03299830001196824,1,0.0014754999999979646,0.0109636999999978,0,285.9320240390358,41.39069690850806,,3.4448921832274095,0,0,0,,,,,,,,,,,,0,17.985804787165037,0.17795580412277,22.525654892187294,0.01434316001609131,18.364451626970634,0.0050734024337523356,21.921517661327837,0.008430479433193201,16.829171029146483,0.06820674104351601,30.60422694390576,-0.13210242185849244,30.265743917208578,-0.268859223251937,29.948873556394503,-0.36201428407750647,29.577917096342194,-0.010490871526704281
4057,5.4,empty_shadow,DREAM,0,0,4056,5.3500000000000005,1,1,335.40662718908675,-201.82882940068666,,,,,,,0,0,28.054712725198033,-1.1408481621545974,0.14718589186668396,0.0,-0.0073492927476763725,-0.00897885486483574,27.91475155698467,0.009052350345683692,1,0,22.393421651376116,15.865892120153884,22.376834916299444,follower_1,,,,,0.7000000000000002,4043,ok,accepted,0,ok,0.3504602,0.0008191000088118017,0.3163185000012163,0.03299830001196824,0,0.0014754999999979646,0.008359900000002085,0,286.8315907359845,41.89482490906539,,3.421170599313342,0,0,0,,,,,,,,,,,,0,17.99472355940802,0.17837544234633226,22.52678785239618,0.022659204779522008,18.36468813256511,0.0047301123389517676,21.922375965568847,0.01716608459171847,16.8182590847895,-0.21823888701027194,30.597442532033693,-0.135688222749822,30.252959003803927,-0.2556981747923204,29.931451854826367,-0.3484340171195639,29.577384920957766,-0.01064349748572635
4058,5.45,empty_shadow,DREAM,0,0,4057,5.4,1,1,336.8074224982132,-201.85191110452132,,,,,,,0,0,27.998401193707675,-1.1262306298071678,0.155183807015419,0.0,-0.00740944966673851,-0.00905235018581152,27.868399676595068,0.009088797875734437,1,0,22.26452327942488,15.983328778162676,22.249811870876467,follower_1,,,,,0.75,4043,ok,accepted,0,ok,0.3504602,0.0008191000088118017,0.3163185000012163,0.03299830001196824,1,0.0012021000000004278,0.00924450000000121,0,287.7315846790021,42.395626275174266,,3.398088895478679,0,0,0,,,,,,,,,,,,0,18.003649959728325,0.17852800365341617,22.528308003890373,0.030403030587362365,18.36491129046981,0.0044631581839244235,21.92364244010525,0.025329490706660386,16.823700746763635,0.1088332397041674,30.590452127041534,-0.13980808465105754,30.240891267978988,-0.24135455391259397,29.914793090484476,-0.3331752744968953,29.57684130021014,-0.010872402229298543
4059,5.5,empty_shadow,DREAM,0,0,4058,5.45,1,1,338.2055318546006,-201.87380353902677,,,,,,,0,0,27.94304606702344,-1.1071025336846674,0.16507302224636078,0.0,-0.00740944966673851,-0.00905235018581152,27.868399676595068,0.009124841332788588,1,0,22.13333568322716,16.102213849195582,22.120772160123973,follower_1,,,,,0.7999999999999998,4043,ok,accepted,0,ok,0.3504602,0.0008191000088118017,0.3163185000012163,0.03299830001196824,0,0.0012021000000004278,0.011569899999997801,0,288.6320058680886,42.89331444247517,,3.376196460973233,0,0,0,,,,,,,,,,,,0,18.012568732719885,0.178375457343296,22.530190551236913,0.037650947716101967,18.365121100721403,0.004196204942572606,21.925288474236257,0.03292068314446671,16.814795332167527,-0.17810829173688622,30.583244284668904,-0.1441568319713441,30.229590300515923,-0.22601910948817394,29.89898309348589,-0.3161999299469595,29.576282420316442,-0.01117758362374175
4060,5.55,empty_shadow,DREAM,0,0,4059,5.5,1,1,339.6009245897163,-201.89406420975675,,,,,,,0,0,27.88889494763952,-1.0830223876784117,0.1763375848531723,0.0,-0.006569372955709696,-0.008026002906262875,27.571526319433065,0.009160308673400003,0,0,21.999797666263134,16.221685942613078,21.989534317686438,follower_1,,,,,0.4499999999999993,4051,ok,accepted,1,ok,0.3546597,0.0008224000048357993,0.3197111999907065,0.033788900007493794,1,0.0012254000000027077,0.011478300000000274,0,289.5329153383966,43.38779770728286,,3.355935790243251,0,0,0,,,,,,,,,,,,0,18.02146652430872,0.17795582865276338,22.532404978301887,0.04428854196911109,18.365325190161226,0.004081788581897667,21.927289274510585,0.04001600659029245,16.82216913910755,0.1474761389884642,30.575819004760856,-0.14850558258833205,30.219103784150846,-0.20973001149777729,29.884090527751322,-0.29785130732966675,29.575698745494027,-0.011673481885451238
4061,5.6000000000000005,empty_shadow,DREAM,0,0,4060,5.550000000000001,1,1,340.9936310753858,-201.9122658602316,,,,,,,0,0,27.836141357323804,-1.055071806314345,0.18895326554775238,0.0,-0.006569372955709696,-0.008026002906262875,27.571526319433065,0.009195059888182661,0,0,21.863939584742155,16.34088224304059,21.856061303678086,follower_1,,,,,0.5,4051,ok,accepted,0,ok,0.3546597,0.0008224000048357993,0.3197111999907065,0.033788900007493794,0,0.0012254000000027077,0.012023400000003903,0,290.43425205477354,43.87916747657539,,3.3377341397684006,0,0,0,,,,,,,,,,,,0,18.03032616995434,0.17719291045525526,22.534905512059755,0.05001067521702893,18.365527376539546,0.00404372672582333,21.929604785123168,0.04631021421216094,16.815161536936856,-0.14015204322230937,30.568170564222118,-0.1529687957900674,30.20946986503885,-0.19267799729348523,29.87017642886394,-0.27828197268505006,29.57508646193983,-0.01224565737089535
4062,5.65,empty_shadow,DREAM,0,0,4061,5.6000000000000005,1,1,342.38386490861654,-201.928332123635,,,,,,,0,0,27.785072239944142,-1.0213823475932315,0.2026524394750595,0.0,-0.0042718881741166115,-0.005219095852226019,27.439555809680833,0.009228890176508964,0,0,21.72600558448036,16.458705390425457,21.720427806827928,follower_1,,,,,0.5499999999999998,4051,ok,accepted,0,ok,0.3546597,0.0008224000048357993,0.3197111999907065,0.033788900007493794,1,0.001817700000003697,0.012967699999997251,0,291.3360465400011,44.36760682457856,,3.3216678763650123,0,0,0,,,,,,,,,,,,0,18.03914385330929,0.1763536639567369,22.537676892690392,0.05542761220768366,18.36572193601182,0.0038911894194306055,21.932204490635836,0.051994112685739106,16.824311085902398,0.18299097951273186,30.560298960562317,-0.15743206028401474,30.200722874585868,-0.17493936664848173,29.857301830806925,-0.2574919586146364,29.574439848237812,-0.012932264419414419
4063,5.7,empty_shadow,DREAM,0,0,4062,5.65,1,1,343.7715649553535,-201.94197310381318,,,,,,,0,0,27.73580709187557,-0.985302961371417,0.21732738614082336,0.0,-0.0042718881741166115,-0.005219095852226019,27.439555809680833,0.009261702667245499,0,0,21.585934526217272,16.574406518321073,21.5825131668206,follower_1,,,,,0.5999999999999996,4051,ok,accepted,0,ok,0.3546597,0.0008224000048357993,0.3197111999907065,0.033788900007493794,0,0.001817700000003697,0.0095605000000063,0,292.23823774851587,44.85311566280075,,3.308026896186817,0,0,0,,,,,,,,,,,,0,18.047902409910847,0.1751711296349685,22.540686696181556,0.06019606907355103,18.365922219083675,0.004005661784339803,21.935050242515963,0.05691504081821255,16.819042984437232,-0.10536202899700776,30.552213730774447,-0.16170458707306204,30.19287807089249,-0.15689558712980467,29.845504880640956,-0.23593900269064602,29.573751274747497,-0.013771459605431805
4064,5.75,empty_shadow,DREAM,0,0,4063,5.7,1,1,345.15688385553227,-201.953341336594,,,,,,,0,0,27.688633808674684,-0.9434656640177508,0.2328159660100937,0.0,-0.0014489718014374375,-0.001770252943970263,27.337411708215814,0.009293286166148142,0,0,21.4438790446832,16.686798705666302,21.442331193955482,follower_1,,,,,0.6499999999999995,4051,ok,accepted,0,ok,0.3546597,0.0008224000048357993,0.3197111999907065,0.033788900007493794,1,0.002172000000001617,0.011792999999997278,0,293.14088672067584,45.33578559081957,,3.2966586634059922,0,0,0,,,,,,,,,,,,0,18.056594208640306,0.1738359714589773,22.543904402392098,0.06435412387209431,18.366124410562804,0.004043830356767118,21.938115339132818,0.06130193595074885,16.829771817092507,0.21457665337454884,30.5439301343206,-0.16567192029969496,30.18595834039502,-0.1383940963753789,29.83482372502483,-0.21362311288121674,29.573020742916693,-0.014610629908350728
4065,5.8,empty_shadow,DREAM,0,0,4064,5.75,1,1,346.53997417621304,-201.9623757347709,,,,,,,0,0,27.643630113107307,-0.9000739113475476,0.2489810287952423,0.0,-0.0014489718014374375,-0.001770252943970263,27.337411708215814,0.009323567894139356,0,0,21.300022234925365,16.795029781119474,21.29996584122614,follower_1,,,,,0.6999999999999993,4051,ok,accepted,0,ok,0.3546597,0.0008224000048357993,0.3197111999907065,0.033788900007493794,0,0.002172000000001617,0.008383500000000765,0,294.04396293890466,45.815799693271515,,3.2876242652291126,0,0,0,,,,,,,,,,,,0,18.065205899801093,0.17223382090168587,22.547280418724235,0.0675203271594456,18.366332325009786,0.004158290135555023,21.941371170379163,0.06511662884092069,16.826029595387542,-0.07484443384378654,30.53545961221332,-0.16941043703129613,30.179961772236798,-0.11993084597777011,29.825286973972652,-0.19073502180142665,29.572242530061118,-0.015564252778374423
4066,5.8500000000000005,empty_shadow,DREAM,0,0,4065,5.800000000000001,1,1,347.92086655469615,-201.96942724006107,,,,,,,0,0,27.601023026385867,-0.852141734428784,0.26572099328041077,0.0,0.00115898996591568,0.0014159732963889837,27.265086394079283,0.009352373604171717,0,0,21.15436420625707,16.898168413641272,21.15334484896962,follower_1,,,,,0.75,4051,ok,accepted,0,ok,0.3546597,0.0008224000048357993,0.3197111999907065,0.033788900007493794,1,0.0011909999999986098,0.010264800000001628,0,294.94746640320244,46.29318860745684,,3.2805727599389343,0,0,0,,,,,,,,,,,,0,18.07372222280704,0.17032645802834168,22.550795672785945,0.07030508290008936,18.36654977687529,0.004349038858807558,21.944766237976467,0.06790135604854655,16.83809548004972,0.2413176935057001,30.52681360956258,-0.17292005010235087,30.174901715526502,-0.1012006302911622,29.816907978810608,-0.16757990300045253,29.57141282171089,-0.016594164425820013
4067,5.9,empty_shadow,DREAM,0,0,4066,5.8500000000000005,1,1,349.29977467127526,-201.974663626259,,,,,,,0,0,27.560875424982534,-0.8029520280666702,0.2829558551311493,0.0,0.00115898996591568,0.0014159732963889837,27.265086394079283,0.009379638836585154,0,0,21.007179684535345,16.995475232770108,21.005489180875887,follower_1,,,,,0.7999999999999998,4051,ok,accepted,0,ok,0.3546597,0.0008224000048357993,0.3197111999907065,0.033788900007493794,0,0.0011909999999986098,0.012239999999998474,0,295.85142766758315,46.76813545965524,,3.2753363737409984,0,0,0,,,,,,,,,,,,0,18.082135550128417,0.16826654420092055,22.554419646074003,0.07247946849033682,18.36677485995078,0.0045016634684221105,21.9482776546763,0.07022833792802372,16.83564262651543,-0.04905707042664755,30.51799975448191,-0.17627710078010644,30.170761002084607,-0.08281379193020931,29.80970581261778,-0.14404332123807728,29.570533525233976,-0.01758592812989249
4068,5.95,empty_shadow,DREAM,0,0,4067,5.9,1,1,350.6767597016486,-201.97849685982388,,,,,,,0,0,27.523331659531607,-0.7508753090185394,0.3005957007408142,0.0,0.0031266205478459597,0.003819887526333332,27.222622842853127,0.009405243758913193,0,0,20.858560357829475,17.086152936474644,20.856637373896742,follower_1,,,,,0.8499999999999996,4051,ok,accepted,0,ok,0.3546597,0.0008224000048357993,0.3197111999907065,0.033788900007493794,1,0.0014172999999999547,0.00952660000000094,0,296.75575514288005,47.24079301473171,,3.2715031401761223,0,0,0,,,,,,,,,,,,0,18.09043443031375,0.1659776022615515,22.55810847075694,0.07377649769035304,18.367011387049725,0.0047305440578978685,21.951874901324192,0.07194493714840107,16.848788069278456,0.2629088556457028,30.509039028071342,-0.17921452865941342,30.167522463379512,-0.06477033610637238,29.803680475876625,-0.1205067284753053,29.56959510383702,-0.01876842724781844
4069,6.0,empty_shadow,DREAM,0,0,4068,5.95,1,1,352.0519132974476,-201.98121682649867,,,,,,,0,0,27.488459960897448,-0.6974339726831857,0.3186165690422058,0.0,0.0031266205478459597,0.003819887526333332,27.222622842853127,0.009429120355410549,0,0,20.708536837412765,17.169535034712986,20.706783149235505,follower_1,,,,,0.8999999999999995,4051,ok,accepted,1,ok,0.4419231,0.0008521999989170581,0.42084979999344796,0.019872400007443503,0,0.0014172999999999547,0.010052899999998033,0,297.66054037141134,47.711161381999375,,3.2687831735013333,0,0,0,,,,,,,,,,,,0,18.09861123577246,0.16353610901878843,22.561841164757006,0.07465388475414311,18.367259359668793,0.004959454754702192,21.95553127605401,0.0731274986523524,16.84735946107495,-0.028572163747661954,30.499937151533363,-0.18203753099244946,30.165189911041427,-0.04665065800682094,29.798820524984013,-0.09719900659179187,29.568607094119947,-0.019760194057543125
