frame,time_s,condition,controller,hidden_visible,hidden_lidar_hits,lidar_frame,lidar_time_s,lidar_is_new,semantic_lidar_reveal_armed,ego_station_m,ego_local_y_m,hidden_station_m,hidden_local_y_m,hidden_reference_y_m,hidden_lateral_error_m,hidden_commanded_ay_mps2,hidden_road_lateral_velocity_mps,hidden_observation_submitted,hidden_aware_plan,ego_speed_mps,ego_accel_mps2,ego_throttle,ego_brake,ego_steer,commanded_ackermann_steer_rad,target_speed_mps,steer_limit_rad,steering_envelope_active,shield_active,minimum_clearance_m,minimum_ttc_s,minimum_oriented_clearance_m,minimum_oriented_clearance_actor_role,minimum_ttc_2d_s,minimum_ttc_2d_actor_role,hidden_oriented_clearance_m,hidden_ttc_2d_s,plan_age_s,plan_source_frame,plan_status,plan_rejection_reason,new_plan,latest_plan_status,planner_total_s,planner_decision_s,planner_mpc_s,planner_field_s,low_level_updated,low_level_time_s,physics_control_cycle_time_s,physics_control_deadline_miss,occluder_station_m,ego_pass_clearance_ahead_occluder_m,hidden_pass_clearance_ahead_occluder_m,ego_target_lane_error_m,ego_centre_lane_overlap,hidden_centre_lane_overlap,concurrent_centre_lane_overlap,hidden_center_geometric_visible_now,hidden_center_los_blocked,hidden_footprint_fully_blocked,hidden_footprint_blocked_sample_count,hidden_footprint_sample_count,hidden_footprint_blocked_sample_fraction,hidden_center_in_range,hidden_center_in_horizontal_fov,hidden_center_geometric_range_m,hidden_center_geometric_bearing_rad,hidden_center_geometric_clear_streak,hidden_center_geometric_reveal_confirmed,occluder_speed_mps,occluder_accel_mps2,lead_left_speed_mps,lead_left_accel_mps2,lead_centre_speed_mps,lead_centre_accel_mps2,lead_right_speed_mps,lead_right_accel_mps2,rear_centre_speed_mps,rear_centre_accel_mps2,follower_1_speed_mps,follower_1_accel_mps2,follower_2_speed_mps,follower_2_accel_mps2,follower_3_speed_mps,follower_3_accel_mps2,follower_4_speed_mps,follower_4_accel_mps2
1288,0.05,empty_shadow,ADA,0,0,1287,,0,0,174.10342885503826,-201.74872459180185,,,,,,,0,0,32.73066777076846,0.0,0.5773849487304688,0.0,-0.001946033677086234,-0.0023775286972522736,32.66778806100565,0.006650721064432475,0,0,5.229035308211061,13.00512612075482,5.229046732749016,rear_centre,,,,,0.05,1287,ok,accepted,1,ok,0.4196979,0.0008528000034857541,0.3836863999895286,0.034296900004846975,1,0.0011865000000028658,0.013927899999998772,0,190.04536074332722,-22.622143432325828,,3.501275408198154,0,0,0,,,,,,,,,,,,0,18.406783259441447,0.16578689439684205,22.885110212820134,2.932167164644225,18.13415083092354,0.03990202103962262,22.299679942963554,1.753311065634567,18.07717040471127,0.6607818954253997,31.427354824347557,0.13275116953011673,31.252056918595233,1.2603488246913315,31.65317352215981,1.9586946644483196,30.090677246945376,0.19725827653428876
1289,0.1,empty_shadow,ADA,0,0,1288,0.05,1,0,175.74112412429733,-201.74831849570938,,,,,,,0,0,32.774467470146746,0.8759939875656642,0.571542501449585,0.0,-0.001946033677086234,-0.0023775286972522736,32.66778806100565,0.006632957456959036,0,0,5.935084812720972,13.220019150696594,5.9351881423946375,rear_centre,,,,,0.1,1287,ok,accepted,0,ok,0.4196979,0.0008528000034857541,0.3836863999895286,0.034296900004846975,0,0.0011865000000028658,0.009370100000001713,0,190.9658930204332,-21.90498044017275,,3.501681504290616,0,0,0,,,,,,,,,,,,0,18.414569066490884,0.15571613692564737,23.125680292168813,4.811401586883785,18.138959272590874,0.09616883523952624,22.541098784266545,4.828376827447287,18.100136792694983,0.45932775950178223,31.43768691423976,0.20664180283018854,31.299999630397192,0.959100779558792,31.728031241024084,1.497154377869097,30.104385377230635,0.2741626091312868
1290,0.15000000000000002,empty_shadow,ADA,0,0,1289,0.1,1,0,177.3804672229553,-201.7475608853069,,,,,,,0,0,32.79675379716109,0.44572654028684155,0.5679578185081482,0.0,-0.002043804619461298,-0.0024969785008579493,32.36778949355086,0.006623946217064919,0,0,6.647872104581159,13.400823175807497,6.648166137858927,rear_centre,,,,,0.15000000000000002,1287,ok,accepted,0,ok,0.4196979,0.0008528000034857541,0.3836863999895286,0.034296900004846975,1,0.0018270999999998594,0.013434300000000121,0,191.88685253840274,-21.186596859484297,,3.5024391146930896,0,0,0,,,,,,,,,,,,0,18.421837982641534,0.14537831946618796,23.31371817309876,3.760757618531419,18.14556633797933,0.13214130891409995,22.73226852373673,3.823394790696023,18.11357406728749,0.26874549165477785,31.448715183651306,0.2205653953660261,31.336689200851172,0.7339715086846011,31.78232010858176,1.085777351150734,30.118543643136263,0.2831653222369774
1291,0.2,empty_shadow,ADA,0,0,1290,0.15000000000000002,1,0,179.01929138226984,-201.74639146460694,,,,,,,0,0,32.77478489237299,-0.4393780957619242,0.5694541335105896,0.0,-0.002043804619461298,-0.0024969785008579493,32.36778949355086,0.006632828981597128,0,0,7.200196014073171,13.562733621612466,7.199452332513417,occluder,,,,,0.2,1287,ok,accepted,0,ok,0.4196979,0.0008528000034857541,0.3836863999895286,0.034296900004846975,0,0.0018270999999998594,0.009491699999998104,0,192.80814774971208,-20.4690679114791,,3.503608535393056,0,0,0,,,,,,,,,,,,0,18.428572843506366,0.13469721381723818,23.439523078989303,2.516098117718324,18.1531690299734,0.15205383985360332,22.862313459338864,2.6008987131327754,18.116957707720406,0.06767280848994818,31.456861446558058,0.16292526764119225,31.364712707694114,0.5605920775352914,31.818622674553072,0.7260513191048281,30.12945369333318,0.21820100816277563
1292,0.25,empty_shadow,ADA,0,0,1291,0.2,1,0,180.65698620907085,-201.74468837151963,,,,,,,0,0,32.75268673257974,-0.44196319586504274,0.5964347720146179,0.0,-0.001811546622775495,-0.0022132217418402433,32.06779978890887,0.006641782045703601,0,0,6.494500531533843,13.637832838974326,6.493508528383223,occluder,,,,,0.25,1287,ok,accepted,0,ok,0.4196979,0.0008528000034857541,0.3836863999895286,0.034296900004846975,1,0.0015341000000006488,0.010512599999998429,0,193.7297481367849,-19.75297347175092,,3.5053116284803707,0,0,0,,,,,,,,,,,,0,18.43475457540316,0.1236346347383698,23.50281844615014,1.2659073431863654,18.161263811027034,0.16189562009772804,22.9300224243248,1.3541793006831304,18.111725855009418,-0.10463705429036844,31.458953781846436,0.04184671794356246,31.385633206225613,0.4184841261857397,31.839187703342375,0.4113005756187409,30.134058046166988,0.09208706038417497
1293,0.3,empty_shadow,ADA,0,0,1292,0.25,1,1,182.29736636396424,-201.74234349318056,,,,,,,0,0,32.846810185114684,1.8824690506988873,0.6085777282714844,0.0,-0.001811546622775495,-0.0022132217418402433,32.06779978890887,0.006603773267147714,0,0,5.789153426196584,13.464481580845874,5.78798897020772,occluder,,,,,0.3,1287,ok,accepted,0,ok,0.4196979,0.0008528000034857541,0.3836863999895286,0.034296900004846975,0,0.0015341000000006488,0.009353599999997186,0,194.65165369962125,-19.03449887969387,,3.507656506819444,0,0,0,,,,,,,,,,,,0,18.440373640571845,0.1123813007703935,23.51238570686096,0.19134521419741102,18.16961226272587,0.1669690323774259,22.943461596792428,0.26878345021574546,18.09627442883541,-0.3090285234015472,31.452905551206754,-0.12096459840034346,31.40024917087386,0.2923573555966919,31.846082760603675,0.13790114571468462,30.13052564651728,-0.07064799010793757
1294,0.35000000000000003,empty_shadow,ADA,0,0,1293,0.30000000000000004,1,1,183.94174407670613,-201.73928008798538,,,,,,,0,0,32.91164350139663,1.2966663256389666,0.5047784447669983,0.0,-0.0013184064300730824,-0.001610737293958664,31.76782326032942,0.006577781830183349,0,0,5.084022490019243,13.27860978788228,5.082832003239462,occluder,,,,,0.35000000000000003,1287,ok,accepted,0,ok,0.4196979,0.0008528000034857541,0.3836863999895286,0.034296900004846975,1,0.0011846999999995944,0.012544800000000578,0,195.5738339258501,-18.31230139318083,,3.510719912014622,0,0,0,,,,,,,,,,,,0,18.44541096624751,0.10074651143784284,23.481946328237044,-0.608787572480559,18.178187682229687,0.17150838859892906,22.915930918186206,-0.5506135711327156,18.07471567310638,-0.431175114271573,31.43809114676712,-0.29628807369316024,31.40883100717092,0.1716508072622081,31.8410320896585,-0.10101341719003637,30.11849219066389,-0.24066911515498826
1295,0.4,empty_shadow,ADA,0,0,1294,0.35000000000000003,1,1,185.58847138255746,-201.7354529417516,,,,,,,0,0,32.94776267737966,0.7223835196604966,0.42585015296936035,0.0,-0.0013184064300730824,-0.001610737293958664,31.76782326032942,0.006563368286622265,0,0,4.382615222175338,13.100795414144324,4.381622552403952,occluder,,,,,0.4,1287,ok,accepted,0,ok,0.4196979,0.0008528000034857541,0.3836863999895286,0.034296900004846975,0,0.0011846999999995944,0.013774500000000245,0,196.49625828227897,-17.58799844375838,,3.514547058248411,0,0,0,,,,,,,,,,,,0,18.449845570520296,0.08869208406056134,23.426310872633323,-1.1127091120739951,18.187079725104716,0.17784085742592343,22.862113160651695,-1.0763551497576098,18.0415678673782,-0.6629561140228604,31.41525252756768,-0.4567723689176047,31.411384275688047,0.051067169684847875,31.8254318702169,-0.3120043854158775,30.098917073401008,-0.3915023446155121
1296,0.45,empty_shadow,ADA,0,0,1295,0.4,1,1,187.2362054977481,-201.73083199497708,,,,,,,0,0,32.96057592304724,0.2562649133516004,0.36747321486473083,0.0,-0.0006317240186035633,-0.0007717965054325759,31.467859111732775,0.006558266476977885,0,0,3.6895408240519108,12.939694580923204,3.6890884990017834,occluder,,,,,0.45,1287,ok,accepted,0,ok,0.4196979,0.0008528000034857541,0.3836863999895286,0.034296900004846975,1,0.001172399999997964,0.010020699999998328,0,197.41886574937132,-16.862871795660084,,3.5191680050229195,0,0,0,,,,,,,,,,,,0,18.45366410184139,0.07637062574054813,23.35758909732497,-1.3744355061601377,18.19641236624868,0.1866528241548045,22.794169578128262,-1.3588716493325563,18.00676257572704,-0.6961058322335938,31.386066253771116,-0.5837254619186899,31.40778508197077,-0.0719836767884134,31.800390271415143,-0.5008319702591434,30.0735855737157,-0.5066299938266496
1297,0.5,empty_shadow,ADA,0,0,1296,0.45,1,1,188.8839698494241,-201.72538706323036,,,,,,,0,0,32.95508886180882,-0.10974122476838488,0.322441428899765,0.0,-0.0006317240186035633,-0.0007717965054325759,31.467859111732775,0.0065604505143695415,0,0,3.01206494668319,12.79954325024821,3.0126780101888584,occluder,,,,,0.5,1287,ok,accepted,0,ok,0.4196979,0.0008528000034857541,0.3836863999895286,0.034296900004846975,0,0.001172399999997964,0.0099480000000014,0,198.3416563219218,-16.137898016534564,,3.5246129367696426,0,0,0,,,,,,,,,,,,0,18.456855116824357,0.06382029965901183,23.284646359330818,-1.4588547598729038,18.206271437972934,0.19718143652423517,22.72110095007849,-1.461372559818794,17.958170969260554,-0.9718321281401484,31.35268190769798,-0.6676869092680098,31.39793646126323,-0.1969646829235692,31.76675224960484,-0.6727604278790175,30.0446301065334,-0.5791093440328907
1298,0.55,empty_shadow,ADA,0,0,1297,0.5,1,1,190.53100153981978,-201.71924047708626,,,,,,,0,0,32.93542450650801,-0.3932871060162313,0.28471294045448303,0.0,0.0005818079225718975,0.000710812455508858,31.168249320246982,0.006568286565357504,0,0,2.364048764026736,12.6816524143525,2.366566973250183,occluder,,,,,0.55,1287,ok,accepted,1,ok,0.4562103,0.0007520000217482448,0.4474018999899272,0.007627900020452216,1,0.0011758999999997855,0.013776599999999917,0,199.26453846281746,-15.413748467034537,,3.5307595229137405,0,0,0,,,,,,,,,,,,0,18.459403356441367,0.050964792989969684,23.21334966347937,-1.4259339170256855,18.216670290640717,0.20797705576199896,22.648905886910335,-1.4439012618944393,17.912518587272594,-0.9130476383479682,31.317241443083145,-0.7088092828877279,31.38182363853878,-0.32223405219076845,31.725212079299357,-0.8308033946291056,30.014059109396452,-0.6114199424936286
1299,0.6000000000000001,empty_shadow,ADA,0,0,1298,0.55,1,1,192.17665973626964,-201.71249926668835,,,,,,,0,0,32.904636443156235,-0.615761267035424,0.2503807842731476,0.0,0.0005818079225718975,0.000710812455508858,31.168249320246982,0.006580583531246555,0,0,1.7774881803027438,12.58543089562264,1.7832870042282052,occluder,,,,,0.6000000000000001,1287,ok,accepted,0,ok,0.4562103,0.0007520000217482448,0.4474018999899272,0.007627900020452216,0,0.0011758999999997855,0.010052699999999248,0,200.1876037299928,-14.691155537760011,,3.5375007333116457,0,0,0,,,,,,,,,,,,0,18.461295465677225,0.03784218597912944,23.146952946746712,-1.3279343346641699,18.227549797196954,0.21759013332017252,22.58100617240437,-1.357994288419547,17.851958368307933,-1.2112043775540229,31.281524416784432,-0.7143405195774815,31.359554036309873,-0.4453500210171163,31.67634959509923,-0.9772496693111237,29.98345377539137,-0.612106678202813
1300,0.6500000000000001,empty_shadow,ADA,0,0,1299,0.6000000000000001,1,1,193.82045615234662,-201.70514833982088,,,,,,,0,0,32.864825650682704,-0.7962158494706273,0.2165674865245819,0.0,0.0008643956971354783,0.0010560585651546717,30.871798641442133,0.006596535499257296,0,0,1.3334838080307931,12.509087197391695,1.3444356041048682,occluder,,,,,0.6500000000000001,1287,ok,accepted,0,ok,0.4562103,0.0007520000217482448,0.4474018999899272,0.007627900020452216,1,0.0011624999999995111,0.012355199999998234,0,201.11060795681001,-13.970363348500257,,3.54485166017912,0,0,0,,,,,,,,,,,,0,18.462512368807385,0.02433806435358021,23.086654023582973,-1.2059784632615556,18.238774536247238,0.2244947826699351,22.518778912428317,-1.2445451976243742,17.797589403550074,-1.0873792931833552,31.246743902599487,-0.6956102799600599,31.33133622826142,-0.5642917700255005,31.620677874064285,-1.1134344026857927,29.953804017490786,-0.5929951532198727
1301,0.7000000000000001,empty_shadow,ADA,0,0,1300,0.65,1,1,195.4620246395992,-201.69737092687132,,,,,,,0,0,32.81733108460801,-0.9498913214939364,0.18207275867462158,0.0,0.0008643956971354783,0.0010560585651546717,30.871798641442133,0.006615642303860596,0,0,1.1936567348491849,12.450194611589248,1.2080106945802322,occluder,,,,,0.7000000000000001,1287,ok,accepted,0,ok,0.4562103,0.0007520000217482448,0.4474018999899272,0.007627900020452216,0,0.0011624999999995111,0.009220700000000193,0,202.033764771509,-13.251951675946657,,3.552629073128685,0,0,0,,,,,,,,,,,,0,18.463044530503073,0.010643236042602554,23.03219540205389,-1.0891724305566894,18.250182384722176,0.22815697029374055,22.4621382777159,-1.1328126925083333,17.728123774243738,-1.3893125838263387,31.213506438071086,-0.6647492890656503,31.297487516205788,-0.6768868862526202,31.558708085302218,-1.2393957534329085,29.925535177691426,-0.5653767882014225
1302,0.7500000000000001,empty_shadow,ADA,0,0,1301,0.7000000000000001,1,1,197.10106005349627,-201.68925868467645,,,,,,,0,0,32.762951465974105,-1.0875923726780456,0.1460716277360916,0.0,0.0008154493989422917,0.0009962593903765082,30.574308370283585,0.006637621038452879,0,0,1.2018354999015912,12.406088354062305,1.2115375661334002,occluder,,,,,0.7500000000000001,1287,ok,accepted,0,ok,0.4562103,0.0007520000217482448,0.4474018999899272,0.007627900020452216,1,0.0011565999999980647,0.01348780000000005,0,202.95698262136068,-12.536134111901276,,3.560741315323554,0,0,0,,,,,,,,,,,,0,18.46287478395583,-0.003394929019744651,22.98244983987792,-0.9949112435327341,18.26158451351408,0.22804257615049423,22.41008100201418,-1.041145512268786,17.667374727313078,-1.214980936411271,31.18189976129331,-0.6321335354019405,31.258405276972333,-0.781535651418529,31.4909952694206,-1.3542562936089546,29.898597665624496,-0.5387502305562615
1303,0.8,empty_shadow,ADA,0,0,1302,0.75,1,1,198.7371656863668,-201.6808727837291,,,,,,,0,0,32.70215348686671,-1.215959582147832,0.10873695462942123,0.0,0.0008154493989422917,0.0009962593903765082,30.574308370283585,0.006662323824292765,0,0,1.2103032449593343,12.374160003873484,1.2154751535835724,occluder,,,,,0.8,1287,ok,accepted,0,ok,0.4562103,0.0007520000217482448,0.4474018999899272,0.007627900020452216,0,0.0011565999999980647,0.008559099999999376,0,203.88001737095965,-11.823063228629707,,3.569127216270914,0,0,0,,,,,,,,,,,,0,18.461997408197398,-0.017547513656461896,22.935889550597185,-0.9312057856476503,18.272803540556893,0.22438054060847357,22.361210906138975,-0.9774019157717039,17.591595772555543,-1.5155790927193762,31.151674009144447,-0.6045150431564538,31.214534498161292,-0.8772875363565777,31.418145964046257,-1.4569860820841913,29.87266532525319,-0.5186467941205164
1304,0.8500000000000001,empty_shadow,ADA,0,0,1303,0.8,1,1,200.3700974496539,-201.67236589519723,,,,,,,0,0,32.635212568566374,-1.338818366006791,0.07011089473962784,0.0,0.0005004602717235684,0.0006114275893196464,30.29518145676325,0.006689682382364367,0,0,1.2188767188134193,12.352132865422622,1.2197885238631234,occluder,,,,,0.8500000000000001,1287,ok,accepted,0,ok,0.4562103,0.0007520000217482448,0.4474018999899272,0.007627900020452216,1,0.0011656999999978268,0.013066099999999636,0,204.80305211535324,-11.113166209736193,,3.577634104802769,0,0,0,,,,,,,,,,,,0,18.460395236222084,-0.03204343912700564,22.891002006670895,-0.8977508785643936,18.283694504671363,0.21781928207819434,22.314107018860422,-0.9420777447681904,17.526827942483973,-1.295356598845896,31.122428638688454,-0.5849074087161601,31.166371562810856,-0.9631157786198464,31.340772428068387,-1.5474706931624873,29.847335707330792,-0.506592343880925
1305,0.9000000000000001,empty_shadow,ADA,0,0,1304,0.8500000000000001,1,1,201.99945860965965,-201.6637228956328,,,,,,,0,0,32.56229176074056,-1.4584161565163356,0.030762463808059692,0.0,0.0005004602717235684,0.0006114275893196464,30.29518145676325,0.006719677113307638,0,0,1.2276015833097915,12.338277702350506,1.2245724987168987,occluder,,,,,0.9000000000000001,1287,ok,accepted,1,ok,0.3465999,0.000818300002720207,0.317884399992181,0.025939099985407665,0,0.0011656999999978268,0.007560299999997966,0,205.7260258297995,-10.406778764176721,,3.5862771043672126,0,0,0,,,,,,,,,,,,0,18.458062546099676,-0.046653803558486986,22.846537893973487,-0.889282253964823,18.294141059487515,0.2089310956828425,22.26757915497756,-0.9305572778410856,17.447110312832223,-1.5943525904467117,31.0938050676932,-0.572471418127607,31.11442227056038,-1.0388329254086384,31.259502179599508,-1.6254049429321922,29.822284563049152,-0.5010228708286966
1306,0.9500000000000001,empty_shadow,ADA,0,0,1305,0.9,1,1,203.62506619106065,-201.65532531720478,,,,,,,0,0,32.48249166180333,-1.596001978744539,0.0,0.006945572793483734,0.0022087343968451023,0.0026984780561178923,31.448989794048376,0.006752733278156829,0,0,1.236081078723629,12.332708189999652,1.2295936667553833,occluder,,,,,0.55,1295,ok,accepted,0,ok,0.3465999,0.000818300002720207,0.317884399992181,0.025939099985407665,1,0.0012097999999980402,0.010043900000002992,0,206.64884695636403,-9.703992309340236,,3.5946746827952154,0,0,0,,,,,,,,,,,,0,18.454989801141945,-0.06145490201879839,22.801648442338767,-0.8977890326951247,18.304065003292425,0.19847887604456407,22.220810969974544,-0.9353637011763861,17.380568647510508,-1.3308333040390055,31.06559730265315,-0.5641552969564237,31.059201823192787,-1.104251246308174,31.174962737112914,-1.6907888246105283,29.79736121272767,-0.4984669926002865
1307,1.0,empty_shadow,ADA,0,0,1306,0.9500000000000001,1,1,205.24630987876765,-201.647280179646,,,,,,,0,0,32.39174197950433,-1.8149936459799676,0.0,0.04149284213781357,0.0022087343968451023,0.0026984780561178923,31.448989794048376,0.00679062244255731,0,0,1.2441929473554865,12.340257553886744,1.2350863483692187,occluder,,,,,0.6,1295,ok,accepted,0,ok,0.3465999,0.000818300002720207,0.317884399992181,0.025939099985407665,0,0.0012097999999980402,0.009160899999997696,0,207.57145445468873,-9.005356119957952,,3.6027198203539967,0,0,0,,,,,,,,,,,,0,18.45117127851483,-0.07637045773743205,22.75591594309757,-0.9146499848092605,18.313409114658878,0.18688222754729758,22.173388568624883,-0.9484480283261517,17.29915919766164,-1.6281889948031332,31.03781297217656,-0.5556866033338893,31.001238643117194,-1.159106435882449,31.087754915565053,-1.7441564078647096,29.772632413830745,-0.494575968085039
1308,1.05,empty_shadow,ADA,0,0,1307,1.0,1,1,206.862731929957,-201.63964867427083,,,,,,,0,0,32.29155195709974,-2.003800448091795,0.0,0.06908568739891052,0.002128290943801403,0.0026001979131251574,31.14867431374742,0.006832824621454458,0,0,1.2519065154673967,12.35918660826723,1.2419180344871743,occluder,,,,,0.65,1295,ok,accepted,0,ok,0.3465999,0.000818300002720207,0.317884399992181,0.025939099985407665,1,0.0011766000000008603,0.010527299999999684,0,208.49384833518437,-8.31132794926424,,3.6103513257291695,0,0,0,,,,,,,,,,,,0,18.4465955360362,-0.09151485617227086,22.709317507169885,-0.9319687185356014,18.322142875390657,0.17467521515905335,22.125279525665075,-0.962180859720311,17.232918891717535,-1.3248061168944627,31.010667606770745,-0.5429072992254566,30.941045766693797,-1.2037058521749704,30.998475715537616,-1.7855839803953786,29.74834802933932,-0.48568767968296467
1309,1.1,empty_shadow,ADA,0,0,1308,1.05,1,1,208.47390514540825,-201.6325682759237,,,,,,,0,0,32.18438159275771,-2.1434072868406417,0.0,0.09080803394317627,0.002128290943801403,0.0026001979131251574,31.14867431374742,0.0068784040241266905,0,0,1.259053790638518,12.386966475244966,1.250909176866103,occluder,,,,,0.7000000000000001,1295,ok,accepted,0,ok,0.3465999,0.000818300002720207,0.317884399992181,0.025939099985407665,0,0.0011766000000008603,0.009679099999999607,0,209.41602858744017,-7.622334986068779,,3.6174317240763116,0,0,0,,,,,,,,,,,,0,18.441245406612513,-0.10700259681888594,22.662144959645055,-0.9434509504675982,18.330247211878884,0.16208673059130677,22.076747057097613,-0.9706493696943739,17.151915705502862,-1.6200637225492929,30.984519787610374,-0.5229563716050704,30.879126581820692,-1.2382418993797342,30.907699249089113,-1.8155293121277305,29.72487427197473,-0.46947514082680786
1310,1.1500000000000001,empty_shadow,ADA,0,0,1309,1.1,1,1,210.07961594373012,-201.62616112778545,,,,,,,0,0,32.071871176696554,-2.2502083212231128,0.0,0.10877174139022827,0.0017078863456845284,0.002086576772853732,30.84831246038461,0.006926746998437419,0,0,1.265497402132155,12.422343209425703,1.2593013485217837,occluder,,,,,0.7500000000000001,1295,ok,accepted,0,ok,0.3465999,0.000818300002720207,0.317884399992181,0.025939099985407665,1,0.0011982000000010373,0.013139200000001239,0,210.33790365352172,-6.938499253828468,,3.6238388722145487,0,0,0,,,,,,,,,,,,0,18.435040781717415,-0.12409250773521159,22.61489802504961,-0.9449386918894029,18.337708772432197,0.14923121215001334,22.028256552306644,-0.9698100909544032,17.087886015085736,-1.2805938068356513,30.95978340861769,-0.49472756586267064,30.815974846482444,-1.262906332219623,30.815982462677976,-1.8343357152940931,29.702625035375114,-0.44498472685601126
1311,1.2000000000000002,empty_shadow,ADA,0,0,1310,1.1500000000000001,1,1,211.6795591803914,-201.62051888669293,,,,,,,0,0,31.955168502333077,-2.334053487269543,0.0,0.12374477088451385,0.0017078863456845284,0.002086576772853732,30.84831246038461,0.006977431745985329,0,0,1.2711304343233394,12.464854937452856,1.2669210341246777,occluder,,,,,0.8000000000000002,1295,ok,accepted,0,ok,0.3465999,0.000818300002720207,0.317884399992181,0.025939099985407665,0,0.0011982000000010373,0.00879409999999936,0,211.2594735282236,-6.260125891869052,,3.6294811133070652,0,0,0,,,,,,,,,,,,0,18.42794733172506,-0.14186900946100472,22.56818896229634,-0.9341812550567451,18.34451802152198,0.13618498320365277,21.98039356622864,-0.9572597130916137,17.009230774502708,-1.5731048102386327,30.93686664255283,-0.4583353049192762,30.752057547111296,-1.2782335872079866,30.723853692127946,-1.8425754019181533,29.681968438583716,-0.4131319327626792
1312,1.2500000000000002,empty_shadow,ADA,0,0,1311,1.2000000000000002,1,1,213.273582262305,-201.61562634591183,,,,,,,0,0,31.83513808543936,-2.400608337874317,0.0,0.13637852668762207,0.0010464253136888146,0.001278449664823711,30.55040204120226,0.00703014427693895,0,0,1.2759986427550416,12.514467739913496,1.2736901885362224,occluder,,,,,0.8500000000000002,1295,ok,accepted,0,ok,0.3465999,0.000818300002720207,0.317884399992181,0.025939099985407665,1,0.0011674999999975455,0.009125700000002013,0,212.18064666922754,-5.587275950959395,,3.634373654088165,0,0,0,,,,,,,,,,,,0,18.41996505800425,-0.15964548270057474,22.52267199277817,-0.9103393903540407,18.35066923675494,0.12302430631475374,21.933770356976215,-0.9324641734057159,16.94914547946625,-1.2017058997639531,30.916080386479706,-0.4157251032918311,30.687845440961848,-1.2841472160136536,30.631833643516508,-1.8404009664419172,29.663188676194455,-0.3755952462105144
1313,1.3,empty_shadow,ADA,0,0,1312,1.25,1,1,214.86153264323227,-201.61160562780145,,,,,,,0,0,31.71251423611452,-2.4524769864968476,0.0,0.1466066539287567,0.0010464253136888146,0.001278449664823711,30.55040204120226,0.007084614965753862,0,0,1.2800104330550823,12.571277733821084,1.2794667163865183,occluder,,,,,0.9,1295,ok,accepted,0,ok,0.3465999,0.000818300002720207,0.317884399992181,0.025939099985407665,0,0.0011674999999975455,0.013361400000000856,0,213.101392569368,-4.920071470172587,,3.6383943721985474,0,0,0,,,,,,,,,,,,0,18.411111127954214,-0.17707860714593465,22.478961281120647,-0.8742142331534049,18.356158594847976,0.10978716285172327,21.889002997751362,-0.8953471706141175,16.874629183029057,-1.4903259279636365,30.897623004368157,-0.3691476226599748,30.623788286176307,-1.2810661551826188,30.540435393777535,-1.8279649917372245,29.646453594727248,-0.3347016287576479
1314,1.35,empty_shadow,ADA,0,0,1313,1.3,1,1,216.4433187496226,-201.60839572844142,,,,,,,0,0,31.58793756256598,-2.4915334709707793,0.0,0.1546585112810135,0.00025791238294914365,0.00031509940163232386,30.28255794749175,0.007140603944441612,0,0,1.2831963123890375,12.635456319281902,1.2825717204618046,occluder,,,,,0.9500000000000001,1295,ok,accepted,0,ok,0.3465999,0.000818300002720207,0.317884399992181,0.025939099985407665,1,0.0011708000000005825,0.013756799999999458,0,214.02165018308145,-4.258542977495722,,3.6416042715585775,0,0,0,,,,,,,,,,,,0,18.401414149696283,-0.19393956986912778,22.437608052759252,-0.8270645672264769,18.360974651542836,0.09632113404159416,21.846629360991695,-0.8474727200031936,16.820042772060138,-1.0917282189173347,30.881553624188886,-0.3213875827509767,30.560297700784414,-1.2697522192819077,30.4501281510616,-1.8061448533786377,29.631787989527265,-0.29331210393158136
1315,1.4000000000000001,empty_shadow,ADA,0,0,1314,1.35,1,1,218.01881852158138,-201.6060272070512,,,,,,,0,0,31.4620425568175,-2.517900114969578,0.0,0.160337895154953,0.00025791238294914365,0.00031509940163232386,30.28255794749175,0.007197862400371919,0,0,1.2855562391138164,12.70704923722272,1.284589302959154,occluder,,,,,1.0,1295,ok,accepted,1,ok,0.5059649,0.000808400014648214,0.47757170000113547,0.02716950001195073,0,0.0011708000000005825,0.008727999999997849,0,214.9414195207787,-3.6028125432341938,,3.6439727929488015,0,0,0,,,,,,,,,,,,0,18.390902735159525,-0.21022829365170453,22.399058626388282,-0.7709885274040806,18.365117406062776,0.08285508940865817,21.807105301408285,-0.7904811772758791,16.751256149099575,-1.3757324588603606,30.86782074495722,-0.27465756444938233,30.497794867152436,-1.2500132757488707,30.361404011002932,-1.774482801312933,29.619151806027382,-0.25272367004459756
1316,1.4500000000000002,empty_shadow,ADA,0,0,1315,1.4000000000000001,1,1,219.58803177692,-201.60396600604466,,,,,,,0,0,31.335663135158896,-2.527588433172099,0.0,0.16253718733787537,-0.004477076232433319,-0.0054697804152965546,30.903204234368253,0.007256036640394061,0,0,1.287593784471511,12.785721754906739,1.2871577361286755,occluder,,,,,0.6500000000000001,1303,ok,accepted,0,ok,0.5059649,0.000808400014648214,0.47757170000113547,0.02716950001195073,1,0.00121459999999729,0.010554899999998923,0,215.86060901931995,-2.9527887864368267,,3.646033993955342,0,0,0,,,,,,,,,,,,0,18.379603585467557,-0.22598299549482664,22.363660138769326,-0.7079697523181332,18.368598305530785,0.06961798789866092,21.7707951227382,-0.7262035605084445,16.703536192569345,-0.9543991303745374,30.856290851517887,-0.23059785008402,30.436659053007133,-1.2226869221913967,30.274703571115484,-1.7340087980790084,29.608417251578526,-0.2146910888312565
1317,1.5000000000000002,empty_shadow,ADA,0,0,1316,1.4500000000000002,1,1,221.1509584323522,-201.60196798481104,,,,,,,0,0,31.20967533335513,-2.5197560360753357,0.0,0.16127872467041016,-0.004477076232433319,-0.0054697804152965546,30.903204234368253,0.00731473540779746,0,0,1.289583596238458,12.870828281370997,1.2897127340438306,occluder,,,,,0.7000000000000002,1303,ok,accepted,0,ok,0.5059649,0.000808400014648214,0.47757170000113547,0.02716950001195073,0,0.00121459999999729,0.009058099999997182,0,216.77924920669233,-2.3085023183769806,,3.64803201518896,0,0,0,,,,,,,,,,,,0,18.36755294211425,-0.2410128675329005,22.331652917442558,-0.6401444264548425,18.37142879097198,0.05660970726645009,21.737950593548387,-0.6568905738050033,16.64191356943187,-1.2324524626938878,30.846786559022007,-0.19008583401067577,30.377258139578245,-1.188000410398681,30.190471243554196,-1.6846465508939972,29.599427923276004,-0.1797865655088755
1318,1.55,empty_shadow,ADA,0,0,1317,1.5,1,1,222.70759844102955,-201.59989581425674,,,,,,,0,0,31.084827819549552,-2.4969502761115336,0.0,0.1571415215730667,-0.004908691626042128,-0.005997098051011562,30.607539127630673,0.0073736083356526465,0,0,1.2916325275750182,12.96185729957067,1.2908689682175782,occluder,,,,,0.75,1303,ok,accepted,0,ok,0.5059649,0.000808400014648214,0.47757170000113547,0.02716950001195073,1,0.0012073999999984153,0.010185499999998626,0,217.6972180021796,-1.6698311051869155,,3.6501041857432597,0,0,0,,,,,,,,,,,,0,18.354788951255465,-0.25527981680455747,22.30320290081762,-0.5690003323527968,18.373627947486145,0.043983130098073135,21.708722394035384,-0.5845639833518933,16.602212104151548,-0.7940293056683626,30.839113317697766,-0.15346481379526267,30.31993147014831,-1.1465241921513398,30.109141903673482,-1.626586795875932,29.592044584345228,-0.14766677757260047
1319,1.6,empty_shadow,ADA,0,0,1318,1.55,1,1,224.25807375353344,-201.59739850061067,,,,,,,0,0,30.961848305539956,-2.4595902801919323,0.0,0.1501161903142929,-0.004908691626042128,-0.005997098051011562,30.607539127630673,0.007432298006196894,0,0,1.294106831040466,13.058128042696183,1.2903463659989562,occluder,,,,,0.8,1303,ok,accepted,0,ok,0.5059649,0.000808400014648214,0.47757170000113547,0.02716950001195073,0,0.0012073999999984153,0.00884579999999957,0,218.6145154109872,-1.0366532014906227,,3.652601499389334,0,0,0,,,,,,,,,,,,0,18.341353574738076,-0.2687075294572522,22.278378753543397,-0.49648294526435977,18.37522438379828,0.03192872731065086,21.68319254074569,-0.5105970613745767,16.548901705375815,-1.0662079755672755,30.833093743810075,-0.12039146850386027,30.26499366198863,-1.0987527225585254,30.031125631266146,-1.5603254444116983,29.586124183796123,-0.11840800932877668
1320,1.6500000000000001,empty_shadow,ADA,0,0,1319,1.6,1,1,225.8025368900756,-201.5942776275726,,,,,,,0,0,30.841379782264188,-2.409370465515366,0.0,0.14063383638858795,-0.00438908115029335,-0.005362274125218391,30.34189461059489,0.007490471357116315,0,0,1.2972201609016167,13.158964788177892,1.289898730005964,occluder,,,,,0.8500000000000001,1303,ok,accepted,0,ok,0.5059649,0.000808400014648214,0.47757170000113547,0.02716950001195073,1,0.001171399999996936,0.013890799999998649,0,219.53120247347317,-0.4088771274344367,,3.655722372427391,0,0,0,,,,,,,,,,,,0,18.327283053156453,-0.2814104305770019,22.257205271166715,-0.42346964722847,18.376252430867837,0.020560943364190322,21.66137438405141,-0.4363631318771083,16.518141889587667,-0.6151963158510587,30.828598136013685,-0.08991215052713247,30.21274032919423,-1.0450661758853748,29.956822969347378,-1.4860532322363267,29.581563724064473,-0.09120919244876222
1321,1.7000000000000002,empty_shadow,ADA,0,0,1320,1.6500000000000001,1,1,227.3410182589192,-201.59021275018017,,,,,,,0,0,30.72401598353032,-2.3472759746773164,0.0,0.12868934869766235,-0.00438908115029335,-0.005362274125218391,30.34189461059489,0.007547804742265118,0,0,1.3186899864063724,13.263577588247566,1.3082811513595425,occluder,,,,,0.9000000000000001,1303,ok,accepted,0,ok,0.5059649,0.000808400014648214,0.47757170000113547,0.02716950001195073,0,0.001171399999996936,0.010848100000000471,0,220.44712659134507,0.21368012353727295,,3.6597872498198285,0,0,0,,,,,,,,,,,,0,18.312621253953214,-0.29323598291755254,22.23964430672242,-0.35121928848603,18.37674642170851,0.009879819097685535,21.643245036833562,-0.3625869436887378,16.474028725131973,-0.8822632891590746,30.825519683272184,-0.061569052293921935,30.163438536576123,-0.9860358124925694,29.886603943008403,-1.4043805181810465,29.578283096304833,-0.06561255251577879
1322,1.7500000000000002,empty_shadow,ADA,0,0,1321,1.7000000000000002,1,1,228.87379245058136,-201.58500541049008,,,,,,,0,0,30.610321352318127,-2.273892624243885,0.0,0.11463990807533264,-0.00316351349465549,-0.0038649607449769974,30.10626376963754,0.007603975700743498,0,0,1.5485004012884582,13.371126171771513,1.5387754781444956,occluder,,,,,0.9500000000000002,1303,ok,accepted,1,ok,0.3792755,0.0006481000164058059,0.345604199974332,0.03269120000186376,1,0.0011830000000010443,0.012484600000000512,0,221.36228776980823,0.8312931367362637,,3.6649945895099165,0,0,0,,,,,,,,,,,,0,18.29742158398051,-0.30399339852577073,22.225632917763267,-0.2802277786839979,18.376748318599844,3.793990200369683e-05,21.62873583370572,-0.2901840627511653,16.452868593367892,-0.42320263529615587,30.8237611095103,-0.035171474872388094,30.11732870825326,-0.9221948432804778,29.820838577988788,-1.3153072891643138,29.576221265161536,-0.04123661976716779
1323,1.8,empty_shadow,ADA,0,0,1322,1.75,1,1,230.40095093971024,-201.57842669544735,,,,,,,0,0,30.500783196893902,-2.1907631084845036,0.0,0.09853670001029968,-0.00316351349465549,-0.0038649607449769974,30.10626376963754,0.007658688303160575,0,0,1.9517352128786856,13.480699111651848,1.9443025003141148,occluder,,,,,1.0,1303,ok,accepted,0,ok,0.3792755,0.0006481000164058059,0.345604199974332,0.03269120000186376,0,0.0011830000000010443,0.012446799999999314,0,222.27668600886264,1.4440533868107366,,3.671573304552652,0,0,0,,,,,,,,,,,,0,18.281722191072475,-0.3139878575971768,22.21506238541403,-0.21141064637809717,18.376300084993517,-0.008964670834087154,21.61774187087824,-0.2198792568448679,16.418553477587338,-0.6863023155636399,30.8232556579625,-0.010109031329438958,30.074613167533027,-0.8543057878666188,29.759854937967926,-1.219672786728259,29.57532482482988,-0.01792880316175214
1324,1.85,empty_shadow,ADA,0,0,1323,1.8,1,1,231.92289052767384,-201.57069009274633,,,,,,,0,0,30.396010629061532,-2.095451356647402,0.0,0.08021405339241028,0.0012018965790048242,0.0014683936024084687,30.235641292585957,0.007711574955348573,0,0,2.4406395746784733,13.591143701101236,2.435814341782901,occluder,,,,,0.55,1313,ok,accepted,0,ok,0.3792755,0.0006481000164058059,0.345604199974332,0.03269120000186376,1,0.0012413999999978387,0.013918000000000319,0,223.19026027335562,2.0524187102813585,,3.6793099072536677,0,0,0,,,,,,,,,,,,0,18.26557838747471,-0.3228760716488278,22.207816362194922,-0.1449204637527086,18.375441773795824,-0.017166223208237828,21.610142986565524,-0.15197768608556847,16.407366871747218,-0.22373211665429588,30.82392512781652,0.013389397321689079,30.03547900041572,-0.7826739162791139,29.703965827512633,-1.1177821934816372,29.575540369043676,0.00431088794078838
1325,1.9000000000000001,empty_shadow,ADA,0,0,1324,1.85,1,1,233.43970279322818,-201.56187186509558,,,,,,,0,0,30.2964719301439,-1.9907739783526779,0.0,0.05987030640244484,0.0012018965790048242,0.0014683936024084687,30.235641292585957,0.00776232874125692,0,0,2.970585883396701,13.701292513385106,2.968097690031612,occluder,,,,,0.6000000000000001,1313,ok,accepted,0,ok,0.3792755,0.0006481000164058059,0.345604199974332,0.03269120000186376,0,0.0012413999999978387,0.011567700000000514,0,224.1030410860689,2.6564501631224005,,3.6881281349044173,0,0,0,,,,,,,,,,,,0,18.249041671671208,-0.33073431597492936,22.203763240227467,-0.08106243860652988,18.374219162906794,-0.024452217732111692,21.60581138786294,-0.08663197304800081,16.383141629216297,-0.4845048503689222,30.82568178034083,0.035133052680791324,30.00007326082568,-0.7081004223409524,29.653464978393732,-1.0100169649773536,29.576793511236094,0.02506284766109521
1326,1.9500000000000002,empty_shadow,ADA,0,0,1325,1.9000000000000001,1,1,234.95172346615078,-201.55207870949374,,,,,,,0,0,30.202579861773987,-1.8778413673982186,0.0,0.03802059218287468,0.0026619210839271545,0.003252150025218725,29.991625832183708,0.0078106639740326365,0,0,3.5212233410852782,13.810114856355744,3.5206271463634575,occluder,,,,,0.6500000000000001,1313,ok,accepted,0,ok,0.3792755,0.0006481000164058059,0.345604199974332,0.03269120000186376,1,0.00118619999999936,0.011892199999998354,0,225.0149368838627,3.2565750382512135,,3.697921290506258,0,0,0,,,,,,,,,,,,0,18.23216354211228,-0.33756259118019133,22.202754245628867,-0.020179891037620065,18.37267611843898,-0.03086088942729429,21.60459830284482,-0.02426169843510664,16.381974325912235,-0.02334606574726956,30.828418805341347,0.05474050513564429,29.96851439436708,-0.6311579745434484,29.60860225333928,-0.897254482123164,29.5789907911351,0.04394560183898512
1327,2.0,empty_shadow,ADA,0,0,1326,1.9500000000000002,1,1,236.45919674431175,-201.54147838932454,,,,,,,0,0,30.11468396925099,-1.7579178504599469,0.0,0.01473885029554367,0.0026619210839271545,0.003252150025218725,29.991625832183708,0.007856322693660236,0,0,4.082540920828446,13.916560761570016,4.083372042377576,occluder,,,,,0.7,1313,ok,accepted,0,ok,0.3792755,0.0006481000164058059,0.345604199974332,0.03269120000186376,0,0.00118619999999936,0.010526899999998562,0,225.92606974224776,3.8529154580271268,,3.7085216106754615,0,0,0,,,,,,,,,,,,0,18.215001219253608,-0.343246457108223,22.204646328920987,0.03784166675198331,18.370854604882577,-0.03643027170073848,21.60634923653627,0.03501867669103872,16.367789365780496,-0.28369920211584027,30.83199887325335,0.07160136738267758,29.94089604540364,-0.5523430575452449,29.569526424562206,-0.7815165560250303,29.582019675102515,0.06057768319181295
1328,2.05,empty_shadow,ADA,0,0,1327,2.0,1,1,237.962458388721,-201.53026915431568,,,,,,,0,0,30.031502339162984,-1.6636326017601277,0.009547961875796318,0.0,0.0034615998156368732,0.004229141864925623,29.7775482909962,0.007899902239419441,0,0,4.649660676476737,14.02245956716113,4.651487453600185,occluder,,,,,0.7499999999999998,1313,ok,accepted,0,ok,0.3792755,0.0006481000164058059,0.345604199974332,0.03269120000186376,1,0.0011790999999981011,0.012664000000000897,0,226.83625655576597,4.4459902889181535,,3.7197308456843245,0,0,0,,,,,,,,,,,,0,18.1976023867908,-0.3479766489331239,22.209267827788864,0.09242997838005158,18.368800397497605,-0.041084147902884983,21.61089824909856,0.09098025515436178,16.376340002161196,0.17101272824706684,30.83628847116878,0.08579197166568542,29.91727369051072,-0.472419376648127,29.53619934522392,-0.6665415668349334,29.585758092691083,0.07476835553085717
1329,2.1,empty_shadow,ADA,0,0,1328,2.0500000000000003,1,1,239.46166111739493,-201.5188324221176,,,,,,,0,0,29.95064281899377,-1.6171904033842566,0.03617435693740845,0.0,0.0034615998156368732,0.004229141864925623,29.7775482909962,0.007942613693647365,0,0,5.219482774595784,14.131743220878187,5.221921485348089,occluder,,,,,0.8,1313,ok,accepted,0,ok,0.3792755,0.0006481000164058059,0.345604199974332,0.03269120000186376,0,0.0011790999999981011,0.01067910000000083,0,227.74564991229911,5.035799661058945,,3.7311675778823883,0,0,0,,,,,,,,,,,,0,18.180033801872842,-0.3513716975805791,22.216441359641614,0.1434706380623639,18.366549735267682,-0.045013244545212584,21.6180641436113,0.14331789480625903,16.37178715335554,-0.09105697545257568,30.841131196570505,0.09685452603737797,29.89766844811081,-0.39207435856500356,29.508485593337472,-0.5542750178081507,29.5900668073595,0.08617429700101387
1330,2.15,empty_shadow,ADA,0,0,1329,2.1,1,1,240.95683552078538,-201.50738180535402,,,,,,,0,0,29.87241359946614,-1.564584390552639,0.06696713715791702,0.0,0.0036613489501178265,0.004473181441426277,29.59337871221413,0.007984266282448865,0,0,5.790373227526469,14.243668411997547,5.793094837995366,occluder,,,,,0.8499999999999999,1313,ok,accepted,0,ok,0.3792755,0.0006481000164058059,0.345604199974332,0.03269120000186376,1,0.0012214000000021485,0.010164499999998355,0,228.65406671159448,5.622557265154029,,3.742618194645985,0,0,0,,,,,,,,,,,,0,18.162343148153653,-0.35381307296109826,22.225980003476373,0.19077287780201727,18.364148393806957,-0.04802682881622604,21.627659999322113,0.1919171194999991,16.389399603626227,0.35224900624955746,30.84638590623129,0.10509421582550948,29.882086145144854,-0.3116139716868449,29.486181082365295,-0.446090199913147,29.5948123052113,0.09490996066676827
1331,2.1999999999999997,empty_shadow,ADA,0,0,1330,2.15,1,1,242.44825638200882,-201.49628342124413,,,,,,,0,0,29.797630699606735,-1.4956579971880757,0.1013609915971756,0.0,0.0036613489501178265,0.004473181441426277,29.59337871221413,0.00802439096517208,0,0,6.361202615692412,14.356373188358099,6.363931770904377,occluder,,,,,0.8999999999999997,1313,ok,accepted,0,ok,0.3792755,0.0006481000164058059,0.345604199974332,0.03269120000186376,0,0.0012214000000021485,0.007839899999996902,0,229.56169004869935,6.206354789272609,,3.7537165787558706,0,0,0,,,,,,,,,,,,0,18.144587645197575,-0.3551100571206437,22.23768920981866,0.23418412802231073,18.361634519946957,-0.05027747642705945,21.639476008993984,0.2363201989837815,16.393725462231934,0.0865171730562586,30.851890477030654,0.11009144225799053,29.87048489345126,-0.23199258690583774,29.46907028134977,-0.34221600175117867,29.599876330038448,0.10128050002543386
1332,2.25,empty_shadow,ADA,0,0,1331,2.2,1,1,243.93601534228588,-201.48579663795454,,,,,,,0,0,29.7269074061108,-1.4144658699186863,0.13513058423995972,0.0,0.003339234506711364,0.004079644568264484,29.439143636763475,0.008062616392922932,0,0,6.931455890946388,14.468226154914795,6.933976425873936,occluder,,,,,0.95,1313,ok,accepted,0,ok,0.3792755,0.0006481000164058059,0.345604199974332,0.03269120000186376,1,0.0017707999999991841,0.014785499999998564,0,230.46833682336108,6.787466974887934,,3.764203362045464,0,0,0,,,,,,,,,,,,0,18.126826422466923,-0.3552244513652318,22.251351541705915,0.27324663886433775,18.359048167691327,-0.05172704399731987,21.653304271659973,0.27656525903116924,16.41940408955367,0.5135725475053606,30.857519026181226,0.11257101095791153,29.862807510285485,-0.1535160243735825,29.456920493960894,-0.24299573014636505,29.605131089551,0.10509519362264422
1333,2.3,empty_shadow,ADA,0,0,1332,2.25,1,1,245.42038714309,-201.47616550239903,,,,,,,0,0,29.660569785684885,-1.3267524085183169,0.16773685812950134,0.0,0.003339234506711364,0.004079644568264484,29.439143636763475,0.008098720186353972,0,0,7.500681703269667,14.578003231610554,7.502824837009486,occluder,,,,,0.9999999999999998,1313,ok,accepted,1,ok,0.5130628,0.0008074000070337206,0.47887140000239015,0.03303849999792874,0,0.0017707999999991841,0.01225600000000071,0,231.3741901410377,7.3659854580154445,,3.773834497600973,0,0,0,,,,,,,,,,,,0,18.10910906993978,-0.3543470463018006,22.266755282572202,0.3080748185191599,18.35641985579177,-0.05256623646272274,21.668915904724383,0.31223266734668287,16.431504301036995,0.24200423080483938,30.863139947121905,0.11241844724156426,29.858956726846927,-0.07698586957761168,29.449432266265905,-0.14976453742319298,29.61048693837404,0.10711697973440013
1334,2.35,empty_shadow,ADA,0,0,1333,2.3000000000000003,1,1,246.9015854959472,-201.46764934110115,,,,,,,0,0,29.598757061621008,-1.2362544812775411,0.19898782670497894,0.0,0.004142355173826218,0.005060841795057058,29.224176714125274,0.008132580028841128,0,0,8.068878709080014,14.684744449119739,8.07047983221691,occluder,,,,,0.6499999999999999,1321,ok,accepted,0,ok,0.5130628,0.0008074000070337206,0.47887140000239015,0.03303849999792874,1,0.0012169000000028518,0.010422500000000667,0,232.27906689106578,7.942307060844541,,3.7823506588988494,0,0,0,,,,,,,,,,,,0,18.091498530035654,-0.3522107927964056,22.283671551453164,0.338325378737325,18.35379154416889,-0.05256623073851145,21.686083935535667,0.34336062187620153,16.463978811397592,0.6494902084616301,30.868648336810796,0.11016782076638183,29.858823802808846,-0.0026313603308400764,29.44631949579151,-0.06225539431490694,29.615859953203042,0.1074602997688217
1335,2.4,empty_shadow,ADA,0,0,1334,2.35,1,1,248.3798241384104,-201.46058377452533,,,,,,,0,0,29.541524475355672,-1.1446517253067157,0.22884558141231537,0.0,0.004142355173826218,0.005060841795057058,29.224176714125274,0.008164120635165664,0,0,8.635758883871926,14.787620027068694,8.636664924848114,occluder,,,,,0.6999999999999997,1321,ok,accepted,0,ok,0.5130628,0.0008074000070337206,0.47887140000239015,0.03303849999792874,0,0.0012169000000028518,0.007733900000001626,0,233.1831807120959,8.516431882277658,,3.7894162254746675,0,0,0,,,,,,,,,,,,0,18.0740443937153,-0.34908272006977137,22.301873372988958,0.36403643189355156,18.351188029625646,-0.052070288820078345,21.704575665791264,0.36983461096843334,16.482525862123147,0.370941015699733,30.873950735907354,0.1060480059287318,29.86226755217403,0.06889881724381475,29.447359022662503,0.020790551253999697,29.621175747457723,0.10631588730201778
1336,2.45,empty_shadow,ADA,0,0,1335,2.4000000000000004,1,1,249.85537771305067,-201.45492293260997,,,,,,,0,0,29.48887940204684,-1.0529014661766212,0.2573566436767578,0.0,0.0028860594611614943,0.0035259868018329144,29.074292278709425,0.008193295373008305,0,0,9.201603307332405,14.885836627148898,9.20173541800199,occluder,,,,,0.75,1321,ok,accepted,0,ok,0.5130628,0.0008074000070337206,0.47887140000239015,0.03303849999792874,1,0.0015555000000020414,0.0129166000000005,0,234.0863484830538,9.08881768596001,,3.795077067390025,0,0,0,,,,,,,,,,,,0,18.056796251110335,-0.3449628451788539,22.32112614338108,0.3850554090547886,18.34863791660069,-0.05100225885792666,21.72415649262156,0.3916165422176183,16.520350486088514,0.7564924806385176,30.878974665399337,0.10047860998782071,29.869141051556017,0.13749019341625704,29.452381092790635,0.10044141507001855,29.626365657055267,0.10379819509406836
1337,2.5,empty_shadow,ADA,0,0,1336,2.45,1,1,251.32849043855964,-201.45089561389153,,,,,,,0,0,29.440727319708277,-0.9630416467712877,0.28462153673171997,0.0,0.0028860594611614943,0.0035259868018329144,29.074292278709425,0.008220117340131863,0,0,9.76637309374216,14.978764186024462,9.765696417450663,occluder,,,,,0.7999999999999998,1321,ok,accepted,0,ok,0.5130628,0.0008074000070337206,0.47887140000239015,0.03303849999792874,0,0.0015555000000020414,0.009734099999999302,0,234.98869227945028,9.659586615072499,,3.7991043861084677,0,0,0,,,,,,,,,,,,0,18.03980941617456,-0.3397366907436353,22.3412047962366,0.40157305824645845,18.346165997134776,-0.049438389009707144,21.744586093906044,0.40859202967667957,16.543869994411857,0.4703901678393515,30.883645739740132,0.09342150042348148,29.87925159358312,0.20222725063408564,29.461238840303896,0.17715496149949256,29.63136864633755,0.10005978778544868
1338,2.55,empty_shadow,ADA,0,0,1337,2.5,1,1,252.79928432798334,-201.44833393005698,,,,,,,0,0,29.39702076647376,-0.87413106469036,0.31074535846710205,0.0,0.0011983889853581786,0.0014641083544120193,28.954359332632208,0.00824457722050494,0,0,10.330149072879824,15.065721775072847,10.328703312709175,occluder,,,,,0.8499999999999996,1321,ok,accepted,0,ok,0.5130628,0.0008074000070337206,0.47887140000239015,0.03303849999792874,1,0.00117609999999857,0.01078369999999751,0,235.89018158370897,10.228891200237513,,3.8016660699430247,0,0,0,,,,,,,,,,,,0,18.02312966511801,-0.3335950122494608,22.361880448853316,0.41351305353716994,18.34379897612562,-0.04734042036865321,21.765639402722474,0.42106617861151185,16.58549214931218,0.8324430994495621,30.88790292324628,0.08514367909738568,29.89240455988214,0.2630720460360885,29.47378730668733,0.25096933770393204,29.63611414399973,0.09490995641198453
1339,2.6,empty_shadow,ADA,0,0,1338,2.5500000000000003,1,1,254.26800356878115,-201.4473751269136,,,,,,,0,0,29.357628282763805,-0.7878496741990659,0.3358477056026459,0.0,0.0011983889853581786,0.0014641083544120193,28.954359332632208,0.00826671643950776,0,0,10.893048520157926,15.146142242364016,10.890906728794995,occluder,,,,,0.8999999999999999,1321,ok,accepted,0,ok,0.5130628,0.0008074000070337206,0.47887140000239015,0.03303849999792874,0,0.00117609999999857,0.011941600000000108,0,236.79084691340623,10.796945111338061,,3.802624873086387,0,0,0,,,,,,,,,,,,0,18.00680849622214,-0.32642336827716023,22.38293757165352,0.421142457142115,18.34155401729311,-0.04489917849229029,21.787093258434755,0.4290771151367755,16.612435349256057,0.5388640001944798,30.89169471840809,0.07583590854464588,29.908380538991928,0.31952886219602117,29.489864367328803,0.3215412217686573,29.640571631415476,0.0891497503953456
1340,2.65,empty_shadow,ADA,0,0,1339,2.6,1,1,255.7349532742519,-201.4478359948956,,,,,,,0,0,29.322502545784985,-0.7025147395764009,0.3600228428840637,0.0,-0.0005902497796341777,-0.0007211261545307934,28.864385692805932,0.008286532970764775,0,0,11.455341877718912,15.21932384619809,11.452638712948024,occluder,,,,,0.9499999999999997,1321,ok,accepted,0,ok,0.5130628,0.0008074000070337206,0.47887140000239015,0.03303849999792874,1,0.0013977999999994495,0.013749199999999462,0,237.69068827374744,11.364053456467587,,3.8021640051044017,0,0,0,,,,,,,,,,,,0,17.990887871026725,-0.31841249367534874,22.40416635615799,0.42457569118581084,18.339454008285372,-0.042000182165794146,21.808728316884768,0.4327011684984396,16.65628910270709,0.8770750704337227,30.8949562752077,0.06523113951003401,29.926952496746157,0.3714454693894029,29.509283102059918,0.38837470255809947,29.64469533343639,0.08247404361235679
1341,2.7,empty_shadow,ADA,0,0,1340,2.6500000000000004,1,1,257.2002249346599,-201.4495333973125,,,,,,,0,0,29.2915210903694,-0.6196291083116989,0.3833494186401367,0.0,-0.0005902497796341777,-0.0007211261545307934,28.864385692805932,0.008304070661985996,0,0,12.017059366514824,15.284763610563896,12.013948782312319,occluder,,,,,1.0,1321,ok,accepted,0,ok,0.5130628,0.0008074000070337206,0.47887140000239015,0.03303849999792874,0,0.0013977999999994495,0.009123599999998788,0,238.5897361718982,11.930277218724825,,3.800466602687493,0,0,0,,,,,,,,,,,,0,17.975407842865728,-0.3096005531300062,22.425364622700528,0.42396533200573444,18.33751231083857,-0.03883394980813332,21.830348122153413,0.43239610402887757,16.685124393080613,0.576705808749666,30.897657076969292,0.05401603655437842,29.94788005721274,0.41855508303566397,29.53182416583372,0.4508212825215352,29.648445191405543,0.0749971610877481
1342,2.75,empty_shadow,ADA,0,0,1341,2.7,1,1,258.66406261253513,-201.4522383690555,,,,,,,0,0,29.26460874031064,-0.538247001175236,0.4059143364429474,0.0,-0.0021899554412811995,-0.0026755353901535273,28.80438048562406,0.008319350176646811,0,0,12.578367201299665,15.341885917873931,12.57504409556948,occluder,,,,,1.0499999999999998,1321,ok,accepted,0,ok,0.5130628,0.0008074000070337206,0.47887140000239015,0.03303849999792874,1,0.001183499999999782,0.009901000000002824,0,239.48805164301118,12.495799425487093,,3.797761630944507,0,0,0,,,,,,,,,,,,0,17.9604141890034,-0.2998730667415938,22.446337822521354,0.4194639974915291,18.33574036693656,-0.03543887756614742,21.85174858870279,0.42800933006831926,16.729706753301972,0.8916472059126191,30.899755161576568,0.041961692004818585,29.97090759684363,0.4605528090622418,29.557243416891726,0.5083850269387897,29.65179068842403,0.06690994124734187
1343,2.8,empty_shadow,ADA,0,0,1342,2.75,1,1,260.12661881767855,-201.45572197624804,,,,,,,0,0,29.241679711397932,-0.45858057825412857,0.42778173089027405,0.0,-0.0021899554412811995,-0.0026755353901535273,28.80438048562406,0.008332401450331244,0,0,13.139407863154828,15.39017561640141,13.136071597796851,occluder,,,,,1.0999999999999996,1321,ok,accepted,0,ok,0.5130628,0.0008074000070337206,0.47887140000239015,0.03303849999792874,0,0.001183499999999782,0.007868399999999554,0,240.38563469749715,13.06077257614453,,3.794278023751957,0,0,0,,,,,,,,,,,,0,17.945937427755098,-0.28953521367333435,22.4669219228367,0.4116820074280148,18.334149623492145,-0.031814867376280344,21.872752329388415,0.4200748148980743,16.758986454736874,0.5855940301086531,30.9012238247451,0.029373263252520806,29.99577569098654,0.49736266976574156,29.58526428861808,0.5604174387576932,29.65470321463077,0.058250525014956006
1344,2.85,empty_shadow,ADA,0,0,1343,2.8000000000000003,1,1,261.58825965169314,-201.45966365940916,,,,,,,0,0,29.22264992742148,-0.3805956795290655,0.4490002691745758,0.0,-0.00336031848564744,-0.004105403553694487,28.77435413560269,0.008343256596763302,0,0,13.700512479723407,15.429182012217098,13.697377585617243,occluder,,,,,1.15,1321,ok,accepted,0,ok,0.5130628,0.0008074000070337206,0.47887140000239015,0.03303849999792874,1,0.0019270999999996263,0.012490800000001911,0,241.28251584772713,13.625532259929145,,3.790336340590841,0,0,0,,,,,,,,,,,,0,17.932011890268264,-0.2785107385867808,22.486941447660055,0.4003904971342075,18.332745801289292,-0.02807644187703597,21.893185774348535,0.40866890328173217,16.802927946670167,0.8788298399501775,30.90204208634299,0.016365232717079816,30.022226833237006,0.529022976742398,29.61559495708948,0.6066133723967255,29.65715987911316,0.04913328951819991
1345,2.9,empty_shadow,ADA,0,0,1344,2.85,1,1,263.04901551243137,-201.46371245600005,,,,,,,0,0,29.207441759635195,-0.3041633557256773,0.46961548924446106,0.0,-0.00336031848564744,-0.004105403553694487,28.77435413560269,0.008351947038235032,0,0,14.26165315898133,15.458488199899698,14.258924633409537,occluder,,,,,1.1999999999999997,1321,ok,accepted,0,ok,0.5130628,0.0008074000070337206,0.47887140000239015,0.03303849999792874,0,0.0019270999999996263,0.01099800000000073,0,242.17875612885376,14.190047839540739,,3.786287543999947,0,0,0,,,,,,,,,,,,0,17.91867572257569,-0.2667233435094686,22.506257160752984,0.3863142630153599,18.33153462442363,-0.024223535308861597,21.91290587172691,0.39440195461517885,16.831341713329486,0.5682753337131374,30.90219850147242,0.0031283049004172505,30.04999017778523,0.5552668971066113,29.647911172095714,0.6463243016550084,29.659151145791373,0.03982533313085427
1346,2.95,empty_shadow,ADA,0,0,1345,2.9000000000000004,1,1,264.5090999552575,-201.46766992889903,,,,,,,0,0,29.19597803367755,-0.22927451915286667,0.48966580629348755,0.0,-0.003944792319089174,-0.004819473251700401,28.77431861335351,0.008358506761656889,0,0,14.823031085882587,15.4777171417326,14.82090110096097,occluder,,,,,1.25,1321,ok,accepted,0,ok,0.5130628,0.0008074000070337206,0.47887140000239015,0.03303849999792874,1,0.0011911999999973943,0.010560500000000417,0,243.07435554608242,14.75453286513823,,3.782330071100972,0,0,0,,,,,,,,,,,,0,17.90595562853465,-0.2544018706272144,22.524733640544714,0.3695295969909405,18.33052372120056,-0.020218063501488085,21.931775292021673,0.37738841544031865,16.87343307570404,0.8418272489858574,30.90168353349044,-0.010299355217969684,30.07879679584216,0.5761326858400878,29.681892499649077,0.6796265515830632,29.660677014667836,0.030517377554281754
1347,3.0,empty_shadow,ADA,0,0,1346,2.95,1,1,265.9686959502897,-201.47113928714882,,,,,,,0,0,29.188182693325327,-0.155906807044488,0.5091185569763184,0.0,-0.003944792319089174,-0.004819473251700401,28.77431861335351,0.008362971792521368,0,0,15.384863231605266,15.486613148707217,15.383502403387412,occluder,,,,,1.2999999999999998,1321,ok,accepted,0,ok,0.5130628,0.0008074000070337206,0.47887140000239015,0.03303849999792874,0,0.0011911999999973943,0.009871100000001576,0,243.96928357142605,15.319200834826802,,3.778860712851184,0,0,0,,,,,,,,,,,,0,17.893872587988866,-0.24166080157568434,22.54226407642014,0.35060871852773434,18.329711183656798,-0.016250749589817853,21.94966814962918,0.3578571632011809,16.899849848018725,0.5283354474756067,30.90050481090623,-0.02357444505887851,30.10838348745803,0.5917348144495405,29.7172089673369,0.7063293533631712,29.66173748459442,0.02120940010544379
1348,3.05,empty_shadow,ADA,0,0,1347,3.0,1,1,267.4280783118766,-201.47457820069775,,,,,,,0,0,29.184023621742806,-0.08318143165041647,0.528124988079071,0.0,0.002808214398100972,0.0034308810718357563,32.153957,0.008365355497706756,0,0,15.94729433742934,15.484818238201033,15.946491592943838,occluder,,,,,1.3499999999999996,1321,ok,stale_plan,0,ok,0.5130628,0.0008074000070337206,0.47887140000239015,0.03303849999792874,1,0.0021205999999978076,0.014298699999997666,0,244.86360124524265,15.884265522597104,,3.7754217993022507,0,0,0,,,,,,,,,,,,0,17.88245521213326,-0.22834750800652814,22.558735933276115,0.329437138238933,18.329087477617026,-0.012474120368790916,21.96648716899287,0.3363803985362862,16.939095448392784,0.7849120086252204,30.898669963219252,-0.03669694470553741,30.138490873325175,0.6021495829405691,29.753519160270265,0.7262038580314167,29.662342093275726,0.012092177860214362
1349,3.1,empty_shadow,ADA,0,0,1348,3.0500000000000003,1,1,268.8873386187743,-201.4780629322543,,,,,,,0,0,29.183443617862615,-0.011600077603830528,0.5466010570526123,0.0,0.002808214398100972,0.0034308810718357563,32.153957,0.00836568799859713,0,0,16.510297402136136,15.472062261170983,16.509680898378093,occluder,,,,,1.4,1321,ok,stale_plan,0,ok,0.5130628,0.0008074000070337206,0.47887140000239015,0.03303849999792874,0,0.0021205999999978076,0.008254999999998347,0,245.75740012026137,16.44972695447609,,3.7719370677457107,0,0,0,,,,,,,,,,,,0,17.871722574346304,-0.21465274701556233,22.574067195967185,0.3066252548741538,18.32865641741334,-0.008621204154984706,21.982138889355248,0.31303441754954686,16.962576812126745,0.46962727574638574,30.896199970418436,-0.04939984489790908,30.168863390046234,0.6074532107849696,29.790491199118897,0.7394407767405662,29.662504194276956,0.0032420273385487365
1350,3.15,empty_shadow,ADA,0,0,1349,3.1,1,1,270.34662937557835,-201.48134928915377,,,,,,,0,0,29.186382568776718,0.058779018282066886,0.5645368099212646,0.0,0.0029877752531319857,0.0036502559669315815,32.153957,0.008364003379972855,0,0,17.074005803536622,15.448230731528179,17.073281524371573,occluder,,,,,1.4499999999999997,1321,ok,stale_plan,0,ok,0.5130628,0.0008074000070337206,0.47887140000239015,0.03303849999792874,1,0.0014043000000008021,0.011562100000002573,0,246.65071075049616,17.01570708104532,,3.768650710846231,0,0,0,,,,,,,,,,,,0,17.861689933345538,-0.20065281177201763,22.588191108732474,0.2824782560494218,18.328408465182367,-0.004959044897231923,21.996556552827936,0.2883532778817604,16.99818319219961,0.7121276024614973,30.89311581385938,-0.061683117766756064,30.199255011441792,0.6078363205138153,29.827806556465948,0.7463071480291879,29.6622428618216,-0.005226638626033575
1351,3.2,empty_shadow,ADA,0,0,1350,3.1500000000000004,1,1,271.8061948165964,-201.48471184629713,,,,,,,0,0,29.19278262807577,0.12800118598100596,0.5819417834281921,0.0,0.0029877752531319857,0.0036502559669315815,32.153957,0.008360336600008754,0,0,17.638613547109397,15.413315456629421,17.637552188697118,occluder,,,,,1.5,1321,ok,stale_plan,0,ok,0.5130628,0.0008074000070337206,0.47887140000239015,0.03303849999792874,0,0.0014043000000008021,0.01119680000000045,0,247.543533094304,17.582450178255556,,3.765288153702869,0,0,0,,,,,,,,,,,,0,17.85236872664073,-0.18642413005754166,22.601052360986763,0.25722504511116945,18.3283398070481,-0.0013731635173384181,22.009679124603846,0.2624514420857714,17.018000539173226,0.39634694050151603,30.889461361391582,-0.07308903433020732,30.22942733839527,0.6034513781263982,29.86513716862447,0.7466122465704847,29.661580984710334,-0.013237528983458535
1352,3.25,empty_shadow,ADA,0,0,1351,3.2,1,1,273.26621806290285,-201.48819631758425,,,,,,,0,0,29.202527776694268,0.194902972369988,0.5988288521766663,0.0,0.0027705589309334755,0.003384876297786832,32.153957,0.008354757950289652,0,0,18.204289656654133,15.367505020646796,18.20272923334962,occluder,,,,,1.5499999999999998,1321,ok,stale_plan,0,ok,0.5130628,0.0008074000070337206,0.47887140000239015,0.03303849999792874,1,0.0018938999999988937,0.014755999999998437,0,248.43586716209566,18.150139356770325,,3.7618036824157457,0,0,0,,,,,,,,,,,,0,17.843776122272466,-0.17185208622344497,22.612612806267094,0.23120890494675575,18.328442811658256,0.0020600920912596204,22.021466549195978,0.2357484960640508,17.049397400921162,0.6279372358453515,30.885267130792467,-0.0838845953500561,30.259151504885867,0.5944889529544752,29.902196932500324,0.7411952845215006,29.66054717411447,-0.020676196897651076
1353,3.3,empty_shadow,ADA,0,0,1352,3.25,1,1,274.7267602277311,-201.49203156401614,,,,,,,0,0,29.215526095024742,0.2599663666094898,0.6152811646461487,0.0,0.0027705589309334755,0.003384876297786832,32.153957,0.008347325696683406,0,0,18.770944453518272,15.311047887194626,18.76876959357852,occluder,,,,,1.5999999999999996,1321,ok,stale_plan,0,ok,0.5130628,0.0008074000070337206,0.47887140000239015,0.03303849999792874,0,0.0018938999999988937,0.008610599999997248,0,249.32783501897111,18.71871366472314,,3.757968435983855,0,0,0,,,,,,,,,,,,0,17.835925470308126,-0.15701304205108943,22.622843830979118,0.20462049367675023,18.32870985018222,0.005340770685960741,22.03189021550945,0.20847332825169196,17.06501858198892,0.3124236221050722,30.88055791691748,-0.09418425979320798,30.288219620291933,0.58136850388008,29.938680673158014,0.7296748246645831,29.659166226533866,-0.027618936054700158
1354,3.35,empty_shadow,ADA,0,0,1353,3.3000000000000003,1,1,276.1880960213224,-201.4963700797776,,,,,,,0,0,29.23169922737413,0.3234626469877355,0.6313244700431824,0.0,0.0023345625959336758,0.0028522061184048653,32.153957,0.00833809196745918,0,0,19.338801639252864,15.244187965963153,19.335948679763483,occluder,,,,,1.65,1321,ok,stale_plan,0,ok,0.5130628,0.0008074000070337206,0.47887140000239015,0.03303849999792874,1,0.001159400000002364,0.013315099999999802,0,250.21946717730134,19.28841729998419,,3.7536299202224086,0,0,0,,,,,,,,,,,,0,17.828812957592824,-0.14225026028636828,22.631743526320715,0.17799390677021765,18.32912757047655,0.00835440644920432,22.04094058854524,0.1810074616049777,17.091841622644193,0.5364608137513007,30.87537186698964,-0.1037209797813655,30.316427603449426,0.5641662087317586,29.974328991239858,0.7129663787002454,29.65746484571417,-0.03402760150514517
1355,3.4,empty_shadow,ADA,0,0,1354,3.35,1,1,277.6502865204723,-201.50133391435241,,,,,,,0,0,29.250965204052306,0.3853195335635462,0.6469778418540955,0.0,0.0023345625959336758,0.0028522061184048653,32.153957,0.00832711242178418,0,0,19.90793315586756,15.167268802172993,19.90436779953375,occluder,,,,,1.6999999999999997,1321,ok,stale_plan,1,ok,1.1120537,0.3358058999874629,0.7451951999973971,0.03070030000526458,0,0.001159400000002364,0.009947600000000278,0,251.11073309348302,19.859341882952435,,3.748666085647585,0,0,0,,,,,,,,,,,,0,17.822448122061285,-0.12729671913609675,22.63930807944399,0.1512910631459364,18.32969025166708,0.011253624809852219,22.048623389515296,0.15365601944350585,17.102936666202442,0.22190087170313863,30.86974903469771,-0.11245662653656564,30.343596162320267,0.5433778156741058,30.008897748470556,0.6913751665780365,29.655471643131,-0.03986403871942472
1356,3.45,empty_shadow,ADA,0,0,1355,3.4000000000000004,1,1,279.113515070087,-201.50762490953198,,,,,,,0,0,29.273122657424157,0.44314906743700533,0.6622630953788757,0.0,0.006815834436565638,0.008327112533152103,31.452708514246822,0.008314511834419051,1,0,20.47844761976527,15.080907049985798,20.47390240401409,occluder,,,,,1.25,1331,ok,accepted,0,ok,1.1120537,0.3358058999874629,0.7451951999973971,0.03070030000526458,1,0.0012559000000003095,0.010689299999999236,0,252.0016633215303,20.431640204519823,,3.742375090468016,0,0,0,,,,,,,,,,,,0,17.81682715453213,-0.1124193576014539,22.645552747563013,0.1248933638350371,18.330380725698838,0.013809481916753626,22.054936711391754,0.12626643730050038,17.125008501257717,0.44143670165288057,30.863733288877736,-0.12031489682846981,30.369555535832227,0.5191939580929021,30.04215043372186,0.6650537319914507,29.653217136376327,-0.04509012610688686
1357,3.5,empty_shadow,ADA,0,0,1356,3.45,1,1,280.5779648745268,-201.51553291982694,,,,,,,0,0,29.29827518008789,0.503050453274696,0.6772794723510742,0.0,0.006815834436565638,0.008327112533152103,31.452708514246822,0.008300242627953524,1,0,21.050416328974983,14.985188569647713,21.044545920797226,occluder,,,,,1.2999999999999998,1331,ok,accepted,0,ok,1.1120537,0.3358058999874629,0.7451951999973971,0.03070030000526458,0,0.0012559000000003095,0.00816769999999778,0,252.89234940376136,21.005403926728576,,3.7344670801730615,0,0,0,,,,,,,,,,,,0,17.811951960483256,-0.09750388736906114,22.6504985121098,0.09891529325427205,18.331191363199334,0.016212751564581886,22.059922516178194,0.09971609566891389,17.131430540641826,0.12844078810124585,30.857374217677187,-0.12718140615957574,30.394153124524763,0.4919579013593074,30.073877239004062,0.6345361371006892,29.650733749265054,-0.049667733350315636
1358,3.55,empty_shadow,ADA,0,0,1357,3.5,1,1,282.04372731994846,-201.5245696327834,,,,,,,0,0,29.326538584569658,0.5652680896353246,0.6919228434562683,0.0,0.0009165747906081378,0.0011198073625564575,32.153957,0.00828425237861833,0,0,21.623934892941463,14.880212732513598,21.616799236608006,occluder,,,,,1.3499999999999996,1331,ok,stale_plan,0,ok,1.1120537,0.3358058999874629,0.7451951999973971,0.03070030000526458,1,0.0011428999999978373,0.01532439999999724,0,253.78282186295797,21.58069391295362,,3.725430367216603,0,0,0,,,,,,,,,,,,0,17.807820633025294,-0.08262655443336556,22.654187335063977,0.07377646228139292,18.332104997817662,0.01827269412670431,22.063601785016274,0.07358537717088516,17.148745449976175,0.3462981869375245,30.85071187524353,-0.13324683293983944,30.417251583753632,0.4619747766917439,30.10389696674265,0.6003945896497924,29.648052001825334,-0.05363494323202983
1359,3.6,empty_shadow,ADA,0,0,1358,3.5500000000000003,1,1,283.51098555865843,-201.53487231503024,,,,,,,0,0,29.357655393222668,0.6223361730602051,0.706051766872406,0.0,0.0009165747906081378,0.0011198073625564575,32.153957,0.008266701172337463,0,0,22.199147189566542,14.766784255562035,22.190979436263152,occluder,,,,,1.4,1331,ok,stale_plan,0,ok,1.1120537,0.3358058999874629,0.7451951999973971,0.03070030000526458,0,0.0011428999999978373,0.008216499999999627,0,254.6731112166965,22.15766279792507,,3.715127684969758,0,0,0,,,,,,,,,,,,0,17.804427449710083,-0.06786367055442645,22.656663084284595,0.04951498798984824,18.333112094104738,0.02014192780401957,22.066027924870593,0.04852279803010858,17.150507838031974,0.03524776132768857,30.843788222690343,-0.138473040372108,30.438736453647,0.4297023184265764,30.13204176984335,0.5628960999857551,29.645206225326692,-0.056915525852956436
1360,3.65,empty_shadow,ADA,0,0,1359,3.6,1,1,284.979892183744,-201.54645617330175,,,,,,,0,0,29.391628022777006,0.6794525910867577,0.7198000550270081,0.0,-8.07078140496742e-06,-9.860319551080465e-06,32.153957,0.008247602772855647,0,0,22.776175167523977,14.645288974731658,22.767197843255836,occluder,,,,,1.4499999999999997,1331,ok,stale_plan,0,ok,1.1120537,0.3358058999874629,0.7451951999973971,0.03070030000526458,1,0.0011657000000013795,0.014239400000001012,0,255.56324798255326,22.736432657153898,,3.703543826698251,0,0,0,,,,,,,,,,,,0,17.80177050298931,-0.053138937651810964,22.6579772579595,0.026283477196342924,18.33420310650379,0.021820249196892787,22.067256247488174,0.024566454078308188,17.163220315444246,0.25424954841067055,30.836649036432462,-0.1427837151118926,30.458508532083897,0.3954457376344214,30.15817241358394,0.5226129131316763,29.642226937801503,-0.059585748068441635
1361,3.7,empty_shadow,ADA,0,0,1360,3.6500000000000004,1,1,286.45056929153736,-201.5593974598957,,,,,,,0,0,29.42838422367274,0.7351240179146856,0.7331491112709045,0.0,-8.07078140496742e-06,-9.860319551080465e-06,32.153957,0.008227013974194283,0,0,23.355077525001704,14.516314511476688,23.34548580148283,occluder,,,,,1.5,1331,ok,stale_plan,0,ok,1.1120537,0.3358058999874629,0.7451951999973971,0.03070030000526458,0,0.0011657000000013795,0.007372700000001231,0,256.4532932008864,23.31706454661412,,3.690602540104294,0,0,0,,,,,,,,,,,,0,17.79983453310614,-0.03871940009643844,22.65818898290289,0.0042345021612486995,18.335366590782765,0.023269685726349167,22.067349697463907,0.001869001667431721,17.160488989638726,-0.05462651592603605,30.82933436866837,-0.14629334924977155,30.476480060743942,0.35943395901350395,30.182166828151313,0.47988832857500413,29.639148471125257,-0.061569332338364625
1362,3.75,empty_shadow,ADA,0,0,1361,3.7,1,1,287.92307785993205,-201.5735283073206,,,,,,,0,0,29.46790462179949,0.7904079625350136,0.7461057901382446,0.0,-0.0007081631338223815,-0.0008651844691485167,32.153957,0.008204962712307976,0,0,23.93586345999169,14.380405918240626,23.925841062050683,occluder,,,,,1.5499999999999998,1331,ok,stale_plan,0,ok,1.1120537,0.3358058999874629,0.7451951999973971,0.03070030000526458,1,0.0014539000000013402,0.011066899999999436,0,257.34330789643775,23.899558419457435,,3.6764716926793994,0,0,0,,,,,,,,,,,,0,17.798610003514575,-0.024490593303409455,22.657370738902003,-0.01636487706687962,18.336585380678383,0.024375797237098294,22.066373124032207,-0.019531465979572456,17.16887560002411,0.167732207830317,30.821905255032156,-0.14858226939550107,30.492584263782632,0.3220866829388276,30.203925831901056,0.43518010976638827,29.63599943527979,-0.06298071636218881
1363,3.8,empty_shadow,ADA,0,0,1362,3.75,1,1,289.39772300743226,-201.58868076479877,,,,,,,0,0,29.510111970478253,0.8441469735752349,0.7586648464202881,0.0,-0.0007081631338223815,-0.0008651844691485167,32.153957,0.008181509965002423,0,0,24.51900150836588,14.238209054332085,24.508708964278437,occluder,,,,,1.5999999999999996,1331,ok,stale_plan,0,ok,1.1120537,0.3358058999874629,0.7451951999973971,0.03070030000526458,0,0.0014539000000013402,0.00967979999999713,0,258.23313949173644,24.48437197165896,,3.6613192352012334,0,0,0,,,,,,,,,,,,0,17.798083563875174,-0.010528793165177333,22.655608356401675,-0.03524764756725166,18.337851848804405,0.025329360443371394,22.06440091329149,-0.03944421159711918,17.16192712698439,-0.1389694607094131,30.814394119681005,-0.15022270578067462,30.506773438968104,0.28378541145563047,30.223380760709908,0.38909860736110935,29.63280844110694,-0.06381988350232129
1364,3.85,empty_shadow,ADA,0,0,1363,3.8000000000000003,1,1,290.8745657119314,-201.60468696483872,,,,,,,0,0,29.55496295661941,0.8970197228231314,0.7708682417869568,0.0,-0.0012315376661717892,-0.001504607149399817,32.153957,0.008156698289755258,0,0,25.104346297543252,14.090302020949332,25.093933094235705,occluder,,,,,1.65,1331,ok,stale_plan,0,ok,1.1120537,0.3358058999874629,0.7451951999973971,0.03070030000526458,1,0.001183499999999782,0.015537099999999526,0,259.1230015994061,25.071352568488408,,3.64531303516128,0,0,0,,,,,,,,,,,,0,17.798241861890027,0.0031659609343328452,22.652964777739786,-0.052871571368916806,18.33915645443253,0.026092110806707553,22.061511268420542,-0.05779289420076768,17.1663693416883,0.08884429410083713,30.806835294378878,-0.1511765063332873,30.519013240445435,0.2447973162382478,30.240466765111208,0.34172011478665215,29.629602190836273,-0.06412500546402862
1365,3.9,empty_shadow,ADA,0,0,1364,3.85,1,1,292.35366696693893,-201.6214248163135,,,,,,,0,0,29.602395448044312,0.9486498284980627,0.7827130556106567,0.0,-0.0012315376661717892,-0.001504607149399817,32.153957,0.008130581113157492,0,0,25.37854987241421,13.93728630546617,25.36653806459722,follower_1,,,,,1.6999999999999997,1331,ok,stale_plan,0,ok,1.1120537,0.3358058999874629,0.7451951999973971,0.03070030000526458,0,0.001183499999999782,0.012228700000001425,0,260.0129247474338,25.660530675468294,,3.6285751836865074,0,0,0,,,,,,,,,,,,0,17.799067732534922,0.01651741440061306,22.64952011078615,-0.0688933379106759,18.340482045353337,0.026511818124529053,22.05778811200603,-0.07446312491371619,17.155592820934174,-0.2155304150632247,30.79927074179164,-0.1512910519070768,30.52928839808935,0.20550392920716326,30.25514951312211,0.2936549821117178,29.62641120084312,-0.0638198000381824
1366,3.95,empty_shadow,ADA,0,0,1365,3.9000000000000004,1,1,293.83524029658713,-201.63860432937236,,,,,,,0,0,29.65235004542083,0.9990919475303883,0.7942401766777039,0.0,-0.0016119551146402955,-0.001969374716281891,32.153957,0.00810321060207667,0,0,25.320389207133474,13.779758124029785,25.3085899108908,follower_1,,,,,1.75,1331,ok,stale_plan,0,ok,1.1120537,0.3358058999874629,0.7451951999973971,0.03070030000526458,1,0.0012892999999998267,0.011093599999998816,0,260.9029394429852,26.252089309565065,,3.611395670627644,0,0,0,,,,,,,,,,,,0,17.80054591617622,0.02956367518765502,22.645354465018986,-0.08331291458497765,18.34182289562258,0.02681700647484729,22.05332681163295,-0.08922600403795171,17.15655603085004,0.019264198359252263,30.791750052544756,-0.15041378374198733,30.537589367235334,0.166019773530598,30.267413746190165,0.24528467829915163,29.62325073192437,-0.06320937765698002
1367,4.0,empty_shadow,ADA,0,0,1366,3.95,1,1,295.3193466787693,-201.6560576365238,,,,,,,0,0,29.704774434871602,1.048487789015411,0.8054410219192505,0.0,-0.0016119551146402955,-0.001969374716281891,32.153957,0.00807463522745645,0,0,25.26512780009753,13.618308205648596,25.253655748654563,follower_1,,,,,1.7999999999999998,1331,ok,stale_plan,0,ok,1.1120537,0.3358058999874629,0.7451951999973971,0.03070030000526458,0,0.0012892999999998267,0.017405899999999974,0,261.79298465611294,26.846150478619506,,3.593942363476202,0,0,0,,,,,,,,,,,,0,17.802657340427302,0.04222848788635871,22.640574651953916,-0.09559626086893812,18.34316565544521,0.026855198362573662,22.04819984665566,-0.10253929615629472,17.142411131794944,-0.2828979810792979,30.784296115191516,-0.14907874335751126,30.54393521938555,0.12691718146849407,30.27726137180866,0.19695252462005874,29.62013794783749,-0.06225568137929394
1368,4.05,empty_shadow,ADA,0,0,1367,4.0,1,1,296.8061996584391,-201.6735557830698,,,,,,,0,0,29.759616275020793,1.096836802983816,0.8163390159606934,0.0,-0.0018728148424997926,-0.002288074931129813,32.153957,0.00804490361408266,0,0,25.212979206670767,13.453445914249581,25.201936063910026,follower_1,,,,,1.8499999999999996,1331,ok,stale_plan,0,ok,1.1120537,0.3358058999874629,0.7451951999973971,0.03070030000526458,1,0.0011927000000007126,0.01218860000000177,0,262.68321297990417,27.44277513449805,,3.576444216930213,0,0,0,,,,,,,,,,,,0,17.80538102446979,0.05447368405085555,22.635247428089873,-0.10654447715702349,18.344498878392685,0.02666446149617793,22.04251021321488,-0.11379266529373017,17.140416044306118,-0.039901749762645176,30.77694516936274,-0.1470189092982394,30.54834121352864,0.08811989477860259,30.284713370908328,0.1490399900901749,29.617093830549162,-0.06088234374967045
1369,4.1,empty_shadow,ADA,0,0,1368,4.05,1,1,298.2959212642587,-201.69097665706178,,,,,,,0,0,29.81681625223881,1.1439995443603124,0.8269333839416504,0.0,-0.0018728148424997926,-0.002288074931129813,32.153957,0.008014068182888552,0,0,25.164095967886425,13.285727062130025,25.15356711366472,follower_1,,,,,1.8999999999999995,1331,ok,stale_plan,0,ok,1.1120537,0.3358058999874629,0.7451951999973971,0.03070030000526458,0,0.0011927000000007126,0.008980900000000958,0,263.57356336879536,28.04214635142648,,3.559023342938218,0,0,0,,,,,,,,,,,,0,17.808627322955456,0.06492597307672321,22.629468161802897,-0.11558532571430362,18.345820660818706,0.026435650589293678,22.03633802163423,-0.12344382844567474,17.12341966008253,-0.33992768447679356,30.769720104709393,-0.14450128186940808,30.550864573848266,0.0504672061544602,30.289802168426817,0.10177595506873308,29.614133637210458,-0.05920386422695679
1370,4.15,empty_shadow,ADA,0,0,1369,4.1000000000000005,1,1,299.7885419461345,-201.70812188384275,,,,,,,0,0,29.87633283226674,1.1903316005586362,0.8372331261634827,0.0,-0.0020311761181801558,-0.002481549745425582,32.153957,0.007982171727087312,0,0,25.11841697571633,13.115629788783405,25.108475963530328,follower_1,,,,,1.9500000000000002,1331,ok,stale_plan,0,ok,1.1120537,0.3358058999874629,0.7451951999973971,0.03070030000526458,1,0.002316000000000429,0.014430000000000831,0,264.4641273859264,28.644203016171218,,3.5418781161572497,0,0,0,,,,,,,,,,,,0,17.8123332934001,0.07411941225856439,22.623318869153177,-0.12298585300549852,18.347119557318415,0.025977930997660416,22.029778638381337,-0.13118766195024703,17.119028943552628,-0.08781433060224056,30.762659068255314,-0.14122071344803522,30.551541546895976,0.013539545330194662,30.292581170104544,0.055580035719831763,29.61127262712278,-0.05722019992580358
1371,4.2,empty_shadow,ADA,0,0,1370,4.15,1,1,301.28415322035784,-201.72488462066318,,,,,,,0,0,29.938114930287757,1.235641960420324,0.8472557067871094,0.0,-0.0020311761181801558,-0.002481549745425582,32.153957,0.007949262128858088,0,0,25.076094802426127,12.943632489027197,25.066802394225455,follower_1,,,,,2.0,1331,ok,stale_plan,0,ok,1.1120537,0.3358058999874629,0.7451951999973971,0.03070030000526458,0,0.002316000000000429,0.00916159999999877,0,265.3549050208865,29.249036655434452,,3.5251153793368246,0,0,0,,,,,,,,,,,,0,17.81646269449787,0.08258802589173808,22.616885380255027,-0.12866977796445989,18.348389846564476,0.02540578582960282,22.02291598689648,-0.13725302669520253,17.099739925238918,-0.3857803662663342,30.75579257767871,-0.1373297911199187,30.550440806877923,-0.02201455698864941,30.29311331836705,0.010642965798391392,29.60852605952132,-0.05493134818029328
1372,4.25,empty_shadow,ADA,0,0,1371,4.2,1,1,302.7829384162185,-201.74192093294982,,,,,,,0,0,30.002040180413967,1.2785050025242128,0.8565834760665894,0.0,0.006153935566544533,0.00794926192611456,31.723450683451677,0.00791542469959829,1,0,25.03731278251098,12.770307455183008,25.02818074405964,follower_1,,,,,0.9499999999999997,1353,ok,accepted,1,ok,0.8457971,0.0007958000060170889,0.7753443000256084,0.06931089999852702,1,0.0012109000000002368,0.013058900000000762,0,266.2458352437284,29.85689162845324,,3.5080790670501756,0,0,0,,,,,,,,,,,,0,17.82099264011436,0.09059891583858469,22.61025161937573,-0.13267521753521452,18.349623899752654,0.024681063986950347,22.01583399048798,-0.14163992527077326,17.093529597343288,-0.12420655791012278,30.749130172204644,-0.13324808566646995,30.54762912205166,-0.05623324402756915,30.291472999698456,-0.0328063735476074,29.605901562043222,-0.05248994697930943
1373,4.3,empty_shadow,ADA,0,0,1372,4.25,1,1,304.2849281658114,-201.75956650363182,,,,,,,0,0,30.06811490986226,1.321494588965848,0.8650927543640137,0.0,0.0065065594390034676,0.00794926192611456,31.723450683451677,0.007880676048947514,1,0,25.00207100446255,12.595911162655714,24.992391586944994,follower_1,,,,,0.9999999999999996,1353,ok,accepted,0,ok,0.8457971,0.0007958000060170889,0.7753443000256084,0.06931089999852702,0,0.0012109000000002368,0.009177499999999839,0,267.137009607181,30.467707014593486,,3.4904334963681833,0,0,0,,,,,,,,,,,,0,17.825904056681427,0.09822833439715585,22.60349960188081,-0.1350403497554813,18.350821715703894,0.023956318883567293,22.00860894237316,-0.14450095930817208,17.07251824343429,-0.42022707817916943,30.742694741772375,-0.1287085829979763,30.543190426476517,-0.08877322090676684,30.287747951983675,-0.07450095437752184,29.603408672792195,-0.04985778052716276
1374,4.35,empty_shadow,ADA,0,0,1373,4.3,1,1,305.7903360869655,-201.77780600104552,,,,,,,0,0,30.13620704076693,1.3618426180934051,0.8729515075683594,0.0,0.0064504207111895084,0.007880675606429577,32.03788966700893,0.007845105298425706,1,0,24.970522061367873,12.420966179879999,24.9597600931411,follower_1,,,,,1.0499999999999994,1353,ok,accepted,0,ok,0.8457971,0.0007958000060170889,0.7753443000256084,0.06931089999852702,1,0.001377699999999038,0.017730799999998936,0,268.0284891463972,31.081635396531453,,3.4721939989544808,0,0,0,,,,,,,,,,,,0,17.831181685361777,0.10555257617755943,22.596697993174786,-0.1360321739139687,18.351973758055223,0.02304084639377636,22.001326674841387,-0.14564534796711548,17.065071953727134,-0.14892579414263957,30.736499637940426,-0.1239020500279683,30.53721247280808,-0.11955814729231978,30.282037356871278,-0.11421190156508834,29.601055019457228,-0.04707306367842957
1375,4.4,empty_shadow,ADA,0,0,1374,4.3500000000000005,1,1,307.2991317714177,-201.79695987015336,,,,,,,0,0,30.206173441080548,1.3993280062723557,0.8800700902938843,0.0,0.0064504207111895084,0.007880675606429577,32.03788966700893,0.007808805716164114,1,0,24.942696574911153,12.24601810541246,24.930460800582505,follower_1,,,,,1.1,1353,ok,accepted,0,ok,0.8457971,0.0007958000060170889,0.7753443000256084,0.06931089999852702,0,0.001377699999999038,0.010378700000000407,0,268.9202128314295,31.698707395951317,,3.4530401298466415,0,0,0,,,,,,,,,,,,0,17.83680645261024,0.11249534703996568,22.58992308731213,-0.13549811699598602,18.353076213458216,0.022049107760674532,21.994061572766775,-0.14530203866127167,17.042912375964864,-0.4431915552450814,30.730575379925778,-0.11848513493608748,30.529794453558512,-0.14835923698757977,30.274451840722314,-0.15171032097415385,29.598844418068726,-0.04421202310313494
1376,4.45,empty_shadow,ADA,0,0,1375,4.4,1,1,308.81146794759536,-201.81744004618218,,,,,,,0,0,30.27787249043619,1.433980987112875,0.8868176937103271,0.0,0.006391594652086496,0.007808805909007788,32.34840268812483,0.0077718679516347935,1,0,24.918655720790582,12.07154918698831,24.90466512737142,follower_1,,,,,1.15,1353,ok,accepted,0,ok,0.8457971,0.0007958000060170889,0.7753443000256084,0.06931089999852702,1,0.0011767999999996448,0.009309200000000573,0,269.81224168701993,32.31901471653856,,3.4325599538178153,0,0,0,,,,,,,,,,,,0,17.842757376708906,0.1190184839411584,22.58324354815517,-0.13359078278134007,18.354127170605004,0.021019142914870222,21.98688039725827,-0.1436235081904996,17.034792791315606,-0.16239169298470224,30.724920060648927,-0.11310636255376061,30.521039377294425,-0.17510019205607086,30.265100122170715,-0.1870343673131206,29.59678831165066,-0.04112212514826199
1377,4.5,empty_shadow,ADA,0,0,1376,4.45,1,1,310.32746679511683,-201.83956692204055,,,,,,,0,0,30.351180114769953,1.4661524866752274,0.8930667042732239,0.0,0.006391594652086496,0.007808805909007788,32.34840268812483,0.007734371789813282,1,0,24.898582713777373,11.897910364140632,24.882637418939144,follower_1,,,,,1.1999999999999997,1353,ok,accepted,0,ok,0.8457971,0.0007958000060170889,0.7753443000256084,0.06931089999852702,0,0.0011767999999996448,0.011909799999997972,0,270.7045452007975,32.94271005028247,,3.4104330779594534,0,0,0,,,,,,,,,,,,0,17.84901729248121,0.12519831682109453,22.576722319125494,-0.13042458022814693,18.355128539632524,0.02002738090370678,21.97985372049176,-0.14053353427102758,17.01203812005117,-0.45509342528959673,30.719547032255786,-0.10746054844937349,30.511055973609384,-0.19966660659036767,30.254117622726724,-0.21964998321130594,29.59487334961334,-0.03829923607013071
1378,4.55,empty_shadow,ADA,0,0,1377,4.5,1,1,311.84712847014384,-201.8637982613737,,,,,,,0,0,30.425986485093365,1.4961274064682328,0.8991337418556213,0.0,0.006330669391900301,0.007734371814876795,32.6551798408035,0.007696388065201204,1,0,24.882447192456894,11.725416600158198,24.864410747319354,follower_1,,,,,1.2499999999999996,1353,ok,accepted,0,ok,0.8457971,0.0007958000060170889,0.7753443000256084,0.06931089999852702,1,0.001302799999997717,0.010315399999999642,0,271.59721492549124,33.569702000615735,,3.386201738626312,0,0,0,,,,,,,,,,,,0,17.855563311655246,0.1309203843137271,22.570420434641246,-0.12603768941656943,18.356070780488512,0.018844817764508213,21.973042579059992,-0.1362228288449235,17.003781206507448,-0.16513827087285488,30.714462017366042,-0.1017002845118411,30.499960598133253,-0.22190596004208235,30.241624504804346,-0.24986235087259479,29.593099530513072,-0.03547637890421629
1379,4.6,empty_shadow,ADA,0,0,1378,4.55,1,1,313.37048358915524,-201.89042397074613,,,,,,,0,0,30.502209556023747,1.5244614186076433,0.9048365950584412,0.0,0.006330669391900301,0.007734371814876795,32.6551798408035,0.007657972069311942,1,0,24.870218738155174,11.554297502723003,24.849995257851997,follower_1,,,,,1.2999999999999994,1353,ok,accepted,0,ok,0.8457971,0.0007958000060170889,0.7753443000256084,0.06931089999852702,0,0.001302799999997717,0.0149507999999976,0,272.4901898259485,34.20008221916987,,3.3595760292538728,0,0,0,,,,,,,,,,,,0,17.86238399007309,0.13641356869089488,22.564383671624597,-0.12073525988473725,18.35695771070067,0.01773860534725766,21.966496562521254,-0.1309203316341216,16.98096550016872,-0.456314126769208,30.709668830945823,-0.0958637174895709,30.487867698916897,-0.24185641286926335,30.22775809763072,-0.277328133861859,29.591461133692558,-0.032767931961099596
1380,4.65,empty_shadow,ADA,0,0,1379,4.6000000000000005,1,1,314.8976845734602,-201.91895571688244,,,,,,,0,0,30.580064218410175,1.5570932477285737,0.9092698693275452,0.0,-0.0018544425256550312,-0.007657972164452076,32.153957,0.007619029915965825,1,0,24.862049772181507,11.384384863893995,24.840084527259158,follower_1,,,,,1.35,1353,ok,stale_plan,0,ok,0.8457971,0.0007958000060170889,0.7753443000256084,0.06931089999852702,1,0.001173300000001376,0.014425899999999103,0,273.383500424951,34.83397260447231,,3.3310442831175635,0,0,0,,,,,,,,,,,,0,17.869458346839743,0.14148713521127024,22.55866734380103,-0.11432655607911471,18.35778551355133,0.016556058360473053,21.960276707901883,-0.12439709359477853,16.97306716820214,-0.15796663933532998,30.705171288502473,-0.08995084217501224,30.474895536739986,-0.25944170789876914,30.212648100665753,-0.302199927782309,29.589954343078066,-0.030135809326154367
1381,4.7,empty_shadow,ADA,0,0,1380,4.65,1,1,316.42879224479054,-201.94876786864583,,,,,,,0,0,30.6591041874486,1.580799380768525,0.9120016694068909,0.0,-0.006268135737627745,-0.007657972164452076,32.153957,0.007579797945217105,1,0,24.858031633843993,11.216154873316887,24.83523246987479,follower_1,,,,,1.4,1353,ok,stale_plan,0,ok,0.8457971,0.0007958000060170889,0.7753443000256084,0.06931089999852702,0,0.001173300000001376,0.013052699999999362,0,274.2771772296643,35.47140347108939,,3.301232131354169,0,0,0,,,,,,,,,,,,0,17.876771122258482,0.14625550823021205,22.55330578235239,-0.10723122852658598,18.358556097715844,0.015411684989477703,21.954417346898286,-0.11718722041395321,16.950672984976407,-0.4478836645517511,30.700984648313508,-0.08373280016561754,30.46116046258937,-0.27470003102953944,30.196439471863,-0.3241725630189233,29.588573437898194,-0.027618099438522784
1382,4.75,empty_shadow,ADA,0,0,1381,4.7,1,1,317.9638371103118,-201.97982989804925,,,,,,,0,0,30.739123361830863,1.6003834876452316,0.9130635857582092,0.0,-0.006204149220138788,-0.007579797878861427,32.153957,0.007540387796998543,1,0,24.858164312731844,11.049876371683395,24.835368291101016,follower_1,,,,,1.4499999999999997,1353,ok,stale_plan,0,ok,0.8457971,0.0007958000060170889,0.7753443000256084,0.06931089999852702,1,0.0011894999999988443,0.010617700000000951,0,275.1712202452938,36.11240532098111,,3.270170101950754,0,0,0,,,,,,,,,,,,0,17.88430705932912,0.15071874046212266,22.548344764503867,-0.0992203565702982,18.359271370155298,0.01430545076391192,21.94896616197316,-0.10902369668099396,16.943577645887856,-0.14190678174391277,30.697093652027032,-0.07781992413578537,30.446784549416524,-0.28751694287082696,30.17927335518301,-0.34332231905721455,29.587303158082385,-0.025405593543936893
1383,4.8,empty_shadow,ADA,0,0,1382,4.75,1,1,319.5029411622486,-202.01191288162693,,,,,,,0,0,30.81983263095716,1.6141853825259034,0.9123411774635315,0.0,-0.006204149220138788,-0.007579797878861427,32.153957,0.007500948291839298,1,0,24.862508765916985,10.886071117279979,24.840373138196977,follower_1,,,,,1.4999999999999996,1353,ok,stale_plan,0,ok,0.8457971,0.0007958000060170889,0.7753443000256084,0.06931089999852702,0,0.0011894999999988443,0.00773410000000041,0,276.06569050699215,36.75703911121957,,3.2380871183730733,0,0,0,,,,,,,,,,,,0,17.8920432687879,0.15472418792017947,22.543807177646784,-0.0907517367067444,18.35993323393609,0.013237277380629757,21.943944131108434,-0.10044061281859094,16.922049399382004,-0.43056493008869146,30.693496392105175,-0.07194519840499534,30.431891775025072,-0.29785432950952034,30.16129470957615,-0.35957289590852815,29.586153041640294,-0.023002325000637546
1384,4.8500000000000005,empty_shadow,ADA,0,0,1383,4.800000000000001,1,1,321.04607371124666,-202.04451328977987,,,,,,,0,0,30.90088405479467,1.6210284767502259,0.9099416732788086,0.0,-0.0061396099627017975,-0.0075009483844041824,32.153957,0.007461652159380234,1,0,24.871064821621502,10.72527994344057,24.850109080346503,follower_1,,,,,1.5500000000000003,1353,ok,stale_plan,0,ok,0.8457971,0.0007958000060170889,0.7753443000256084,0.06931089999852702,1,0.0015569999999982542,0.012215900000001056,0,276.9605269796067,37.4053351876031,,3.2054867102201285,0,0,0,,,,,,,,,,,,0,17.899958769762495,0.1583100179697253,22.539725447547305,-0.08163460160865119,18.36054740744035,0.012283471119601862,21.939393216205254,-0.09101829074803303,16.916144246288464,-0.11810306183246512,30.690187145490935,-0.06618493242424736,30.416600393510894,-0.3058266491784065,30.14264277028856,-0.37303876877199,29.585107828507184,-0.020904260109662964
1385,4.9,empty_shadow,ADA,0,0,1384,4.8500000000000005,1,1,322.5932345855282,-202.07712758249835,,,,,,,0,0,30.981895678750792,1.6202324791224498,0.9059931635856628,0.0,-0.0061396099627017975,-0.0075009483844041824,32.153957,0.007422683076686521,1,0,24.883801790491262,10.567954930122903,24.864434567528697,follower_1,,,,,1.6,1353,ok,stale_plan,0,ok,0.8457971,0.0007958000060170889,0.7753443000256084,0.06931089999852702,0,0.0015569999999982542,0.011417699999999087,0,277.8557601859192,38.057262855572105,,3.172872417501651,0,0,0,,,,,,,,,,,,0,17.908045932837105,0.1617432597354782,22.536112924823907,-0.07225045405518414,18.36111388860168,0.011329623054227946,21.93532486095204,-0.08136709539286549,16.895851961802986,-0.40584568966441387,30.687156375612496,-0.06061539712128429,30.40102865996354,-0.3114338801508554,30.123460588750948,-0.3836436129149705,29.58415989051328,-0.018958756362458747
1386,4.95,empty_shadow,ADA,0,0,1385,4.9,1,1,324.14442388399567,-202.11004567675766,,,,,,,0,0,31.062325821931076,1.6086028636056682,0.8945874571800232,0.0,0.0020455021876841784,0.007092772517353296,28.16022927037658,0.007384294913768236,1,0,24.900750289005003,10.414645086366907,24.88277767914904,follower_1,,,,,0.8499999999999996,1369,ok,accepted,1,ok,0.6771095,0.0007891000132076442,0.6168669000035152,0.05909959998098202,1,0.0012527000000019939,0.012579899999998645,0,278.7514206330952,38.712791706863584,,3.1399543232423355,0,0,0,,,,,,,,,,,,0,17.9162837762845,0.16475686710602314,22.53298677640047,-0.06252296809981012,18.36163077261111,0.01033767901801058,21.93175432356631,-0.07141073663956757,16.891455520762847,-0.08792882072525222,30.684402175161768,-0.0550840073055135,30.385289105916936,-0.3147904762163802,30.103885493609383,-0.3915018845775075,29.58329968974242,-0.01720401308011026
1387,5.0,empty_shadow,ADA,0,0,1386,4.95,1,1,325.6995501320008,-202.14349648561276,,,,,,,0,0,31.14117363056483,1.576956172675068,0.8759416937828064,0.0,0.005805513355880976,0.007092772517353296,28.16022927037658,0.007346950309729668,1,0,24.92169677220909,10.26636996049458,24.90442490328689,follower_1,,,,,0.8999999999999995,1369,ok,accepted,0,ok,0.6771095,0.0007891000132076442,0.6168669000035152,0.05909959998098202,0,0.0012527000000019939,0.009224199999998461,0,279.6474778087637,39.37186077920023,,3.106503514387242,0,0,0,,,,,,,,,,,,0,17.92466085739115,0.16754162015570415,22.530362260979103,-0.05249030808721939,18.362105687594813,0.009498297901516723,21.928698768671204,-0.06111108710920731,16.87271009551211,-0.3749085049450191,30.681916913883672,-0.049705222244396836,30.369494262166135,-0.3158964394199018,30.084056721581593,-0.3965754218036572,29.582517687541134,-0.01564004153942372
1388,5.05,empty_shadow,ADA,0,0,1387,5.0,1,1,327.2585522735693,-202.1774189947325,,,,,,,0,0,31.21734120992156,1.523351587134627,0.8502322435379028,0.0,0.006013560574501753,0.007346950471401215,27.879563378387264,0.007311143495528726,1,0,24.946702254434697,10.12408947702095,24.92945122676668,follower_1,,,,,0.9499999999999993,1369,ok,accepted,0,ok,0.6771095,0.0007891000132076442,0.6168669000035152,0.05909959998098202,1,0.0011948999999980003,0.011950099999999964,0,280.54396223050117,40.03437849903128,,3.0725810052674944,0,0,0,,,,,,,,,,,,0,17.93315810164714,0.16994488281290254,22.528239377826093,-0.042457662682083216,18.362538635919773,0.0086589651713954,21.926162011973616,-0.05073512356188672,16.87007223035381,-0.052757303094766034,30.679692962054602,-0.04447903145577987,30.353754752481375,-0.31478990400773443,30.064105879270848,-0.39901682741565436,29.58180243870083,-0.01430497552172965
1389,5.1000000000000005,empty_shadow,ADA,0,0,1388,5.050000000000001,1,1,328.8211861576797,-202.21178276982675,,,,,,,0,0,31.289495249120446,1.443080783977706,0.8180316686630249,0.0,0.006013560574501753,0.007346950471401215,27.879563378387264,0.007277464355696443,1,0,24.975400514354817,9.98903434872721,24.95765621192855,follower_1,,,,,1.0,1369,ok,accepted,0,ok,0.6771095,0.0007891000132076442,0.6168669000035152,0.05909959998098202,0,0.0011948999999980003,0.010763000000000744,0,281.4408738983075,40.70010071533534,,3.0382172301732453,0,0,0,,,,,,,,,,,,0,17.941756436527395,0.17196669535386513,22.526614313049127,-0.03250129520096038,18.36293343900029,0.007896061739562388,21.924145958470724,-0.04032106196267171,16.85311017640233,-0.33924107895747313,30.677715060917482,-0.03955801563631263,30.338173572880105,-0.31162342521548203,30.044164573628237,-0.39882609418870874,29.581144406992692,-0.01316063359173677
1390,5.15,empty_shadow,ADA,0,0,1389,5.1000000000000005,1,1,330.3872382654052,-202.24689305953447,,,,,,,0,0,31.356281730638624,1.3357296303635735,0.7797716856002808,0.0,0.00595668563619256,0.007277464494109154,27.597413174967333,0.007246497572085318,1,0,25.007669590977258,9.86240191309847,24.9890629493637,follower_1,,,,,1.0499999999999998,1369,ok,accepted,0,ok,0.6771095,0.0007891000132076442,0.6168669000035152,0.05909959998098202,1,0.0012158000000006552,0.014078500000000105,0,282.33821281738807,41.368813903980254,,3.0031069404655284,0,0,0,,,,,,,,,,,,0,17.950444416773863,0.17375960230308937,22.525481343803225,-0.022659384543024387,18.36329391205656,0.007209462570129509,21.922639165377458,-0.03013585545866345,16.852408269550292,-0.014038136934174026,30.675979395013034,-0.03471330922927602,30.322846088471028,-0.30654961016787635,30.024366319333918,-0.3959650672688881,29.580534054351084,-0.012207052989322783
1391,5.2,empty_shadow,ADA,0,0,1390,5.15,1,1,331.9563730023084,-202.28303989534953,,,,,,,0,0,31.416402070840515,1.202406804037821,0.7363423109054565,0.0,0.00595668563619256,0.007277464494109154,27.597413174967333,0.007218790395801407,1,0,25.043021291572018,9.745196664161071,25.023295655872545,follower_1,,,,,1.0999999999999996,1369,ok,accepted,0,ok,0.6771095,0.0007891000132076442,0.6168669000035152,0.05909959998098202,0,0.0012158000000006552,0.00998339999999942,0,283.2360400124848,42.040121445786724,,2.966960104650468,0,0,0,,,,,,,,,,,,0,17.959208691221594,0.175285486831074,22.524832840054188,-0.012970074511611706,18.363621961044764,0.006560982148297611,21.921639723275998,-0.019988838222117045,16.837393617325635,-0.3002930443715662,30.674468798310446,-0.030211923411874016,30.30786766521392,-0.2995684427187886,30.00482555685483,-0.39081523143061314,29.57995802900597,-0.011520507922011307
1392,5.25,empty_shadow,ADA,0,0,1391,5.2,1,1,333.52825480518425,-202.32060486149481,,,,,,,0,0,31.4686678093063,1.045314769315695,0.6880897879600525,0.0,0.005908660124987364,0.007218790240585804,27.311519166846896,0.007194832021695783,1,0,25.081211610868394,9.638269324445668,25.060201661811984,follower_1,4.962321812504855,lead_centre,,,1.1499999999999995,1369,ok,accepted,0,ok,0.6771095,0.0007891000132076442,0.6168669000035152,0.05909959998098202,1,0.0011887000000001535,0.012904999999999944,0,284.1342334184978,42.713809842649596,,2.9293951385051855,0,0,0,,,,,,,,,,,,0,17.968032094291814,0.17646805855128875,22.524655451116807,-0.0035477782356979747,18.363921402754933,0.005988836608200198,21.92112855951655,-0.010223273159709131,16.838732573321362,0.026779120025208852,30.673179455391626,-0.025786846356864745,30.29333557685039,-0.29064176794421587,29.9856605420857,-0.38330027756701335,29.579404886125992,-0.011062857412414901
1393,5.3,empty_shadow,ADA,0,0,1392,5.25,1,1,335.10239551253505,-202.3599390766708,,,,,,,0,0,31.512032054194798,0.8672848977699488,0.6357678771018982,0.0,0.005908660124987364,0.007218790240585804,27.311519166846896,0.007175044464444165,1,0,25.121752387368787,9.542298696161174,25.09936453114321,follower_1,4.89632952704084,lead_centre,,,1.1999999999999993,1369,ok,accepted,0,ok,0.6771095,0.0007891000132076442,0.6168669000035152,0.05909959998098202,0,0.0011887000000001535,0.009201600000000809,0,285.0329151057324,43.38926886276579,,2.8900609233292016,0,0,0,,,,,,,,,,,,0,17.976906996809188,0.17749804785874182,22.524937734215616,0.005645662435721056,18.36419795689812,0.005531085299185063,21.921096137355317,-0.0006484424928793281,16.8257606921005,-0.2594376243053375,30.672090385628263,-0.02178138186506593,30.27931848748874,-0.2803417809352413,29.96697427144189,-0.3737253957330087,29.578868904932005,-0.010719622050412176
1394,5.3500000000000005,empty_shadow,ADA,0,0,1393,5.300000000000001,1,1,336.67842904878466,-202.4014393942994,,,,,,,0,0,31.545619776200144,0.6717544401069375,0.5795371532440186,0.0,0.00587285403162241,0.007175044622272253,27.021377960305234,0.007159774080582325,1,0,25.16421651034443,9.457758702233333,25.140417005776417,follower_1,4.834268382958865,lead_centre,,,1.25,1369,ok,accepted,0,ok,0.6771095,0.0007891000132076442,0.6168669000035152,0.05909959998098202,1,0.001212500000001171,0.014106600000001634,0,285.9320240390358,44.06619346571199,,2.8485606057006123,0,0,0,,,,,,,,,,,,0,17.985804787165037,0.17795580412277,22.525654892187294,0.01434316001609131,18.364451626970634,0.0050734024337523356,21.921517661327837,0.008430479433193201,16.829171029146483,0.06820674104351601,30.671182514849203,-0.01815740126037182,30.265890783160803,-0.26855404730395194,29.94887355641195,-0.362014284173693,29.578344363372842,-0.010490826695539229
1395,5.4,empty_shadow,ADA,0,0,1394,5.3500000000000005,1,1,338.2556841209505,-202.4453807016048,,,,,,,0,0,31.568716754370964,0.46193956341639364,0.5199394226074219,0.0,0.00587285403162241,0.007175044622272253,27.021377960305234,0.007149301496947052,1,0,25.207871651659843,9.385043662550935,25.18267430765137,follower_1,4.776292777668206,lead_centre,,,1.2999999999999998,1369,ok,accepted,0,ok,0.6771095,0.0007891000132076442,0.6168669000035152,0.05909959998098202,0,0.001212500000001171,0.007669299999999879,0,286.8315907359845,44.743881840929134,,2.8046192983952096,0,0,0,,,,,,,,,,,,0,17.99472355940802,0.17837544234633226,22.52678785239618,0.022659204779522008,18.36468813256511,0.0047301123389517676,21.922375965568847,0.01716608459171847,16.8182590847895,-0.21823888701027194,30.67043295470639,-0.014991187825690245,30.253124943255564,-0.25531670474398216,29.931451854841892,-0.3484340171608922,29.577812190215724,-0.010643455842389474
1396,5.45,empty_shadow,ADA,0,0,1395,5.4,1,1,339.83370275717175,-202.4911528032217,,,,,,,0,0,31.58129978465324,0.25166060564551174,0.46510547399520874,0.0,-0.002312258118763566,-0.007149301469326019,32.153957,0.00714360579124292,1,0,25.25232087460705,9.3238483855071,25.226281446915486,follower_1,4.722028532727235,lead_centre,,,1.3499999999999996,1369,ok,stale_plan,0,ok,0.6771095,0.0007891000132076442,0.6168669000035152,0.05909959998098202,1,0.0011766000000008603,0.01318069999999949,0,287.7315846790021,45.4219065341328,,2.758847196778305,0,0,0,,,,,,,,,,,,0,18.003649959728325,0.17852800365341617,22.528308003890373,0.030403030587362365,18.36491129046981,0.0044631581839244235,21.92364244010525,0.025329490706660386,16.823700746763635,0.1088332397041674,30.66983026093633,-0.012053859893589904,30.24108009562472,-0.24089678995661423,29.914793090497025,-0.333175274559158,29.57726857111282,-0.010872371933398687
1397,5.5,empty_shadow,ADA,0,0,1396,5.45,1,1,341.4120270324361,-202.5382828328784,,,,,,,0,0,31.58339334935254,0.041871293986019964,0.41502755880355835,0.0,-0.005851782858371735,-0.007149301469326019,32.153957,0.00714265880012088,1,0,25.297258842055413,9.273757402173672,25.271360673892428,follower_1,4.671536517129224,lead_centre,,,1.3999999999999995,1369,ok,stale_plan,0,ok,0.6771095,0.0007891000132076442,0.6168669000035152,0.05909959998098202,0,0.0011766000000008603,0.014439199999998209,0,288.6320058680886,46.09980962031062,,2.7117171671216056,1,0,0,,,,,,,,,,,,0,18.012568732719885,0.178375457343296,22.530190551236913,0.037650947716101967,18.365121100721403,0.004196204942572606,21.925288474236257,0.03292068314446671,16.814795332167527,-0.17810829173688622,30.669353452945565,-0.009536143822982972,30.229803923704484,-0.22552319853192307,29.898983093499513,-0.3161999299247267,29.576707784785402,-0.011215714185081993
1398,5.55,empty_shadow,ADA,0,0,1397,5.5,1,1,342.99010760954764,-202.58670994281613,,,,,,,0,0,31.575640701952686,-0.1550529479970919,0.36959198117256165,0.0,-0.0058463457971811295,-0.007142658811062574,32.153957,0.007146166531201487,1,0,25.34195308532415,9.233931306094767,25.31710934999245,follower_1,4.6245784151643,lead_centre,,,1.4499999999999993,1369,ok,stale_plan,0,ok,0.6771095,0.0007891000132076442,0.6168669000035152,0.05909959998098202,1,0.0016569000000004053,0.012246600000000996,0,289.5329153383966,46.776980727114164,,2.663290057183872,1,0,0,,,,,,,,,,,,0,18.02146652430872,0.17795582865276338,22.532404978301887,0.04428854196911109,18.365325190161226,0.004081788581897667,21.927289274510585,0.04001600659029245,16.82216913910755,0.1474761389884642,30.66899871545401,-0.007094733771032876,30.21934601760182,-0.20915780605857837,29.88409052776465,-0.2978513073354358,29.576124110127207,-0.01167347957407499
1399,5.6000000000000005,empty_shadow,ADA,0,0,1398,5.550000000000001,1,1,344.5674865947265,-202.63605281949225,,,,,,,0,0,31.558848936147875,-0.3358353160962224,0.3283258080482483,0.0,-0.0058463457971811295,-0.007142658811062574,32.153957,0.007153772929392387,1,0,25.385915213878405,9.20355746153863,25.36285048141339,follower_1,,,,,1.5,1369,ok,stale_plan,0,ok,0.6771095,0.0007891000132076442,0.6168669000035152,0.05909959998098202,0,0.0016569000000004053,0.00813100000000233,0,290.43425205477354,47.453022995916115,,2.6139471805077505,1,0,0,,,,,,,,,,,,0,18.03032616995434,0.1771929104552365,22.534905512059755,0.05001067521702893,18.365527376539546,0.00404372672582333,21.929604785123168,0.04631021421216094,16.815161536936856,-0.14015204322230937,30.668739343149085,-0.005187431415669568,30.209746430780765,-0.1919913513461339,29.870176428879013,-0.27828197264873156,29.575511826004632,-0.012245668781601608
1400,5.65,empty_shadow,ADA,0,0,1399,5.6000000000000005,1,1,346.1437671293454,-202.68593012854245,,,,,,,0,0,31.53387618733152,-0.49945497632712943,0.2909424304962158,0.0,-0.005855442490428686,-0.007153772749006748,32.153957,0.007165107660378481,1,0,25.42880940424365,9.181823286544848,25.408104671705846,follower_1,,,,,1.5499999999999998,1369,ok,stale_plan,0,ok,0.6771095,0.0007891000132076442,0.6168669000035152,0.05909959998098202,1,0.0024879999999996016,0.013750500000000443,0,291.3360465400011,48.12750904530742,,2.564069871457548,1,0,0,,,,,,,,,,,,0,18.03914385330929,0.1763536639567193,22.537676892690392,0.05542761220768366,18.36572193601182,0.0038911894194306055,21.932204490635836,0.051994112685739106,16.824311085902398,0.18299097951273186,30.668565799213884,-0.0034708656294745394,30.20103567999517,-0.17421457304442117,29.85730183082408,-0.2574919585716489,29.574861396475168,-0.013008577879921192
1401,5.7,empty_shadow,ADA,0,0,1400,5.65,1,1,347.71852175391456,-202.7357164054025,,,,,,,0,0,31.50153197696579,-0.6468842073145709,0.25714901089668274,0.0,-0.005855442490428686,-0.007153772749006748,32.153957,0.007179828262786578,1,0,25.47014717218815,9.167990853677033,25.45226303153945,follower_1,,,,,1.5999999999999996,1369,ok,stale_plan,1,ok,0.7681737,0.0009241999941878021,0.713722799991956,0.05312039999989793,0,0.0024879999999996016,0.010187200000000729,0,292.23823774851587,48.80007246136182,,2.5142835945974866,1,0,0,,,,,,,,,,,,0,18.047904317259,0.1752092765980233,22.540686696181556,0.06019606907355103,18.365922219083675,0.004005661784339803,21.935050242515963,0.05691504081821255,16.819042984437232,-0.10536202899700776,30.668455194038486,-0.002212094936376122,30.193229023313418,-0.15613264665886517,29.84550488065915,-0.23593900266936624,29.574172822155184,-0.013771477514076222
1402,5.75,empty_shadow,ADA,0,0,1401,5.7,1,1,349.2914149104341,-202.7858084930835,,,,,,,0,0,31.46246145772302,-0.7814103848554055,0.22261987626552582,0.0,0.0023296696599572897,0.0071798283606767654,29.385469779702646,0.007197670739152305,1,0,25.509653989659483,9.161459753146222,25.49444002454338,follower_1,,,,,0.9499999999999993,1383,ok,accepted,0,ok,0.7681737,0.0009241999941878021,0.713722799991956,0.05312039999989793,1,0.0012174000000015894,0.01268569999999869,0,293.14088672067584,49.470316645721425,,2.4641915069165066,1,0,0,,,,,,,,,,,,0,18.056596115988455,0.17383597145883234,22.543904402392098,0.06435412387209431,18.366124410562804,0.004043830356767118,21.938115339132818,0.06130193595074885,16.829771817092507,0.21457665337454884,30.668394176853468,-0.001220335602526966,30.186347439820786,-0.13763115604812626,29.834823725042327,-0.21362311289550504,29.573440380802534,-0.014648817884911652
1403,5.8,empty_shadow,ADA,0,0,1402,5.75,1,1,350.8621720135925,-202.83642010831684,,,,,,,0,0,31.417058399156065,-0.9080611713390851,0.18733426928520203,0.0,0.005876769311726093,0.0071798283606767654,29.385469779702646,0.00721848879643411,1,0,25.547024748564183,9.161875624597396,25.533763469205706,follower_1,,,,,0.9999999999999991,1383,ok,accepted,0,ok,0.7681737,0.0009241999941878021,0.713722799991956,0.05312039999989793,0,0.0012174000000015894,0.008939399999999154,0,294.04396293890466,50.13799753065098,,2.413579891683156,1,0,0,,,,,,,,,,,,0,18.065209714497037,0.17227196785740098,22.547280418724235,0.0675203271594456,18.366332325009786,0.004158290135555023,21.941371170379163,0.06511662884092069,16.826029595387542,-0.07484443384378654,30.668363672083885,-0.0006100906300617168,30.180396648074296,-0.11901531745737726,29.825286973991144,-0.1907350217815725,29.572662166786685,-0.015564274455005842
1404,5.8500000000000005,empty_shadow,ADA,0,0,1403,5.800000000000001,1,1,352.430518358354,-202.887414015706,,,,,,,0,0,31.365640635242684,-1.0283552782676253,0.15109243988990784,0.0,0.005908413790166378,0.007218488957732916,29.085990792167603,0.007242173937150364,1,0,25.58195423670105,4.39443816741414,25.569965347470877,follower_1,,,,,1.0499999999999998,1383,ok,accepted,0,ok,0.7681737,0.0009241999941878021,0.713722799991956,0.05312039999989793,1,0.001738700000000648,0.014474599999999782,0,294.94746640320244,50.80284041111469,,2.362585984293986,1,0,0,,,,,,,,,,,,0,18.07372603750403,0.17032645804859925,22.550795672785945,0.07030508290008936,18.36654977687529,0.004349038858807558,21.944766237976467,0.06790135604854655,16.83809548004972,0.2413176935057001,30.668338884600054,-0.0004957471101398096,30.17538427511655,-0.10024695498443245,29.816907978824606,-0.16757990309013915,29.57183245657332,-0.01659420036046952
1405,5.9,empty_shadow,ADA,0,0,1404,5.8500000000000005,1,1,353.9961182461734,-202.93877507098136,,,,,,,0,0,31.308395373915552,-1.1449052265426474,0.11411987990140915,0.0,0.005908413790166378,0.007218488957732916,29.085990792167603,0.007268680857182021,1,0,25.614167780266826,4.363932118274807,25.603020090718594,follower_1,,,,,1.0999999999999996,1383,ok,accepted,0,ok,0.7681737,0.0009241999941878021,0.713722799991956,0.05312039999989793,0,0.001738700000000648,0.009388500000000022,0,295.85142766758315,51.46447903455339,,2.3112249290186355,1,0,0,,,,,,,,,,,,0,18.08214127217602,0.16830469121201205,22.554419646074003,0.07247946849033682,18.36677485995078,0.0045016634684221105,21.9482776546763,0.07022833792802372,16.83564262651543,-0.04905707042664755,30.668312184172148,-0.0005340078404696427,30.171296967508557,-0.08174567489264334,29.809705812631375,-0.14404332124569913,29.570953158271895,-0.01758596371480865
1406,5.95,empty_shadow,ADA,0,0,1405,5.9,1,1,355.5586360669971,-202.99074752927226,,,,,,,0,0,31.245439484434694,-1.2591177896171502,0.07644254714250565,0.0,0.005949496291577816,0.007268680725246668,28.785909849339504,0.007298000403065315,1,0,25.64326874446587,4.335321403586611,25.632694767647383,follower_1,,,,,1.1499999999999995,1383,ok,accepted,0,ok,0.7681737,0.0009241999941878021,0.713722799991956,0.05312039999989793,1,0.0011752999999998792,0.014382499999999965,0,296.75575514288005,52.1226693800802,,2.259252470727745,1,0,0,,,,,,,,,,,,0,18.09044587440702,0.16609204317456724,22.55810847075694,0.07377649769035304,18.367011387049725,0.0047305440578978685,21.951874901324192,0.07194493714840107,16.848788069278456,0.2629088556457028,30.668262588976262,-0.0009919043539510241,30.168121371318772,-0.06351148564275359,29.803680475883386,-0.12050672860945788,29.57001282774391,-0.018806609292185143
1407,6.0,empty_shadow,ADA,0,0,1406,5.95,1,1,357.1178277843221,-203.04363664962838,,,,,,,0,0,31.176873615446176,-1.3713173797703604,0.03850606456398964,0.0,0.005949496291577816,0.007268680725246668,28.785909849339504,0.007330134868349905,1,0,25.669074122742586,4.308591787624177,25.658925938403748,follower_1,,,,,1.1999999999999993,1383,ok,accepted,0,ok,0.7681737,0.0009241999941878021,0.713722799991956,0.05312039999989793,0,0.0011752999999998792,0.009182600000002594,0,297.66054037141134,52.77707586887391,,2.2063633503716176,1,0,0,,,,,,,,,,,,0,18.098626494554033,0.16361240278587194,22.561841164757006,0.07465388475414311,18.367259359668793,0.004959454754702192,21.95553127605401,0.0731274986523524,16.84735946107495,-0.028572163747661954,30.668174842327428,-0.0017549329351205414,30.165846039126002,-0.045506255942344136,29.798820524994422,-0.0971990065197326,29.569024816362642,-0.01976022700721113
