frame,time_s,condition,controller,hidden_visible,hidden_lidar_hits,lidar_frame,lidar_time_s,lidar_is_new,semantic_lidar_reveal_armed,ego_station_m,ego_local_y_m,hidden_station_m,hidden_local_y_m,hidden_reference_y_m,hidden_lateral_error_m,hidden_commanded_ay_mps2,hidden_road_lateral_velocity_mps,hidden_observation_submitted,hidden_aware_plan,ego_speed_mps,ego_accel_mps2,ego_throttle,ego_brake,ego_steer,commanded_ackermann_steer_rad,target_speed_mps,steer_limit_rad,steering_envelope_active,shield_active,minimum_clearance_m,minimum_ttc_s,minimum_oriented_clearance_m,minimum_oriented_clearance_actor_role,minimum_ttc_2d_s,minimum_ttc_2d_actor_role,hidden_oriented_clearance_m,hidden_ttc_2d_s,plan_age_s,plan_source_frame,plan_status,plan_rejection_reason,new_plan,latest_plan_status,planner_total_s,planner_decision_s,planner_mpc_s,planner_field_s,low_level_updated,low_level_time_s,physics_control_cycle_time_s,physics_control_deadline_miss,occluder_station_m,ego_pass_clearance_ahead_occluder_m,hidden_pass_clearance_ahead_occluder_m,ego_target_lane_error_m,ego_centre_lane_overlap,hidden_centre_lane_overlap,concurrent_centre_lane_overlap,hidden_center_geometric_visible_now,hidden_center_los_blocked,hidden_footprint_fully_blocked,hidden_footprint_blocked_sample_count,hidden_footprint_sample_count,hidden_footprint_blocked_sample_fraction,hidden_center_in_range,hidden_center_in_horizontal_fov,hidden_center_geometric_range_m,hidden_center_geometric_bearing_rad,hidden_center_geometric_clear_streak,hidden_center_geometric_reveal_confirmed,occluder_speed_mps,occluder_accel_mps2,lead_left_speed_mps,lead_left_accel_mps2,lead_centre_speed_mps,lead_centre_accel_mps2,lead_right_speed_mps,lead_right_accel_mps2,rear_centre_speed_mps,rear_centre_accel_mps2,follower_1_speed_mps,follower_1_accel_mps2,follower_2_speed_mps,follower_2_accel_mps2,follower_3_speed_mps,follower_3_accel_mps2,follower_4_speed_mps,follower_4_accel_mps2
3670,0.05,true_threat,IDEAM,0,0,3669,,0,0,180.88976518998263,-201.7489555523681,199.11566653973347,-208.7535415919982,-208.75,0.003850663054464576,-0.007193676037604732,0.0057078924895424404,0,0,32.560005918418106,0.0,0.56830233335495,0.0,-0.0017707385122776031,-0.002163365250453353,32.49878928630127,0.0067206206143043835,0,0,7.361400800164801,13.09501541242864,7.361376492868586,occluder,,,14.238063852448557,,0.05,3669,ok,accepted,1,ok,0.3474768,0.0008324000227730721,0.34567160002188757,0.0,1,0.0011815000000012787,0.00967279999999704,0,194.84225595333106,-20.6327023073853,-2.464522810890685,3.501044447631898,0,0,0,0,1,1,9,9,1.0,1,1,18.404679805162168,-0.39048081963507525,0,0,18.449162660530316,0.16277330861658604,22.385457279148753,0.32489760743814533,21.550738681341944,0.8540723436257368,24.364482411419274,1.74743672304224,16.93737703634912,-0.13359074721519457,31.237887838121594,1.261501317501774,32.314443709734476,2.1241762811186287,30.65486909399536,0.18516532597698335,31.884513947970195,2.0540239353437513
3671,0.1,true_threat,IDEAM,0,0,3670,0.05,1,0,182.51888503069833,-201.7485828992805,200.5168505766698,-208.75317040306834,-208.75,0.0035415919981858224,-0.00910107915658411,0.00663019597507376,0,0,32.6019020316887,0.8379222654119189,0.5618324875831604,0.0,-0.0017707385122776031,-0.002163365250453353,32.49878928630127,0.006703359135318007,0,0,6.664465613429273,13.020614169295545,6.664302785439902,occluder,,,14.025794781011633,,0.1,3669,ok,accepted,0,ok,0.3474768,0.0008324000227730721,0.34567160002188757,0.0,0,0.0011815000000012787,0.01095470000000276,0,195.76492446078151,-19.92625097412005,-1.9860072814047953,3.501417100719493,0,0,0,0,1,1,9,9,1.0,1,1,18.194241488685662,-0.395560722146066,0,0,18.45681304622994,0.15300771012006634,22.40831875212713,0.4572294610629784,21.5759232991448,0.5036923591892775,24.431027907498482,1.3309099220360676,16.933716832352204,-0.0732040799448648,31.285887988350012,0.9602519991195888,32.39673818294106,1.6458894652408271,30.667901999771065,0.260658115707492,31.9638310466258,1.586341973266682
3672,0.15000000000000002,true_threat,IDEAM,0,0,3671,0.1,1,0,184.1495306461237,-201.74790454989054,201.9202318738979,-208.7527832057743,-208.75,0.003170403068338601,-0.010815495911436518,0.0074176768700596665,0,0,32.62247505038504,0.41146037392678636,0.5578063726425171,0.0,-0.0015674908645451069,-0.001915051368996501,32.1987890976801,0.006694907248987372,0,0,5.96871536260858,12.976378886603749,5.968393575661879,occluder,,,13.814772486044678,,0.15000000000000002,3669,ok,accepted,0,ok,0.3474768,0.0008324000227730721,0.34567160002188757,0.0,1,0.001331099999998031,0.01016299999999859,0,196.6879896915191,-19.218670589432264,-1.5056912149142931,3.502095450109465,0,0,0,0,1,1,9,9,1.0,1,1,17.98501762513204,-0.40088037325539966,0,0,18.463963708014912,0.14301323213136555,22.433402287071473,0.5016707002240689,21.58671887582738,0.21591153848302055,24.478780297929035,0.9550478093671447,16.932597215577935,-0.022392335483550088,31.322633069208646,0.7350832655557448,32.45747579795318,1.2147523005209788,30.68146132981002,0.2711866019998274,32.022173028500895,1.1668396372525822
3673,0.2,true_threat,IDEAM,0,0,3672,0.15000000000000002,1,0,185.77968787621973,-201.74692119130953,203.32513906035425,-208.75242600551775,-208.75,0.002783205774306907,-0.012271523808823698,0.00805449357126068,0,0,32.600683882303684,-0.4358233616271434,0.5586835145950317,0.0,-0.0015674908645451069,-0.001915051368996501,32.1987890976801,0.006703860081908546,0,0,5.276983265598349,12.984120104713002,5.276532390544169,occluder,,,13.606284243530194,,0.2,3669,ok,accepted,0,ok,0.3474768,0.0008324000227730721,0.34567160002188757,0.0,0,0.001331099999998031,0.010227700000001505,0,197.61139061559655,-18.511914283413688,-1.0241849525353928,3.503078808690475,0,0,0,0,1,1,9,9,1.0,1,1,17.77826004783056,-0.4063767809785745,0,0,18.470601295267713,0.13275174170934495,22.456788281361717,0.46771988715682994,21.585542022793085,-0.023537054206853814,24.50996164349446,0.6236269123859083,16.93361955174177,0.020446723290370988,31.350712044762723,0.5617021327231004,32.49941839593219,0.8388519594270935,30.691900233177353,0.20877807034345786,32.06221208936569,0.800781217054187
3674,0.25,true_threat,IDEAM,0,0,3673,0.2,1,0,187.40865478029264,-201.74552625146814,204.73099225003432,-208.75194641222168,-208.75,0.0024260055177478534,-0.013429992764157067,0.008539331765752972,0,0,32.57878797507731,-0.43791814452745825,0.5833943486213684,0.0,-0.0010607048170641065,-0.0012958954321220517,31.903572981719282,0.006712874046297557,0,0,4.591411840492699,12.986535035197376,4.590926817107566,occluder,,,13.400440338101843,,0.25,3669,ok,accepted,0,ok,0.3474768,0.0008324000227730721,0.34567160002188757,0.0,1,0.001192599999999544,0.010698300000001382,0,198.53512723301384,-17.806683996758068,-0.5420683802726103,3.504473748531865,0,0,0,0,1,1,9,9,1.0,1,1,17.57404473537572,-0.411985606097822,0,0,18.47670673350395,0.12210876196467155,22.475699636923643,0.37822711234305756,21.574134150600006,-0.2281574361281232,24.52694277931832,0.3396227180405437,16.93648438694839,0.05729670416417695,31.371701312664175,0.4198597027634176,32.52501119790808,0.5118560393286754,30.696111638795376,0.08422811787988065,32.086206529448916,0.4798888018698776
3675,0.3,true_threat,IDEAM,0,0,3674,0.25,1,1,189.04027654693547,-201.74364212466747,206.1372421682069,-208.7514666835855,-208.75,0.001946412221684568,-0.014424731740415813,0.008878811954313037,0,0,32.67097048805939,1.8436502596415494,0.5934246182441711,0.0,-0.0010607048170641065,-0.0012958954321220517,31.903572981719282,0.006675047303844718,0,0,3.9106734548573456,12.835859969524206,3.910318337949694,occluder,,,13.193286991676745,,0.3,3669,ok,accepted,0,ok,0.3474768,0.0008324000227730721,0.34567160002188757,0.0,0,0.001192599999999544,0.01017750000000106,0,199.4591079910419,-17.09904298814328,-0.059799220128070374,3.506357875332526,0,0,0,0,1,1,9,9,1.0,1,1,17.368425847673812,-0.4177915111706718,0,0,18.482268579363712,0.11123691495645457,22.488810744625052,0.26222215472469257,21.553708331959733,-0.4085163634202355,24.53190571129934,0.09925864157817647,16.940991449589305,0.09014125286505394,31.386389803521297,0.29380779790548534,32.53624166068082,0.224609255685899,30.69216721964192,-0.07888837528173792,32.09616288001038,0.19912701240192268
3676,0.35000000000000003,true_threat,IDEAM,0,0,3675,0.30000000000000004,1,1,190.67577387920224,-201.7412683944765,207.5433700160741,-208.75098699659245,-208.75,0.0014666835855052796,-0.015175415251085149,0.00908264562193854,0,0,32.73328221338314,1.246234506475048,0.48962247371673584,0.0,-0.00038607537862844765,-0.00047168004675768316,31.638356738399153,0.006649658737625705,0,0,3.2382864563762235,12.71702052634793,3.238328765724968,occluder,,,12.983276433278855,,0.35000000000000003,3669,ok,accepted,0,ok,0.3474768,0.0008324000227730721,0.34567160002188757,0.0,1,0.0011894999999988443,0.010533900000002205,0,200.38336340725712,-16.387801072091747,0.42207321152389454,3.508731605523508,0,0,0,0,1,1,9,9,1.0,1,1,17.159829591146288,-0.42379064427158775,0,0,18.4872696664654,0.10002174037522471,22.496131140961605,0.14640792789807014,21.525096172063368,-0.5722431874661994,24.526700568400898,-0.10410285542019902,16.947012947281245,0.12042995389466848,31.39506127709308,0.1734433344540992,32.53482639885665,-0.02830523537611801,30.67959586133597,-0.25142715636942914,32.09378631058809,-0.047531385745687715
3677,0.4,true_threat,IDEAM,0,0,3676,0.35000000000000003,1,1,192.31349882797002,-201.73840562307714,208.94891803519607,-208.75052276619235,-208.75,0.0009869965924451662,-0.01570471676993909,0.00916350780216401,0,0,32.76679730303653,0.6703017930678357,0.4112466275691986,0.0,-0.00038607537862844765,-0.00047168004675768316,31.638356738399153,0.006636063061258732,0,0,2.5852108757618337,12.628687566900485,2.5860754469976652,occluder,,,12.771572917094684,,0.4,3669,ok,accepted,0,ok,0.3474768,0.0008324000227730721,0.34567160002188757,0.0,0,0.0011894999999988443,0.011441200000000151,0,201.30786296408314,-15.674575680149985,0.9031216738198395,3.511594376922858,0,0,0,0,1,1,9,9,1.0,1,1,16.949388908918706,-0.42994753523238954,0,0,18.49169092026982,0.08842507512101855,22.498645019749933,0.05027757670977805,21.488892764586765,-0.7240681384939194,24.512784565022606,-0.2783200643690573,16.954453511272973,0.14881127992405388,31.397725107966725,0.05327827697367667,32.52217303531566,-0.2530672683208814,30.65927303764687,-0.4064564627573353,32.08048825974531,-0.26596101223202345
3678,0.45,true_threat,IDEAM,0,0,3677,0.4,1,1,193.95213914266125,-201.73506951692104,210.3534589690931,-208.75004362055972,-208.75,0.000522766192347035,-0.016024718441431968,0.009134961886283108,0,0,32.77708437339601,0.20574140718949252,0.35358288884162903,0.0,0.00033738574711605906,0.0004121944366488606,31.40314071913062,0.006631898387407016,0,0,1.9738991965070392,12.565092400063355,1.9762866058973587,occluder,,,12.559024227679515,,0.45,3669,ok,accepted,0,ok,0.3474768,0.0008324000227730721,0.34567160002188757,0.0,1,0.0013115999999975259,0.01098440000000167,0,202.23254562636725,-14.960618027742868,1.3829799454327656,3.514930483078956,0,0,0,0,1,1,9,9,1.0,1,1,16.737916273318103,-0.43620842822160205,0,0,18.495522803939316,0.07663767314092203,22.49784392706139,-0.016021852939180625,21.445588297610122,-0.8660893277466961,24.491263963416102,-0.43041202822420616,16.96322349776996,0.17539973001608694,31.394261224282655,-0.06927738323708171,32.49942216517556,-0.45501739860662127,30.63295732494069,-0.526314242814885,32.05737117527723,-0.4623416824673439
3679,0.5,true_threat,IDEAM,0,0,3678,0.45,1,1,195.5906572465016,-201.73132146512734,211.7565350593254,-208.74956497464441,-208.75,4.362055972251255e-05,-0.016184925481157568,0.009011012182741987,0,0,32.76923468746504,-0.15699371861941813,0.30933764576911926,0.0,0.00033738574711605906,0.0004121944366488606,31.40314071913062,0.006635075942660533,0,0,1.4596098870697358,12.521534716760158,1.4646380278704723,occluder,,,12.346196828653502,,0.5,3669,ok,accepted,1,ok,0.4107592,0.0008168999920599163,0.4092980000132229,0.0,0,0.0013115999999975259,0.01481719999999953,0,203.15744193771275,-14.24699623524802,1.861159724319549,3.518678534872663,0,0,0,0,1,1,9,9,1.0,1,1,16.525956438473546,-0.44255961293201557,0,0,18.498748152054954,0.06450696275904483,22.495265185948732,-0.05157482153591522,21.395634813029762,-0.9990696793576622,24.462970367641077,-0.5658719108176204,16.973223724606704,0.20000453680708255,31.384570759926756,-0.1938011072934646,32.467470242840704,-0.639038440636213,30.602788769365937,-0.6033711009638257,32.02530480781322,-0.6413273395684704
3680,0.55,true_threat,IDEAM,0,0,3679,0.5,1,1,197.2283207384802,-201.72722275270738,213.1577801001821,-208.74910221216396,-208.75,-0.0004350253555855943,-0.016197096291233063,0.008805042225980327,0,0,32.74742227768674,-0.43624819556598027,0.27258986234664917,0.0,0.0010277277324348688,0.0012556063011288643,31.198604734776005,0.006643917611876501,0,0,1.1766053275171153,12.494363047011364,1.1849531415773875,occluder,,,12.133454769639528,,0.55,3669,ok,accepted,0,ok,0.4107592,0.0008168999920599163,0.4092980000132229,0.0,1,0.0011881000000002473,0.011875499999998596,0,204.08242981219806,-13.53432061775473,2.337416890690946,3.5227772472926233,0,0,0,0,1,1,9,9,1.0,1,1,16.313847121783507,-0.448972536286616,0,0,18.50135742340479,0.05218542808863078,22.492175275217274,-0.06179821394132495,21.339497704127155,-1.1227421655861565,24.428550368374896,-0.688399979971636,16.984318769825737,0.22190090445299948,31.36864277324987,-0.318536436790488,32.427045875146824,-0.8084873455471275,30.570829215270532,-0.639191072811655,31.984998691988885,-0.8061223040751995
3681,0.6000000000000001,true_threat,IDEAM,0,0,3680,0.55,1,1,198.86454982628956,-201.72289564777137,214.55673635404494,-208.74873178322088,-208.75,-0.0008977878360383329,-0.016071347671592753,0.008529509668201159,0,0,32.71472476219144,-0.6539503099060084,0.23939740657806396,0.0,0.0010277277324348688,0.0012556063011288643,31.198604734776005,0.006657204701900456,0,0,1.1680919273800043,12.480847358969903,1.1748407923507107,occluder,,,11.920944346704887,,0.6000000000000001,3669,ok,accepted,0,ok,0.4107592,0.0008168999920599163,0.4092980000132229,0.0,0,0.0011881000000002473,0.01332700000000031,0,205.00757027456513,-12.82323199231243,2.811232682186727,3.5271043522286334,0,0,0,0,1,1,9,9,1.0,1,1,16.10171734957911,-0.4554535119946537,0,0,18.50333344970678,0.0395205275863856,22.48937718879842,-0.055961727738954054,21.277674789725232,-1.2364582759432645,24.388534208604163,-0.8003231893475666,16.996348416190504,0.2405929273626147,31.34659042129378,-0.4410036361989023,32.37877848748073,-0.9653477426390544,30.538734242401453,-0.6418994504476273,31.937047920235788,-0.959015419494566
3682,0.6500000000000001,true_threat,IDEAM,0,0,3681,0.6000000000000001,1,1,200.4988257423641,-201.71843188003155,215.95294602603636,-208.7483622912478,-208.75,-0.0012682167791240317,-0.015767167054147706,0.008195885350471378,0,0,32.6732530751911,-0.8294337400067775,0.2071126103401184,0.0,0.0015723761171102524,0.001921019866131246,31.01941286395692,0.006674114712751907,0,0,1.1726215516875982,12.478909305010879,1.1765239900599198,occluder,,,11.70869445677562,,0.6500000000000001,3669,ok,accepted,0,ok,0.4107592,0.0008168999920599163,0.4092980000132229,0.0,1,0.0011915000000009002,0.014919799999997707,0,205.93274124930318,-12.114127050975952,3.2822713794400897,3.5315681199684548,0,0,0,0,1,1,9,9,1.0,1,1,15.889574065351168,-0.4619902589564585,0,0,18.5046686029969,0.026703067555099425,22.487183732591546,-0.04386912360916111,21.21068487126087,-1.339798359190161,24.34335485703334,-0.9035870244313136,17.00913337155229,0.25569910733233836,31.318631827272277,-0.5591056819981537,32.323251728825056,-1.1105351600619413,30.507583410533023,-0.6230166326912816,31.881999902231286,-1.1009603415526237
3683,0.7000000000000001,true_threat,IDEAM,0,0,3682,0.65,1,1,202.13081285062316,-201.71399941067642,217.3461344579692,-208.7479938299417,-208.75,-0.0016377087522130296,-0.015377359616950347,0.00781510700843329,0,0,32.62438006502508,-0.9774602033203905,0.1745135635137558,0.0,0.0015723761171102524,0.001921019866131246,31.01941286395692,0.006694125432265507,0,0,1.177104608411554,12.486920822908022,1.1784213389404694,occluder,,,11.496742672063272,,0.7000000000000001,3669,ok,accepted,0,ok,0.4107592,0.0008168999920599163,0.4092980000132229,0.0,0,0.0011915000000009002,0.009740399999998317,0,206.85794273641216,-11.407341429825863,3.7502583242639673,3.536000589323578,0,0,0,0,1,1,9,9,1.0,1,1,15.67743761339908,-0.46859051336461627,0,0,18.505343810856914,0.013504158872444652,22.485509074982005,-0.03349315166177465,21.139090616941346,-1.4318850786221562,24.293443373265884,-0.9982296679120947,17.022475273272487,0.26683803447780663,31.285076673354816,-0.6710134556166195,32.26100728677948,-1.2448888257383761,30.477866908596845,-0.5943300360919292,31.820354362998327,-1.2329107627472558
3684,0.7500000000000001,true_threat,IDEAM,0,0,3683,0.7000000000000001,1,1,203.7601755097809,-201.70975094210627,218.7359354337219,-208.74761126544374,-208.75,-0.0020061700583084985,-0.014918332805970984,0.00739633153295788,0,0,32.568941804970876,-1.1087652010840543,0.14103075861930847,0.0,0.0019112590234726667,0.002335043391212821,30.865643942033515,0.006716933380091264,0,0,1.1814341819268748,12.50362651593976,1.1806973445142854,occluder,,,11.285042406708271,,0.7500000000000001,3669,ok,accepted,0,ok,0.4107592,0.0008168999920599163,0.4092980000132229,0.0,1,0.001303700000001129,0.010315399999999642,0,207.78314423393192,-10.703180268187879,4.21485780249688,3.540249057893732,0,0,0,0,1,1,9,9,1.0,1,1,15.465241836439462,-0.47526002281280744,0,0,18.505349537361976,0.00011453152561011455,22.484017523394158,-0.02983103129800117,21.06344706515642,-1.5128710303875883,24.239200297699746,-1.0848615046313057,17.03618147894739,0.27412411356480715,31.246322351064528,-0.7749747464454577,32.19258303361515,-1.3684850459177853,30.449582829358906,-0.5656815836884708,31.752660620144244,-1.3538748326190977
3685,0.8,true_threat,IDEAM,0,0,3684,0.75,1,1,205.3866085805115,-201.70579338994608,220.12201327557077,-208.747260488637,-208.75,-0.0023887345562627615,-0.014417602348641211,0.0069481192797950005,0,0,32.50746439928791,-1.2295481136592912,0.10677304863929749,0.0,0.0019112590234726667,0.002335043391212821,30.865643942033515,0.006742362469343589,0,0,1.1854728494429878,12.528052267717714,1.1834592019941597,occluder,,,11.073599649766184,,0.8,3669,ok,accepted,1,ok,0.3407419,0.0007928999839350581,0.3395353000087198,0.0,0,0.001303700000001129,0.010303699999997917,0,208.70831521387535,-10.00191817740071,4.6757646644023225,3.5442066100539193,0,0,0,0,1,1,9,9,1.0,1,1,15.252972957937555,-0.4820200255937119,0,0,18.50467624302064,-0.013465886909571213,22.48229136754719,-0.03452311645532253,20.983840046688375,-1.5921403666029685,24.181035710497028,-1.1632917382106098,17.050063160940987,0.2776336399354324,31.202821483686435,-0.8698865099281007,32.118566432699254,-1.480331998715548,30.42242981127176,-0.543060361545286,31.679502324005014,-1.4631658972622874
3686,0.8500000000000001,true_threat,IDEAM,0,0,3685,0.8,1,1,207.00983736298468,-201.70200477758746,221.50403230579212,-208.7469873904046,-208.75,-0.002739511362989333,-0.013851690979479591,0.006477823271715625,0,0,32.4403398142799,-1.3424917001601955,0.07327644526958466,0.0,-0.0008601145236752927,-0.0010508281411603093,31.59708176916673,0.006770292676030842,0,0,1.1893273079586208,12.559423481421348,1.1866733724776322,occluder,,,10.862584970451444,,0.45000000000000007,3677,ok,accepted,0,ok,0.3407419,0.0007928999839350581,0.3395353000087198,0.0,1,0.0011962000000025341,0.014463399999996795,0,209.6335167061897,-9.303890887241892,5.132582202309322,3.5479952224125384,0,0,0,0,1,1,9,9,1.0,1,1,15.040818951465715,-0.48913361100545877,0,0,18.50331057751048,-0.027313311767788926,22.479947231205436,-0.046882726612159864,20.899306350642963,-1.6906739205690153,24.119353968848866,-1.2336348285353393,17.06396010194988,0.2779388202361832,31.15506664488929,-0.9549509049987399,32.03958690936338,-1.5795904450687621,30.396009218821817,-0.5284118493103919,31.601512714487313,-1.5597921642389287
3687,0.9000000000000001,true_threat,IDEAM,0,0,3686,0.8500000000000001,1,1,208.62946511309178,-201.69833946400604,222.8817178349665,-208.74670051171444,-208.75,-0.0030126095954017273,-0.01319602480296953,0.005992187292582304,0,0,32.367904208724426,-1.4487121111095291,0.04101982340216637,0.0,-0.0008601145236752927,-0.0010508281411603093,31.59708176916673,0.006800627904635142,0,0,1.193073757717542,12.59722330209318,1.1899542421663623,occluder,,,10.65220924610268,,0.5000000000000001,3677,ok,accepted,0,ok,0.3407419,0.0007928999839350581,0.3395353000087198,0.0,0,0.0011962000000025341,0.009999600000000441,0,210.55862665098044,-8.609373081925526,5.5851577866929745,3.5516605359939604,0,0,0,1,1,0,8,9,0.8888888888888888,1,1,14.828964833376382,-0.4967032684487133,1,0,18.501244912334748,-0.041313306375557794,22.476746695320227,-0.06401071727555953,20.81151681342101,-1.7557907454621928,24.054567060388433,-1.2957381662244238,17.07771589804486,0.2751159219856024,31.1035693580551,-1.0297898674891606,31.956285333541732,-1.6660314933758764,30.369973914887282,-0.5207060784695796,31.519323124010015,-1.6437917833442302
3688,0.9500000000000001,true_threat,IDEAM,0,17,3687,0.9,1,1,210.24533925336183,-201.694828018832,224.25485625047025,-208.7464304430183,-208.75,-0.003299488285563257,-0.012535616369239142,0.0054977920782158535,0,0,32.290511562176995,-1.5478529309486078,0.010125899687409401,0.0,-0.0013433286221697927,-0.001641185488551855,31.35714279811494,0.006833264919792121,0,0,1.1966511115132334,12.641088223637968,1.1935367420152914,occluder,,,10.442515908621976,,0.55,3677,ok,accepted,0,ok,0.3407419,0.0007928999839350581,0.3395353000087198,0.0,1,0.001183499999999782,0.012593999999999994,0,211.4836450378367,-7.91851732851174,6.033277815340455,3.5551719811680016,0,0,0,1,1,0,6,9,0.6666666666666666,1,1,14.617397738554025,-0.504725726834861,2,1,18.498471616302897,-0.05546592568383157,22.47260965116704,-0.08274088263528397,20.722033555255194,-1.7896651655266789,23.98601885610999,-1.3709640844204702,17.091200851113822,0.2696990613789482,31.04884863892124,-1.0942538783884648,31.869317834750266,-1.7393499528264353,30.344161773410598,-0.5162428285091157,31.433557256311037,-1.7153173289855963
3689,1.0,true_threat,IDEAM,1,65,3688,0.9500000000000001,1,1,211.857215643184,-201.69147052535158,225.6230508186054,-208.74616206086822,-208.75,-0.003569556981688038,-0.011854573529109335,0.004999404413199391,0,0,32.205501876029714,-1.7001937229456132,0.0,0.018974585458636284,-0.0013433286221697927,-0.001641185488551855,31.35714279811494,0.006869385587756179,0,0,1.2000898452789386,12.6948102125954,1.1967519424695066,occluder,,,10.233465479925972,,0.6,3677,ok,accepted,0,ok,0.3407419,0.0007928999839350581,0.3395353000087198,0.0,0,0.001183499999999782,0.009126699999999488,0,212.40844980686396,-7.23144570771683,6.47666761444836,3.5585294746484237,0,0,0,1,0,0,4,9,0.4444444444444444,1,1,14.406014806467956,-0.5131892207076537,3,1,18.49498306197834,-0.06977109280276696,22.467621929907214,-0.09975442481173713,20.631890358487457,-1.8028639374089002,23.913112355501255,-1.4581300126426762,17.104304334427326,0.26206966633590045,30.99142336834728,-1.148345646854946,31.779319559892034,-1.7999654743108593,30.31861094130634,-0.5110166399255298,31.3448540733027,-1.7740636370461769
3690,1.05,true_threat,IDEAM,1,144,3689,1.0,1,1,213.4645449297463,-201.68816035944155,226.98605742999354,-208.74598700127933,-208.75,-0.003837939131784651,-0.011173274176355847,0.004501623817182291,1,0,32.11224109018561,-1.8652157168820338,0.0,0.04354783892631531,-0.0016013060230761766,-0.0019563643727451563,31.147121841831893,0.006909342576157066,0,0,1.2034813035281218,12.75988249099531,1.1995583654710478,occluder,,,10.025532331622745,,0.65,3677,ok,accepted,0,ok,0.3407419,0.0007928999839350581,0.3395353000087198,0.0,1,0.0013944999999999652,0.013205799999997936,0,213.33310198800945,-6.548768602300015,6.915022044691,3.5618396405584463,0,0,0,1,0,0,1,9,0.1111111111111111,1,1,14.195223668353353,-0.5220846766102032,4,1,18.490777341094127,-0.08411442551238667,22.46196854355876,-0.11306772655787738,20.54188068023794,-1.8001935657034218,23.837316216814745,-1.515922775236128,17.116929073835855,0.25249478817649695,30.93180848507657,-1.1921437276665974,31.686509854602683,-1.85619408398195,30.29356365241604,-0.5009457741281609,31.25348060423376,-1.8274693610355492
3691,1.1,true_threat,IDEAM,1,204,3690,1.05,1,1,215.0670524080131,-201.68476028570538,228.34378450067322,-208.74581374275502,-208.75,-0.004012998720668293,-0.010425571244922143,0.00400842903799306,0,0,32.01258635501956,-1.9930947033211055,0.0,0.06253935396671295,-0.0016013060230761766,-0.0019563643727451563,31.147121841831893,0.006952425522648703,0,0,1.2069170077574825,12.834637490077984,1.2021048065606128,occluder,,,9.819013183227057,,0.7000000000000001,3677,ok,accepted,0,ok,0.3407419,0.0007928999839350581,0.3395353000087198,0.0,0,0.0013944999999999652,0.014032699999997789,0,214.2574184601989,-5.87057759622266,7.348432643181241,3.56523971429462,0,0,0,1,0,0,0,9,0.0,1,1,13.98525142438653,-0.5313949148225164,5,1,18.485848730935533,-0.09857221264321533,22.455891725494904,-0.12153636085104112,20.45265492641341,-1.784515074663,23.759946512828378,-1.5473940809791977,17.12899114519636,0.2412414271738261,30.870511183909347,-1.225802310593442,31.59115384064214,-1.9071202591680771,30.269389931584904,-0.4834744114347384,31.159600881474212,-1.8775944382829197
3692,1.1500000000000001,true_threat,IDEAM,1,213,3691,1.1,1,1,216.6644023482068,-201.68116360714436,229.6961099655445,-208.74565758572652,-208.75,-0.004186257244981562,-0.009691752841054866,0.0035237483583720093,1,0,31.90825017585629,-2.086723583265382,0.0,0.07746213674545288,-0.0016767994966357946,-0.0020485969725996256,30.967046101803536,0.006997965584296094,0,0,1.2104883337129024,12.917550947666248,1.2045359605606896,occluder,,,9.61427688370758,,0.7500000000000001,3677,ok,accepted,0,ok,0.3407419,0.0007928999839350581,0.3395353000087198,0.0,1,0.001379000000000019,0.011572000000001026,0,215.1815823236851,-5.1973915195151505,7.776594244566326,3.568836392855644,0,0,0,1,0,0,0,9,0.0,1,1,13.7763923282315,-0.541107915190671,6,1,18.480183883699404,-0.11329695383499137,22.449650875937504,-0.12481699076574923,20.36479674491686,-1.7571636246198377,23.681926401174167,-1.560402233341311,17.140419976807937,0.2285766321525663,30.808009956485712,-1.249894624125463,31.494565681328705,-1.9317631684389085,30.246509394812378,-0.4576107289089251,31.06450999512545,-1.9018177138459487
3693,1.2000000000000002,true_threat,IDEAM,1,221,3692,1.1500000000000001,1,1,218.25644213121336,-201.67727882308333,231.0430948493493,-208.74548799179595,-208.75,-0.004342414273480699,-0.008964774222342197,0.003050468224198687,0,0,31.800444499554462,-2.1561135260365205,0.0,0.08925389498472214,-0.0016767994966357946,-0.0020485969725996256,30.967046101803536,0.0070454916028340675,0,0,1.2143631384750506,13.007606100569783,1.2070693215768797,occluder,,,9.411666381847725,,0.8000000000000002,3677,ok,accepted,0,ok,0.3407419,0.0007928999839350581,0.3395353000087198,0.0,0,0.001379000000000019,0.014483800000000713,0,216.1054104990368,-4.529179911860297,8.199750953019418,3.572721176916673,0,0,0,1,0,0,0,9,0.0,1,1,13.568912410636223,-0.5512093462527341,7,1,18.473708414927017,-0.12950938277872864,22.443438636175046,-0.12424479482402853,20.278828749941113,-1.7193598897560503,23.60396923010547,-1.5591434201268746,17.15115262617684,0.21465298743098343,30.744788946418264,-1.2643066468047024,31.397893600958483,-1.9334415924058872,30.225305419379005,-0.4240795007284352,30.969352354686606,-1.903152799448413
3694,1.2500000000000002,true_threat,IDEAM,1,225,3693,1.2000000000000002,1,1,219.84301912230254,-201.67296865648262,232.3847696852801,-208.74535072691702,-208.75,-0.0045120082040455145,-0.008273993299161148,0.002591325964402631,1,0,31.6900931774938,-2.2070264412132445,0.0,0.09848426282405853,-0.0015741534298285842,-0.001923191244713962,30.81542898836273,0.007094643048055588,0,0,1.2186634507062024,13.10405509418471,1.2098874719052954,occluder,,,9.211570058720381,,0.8500000000000002,3677,ok,accepted,0,ok,0.3407419,0.0007928999839350581,0.3395353000087198,0.0,1,0.001391200000000481,0.012125299999997452,0,217.02887246347234,-3.8660648852066686,8.617963824514675,3.577031343517376,0,0,0,1,0,0,0,9,0.0,1,1,13.363114284846212,-0.5616888248044942,8,1,18.46638799178732,-0.14640846826262077,22.437405687600503,-0.12065897130518916,20.195233500445372,-1.6719049752137018,23.526656741193527,-1.5462497751270505,17.161128059124607,0.1995086589806118,30.681303644806064,-1.269610320438732,31.301995907064352,-1.9179538663165643,30.20608508761569,-0.3844066263371151,30.874976730536275,-1.88751247717405
3695,1.3,true_threat,IDEAM,1,243,3694,1.25,1,1,221.42404175833445,-201.66820262099822,233.72119552410575,-208.74529154663276,-208.75,-0.004649273082975469,-0.0075863827270461655,0.002148313478147661,0,0,31.577961497800935,-2.242633593857306,0.0,0.10523231327533722,-0.0015741534298285842,-0.001923191244713962,30.81542898836273,0.0071451162024971215,0,0,1.223404497962207,13.206233724641384,1.2130458570983553,occluder,,,9.01430566963111,,0.9,3677,ok,accepted,1,ok,0.4491992,0.000672499998472631,0.44810900001903065,0.0,0,0.001391200000000481,0.010323299999999591,0,217.95196821178627,-3.2081379974886772,9.031293915026396,3.5817973790017845,0,0,0,1,0,0,0,9,0.0,1,1,13.159227853811624,-0.5725394616952049,9,1,18.45822452134464,-0.16326941250176977,22.431637859730298,-0.11535655693436006,20.113400644541496,-1.6366570982395645,23.45050391959361,-1.5230564271333433,17.170313848469245,0.18371578694682003,30.617988544212846,-1.266224575413637,31.207029002217674,-1.8993380886378093,30.189021968487886,-0.34126237266885356,30.78144606532592,-1.8706133012841846
3696,1.35,true_threat,IDEAM,1,251,3695,1.3,1,1,222.99944887922715,-201.6626145265355,235.0524638925284,-208.74523412576994,-208.75,-0.004708453367243237,-0.006869538467591,0.0017237643187757836,1,0,31.46484540231545,-2.2623219097096836,0.0,0.10890933871269226,-0.0033673362340778112,-0.004113977309316397,31.173368586437306,0.007196580150240683,0,0,1.2289677707689748,13.313314563141901,1.2166310506644509,occluder,,,8.82042491870097,,0.65,3683,ok,accepted,0,ok,0.4491992,0.000672499998472631,0.44810900001903065,0.0,1,0.0013997999999979527,0.014436700000000968,0,218.87457567887864,-2.555338343688362,9.439954816356675,3.587385473464508,0,0,0,1,0,0,0,9,0.0,1,1,12.957693630960534,-0.5839160026348265,10,1,18.44923326229673,-0.17982518291948082,22.426179022390603,-0.10917674659492331,20.03285143819445,-1.6109841015519706,23.375987601744527,-1.4903263502028559,17.178668032845025,0.1670836875745799,30.555272421044144,-1.254262761057486,31.112849835512883,-1.8835833288919537,30.174165652737518,-0.29712630444057203,30.68869550899888,-1.8550111256095165
3697,1.4000000000000001,true_threat,IDEAM,1,257,3696,1.35,1,1,224.56917940818477,-201.65608232361058,236.3788494435298,-208.74516311184334,-208.75,-0.004765874230059808,-0.006187619568838143,0.0013194001026612763,0,0,31.351582020066743,-2.265267644974145,0.0,0.10948921740055084,-0.0033673362340778112,-0.004113977309316397,31.173368586437306,0.007248670208921391,0,0,1.2354905565770196,13.424274079469859,1.2206850841766406,occluder,,,8.630495241710513,,0.7000000000000001,3683,ok,accepted,0,ok,0.4491992,0.000672499998472631,0.44810900001903065,0.0,0,0.0013997999999979527,0.013745899999999978,0,219.7967559051075,-1.9077880409595878,9.844160141129208,3.593917676389424,0,0,0,1,0,0,0,9,0.0,1,1,12.758963686279683,-0.595865845423086,11,1,18.439444733056703,-0.19577058523524477,22.421025360839234,-0.1030732310974847,19.954079880405235,-1.5754311277847408,23.30354075706971,-1.4489368855412446,17.186165818168075,0.14995570650358178,30.493549752504403,-1.2344099552122454,31.01987420885593,-1.8595125304089826,30.1614684559568,-0.2539439248068385,30.597171381193352,-1.830482556289662
3698,1.4500000000000002,true_threat,IDEAM,1,265,3697,1.4000000000000001,1,1,226.13329433351151,-201.64846866230837,237.70035218752065,-208.74510902242938,-208.75,-0.0048368881566602795,-0.005555097170255379,0.000936437024959531,1,0,31.238909951824464,-2.2534413648455853,0.0,0.10733606666326523,-0.0029048253782093525,-0.003548913635313511,30.98124189016215,0.007301051458215057,0,0,1.2430797189573752,13.538125116067345,1.2255124225033442,occluder,,,8.444726581904186,,0.7500000000000001,3683,ok,accepted,0,ok,0.4491992,0.000672499998472631,0.44810900001903065,0.0,1,0.0014419000000032156,0.012078899999998782,0,220.71841732733304,-1.2653345378583936,10.244001462894516,3.6015313376916254,0,0,0,1,0,0,0,9,0.0,1,1,12.563116791403939,-0.6083276043766718,12,1,18.428885635692094,-0.21118194655674713,22.416167341302234,-0.09716039051202673,19.87767534037294,-1.5280907715502257,23.23355820726236,-1.39965098760589,17.192797668743847,0.13263701153609192,30.433209338739537,-1.206779041073752,30.928634272967624,-1.824798716979956,30.150794956665894,-0.21346997476026444,30.50738103693525,-1.7958068855322282
3699,1.5000000000000002,true_threat,IDEAM,1,273,3698,1.4500000000000002,1,1,227.69182416757835,-201.6397582734299,239.0170941843957,-208.74504129830854,-208.75,-0.004890977570624955,-0.004949538286461483,0.000575975683311955,0,0,31.127521003144253,-2.227778973604231,0.0,0.1024375781416893,-0.0029048253782093525,-0.003548913635313511,30.98124189016215,0.007353396281275422,0,0,1.2517810759177337,13.653846527666163,1.231274562340277,occluder,,,8.263370189625851,,0.8000000000000002,3683,ok,accepted,0,ok,0.4491992,0.000672499998472631,0.44810900001903065,0.0,0,0.0014419000000032156,0.009069799999998907,0,221.63946840323698,-0.6278557796954942,10.639692383865622,3.610241726570109,0,0,0,1,0,0,0,9,0.0,1,1,12.37028289849213,-0.6212575108554598,13,1,18.417584581409823,-0.22602108415389147,22.411595429529875,-0.09143823576097317,19.804143263695718,-1.4706415056673556,23.164470204161372,-1.3817600531929042,17.198559768191515,0.11524198898157771,30.374603804061046,-1.1720930226005468,30.839639289990036,-1.7798996598250347,30.141981122193688,-0.1762766785563544,30.419820386489157,-1.7512130085006243
3700,1.55,true_threat,IDEAM,1,284,3699,1.5,1,1,229.24482991951103,-201.62987484221276,240.32919754610336,-208.74508196814313,-208.75,-0.0049587016914642845,-0.0043966751987290775,0.0002387299141986942,1,0,31.018078966331444,-2.188840736256168,0.0,0.09506801515817642,-0.0019322842126712203,-0.002360730431973934,30.812191661652744,0.007405376356864624,0,0,1.261648966427419,13.770392073509461,1.2383057055993953,occluder,,,8.08675526820347,,0.85,3683,ok,accepted,0,ok,0.4491992,0.000672499998472631,0.44810900001903065,0.0,1,0.00136659999999722,0.011651700000001597,0,222.55997015756122,0.004648217912944119,11.031293991249044,3.6201251577872426,0,0,0,1,0,0,0,9,0.0,1,1,12.180662169813147,-0.6345831254732797,14,1,18.40557971567528,-0.24009731262320175,22.4073019951489,-0.08586868877308947,19.73394332199615,-1.4039988079850403,23.096477020459712,-1.3598636658117174,17.20345783878521,0.09796141189859887,30.31807630375378,-1.130541012886759,30.75336418975525,-1.7255020050754317,30.134876272377,-0.14209698552321065,30.334962452221774,-1.697158683318291
3701,1.6,true_threat,IDEAM,1,295,3700,1.55,1,1,230.79246411993205,-201.6186504699331,241.63687585924038,-208.7451241475405,-208.75,-0.00491803185687445,-0.0037984042639970755,-7.556734527915804e-05,0,0,30.911193588751335,-2.1377075516021904,0.0,0.0852230116724968,-0.0019322842126712203,-0.002360730431973934,30.812191661652744,0.007456675937682485,0,0,1.421268335409252,13.886693422141882,1.402416664550828,occluder,,,7.915171581786409,,0.9,3683,ok,accepted,1,ok,0.3258007,0.0007027999963611364,0.32469800001126714,0.0,0,0.00136659999999722,0.009980999999999796,0,223.47989207793486,0.6323604979603203,11.419050384012422,3.631349530066899,0,0,0,1,0,0,0,9,0.0,1,1,11.994414923647446,-0.6482760824059823,15,1,18.39290918737721,-0.25341056393321404,22.403285128634714,-0.08033733057309385,19.66749322395485,-1.329001938401663,23.030047864204107,-1.3285831178550578,17.207497601298844,0.08079525031790961,30.263931923657438,-1.082884315869847,30.67027627234014,-1.6617583478476152,30.129327817159403,-0.11096909465703432,30.253255460920503,-1.6341398217240632
3702,1.6500000000000001,true_threat,IDEAM,1,309,3701,1.6,1,1,232.33487958576023,-201.60675649121677,242.9402817116885,-208.74516778444675,-208.75,-0.004875852459491625,-0.003241954751072169,-0.00036595956473396175,1,1,30.807599621818518,-2.0718793386563306,0.0,0.07252347469329834,0.004217709414660931,0.005152903962880373,31.101192848041098,0.007506906168551564,0,0,1.7963370795136622,14.001474660691432,1.784094695795792,occluder,,,7.747958463730795,,0.44999999999999996,3693,ok,accepted,0,ok,0.3258007,0.0007027999963611364,0.32469800001126714,0.0,1,0.0015473999999997545,0.012615799999998956,0,224.3991426116288,1.2555254300945649,11.803205702766604,3.643243508783229,0,0,0,1,0,0,0,9,0.0,1,1,11.810919029267595,-0.6618342484240912,16,1,18.379609235359904,-0.2659990384451285,22.399563900614123,-0.07442456000071726,19.60516108632306,-1.2466427357784169,22.965598537026956,-1.2889865372002336,17.21070576151658,0.06416320436103862,30.21245483205913,-1.029541426768792,30.59080659879776,-1.5893934686868154,30.12522322144989,-0.08209190634341339,30.175138102569512,-1.562347159984586
3703,1.7000000000000002,true_threat,IDEAM,1,327,3702,1.6500000000000001,1,1,233.8721679269839,-201.59436072150132,244.23975079678758,-208.7452127643433,-208.75,-0.0048322155532503075,-0.002726708332965187,-0.0006328133942416995,0,1,30.707956967259147,-1.9928530911874276,0.0,0.057087242603302,0.004217709414660931,0.005152903962880373,31.101192848041098,0.007555700897743154,0,0,2.2793190742840035,14.113331769601086,2.2724124699029473,occluder,,,7.585163531414925,,0.5,3693,ok,accepted,0,ok,0.3258007,0.0007027999963611364,0.32469800001126714,0.0,0,0.0015473999999997545,0.011427699999998708,0,225.3176912410667,1.874265141880329,12.184126158427773,3.6556392784986826,0,0,0,1,0,0,0,9,0.0,1,1,11.630222860811312,-0.6750823042879398,17,1,18.36571991410751,-0.27778642348328103,22.39616501584719,-0.06797769403739339,19.547286418460175,-1.1574933450398368,22.903516231547258,-1.2416461046082754,17.21311092790864,0.04810332784796514,30.163904474791835,-0.9710070671132407,30.51536524863707,-1.5088269986865697,30.12247665425497,-0.05493133810161819,30.10101092016552,-1.4825436380550137
3704,1.7500000000000002,true_threat,IDEAM,1,334,3703,1.7000000000000002,1,1,235.4046648942022,-201.58163089293814,245.53543570241936,-208.7452590351763,-208.75,-0.004787235656692701,-0.002251894545989161,-0.0008766077663138888,1,1,30.612841364316083,-1.902312058861284,0.0,0.03941677510738373,0.005398203153163195,0.006595149170607328,30.947733025969388,0.007602723900386299,0,0,2.8125038568340064,14.221104607082403,2.809257591476719,occluder,,,7.426731962499851,,0.55,3693,ok,accepted,0,ok,0.3258007,0.0007027999963611364,0.32469800001126714,0.0,1,0.0013718999999987602,0.010001700000000113,0,226.23556849423574,2.488884855929598,12.561933810890537,3.6683691070618636,0,0,0,1,0,0,0,9,0.0,1,1,11.452187958771031,-0.6880993645238592,18,1,18.35128890822311,-0.28862011669715537,22.393118990801703,-0.06092049889965555,19.49417248638573,-1.062278635308865,22.844151899340787,-1.1872866401876634,17.214747432849173,0.032730098814916196,30.11850983233168,-0.9078909640800737,30.444347042888303,-1.420364107560963,30.121021357845645,-0.029105924588090866,30.031263012595257,-1.3949581383390046
3705,1.8,true_threat,IDEAM,1,346,3704,1.75,1,1,236.93258423537887,-201.56893314356793,246.82773315707635,-208.74530646160562,-208.75,-0.0047409648236964586,-0.0018168157424128745,-0.0010977533980801625,0,1,30.52280152076887,-1.8007968709442679,0.0,0.019547121599316597,0.005398203153163195,0.006595149170607328,30.947733025969388,0.007647643178164123,0,0,3.3700535394740796,14.32357181668427,3.3691458803903545,occluder,,,7.272757071729937,,0.5999999999999999,3693,ok,accepted,0,ok,0.3258007,0.0007027999963611364,0.32469800001126714,0.0,0,0.0013718999999987602,0.011575700000001632,0,227.15265228000888,3.0997204113331236,12.937147479774382,3.681066856432068,0,0,0,1,0,0,0,9,0.0,1,1,11.276851777427243,-0.7009521265999661,19,1,18.33636008435512,-0.2985764765489612,22.390450621376935,-0.05336738589054067,19.446092042686733,-0.9616088716717983,22.787818346272573,-1.1266710586208926,17.215655330684832,0.018157956715182517,30.07647322932344,-0.840726739667343,30.378110563222865,-1.3247295825242162,30.120809648380654,-0.004234187623155636,29.96625868319033,-1.3000865721276498
3706,1.85,true_threat,IDEAM,1,355,3705,1.8,1,1,238.45613968286156,-201.55658783506698,248.11703988925115,-208.74535490829118,-208.75,-0.004693538394377583,-0.0014204727145355452,-0.0012968655560925118,1,1,30.43794854476923,-1.697059519992763,0.0021443869918584824,0.0,0.005455077160149813,0.006664634216576815,30.805761026049804,0.007690340158785193,0,0,3.939898758764169,14.420245874352412,3.940347529530517,occluder,,,7.1233858156032746,,0.6499999999999999,3693,ok,accepted,0,ok,0.3258007,0.0007027999963611364,0.32469800001126714,0.0,1,0.001406700000000427,0.012624000000002411,0,228.069034161526,3.706893977298705,13.310072330432064,3.6934121649330223,0,0,0,1,0,0,0,9,0.0,1,1,11.10428607751869,-0.7137364114452693,20,1,18.320979221516833,-0.30761725648866384,22.388175164985352,-0.04550912518493549,19.403273968050875,-0.8563614936737814,22.734813118019368,-1.060104563114481,17.215880397779614,0.004501341896124087,30.037970316713274,-0.7700484167571847,30.316997224490187,-1.222266760549624,30.12176904558665,0.019187944263395606,29.906341254434835,-1.1983485565286107
3707,1.9000000000000001,true_threat,IDEAM,1,363,3706,1.85,1,1,239.97554501064096,-201.54503739941686,249.40347794322216,-208.74532803964894,-208.74990631460827,-0.004551406317091278,0.32526913538571267,-0.0014746114999081694,0,1,30.355229205622482,-1.6543867829349779,0.025895221158862114,0.0,0.005455077160149813,0.006664634216576815,30.805761026049804,0.0077323086304934814,0,0,4.5160977826920154,14.516339362299455,4.517177651618297,occluder,,,6.978509039557982,,0.7,3693,ok,accepted,0,ok,0.3258007,0.0007027999963611364,0.32469800001126714,0.0,0,0.001406700000000427,0.00954060000000112,0,228.98459206848167,4.310741398122417,13.680952477447391,3.704962600583144,0,0,0,1,0,0,0,9,0.0,1,1,10.93419158629642,-0.7265222538390945,21,1,18.30519781718636,-0.3156280865627506,22.38630215798124,-0.037460138597706256,19.365823165004244,-0.7490160640881762,22.68540515070838,-0.988159344921944,17.215468410487432,-0.008239745843781357,30.003134798317173,-0.6966954815934882,30.261312202243598,-1.1137004275874756,30.123827069859775,0.0411604850215656,29.85181399449075,-1.0905451781024793
3708,1.9500000000000002,true_threat,IDEAM,1,382,3707,1.9000000000000001,1,1,241.49089185473238,-201.53452594599605,250.68753552733554,-208.74501206607206,-208.74903424347806,-0.003706203829125343,0.7047366792651673,0.0016369278595427458,1,1,30.27474608403884,-1.6096624316728736,0.054456330835819244,0.0,0.004636307246983051,0.0056643178686499596,30.680020432972203,0.007773473137253462,0,0,5.095306176407515,14.611598556673076,5.096488416695261,occluder,,,6.838493588661146,,0.75,3693,ok,accepted,0,ok,0.3258007,0.0007027999963611364,0.32469800001126714,0.0,1,0.0013767999999991787,0.010541700000000986,0,229.89935652365767,4.911323787037844,14.050245606384777,3.7154740540039484,0,0,0,1,0,0,0,9,0.0,1,1,10.766692042364067,-0.7393988441870383,22,1,18.28906546240299,-0.32264709566519856,22.384835416290887,-0.02933483154716955,19.333697674308084,-0.6425098167537946,22.63984239958691,-0.911255021623773,17.214465145125878,-0.020065307231318545,29.972081310739817,-0.6210498072552021,30.211328247400875,-0.9996790762884594,30.126884538974874,0.061149382504661856,29.80296491307174,-0.9769816056104437
3709,2.0,true_threat,IDEAM,1,403,3708,1.9500000000000002,1,1,243.00227189799955,-201.5254349132766,251.96942618133954,-208.74416277407425,-208.7465329611175,-0.0015208950454450587,1.0704590646517773,0.008598075963233523,0,1,30.197354406707323,-1.547833546630315,0.08761635422706604,0.0,0.004636307246983051,0.0056643178686499596,30.680020432972203,0.00781336726674281,0,0,5.67557653684181,14.704218341178127,5.676480190208393,occluder,,,6.703281658788893,,0.7999999999999998,3693,ok,accepted,0,ok,0.3258007,0.0007027999963611364,0.32469800001126714,0.0,0,0.0013767999999991787,0.009155900000003214,0,230.81329699386146,5.508763360101227,14.418195790184996,3.724565086723402,0,0,0,1,0,0,0,9,0.0,1,1,10.601520904804666,-0.7523981708961599,23,1,18.272629840853593,-0.32871243081859397,22.383755863649668,-0.021591051708677225,19.30676779556704,-0.5385975758534198,22.598357561001215,-0.8296967712403538,17.212929729502385,-0.030708312469918383,29.944892054698283,-0.5437605566759441,30.167247538953276,-0.881614145276069,30.1308270124521,0.07884947168177188,29.75996376359446,-0.8600229655823282
3710,2.05,true_threat,IDEAM,1,419,3709,2.0,1,1,244.50999036825985,-201.51791678503244,253.24942450616197,-208.74261222328866,-208.74164309230613,0.002519681768120563,1.4199492252225312,0.019938197372504234,1,1,30.123870125204764,-1.469685630051174,0.12418627738952637,0.0,0.0032233987003564835,0.003938124515116215,30.570339167243088,0.007851532111647632,0,0,6.255981053347677,14.792421915362326,6.256358454512496,occluder,,,6.572989693576429,,0.8499999999999996,3693,ok,accepted,0,ok,0.3258007,0.0007027999963611364,0.32469800001126714,0.0,1,0.0013910999999993123,0.012908899999999335,0,231.72641349470922,6.103365329513764,14.785077614159661,3.7320832149675596,0,0,0,1,0,0,0,9,0.0,1,1,10.438525151181933,-0.7656359262800739,24,1,18.255948173727514,-0.3336333418755669,22.383053965391127,-0.014037964050092786,19.28485614684156,-0.4382329722360307,22.5611604437439,-0.743942344943449,17.21090984870284,-0.04039761599217335,29.92161678555115,-0.46547699011553945,30.129085334750805,-0.763244058250062,30.13552097604958,0.09387927723094139,29.72281817485952,-0.7429117503286337
3711,2.1,true_threat,IDEAM,1,432,3710,2.0500000000000003,1,1,246.01410836833605,-201.51216990468828,254.52774399990798,-208.73999412992362,-208.73369414246662,0.00891808082204193,1.7502441804486408,0.03651107121974242,0,1,30.054813068761558,-1.3811411288641295,0.15926972031593323,0.0,0.0032233987003564835,0.003938124515116215,30.570339167243088,0.00788765305799024,0,0,6.443697283372935,14.874834679118514,6.447509855775256,latent_vehicle,,,6.447509855775256,,0.8999999999999999,3693,ok,accepted,0,ok,0.3258007,0.0007027999963611364,0.32469800001126714,0.0,0,0.0013910999999993123,0.012117899999999793,0,232.63870602099553,6.69519080330366,15.151104581619364,3.737830095311722,0,0,0,1,0,0,0,9,0.0,1,1,10.277442090784902,-0.7791209789574576,25,1,18.239068143760907,-0.33760059809343695,22.38270110948389,-0.007057117633754391,19.267779623092203,-0.34153046831225287,22.528399820137356,-0.6552124720279885,17.208462720161517,-0.048942570826465935,29.902278531066496,-0.38673393504954645,30.096725286638808,-0.6472009344583276,30.14082910004466,0.10616248968687048,29.691404169339034,-0.6282800857979096
3712,2.15,true_threat,IDEAM,1,451,3711,2.1,1,1,247.51499210914437,-201.50819414731484,255.8046897238225,-208.7359726965315,-208.7221012166083,0.017892913315307624,2.0581990522437072,0.059210955075933255,1,1,29.99052209084795,-1.285819558272152,0.19255484640598297,0.0,0.0015034155221655965,0.0018367685843259096,30.475722914646326,0.007921505571717826,0,0,6.322568453700195,14.950417972770998,6.326837692845308,latent_vehicle,,,6.326837692845308,,0.9499999999999997,3693,ok,accepted,0,ok,0.3258007,0.0007027999963611364,0.32469800001126714,0.0,1,0.001368899999999229,0.014801699999999585,0,233.55017457272044,7.284605992387071,15.516581753808964,3.741805852685161,0,0,0,1,0,0,0,9,0.0,1,1,10.118038987114934,-0.7929486163349206,26,1,18.22204697137623,-0.34042344567625776,22.38267440840166,-0.0005340214375935268,19.25536274790065,-0.24833749177101302,22.500123373730833,-0.5655289280833347,17.205641751463965,-0.05641937395062122,29.88686213807315,-0.3082951462743953,30.06997475179856,-0.5350106678685806,30.14660833483003,0.11558471046417615,29.6655252898409,-0.5175775656271334
3713,2.1999999999999997,true_threat,IDEAM,1,470,3712,2.15,1,1,249.01273315902995,-201.50603525804428,257.0805667495612,-208.73024264324104,-208.70636173827043,0.02961095826105975,2.3409453612389037,0.08882113627585224,0,1,29.931053652530345,-1.1893687663521035,0.22393721342086792,0.0,0.0015034155221655965,0.0018367685843259096,30.475722914646326,0.007953013163030013,0,0,6.205150465601681,15.0186258442599,6.210960501898441,latent_vehicle,,,6.210960501898441,,0.9999999999999996,3693,ok,accepted,0,ok,0.3258007,0.0007027999963611364,0.32469800001126714,0.0,0,0.001368899999999229,0.01408530000000141,0,234.4606970795785,7.871824535414589,15.881936272689643,3.743964741955722,0,0,0,1,0,0,0,9,0.0,1,1,9.960187859980588,-0.8071114448987439,27,1,18.204938062276973,-0.3421781790298527,22.382947159995194,0.0054550319460232415,19.247437681500713,-0.15850131273258328,22.47629868006931,-0.4764938732226051,17.202506070256582,-0.06271362414685097,29.875331438702393,-0.23058096429021882,30.048595311409866,-0.42758877819060426,30.152730890874754,0.122451139704495,29.64495265429451,-0.4114526872916719
3714,2.25,true_threat,IDEAM,1,494,3713,2.2,1,1,250.50769771329288,-201.50564733558275,258.3554054645658,-208.72242248993712,-208.68605216846535,0.04419047477568938,2.5,0.1259379816934437,1,1,29.876427087663693,-1.0925312973330392,0.25352951884269714,0.0,-0.0002500650007277727,-0.0003055120469070971,30.39469056869368,0.007982121364330175,0,0,6.090982564414673,15.07907067405306,6.099597768016206,latent_vehicle,,,6.099597768016206,,1.0499999999999998,3693,ok,accepted,0,ok,0.3258007,0.0007027999963611364,0.32469800001126714,0.0,1,0.002365699999998583,0.013276400000002297,0,235.37048716980956,8.456998999446455,16.246984897463165,3.7443526644172493,0,0,0,1,0,0,0,9,0.0,1,1,9.803417905727597,-0.8216934430089994,28,1,18.187791008249764,-0.34294107625062475,22.383498382506502,0.011024450171829323,19.24386137226026,-0.07152616670329943,22.456845629637787,-0.3890610086301567,17.199105267593918,-0.06801605325245069,29.867621620392406,-0.15416422692781864,30.032272253032065,-0.3264611375390248,30.15908614289778,0.12710506246785921,29.629457380643224,-0.30990545044198914
3715,2.3,true_threat,IDEAM,1,510,3714,2.25,1,1,252.00009932209213,-201.50681668402035,259.62954146847915,-208.712237463914,-208.66082472462193,0.06159776531518446,2.5,0.16998002118214128,0,1,29.82652779458161,-0.9979858616416237,0.28150954842567444,0.0,-0.0002500650007277727,-0.0003055120469070971,30.39469056869368,0.008008850481123785,0,0,5.9800734236464566,15.131578075492142,5.9927280017001525,latent_vehicle,,,5.9927280017001525,,1.0999999999999996,3693,ok,accepted,0,ok,0.3258007,0.0007027999963611364,0.32469800001126714,0.0,0,0.002365699999998583,0.009188099999999366,0,236.27933120996843,9.040556568086828,16.612276861217623,3.7431833159796497,0,0,0,1,0,0,0,9,0.0,1,1,9.647710485751464,-0.8366898041577101,29,1,18.1706668426316,-0.3424833073172259,22.384303281878665,0.01609798734261184,19.244506027952024,0.012893133574876679,22.441668855524075,-0.30353548227571964,17.195487028426825,-0.0723647833448508,29.863627781755543,-0.07984652809912246,30.020683234132424,-0.23178034837706385,30.165555835619546,0.12939387863693608,29.618755273767494,-0.21404211623297562
3716,2.35,true_threat,IDEAM,1,531,3715,2.3000000000000003,1,1,253.49012102842113,-201.50936013543432,260.9030661995116,-208.69935184059952,-208.6304040995289,0.08183336438509059,2.5,0.21982074072122668,1,1,29.781270062696617,-0.9051546376998942,0.3080635368824005,0.0,-0.0018116136780008674,-0.0022133036982268095,30.327528918016263,0.008033209565683,0,0,5.872246099582661,15.176066027694345,5.890194947621576,latent_vehicle,,,5.890194947621576,,1.15,3693,ok,accepted,0,ok,0.3258007,0.0007027999963611364,0.32469800001126714,0.0,1,0.0014578000000007307,0.01282589999999928,0,237.18735127036047,9.622558214023798,16.977781531858056,3.7406398645656793,0,0,0,1,0,0,0,9,0.0,1,1,9.492864259812444,-0.852145729113287,30,1,18.153611342656845,-0.34110999324776925,22.38533706124388,0.020675587373417317,19.24925911451984,0.09506175176968655,22.430650101294358,-0.2203750846021284,17.191708570431363,-0.0755691599095165,29.863235461009452,-0.007818933914061802,30.013563133021083,-0.1424019934331693,30.172056046237167,0.13000423739835515,29.612541157679225,-0.12428230199970082
3717,2.4,true_threat,IDEAM,1,550,3716,2.35,1,1,254.9781289442937,-201.51298764792003,262.1762847449352,-208.68350611648697,-208.594584180278,0.10476766032152796,2.5,0.27555815894215496,0,1,29.74050816857525,-0.8152378824273399,0.3334040343761444,0.0,-0.0018116136780008674,-0.0022133036982268095,30.327528918016263,0.008055244097119742,0,0,5.767511311041392,15.212485010874348,5.791951994311473,latent_vehicle,,,5.791951994311473,,1.1999999999999997,3693,ok,accepted,0,ok,0.3258007,0.0007027999963611364,0.32469800001126714,0.0,0,0.0014578000000007307,0.014461000000000723,0,238.09454736139648,10.203370038860356,17.343803986245604,3.7370123520799723,0,0,0,1,0,0,0,9,0.0,1,1,9.338786958438893,-0.8680566388093974,31,1,18.136679821313372,-0.33863041944564615,22.386580648211577,0.024871739281788673,19.258021452054802,0.17524676886575802,22.42370162821201,-0.1389694616743536,17.187813764233827,-0.07789612395097742,29.866309191740985,0.06149871467005883,30.01070595617413,-0.05714350903383785,30.178491409159328,0.12870728201086026,29.610572798971194,-0.0393671560071614
3718,2.45,true_threat,IDEAM,1,570,3717,2.4000000000000004,1,1,256.46412297601285,-201.5174245632903,263.44934961975616,-208.66448661648795,-208.55322476720738,0.1302813492795849,2.5,0.33679790089204614,1,1,29.70410779628371,-0.7280074458307695,0.35768112540245056,0.0,-0.003000478958711028,-0.0036657764576375484,30.272189552926434,0.008074997648026426,0,0,5.66599977909069,15.240908938526902,5.6981313939533935,latent_vehicle,,,5.6981313939533935,,1.25,3693,ok,accepted,0,ok,0.3258007,0.0007027999963611364,0.32469800001126714,0.0,1,0.0013653999999974076,0.012969599999998138,0,239.00085844271834,10.78305298925764,17.710557779744732,3.732575436709709,0,0,0,1,0,0,0,9,0.0,1,1,9.185570373643143,-0.8844277503656427,32,1,18.119921869545777,-0.3351590268177483,22.38800924723836,0.028571980871878157,19.270669061374438,0.25295220259228773,22.42070899662526,-0.059852631756003694,17.183850293545497,-0.07926941376662158,29.872681067771122,0.12745792897656325,30.0119514857487,0.02491061788914958,30.18479898255561,0.12615148875095158,29.61267853618189,0.04211476073181112
3719,2.5,true_threat,IDEAM,1,595,3718,2.45,1,1,257.9484387023998,-201.52233507368678,264.72244383573553,-208.64201861995073,-208.50624829284493,0.15823832364301893,2.5,0.4029335889703426,0,1,29.671947556089133,-0.6432048038915639,0.3810785412788391,0.0,-0.003000478958711028,-0.0036657764576375484,30.272189552926434,0.008092510705948484,0,0,5.567732459290609,15.261327984977486,5.608693270098147,latent_vehicle,,,5.608693270098147,,1.2999999999999998,3693,ok,accepted,0,ok,0.3258007,0.0007027999963611364,0.32469800001126714,0.0,0,0.0013653999999974076,0.010663700000002052,0,239.90634555468418,11.361881603678768,18.078164883758262,3.727664926313224,0,0,0,1,0,0,0,9,0.0,1,1,9.033079417407931,-0.9012494180311276,33,1,18.103387078301168,-0.33069581534813175,22.389599970544005,0.031814466210926276,19.28706652279578,0.327949240457135,22.42157874622593,0.017394992004252655,17.179860121227186,-0.07980344636732886,29.88216028793277,0.18960095142591749,30.01717383476383,0.10444700351006414,30.19091582452957,0.12233685387501818,29.6187248548604,0.12092638848608712
3720,2.55,true_threat,IDEAM,1,614,3719,2.5,1,1,259.43128982977527,-201.52796324684476,265.99559786360123,-208.6159647873709,-208.45363654085156,0.1883820790991706,2.5,0.4732966630344426,1,1,29.643882862070672,-0.5612938803692202,0.40370091795921326,0.0,0.0013916793977841735,0.0017002570675686002,31.929492,0.008107840101021935,0,0,5.472326764281995,15.273846067077463,5.522428020661357,latent_vehicle,,,5.522428020661357,,1.3499999999999996,3693,ok,stale_plan,0,ok,0.3258007,0.0007027999963611364,0.32469800001126714,0.0,1,0.0013530999999993298,0.01318910000000173,0,240.81100868688318,11.940069598855217,18.446655779424958,3.722036753155237,0,0,0,1,0,0,0,9,0.0,1,1,8.880464348974982,-0.9180877611912245,34,1,18.08712503768528,-0.32524080241325354,22.391333744438537,0.03467547849013668,19.307034545493714,0.39936046187518665,22.426234582936747,0.09311673422455977,17.17588902216412,-0.07942198127412442,29.894554139818275,0.24788983475369866,30.02623376672554,0.18119865925687995,30.19679043591249,0.11749224152211403,29.628580147924975,0.19710587467282545
3721,2.6,true_threat,IDEAM,1,643,3720,2.5500000000000003,1,1,260.9128289095833,-201.53420221919322,267.26920836417577,-208.5861266191621,-208.39542736496443,0.22053742240646557,2.5,0.5472305739276419,0,1,29.619854812085567,-0.48056099970210653,0.42564642429351807,0.0,0.0013916793977841735,0.0017002570675686002,31.929492,0.008120999250191175,0,0,5.379808064975648,15.278436543616074,5.43893597854802,latent_vehicle,,,5.43893597854802,,1.4,3693,ok,stale_plan,0,ok,0.3258007,0.0007027999963611364,0.32469800001126714,0.0,0,0.0013530999999993298,0.008835499999999996,0,241.71487836209712,12.517739003449321,18.816396604785552,3.7157977808067812,0,0,0,1,0,0,0,9,0.0,1,1,8.727563212324995,-0.9347439997735186,35,1,18.071179617558442,-0.318908391781062,22.393185774652704,0.03704060453745609,19.330369043111375,0.46668995656568707,22.434596397428407,0.16723628987437195,17.17197704959524,-0.07823945137851764,29.909650840642616,0.30194334440235343,30.039003488690042,0.2553944556691224,30.20236369115972,0.11146511365951997,29.642097547987323,0.2703480123118732
3722,2.65,true_threat,IDEAM,1,667,3721,2.6,1,1,262.39317807459395,-201.54123505454706,268.543305808187,-208.55236677581996,-208.33171140794036,0.25441521122172617,2.5,0.6241355245705171,1,1,29.599700622712906,-0.4030837874532267,0.4469604790210724,0.0,0.005109033547341824,0.006241862196475267,30.620014260046222,0.008132061569173113,0,0,5.289876373950541,15.275235775691607,5.357385585163384,latent_vehicle,,,5.357385585163384,,1.15,3699,ok,accepted,1,ok,1.0517068,0.3396080000093207,0.7117025000043213,0.0,1,0.00156210000000101,0.018604700000000918,0,242.6179850979023,13.094981432654777,19.187387312991575,3.708764945452941,0,0,0,1,0,0,0,9,0.0,1,1,8.573776952046416,-0.9509966994370177,36,1,18.05559468679083,-0.311698603958812,22.395129356459314,0.03887163689270846,19.356825874152026,0.5291366224677001,22.446561192939715,0.23929591031577382,17.168150907765984,-0.07652283658669792,29.927213818925907,0.35126590719559464,30.05529989488438,0.3259281364833895,30.207584090775786,0.1044079978144391,29.659130188495954,0.3406528187327295
3723,2.7,true_threat,IDEAM,1,690,3722,2.6500000000000004,1,1,263.8727035669557,-201.549153180706,269.8180122399133,-208.51460892176055,-208.26262882049912,0.28973795532084523,2.5,0.7034856263375185,0,1,29.583418661331358,-0.3256392276309583,0.4677213728427887,0.0,0.005109033547341824,0.006241862196475267,30.620014260046222,0.0081410149968897,0,0,5.202365953229766,15.264072969084939,5.277405027384386,latent_vehicle,,,5.277405027384386,,1.2000000000000002,3699,ok,accepted,0,ok,1.0517068,0.3396080000093207,0.7117025000043213,0.0,0,0.00156210000000101,0.008877500000000538,0,243.5202678591461,13.67222416377274,19.559810983474108,3.700846819293986,0,0,0,1,0,0,0,9,0.0,1,1,8.418694363520034,-0.9668278416788261,37,1,18.040412207780545,-0.30364956780121444,22.39714351110691,0.040283093296859925,19.38612656571379,0.5860138310822827,22.46202215857526,0.3092193128444595,17.1644430216293,-0.07415772273528393,29.947006512795305,0.3958577472859232,30.07491889898282,0.3923800909820761,30.212405858706305,0.09643536174913886,29.67947207578863,0.40683775208918704
3724,2.75,true_threat,IDEAM,1,722,3723,2.7,1,1,265.3515885597967,-201.55815489945172,271.093632793475,-208.47273088257066,-208.18836598026664,0.3262429414939163,2.5,0.7848310150217367,1,1,29.570907822209012,-0.2502167824469126,0.4878913462162018,0.0,0.005946895107626915,0.00726550305262208,30.388911931894555,0.008147904739216416,0,0,5.117062013853387,15.2450405125241,5.1988281140660995,latent_vehicle,,,5.1988281140660995,,1.25,3699,ok,accepted,0,ok,1.0517068,0.3396080000093207,0.7117025000043213,0.0,1,0.0013809000000009064,0.0117126999999968,0,244.4218792285048,14.249497787255052,19.93382016767714,3.691845100548278,0,0,0,1,0,0,0,9,0.0,1,1,8.262101297842829,-0.982299718652241,38,1,18.025670326387495,-0.29483761538307146,22.39920153387402,0.041160455384827724,19.417964035331853,0.6367493910886063,22.480836242483672,0.3762816783897999,17.160880095273544,-0.07125852711110298,29.968779021039314,0.43545217996664093,30.09762780367788,0.45417809930333486,30.2167984774463,0.0878523761497673,29.70290386455103,0.4686357792610329
3725,2.8,true_threat,IDEAM,1,760,3724,2.75,1,1,266.829863659185,-201.56849959977234,272.37016745846154,-208.42670214067394,-208.1091522107184,0.36357867185225246,2.5,0.8678005654487755,0,1,29.562108685055403,-0.17598274307218276,0.5075125694274902,0.0,0.005946895107626915,0.00726550305262208,30.388911931894555,0.008152755680372329,0,0,5.033754697448348,15.218233372924418,5.12152776372753,latent_vehicle,,,5.12152776372753,,1.2999999999999998,3699,ok,accepted,0,ok,1.0517068,0.3396080000093207,0.7117025000043213,0.0,0,0.0013809000000009064,0.00893830000000051,0,245.32272766366015,14.826924451487969,20.3095063975083,3.6815004002276623,0,0,0,1,0,0,0,9,0.0,1,1,8.103723612299223,-0.9975003653399702,39,1,18.011409097762076,-0.28522455947174224,22.401286259651886,0.041694516307051475,19.452014033395972,0.6809999599773372,22.502833691929983,0.4399489891716179,17.157485015365367,-0.06790159816903779,29.992268103993567,0.46978243709549483,30.12316339450363,0.5107118188621455,30.22073905816106,0.07881161469860007,29.729168062452995,0.5252839600460418
3726,2.85,true_threat,IDEAM,1,791,3725,2.8000000000000003,1,1,268.3078338899277,-201.57974467270301,273.64789086182753,-208.37643104964434,-208.0252565001227,0.40144564055123055,2.5,0.9520878208773631,1,1,29.557088130677307,-0.10041108756190908,0.5266081690788269,0.0,1.816984331526328e-05,2.2198650185600854e-05,31.929492,0.008155525440001284,0,0,4.952893600337756,15.183455733299994,5.047127671567382,latent_vehicle,,,5.047127671567382,,1.35,3699,ok,stale_plan,0,ok,1.0517068,0.3396080000093207,0.7117025000043213,0.0,1,0.002300399999999314,0.01565949999999816,0,246.22287419976487,15.40474814612594,20.68708326476957,3.670255327296985,0,0,0,1,0,0,0,9,0.0,1,1,7.9442966231623355,-1.0130510253022342,40,1,17.997662853114075,-0.2749248802299407,22.403374800723846,0.041770821797111155,19.48793323683413,0.7183840683322757,22.527808511873456,0.4994963992375775,17.154280668962823,-0.06408692804663542,30.017218162989856,0.4990013079402305,30.151220495761333,0.5611420254338826,30.22420662053794,0.06935124739069182,29.7579842889446,0.5763245302261251
3727,2.9,true_threat,IDEAM,1,820,3726,2.85,1,1,269.7856518711389,-201.59198161891896,274.9269250530569,-208.32185653268604,-207.93698422048405,0.4394468291602891,2.5,1.0374493318774778,0,1,29.55565860911097,-0.02859043132673378,0.5450987219810486,0.0,1.816984331526328e-05,2.2198650185600854e-05,31.929492,0.008156314342360776,0,0,4.874457429321043,15.140967386493946,4.975071875282269,latent_vehicle,,,4.975071875282269,,1.4,3699,ok,stale_plan,0,ok,1.0517068,0.3396080000093207,0.7117025000043213,0.0,0,0.002300399999999314,0.015683899999999085,0,247.12237986156086,15.983060465541172,21.06661179420294,3.6580183810810354,0,0,0,1,0,0,0,9,0.0,1,1,7.783838100945167,-1.0292033511594432,41,1,17.984462109117263,-0.2640148681241811,22.405453804240267,0.04158007036022117,19.525361157224452,0.7485584089993383,22.55554517143713,0.5547331918125986,17.151286131134427,-0.05989075656671732,30.04336407421951,0.5229182311148789,30.181490116355885,0.6053924110909613,30.227187811907367,0.05962382751957594,29.789047367939837,0.6212615793090579
3728,2.95,true_threat,IDEAM,1,865,3727,2.9000000000000004,1,1,271.2634702063166,-201.60525616273077,276.20736157967326,-208.2629632997786,-207.8446738464863,0.4771826861997397,2.5,1.1236887956396984,1,1,29.55777995792012,0.0424269761829521,0.5630454421043396,0.0,-0.0008592195226810873,-0.001049734652042389,31.929492,0.008155143686128397,0,0,4.798539501606996,15.090849327934706,4.89843902495574,latent_vehicle,,,4.89843902495574,,1.4500000000000002,3699,ok,stale_plan,0,ok,1.0517068,0.3396080000093207,0.7117025000043213,0.0,1,0.0014660000000006335,0.014059600000003059,0,248.02121413667714,16.562044525602573,21.448214045703025,3.644743837269232,0,0,0,1,0,0,0,9,0.0,1,1,7.622178312263428,-1.0459494933219342,42,1,17.971835477018445,-0.252532630368448,22.407506104975365,0.041046015458416144,19.56393539631869,0.7714847850870022,22.585776643773773,0.6046294472702485,17.148510938449196,-0.055503853704382496,30.07044453898284,0.5416096273273696,30.21363847052808,0.6429670829564295,30.229673095743088,0.04970567759018372,29.82203686502712,0.6597899410678701
3729,3.0,true_threat,IDEAM,1,907,3728,2.95,1,1,272.74156353803164,-201.6195224340769,277.48935303476384,-208.1997665576562,-207.74869367443608,0.5142696253425072,2.5,1.2106558010243684,0,1,29.563343556866233,0.11127197892228935,0.5804680585861206,0.0,-0.0008592195226810873,-0.001049734652042389,31.929492,0.008152074637523017,0,0,4.721076488138465,15.03331537874223,4.815922277983366,latent_vehicle,,,4.815922277983366,,1.5,3699,ok,stale_plan,0,ok,1.0517068,0.3396080000093207,0.7117025000043213,0.0,0,0.0014660000000006335,0.014263700000000767,0,248.9194685986644,17.14188339533038,21.831951038806352,3.630477565923087,0,0,0,1,0,0,0,9,0.0,1,1,7.459214060657142,-1.063282126543969,43,1,17.959811566065397,-0.2404782083578586,22.409512629941517,0.04013049967006593,19.603301187953353,0.7873158383603593,22.618237806001687,0.6492232452522109,17.145976071688423,-0.050697335216379084,30.09819826466888,0.555075514784155,30.247327957152645,0.6737897337437055,30.23166628635119,0.03986381410157762,29.85662090058246,0.691680711347311
3730,3.05,true_threat,IDEAM,1,943,3729,3.0,1,1,274.2199928545884,-201.6346430830423,278.7730824873489,-208.13215943233703,-207.6494385412061,0.550328016450095,2.5,1.2982320670468641,1,1,29.57226473485679,0.17842355981116498,0.597407341003418,0.0,-0.0014609224162995815,-0.0017848534043878317,31.929492,0.008147157062147964,0,0,4.638348713853901,14.968655847085786,4.7274992512595695,latent_vehicle,,,4.7274992512595695,,1.5499999999999998,3699,ok,stale_plan,0,ok,1.0517068,0.3396080000093207,0.7117025000043213,0.0,1,0.001416000000006079,0.012005000000002042,0,249.8171127247408,17.72266858581071,22.218036365315015,3.615356916957694,0,0,0,1,0,0,0,9,0.0,1,1,7.294961256718535,-1.081187751261594,44,1,17.94841135441475,-0.22800422489648092,22.411465749046123,0.039062382111046234,19.643098042914197,0.795937107456536,22.65262729772391,0.6877898352155611,17.14367771738238,-0.04596708612106403,30.126373502014008,0.5635066321841564,30.282215254292748,0.6977459471455467,30.233173105020718,0.03013637646149109,29.89245996725867,0.7167813358838007
3731,3.1,true_threat,IDEAM,1,984,3730,3.0500000000000003,1,1,275.6989412145963,-201.65048071806868,280.0586109621704,-208.06011138542317,-207.5473265431784,0.5848328891586334,2.5,1.3863295944830394,0,1,29.584459601627774,0.24389733541966052,0.6139060854911804,0.0,-0.0014609224162995815,-0.0017848534043878317,31.929492,0.008140442142951272,0,0,4.550463031913665,14.897105256995893,4.633188170475144,latent_vehicle,,,4.633188170475144,,1.6,3699,ok,stale_plan,0,ok,1.0517068,0.3396080000093207,0.7117025000043213,0.0,0,0.001416000000006079,0.016300199999996323,0,250.7142380468139,18.30449162374552,22.60643951806341,3.5995192819313218,0,1,0,1,0,0,0,9,0.0,1,1,7.1293850692875,-1.0996800048824364,45,1,17.937653913233152,-0.21514881953723686,22.413348295475135,0.03765092938763329,19.68298645448181,0.7977682427311992,22.688636129037835,0.7201766270481467,17.141623502146505,-0.04108430471639339,30.154718502214003,0.5669029021380129,30.317962760976915,0.7149501425013339,30.234203088604474,0.02059967599235671,29.92921455658202,0.7350917922601884
3732,3.15,true_threat,IDEAM,1,1038,3731,3.1,1,1,277.1785916350219,-201.6667758772924,281.3461215750973,-207.98365287202628,-207.4427957551876,0.6173156302355665,2.4263545123554806,1.4748810014585796,1,1,29.59985529940546,0.30791395555368695,0.6300041675567627,0.0,-0.001856718328781426,-0.0022684093564748764,31.929492,0.008131976583511166,0,0,4.457709359293062,14.81889376846084,4.533203037040844,latent_vehicle,2.279468847269213,latent_vehicle,4.533203037040844,2.279468847269213,1.65,3699,ok,stale_plan,0,ok,1.0517068,0.3396080000093207,0.7117025000043213,0.0,1,0.0014268999999984544,0.012817599999998208,0,251.61078354014174,18.887596550843313,22.99740463766247,3.5832241227076054,0,1,0,1,0,0,0,9,0.0,1,1,6.962700673923264,-1.1187883903394125,46,1,17.927565947017182,-0.2017593232628723,22.415146919254163,0.035972475936773,19.722630727107028,0.7928854661308458,22.725945771424087,0.7461928486609839,17.139817242392706,-0.03612519507613102,30.18299677619142,0.5655693978811601,30.35423478374609,0.7254404700036544,30.23477721758054,0.011482585004740389,29.96655469770301,0.7468028327800443
3733,3.2,true_threat,IDEAM,1,1097,3732,3.1500000000000004,1,1,278.6591576816404,-201.6833606411681,282.6357059100908,-207.9028754136431,-207.33630094946443,0.6473519225618531,2.1665054909573804,1.5631260890769059,0,1,29.618383213046727,0.37055827282536313,0.6457040309906006,0.0,-0.001856718328781426,-0.0022684093564748764,31.929492,0.008121806223749953,0,0,4.360347137034182,14.734289334471956,4.427667148678328,latent_vehicle,2.1193944786309977,latent_vehicle,4.427667148678328,2.1193944786309977,1.7000000000000002,3699,ok,stale_plan,0,ok,1.0517068,0.3396080000093207,0.7117025000043213,0.0,0,0.0014268999999984544,0.010343599999998787,0,252.50687126982433,19.472074867779213,23.39090124297337,3.5666393588319067,0,1,0,1,0,0,0,9,0.0,1,1,6.795058024419417,-1.1385562463331158,47,1,17.918156991887717,-0.1881791052638269,22.416853990233264,0.0341414195850274,19.761723777581384,0.7818610253348192,22.76423579166354,0.7658004056703184,17.138257030710378,-0.03120423364860025,30.21097373981034,0.5595441371993063,30.390693722623777,0.7291787987249245,30.234916473391717,0.00278512308713672,30.004152326427334,0.7519525907190195
3734,3.25,true_threat,IDEAM,1,1162,3733,3.2,1,1,280.1407003063182,-201.69999084826344,283.92757762662325,-207.81788574891542,-207.22831031457875,0.6745650990643526,1.8871367597762734,1.6492323956699233,1,1,29.639982914465232,0.4319940283701129,0.6610196828842163,0.0,-0.002094604540616274,-0.002559042302891612,31.929492,0.008109973762539944,0,0,4.258727265211149,14.643548607739964,4.316879548203117,latent_vehicle,1.9786628805193769,latent_vehicle,4.316879548203117,1.9786628805193769,1.75,3699,ok,stale_plan,0,ok,1.0517068,0.3396080000093207,0.7117025000043213,0.0,1,0.0013746999999995069,0.012188199999997096,0,253.40256226580902,20.057926496472305,23.787081963521132,3.5500091517365604,0,1,0,1,0,0,0,9,0.0,1,1,6.626833463414397,-1.1590100675177837,48,1,17.90944230695506,-0.1742937050526982,22.418467603392934,0.03227226366435507,19.799969961607115,0.7649236957405854,22.803181939837522,0.7789229643923391,17.136937144957546,-0.02639771505632429,30.238431971341534,0.549170283975929,30.427032494807936,0.7267754720951475,30.23464755776773,-0.0053783046332034285,30.041685101097645,0.7506555165189153
3735,3.3,true_threat,IDEAM,1,1227,3734,3.25,1,1,281.62337204488324,-201.7165138586428,285.22173677674846,-207.72883646572492,-207.11930217438305,0.6985835745323641,1.589604010551692,1.7328408388034744,0,1,29.664596736115275,0.49227643300085333,0.675944447517395,0.0,-0.002094604540616274,-0.002559042302891612,31.929492,0.008096521639306726,0,0,4.1531549716413,14.546921928600332,4.201146836544472,latent_vehicle,1.8536380668466843,latent_vehicle,4.201146836544472,1.8536380668466843,1.7999999999999998,3699,ok,stale_plan,0,ok,1.0517068,0.3396080000093207,0.7117025000043213,0.0,0,0.0013746999999995069,0.008573599999998294,0,254.29779548773766,20.645365013108716,24.186007891717708,3.5334861413572014,0,1,0,1,0,0,0,9,0.0,1,1,6.458256961732226,-1.180218457515421,49,1,17.90142761539775,-0.16029384045828832,22.419985854830454,0.030365028541663897,19.837098436069823,0.7425695037132192,22.842461874060202,0.7855986853693353,17.135855677892753,-0.021629341296934414,30.26516739534984,0.5347147208155919,30.462940202870143,0.718154197278113,30.23399526615952,-0.013045823373449223,30.078861199468097,0.7435219967525671
3736,3.35,true_threat,IDEAM,1,1304,3735,3.3000000000000003,1,1,283.1074169754816,-201.73274648356184,286.5184275635418,-207.63591058624357,-207.00976170695566,0.719074758769267,1.2761096304060724,1.813204901970864,1,1,29.69216996308241,0.5514645393427031,0.690513551235199,0.0,-0.0022087593097239733,-0.002698508556932211,31.929492,0.008081491828640321,0,0,4.043996467240902,14.444680098022221,4.080911312446259,latent_vehicle,1.742651482719398,latent_vehicle,4.080911312446259,1.742651482719398,1.85,3699,ok,stale_plan,0,ok,1.0517068,0.3396080000093207,0.7117025000043213,0.0,1,0.001386999999994032,0.01246150000000057,0,255.19263196035223,21.234573471092517,24.5878622058965,3.51725351643816,0,1,0,1,0,0,0,9,0.0,1,1,6.289706589223188,-1.2022433653349385,50,1,17.89412245576143,-0.14610320331422297,22.421404929351617,0.02838148932596328,19.87285933818964,0.7152180553588415,22.881768511842704,0.7861327564499394,17.135001185237773,-0.017089853098148682,30.290989282105112,0.5164443269282525,30.498138374335753,0.7039634730611045,30.23299011554359,-0.0201030028828119,30.115384983389205,0.7304757134825227
3737,3.4,true_threat,IDEAM,1,1378,3736,3.35,1,1,284.5929265727615,-201.7484598099656,287.81768059307143,-207.53936749945947,-206.90017766354413,0.7357329226994409,0.9493114761709818,1.8894025893480213,0,1,29.722648129200113,0.6095633223540631,0.7046995759010315,0.0,-0.0022087593097239733,-0.002698508556932211,31.929492,0.00806492721578541,0,0,3.9317400540530514,14.337074307515488,3.956777432021038,latent_vehicle,1.6436914084751135,latent_vehicle,3.956777432021038,1.6436914084751135,1.9,3699,ok,stale_plan,1,ok,0.7218493,0.00067559999297373,0.7204389999969862,0.0,0,0.001386999999994032,0.009681000000000495,0,256.08719377998506,21.825521248739562,24.99255341579328,3.5015401900344045,0,1,0,1,0,0,0,9,0.0,1,1,6.121682359530142,-1.2251697519180058,51,1,17.88753446076057,-0.13175990890747633,22.42272291736341,0.02635975972046003,19.907035228982885,0.68351782594771,22.920798584126914,0.7806014464555324,17.134369852495027,-0.012626654855074545,30.31572215452955,0.49466414049347507,30.532369519936115,0.6846229605526715,30.23166071649593,-0.026587970814791806,30.150997053770077,0.7122414478162177
3738,3.45,true_threat,IDEAM,1,1461,3737,3.4000000000000004,1,1,286.0800537004903,-201.76446250157346,289.1196790644923,-207.43948180109516,-206.7910390875084,0.7483284119510643,0.6121536872334268,1.960452291360137,1,1,29.755924472061867,0.6655268572350792,0.7184993028640747,0.0,0.0059763528406620026,0.008064927533268929,32.10188907784415,0.008046899906244596,1,0,3.815851664080867,14.22450620029976,3.8269550931153273,latent_vehicle,1.5366354848475516,latent_vehicle,3.8269550931153273,1.5366354848475516,0.9500000000000002,3719,ok,accepted,0,ok,0.7218493,0.00067559999297373,0.7204389999969862,0.0,1,0.0014375000000015348,0.01327349999999683,0,256.9814199010726,22.41842225538079,25.40032576612657,3.485537498426538,0,1,0,1,0,0,0,9,0.0,1,1,5.953087686712689,-1.2483815118483133,52,1,17.88166935071619,-0.1173022089677205,22.423934093397115,0.024223520917015802,19.93942774558492,0.6478503397757971,22.959267896606683,0.7693862502250487,17.133952142780444,-0.008354194290027393,30.33920960341329,0.4697555302116948,30.56537996153044,0.660208885649093,30.230039493739355,-0.03242444448690551,30.18544754778034,0.6890099251071
3739,3.5,true_threat,IDEAM,1,1540,3738,3.45,1,1,287.56888998427246,-201.78096815018753,290.42448412747564,-207.3365891636689,-206.6828320332643,0.7566497678308508,0.2676991476464221,2.0253801372756683,0,1,29.792030895658673,0.7221284719361165,0.7319968342781067,0.0,0.006601233035326004,0.008064927533268929,32.10188907784415,0.008027407698690394,1,0,3.6964533780405304,14.107013729730351,3.6911563435199097,latent_vehicle,1.4402370742136583,latent_vehicle,3.6911563435199097,1.4402370742136583,1.0,3719,ok,accepted,0,ok,0.7218493,0.00067559999297373,0.7204389999969862,0.0,0,0.0014375000000015348,0.03194649999999655,0,257.8753103288203,23.013368111415275,25.811240401362227,3.469031849812467,0,1,0,1,0,0,0,9,0.0,1,1,5.7838235087840255,-1.2717000037379373,53,1,17.87652521885202,-0.10288264394442455,22.42503655196293,0.02204917252931337,19.969867132495036,0.6087877426774857,22.996909419870644,0.752830465852585,17.133732797427594,-0.004386907056631346,30.361304751207506,0.44190915175147966,30.596944633509427,0.6312934958070686,30.228155057326852,-0.0376887172696079,30.218501862903583,0.6610863496067423
3740,3.55,true_threat,IDEAM,1,1652,3739,3.5,1,1,289.0595575204404,-201.7980530081056,291.73212641932184,-207.23104052889792,-206.57603628522668,0.760552878442212,-0.08090950527667862,2.083263502039777,1,1,29.83091005812193,0.7775832492651347,0.7450586557388306,0.0,0.006570522207766771,0.008027407340705395,32.400643126965875,0.00800649769902792,1,0,3.5738198853514973,13.984920242253045,3.5503062746339538,latent_vehicle,1.3512224991844795,latent_vehicle,3.5503062746339538,1.3512224991844795,1.0499999999999998,3719,ok,accepted,0,ok,0.7218493,0.00067559999297373,0.7204389999969862,0.0,1,0.0013916999999992186,0.012316099999999608,0,258.76898713353364,23.610358842869914,26.22520588849511,3.4519469918944026,0,1,0,1,0,0,0,9,0.0,1,1,5.614463724211852,-1.2954533172693803,54,1,17.872096342817404,-0.08857752596788146,22.42603410668711,0.01995109653749406,19.998208430960386,0.5668259708468673,23.03346947660598,0.7312011352058125,17.133698464879515,-0.0006866509603591416,30.38188551137257,0.4116208564257077,30.626863264411977,0.5983726754371154,30.226041738959196,-0.042266356385361775,30.24995972843798,0.6291573578802556
3741,3.6,true_threat,IDEAM,1,1758,3740,3.5500000000000003,1,1,290.552300558918,-201.81603742659306,293.04281972963776,-207.12332410512838,-206.4711220767528,0.759918452145115,-0.43053412602743835,2.1332589084038713,0,1,29.87247510198673,0.8313008772960018,0.7577198147773743,0.0,0.006570522207766771,0.008027407340705395,32.400643126965875,0.007984233407293697,1,0,3.4481190430944935,13.858623050252124,3.4051851460740217,latent_vehicle,1.267228998887545,latent_vehicle,3.4051851460740217,1.267228998887545,1.1,3719,ok,accepted,0,ok,0.7218493,0.00067559999297373,0.7204389999969862,0.0,0,0.0013916999999992186,0.012307999999997321,0,259.66248083278884,24.209608182092268,26.64240549955582,3.4339625734069443,0,1,0,1,0,0,0,9,0.0,1,1,5.4455184709764,-1.3199425377364806,55,1,17.868382722496033,-0.07427241029527551,22.426926757128726,0.01785301143089438,20.024331477894847,0.5224609380193479,23.068721092928662,0.7050323268076628,17.133837699826472,0.002784698932198282,30.400831703086027,0.3789288195750541,30.65496037907926,0.5619423493703235,30.22373387129174,-0.04615734230320657,30.279638039096596,0.5935662590536394
3742,3.65,true_threat,IDEAM,1,1877,3741,3.6,1,1,292.0471802649927,-201.83530285453276,294.35650315861074,-207.01383664167437,-206.3685468090856,0.7547772960427892,-0.7779800927673642,2.1746238350669143,1,1,29.916654446440752,0.8835868890804477,0.770057737827301,0.0,0.006535183638334274,0.00798423308879137,32.5995683507144,0.007960670422835324,1,0,3.319366151700791,13.728484164616566,3.2563169117506536,latent_vehicle,1.1873188170870865,latent_vehicle,3.2563169117506536,1.1873188170870865,1.15,3719,ok,accepted,0,ok,0.7218493,0.00067559999297373,0.7204389999969862,0.0,1,0.0014669999999981087,0.011340099999998188,0,260.55582195457305,24.811146766382763,27.062747806744596,3.414697145467244,0,1,0,1,0,0,0,9,0.0,1,1,5.277324503416028,-1.345446743657021,56,1,17.865376728511183,-0.060119882141667684,22.42771450360104,0.015754932390458984,20.048140905885127,0.476188557937656,23.10246208923204,0.6748199263641421,17.134135244922806,0.0059509019274680015,30.418063196843484,0.34463410157535534,30.681075760428836,0.5223076801571975,30.221265786450687,-0.04936168583841907,30.30737085613376,0.5546563835273154
3743,3.7,true_threat,IDEAM,1,2007,3742,3.6500000000000004,1,1,293.5442883059121,-201.85618495403222,295.67329893270795,-206.903035860538,-206.26875177029697,0.7450848713774008,-1.1201979166464187,2.206728524250464,0,1,29.96338429840842,0.9345970393533776,0.7820931673049927,0.0,0.006535183638334274,0.00798423308879137,32.5995683507144,0.007935860459029099,1,0,3.1876832710649694,13.594859172475992,3.1042628945453354,latent_vehicle,1.111061455704922,latent_vehicle,3.1042628945453354,1.111061455704922,1.2000000000000002,3719,ok,accepted,0,ok,0.7218493,0.00067559999297373,0.7204389999969862,0.0,0,0.0014669999999981087,0.010538799999999071,0,261.4489799604884,25.41509680138688,27.486385574926487,3.3938150459677843,0,1,0,1,0,0,0,9,0.0,1,1,5.110364686672206,-1.372200823621208,57,1,17.86307263713057,-0.046081828896867294,22.42840306665,0.013771262591655417,20.069562328486036,0.4284284501045899,23.13449791656688,0.6407165468812019,17.13457584272548,0.008811956054663363,30.433497956523222,0.3086986316826073,30.70507589488419,0.48000273720588477,30.21866800194439,-0.05195567927799466,30.333022758272573,0.5130380810540572
3744,3.75,true_threat,IDEAM,1,2113,3743,3.7,1,1,295.043838455667,-201.879126157073,296.9932377516943,-206.79145580889465,-206.1721588542312,0.7308770063067982,-1.4541629631157935,2.2290583658843284,1,1,30.012600731662673,0.9843286650850303,0.7938328385353088,0.0,0.006495589856058359,0.007935860194265842,32.69817108332031,0.007909855501841282,1,0,3.0531620163808384,13.457997957022817,2.949475558054399,latent_vehicle,1.038366621017635,latent_vehicle,2.949475558054399,1.038366621017635,1.25,3719,ok,accepted,0,ok,0.7218493,0.00067559999297373,0.7204389999969862,0.0,1,0.0014341999999984978,0.013095599999999763,0,262.3421684839801,26.021458427650032,27.913135870421115,3.3708738429270113,0,1,0,1,0,0,0,9,0.0,1,1,4.945075162933033,-1.4004689152448957,58,1,17.861462821151864,-0.03219631950698813,22.429000077067656,0.011940210919734563,20.088542340222784,0.37960023392708725,23.164670264352658,0.6034469558598329,17.135144232539723,0.01136779628441831,30.44708064938824,0.27165652092595377,30.72685206369524,0.43552341835431857,30.2159748466002,-0.05386309774502756,30.356473582961012,0.4690165265424157
3745,3.8,true_threat,IDEAM,1,2273,3744,3.75,1,1,296.54586135155756,-201.9044774053724,298.3163808277057,-206.67961526472067,-206.07916727944817,0.7122885294464822,-1.7768807176473969,2.2412251045804767,0,1,30.064252009246104,1.0330255516686293,0.8053052425384521,0.0,0.006495589856058359,0.007935860194265842,32.69817108332031,0.007882701242398375,1,0,2.9159702239074363,13.318187689111125,2.7924460437291416,latent_vehicle,0.9691028385395765,latent_vehicle,2.7924460437291416,0.9691028385395765,1.2999999999999998,3719,ok,accepted,0,ok,0.7218493,0.00067559999297373,0.7204389999969862,0.0,0,0.0014341999999984978,0.012279199999994717,0,263.2351739020137,26.630475905507012,28.343273528398925,3.345522594627596,0,1,0,1,0,0,0,9,0.0,1,1,4.7820428830998365,-1.430470913140204,59,1,17.860533929200713,-0.01857783776477815,22.42950743925649,0.010147245045353345,20.105054238598083,0.3302379688261699,23.192845618787057,0.5635070887564702,17.13582324853732,0.013580319953450493,30.458773110065877,0.2338511543101103,30.746312714813687,0.3892130572658487,30.21321683847462,-0.055160156509053676,30.377626055715172,0.4230494818602321
3746,3.85,true_threat,IDEAM,1,2433,3745,3.8000000000000003,1,1,298.04977701908774,-201.93182690945443,299.64263678499634,-206.56803305804632,-205.9901503081666,0.689464956554076,-2.0854531436808905,2.2429644547967134,1,1,30.084035918625773,0.3956781875933757,0.0,0.75,0.0,,26.58138769787853,0.007872337411963453,0,1,2.7770385131510693,13.234788802032073,2.635516595954238,latent_vehicle,0.910669096289963,latent_vehicle,2.635516595954238,0.910669096289963,1.35,3719,ok,stale_plan,0,ok,0.7218493,0.00067559999297373,0.7204389999969862,0.0,1,0.0013842000000039434,0.012433999999998946,0,264.1281488076763,27.24141666737455,28.776554580026925,3.318173090545571,0,1,0,1,0,0,0,9,0.0,1,1,4.623254929545952,-1.4628213681471482,60,1,17.86027260903698,-0.005226400904966243,22.429928969353096,0.008430602602552583,20.119090394674878,0.28072312579341685,23.218900002146025,0.5210876671968664,17.136597630861715,0.015487646490639464,30.46854480716598,0.1954352534526577,30.76338727659866,0.3414912631141005,30.21041305127277,-0.05607573813417881,30.396407697508685,0.3756328566012027
3747,3.9,true_threat,IDEAM,1,2529,3746,3.85,1,1,299.5514350366417,-201.96108453245586,300.9720363129204,-206.4572127184706,-205.90545196520745,0.6625810928388773,-2.37706681187722,2.2341377736706756,0,1,29.999223867454482,-1.696241023425813,0.0,0.75,0.0,,26.58138769787853,0.007916910899923146,0,1,2.6369605505739173,13.333558320071678,2.4802275622462866,latent_vehicle,0.8549617198421289,latent_vehicle,2.4802275622462866,0.8549617198421289,1.4,3719,ok,stale_plan,0,ok,0.7218493,0.00067559999297373,0.7204389999969862,0.0,0,0.0013842000000039434,0.009591899999996656,0,265.02109319576266,27.850130296842167,29.213009719864658,3.288915467544143,0,1,0,1,0,0,0,9,0.0,1,1,4.470155529143959,-1.496932091629674,61,1,17.86066932417343,0.007934306014823886,22.430274204558533,0.0069047044261974205,20.130658438342152,0.23136088108850458,23.242738046395257,0.4767608849929015,17.13745593674449,0.017166117645013433,30.476386192415077,0.15682849856596726,30.7780356946136,0.29296838078707704,30.20759400019413,-0.05638101830103851,30.41276891773531,0.3272244192974336
3748,3.95,true_threat,IDEAM,1,2591,3747,3.9000000000000004,1,1,301.0451896317732,-201.99219116521783,302.30451853248684,-206.3476120304603,-205.82538375693719,0.6318289615334152,-2.5,2.214728483440009,1,1,29.809495685091427,-3.7945636472611,0.0,0.75,0.0,,26.70421659137388,0.008018004661018008,0,1,2.4962532298016527,13.626436084750985,2.3272211066819546,latent_vehicle,0.8027749869990006,latent_vehicle,2.3272211066819546,0.8027749869990006,1.4500000000000002,3719,ok,stale_plan,0,ok,0.7218493,0.00067559999297373,0.7204389999969862,0.0,1,0.0015339999999994802,0.010765100000000416,0,265.91415964894895,28.450818438787394,29.652425486244795,3.2578088347821677,0,1,0,1,0,0,0,9,0.0,1,1,4.323130368678327,-1.5313773376811444,62,1,17.861705002173345,0.02071356376325929,22.43054695849054,0.005455078722373949,20.139788887698415,0.18260899863093055,23.264287272905165,0.43098453018666333,17.13837718521882,0.018424969490039637,30.48230488642563,0.1183742801577201,30.7902236370284,0.24375886217991258,30.20479211053325,-0.056037791664793425,30.426677291198157,0.2781674790592489
3749,4.0,true_threat,IDEAM,1,2651,3748,3.95,1,1,302.5278364017064,-202.0249800542021,303.6400530874863,-206.23970402685964,-205.75022139021115,0.5973906402491593,-2.5,2.1861998423977687,0,1,29.58019993900021,-4.5859149218243545,0.0,0.75,0.0,,26.70421659137388,0.008142786718126691,0,1,2.3555563372167114,14.013269039718914,2.177019682411896,latent_vehicle,0.7537690365150301,latent_vehicle,2.177019682411896,0.7537690365150301,1.5,3719,ok,stale_plan,0,ok,0.7218493,0.00067559999297373,0.7204389999969862,0.0,0,0.0015339999999994802,0.010076200000000313,0,266.8073176548643,29.040307202805252,30.09480203532894,3.2250199457978965,0,1,0,1,0,0,0,9,0.0,1,1,4.181981168748051,-1.565162412281936,63,1,17.863364384251778,0.033187645619404044,22.430754862296162,0.0041580763672712144,20.146519890240217,0.13462006612605626,23.283499997330825,0.3842544885082458,17.139351840984432,0.019493115311407055,30.486318053803693,0.08026349060162379,30.79994919622583,0.19451119250984483,30.202030269611367,-0.0552368184161316,30.438117559135335,0.22880536446484304
3750,4.05,true_threat,IDEAM,1,2710,3749,4.0,1,1,303.99833769158613,-202.05928370670517,304.9784875149665,-206.13385497063865,-205.68020149131678,0.5595025355428618,-2.5,2.1496829969810327,1,1,29.335469386939835,-4.894611041207497,0.0,0.75,0.0,,26.820442715895993,0.008279209311022516,0,1,2.215403628492652,14.459633076683309,2.029895956468225,latent_vehicle,0.7076822416877908,latent_vehicle,2.029895956468225,0.7076822416877908,0.7499999999999996,3735,ok,accepted,1,ok,0.6712403,0.33310180000262335,0.33772890002001077,0.0,1,0.0013849999999990814,0.01464690000000246,0,267.700506178356,29.617619969193242,30.54004793931739,3.1907162932948268,0,1,0,1,0,0,0,9,0.0,1,1,4.046132636584298,-1.5977911125583408,64,1,17.865611230793878,0.04493693498985349,22.430909357590366,0.003089905887771305,20.150914388981235,0.08788999370117626,23.300330443913012,0.33660893165218264,17.140364643423176,0.020256048773453047,30.488448583376947,0.042610605231466224,30.807218094555918,0.14537797084921406,30.19931992131906,-0.054206966312272516,30.44709735090703,0.17959583811111232
3751,4.1,true_threat,IDEAM,1,2746,3750,4.05,1,1,305.45644928792603,-202.09488858297885,306.3198524522277,-206.0304158035146,-205.61551832491688,0.5183366457217744,-2.5,2.1055423701027665,0,1,29.081893722076845,-5.071513297259784,0.0,0.75,0.0,,26.820442715895993,0.008424210862212385,0,1,2.076359585094906,14.960415638265637,1.886157652504835,latent_vehicle,0.6641324190215574,latent_vehicle,1.886157652504835,0.6641324190215574,0.7999999999999994,3735,ok,accepted,0,ok,0.6712403,0.33310180000262335,0.33772890002001077,0.0,0,0.0013849999999990814,0.014497099999999818,0,268.5938778125112,30.18235993137796,30.988041242423378,3.1551114170211463,0,1,0,1,0,0,0,9,0.0,1,1,3.9150105157614883,-1.6289093621380577,65,1,17.868355896433233,0.05489331685248786,22.4310104455135,0.0020217583294192113,20.153039143139537,0.04249510433674623,23.31477289053022,0.2888489323819365,17.1414022400598,0.020751932733993624,30.488744162038948,0.005911573007039509,30.8120608492079,0.09685509450559426,30.196680140139478,-0.05279562332436472,30.45363192520811,0.13069148674934172
3752,4.15,true_threat,IDEAM,1,2791,3751,4.1000000000000005,1,1,306.901774425796,-202.131688006846,307.6639648927141,-205.92967650492744,-205.55632051299307,0.4740952905215181,-2.5,2.0545035829461917,1,1,28.832013620383545,-4.997602033866002,0.0,0.75,0.0,,26.92770017393459,0.008570857710621195,0,1,1.9388208626406254,15.49386821378584,1.7459774911642238,latent_vehicle,0.6226355523995135,latent_vehicle,1.7459774911642238,0.6226355523995135,0.8500000000000001,3735,ok,accepted,0,ok,0.6712403,0.33310180000262335,0.33772890002001077,0.0,1,0.0023350999999962596,0.013082799999999395,0,269.4874020293428,30.73416085241638,31.438629466078226,3.118311993154009,0,1,0,1,0,0,0,9,0.0,1,1,3.787879821335291,-1.658175059259146,66,1,17.871548789278176,0.06385786110018878,22.431071478303373,0.0012206555545172639,20.15297807923432,-0.0012212571665883446,23.32682352188432,0.241012627146967,17.142455095766685,0.02105711413095752,30.48724866588932,-0.02990983935293269,30.8145213293861,0.04920960348957729,30.194128090534946,-0.05104098976251857,30.45776705826611,0.08270266099853374
3753,4.2,true_threat,IDEAM,1,2838,3752,4.15,1,1,308.33608306215956,-202.1694982690234,309.01067234744636,-205.83192704390643,-205.50270775378897,0.42696875113847454,-2.5,1.9974185032288618,0,1,28.619330005524443,-4.2536722971820495,0.0,0.75,0.0,,26.92770017393459,0.008698712745863129,0,1,1.8032611394422133,15.975770938089378,1.609506495719314,latent_vehicle,0.5828111950284816,latent_vehicle,1.609506495719314,0.5828111950284816,0.8999999999999999,3735,ok,accepted,0,ok,0.6712403,0.33310180000262335,0.33772890002001077,0.0,0,0.0023350999999962596,0.011908400000002928,0,270.38107883405604,31.274792684066654,31.891660116097228,3.080501730976607,0,1,0,1,0,0,0,9,0.0,1,1,3.6644130758558555,-1.6858130148460013,67,1,17.875161300100416,0.07225022019804551,22.431094362437364,0.00045768275733975043,20.150832286480757,-0.04291583496873624,23.336505226771603,0.1936340978660469,17.14350604419304,0.02101896851509511,30.4840231398278,-0.0645102787682244,30.814654847748013,0.0026703669694799806,30.1916714032541,-0.04913374012070971,30.459548526279818,0.035629360179420144
3754,4.25,true_threat,IDEAM,1,2874,3753,4.2,1,1,309.7598024326748,-202.20828870618382,310.35985282940544,-205.73741160270544,-205.4547275407535,0.37719950315292294,-2.5,1.9350666509965815,1,1,28.406974662273754,-4.247106865013777,0.0,0.75,0.0,,27.023921103020793,0.008829245962759113,0,1,1.669955261080787,16.492764399287704,1.4768115655599168,latent_vehicle,0.5443122319525578,latent_vehicle,1.4768115655599168,0.5443122319525578,0.9499999999999997,3735,ok,accepted,0,ok,0.6712403,0.33310180000262335,0.33772890002001077,0.0,1,0.0014225999999979422,0.012663299999999822,0,271.2749692618038,31.804621626834148,32.34695017030856,3.041711293816178,0,1,0,1,0,0,0,9,0.0,1,1,3.5440943646140366,-1.7117181258644583,68,1,17.879176262722837,0.08029925569362051,22.431084822184477,-0.00019080510627560062,20.1467085772565,-0.08247416687598057,23.343833263360377,0.1465607319303436,17.14454554851876,0.02079008651708284,30.47912672231177,-0.09792789763835598,30.812528161606895,-0.042533722179557434,30.189327244291523,-0.046883169429746255,30.459052622989187,-0.009918065033144973
3755,4.3,true_threat,IDEAM,1,2909,3754,4.25,1,1,311.1677444140223,-202.24766435966697,311.7113232955977,-205.6463133492472,-205.41237188148435,0.3250397212210885,-2.5,1.8684151862607048,0,1,28.030391226983546,-7.531668705804151,0.0,0.75,0.0,,27.023921103020793,0.00906806544394091,0,1,1.5394813541394115,17.550664210553304,1.3485685564836498,latent_vehicle,0.5096986353792916,latent_vehicle,1.3485685564836498,0.5096986353792916,0.9999999999999996,3735,ok,accepted,0,ok,0.6712403,0.33310180000262335,0.33772890002001077,0.0,0,0.0014225999999979422,0.013210600000000738,0,272.1690733229967,32.31845954698872,32.804316575307894,3.0023356403330297,0,1,0,1,0,0,0,9,0.0,1,1,3.425694546831022,-1.7341655862676852,69,1,17.883572696286333,0.08792867395923745,22.43105239208089,-0.0006486023403016318,20.140711854404188,-0.11993444170644649,23.34887438944194,0.10082252185888041,17.145565980938603,0.020408648393298062,30.472620459837337,-0.13012455797281075,30.80822900848093,-0.08598306006373818,30.187105151337278,-0.044441844360012174,30.45635182742292,-0.05401590904076337
3756,4.35,true_threat,IDEAM,1,2946,3755,4.3,1,1,312.5575285623713,-202.28741241847905,313.0649922505536,-205.55880016143405,-205.37557401667098,0.27073933257622684,-2.5,1.798091420936041,1,1,27.68116241843189,-6.984576171033154,0.0,0.75,0.0,,26.779438435708514,0.009298303234105607,0,1,1.4122201075141732,18.666741161103026,1.2250605695613348,latent_vehicle,0.4794191243502288,latent_vehicle,1.2250605695613348,0.4794191243502288,1.0499999999999994,3735,ok,accepted,0,ok,0.6712403,0.33310180000262335,0.33772890002001077,0.0,1,0.001514899999996544,0.011962900000000332,0,273.06336047923696,32.81395653909749,33.263698374023534,2.9625875815209497,0,1,0,1,0,0,0,9,0.0,1,1,3.3080135464392595,-1.7520406537042468,70,1,17.888335340289636,0.09525288300447983,22.430998979843075,-0.0010682442349238476,20.132968004883324,-0.1548769794799957,23.35168010337446,0.05611427895359929,17.146555894203807,0.019798265307575752,30.464580661075612,-0.16079504728790872,30.80184894089463,-0.1276013467851758,30.185016571407772,-0.04177158000718585,30.451533877381184,-0.0963589965994105
3757,4.4,true_threat,IDEAM,1,2992,3756,4.3500000000000005,1,1,313.93049763025965,-202.3274713893931,314.4206156057161,-205.4750247104339,-205.34420513903822,0.21459502239582662,-2.5,1.7247305438594818,0,1,27.351596196897226,-6.591324430693248,0.0,0.75,0.0,,26.779438435708514,0.009523714894806414,0,1,1.2883856855999625,19.865553752886356,1.1062172526186764,latent_vehicle,0.44887210986152354,latent_vehicle,1.1062172526186764,0.44887210986152354,1.1,3735,ok,accepted,0,ok,0.6712403,0.33310180000262335,0.33772890002001077,0.0,0,0.001514899999996544,0.010894499999999141,0,273.9579528112408,33.29233327498201,33.724729397182216,2.9225286106068893,0,1,0,1,0,0,0,9,0.0,1,1,3.1906123201127743,-1.7653039776451633,71,1,17.89344512400267,0.10219567604004562,22.43093603201997,-0.0012589563100366267,20.12360482040857,-0.1872636824515909,23.35231716174896,0.012741167826580873,17.147509568006644,0.01907347605565378,30.45508363034696,-0.18993946338062107,30.793494770414362,-0.16708340160570714,30.183059598125997,-0.03913944411330831,30.44470749150999,-0.1365277109614059
3758,4.45,true_threat,IDEAM,1,3015,3757,4.4,1,1,315.2875671293617,-202.36779518372134,315.7779187185141,-205.39503286630827,-205.31807111228943,0.15695359814446874,-2.5,1.6488728649910835,1,1,27.03455331144939,-6.340857708956733,0.0,0.75,0.0,,26.52689485679801,0.009748385945303518,0,1,1.1680700471461023,21.18209742982516,0.9918940828531844,latent_vehicle,0.4179830061063923,latent_vehicle,0.9918940828531844,0.4179830061063923,1.15,3735,ok,accepted,0,ok,0.6712403,0.33310180000262335,0.33772890002001077,0.0,1,0.0013629999999977827,0.013062099999999077,0,274.8527892838553,33.75456630146954,34.18719603736571,2.8822048162786587,0,1,0,1,0,0,0,9,0.0,1,1,3.0731523231479225,-1.7737966231993745,72,1,17.89888488016874,0.10879512452881406,22.4308616387199,-0.0014878652767976526,20.112753908237725,-0.21701824003317352,23.350871395882823,-0.028915316893770117,17.148421280257764,0.01823424501911494,30.444207580291717,-0.2175196612973393,30.783284752082523,-0.20420035547626691,30.18124376903738,-0.03631655867065929,30.43598138843153,-0.17452205276944027
3759,4.5,true_threat,IDEAM,1,3051,3758,4.45,1,1,316.62913376214294,-202.40830737218272,317.1368101090943,-205.31903828332395,-205.29690919004983,0.09812367625843876,-2.5,1.5709690606225006,0,1,26.725658412466128,-6.177897979665232,0.0,0.75,0.0,,26.52689485679801,0.009975016840194946,0,1,1.0515632757004028,22.653899333761846,0.8821922963125548,latent_vehicle,0.3867251234234976,latent_vehicle,0.8821922963125548,0.3867251234234976,1.1999999999999997,3735,ok,accepted,0,ok,0.6712403,0.33310180000262335,0.33772890002001077,0.0,0,0.0013629999999977827,0.011847499999994682,0,275.7479004198624,34.20102179824369,34.65097629193883,2.841692627817281,0,1,0,1,0,0,0,9,0.0,1,1,2.9555920885112177,-1.7770857215422082,73,1,17.90463934994695,0.11508939623304358,22.430789153674557,-0.001449700602103447,20.10054687626874,-0.2441406393105093,23.34742672849989,-0.06889334719531956,17.14928340146274,0.017242424094406593,30.432036445117607,-0.2434212256734143,30.77133904860999,-0.2389140550903086,30.179570991578274,-0.033455525567116555,30.425479545563245,-0.2100368462507694
3760,4.55,true_threat,IDEAM,1,3098,3759,4.5,1,1,317.9555026679293,-202.44890103915225,318.49707614921664,-205.2470257755682,-205.2803847348098,0.03865354851416214,-2.5,1.4913940029551178,1,1,26.422233010543675,-6.0685080384490675,0.0,0.75,0.0,,27.231049191622915,0.010205416992325564,0,1,0.9389571009751307,24.32424302454208,0.7770169578634898,latent_vehicle,0.35496358859313865,latent_vehicle,0.7770169578634898,0.35496358859313865,0.6499999999999995,3747,ok,accepted,1,ok,0.4708383,0.000753700005589053,0.46970239997608587,0.0,1,0.0014225999999979422,0.017070500000002653,0,276.6433167264276,34.63197439746483,35.11582602549595,2.801098960847753,0,1,0,1,0,0,0,9,0.0,1,1,2.8379664269732596,-1.774690174148893,74,1,17.910689458969703,0.12100218101639602,22.430720482254827,-0.001373427564654487,20.087124866727656,-0.2684401921748819,23.342082341760147,-0.10688773429538102,17.150084487470078,0.01602172013910563,30.418646527005023,-0.2677968010712879,30.757779730368203,-0.27118634717445167,30.178041267590075,-0.030594457915566687,30.413324032992143,-0.24311023811483207
3761,4.6,true_threat,IDEAM,1,3145,3760,4.55,1,1,319.2668264085754,-202.4894998386352,319.8585337646554,-205.17908695823476,-205.26808793686814,-0.021062161299937543,-2.5,1.4104529570307238,0,1,26.12264085584781,-5.991843093917311,0.0,0.75,0.0,,27.231049191622915,0.010440827681756033,0,1,0.8304194841587389,26.246223824915287,0.6763645611482247,latent_vehicle,0.32258468815596647,latent_vehicle,0.6763645611482247,0.32258468815596647,0.6999999999999993,3747,ok,accepted,0,ok,0.4708383,0.000753700005589053,0.46970239997608587,0.0,0,0.0014225999999979422,0.010195400000000632,0,277.5390382087563,35.04757665578222,35.581562158606005,2.760500161364803,0,1,0,1,0,0,0,9,0.0,1,1,2.7206336341066035,-1.7659732677434996,75,1,17.917021856706217,0.12664795477132887,22.430661347837894,-0.0011826879403450661,20.07262711689787,-0.28995499855943285,23.334941233058593,-0.14282217343630987,17.15083026034364,0.014915457460736805,30.40411984824936,-0.29053198663669055,30.74274794058162,-0.3006357752403634,30.176646968382517,-0.027885965264218666,30.399650272251414,-0.2734751995189664
3762,4.65,true_threat,IDEAM,1,3178,3761,4.6000000000000005,1,1,320.56331860711583,-202.53010369775612,321.22087779526333,-205.1152677117959,-205.25953053327552,-0.0804435750407606,-2.5,1.3283997005424701,1,1,25.82587566868152,-5.935303743325804,0.0,0.75,0.0,,27.269647428915643,0.010682139312679289,0,1,0.7259963785989498,28.48835582198401,0.5801070837415282,latent_vehicle,0.2894032671533987,latent_vehicle,0.5801070837415282,0.2894032671533987,0.75,3747,ok,accepted,0,ok,0.4708383,0.000753700005589053,0.46970239997608587,0.0,1,0.0013831999999993627,0.013876500000002068,0,278.43503434927214,35.44807271380682,36.0479100486981,2.719896302243882,1,1,1,1,0,0,0,9,0.0,1,1,2.6042087356662957,-1.75027076533719,76,1,17.92361365487351,0.13183596294581854,22.430615564817707,-0.0009156595782683642,20.057194771135464,-0.30864691663309424,23.326125472067428,-0.17631521921678903,17.151513090719927,0.01365660751310869,30.388534615906195,-0.3117030915945811,30.726375286081616,-0.3274530669921502,30.17538618717771,-0.025215611155182033,30.384601314284687,-0.3009791423011038
3763,4.7,true_threat,IDEAM,1,3218,3762,4.65,1,1,321.8451318097891,-202.5705904941557,322.5839861863511,-205.05561385425926,-205.25414252677754,-0.1388748149816479,-2.5,1.2454386689512829,0,1,25.53132632947697,-5.890986784091012,0.0,0.75,0.0,,27.269647428915643,0.010930016577264985,0,1,0.6258557246627277,31.14253303886232,0.4882519376332691,latent_vehicle,0.2552846890434511,latent_vehicle,0.4882519376332691,0.2552846890434511,0.7999999999999998,3747,ok,accepted,0,ok,0.4708383,0.000753700005589053,0.46970239997608587,0.0,0,0.0013831999999993627,0.010205200000001469,0,279.3314272182805,35.833493047471734,36.514625570777525,2.6794095058442906,1,1,1,1,0,0,0,9,0.0,1,1,2.4897579454069496,-1.726714725730225,77,1,17.93045150195483,0.1367569408487879,22.430583134215677,-0.0006486116544814781,20.040968972189333,-0.3245159784326344,23.315738056196558,-0.20774831673012267,17.152134885913927,0.01243590386427594,30.37197666328316,-0.3311575776066388,30.708804817800583,-0.351409340477398,30.174260830646936,-0.02250711877474438,30.368308765954467,-0.32585094811459814
3764,4.75,true_threat,IDEAM,1,3268,3763,4.7,1,1,323.11229652896634,-202.610944958635,323.94764531488437,-205.00012545850032,-205.25126890475835,-0.19565505049908438,-2.5,1.1617381896682553,1,1,25.238610750104876,-5.854311587441856,0.0,0.75,0.0,,27.292410269718623,0.011184996851078221,0,1,0.5300128644244921,34.336828961820395,0.4006603677534291,latent_vehicle,0.2200047595395051,latent_vehicle,0.4006603677534291,0.2200047595395051,0.8499999999999996,3747,ok,accepted,0,ok,0.4708383,0.000753700005589053,0.46970239997608587,0.0,1,0.0014791999999985705,0.011841900000000294,0,280.22818630341044,36.203898681519036,36.98152561418084,2.6390550413649976,1,1,1,1,0,0,0,9,0.0,1,1,2.3786556742523124,-1.6943326106782841,78,1,17.93751632438198,0.14129644744926972,22.430569777046124,-0.0002671433008477165,20.02409467837576,-0.3374858729835777,23.30390486983481,-0.23666372655078696,17.152691831254405,0.011138906791316969,30.35452419400143,-0.3490480371321297,30.6901814943353,-0.3724664421653636,30.17325945668462,-0.020027471919713546,30.35091949294683,-0.3477854404815473
3765,4.8,true_threat,IDEAM,1,3319,3764,4.75,1,1,324.36481273862046,-202.65109079725315,325.31161107148455,-204.94889416053428,-205.25016635818363,-0.250040899683313,-2.499502725256814,1.0774348882433877,0,1,24.94749184103876,-5.822378181322279,0.0,0.75,0.0,,27.292410269718623,0.011447538655329043,0,1,0.4386357278403068,38.25643447876723,0.31734829602291253,latent_vehicle,0.18339982875920965,latent_vehicle,0.31734829602291253,0.18339982875920965,0.8999999999999995,3747,ok,accepted,0,ok,0.4708383,0.000753700005589053,0.46970239997608587,0.0,0,0.0014791999999985705,0.008650299999999334,0,281.1252505590985,36.55935063548509,37.448427115092954,2.598909202746853,1,1,1,1,0,0,0,9,0.0,1,1,2.2729745854517316,-1.6520731794527446,79,1,17.944789047778098,0.14545446689435484,22.430577400040416,0.0001524606528956501,20.00670921858045,-0.34770918915349164,23.290747983332444,-0.2631377293615688,17.15318774142111,0.00991820331274434,30.336274483671104,-0.364993019896605,30.67065027428603,-0.39062437197290145,30.1723839717698,-0.01750969381569489,30.332574639225392,-0.3668970535999836
3766,4.8500000000000005,true_threat,IDEAM,1,3367,3765,4.800000000000001,1,1,325.60283302142784,-202.6910126991681,326.6756087302946,-204.90172168981195,-205.25000000054416,-0.30110584000988183,-2.033490314600017,0.9926448324814925,1,1,24.657823978811965,-5.793357244535926,0.0,0.75,0.0,,26.609072725922765,0.011718053970663628,0,1,0.3515413552030111,43.18017041774648,0.2378377515149734,latent_vehicle,0.14465932337273843,latent_vehicle,0.2378377515149734,0.14465932337273843,0.4500000000000002,3757,ok,accepted,1,ok,0.3342674,0.0007815000135451555,0.33307139997486956,0.0,1,0.0013902000000030057,0.012924599999998065,0,282.0227115432791,36.89990993411186,37.91496378972238,2.5589873008318875,1,1,1,1,0,0,0,9,0.0,1,1,2.175080290578149,-1.5990068023867932,80,1,17.95225822895441,0.14938362223051693,22.430607911944712,0.0006102384489892275,19.98894801428815,-0.35522407525036054,23.276393282285134,-0.2870940201869802,17.15361689305336,0.0085830325445888,30.317315268448322,-0.37918329323794636,30.650352300646194,-0.40595944284455304,30.17161911689383,-0.015297094965507891,30.31342297752324,-0.38303321255202255
3767,4.9,true_threat,IDEAM,1,3416,3766,4.8500000000000005,1,1,326.8263878845541,-202.7306801363927,328.0396382861089,-204.8585927875451,-205.25,-0.34827831018805,-1.9192860935202534,0.9114796918721184,0,1,24.369520530867636,-5.766068958886592,0.0,0.75,0.0,,26.609072725922765,0.011996928303799998,0,1,0.2687450157115734,49.54961356622634,0.1619795331979073,latent_vehicle,0.10387772456829628,latent_vehicle,0.1619795331979073,0.10387772456829628,0.5,3757,ok,accepted,0,ok,0.3342674,0.0007815000135451555,0.33307139997486956,0.0,0,0.0013902000000030057,0.010049199999997427,0,282.9205692559522,37.22560708456501,38.38113563286362,2.5193198636073078,1,1,1,1,0,0,0,9,0.0,1,1,2.0881744074827036,-1.5341870510944253,81,1,17.959904794324093,0.15293130588706574,22.430667034193856,0.0011824450472609563,19.970952208988656,-0.3599160914556701,23.260964743728607,-0.30857077038871333,17.153983103695083,0.007324212813488614,30.29773619323073,-0.39158068332027385,30.629434439180862,-0.4183571986387785,30.170951541116732,-0.013351514782468892,30.293611373603277,-0.39623205641855036
3768,4.95,true_threat,IDEAM,1,3463,3767,4.9,1,1,328.0356299002648,-202.77004728050855,329.40336401956097,-204.81943127431143,-205.25,-0.39140721245490795,-1.8090153445278219,0.8310497636466087,1,1,24.08252138944537,-5.739982828445349,0.0,0.75,0.0,,26.506872323008427,0.012284546033278892,0,1,0.19021635836205064,58.10844177099886,0.08968378124098213,latent_vehicle,0.06073064419604169,latent_vehicle,0.08968378124098213,0.06073064419604169,0.5499999999999998,3757,ok,accepted,0,ok,0.3342674,0.0007815000135451555,0.33307139997486956,0.0,1,0.001432399999998779,0.012900800000004153,0,283.8187931743362,37.536625181891736,38.8466374479317,2.4799527194914504,1,1,1,1,0,0,0,9,0.0,1,1,2.0161087941352465,-1.4573024765788272,82,1,17.96771539319235,0.15621197539441095,22.43075285862483,0.001716489306661466,19.952851502924567,-0.36201410251551924,23.244603512076836,-0.32722463222858406,17.15428637159823,0.006065358024281802,30.27763643789637,-0.401994471539404,30.6080359262193,-0.42797022811792357,30.170371707075716,-0.011596680815367215,30.273286692887456,-0.40649359228448345
3769,5.0,true_threat,IDEAM,1,3509,3768,4.95,1,1,329.2305590581491,-202.8090836139393,330.7666333063311,-204.7841303906476,-205.25,-0.4305687256885733,-1.6983929680661882,0.7521877708418496,0,1,23.79678911609042,-5.7146454670989755,0.0,0.75,0.0,,26.506872323008427,0.012581291629421563,0,1,0.11587914126747023,70.21490700964566,0.020833213100022948,latent_vehicle,0.014913773669953013,latent_vehicle,0.020833213100022948,0.014913773669953013,0.5999999999999996,3757,ok,accepted,0,ok,0.3342674,0.0007815000135451555,0.33307139997486956,0.0,0,0.001432399999998779,0.011072400000003313,0,284.7174443439944,37.832903170117845,39.31125556504361,2.4409163860607066,1,1,1,1,0,0,0,9,0.0,1,1,1.9632132245344769,-1.3686363945299846,83,1,17.975674766563763,0.15918746460397737,22.43086538733477,0.002250574478010577,19.934775594606066,-0.36151814414658656,23.22742593496877,-0.3435515413775304,17.154528604268005,0.0048446534009349475,30.257117089564368,-0.41038650391893905,30.586301720175832,-0.43468408954482507,30.169875800465686,-0.00991813228921708,30.252593894163507,-0.4138559522660261
3770,5.05,true_threat,IDEAM,1,3558,3769,5.0,1,1,330.4112058601673,-202.84774334990962,332.1292630045235,-204.75258338750106,-205.25,-0.46586960935240995,-1.5885860428169092,0.6754946418527673,1,1,23.512295571532796,-5.6898708911524665,0.0,0.75,0.0,,26.435158519656046,0.012887561735202571,0,1,0.045672402150614744,88.6434923560894,-0.044666124452760414,latent_vehicle,0.0,latent_vehicle,-0.044666124452760414,0.0,0.6499999999999995,3757,ok,accepted,0,ok,0.3342674,0.0007815000135451555,0.33307139997486956,0.0,1,0.001378099999996607,0.015748800000004337,0,285.6164617245688,38.11453259156161,39.774867882661624,2.4022566500903793,1,1,1,1,0,0,0,9,0.0,1,1,1.934082599760473,-1.2695845586326233,84,1,17.983761933137693,0.16174332886861018,22.431008432786392,0.0028609090741345674,19.916846549988005,-0.35858086957299895,23.209573156845845,-0.35705556160698415,17.15471361745082,0.0037002636537105164,30.23627351294477,-0.4168712186908716,30.56436915005144,-0.438651371198032,30.169448560703596,-0.008544794855614381,30.231668399079624,-0.41850987947749996
3771,5.1000000000000005,true_threat,IDEAM,1,3543,3770,5.050000000000001,1,1,331.5857785245118,-202.8830634830145,333.4839302752426,-204.7288363423247,-205.25,-0.4974166124989381,-1.4804623186787742,0.6014050159331242,0,1,23.649737319106684,2.748834951477761,0.0,0.75,0.0,,26.435158519656046,0.012738219706950825,0,1,0.0,21.417397793365502,-0.0821917430502026,latent_vehicle,0.0,latent_vehicle,-0.0821917430502026,0.0,0.7000000000000002,3757,ok,accepted,0,ok,0.3342674,0.0007815000135451555,0.33307139997486956,0.0,0,0.001378099999996607,0.009681799999995633,0,286.5159063564175,38.389660624057456,40.23009052153202,2.366936516985504,1,1,1,1,0,0,0,9,0.0,1,1,1.9435437223620875,-1.182021594046554,85,1,17.991961633086003,0.16399399589007196,22.4311800878306,0.003433101554850006,19.899184530555548,-0.3532403667396834,23.19117106210193,-0.36804189404432675,17.154843316089593,0.002593972779329157,30.215206796661484,-0.4213341393583648,30.542371730155356,-0.43994836689124045,30.169082359096514,-0.0073240308787957,30.21065325837414,-0.4203027923280607
3772,5.15,true_threat,IDEAM,1,3496,3771,5.1000000000000005,1,1,332.76147730964493,-202.90950261620293,334.8241353692377,-204.71434105749083,-205.25,-0.521163657675288,-0.8894613969679106,0.2625169282376001,1,1,23.41261622690386,-4.742421844056466,0.0,0.75,0.0,,26.391729882615554,0.01299752073957373,0,1,0.0,22.708015220447805,-0.07732679993657143,latent_vehicle,0.0,latent_vehicle,-0.07732679993657143,0.0,0.75,3757,ok,accepted,0,ok,0.3342674,0.0007815000135451555,0.33307139997486956,0.0,1,0.0012760000000042737,0.016373299999997926,0,287.4157477115533,38.66551805405476,40.670454260391296,2.3404973837970715,1,1,1,1,0,0,0,9,0.0,1,1,1.9919842050934122,-1.1211409839383215,86,1,18.00026623739996,0.16609208385345114,22.43137654048568,0.003929053336439579,19.88190588452205,-0.34557290051407685,23.172343628460073,-0.37654867200724457,17.15492151652911,0.001564008784576707,30.19400849105868,-0.42396601982965937,30.520442974801504,-0.43857507650424793,30.16877338055746,-0.006179568408551619,30.189681986761045,-0.4194254107299132
3773,5.2,true_threat,IDEAM,1,3460,3772,5.15,1,1,333.923379792227,-202.9290342240198,336.16397291453166,-204.69592438902538,-205.25,-0.5356589425091727,-0.9479765293039919,0.2885829862759187,0,1,23.125344298555166,-5.745438566973888,0.0,0.75,0.0,,26.391729882615554,0.013322408895157853,0,1,0.0,24.570338167013954,-0.07794533384307556,latent_vehicle,0.0,latent_vehicle,-0.07794533384307556,0.0,0.7999999999999998,3757,ok,accepted,0,ok,0.3342674,0.0007815000135451555,0.33307139997486956,0.0,0,0.0012760000000042737,0.014445700000003114,0,288.3159857951817,38.92718245300847,41.110053722056875,2.3209657759801985,1,1,1,1,0,0,0,9,0.0,1,1,2.056627027218355,-1.0526738027492464,87,1,18.008660487777927,0.16788500431153747,22.4316073297839,0.004615785960800772,19.865115516512134,-0.3358073423715485,23.15322055623644,-0.38246144356400696,17.154952034621644,0.0006103618551009008,30.172773962039297,-0.424690549756664,30.498704951800647,-0.43476043225218713,30.16851018062055,-0.00526399516471203,30.168878561462375,-0.4160684850976787
3774,5.25,true_threat,IDEAM,1,3431,3773,5.2,1,1,335.07105829414206,-202.9403919727975,337.5044799985924,-204.67209062172086,-205.25,-0.5540756109746212,-1.150919343090984,0.3931438079507151,1,1,22.838969616994827,-5.727493631206784,0.0,0.75,0.0,,26.37497430331991,0.013658557874206683,0,1,0.0,26.762554927636085,-0.082091212762748,latent_vehicle,0.0,latent_vehicle,-0.082091212762748,0.0,0.8499999999999996,3757,ok,accepted,0,ok,0.3342674,0.0007815000135451555,0.33307139997486956,0.0,1,0.0013174999999989723,0.014257700000001705,0,289.2166816424553,39.17416510764991,41.54986495884401,2.3096080272025006,1,1,1,1,0,0,0,9,0.0,1,1,2.1414485940360457,-0.9796303951080342,88,1,18.01712531111793,0.16929646408749,22.431864826319106,0.00514993044997076,19.848916422715302,-0.32398186160184256,23.13393154390222,-0.38578024587774495,17.15494059085884,-0.00022887525481336932,30.151589039176237,-0.42369845620193375,30.47728354649726,-0.4284280808862322,30.168279407068486,-0.00461546641193706,30.148370774450974,-0.4101557203387673
3775,5.3,true_threat,IDEAM,1,3399,3774,5.25,1,1,336.2162293576231,-202.93710213861132,338.83564899579187,-204.64911453225207,-205.25,-0.5779093782791449,-1.3751282910071632,0.5071115491021373,0,1,22.62301097497736,-4.319172840349381,0.0,0.75,0.0,,26.37497430331991,0.013920537426716319,0,1,0.0,28.690127734852485,-0.04835214806027466,latent_vehicle,0.0,latent_vehicle,-0.04835214806027466,0.0,0.8999999999999995,3757,ok,accepted,0,ok,0.3342674,0.0007815000135451555,0.33307139997486956,0.0,0,0.0013174999999989723,0.01151519999999806,0,290.11783525337415,39.418182560212074,41.97988034512463,2.3128978613886773,1,1,1,1,0,0,0,9,0.0,1,1,2.2557441596262926,-0.9310698586731747,89,1,18.025649261837945,0.17047901106803523,22.43214902991255,0.0056840708372849534,19.833400155326395,-0.31032533754934355,23.114589126318076,-0.3868483507918591,17.154891000143092,-0.0009918143147585076,30.130545274484636,-0.4208752926760242,30.456285569478467,-0.41995951878545934,30.1680772458111,-0.0040432192780696105,30.128274972154756,-0.4019160283997682
3776,5.3500000000000005,true_threat,IDEAM,1,3339,3775,5.300000000000001,1,1,337.33881485355437,-202.92631268461875,340.17450387272163,-204.61279963840272,-205.25,-0.6008854677479292,-1.5912042780951408,0.6169421688315541,1,1,22.336217467645994,-5.735870146627278,0.0,0.75,0.0,,26.776827236454956,0.014280259102518594,0,1,0.0,31.746492829858862,-0.04220467093719549,latent_vehicle,0.0,latent_vehicle,-0.04220467093719549,0.0,0.6500000000000004,3763,ok,accepted,1,ok,0.4887904,0.0009669999999459833,0.4874193000141531,0.0,1,0.0014712000000045578,0.01120819999999867,0,291.0193550804146,39.63924822910292,42.417215395013955,2.3236873153812496,1,1,1,1,0,0,0,9,0.0,1,1,2.3860868882023962,-0.8643472824610382,90,1,18.034218990059305,0.1713945617764134,22.432463753053444,0.006294462787122018,19.818656358471447,-0.294875931506357,23.095315373090664,-0.3854750636889887,17.15480707590131,-0.0016784848386864396,30.109717054117024,-0.4165643804311801,30.43582164735994,-0.4092784241941502,30.167892251998722,-0.0036998694103575294,30.10870750281377,-0.3913493717182033
3777,5.4,true_threat,IDEAM,1,3297,3776,5.3500000000000005,1,1,338.44848806241953,-202.90570097480065,341.51396663382394,-204.56925187074302,-205.25,-0.6372003615972801,-1.9093010464120914,0.7775226428523707,0,1,22.1108697466828,-4.50695441926392,0.0,0.75,0.0,,26.776827236454956,0.014572782116607489,0,1,0.0,34.5905274433222,-0.0371274436172655,latent_vehicle,0.0,latent_vehicle,-0.0371274436172655,0.0,0.7000000000000002,3763,ok,accepted,0,ok,0.4887904,0.0009669999999459833,0.4874193000141531,0.0,0,0.0014712000000045578,0.010081999999997038,0,291.92133266589485,39.84694385248781,42.854700570636,2.344299025199348,1,1,1,1,0,0,0,9,0.0,1,1,2.5383258302563214,-0.8000527631993558,91,1,18.042821141820596,0.17204303220892056,22.43280327146057,0.006790368923189193,19.804761325985094,-0.27790064802094067,23.076226631924776,-0.38177482277744623,17.154694541711986,-0.002250683793392373,30.089186394084482,-0.4106131270723299,30.415992869142205,-0.3965755500297273,30.167711073544382,-0.003623561570602937,30.089769455686888,-0.37876093010463185
3778,5.45,true_threat,IDEAM,1,3214,3777,5.4,1,1,339.5474465099851,-202.87602919898984,342.85376310501306,-204.51989039027023,-205.25,-0.6807481292569832,-2.190395643876632,0.9143317447061364,1,1,21.899249656513184,-4.232401803392278,0.0,0.75,0.0,,26.808878530203174,0.014855745443959413,0,1,0.0,37.77175630971024,-0.03564054797755034,latent_vehicle,0.0,latent_vehicle,-0.03564054797755034,0.0,0.75,3763,ok,accepted,0,ok,0.4887904,0.0009669999999459833,0.4874193000141531,0.0,1,0.001246999999999332,0.01210400000000078,0,292.82370697986767,40.04352798608056,43.2921227278523,2.3739708010101594,1,1,1,1,0,0,0,9,0.0,1,1,2.7110573287057114,-0.7402275027748227,92,1,18.05144236919347,0.1724245449376082,22.433167586684764,0.007286306257316474,19.791793260038062,-0.2593613196406314,23.05743162323641,-0.375900173381595,17.15455530600633,-0.0027847141131380274,30.069021958703352,-0.40328857277971364,30.396883157379964,-0.3821942251291059,30.167529896042353,-0.003623541814811619,30.071556198240636,-0.3642651391759355
3779,5.5,true_threat,IDEAM,1,3105,3778,5.45,1,1,340.63181502623684,-202.83894662847788,344.1935885633941,-204.46604281566334,-205.25,-0.7301096097297659,-2.4303808328097065,1.0257184139032742,0,1,21.511751811640604,-7.749956897451611,0.0,0.75,0.0,,26.808878530203174,0.0153956842763014,0,1,0.0,,-0.03576986533536797,latent_vehicle,0.0,latent_vehicle,-0.03576986533536797,0.0,0.7999999999999998,3763,ok,accepted,0,ok,0.4887904,0.0009669999999459833,0.4874193000141531,0.0,0,0.001246999999999332,0.011214099999996563,0,293.7265390522804,40.2250644299196,43.72911611382062,2.411053371522115,1,1,1,1,0,0,0,9,0.0,1,1,2.906384332132409,-0.6846968527641312,93,1,18.060071225302114,0.1725771199032377,22.433552882793922,0.007705924652587424,19.77981128751506,-0.23963945269903392,23.039039064522672,-0.3678511735349054,17.15439699667713,-0.0031661865884423167,30.04929241259938,-0.39459071679696445,30.37859360153753,-0.36579111046996887,30.167342997246006,-0.0037379671632207134,30.054161189414046,-0.3479001700151451
3780,5.55,true_threat,IDEAM,1,2974,3779,5.5,1,1,341.69237799022847,-202.7964705673587,345.53316876721124,-204.40892994367331,-205.25,-0.7839571843366571,-2.5,1.1102919070749864,1,1,21.061607448904496,-9.002887254722154,0.0,0.75,0.0,,26.819730087757137,0.01606070099576903,0,1,0.0,,-0.03318996847809785,latent_vehicle,0.0,latent_vehicle,-0.03318996847809785,0.0,0.8499999999999996,3763,ok,accepted,0,ok,0.4887904,0.0009669999999459833,0.4874193000141531,0.0,1,0.0029228000000003362,0.014569399999999177,0,294.6298288935436,40.38233755264798,44.16540647637453,2.4535294326412895,1,1,1,1,0,0,0,9,0.0,1,1,3.1310962148634744,-0.6324767208725981,94,1,18.068694359638116,0.1724626845181398,22.433961066679426,0.008163680518434349,19.76886881539695,-0.21884944446524274,23.021148138377466,-0.3578185222029885,17.154223428506253,-0.0034713634251035863,30.030060697853475,-0.384634017218163,30.361187143049083,-0.34812916693157064,30.167138932858364,-0.004081278608196682,30.0376664456062,-0.3298948722815668
3781,5.6000000000000005,true_threat,IDEAM,1,2821,3780,5.550000000000001,1,1,342.7315464882964,-202.74918002713153,346.8722904786286,-204.34968099750049,-205.25,-0.8410700563266857,-2.5,1.1694486351150657,0,1,20.653845781458283,-8.155233348924256,0.0,0.75,0.0,,26.819730087757137,0.01670100584149331,0,1,0.0,,-0.02705570599690077,latent_vehicle,0.0,latent_vehicle,-0.02705570599690077,0.0,0.9000000000000004,3763,ok,accepted,0,ok,0.4887904,0.0009669999999459833,0.4874193000141531,0.0,0,0.0029228000000003362,0.010208900000002075,0,295.53348495092854,40.51784999333097,44.60087213040697,2.50081997286847,1,1,1,1,0,0,0,9,0.0,1,1,3.3832330502098316,-0.5847885002049361,95,1,18.077296513379604,0.17204307269220753,22.434384509259928,0.008468854560852439,19.75901734145663,-0.19702947961369313,23.003859934207846,-0.3457640827438927,17.154036507649458,-0.0037384171271202618,30.011374496979126,-0.37372367366164083,30.344738169028492,-0.3289794798463456,30.16691007294571,-0.004577189022341886,30.022144444941034,-0.3104400119757784
3782,5.65,true_threat,IDEAM,1,2655,3781,5.6000000000000005,1,1,343.75109077931677,-202.69777630822725,348.210648912287,-204.28944049036576,-205.25,-0.9003190024995149,-2.5,1.2049038915242531,1,1,20.274080613406856,-7.595303361028556,0.0,0.75,0.0,,26.80384666686242,0.017332413380477658,0,1,0.0,,-0.01681832762815816,latent_vehicle,0.0,latent_vehicle,-0.01681832762815816,0.0,0.9500000000000002,3763,ok,accepted,0,ok,0.4887904,0.0009669999999459833,0.4874193000141531,0.0,1,0.0012356999999951768,0.01371029999999962,0,296.4376292843296,40.6332499509503,45.03508623066432,2.5522236917727525,1,1,1,1,0,0,0,9,0.0,1,1,3.6606347358221996,-0.5420293655872808,96,1,18.08586814975187,0.1714327253680583,22.43482702387326,0.008850293915680214,19.750289291200435,-0.17456100341275155,22.987262189448032,-0.331954894677643,17.1538438649889,-0.0038528532081788473,29.99328912194659,-0.36170710164561304,30.32930008503942,-0.308761680392024,30.16665069582263,-0.005187533061052465,30.00765813044048,-0.28972629017917945
3783,5.7,true_threat,IDEAM,1,2472,3782,5.65,1,1,344.7521707706388,-202.64296091929236,349.5480917874226,-204.2291087428253,-205.25,-0.960559509634237,-2.5,1.2187232958178933,0,1,19.91305582102805,-7.220495847576132,0.0,0.75,0.0,,26.80384666686242,0.017966451677986252,0,1,0.0,,-0.002265714373265837,latent_vehicle,0.0,latent_vehicle,-0.002265714373265837,0.0,1.0,3763,ok,accepted,1,ok,0.3499041,0.0007789999945089221,0.34870129998307675,0.0,0,0.0012356999999951768,0.012275799999997616,0,297.3421703462232,40.72978888037875,45.4679880439063,2.6070390807076365,1,1,1,1,0,0,0,9,0.0,1,1,3.961443419094956,-0.5040765207228953,97,1,18.094399731969485,0.17063164233442396,22.43528288974827,0.009117319796747562,19.742718998301882,-0.15140585292989855,22.97144073575098,-0.3164290734308736,17.153649315004095,-0.0038909996950669385,29.97584081186374,-0.34896575896060034,30.31492820373928,-0.2874376265178154,30.166358894011065,-0.005836026776108635,29.994258999895766,-0.26798261168063503
3784,5.75,true_threat,IDEAM,1,2307,3783,5.7,1,1,345.73548860076096,-202.58542026634686,350.8845888831662,-204.16955551621587,-205.25,-1.0208912571746964,-2.5,1.213563498675776,1,1,19.56483566614347,-6.964403097691587,0.0,0.75,0.0,,24.46934677585893,0.018611540032158782,0,1,0.19899676105819708,,0.1021888301021437,latent_vehicle,,,0.1021888301021437,,0.5499999999999998,3773,ok,accepted,0,ok,0.3499041,0.0007789999945089221,0.34870129998307675,0.0,1,0.0013266000000058398,0.013815499999999759,0,298.24710813660937,40.808168920114724,45.89954734926374,2.6645797336531416,1,1,1,1,0,0,0,9,0.0,1,1,4.284269478741022,-0.4705853698976283,98,1,18.102879815931598,0.1696016772774676,22.43575591892885,0.009460584741998226,19.73632172112058,-0.12794553446887766,22.956475681533693,-0.2993010838824575,17.1534547663067,-0.0038909739521452154,29.95906771225503,-0.33546152161311327,30.301660672163493,-0.26535063045406404,30.16602322285064,-0.006713413974642085,29.982000458613797,-0.2451708258115095
3785,5.8,true_threat,IDEAM,1,2132,3784,5.75,1,1,346.7016243118494,-202.52576450311292,352.22010992138934,-204.11148272520427,-205.25,-1.0804444837841345,-2.5,1.1923098561317496,0,1,19.22562218372468,-6.784269648375769,0.0,0.75,0.0,,24.46934677585893,0.019273930085328,0,1,0.5683820881928625,,0.4727592179481547,latent_vehicle,,,0.4727592179481547,,0.5999999999999996,3773,ok,accepted,0,ok,0.3499041,0.0007789999945089221,0.34870129998307675,0.0,0,0.0013266000000058398,0.011471700000001306,0,299.15250369064074,40.86890907717179,46.329672833455504,2.7242354968870757,1,1,1,1,0,0,0,9,0.0,1,1,4.627837324318165,-0.44113140687940766,99,1,18.111293143695974,0.16826655319910103,22.436238483283518,0.0096512876915817,19.731110812596068,-0.10421815722846137,22.942437599827645,-0.28076163358994616,17.15326403200151,-0.0038146861109333687,29.943004152878842,-0.321270707998677,30.289537544757305,-0.2424625440148973,30.165651312236875,-0.00743820308747629,29.970911117587114,-0.2217868187253571
3786,5.8500000000000005,true_threat,IDEAM,1,1952,3785,5.800000000000001,1,1,347.65091381587047,-202.46463438417533,353.5544719892333,-204.0554550074176,-205.25,-1.1385172747957313,-2.5,1.157713895275757,1,1,18.892984498435943,-6.6527537057747566,0.0,0.75,0.0,,24.73820545908338,0.019958415583462924,0,1,0.9534546520158358,,0.8596825655922234,latent_vehicle,,,0.8596825655922234,,0.6500000000000004,3773,ok,accepted,0,ok,0.3499041,0.0007789999945089221,0.34870129998307675,0.0,1,0.001379700000001094,0.01202629999999516,0,300.0583264959464,40.9123757758872,46.75821209599383,2.7853656158246736,1,1,1,1,0,0,0,9,0.0,1,1,4.990971166295721,-0.41525179802237067,100,1,18.119626362803462,0.16666438009045337,22.43673249071464,0.009880148935950033,19.7270881796727,-0.08045264068725984,22.92939515455351,-0.26084890496028473,17.153080925811754,-0.003662123786732341,29.927669204063044,-0.3066985073061337,30.278570266195345,-0.21934556283792592,30.165229810612928,-0.008430023414449404,29.961027215717515,-0.19767803211100016
3787,5.9,true_threat,IDEAM,1,1788,3786,5.8500000000000005,1,1,348.5836624291329,-202.402441792707,354.8878583431125,-204.0019148052483,-205.25,-1.1945449925823937,-2.5,1.1121971042334113,0,1,18.565383934183018,-6.552011285058512,0.0,0.75,0.0,,24.73820545908338,0.020668794594879733,0,1,1.3540923926325092,,1.2624284073655385,latent_vehicle,,,1.2624284073655385,,0.7000000000000002,3773,ok,accepted,0,ok,0.3499041,0.0007789999945089221,0.34870129998307675,0.0,0,0.001379700000001094,0.012194300000004432,0,300.96454602453923,40.93890486055682,47.185378921280176,2.847558207292991,0,1,0,1,0,0,0,9,0.0,1,1,5.372996120123329,-0.39250799600390557,101,1,18.127873750361378,0.1649477493133125,22.43723221813979,0.009994548604698762,19.724248105036736,-0.0568014729762502,22.91739984475964,-0.23990619528865612,17.152909263928187,-0.0034332376687229477,29.913081937501907,-0.29174488523801845,30.268783632239202,-0.1957326653018507,30.164766345903974,-0.009269285847564503,29.952360198046364,-0.17334034353489705
3788,5.95,true_threat,IDEAM,1,1623,3787,5.9,1,1,349.49956544956376,-202.34057538253967,356.22023861640685,-203.95130463396418,-205.25,-1.2480851947516953,-2.5,1.0578287650954896,1,1,18.21534022224556,-7.000874238749191,0.0,1.0,0.008185111917555332,0.020668795332312584,25.02397887764069,0.02147056892163841,1,0,1.770569645495982,,1.6816223984190652,latent_vehicle,2.0523906858205465,follower_1,1.6816223984190652,,0.75,3773,ok,accepted,0,ok,0.3499041,0.0007789999945089221,0.34870129998307675,0.0,1,0.0013805000000033374,0.013906599999998548,0,301.87119282002254,40.94816108550435,47.61111239909121,2.9094246174603313,0,1,0,1,0,0,0,9,0.0,1,1,5.773163793270747,-0.37164399277159293,102,1,18.13602577155885,0.16304042201127403,22.437741481097756,0.010185259190490717,19.722577238604174,-0.03341730836912927,22.906512710201213,-0.21774269010904634,17.152752860843297,-0.003128061697758304,29.899253794589523,-0.27656244826278076,30.26017764252564,-0.17211977371727766,30.164253286752185,-0.010261177832905583,29.94492532319848,-0.14869748114774028
3789,6.0,true_threat,IDEAM,1,1447,3788,5.95,1,1,350.3980435012867,-202.2803781248374,357.5518875610004,-203.9038990580554,-205.25,-1.2986953660358154,-2.5,0.996346709346582,0,1,17.88663850701702,-6.574034304570731,0.0,0.0,0.016370223835110664,0.020668795332312584,25.02397887764069,0.022266688080369954,0,0,2.203740538366702,,2.118574602145982,latent_vehicle,1.9484256465717271,follower_1,2.118574602145982,,0.7999999999999998,3773,ok,accepted,0,ok,0.3499041,0.0007789999945089221,0.34870129998307675,0.0,0,0.0013805000000033374,0.01274829999999838,0,302.77820583683274,40.939626120417074,48.03574832687457,2.969621875162602,0,1,0,1,0,0,0,9,0.0,1,1,6.191402391612957,-0.35134859393590195,103,1,18.1440690703331,0.16086597420948823,22.43825455451033,0.010261468088866266,19.722050783886495,-0.010529073879305668,22.89676808525271,-0.19489249721227517,17.152613623869577,-0.0027847394771249286,29.886192402370742,-0.26122747880810904,30.252748483535818,-0.1485831523251943,30.163692541531585,-0.011214898890385995,29.93871686982238,-0.12416904506800296
