frame,time_s,condition,controller,role,actor_id,blueprint,traffic_role,initial_lane_id,lane_name,lane_index,occupied_lane_indices,station_m,local_y_m,speed_mps,longitudinal_accel_mps2,leader_role,idm_gap_m,target_speed_mps,desired_speed_mps,time_headway_s
1301,0.05,true_threat,DREAM,occluder,121,vehicle.carlamotors.firetruck,occluder,-5,centre,1,[1],193.79112673597203,-205.25480517782503,18.634591322065976,0.15106223013240722,lead_centre,115.3143387521134,18.62269296371302,18.42783,1.163254
1301,0.05,true_threat,DREAM,lead_left,123,vehicle.tesla.model3,leader,-4,left,0,[0],314.5091763330596,-201.74977124584095,23.725205951167304,0.3725435377861722,,,23.713122079510967,24.333146,0.877731
1301,0.05,true_threat,DREAM,lead_centre,124,vehicle.nissan.patrol_2021,leader,-5,centre,1,[1],316.26305614400894,-205.25027176314566,21.4652684454618,0.8547970739382025,,,21.402992375283983,20.102401,0.907738
1301,0.05,true_threat,DREAM,lead_right,125,vehicle.tesla.model3,leader,-6,right,2,[2],317.85748132182636,-208.74995692583784,23.172582085804972,0.3492737408546159,,,23.163536044840594,23.765983,1.0518
1301,0.05,true_threat,DREAM,rear_centre,126,vehicle.nissan.patrol_2021,follower,-5,centre,1,[1],171.8297895273427,-205.24981538663994,19.259030634672275,0.9008410076115443,occluder,14.974797641018732,19.079270900544557,20.0,0.888602
1301,0.05,true_threat,DREAM,follower_1,127,vehicle.mercedes.coupe_2020,follower,-4,left,0,[0],145.00643344052662,-201.7894985516496,31.951748717132173,1.2520639763973296,ego,29.720517657301357,31.87038754227152,32.0,0.868232
1301,0.05,true_threat,DREAM,follower_2,128,vehicle.mercedes.coupe_2020,follower,-4,left,0,[0],109.92006653530265,-201.78915408481615,31.361468261245545,1.2477360690297663,follower_1,30.383202261787858,31.235883018417052,31.306896,0.898137
1301,0.05,true_threat,DREAM,follower_3,129,vehicle.audi.a2,follower,-4,left,0,[0],72.79779780292716,-201.75059423193903,28.23551332749014,5.638618748605041,follower_2,32.77250227276677,27.972890521380755,30.535483,0.93041
1301,0.05,true_threat,DREAM,follower_4,130,vehicle.mercedes.coupe_2020,follower,-4,left,0,[0],35.4572638733045,-201.79133247555734,29.951817365016232,1.2667291176413313,follower_3,33.240811550490776,29.734740293481956,29.801881,1.027143
1302,0.1,true_threat,DREAM,occluder,121,vehicle.carlamotors.firetruck,occluder,-5,centre,1,[1],194.72310309900362,-205.25477716006034,18.641730541158527,0.14278437783506776,lead_centre,115.45499429794474,18.63013348207242,18.42783,1.163254
1302,0.1,true_threat,DREAM,lead_left,123,vehicle.tesla.model3,leader,-4,left,0,[0],315.69612708292675,-201.74976305754583,23.74876743965285,0.47122977079874384,,,23.73156205473377,24.333146,0.877731
1302,0.1,true_threat,DREAM,lead_centre,124,vehicle.nissan.patrol_2021,leader,-5,centre,1,[1],317.33687823834947,-205.25030216760345,21.490462595647816,0.5038830102745339,,,21.445036093212796,20.102401,0.907738
1302,0.1,true_threat,DREAM,lead_right,125,vehicle.tesla.model3,leader,-6,right,2,[2],319.01675262994473,-208.74995818011809,23.195674359025013,0.4618454644221009,,,23.18076813871764,23.765983,1.0518
1302,0.1,true_threat,DREAM,rear_centre,126,vehicle.nissan.patrol_2021,follower,-5,centre,1,[1],172.7934431710625,-205.2498833740052,19.28625232171919,0.5444337421059443,occluder,14.944402098537175,19.119896103292955,20.0,0.888602
1302,0.1,true_threat,DREAM,follower_1,127,vehicle.mercedes.coupe_2020,follower,-4,left,0,[0],146.60546222220756,-201.78699993324437,31.999970193273242,0.9646752517390248,ego,29.78991533385239,31.932463008641324,32.0,0.868232
1302,0.1,true_threat,DREAM,follower_2,128,vehicle.mercedes.coupe_2020,follower,-4,left,0,[0],111.48953898703007,-201.7864977025792,31.40875988622483,0.9460715479954005,follower_1,30.41272808457579,31.297444307408647,31.306896,0.898137
1302,0.1,true_threat,DREAM,follower_3,129,vehicle.audi.a2,follower,-4,left,0,[0],74.2181164903692,-201.7505979851559,28.4909073220997,5.107879892051395,follower_2,32.93276458579956,28.25286214722032,30.535483,0.93041
1302,0.1,true_threat,DREAM,follower_4,130,vehicle.mercedes.coupe_2020,follower,-4,left,0,[0],36.95625577423783,-201.7880897854845,29.99885636207374,0.9410343982048059,follower_3,33.15102978304674,29.807636921434213,29.801881,1.027143
1303,0.15000000000000002,true_threat,DREAM,occluder,121,vehicle.carlamotors.firetruck,occluder,-5,centre,1,[1],195.65538464300408,-205.25476429697602,18.648444423538127,0.13427764396309652,lead_centre,115.59684002925368,18.637156615415815,18.42783,1.163254
1303,0.15000000000000002,true_threat,DREAM,lead_left,123,vehicle.tesla.model3,leader,-4,left,0,[0],316.8843290482188,-201.74973918362065,23.77296788955173,0.48400899910530787,,,23.75488611973469,24.333146,0.877731
1303,0.15000000000000002,true_threat,DREAM,lead_centre,124,vehicle.nissan.patrol_2021,leader,-5,centre,1,[1],318.4114937896751,-205.250332301381,21.501250539212247,0.21575887970134242,,,21.46981793485264,20.102401,0.907738
1303,0.15000000000000002,true_threat,DREAM,lead_right,125,vehicle.tesla.model3,leader,-6,right,2,[2],320.17730567106435,-208.7499437383575,23.22001213095525,0.4867554386432762,,,23.20355337077844,23.765983,1.0518
1303,0.15000000000000002,true_threat,DREAM,rear_centre,126,vehicle.nissan.patrol_2021,follower,-5,centre,1,[1],173.75795130171468,-205.24993581108052,19.299205129319198,0.2590561525237599,occluder,14.912724817848954,19.144330431956334,20.0,0.888602
1303,0.15000000000000002,true_threat,DREAM,follower_1,127,vehicle.mercedes.coupe_2020,follower,-4,left,0,[0],148.20653552534222,-201.7840428536718,32.03761602777431,0.7531010365817951,ego,29.85900801682854,31.980194966460378,32.0,0.868232
1303,0.15000000000000002,true_threat,DREAM,follower_2,128,vehicle.mercedes.coupe_2020,follower,-4,left,0,[0],113.0609949302639,-201.78339813878463,31.444783175900444,0.7206412276464259,follower_1,30.44228441452929,31.344176407029774,31.306896,0.898137
1303,0.15000000000000002,true_threat,DREAM,follower_3,129,vehicle.audi.a2,follower,-4,left,0,[0],75.64965038711956,-201.75059791241202,28.69739689505316,4.129791458920775,follower_2,33.08191835008495,28.50587815926955,30.535483,0.93041
1303,0.15000000000000002,true_threat,DREAM,follower_4,130,vehicle.mercedes.coupe_2020,follower,-4,left,0,[0],38.45718539551842,-201.78441918825837,30.033605460099285,0.6951572728546281,follower_3,33.07235656955544,29.863862853755922,29.801881,1.027143
1304,0.2,true_threat,DREAM,occluder,121,vehicle.carlamotors.firetruck,occluder,-5,centre,1,[1],196.58800186993358,-205.25472080179682,18.65471770956266,0.12546571759998926,lead_centre,115.73917403657882,18.643753344321112,18.42783,1.163254
1304,0.2,true_threat,DREAM,lead_left,123,vehicle.tesla.model3,leader,-4,left,0,[0],318.0735991338885,-201.74973020410644,23.79408034296953,0.4222490697040016,,,23.77884197071961,24.333146,0.877731
1304,0.2,true_threat,DREAM,lead_centre,124,vehicle.nissan.patrol_2021,leader,-5,centre,1,[1],319.48635348161145,-205.25036235187235,21.500058424204695,-0.023842290074866067,,,21.480428887052753,20.102401,0.907738
1304,0.2,true_threat,DREAM,lead_right,125,vehicle.tesla.model3,leader,-6,right,2,[2],321.33901838529073,-208.74994415977554,23.24175590930196,0.4348755670028605,,,23.22756654699878,23.765983,1.0518
1304,0.2,true_threat,DREAM,rear_centre,126,vehicle.nissan.patrol_2021,follower,-5,centre,1,[1],174.72276461333576,-205.25000340283623,19.300660435230693,0.029106117931114735,occluder,14.880498231197222,19.155843329949395,20.0,0.888602
1304,0.2,true_threat,DREAM,follower_1,127,vehicle.mercedes.coupe_2020,follower,-4,left,0,[0],149.80928717024673,-201.78071899059026,32.06713795658262,0.5905676823914211,ego,29.9276431027319,32.01720982794793,32.0,0.868232
1304,0.2,true_threat,DREAM,follower_2,128,vehicle.mercedes.coupe_2020,follower,-4,left,0,[0],114.63402242457195,-201.77999286307153,31.472138604844083,0.5472279477378509,follower_1,30.471901774430115,31.37983443912321,31.306896,0.898137
1304,0.2,true_threat,DREAM,follower_3,129,vehicle.audi.a2,follower,-4,left,0,[0],77.08940877069607,-201.75059503396352,28.843326238434525,2.918586867498077,follower_2,33.22184039656841,28.710129306032343,30.535483,0.93041
1304,0.2,true_threat,DREAM,follower_4,130,vehicle.mercedes.coupe_2020,follower,-4,left,0,[0],39.959564476746266,-201.78038188560413,30.05884226843612,0.5048456453499219,follower_3,33.002960845025214,29.906023137242556,29.801881,1.027143
1305,0.25,true_threat,DREAM,occluder,121,vehicle.carlamotors.firetruck,occluder,-5,centre,1,[1],197.52089376025566,-205.25469247170878,18.66053323310699,0.11631046881766288,lead_centre,115.88141650158569,18.649910282297938,18.42783,1.163254
1305,0.25,true_threat,DREAM,lead_left,123,vehicle.tesla.model3,leader,-4,left,0,[0],319.26378474164324,-201.7497056534807,23.809632874918016,0.31105064038455876,,,23.799740425260183,24.333146,0.877731
1305,0.25,true_threat,DREAM,lead_centre,124,vehicle.nissan.patrol_2021,leader,-5,centre,1,[1],320.56078592747895,-205.2503925481146,21.48863338252108,-0.2285008221983568,,,21.479256343464122,20.102401,0.907738
1305,0.25,true_threat,DREAM,lead_right,125,vehicle.tesla.model3,leader,-6,right,2,[2],322.50164662160216,-208.74992901008207,23.258286903285853,0.33061987974978585,,,23.24901946145476,23.765983,1.0518
1305,0.25,true_threat,DREAM,rear_centre,126,vehicle.nissan.patrol_2021,follower,-5,centre,1,[1],175.68739481429336,-205.25005579826845,19.29257708644264,-0.16166697689097886,occluder,14.848302146505667,19.156967045035294,20.0,0.888602
1305,0.25,true_threat,DREAM,follower_1,127,vehicle.mercedes.coupe_2020,follower,-4,left,0,[0],151.41328995249535,-201.77715056005604,32.089975095406636,0.4568253039037585,ego,29.99402000770936,32.04535432744456,32.0,0.868232
1305,0.25,true_threat,DREAM,follower_2,128,vehicle.mercedes.coupe_2020,follower,-4,left,0,[0],116.20816370110356,-201.7762667728134,31.49239880464624,0.40527723426924345,follower_1,30.501625925026595,31.40697521844493,31.306896,0.898137
1305,0.25,true_threat,DREAM,follower_3,129,vehicle.audi.a2,follower,-4,left,0,[0],78.53420255437018,-201.7505904377367,28.926177651953715,1.6570282702887742,follower_2,33.35510950729996,28.854322852989537,30.535483,0.93041
1305,0.25,true_threat,DREAM,follower_4,130,vehicle.mercedes.coupe_2020,follower,-4,left,0,[0],41.46298107228375,-201.77610008837263,30.07627282474243,0.34866997029019986,follower_3,32.940340147373874,29.936243944374894,29.801881,1.027143
1306,0.3,true_threat,DREAM,occluder,121,vehicle.carlamotors.firetruck,occluder,-5,centre,1,[1],198.45409083675196,-205.25469455508932,18.665883365502914,0.1070026466262377,lead_centre,116.02295705713117,18.655611652019587,18.42783,1.163254
1306,0.3,true_threat,DREAM,lead_left,123,vehicle.tesla.model3,leader,-4,left,0,[0],320.45458070613034,-201.74969615342758,23.818597425283382,0.17929100891600366,,,23.815134949695675,24.333146,0.877731
1306,0.3,true_threat,DREAM,lead_centre,124,vehicle.nissan.patrol_2021,leader,-5,centre,1,[1],321.63442491115603,-205.2504077562489,21.468203747071463,-0.40859269637064805,,,21.468018706119427,20.102401,0.907738
1306,0.3,true_threat,DREAM,lead_right,125,vehicle.tesla.model3,leader,-6,right,2,[2],323.6648852146459,-208.74992891096122,23.268454982472182,0.20336158382831757,,,23.265328775401326,23.765983,1.0518
1306,0.3,true_threat,DREAM,rear_centre,126,vehicle.nissan.patrol_2021,follower,-5,centre,1,[1],176.65135363377664,-205.25012368152593,19.276313115115208,-0.3252794282561343,occluder,14.816563835870134,19.14948110450216,20.0,0.888602
1306,0.3,true_threat,DREAM,follower_1,127,vehicle.mercedes.coupe_2020,follower,-4,left,0,[0],153.01826921390096,-201.77333765576617,32.10682863318048,0.33711668811738116,ego,30.057986091825292,32.0669999488776,32.0,0.868232
1306,0.3,true_threat,DREAM,follower_2,128,vehicle.mercedes.coupe_2020,follower,-4,left,0,[0],117.7831594125137,-201.77237254438353,31.506356537658405,0.27919276717507113,follower_1,30.53148743074361,31.42714324061183,31.306896,0.898137
1306,0.3,true_threat,DREAM,follower_3,129,vehicle.audi.a2,follower,-4,left,0,[0],79.98111730960058,-201.75058511796084,28.95232358732112,0.5229187072585422,follower_2,33.48445700015745,28.936169661533246,30.535483,0.93041
1306,0.3,true_threat,DREAM,follower_4,130,vehicle.mercedes.coupe_2020,follower,-4,left,0,[0],42.96708426644065,-201.7716807278051,30.086821537961374,0.21099836404322872,follower_3,32.8817173355105,29.95610109079625,29.801881,1.027143
1307,0.35000000000000003,true_threat,DREAM,occluder,121,vehicle.carlamotors.firetruck,occluder,-5,centre,1,[1],199.38753207468065,-205.25475759033634,18.67075856813256,0.09750405220997949,lead_centre,116.1633989643119,18.660850660645572,18.42783,1.163254
1307,0.35000000000000003,true_threat,DREAM,lead_left,123,vehicle.tesla.model3,leader,-4,left,0,[0],321.64559029365194,-201.74968658049903,23.82125628005712,0.05317709705256098,,,23.82400828302422,24.333146,0.877731
1307,0.35000000000000003,true_threat,DREAM,lead_centre,124,vehicle.nissan.patrol_2021,leader,-5,centre,1,[1],322.70684319698444,-205.25043863960246,21.439583956691553,-0.5723957944474212,,,21.447923432533234,20.102401,0.907738
1307,0.35000000000000003,true_threat,DREAM,lead_right,125,vehicle.tesla.model3,leader,-6,right,2,[2],324.82849001860586,-208.74992868691103,23.272458511142723,0.08007057354600268,,,23.27536026601409,23.765983,1.0518
1307,0.35000000000000003,true_threat,DREAM,rear_centre,126,vehicle.nissan.patrol_2021,follower,-5,centre,1,[1],177.6143053732404,-205.2501919083391,19.252726828120245,-0.4717257416716547,occluder,14.785802092883166,19.13461644251395,20.0,0.888602
1307,0.35000000000000003,true_threat,DREAM,follower_1,127,vehicle.mercedes.coupe_2020,follower,-4,left,0,[0],154.62385876957424,-201.7693566965908,32.11788118788239,0.22107112615109328,ego,30.12366122788682,32.085574065314596,32.0,0.868232
1307,0.35000000000000003,true_threat,DREAM,follower_2,128,vehicle.mercedes.coupe_2020,follower,-4,left,0,[0],119.35867387587325,-201.7683408098769,31.51429557337347,0.15879524320883484,follower_1,30.56147098073906,31.441116019347263,31.306896,0.898137
1307,0.35000000000000003,true_threat,DREAM,follower_3,129,vehicle.audi.a2,follower,-4,left,0,[0],81.42778792422018,-201.7505798814712,28.93428578849762,-0.3607559765536443,follower_2,33.61253795633719,28.962058517975038,30.535483,0.93041
1307,0.35000000000000003,true_threat,DREAM,follower_4,130,vehicle.mercedes.coupe_2020,follower,-4,left,0,[0],44.47147735675128,-201.76720023318245,30.090879136473202,0.08115675345453564,follower_3,32.824528896584,29.966808605474757,29.801881,1.027143
1308,0.4,true_threat,DREAM,occluder,121,vehicle.carlamotors.firetruck,occluder,-5,centre,1,[1],200.32118694084915,-205.2548358114961,18.675143578900464,0.08770021592296892,lead_centre,116.30237601221167,18.66561834983661,18.42783,1.163254
1308,0.4,true_threat,DREAM,lead_left,123,vehicle.tesla.model3,leader,-4,left,0,[0],322.8365693583918,-201.7496617591931,23.818839680145704,-0.04833199652968727,,,23.826640063327314,24.333146,0.877731
1308,0.4,true_threat,DREAM,lead_centre,124,vehicle.nissan.patrol_2021,leader,-5,centre,1,[1],323.777644046061,-205.25045481593907,21.403378640353854,-0.7241063128895253,,,21.419770445693878,20.102401,0.907738
1308,0.4,true_threat,DREAM,lead_right,125,vehicle.tesla.model3,leader,-6,right,2,[2],325.9920642997841,-208.74991321448343,23.271451434473093,-0.020141533247388755,,,23.279309965827288,23.765983,1.0518
1308,0.4,true_threat,DREAM,rear_centre,126,vehicle.nissan.patrol_2021,follower,-5,centre,1,[1],178.575944841305,-205.25021480645117,19.22241522475654,-0.6062320684844279,occluder,14.75629159134807,19.113142468303305,20.0,0.888602
1308,0.4,true_threat,DREAM,follower_1,127,vehicle.mercedes.coupe_2020,follower,-4,left,0,[0],156.22987555049485,-201.76531455651184,32.12308673596114,0.10411579526309393,ego,30.192784860486597,32.09781980055424,32.0,0.868232
1308,0.4,true_threat,DREAM,follower_2,128,vehicle.mercedes.coupe_2020,follower,-4,left,0,[0],120.9344172002339,-201.7642479621367,31.516217642992576,0.038443529178399743,follower_1,30.591546073052797,31.44916924959834,31.306896,0.898137
1308,0.4,true_threat,DREAM,follower_3,129,vehicle.audi.a2,follower,-4,left,0,[0],82.8725206727416,-201.7505753060659,28.887286806236244,-0.9399796452318001,follower_2,33.74138180507714,28.944351518541904,30.535483,0.93041
1308,0.4,true_threat,DREAM,follower_4,130,vehicle.mercedes.coupe_2020,follower,-4,left,0,[0],45.975916223426424,-201.76271972294364,30.088525787312616,-0.04706747781970036,follower_3,32.766806420892976,29.969316393139763,29.801881,1.027143
1309,0.45,true_threat,DREAM,occluder,121,vehicle.carlamotors.firetruck,occluder,-5,centre,1,[1],201.25505542484672,-205.25489870099221,18.67903076795578,0.07774378237030256,lead_centre,116.43952199511975,18.66989998914081,18.42783,1.163254
1309,0.45,true_threat,DREAM,lead_left,123,vehicle.tesla.model3,leader,-4,left,0,[0],324.0273042877262,-201.74965227996154,23.813016556480484,-0.11646247137460325,,,23.824248071439662,24.333146,0.877731
1309,0.45,true_threat,DREAM,lead_centre,124,vehicle.nissan.patrol_2021,leader,-5,centre,1,[1],324.8464307194824,-205.2504259030225,21.360076079617492,-0.866051200503399,,,21.384152984429754,20.102401,0.907738
1309,0.45,true_threat,DREAM,lead_right,125,vehicle.tesla.model3,leader,-6,right,2,[2],327.15551651586225,-208.74991304248715,23.26705690721031,-0.08789054505066513,,,23.27831643227468,23.765983,1.0518
1309,0.45,true_threat,DREAM,rear_centre,126,vehicle.nissan.patrol_2021,follower,-5,centre,1,[1],179.53584478669612,-205.25017726282488,19.18578838796486,-0.7325367355137803,occluder,14.728306989451987,19.08558810842039,20.0,0.888602
1309,0.45,true_threat,DREAM,follower_1,127,vehicle.mercedes.coupe_2020,follower,-4,left,0,[0],157.8359838893499,-201.76128764398874,32.122277413682056,-0.01618674251609506,ego,30.26380055679308,32.10374056226232,32.0,0.868232
1309,0.45,true_threat,DREAM,follower_2,128,vehicle.mercedes.coupe_2020,follower,-4,left,0,[0],122.51005371828268,-201.76017040962242,31.512010279056003,-0.0841472607883593,follower_1,30.62181952961277,31.451303230461292,31.306896,0.898137
1309,0.45,true_threat,DREAM,follower_3,129,vehicle.audi.a2,follower,-4,left,0,[0],84.31447632181523,-201.75057167804144,28.825296061694598,-1.239814890677513,follower_2,33.87239238091637,28.898032046208,30.535483,0.93041
1309,0.45,true_threat,DREAM,follower_4,130,vehicle.mercedes.coupe_2020,follower,-4,left,0,[0],47.4800651887424,-201.75828508797173,30.079717981492067,-0.17614987572678492,follower_3,32.70710030273925,29.964391832596938,29.801881,1.027143
1310,0.5,true_threat,DREAM,occluder,121,vehicle.carlamotors.firetruck,occluder,-5,centre,1,[1],202.1891375370841,-205.25497677640107,18.68240487761685,0.0674821948945833,lead_centre,116.57444018454352,18.67368824391829,18.42783,1.163254
1310,0.5,true_threat,DREAM,lead_left,123,vehicle.tesla.model3,leader,-4,left,0,[0],325.21773403609177,-201.74962764604956,23.805442486106326,-0.15148140559088466,,,23.818484213367913,24.333146,0.877731
1310,0.5,true_threat,DREAM,lead_centre,124,vehicle.nissan.patrol_2021,leader,-5,centre,1,[1],325.9128370063323,-205.25035202578204,21.3101245041929,-0.9990314957857925,,,21.34154960773048,20.102401,0.907738
1310,0.5,true_threat,DREAM,lead_right,125,vehicle.tesla.model3,leader,-6,right,2,[2],328.318694068548,-208.74989770539966,23.26091143369815,-0.12290947001558228,,,23.273980981823634,23.765983,1.0518
1310,0.5,true_threat,DREAM,rear_centre,126,vehicle.nissan.patrol_2021,follower,-5,centre,1,[1],180.49379160720088,-205.25014038548835,19.14321253207007,-0.8515171157654307,occluder,14.70227552805843,19.05231351867075,20.0,0.888602
1310,0.5,true_threat,DREAM,follower_1,127,vehicle.mercedes.coupe_2020,follower,-4,left,0,[0],159.44187861558132,-201.75729132191742,32.115323713702274,-0.1390705118852842,ego,30.335792737461908,32.103318190205506,32.0,0.868232
1310,0.5,true_threat,DREAM,follower_2,128,vehicle.mercedes.coupe_2020,follower,-4,left,0,[0],124.08530879785945,-201.7561845399719,31.50157076039285,-0.20878363617120915,follower_1,30.65229135041905,31.447404957039517,31.306896,0.898137
1310,0.5,true_threat,DREAM,follower_3,129,vehicle.audi.a2,follower,-4,left,0,[0],85.75327340173675,-201.75056912753243,28.758992801011228,-1.3260652132840471,follower_2,34.006073249891514,28.83685288441531,30.535483,0.93041
1310,0.5,true_threat,DREAM,follower_4,130,vehicle.mercedes.coupe_2020,follower,-4,left,0,[0],48.9835428298434,-201.75403378749505,30.064416271007435,-0.3060117503082514,follower_3,32.644906986496906,29.952645970529588,29.801881,1.027143
1311,0.55,true_threat,DREAM,occluder,121,vehicle.carlamotors.firetruck,occluder,-5,centre,1,[1],203.12331120205053,-205.25505482057758,18.685256370276505,0.05702985467556762,lead_centre,116.70676435915607,18.676968256407886,18.42783,1.163254
1311,0.55,true_threat,DREAM,lead_left,123,vehicle.tesla.model3,leader,-4,left,0,[0],326.40776706117015,-201.7496184062659,23.797410653212815,-0.1606366557215155,,,23.810987164047727,24.333146,0.877731
1311,0.55,true_threat,DREAM,lead_centre,124,vehicle.nissan.patrol_2021,leader,-5,centre,1,[1],326.97661878682163,-205.25029430265664,21.25399503025462,-1.1225894684126625,,,21.292399309843827,20.102401,0.907738
1311,0.55,true_threat,DREAM,lead_right,125,vehicle.tesla.model3,leader,-6,right,2,[2],329.48150541552286,-208.7498977520297,23.25431391936233,-0.13195028640848894,,,23.267918067446022,23.765983,1.0518
1311,0.55,true_threat,DREAM,rear_centre,126,vehicle.nissan.patrol_2021,follower,-5,centre,1,[1],181.4494801270558,-205.2501042785494,19.095019535337133,-0.9638599308495449,occluder,14.67841081979105,19.0136310934146,20.0,0.888602
1311,0.55,true_threat,DREAM,follower_1,127,vehicle.mercedes.coupe_2020,follower,-4,left,0,[0],161.04722406187614,-201.7534019987573,32.10219547953481,-0.262550045606727,ego,30.408028959839143,32.096545913667455,32.0,0.868232
1311,0.55,true_threat,DREAM,follower_2,128,vehicle.mercedes.coupe_2020,follower,-4,left,0,[0],125.65983149724694,-201.75232099048546,31.484891912965946,-0.3335565231191002,follower_1,30.68293099707366,31.437371784205155,31.306896,0.898137
1311,0.55,true_threat,DREAM,follower_3,129,vehicle.audi.a2,follower,-4,left,0,[0],87.18891191250609,-201.7505676545389,28.69571840952281,-1.2654878291153968,follower_2,34.14253124954678,28.771345168383498,30.535483,0.93041
1311,0.55,true_threat,DREAM,follower_4,130,vehicle.mercedes.coupe_2020,follower,-4,left,0,[0],50.48610500611855,-201.74996590479978,30.042653867406216,-0.4352028022740757,follower_3,32.58022642531742,29.934564359923986,29.801881,1.027143
1312,0.6000000000000001,true_threat,DREAM,occluder,121,vehicle.carlamotors.firetruck,occluder,-5,centre,1,[1],204.0576679620643,-205.2551022847131,18.687575709223594,0.04638677977968443,lead_centre,116.8363724746789,18.679730792414365,18.42783,1.163254
1312,0.6000000000000001,true_threat,DREAM,lead_left,123,vehicle.tesla.model3,leader,-4,left,0,[0],327.59743387533234,-201.74960929141156,23.789727864525503,-0.15365577165454264,,,23.803036926939306,24.333146,0.877731
1312,0.6000000000000001,true_threat,DREAM,lead_centre,124,vehicle.nissan.patrol_2021,leader,-5,centre,1,[1],328.03744035719967,-205.2502223305885,21.19217593826844,-1.2363818314636366,,,21.237163515454696,20.102401,0.907738
1312,0.6000000000000001,true_threat,DREAM,lead_right,125,vehicle.tesla.model3,leader,-6,right,2,[2],330.64404210431064,-208.74989789235676,23.248082615879028,-0.12462606933411377,,,23.261409112220388,23.765983,1.0518
1312,0.6000000000000001,true_threat,DREAM,rear_centre,126,vehicle.nissan.patrol_2021,follower,-5,centre,1,[1],182.4026051757028,-205.2500843049039,19.04160040436407,-1.0683826144639859,occluder,14.656895964902567,18.96981943868345,20.0,0.888602
1312,0.6000000000000001,true_threat,DREAM,follower_1,127,vehicle.mercedes.coupe_2020,follower,-4,left,0,[0],162.65174560127957,-201.7497113209345,32.082977140199695,-0.38433556613494724,ego,30.480020906265473,32.083485237590544,32.0,0.868232
1312,0.6000000000000001,true_threat,DREAM,follower_2,128,vehicle.mercedes.coupe_2020,follower,-4,left,0,[0],127.2333929606495,-201.74865613318477,31.46208112366852,-0.45617676940403384,follower_1,30.713753743981,31.42119534513853,31.306896,0.898137
1312,0.6000000000000001,true_threat,DREAM,follower_3,129,vehicle.audi.a2,follower,-4,left,0,[0],88.62172754746314,-201.75056714454234,28.639741533388985,-1.119537521684909,follower_2,34.28141543816493,28.70876655381822,30.535483,0.93041
1312,0.6000000000000001,true_threat,DREAM,follower_4,130,vehicle.mercedes.coupe_2020,follower,-4,left,0,[0],51.98735502030772,-201.7461731279551,30.01457277938926,-0.561549938262132,follower_3,32.51330275981161,29.910559679255975,29.801881,1.027143
1313,0.6500000000000001,true_threat,DREAM,occluder,121,vehicle.carlamotors.firetruck,occluder,-5,centre,1,[1],204.99205524485978,-205.25516499722602,18.689351452005905,0.03551485600958492,lead_centre,116.96283728504321,18.681966624998367,18.42783,1.163254
1313,0.6500000000000001,true_threat,DREAM,lead_left,123,vehicle.tesla.model3,leader,-4,left,0,[0],328.7866734382203,-201.74958506351993,23.782689760066766,-0.1407620869742427,,,23.7954321108079,24.333146,0.877731
1313,0.6500000000000001,true_threat,DREAM,lead_centre,124,vehicle.nissan.patrol_2021,leader,-5,centre,1,[1],329.09502706448467,-205.2501514620628,21.125187935232237,-1.3397600552784663,,,21.176320532272953,20.102401,0.907738
1313,0.6500000000000001,true_threat,DREAM,lead_right,125,vehicle.tesla.model3,leader,-6,right,2,[2],331.8062736121295,-208.74988287800338,23.24253032764591,-0.11104576436785865,,,23.255261382974293,23.765983,1.0518
1313,0.6500000000000001,true_threat,DREAM,rear_centre,126,vehicle.nissan.patrol_2021,follower,-5,centre,1,[1],183.3528920845439,-205.2500500406726,18.983340423116918,-1.165199619157239,occluder,14.638127676269345,18.921212729777142,20.0,0.888602
1313,0.6500000000000001,true_threat,DREAM,follower_1,127,vehicle.mercedes.coupe_2020,follower,-4,left,0,[0],164.25513804761738,-201.74618887498036,32.057875279396974,-0.5019860107921897,ego,30.55149386129448,32.06428380324781,32.0,0.868232
1313,0.6500000000000001,true_threat,DREAM,follower_2,128,vehicle.mercedes.coupe_2020,follower,-4,left,0,[0],128.80561173397888,-201.7452358745691,31.433358376340635,-0.5743945503381582,follower_1,30.744713819981897,31.398979727801514,31.306896,0.898137
1313,0.6500000000000001,true_threat,DREAM,follower_3,129,vehicle.audi.a2,follower,-4,left,0,[0],90.05260531632202,-201.75056729563016,28.60650406817929,-0.6647493029148547,follower_2,34.42216126661043,28.653350358070774,30.535483,0.93041
1313,0.6500000000000001,true_threat,DREAM,follower_4,130,vehicle.mercedes.coupe_2020,follower,-4,left,0,[0],53.487033483422664,-201.74268606302897,29.98039895984399,-0.6833770793894267,follower_3,32.44486838057949,29.881006126850405,29.801881,1.027143
1314,0.7000000000000001,true_threat,DREAM,occluder,121,vehicle.carlamotors.firetruck,occluder,-5,centre,1,[1],205.92659512074243,-205.2552429164732,18.690572153387205,0.024414026961731557,lead_centre,117.0860367095327,18.683664691411614,18.42783,1.163254
1314,0.7000000000000001,true_threat,DREAM,lead_left,123,vehicle.tesla.model3,leader,-4,left,0,[0],329.975638368948,-201.7496372232662,23.776189528179465,-0.1300046354835726,,,23.788465369741168,24.333146,0.877731
1314,0.7000000000000001,true_threat,DREAM,lead_centre,124,vehicle.nissan.patrol_2021,leader,-5,centre,1,[1],330.14904321533686,-205.2500818115981,21.053586059757095,-1.432037506884989,,,21.11038065420599,20.102401,0.907738
1314,0.7000000000000001,true_threat,DREAM,lead_right,125,vehicle.tesla.model3,leader,-6,right,2,[2],332.96826098454295,-208.74988320572442,23.23754643015459,-0.09967794945606996,,,23.249783505430997,23.765983,1.0518
1314,0.7000000000000001,true_threat,DREAM,rear_centre,126,vehicle.nissan.patrol_2021,follower,-5,centre,1,[1],184.30015775332646,-205.25001680710827,18.9206897274053,-1.2530139088653622,occluder,14.622228050223729,18.868133795563928,20.0,0.888602
1314,0.7000000000000001,true_threat,DREAM,follower_1,127,vehicle.mercedes.coupe_2020,follower,-4,left,0,[0],165.85709626156378,-201.7429415765199,32.027207124687095,-0.6132903723504797,ego,30.62229522663364,32.03918627466168,32.0,0.868232
1314,0.7000000000000001,true_threat,DREAM,follower_2,128,vehicle.mercedes.coupe_2020,follower,-4,left,0,[0],130.37622843345235,-201.7421060794946,31.399033313213053,-0.6864187224791369,follower_1,30.77588749299032,31.370940639436242,31.306896,0.898137
1314,0.7000000000000001,true_threat,DREAM,follower_3,129,vehicle.audi.a2,follower,-4,left,0,[0],91.4819572063634,-201.75056796725687,28.57512245328817,-0.6276322964543505,follower_2,34.563502271080935,28.620378763787297,30.535483,0.93041
1314,0.7000000000000001,true_threat,DREAM,follower_4,130,vehicle.mercedes.coupe_2020,follower,-4,left,0,[0],54.98483522490528,-201.73952007291732,29.940474662471935,-0.7983605049982991,follower_3,32.376067686323424,29.846935338484208,29.801881,1.027143
1315,0.7500000000000001,true_threat,DREAM,occluder,121,vehicle.carlamotors.firetruck,occluder,-5,centre,1,[1],206.86116551420142,-205.2553208253096,18.6912282757079,0.013122444278834099,lead_centre,117.20551298450223,18.6848139587368,18.42783,1.163254
1315,0.7500000000000001,true_threat,DREAM,lead_left,123,vehicle.tesla.model3,leader,-4,left,0,[0],331.16423709917035,-201.74972002551812,23.769899101513438,-0.1258085316164293,,,23.782030991191693,24.333146,0.877731
1315,0.7500000000000001,true_threat,DREAM,lead_centre,124,vehicle.nissan.patrol_2021,leader,-5,centre,1,[1],331.19939725702704,-205.25001341042673,20.977936794596452,-1.512985303131593,,,21.039888123744454,20.102401,0.907738
1315,0.7500000000000001,true_threat,DREAM,lead_right,125,vehicle.tesla.model3,leader,-6,right,2,[2],334.1300042111402,-208.74986835794348,23.23278378483573,-0.09525290603225042,,,23.244866355765023,23.765983,1.0518
1315,0.7500000000000001,true_threat,DREAM,rear_centre,126,vehicle.nissan.patrol_2021,follower,-5,centre,1,[1],185.244158046645,-205.24999994628533,18.85408509957304,-1.3320925519382758,occluder,14.609502257323822,18.810967753816893,20.0,0.888602
1315,0.7500000000000001,true_threat,DREAM,follower_1,127,vehicle.mercedes.coupe_2020,follower,-4,left,0,[0],167.45734559534242,-201.74000003682653,31.99135856834643,-0.716877222447825,ego,30.692302874718273,32.00852870201705,32.0,0.868232
1315,0.7500000000000001,true_threat,DREAM,follower_2,128,vehicle.mercedes.coupe_2020,follower,-4,left,0,[0],131.94498365967087,-201.7392668364528,31.359507100817634,-0.790420666001849,follower_1,30.807229007463256,31.33738226736066,31.306896,0.898137
1315,0.7500000000000001,true_threat,DREAM,follower_3,129,vehicle.audi.a2,follower,-4,left,0,[0],92.9121635885426,-201.75056834738177,28.633376692431934,1.165084784163842,follower_2,34.70476708051301,28.589216866248343,30.535483,0.93041
1315,0.7500000000000001,true_threat,DREAM,follower_4,130,vehicle.mercedes.coupe_2020,follower,-4,left,0,[0],56.48045509501907,-201.73675155566883,29.89520689508415,-0.9052070989256232,follower_3,32.307617834882194,29.80760887367545,29.801881,1.027143
1316,0.8,true_threat,DREAM,occluder,121,vehicle.carlamotors.firetruck,occluder,-5,centre,1,[1],207.79573590245502,-205.25538347535786,18.691310282325166,0.0016401287445862336,lead_centre,117.32129663273349,18.68540530363033,18.42783,1.163254
1316,0.8,true_threat,DREAM,lead_left,123,vehicle.tesla.model3,leader,-4,left,0,[0],332.3525001360528,-201.74980294228862,23.763377880177323,-0.13042442601149565,,,23.775804240939483,24.333146,0.877731
1316,0.8,true_threat,DREAM,lead_centre,124,vehicle.nissan.patrol_2021,leader,-5,centre,1,[1],332.24584505415,-205.24996160062307,20.897913983291144,-1.6004562278857797,,,20.9653986786723,20.102401,0.907738
1316,0.8,true_threat,DREAM,lead_right,125,vehicle.tesla.model3,leader,-6,right,2,[2],335.2915033023321,-208.74986885223697,23.227815146363948,-0.09937276905903948,,,23.240167454991134,23.765983,1.0518
1316,0.8,true_threat,DREAM,rear_centre,126,vehicle.nissan.patrol_2021,follower,-5,centre,1,[1],186.1847098538361,-205.24998426188026,18.78338348896842,-1.4140322085796198,occluder,14.600072357464242,18.750085695523815,20.0,0.888602
1316,0.8,true_threat,DREAM,follower_1,127,vehicle.mercedes.coupe_2020,follower,-4,left,0,[0],169.05570294870054,-201.737379577153,31.95077457777674,-0.8115666109637826,ego,30.761333663652564,31.972701962100228,32.0,0.868232
1316,0.8,true_threat,DREAM,follower_2,128,vehicle.mercedes.coupe_2020,follower,-4,left,0,[0],133.51160277526893,-201.7367792742935,31.315230427867384,-0.8854113772828452,follower_1,30.838723115023328,31.298698239637027,31.306896,0.898137
1316,0.8,true_threat,DREAM,follower_3,129,vehicle.audi.a2,follower,-4,left,0,[0],94.34624570291814,-201.75056740533793,28.697185131352402,1.2761687795062366,follower_2,34.84331592455236,28.646616211990047,30.535483,0.93041
1316,0.8,true_threat,DREAM,follower_4,130,vehicle.mercedes.coupe_2020,follower,-4,left,0,[0],57.97367946552416,-201.73436532537073,29.84506548303406,-1.0026621710639796,follower_3,32.2422043469476,29.767888901905064,29.801881,1.027143
1317,0.8500000000000001,true_threat,DREAM,occluder,121,vehicle.carlamotors.firetruck,occluder,-5,centre,1,[1],208.73030629591398,-205.25546138419426,18.690808636595186,-0.010032919554246024,lead_centre,117.43317404160284,18.685428960183962,18.42783,1.163254
1317,0.8500000000000001,true_threat,DREAM,lead_left,123,vehicle.tesla.model3,leader,-4,left,0,[0],333.54045799717176,-201.74988596316686,23.75627872759521,-0.14198305171579115,,,23.76934897894546,24.333146,0.877731
1317,0.8500000000000001,true_threat,DREAM,lead_centre,124,vehicle.nissan.patrol_2021,leader,-5,centre,1,[1],333.2881729732604,-205.24989593748623,20.813025529371075,-1.6977690808092558,,,20.886589159694605,20.102401,0.907738
1317,0.8500000000000001,true_threat,DREAM,lead_right,125,vehicle.tesla.model3,leader,-6,right,2,[2],336.4526972177605,-208.74986945063822,23.22227430288654,-0.11081686920837716,,,23.235265276363705,23.765983,1.0518
1317,0.8500000000000001,true_threat,DREAM,rear_centre,126,vehicle.nissan.patrol_2021,follower,-5,centre,1,[1],187.12156902908356,-205.24995457839114,18.707060923372662,-1.526451309427011,occluder,14.594090938526737,18.68533027264495,20.0,0.888602
1317,0.8500000000000001,true_threat,DREAM,follower_1,127,vehicle.mercedes.coupe_2020,follower,-4,left,0,[0],170.65186316669624,-201.73514133675985,31.90594391315855,-0.8964839557925155,ego,30.829418074575152,31.93214656871699,32.0,0.868232
1317,0.8500000000000001,true_threat,DREAM,follower_2,128,vehicle.mercedes.coupe_2020,follower,-4,left,0,[0],135.07590267478835,-201.7346434554813,31.266699665859377,-0.9704785118640311,follower_1,30.87046135278341,31.255331727383297,31.306896,0.898137
1317,0.8500000000000001,true_threat,DREAM,follower_3,129,vehicle.audi.a2,follower,-4,left,0,[0],95.78252508279083,-201.7505657137181,28.729886620801285,0.6540297897172296,follower_2,34.97585292577486,28.709398399189713,30.535483,0.93041
1317,0.8500000000000001,true_threat,DREAM,follower_4,130,vehicle.mercedes.coupe_2020,follower,-4,left,0,[0],59.46427947021408,-201.73240723646842,29.790560142476277,-1.0899287403091364,follower_3,32.183062090818055,29.72384182293276,29.801881,1.027143
1318,0.9000000000000001,true_threat,DREAM,occluder,121,vehicle.carlamotors.firetruck,occluder,-5,centre,1,[1],209.66487668416758,-205.2555240342425,18.68971952394102,-0.02178225917071186,lead_centre,117.54093156725422,18.684875001978487,18.42783,1.163254
1318,0.9000000000000001,true_threat,DREAM,lead_left,123,vehicle.tesla.model3,leader,-4,left,0,[0],334.72804964737463,-201.74996910897448,23.748397556158167,-0.15762342946256622,,,23.762321569522985,24.333146,0.877731
1318,0.9000000000000001,true_threat,DREAM,lead_centre,124,vehicle.nissan.patrol_2021,leader,-5,centre,1,[1],334.3261979141056,-205.24983174226904,20.72497278807707,-1.7610548277688347,,,20.802972624816384,20.102401,0.907738
1318,0.9000000000000001,true_threat,DREAM,lead_right,125,vehicle.tesla.model3,leader,-6,right,2,[2],337.61364698737265,-208.74985487353752,23.21594000205472,-0.12668601631966364,,,23.22979849618601,23.765983,1.0518
1318,0.9000000000000001,true_threat,DREAM,rear_centre,126,vehicle.nissan.patrol_2021,follower,-5,centre,1,[1],188.0544609194056,-205.2499262483031,18.62667570792659,-1.6077043078609357,occluder,14.591802156738265,18.615274597864214,20.0,0.888602
1318,0.9000000000000001,true_threat,DREAM,follower_1,127,vehicle.mercedes.coupe_2020,follower,-4,left,0,[0],172.24567365103698,-201.7332548501246,31.857364771344457,-0.9714415847080927,ego,30.896495015074045,31.887341292858498,32.0,0.868232
1318,0.9000000000000001,true_threat,DREAM,follower_2,128,vehicle.mercedes.coupe_2020,follower,-4,left,0,[0],136.6376392228238,-201.73287472209063,31.214428236312457,-1.045281755812797,follower_1,30.902321671259685,31.20777005749993,31.306896,0.898137
1318,0.9000000000000001,true_threat,DREAM,follower_3,129,vehicle.audi.a2,follower,-4,left,0,[0],97.21930800267327,-201.75056385032042,28.732413854073055,0.050544665914102414,follower_2,35.1038734454216,28.74138656983755,30.535483,0.93041
1318,0.9000000000000001,true_threat,DREAM,follower_4,130,vehicle.mercedes.coupe_2020,follower,-4,left,0,[0],60.952056739637214,-201.73086209784375,29.732219493525992,-1.1666293356306257,follower_3,32.12874146600082,29.67411951966055,29.801881,1.027143
1319,0.9500000000000001,true_threat,DREAM,occluder,121,vehicle.carlamotors.firetruck,occluder,-5,centre,1,[1],210.5992334545921,-205.25560201595437,18.688031501224746,-0.033760460904613064,lead_centre,117.64438611984582,18.68374078508874,18.42783,1.163254
1319,0.9500000000000001,true_threat,DREAM,lead_left,123,vehicle.tesla.model3,leader,-4,left,0,[0],335.915183518316,-201.7500066345792,23.73971720027558,-0.1736071182621379,,,23.75451996893166,24.333146,0.877731
1319,0.9500000000000001,true_threat,DREAM,lead_centre,124,vehicle.nissan.patrol_2021,leader,-5,centre,1,[1],335.359706253651,-205.24976908784694,20.635256842886125,-1.794318903898291,,,20.716222872242195,20.102401,0.907738
1319,0.9500000000000001,true_threat,DREAM,lead_right,125,vehicle.tesla.model3,leader,-6,right,2,[2],338.77423055127406,-208.74985568015433,23.20877600508012,-0.14327993913915182,,,23.22354879971184,23.765983,1.0518
1319,0.9500000000000001,true_threat,DREAM,rear_centre,126,vehicle.nissan.patrol_2021,follower,-5,centre,1,[1],188.98332448964956,-205.24989929243773,18.544056990049448,-1.6523743575777088,occluder,14.593480654669804,18.541313418323213,20.0,0.888602
1319,0.9500000000000001,true_threat,DREAM,follower_1,127,vehicle.mercedes.coupe_2020,follower,-4,left,0,[0],173.83698180863567,-201.73170491051295,31.805550489946327,-1.0361371706793396,ego,30.962381364074986,31.838771308375158,32.0,0.868232
1319,0.9500000000000001,true_threat,DREAM,follower_2,128,vehicle.mercedes.coupe_2020,follower,-4,left,0,[0],138.19665984190425,-201.73150364375172,31.158931343956375,-1.109785990719419,follower_1,30.934395607564994,31.156518013063724,31.306896,0.898137
1319,0.9500000000000001,true_threat,DREAM,follower_3,129,vehicle.audi.a2,follower,-4,left,0,[0],98.65526694799428,-201.75056226801374,28.709119401512446,-0.46588905097616534,follower_2,35.2288270735746,28.743556411326075,30.535483,0.93041
1319,0.9500000000000001,true_threat,DREAM,follower_4,130,vehicle.mercedes.coupe_2020,follower,-4,left,0,[0],62.436782391970894,-201.72972998757757,29.67058152156911,-1.2325766038012584,follower_3,32.07774711646013,29.619313797295987,29.801881,1.027143
1320,1.0,true_threat,DREAM,occluder,121,vehicle.carlamotors.firetruck,occluder,-5,centre,1,[1],211.53362072177146,-205.25561895210274,18.68574266033362,-0.045776824801615164,lead_centre,117.74353768896674,18.68201614445122,18.42783,1.163254
1320,1.0,true_threat,DREAM,lead_left,123,vehicle.tesla.model3,leader,-4,left,0,[0],337.10189012757235,-201.7499985295703,23.730382619747196,-0.18669161014845229,,,23.745927161089572,24.333146,0.877731
1320,1.0,true_threat,DREAM,lead_centre,124,vehicle.nissan.patrol_2021,leader,-5,centre,1,[1],336.38869799189683,-205.24970797421994,20.544890496615977,-1.8073269223513815,,,20.627817555631836,20.102401,0.907738
1320,1.0,true_threat,DREAM,lead_right,125,vehicle.tesla.model3,leader,-6,right,2,[2],339.9344173814775,-208.74984136332307,23.200904381425044,-0.1574324727747715,,,23.216480405551376,23.765983,1.0518
1320,1.0,true_threat,DREAM,rear_centre,126,vehicle.nissan.patrol_2021,follower,-5,centre,1,[1],189.90797663435734,-205.24987377325965,18.460131741160524,-1.6785049784918435,occluder,14.598973854850389,18.46509968676872,20.0,0.888602
1320,1.0,true_threat,DREAM,follower_1,127,vehicle.mercedes.coupe_2020,follower,-4,left,0,[0],175.42560456006112,-201.73056787433046,31.751016193537758,-1.0905351760907807,ego,31.026955020040262,31.786935831167234,32.0,0.868232
1320,1.0,true_threat,DREAM,follower_2,128,vehicle.mercedes.coupe_2020,follower,-4,left,0,[0],139.7529034812609,-201.73048446492157,31.100735508822908,-1.1637649442806288,follower_1,30.966683146083213,31.102082349496367,31.306896,0.898137
1320,1.0,true_threat,DREAM,follower_3,129,vehicle.audi.a2,follower,-4,left,0,[0],100.08931854479347,-201.75056133638068,28.666299420279003,-0.8563996245132487,follower_2,35.35188874733405,28.72023392933014,30.535483,0.93041
1320,1.0,true_threat,DREAM,follower_4,130,vehicle.mercedes.coupe_2020,follower,-4,left,0,[0],63.918349610492584,-201.72899568331943,29.606195496130958,-1.2875444697559042,follower_3,32.028980409447456,29.560173032767196,29.801881,1.027143
1321,1.05,true_threat,DREAM,occluder,121,vehicle.carlamotors.firetruck,occluder,-5,centre,1,[1],212.46779435030015,-205.25559018476204,18.682845375306535,-0.057945706419254596,lead_centre,117.83814216003319,18.679699971120066,18.42783,1.163254
1321,1.05,true_threat,DREAM,lead_left,123,vehicle.tesla.model3,leader,-4,left,0,[0],338.28804741524897,-201.74997535316723,23.72062651427628,-0.1951221075147179,,,23.73668661985447,24.333146,0.877731
1321,1.05,true_threat,DREAM,lead_centre,124,vehicle.nissan.patrol_2021,leader,-5,centre,1,[1],337.4131731340483,-205.24966366017622,20.45464622461821,-1.804885432727458,,,20.538754171010467,20.102401,0.907738
1321,1.05,true_threat,DREAM,lead_right,125,vehicle.tesla.model3,leader,-6,right,2,[2],341.09423800597017,-208.74984243020933,23.192542569688065,-0.16723623437321333,,,23.20871372588631,23.765983,1.0518
1321,1.05,true_threat,DREAM,rear_centre,126,vehicle.nissan.patrol_2021,follower,-5,centre,1,[1],190.82841735873427,-205.2498649495571,18.375754453365477,-1.6875457568397572,occluder,14.60870897732196,18.38747829369132,20.0,0.888602
1321,1.05,true_threat,DREAM,follower_1,127,vehicle.mercedes.coupe_2020,follower,-4,left,0,[0],177.01141981418635,-201.72978274806755,31.694265446860456,-1.134866826058284,ego,31.090032809841688,31.732217570088466,32.0,0.868232
1321,1.05,true_threat,DREAM,follower_2,128,vehicle.mercedes.coupe_2020,follower,-4,left,0,[0],141.30609548791193,-201.7298325380854,31.04035377699668,-1.2074877760070368,follower_1,30.999062258152023,31.044980328726794,31.306896,0.898137
1321,1.05,true_threat,DREAM,follower_3,129,vehicle.audi.a2,follower,-4,left,0,[0],101.52077614760299,-201.75056128966372,28.610332084938012,-1.1193467067381817,follower_2,35.47408078989149,28.67764177807427,30.535483,0.93041
1321,1.05,true_threat,DREAM,follower_4,130,vehicle.mercedes.coupe_2020,follower,-4,left,0,[0],65.39665158368499,-201.72865922150703,29.539591471624743,-1.3319163943843224,follower_3,31.98146478772496,29.497528102313773,29.801881,1.027143
1322,1.1,true_threat,DREAM,occluder,121,vehicle.carlamotors.firetruck,occluder,-5,centre,1,[1],213.40181539094715,-205.25556146947525,18.67933964817971,-0.07011454635959717,lead_centre,117.92844367365593,18.676785430849698,18.42783,1.163254
1322,1.1,true_threat,DREAM,lead_left,123,vehicle.tesla.model3,leader,-4,left,0,[0],339.4737469444858,-201.74996759171398,23.71073880078104,-0.19775426641691812,,,23.72702868170977,24.333146,0.877731
1322,1.1,true_threat,DREAM,lead_centre,124,vehicle.nissan.patrol_2021,leader,-5,centre,1,[1],338.43322322242375,-205.2496055969071,20.365180154023687,-1.7893213998752064,,,20.449794054843803,20.102401,0.907738
1322,1.1,true_threat,DREAM,lead_right,125,vehicle.tesla.model3,leader,-6,right,2,[2],342.2536008668176,-208.74984365325724,23.183957597864648,-0.17169943611758998,,,23.200463276355865,23.765983,1.0518
1322,1.1,true_threat,DREAM,rear_centre,126,vehicle.nissan.patrol_2021,follower,-5,centre,1,[1],191.7446161295879,-205.2498270553763,18.29152021840332,-1.6846846998865517,occluder,14.622441881473726,18.30922783574961,20.0,0.888602
1322,1.1,true_threat,DREAM,follower_1,127,vehicle.mercedes.coupe_2020,follower,-4,left,0,[0],178.59439706384586,-201.7293800597113,31.635782628363422,-1.1695153087944912,ego,31.151004558935533,31.67510655883613,32.0,0.868232
1322,1.1,true_threat,DREAM,follower_2,128,vehicle.mercedes.coupe_2020,follower,-4,left,0,[0],142.8562053494864,-201.72956313244214,30.97829908703277,-1.2409560782369438,follower_1,31.031685505626243,30.985717194855702,31.306896,0.898137
1322,1.1,true_threat,DREAM,follower_3,129,vehicle.audi.a2,follower,-4,left,0,[0],102.94916673398939,-201.75056228922992,28.546746799316203,-1.271705712393136,follower_2,35.59581519373301,28.622072456937694,30.535483,0.93041
1322,1.1,true_threat,DREAM,follower_4,130,vehicle.mercedes.coupe_2020,follower,-4,left,0,[0],66.87152045967281,-201.72870540061152,29.47130320244792,-1.3656174101776826,follower_3,31.934620417342074,29.432183360829285,29.801881,1.027143
1323,1.1500000000000001,true_threat,DREAM,occluder,121,vehicle.carlamotors.firetruck,occluder,-5,centre,1,[1],214.3356838437124,-205.25553280624231,18.67521975635337,-0.0823978382885499,lead_centre,118.01447272138444,18.673273121501747,18.42783,1.163254
1323,1.1500000000000001,true_threat,DREAM,lead_left,123,vehicle.tesla.model3,leader,-4,left,0,[0],340.65895818729564,-201.74994473804503,23.70099413725107,-0.19489326564164725,,,23.717240336287848,24.333146,0.877731
1323,1.1500000000000001,true_threat,DREAM,lead_centre,124,vehicle.nissan.patrol_2021,leader,-5,centre,1,[1],339.44878722707585,-205.24954906402226,20.27706067537815,-1.762389555292562,,,20.36158439903635,20.102401,0.907738
1323,1.1500000000000001,true_threat,DREAM,lead_right,125,vehicle.tesla.model3,leader,-6,right,2,[2],343.41253647639076,-208.74982976326785,23.175412679382397,-0.17089836935719585,,,23.191992513526845,23.765983,1.0518
1323,1.1500000000000001,true_threat,DREAM,rear_centre,126,vehicle.nissan.patrol_2021,follower,-5,centre,1,[1],192.6566950328398,-205.24980582543864,18.20805655490571,-1.6692732700638793,occluder,14.640264151267068,18.23089969241273,20.0,0.888602
1323,1.1500000000000001,true_threat,DREAM,follower_1,127,vehicle.mercedes.coupe_2020,follower,-4,left,0,[0],180.17435318796532,-201.7293140953619,31.576053929355655,-1.1944437938955614,ego,31.20953460521426,31.616121161350794,32.0,0.868232
1323,1.1500000000000001,true_threat,DREAM,follower_2,128,vehicle.mercedes.coupe_2020,follower,-4,left,0,[0],144.40320253799723,-201.72964574082621,30.915046139365945,-1.2649339036038592,follower_1,31.06455289371125,30.924797043535197,31.306896,0.898137
1323,1.1500000000000001,true_threat,DREAM,follower_3,129,vehicle.audi.a2,follower,-4,left,0,[0],104.3743071984946,-201.75056439754394,28.479943816366358,-1.3360596589559846,follower_2,35.717534468921095,28.558978591636567,30.535483,0.93041
1323,1.1500000000000001,true_threat,DREAM,follower_4,130,vehicle.mercedes.coupe_2020,follower,-4,left,0,[0],68.34298674562166,-201.7291036926457,29.401847192422835,-1.3889912690345945,follower_3,31.88814212774065,29.364900547375655,29.801881,1.027143
1324,1.2000000000000002,true_threat,DREAM,occluder,121,vehicle.carlamotors.firetruck,occluder,-5,centre,1,[1],215.26927764870123,-205.25553475428276,18.67048379144102,-0.09471929814718874,lead_centre,118.09616827327132,18.669157990061407,18.42783,1.163254
1324,1.2000000000000002,true_threat,DREAM,lead_left,123,vehicle.tesla.model3,leader,-4,left,0,[0],341.8437116716656,-201.7499372993259,23.69162713009578,-0.1873401377581371,,,23.70759348167554,24.333146,0.877731
1324,1.2000000000000002,true_threat,DREAM,lead_centre,124,vehicle.nissan.patrol_2021,leader,-5,centre,1,[1],340.46004824825735,-205.24947874026896,20.190814215879325,-1.7249291670849873,,,20.274686343199214,20.102401,0.907738
1324,1.2000000000000002,true_threat,DREAM,lead_right,125,vehicle.tesla.model3,leader,-6,right,2,[2],344.5710753626767,-208.7498312674068,23.167134790442855,-0.16555777858786175,,,23.183561145277125,23.765983,1.0518
1324,1.2000000000000002,true_threat,DREAM,rear_centre,126,vehicle.nissan.patrol_2021,follower,-5,centre,1,[1],193.56462354570817,-205.24978601136675,18.125811689525264,-1.6448973069173518,occluder,14.662053700780422,18.153079495135135,20.0,0.888602
1324,1.2000000000000002,true_threat,DREAM,follower_1,127,vehicle.mercedes.coupe_2020,follower,-4,left,0,[0],181.7513492112867,-201.72955431662143,31.515544484293308,-1.2100725448656662,ego,31.26556195516831,31.55576932099939,32.0,0.868232
1324,1.2000000000000002,true_threat,DREAM,follower_2,128,vehicle.mercedes.coupe_2020,follower,-4,left,0,[0],145.94702600267547,-201.73003460769468,30.85108482410896,-1.2791164893370397,follower_1,31.097511829319927,30.862687233114,31.306896,0.898137
1324,1.2000000000000002,true_threat,DREAM,follower_3,129,vehicle.audi.a2,follower,-4,left,0,[0],105.79612124717777,-201.7505676406327,28.413156092120914,-1.3357544848636225,follower_2,35.83939119292668,28.49270003750668,30.535483,0.93041
1324,1.2000000000000002,true_threat,DREAM,follower_4,130,vehicle.mercedes.coupe_2020,follower,-4,left,0,[0],69.81095887318634,-201.72980835247742,29.3317131897673,-1.4025718417605515,follower_3,31.84181630629702,29.29636937011848,29.801881,1.027143
1325,1.2500000000000002,true_threat,DREAM,occluder,121,vehicle.carlamotors.firetruck,occluder,-5,centre,1,[1],216.20265782024487,-205.25550625762227,18.66513556819355,-0.10696446319472688,lead_centre,118.17383548946395,18.66443873226008,18.42783,1.163254
1325,1.2500000000000002,true_threat,DREAM,lead_left,123,vehicle.tesla.model3,leader,-4,left,0,[0],343.0280379099667,-201.74993000635766,23.682796088274216,-0.17662083086259736,,,23.698320379183023,24.333146,0.877731
1325,1.2500000000000002,true_threat,DREAM,lead_centre,124,vehicle.nissan.patrol_2021,leader,-5,centre,1,[1],341.46703683998226,-205.24950142675354,20.106929058083317,-1.6777031269654552,,,20.18962002381973,20.102401,0.907738
1325,1.2500000000000002,true_threat,DREAM,lead_right,125,vehicle.tesla.model3,leader,-6,right,2,[2],345.72918699768843,-208.7498176585084,23.15928796225564,-0.15693656341649861,,,23.17539313840565,23.765983,1.0518
1325,1.2500000000000002,true_threat,DREAM,rear_centre,126,vehicle.nissan.patrol_2021,follower,-5,centre,1,[1],194.4684932209221,-205.24976758192832,18.045369269728432,-1.6088483943541745,occluder,14.687718992900901,18.076192520479168,20.0,0.888602
1325,1.2500000000000002,true_threat,DREAM,follower_1,127,vehicle.mercedes.coupe_2020,follower,-4,left,0,[0],183.32529359149174,-201.73013127229856,31.454704115828925,-1.216706844992344,ego,31.318598395246127,31.494525933070847,32.0,0.868232
1325,1.2500000000000002,true_threat,DREAM,follower_2,128,vehicle.mercedes.coupe_2020,follower,-4,left,0,[0],147.4876452155341,-201.73069922588192,30.786872562172,-1.284152218264288,follower_1,31.130684387963043,30.79987008104045,31.306896,0.898137
1325,1.2500000000000002,true_threat,DREAM,follower_3,129,vehicle.audi.a2,follower,-4,left,0,[0],107.21470043276788,-201.75057198726395,28.348559911413034,-1.2919236141010302,follower_2,35.961400608921785,28.42642756212635,30.535483,0.93041
1325,1.2500000000000002,true_threat,DREAM,follower_4,130,vehicle.mercedes.coupe_2020,follower,-4,left,0,[0],71.2754215783732,-201.7308041265239,29.261371851743654,-1.4067396475207374,follower_3,31.7956582274155,29.227199900926408,29.801881,1.027143
1326,1.3,true_threat,DREAM,occluder,121,vehicle.carlamotors.firetruck,occluder,-5,centre,1,[1],217.135732816025,-205.25547786506957,18.659175087511205,-0.11920961065393967,lead_centre,118.24744390964526,18.65911964210685,18.42783,1.163254
1326,1.3,true_threat,DREAM,lead_left,123,vehicle.tesla.model3,leader,-4,left,0,[0],344.21196741456987,-201.74990758994136,23.674583029393823,-0.16426117425801526,,,23.68957776700236,24.333146,0.877731
1326,1.3,true_threat,DREAM,lead_centre,124,vehicle.nissan.patrol_2021,leader,-5,centre,1,[1],342.4699360868872,-205.2495560258587,20.02525260888022,-1.6335289530908805,,,20.106868279351175,20.102401,0.907738
1326,1.3,true_threat,DREAM,lead_right,125,vehicle.tesla.model3,leader,-6,right,2,[2],346.88693242698935,-208.74981943332753,23.15194848913094,-0.14678946230317574,,,23.167650361625853,23.765983,1.0518
1326,1.3,true_threat,DREAM,rear_centre,126,vehicle.nissan.patrol_2021,follower,-5,centre,1,[1],195.36839561121064,-205.24975050589097,17.96704019424246,-1.566581507086706,occluder,14.717229489230608,18.000796696919675,20.0,0.888602
1326,1.3,true_threat,DREAM,follower_1,127,vehicle.mercedes.coupe_2020,follower,-4,left,0,[0],184.89618630775882,-201.73098392724063,31.393963539562666,-1.2147279155252961,ego,31.368643982707006,31.43284355301056,32.0,0.868232
1326,1.3,true_threat,DREAM,follower_2,128,vehicle.mercedes.coupe_2020,follower,-4,left,0,[0],149.025060176573,-201.73163959538797,30.722851498316203,-1.2803455686365135,follower_1,31.164009555309455,30.736795971844078,31.306896,0.898137
1326,1.3,true_threat,DREAM,follower_3,129,vehicle.audi.a2,follower,-4,left,0,[0],108.63019734314675,-201.7505773853837,28.28747325216959,-1.221733184794502,follower_2,36.08344063619027,28.362311060310315,30.535483,0.93041
1326,1.3,true_threat,DREAM,follower_4,130,vehicle.mercedes.coupe_2020,follower,-4,left,0,[0],72.7363748455661,-201.73204523842062,29.19130169765132,-1.4013336349550694,follower_3,31.74977470781876,29.157934766510568,29.801881,1.027143
1327,1.35,true_threat,DREAM,occluder,121,vehicle.carlamotors.firetruck,occluder,-5,centre,1,[1],218.0684721184653,-205.25544958703543,18.65260616412212,-0.13137846396346423,lead_centre,118.31726816077003,18.653200711804942,18.42783,1.163254
1327,1.35,true_threat,DREAM,lead_left,123,vehicle.tesla.model3,leader,-4,left,0,[0],345.3954696783095,-201.7499005780641,23.667007026366054,-0.1515200564031106,,,23.681446860856873,24.333146,0.877731
1327,1.35,true_threat,DREAM,lead_centre,124,vehicle.nissan.patrol_2021,leader,-5,centre,1,[1],343.46880700850863,-205.24959674039835,19.94481211798856,-1.6088097873135112,,,20.02628185421369,20.102401,0.907738
1327,1.35,true_threat,DREAM,lead_right,125,vehicle.tesla.model3,leader,-6,right,2,[2],348.044311645374,-208.749821333076,23.14514498097068,-0.13607016317647305,,,23.160408116540747,23.765983,1.0518
1327,1.35,true_threat,DREAM,rear_centre,126,vehicle.nissan.patrol_2021,follower,-5,centre,1,[1],196.2644833096609,-205.249749989989,17.89145197945911,-1.511764292192337,occluder,14.750402094722219,17.92719723674488,20.0,0.888602
1327,1.35,true_threat,DREAM,follower_1,127,vehicle.mercedes.coupe_2020,follower,-4,left,0,[0],186.46405787245894,-201.73209701224863,31.333736300110694,-1.2044781472894908,ego,31.415546223366192,31.3711528630075,32.0,0.868232
1327,1.35,true_threat,DREAM,follower_2,128,vehicle.mercedes.coupe_2020,follower,-4,left,0,[0],150.55930138775244,-201.73280992943754,30.659444705983105,-1.2680770554891148,follower_1,31.197487310537625,30.673900497383954,31.306896,0.898137
1327,1.35,true_threat,DREAM,follower_3,129,vehicle.audi.a2,follower,-4,left,0,[0],110.04279508377242,-201.75058377252736,28.230538890866097,-1.1386872259706777,follower_2,36.205358686850325,28.30165444031928,30.535483,0.93041
1327,1.35,true_threat,DREAM,follower_4,130,vehicle.mercedes.coupe_2020,follower,-4,left,0,[0],74.19383392834787,-201.733516424174,29.121953956345273,-1.3869059979369125,follower_3,31.704318351004716,29.089083671930045,29.801881,1.027143
1328,1.4000000000000001,true_threat,DREAM,occluder,121,vehicle.carlamotors.firetruck,occluder,-5,centre,1,[1],219.00087572756578,-205.25542142351983,18.64543833486975,-0.1433565808542897,lead_centre,118.38339977995115,18.64668487875136,18.42783,1.163254
1328,1.4000000000000001,true_threat,DREAM,lead_left,123,vehicle.tesla.model3,leader,-4,left,0,[0],346.57860572592756,-201.74987843232802,23.660062358720666,-0.13889335052712795,,,23.673946562516477,24.333146,0.877731
1328,1.4000000000000001,true_threat,DREAM,lead_centre,124,vehicle.nissan.patrol_2021,leader,-5,centre,1,[1],344.46371065041,-205.24965406712724,19.866010037561924,-1.576041578182428,,,19.946901935318984,20.102401,0.907738
1328,1.4000000000000001,true_threat,DREAM,lead_right,125,vehicle.tesla.model3,leader,-6,right,2,[2],349.2013856827899,-208.74980807814407,23.138867900287934,-0.12554161375395342,,,23.153694653795696,23.765983,1.0518
1328,1.4000000000000001,true_threat,DREAM,rear_centre,126,vehicle.nissan.patrol_2021,follower,-5,centre,1,[1],197.1594723701572,-205.2497345900869,17.906481903314653,0.3005984810823475,occluder,14.787053698712256,17.856000851573686,20.0,0.888602
1328,1.4000000000000001,true_threat,DREAM,follower_1,127,vehicle.mercedes.coupe_2020,follower,-4,left,0,[0],188.0289998174996,-201.73340946093757,31.27442069465361,-1.186261653650061,ego,31.459061080720666,31.309865394952297,32.0,0.868232
1328,1.4000000000000001,true_threat,DREAM,follower_2,128,vehicle.mercedes.coupe_2020,follower,-4,left,0,[0],152.09039936664874,-201.73421021761982,30.597061933939845,-1.2476123105437282,follower_1,31.231117664058303,30.61160066828988,31.306896,0.898137
1328,1.4000000000000001,true_threat,DREAM,follower_3,129,vehicle.audi.a2,follower,-4,left,0,[0],111.45272253646755,-201.75059107061406,28.177897971280277,-1.0528183915860658,follower_2,36.327002157404095,28.24509552411127,30.535483,0.93041
1328,1.4000000000000001,true_threat,DREAM,follower_4,130,vehicle.mercedes.coupe_2020,follower,-4,left,0,[0],75.64785983584424,-201.73514136902162,29.053755752198185,-1.36393087163843,follower_3,31.65945700884862,29.021099060832835,29.801881,1.027143
1329,1.4500000000000002,true_threat,DREAM,occluder,121,vehicle.carlamotors.firetruck,occluder,-5,centre,1,[1],219.93291313616083,-205.25542390250993,18.63762963743866,-0.15617394422889846,lead_centre,118.44589981275209,18.639581939077004,18.42783,1.163254
1329,1.4500000000000002,true_threat,DREAM,lead_left,123,vehicle.tesla.model3,leader,-4,left,0,[0],347.76140608541124,-201.74987165989867,23.65371469425478,-0.12695328752810117,,,23.667071226980234,24.333146,0.877731
1329,1.4500000000000002,true_threat,DREAM,lead_centre,124,vehicle.nissan.patrol_2021,leader,-5,centre,1,[1],345.4547690776915,-205.24971270561414,19.789481512361945,-1.5305704771789634,,,19.86912645653438,20.102401,0.907738
1329,1.4500000000000002,true_threat,DREAM,lead_right,125,vehicle.tesla.model3,leader,-6,right,2,[2],350.3581240320713,-208.74981019651887,23.133088638601162,-0.1155852333904128,,,23.14750058078633,23.765983,1.0518
1329,1.4500000000000002,true_threat,DREAM,rear_centre,126,vehicle.nissan.patrol_2021,follower,-5,centre,1,[1],198.05351538578668,-205.24971951291886,17.85386961108985,-1.0522458399303176,occluder,14.824468247316421,17.870155134860397,20.0,0.888602
1329,1.4500000000000002,true_threat,DREAM,follower_1,127,vehicle.mercedes.coupe_2020,follower,-4,left,0,[0],189.59098162009903,-201.73490602493004,31.216382630975094,-1.160725437318424,ego,31.499066531313538,31.249377358246733,32.0,0.868232
1329,1.4500000000000002,true_threat,DREAM,follower_2,128,vehicle.mercedes.coupe_2020,follower,-4,left,0,[0],153.61841511718228,-201.73574888638421,30.536076730427112,-1.2196746983433544,follower_1,31.264961630202656,30.550300657652087,31.306896,0.898137
1329,1.4500000000000002,true_threat,DREAM,follower_3,129,vehicle.audi.a2,follower,-4,left,0,[0],112.86016280669021,-201.75059921717914,28.129416978997316,-0.9696198454938902,follower_2,36.448172683605264,28.192776938643323,30.535483,0.93041
1329,1.4500000000000002,true_threat,DREAM,follower_4,130,vehicle.mercedes.coupe_2020,follower,-4,left,0,[0],77.09854412598965,-201.73693530051932,28.987105424530277,-1.3329864164120726,follower_3,31.615358554047376,28.95438746288239,29.801881,1.027143
1330,1.5000000000000002,true_threat,DREAM,occluder,121,vehicle.carlamotors.firetruck,occluder,-5,centre,1,[1],220.86455380585258,-205.25539599926378,18.629143831703093,-0.16971611026370717,lead_centre,118.50492083143845,18.631851423295544,18.42783,1.163254
1330,1.5000000000000002,true_threat,DREAM,lead_left,123,vehicle.tesla.model3,leader,-4,left,0,[0],348.9439012691314,-201.7498649915771,23.647941144171895,-0.11547100066372144,,,23.660786881059202,24.333146,0.877731
1330,1.5000000000000002,true_threat,DREAM,lead_centre,124,vehicle.nissan.patrol_2021,leader,-5,centre,1,[1],346.4420433203002,-205.2497573762493,19.715743434240935,-1.474761539757211,,,19.793583289464248,20.102401,0.907738
1330,1.5000000000000002,true_threat,DREAM,lead_right,125,vehicle.tesla.model3,leader,-6,right,2,[2],351.51464875311285,-208.74979712898093,23.127782398069233,-0.10612481049474828,,,23.14179768394229,23.765983,1.0518
1330,1.5000000000000002,true_threat,DREAM,rear_centre,126,vehicle.nissan.patrol_2021,follower,-5,centre,1,[1],198.94240093101314,-205.24970619517225,17.701132953789298,-3.0547331409311624,occluder,14.862462640281986,17.82047478300748,20.0,0.888602
1330,1.5000000000000002,true_threat,DREAM,follower_1,127,vehicle.mercedes.coupe_2020,follower,-4,left,0,[0],191.15009481737016,-201.73654089662918,31.15998425044774,-1.127944244491293,ego,31.535532125238504,31.190053094077314,32.0,0.868232
1330,1.5000000000000002,true_threat,DREAM,follower_2,128,vehicle.mercedes.coupe_2020,follower,-4,left,0,[0],155.1434096797111,-201.73744117369733,30.476860800103854,-1.1843005425598945,follower_1,31.29892768226857,30.490368662945357,31.306896,0.898137
1330,1.5000000000000002,true_threat,DREAM,follower_3,129,vehicle.audi.a2,follower,-4,left,0,[0],114.26534477626302,-201.75060813414177,28.084802182276675,-0.892295934206683,follower_2,36.568748163916126,28.144569829097062,30.535483,0.93041
1330,1.5000000000000002,true_threat,DREAM,follower_4,130,vehicle.mercedes.coupe_2020,follower,-4,left,0,[0],78.54594779749907,-201.7387913863283,28.922376598243698,-1.2945663366743616,follower_3,31.572114534124637,28.88931550482816,29.801881,1.027143
1331,1.55,true_threat,DREAM,occluder,121,vehicle.carlamotors.firetruck,occluder,-5,centre,1,[1],221.79576722947542,-205.2553682417685,18.619982826839582,-0.18322009372037046,lead_centre,118.56055440435543,18.6234583825028,18.42783,1.163254
1331,1.55,true_threat,DREAM,lead_left,123,vehicle.tesla.model3,leader,-4,left,0,[0],350.12618282461165,-201.7498431373428,23.642711191137064,-0.10459906032250386,,,23.65507087842495,24.333146,0.877731
1331,1.55,true_threat,DREAM,lead_centre,124,vehicle.nissan.patrol_2021,leader,-5,centre,1,[1],347.4257164941051,-205.24981853414442,19.64527645437665,-1.4093395799707604,,,19.720783888122305,20.102401,0.907738
1331,1.55,true_threat,DREAM,lead_right,125,vehicle.tesla.model3,leader,-6,right,2,[2],352.6708683035963,-208.74979942433896,23.122933922222664,-0.09696951661859189,,,23.136561507560838,23.765983,1.0518
1331,1.55,true_threat,DREAM,rear_centre,126,vehicle.nissan.patrol_2021,follower,-5,centre,1,[1],199.82197861545308,-205.24969605271284,17.530833429163398,-3.4059904871877693,occluder,14.90521776474726,17.6759069965371,20.0,0.888602
1331,1.55,true_threat,DREAM,follower_1,127,vehicle.mercedes.coupe_2020,follower,-4,left,0,[0],192.70646147441295,-201.7382987756037,31.10554960531655,-1.0886794659321835,ego,31.568274793475197,31.132252525539897,32.0,0.868232
1331,1.55,true_threat,DREAM,follower_2,128,vehicle.mercedes.coupe_2020,follower,-4,left,0,[0],156.6655050985137,-201.73921074397524,30.41974966587357,-1.1422132318324283,follower_1,31.333046317010854,30.43217155082035,31.306896,0.898137
1331,1.55,true_threat,DREAM,follower_3,129,vehicle.audi.a2,follower,-4,left,0,[0],115.66837525670321,-201.75061778506424,28.04374077599179,-0.8212281254539278,follower_2,36.68856075687215,28.100187041108793,30.535483,0.93041
1331,1.55,true_threat,DREAM,follower_4,130,vehicle.mercedes.coupe_2020,follower,-4,left,0,[0],79.99020817946608,-201.7407095796001,28.85993155860404,-1.248897145107816,follower_3,31.529892832188025,28.82622036482293,29.801881,1.027143
1332,1.6,true_threat,DREAM,occluder,121,vehicle.carlamotors.firetruck,occluder,-5,centre,1,[1],222.72646185430034,-205.25534066125647,18.610159974257314,-0.1964570490724297,lead_centre,118.6130141545375,18.61440526871416,18.42783,1.163254
1332,1.6,true_threat,DREAM,lead_left,123,vehicle.tesla.model3,leader,-4,left,0,[0],351.30815920953387,-201.74983664600444,23.63801339088778,-0.09395600496121465,,,23.64989301820277,24.333146,0.877731
1332,1.6,true_threat,DREAM,lead_centre,124,vehicle.nissan.patrol_2021,leader,-5,centre,1,[1],348.4060022065244,-205.2498503300595,19.578498280685015,-1.3355634629617568,,,19.651204156626548,20.102401,0.907738
1332,1.6,true_threat,DREAM,lead_right,125,vehicle.tesla.model3,leader,-6,right,2,[2],353.82687423104534,-208.7498017925724,23.118539394706755,-0.08789055016823004,,,23.131777009342553,23.765983,1.0518
1332,1.6,true_threat,DREAM,rear_centre,126,vehicle.nissan.patrol_2021,follower,-5,centre,1,[1],200.69462881526715,-205.24970353228815,17.410521700720047,-2.4062345635504543,occluder,14.95685350393017,17.514029367704495,20.0,0.888602
1332,1.6,true_threat,DREAM,follower_1,127,vehicle.mercedes.coupe_2020,follower,-4,left,0,[0],194.2601731283403,-201.74013385425678,31.053385646771865,-1.043272917450275,ego,31.597263924750266,31.07630684989634,32.0,0.868232
1332,1.6,true_threat,DREAM,follower_2,128,vehicle.mercedes.coupe_2020,follower,-4,left,0,[0],158.18485394585565,-201.74101176879947,30.365054131172496,-1.093907027944157,follower_1,31.36731755525105,30.37604044258399,31.306896,0.898137
1332,1.6,true_threat,DREAM,follower_3,129,vehicle.audi.a2,follower,-4,left,0,[0],117.06946787104523,-201.7506280970711,28.005940935725935,-0.7559968050282214,follower_2,36.80762569523456,28.059322299944107,30.535483,0.93041
1332,1.6,true_threat,DREAM,follower_4,130,vehicle.mercedes.coupe_2020,follower,-4,left,0,[0],81.43141680900354,-201.74264407273785,28.800090713134903,-1.196816511051057,follower_3,31.488662930661206,28.76542716439523,29.801881,1.027143
1333,1.6500000000000001,true_threat,DREAM,occluder,121,vehicle.carlamotors.firetruck,occluder,-5,centre,1,[1],223.65666820310904,-205.25532850610506,18.599709605485327,-0.2090073735914654,lead_centre,118.66260524213193,18.604705706354085,18.42783,1.163254
1333,1.6500000000000001,true_threat,DREAM,lead_left,123,vehicle.tesla.model3,leader,-4,left,0,[0],352.4899219662163,-201.74981496875336,23.633855371823884,-0.08316038132958896,,,23.645241980808674,24.333146,0.877731
1333,1.6500000000000001,true_threat,DREAM,lead_centre,124,vehicle.nissan.patrol_2021,leader,-5,centre,1,[1],349.3830530662615,-205.24991374709336,19.515790385338363,-1.2541579001194143,,,19.5852580207875,20.102401,0.907738
1333,1.6500000000000001,true_threat,DREAM,lead_right,125,vehicle.tesla.model3,leader,-6,right,2,[2],354.9826970478308,-208.74978896448238,23.114600722712513,-0.07877343968498264,,,23.127440434661565,23.765983,1.0518
1333,1.6500000000000001,true_threat,DREAM,rear_centre,126,vehicle.nissan.patrol_2021,follower,-5,centre,1,[1],201.56163325825122,-205.24969767906916,17.300008020175337,-2.210273606416668,occluder,15.014897928941014,17.399221387604612,20.0,0.888602
1333,1.6500000000000001,true_threat,DREAM,follower_1,127,vehicle.mercedes.coupe_2020,follower,-4,left,0,[0],195.81138236182858,-201.74203082174634,31.003772692794254,-0.9922572433522264,ego,31.622377427936755,31.022531193936764,32.0,0.868232
1333,1.6500000000000001,true_threat,DREAM,follower_2,128,vehicle.mercedes.coupe_2020,follower,-4,left,0,[0],159.70154776405525,-201.74281369936134,30.313062177483445,-1.0398384753971575,follower_1,31.40168036183644,30.32228219443658,31.306896,0.898137
1333,1.6500000000000001,true_threat,DREAM,follower_3,129,vehicle.audi.a2,follower,-4,left,0,[0],118.46875994838265,-201.7506390233138,27.971194760525563,-0.6949235036768592,follower_2,36.9258819282345,28.021689845185758,30.535483,0.93041
1333,1.6500000000000001,true_threat,DREAM,follower_4,130,vehicle.mercedes.coupe_2020,follower,-4,left,0,[0],82.86969575121148,-201.74457956531023,28.743155478199654,-1.1387045896196648,follower_3,31.44854691546577,28.707224469062705,29.801881,1.027143
1334,1.7000000000000002,true_threat,DREAM,occluder,121,vehicle.carlamotors.firetruck,occluder,-5,centre,1,[1],224.58632523033808,-205.25530127955946,18.58865460883267,-0.22109993195209218,lead_centre,118.70944975306031,18.594393857432635,18.42783,1.163254
1334,1.7000000000000002,true_threat,DREAM,lead_left,123,vehicle.tesla.model3,leader,-4,left,0,[0],353.67153214022227,-201.74980860234433,23.630254301494848,-0.07202140658798294,,,23.641125328255704,24.333146,0.877731
1334,1.7000000000000002,true_threat,DREAM,lead_centre,124,vehicle.nissan.patrol_2021,leader,-5,centre,1,[1],350.357113198311,-205.24996292559527,19.457494180514953,-1.1659240948380543,,,19.52332373605282,20.102401,0.907738
1334,1.7000000000000002,true_threat,DREAM,lead_right,125,vehicle.tesla.model3,leader,-6,right,2,[2],356.13833676436366,-208.74979145764516,23.111136980920275,-0.06927483563336585,,,23.12355367583111,23.765983,1.0518
1334,1.7000000000000002,true_threat,DREAM,rear_centre,126,vehicle.nissan.patrol_2021,follower,-5,centre,1,[1],202.42424317024097,-205.24969332500217,17.22519037150766,-1.49635296899645,occluder,15.07809983476566,17.293445399302254,20.0,0.888602
1334,1.7000000000000002,true_threat,DREAM,follower_1,127,vehicle.mercedes.coupe_2020,follower,-4,left,0,[0],197.36015018400352,-201.7439133633099,30.956958696287302,-0.9362799144838702,ego,31.643615277007726,30.971213816315895,32.0,0.868232
1334,1.7000000000000002,true_threat,DREAM,follower_2,128,vehicle.mercedes.coupe_2020,follower,-4,left,0,[0],161.21570862862322,-201.74463175280596,30.264037055604422,-0.9805024447251982,follower_1,31.43619577712515,30.271181513380228,31.306896,0.898137
1334,1.7000000000000002,true_threat,DREAM,follower_3,129,vehicle.audi.a2,follower,-4,left,0,[0],119.86641933538539,-201.75065050653313,27.939383994751328,-0.6362153151076018,follower_2,37.04328366909665,27.98708660245428,30.535483,0.93041
1334,1.7000000000000002,true_threat,DREAM,follower_4,130,vehicle.mercedes.coupe_2020,follower,-4,left,0,[0],84.30524335471999,-201.74647021328272,28.68940445198537,-1.0750182603679614,follower_3,31.409560050595246,28.651886813603316,29.801881,1.027143
1335,1.7500000000000002,true_threat,DREAM,occluder,121,vehicle.carlamotors.firetruck,occluder,-5,centre,1,[1],225.51540242361648,-205.25527425081864,18.57703122472378,-0.23246768192981723,lead_centre,118.75385285788079,18.5834926240728,18.42783,1.163254
1335,1.7500000000000002,true_threat,DREAM,lead_left,123,vehicle.tesla.model3,leader,-4,left,0,[0],354.8529592087702,-201.74980229839997,23.627229251332892,-0.06050100307300595,,,23.637560065933545,24.333146,0.877731
1335,1.7500000000000002,true_threat,DREAM,lead_centre,124,vehicle.nissan.patrol_2021,leader,-5,centre,1,[1],351.3283657185418,-205.25002832067688,19.40391484318079,-1.0715867480012482,,,19.465740058367103,20.102401,0.907738
1335,1.7500000000000002,true_threat,DREAM,lead_right,125,vehicle.tesla.model3,leader,-6,right,2,[2],357.29379337023295,-208.74977875448445,23.10816724206101,-0.05939477701297975,,,23.12013556552037,23.765983,1.0518
1335,1.7500000000000002,true_threat,DREAM,rear_centre,126,vehicle.nissan.patrol_2021,follower,-5,centre,1,[1],203.2832214906452,-205.24969020981771,17.152072169130907,-1.4623640437542542,occluder,15.145146950004925,17.221647795550666,20.0,0.888602
1335,1.7500000000000002,true_threat,DREAM,follower_1,127,vehicle.mercedes.coupe_2020,follower,-4,left,0,[0],198.90669022831037,-201.74581192364843,30.913170693146313,-0.8757595684306962,ego,31.661068946611394,30.922611597963364,32.0,0.868232
1335,1.7500000000000002,true_threat,DREAM,follower_2,128,vehicle.mercedes.coupe_2020,follower,-4,left,0,[0],162.7275196346069,-201.74643534909228,30.218219179868754,-0.9163560556756642,follower_1,31.470802734732118,30.22299811611759,31.306896,0.898137
1335,1.7500000000000002,true_threat,DREAM,follower_3,129,vehicle.audi.a2,follower,-4,left,0,[0],121.26255284357066,-201.75066251029136,27.910457139965168,-0.5785370952947751,follower_2,37.159785146661896,27.955397821655165,30.535483,0.93041
1335,1.7500000000000002,true_threat,DREAM,follower_4,130,vehicle.mercedes.coupe_2020,follower,-4,left,0,[0],85.73819693821189,-201.74828545223042,28.63907432304244,-1.0065963442489805,follower_3,31.37167183408947,28.59967160614766,29.801881,1.027143
1336,1.8,true_threat,DREAM,occluder,121,vehicle.carlamotors.firetruck,occluder,-5,centre,1,[1],226.44389978294424,-205.25524741988258,18.564877599303134,-0.24307250857416351,lead_centre,118.79602818483316,18.57203795787929,18.42783,1.163254
1336,1.8,true_threat,DREAM,lead_left,123,vehicle.tesla.model3,leader,-4,left,0,[0],356.034233684231,-201.7497807877213,23.62478403599225,-0.048904306441443245,,,23.634565083350285,24.333146,0.877731
1336,1.8,true_threat,DREAM,lead_centre,124,vehicle.nissan.patrol_2021,leader,-5,centre,1,[1],352.29711580271726,-205.25010982823045,19.355330845490407,-0.9716799567271844,,,19.412809972474744,20.102401,0.907738
1336,1.8,true_threat,DREAM,lead_right,125,vehicle.tesla.model3,leader,-6,right,2,[2],358.449097393426,-208.74978136216578,23.105714395227263,-0.04905693649152758,,,23.117204933794138,23.765983,1.0518
1336,1.8,true_threat,DREAM,rear_centre,126,vehicle.nissan.patrol_2021,follower,-5,centre,1,[1],204.13954478190703,-205.2496880003709,17.108130679645125,-0.8788297864358616,occluder,15.215245822879105,17.15134372172898,20.0,0.888602
1336,1.8,true_threat,DREAM,follower_1,127,vehicle.mercedes.coupe_2020,follower,-4,left,0,[0],200.45109400583505,-201.74760440122418,30.872610966347565,-0.8111916756717548,ego,31.674616288361534,30.876958865823564,32.0,0.868232
1336,1.8,true_threat,DREAM,follower_2,128,vehicle.mercedes.coupe_2020,follower,-4,left,0,[0],164.23716386664285,-201.74816339060294,30.17580132155975,-0.8483526373025809,follower_1,31.50553177305526,30.177969595712938,31.306896,0.898137
1336,1.8,true_threat,DREAM,follower_3,129,vehicle.audi.a2,follower,-4,left,0,[0],122.65732831960838,-201.75067497732917,27.884437084387738,-0.520401111069181,follower_2,37.27546264446032,27.926574523360657,30.535483,0.93041
1336,1.8,true_threat,DREAM,follower_4,130,vehicle.mercedes.coupe_2020,follower,-4,left,0,[0],87.16873958632368,-201.749964184536,28.592382738705602,-0.9338203312347548,follower_3,31.334851758782847,28.55080025142975,29.801881,1.027143
1337,1.85,true_threat,DREAM,occluder,121,vehicle.carlamotors.firetruck,occluder,-5,centre,1,[1],227.37175627316867,-205.25522080757287,18.55222997298486,-0.252952526842466,lead_centre,118.8362809096809,18.560067645948276,18.42783,1.163254
1337,1.85,true_threat,DREAM,lead_left,123,vehicle.tesla.model3,leader,-4,left,0,[0],357.21544712974446,-201.7497745566524,23.62292247148244,-0.03723128949947648,,,23.632144163863334,24.333146,0.877731
1337,1.85,true_threat,DREAM,lead_centre,124,vehicle.nissan.patrol_2021,leader,-5,centre,1,[1],353.26363809340853,-205.25016157819445,19.311976790856136,-0.867081095496647,,,19.364810063760054,20.102401,0.907738
1337,1.85,true_threat,DREAM,lead_right,125,vehicle.tesla.model3,leader,-6,right,2,[2],359.6043708990426,-208.74978398025792,23.103774624839183,-0.038795407609260125,,,23.114784376011254,23.765983,1.0518
1337,1.85,true_threat,DREAM,rear_centre,126,vehicle.nissan.patrol_2021,follower,-5,centre,1,[1],204.99351822499534,-205.24970185134217,17.059851877794745,-0.9655760342639937,occluder,15.287419890945039,17.108998140673016,20.0,0.888602
1337,1.85,true_threat,DREAM,follower_1,127,vehicle.mercedes.coupe_2020,follower,-4,left,0,[0],201.99363619558625,-201.74935173749284,30.83544179123585,-0.7433768867510516,ego,31.68434880813868,30.834465844614414,32.0,0.868232
1337,1.85,true_threat,DREAM,follower_2,128,vehicle.mercedes.coupe_2020,follower,-4,left,0,[0],165.7447939126128,-201.74981582528406,30.13696102823386,-0.7767971880425875,follower_1,31.54029131854398,30.1362868461647,31.306896,0.898137
1337,1.85,true_threat,DREAM,follower_3,129,vehicle.audi.a2,follower,-4,left,0,[0],124.0509136101685,-201.75068785038732,27.861390585189444,-0.46092998342724667,follower_2,37.39033140045855,27.90064080036292,30.535483,0.93041
1337,1.85,true_threat,DREAM,follower_4,130,vehicle.mercedes.coupe_2020,follower,-4,left,0,[0],88.59708493770601,-201.75155211368852,28.549520666737216,-0.8572244994596852,follower_3,31.299084586708773,28.505479902173406,29.801881,1.027143
1338,1.9000000000000001,true_threat,DREAM,occluder,121,vehicle.carlamotors.firetruck,occluder,-5,centre,1,[1],228.29897189949514,-205.25520967267767,18.53912458527647,-0.2621077546112713,lead_centre,118.87494671014771,18.547617548754722,18.42783,1.163254
1338,1.9000000000000001,true_threat,DREAM,lead_left,123,vehicle.tesla.model3,leader,-4,left,0,[0],358.39647746459445,-201.74975312925997,23.621636926413725,-0.02571090052444001,,,23.630301090949047,24.333146,0.877731
1338,1.9000000000000001,true_threat,DREAM,lead_centre,124,vehicle.nissan.patrol_2021,leader,-5,centre,1,[1],354.22814622926614,-205.25022927405794,19.27397666035456,-0.7600026106490266,,,19.32197352204686,20.102401,0.907738
1338,1.9000000000000001,true_threat,DREAM,lead_right,125,vehicle.tesla.model3,leader,-6,right,2,[2],360.75946129399574,-208.74977140202654,23.102349837470197,-0.02849574728425726,,,23.11287013330213,23.765983,1.0518
1338,1.9000000000000001,true_threat,DREAM,rear_centre,126,vehicle.nissan.patrol_2021,follower,-5,centre,1,[1],205.84590474890814,-205.2497009848857,17.035262345450786,-0.49179064486982327,occluder,15.361302938081142,17.06241935068016,20.0,0.888602
1338,1.9000000000000001,true_threat,DREAM,follower_1,127,vehicle.mercedes.coupe_2020,follower,-4,left,0,[0],203.53437781189513,-201.75099287648015,30.801804478091732,-0.6727350052067707,ego,31.690266375808122,30.79530292681769,32.0,0.868232
1338,1.9000000000000001,true_threat,DREAM,follower_2,128,vehicle.mercedes.coupe_2020,follower,-4,left,0,[0],167.2505928727695,-201.7513773318828,30.101847253230083,-0.7022621149565842,follower_1,31.57520346232522,30.09812568860472,31.306896,0.898137
1338,1.9000000000000001,true_threat,DREAM,follower_3,129,vehicle.audi.a2,follower,-4,left,0,[0],125.44343078555639,-201.7507010878227,27.841384399573432,-0.4001237117183383,follower_2,37.5043761558684,27.8776639164085,30.535483,0.93041
1338,1.9000000000000001,true_threat,DREAM,follower_4,130,vehicle.mercedes.coupe_2020,follower,-4,left,0,[0],90.0233702954255,-201.7529728988986,28.510629471296202,-0.7778014754326962,follower_3,31.26432452588655,28.46389448480707,29.801881,1.027143
1339,1.9500000000000002,true_threat,DREAM,occluder,121,vehicle.carlamotors.firetruck,occluder,-5,centre,1,[1],229.2255466515129,-205.2551834976206,18.5256053035891,-0.2703856337735883,lead_centre,118.91223921967881,18.534723389110095,18.42783,1.163254
1339,1.9500000000000002,true_threat,DREAM,lead_left,123,vehicle.tesla.model3,leader,-4,left,0,[0],359.57753832222613,-201.74974695024494,23.62089879207179,-0.01476268567303014,,,23.629028313114233,24.333146,0.877731
1339,1.9500000000000002,true_threat,DREAM,lead_centre,124,vehicle.nissan.patrol_2021,leader,-5,centre,1,[1],355.19088434569545,-205.25029757374654,19.241290397953588,-0.6537252451784,,,19.284424138029053,20.102401,0.907738
1339,1.9500000000000002,true_threat,DREAM,lead_right,125,vehicle.tesla.model3,leader,-6,right,2,[2],361.9145516941543,-208.74977408258331,23.101419054127554,-0.018615666732184767,,,23.111464092260327,23.765983,1.0518
1339,1.9500000000000002,true_threat,DREAM,rear_centre,126,vehicle.nissan.patrol_2021,follower,-5,centre,1,[1],206.6968569467325,-205.24970060773578,17.002362493551004,-0.6579970363754309,occluder,15.436132040494847,17.038623318560692,20.0,0.888602
1339,1.9500000000000002,true_threat,DREAM,follower_1,127,vehicle.mercedes.coupe_2020,follower,-4,left,0,[0],205.07362402011438,-201.752497196502,30.77180792920032,-0.5999147157223221,ego,31.692491020032136,30.759619515777608,32.0,0.868232
1339,1.9500000000000002,true_threat,DREAM,follower_2,128,vehicle.mercedes.coupe_2020,follower,-4,left,0,[0],168.7547438317494,-201.75278681278178,30.070572710541306,-0.6254726754293384,follower_1,31.61014611847743,30.063633148711965,31.306896,0.898137
1339,1.9500000000000002,true_threat,DREAM,follower_3,129,vehicle.audi.a2,follower,-4,left,0,[0],126.8350324336538,-201.7507146375814,27.82449482151236,-0.33779156055528564,follower_2,37.61765794063718,27.857710950898323,30.535483,0.93041
1339,1.9500000000000002,true_threat,DREAM,follower_4,130,vehicle.mercedes.coupe_2020,follower,-4,left,0,[0],91.44787032808003,-201.75425696404562,28.47583715982538,-0.6958189454561566,follower_3,31.230556343554966,28.42618145876828,29.801881,1.027143
1340,2.0,true_threat,DREAM,occluder,121,vehicle.carlamotors.firetruck,occluder,-5,centre,1,[1],230.1513889816983,-205.25515757242223,18.511715998585,-0.2777860994283457,lead_centre,118.94840258409039,18.521428183034242,18.42783,1.163254
1340,2.0,true_threat,DREAM,lead_left,123,vehicle.tesla.model3,leader,-4,left,0,[0],360.7585991798579,-201.74974077122994,23.620681363723637,-0.0043485657203259555,,,23.628297508521424,24.333146,0.877731
1340,2.0,true_threat,DREAM,lead_centre,124,vehicle.nissan.patrol_2021,leader,-5,centre,1,[1],356.1521576132546,-205.2503511143643,19.21379021201368,-0.5500037113738379,,,19.252123463571845,20.102401,0.907738
1340,2.0,true_threat,DREAM,lead_right,125,vehicle.tesla.model3,leader,-6,right,2,[2],363.069611571531,-208.74976151476272,23.100957478248617,-0.00923151748122009,,,23.110545553622394,23.765983,1.0518
1340,2.0,true_threat,DREAM,rear_centre,126,vehicle.nissan.patrol_2021,follower,-5,centre,1,[1],207.5467105118083,-205.24970060537385,16.9897205918518,-0.2528380327615254,occluder,15.511754594688238,17.006787032688493,20.0,0.888602
1340,2.0,true_threat,DREAM,follower_1,127,vehicle.mercedes.coupe_2020,follower,-4,left,0,[0],206.611405332615,-201.75384942835944,30.745528621655684,-0.5255649998571972,ego,31.691022792864615,30.727538387939756,32.0,0.868232
1340,2.0,true_threat,DREAM,follower_2,128,vehicle.mercedes.coupe_2020,follower,-4,left,0,[0],170.2574298950107,-201.75404420551632,30.043215780102773,-0.547116002212665,follower_1,31.645241367716764,30.032921373013263,31.306896,0.898137
1340,2.0,true_threat,DREAM,follower_3,129,vehicle.audi.a2,follower,-4,left,0,[0],128.2259016599188,-201.75072843719877,27.810782886152893,-0.2742387064520756,follower_2,37.7302072515197,27.840858119971227,30.535483,0.93041
1340,2.0,true_threat,DREAM,follower_4,130,vehicle.mercedes.coupe_2020,follower,-4,left,0,[0],92.87073760272985,-201.75534322192297,28.44524309398122,-0.6118501566745176,follower_3,31.197657958997837,28.392465445340548,29.801881,1.027143
1341,2.05,true_threat,DREAM,occluder,121,vehicle.carlamotors.firetruck,occluder,-5,centre,1,[1],231.0765599199986,-205.25511661747277,18.49749290895179,-0.28446179111456893,lead_centre,118.98383352146413,18.5077748448898,18.42783,1.163254
1341,2.05,true_threat,DREAM,lead_left,123,vehicle.tesla.model3,leader,-4,left,0,[0],361.9396600322842,-201.74971933342673,23.620940772328165,0.005188173386117247,,,23.628082239127878,24.333146,0.877731
1341,2.05,true_threat,DREAM,lead_centre,124,vehicle.nissan.patrol_2021,leader,-5,centre,1,[1],357.11214912178554,-205.25034405708203,19.191312072129683,-0.44956278518109655,,,19.224946168795974,20.102401,0.907738
1341,2.05,true_threat,DREAM,lead_right,125,vehicle.tesla.model3,leader,-6,right,2,[2],364.22470197168957,-208.7497641953195,23.10093650053941,-0.00041955407099022996,,,23.110090049349097,23.765983,1.0518
1341,2.05,true_threat,DREAM,rear_centre,126,vehicle.nissan.patrol_2021,follower,-5,centre,1,[1],208.39564854438822,-205.24968565654706,16.966832411549255,-0.4577636051737332,occluder,15.58774335979783,16.99447438318732,20.0,0.888602
1341,2.05,true_threat,DREAM,follower_1,127,vehicle.mercedes.coupe_2020,follower,-4,left,0,[0],208.1479964127895,-201.75506473714364,30.72301822698608,-0.4501823913566321,ego,31.686136336876544,30.699149756172975,32.0,0.868232
1341,2.05,true_threat,DREAM,follower_2,128,vehicle.mercedes.coupe_2020,follower,-4,left,0,[0],171.75889519795874,-201.7551341680121,30.019835750063663,-0.467574278421547,follower_1,31.68033661695611,30.006067754993182,31.306896,0.898137
1341,2.05,true_threat,DREAM,follower_3,129,vehicle.audi.a2,follower,-4,left,0,[0],129.61616053465684,-201.7507424450317,27.80027911106797,-0.21007550088493349,follower_2,37.84202408851595,27.827166323519098,30.535483,0.93041
1341,2.05,true_threat,DREAM,follower_4,130,vehicle.mercedes.coupe_2020,follower,-4,left,0,[0],94.2922010116083,-201.75626211202618,28.41889892419164,-0.526849643234434,follower_3,31.165659910613044,28.362844296321953,29.801881,1.027143
1342,2.1,true_threat,DREAM,occluder,121,vehicle.carlamotors.firetruck,occluder,-5,centre,1,[1],232.00099844167192,-205.25509117117016,18.482983719893767,-0.2901837782032136,lead_centre,119.01865409169478,18.493798734723633,18.42783,1.163254
1342,2.1,true_threat,DREAM,lead_left,123,vehicle.tesla.model3,leader,-4,left,0,[0],363.12072088991596,-201.7497131544117,23.621629335706793,0.013771269105275505,,,23.628339071928007,24.333146,0.877731
1342,2.1,true_threat,DREAM,lead_centre,124,vehicle.nissan.patrol_2021,leader,-5,centre,1,[1],358.07122509261524,-205.25030679454673,19.17367096949135,-0.3528220363465334,,,19.202730926394096,20.102401,0.907738
1342,2.1,true_threat,DREAM,lead_right,125,vehicle.tesla.model3,leader,-6,right,2,[2],365.37976185427175,-208.7497668862871,23.101314158412546,0.0075531575603083306,,,23.110069347573695,23.765983,1.0518
1342,2.1,true_threat,DREAM,rear_centre,126,vehicle.nissan.patrol_2021,follower,-5,centre,1,[1],209.2440067482229,-205.24968616431326,16.962809817963155,-0.08045187098660171,occluder,15.663976265518208,16.97225732227972,20.0,0.888602
1342,2.1,true_threat,DREAM,follower_1,127,vehicle.mercedes.coupe_2020,follower,-4,left,0,[0],209.68354984851962,-201.7561430708007,30.70429024523963,-0.3745306152824902,ego,31.67777061691521,30.674516532183986,32.0,0.868232
1342,2.1,true_threat,DREAM,follower_2,128,vehicle.mercedes.coupe_2020,follower,-4,left,0,[0],173.259322851257,-201.75607189659254,30.00045182782676,-0.3876493639506976,follower_1,31.715462394182573,29.983131221112096,31.306896,0.898137
1342,2.1,true_threat,DREAM,follower_3,129,vehicle.audi.a2,follower,-4,left,0,[0],131.005992163326,-201.7507565986155,27.792979681534582,-0.1459885897698432,follower_2,37.95323051672594,27.816666231955253,30.535483,0.93041
1342,2.1,true_threat,DREAM,follower_4,130,vehicle.mercedes.coupe_2020,follower,-4,left,0,[0],95.71247417254447,-201.75699830269164,28.396829551643766,-0.44135245934745365,follower_3,31.13445537647263,28.337368652624257,29.801881,1.027143
1343,2.15,true_threat,DREAM,occluder,121,vehicle.carlamotors.firetruck,occluder,-5,centre,1,[1],232.92470454151282,-205.25506597472622,18.468232298603297,-0.2950284216373941,lead_centre,119.05329154085116,18.479546418377524,18.42783,1.163254
1343,2.15,true_threat,DREAM,lead_left,123,vehicle.tesla.model3,leader,-4,left,0,[0],364.3017512247659,-201.74969172701927,23.62270127558619,0.021438799049481018,,,23.629020797787287,24.333146,0.877731
1343,2.15,true_threat,DREAM,lead_centre,124,vehicle.nissan.patrol_2021,leader,-5,centre,1,[1],359.0295381240362,-205.25026979228087,19.160685708454697,-0.2597052021169714,,,19.185295502769137,20.102401,0.907738
1343,2.15,true_threat,DREAM,lead_right,125,vehicle.tesla.model3,leader,-6,right,2,[2],366.5348522492249,-208.7497543080557,23.102054212355107,0.014801078943135652,,,23.11044203774588,23.765983,1.0518
1343,2.15,true_threat,DREAM,rear_centre,126,vehicle.nissan.patrol_2021,follower,-5,centre,1,[1],210.09178511810694,-205.24968686988421,16.948050757071897,-0.2951812173634332,occluder,15.74005658335685,16.96824467133194,20.0,0.888602
1343,2.15,true_threat,DREAM,follower_1,127,vehicle.mercedes.coupe_2020,follower,-4,left,0,[0],211.2183097595946,-201.75702331089173,30.689337170522066,-0.2990300156791722,ego,31.66607824168394,30.653625259768713,32.0,0.868232
1343,2.15,true_threat,DREAM,follower_2,128,vehicle.mercedes.coupe_2020,follower,-4,left,0,[0],174.75886543758185,-201.75684208041562,29.98505839578792,-0.30783791117020565,follower_1,31.75058817661443,29.964130947903083,31.306896,0.898137
1343,2.15,true_threat,DREAM,follower_3,129,vehicle.audi.a2,follower,-4,left,0,[0],132.3955796409736,-201.7507403179092,27.78885026530704,-0.08258832356987185,follower_2,38.06382654135507,27.809354323574034,30.535483,0.93041
1343,2.15,true_threat,DREAM,follower_4,130,vehicle.mercedes.coupe_2020,follower,-4,left,0,[0],97.13178596736098,-201.75755171583847,28.379038859151578,-0.3557790067047115,follower_3,31.104013844205596,28.316062815377176,29.801881,1.027143
1344,2.1999999999999997,true_threat,DREAM,occluder,121,vehicle.carlamotors.firetruck,occluder,-5,centre,1,[1],233.8476782247268,-205.2550562869291,18.453280607532452,-0.299033815621855,lead_centre,119.0878984724312,18.46506069769022,18.42783,1.163254
1344,2.1999999999999997,true_threat,DREAM,lead_left,123,vehicle.tesla.model3,leader,-4,left,0,[0],365.48296467027944,-201.74968549595036,23.624114632009295,0.028267130101256064,,,23.63008209198131,24.333146,0.877731
1344,2.1999999999999997,true_threat,DREAM,lead_centre,124,vehicle.nissan.patrol_2021,leader,-5,centre,1,[1],359.98739340222266,-205.25026346375304,19.152199885313156,-0.16971644250575227,,,19.172461275620524,20.102401,0.907738
1344,2.1999999999999997,true_threat,DREAM,lead_right,125,vehicle.tesla.model3,leader,-6,right,2,[2],367.6899426493834,-208.7497569886125,23.103114700744804,0.021209767882116523,,,23.111172356333363,23.765983,1.0518
1344,2.1999999999999997,true_threat,DREAM,rear_centre,126,vehicle.nissan.patrol_2021,follower,-5,centre,1,[1],210.93934987016192,-205.24970290711877,16.95190169725428,0.0770188039329546,occluder,15.81598431331373,16.953854731245446,20.0,0.888602
1344,2.1999999999999997,true_threat,DREAM,follower_1,127,vehicle.mercedes.coupe_2020,follower,-4,left,0,[0],212.7524897690489,-201.75770538454125,30.678119044701422,-0.2243297881819018,ego,31.650998274932405,30.636361924875338,32.0,0.868232
1344,2.1999999999999997,true_threat,DREAM,follower_2,128,vehicle.mercedes.coupe_2020,follower,-4,left,0,[0],176.25779762032585,-201.75745988457248,29.973613566917017,-0.22886538526867573,follower_1,31.785805501364557,29.949062047363768,31.306896,0.898137
1344,2.1999999999999997,true_threat,DREAM,follower_3,129,vehicle.audi.a2,follower,-4,left,0,[0],133.78501450471248,-201.7506477953159,27.78781266203112,-0.02075206460875083,follower_2,38.17378165003233,27.80519677236172,30.535483,0.93041
1344,2.1999999999999997,true_threat,DREAM,follower_4,130,vehicle.mercedes.coupe_2020,follower,-4,left,0,[0],98.55033476550949,-201.75793754258484,28.365484911822907,-0.27104551170000424,follower_3,31.074289527036683,28.29892974429122,29.801881,1.027143
1345,2.25,true_threat,DREAM,occluder,121,vehicle.carlamotors.firetruck,occluder,-5,centre,1,[1],234.7698279281739,-205.25503162143482,18.43817823602438,-0.30204742325820366,lead_centre,119.12278006740375,18.450382529674467,18.42783,1.163254
1345,2.25,true_threat,DREAM,lead_left,123,vehicle.tesla.model3,leader,-4,left,0,[0],366.66420863336924,-201.74967925447066,23.625831256119298,0.03433248372616054,,,23.631481409816296,24.333146,0.877731
1345,2.25,true_threat,DREAM,lead_centre,124,vehicle.nissan.patrol_2021,leader,-5,centre,1,[1],360.94488245908224,-205.25022674257818,19.148062818196788,-0.08274132068511343,,,19.164073986842546,20.102401,0.907738
1345,2.25,true_threat,DREAM,lead_right,125,vehicle.tesla.model3,leader,-6,right,2,[2],368.845155114642,-208.749744368738,23.10446129123938,0.02693180997253985,,,23.112218892445412,23.765983,1.0518
1345,2.25,true_threat,DREAM,rear_centre,126,vehicle.nissan.patrol_2021,follower,-5,centre,1,[1],211.78685358185885,-205.24970370638673,16.945214533758236,-0.13374326982213705,occluder,15.891393244472688,16.957435352964023,20.0,0.888602
1345,2.25,true_threat,DREAM,follower_1,127,vehicle.mercedes.coupe_2020,follower,-4,left,0,[0],214.2861814504331,-201.75825029566963,30.67056917140456,-0.15096469906528254,ego,31.63253076350911,30.622688883715337,32.0,0.868232
1345,2.25,true_threat,DREAM,follower_2,128,vehicle.mercedes.coupe_2020,follower,-4,left,0,[0],177.75627197175453,-201.7578794806448,29.96605253023358,-0.15119018514465807,follower_1,31.821053328074854,29.937883396852026,31.306896,0.898137
1345,2.25,true_threat,DREAM,follower_3,129,vehicle.audi.a2,follower,-4,left,0,[0],135.17447989123312,-201.7505705211,27.789756247782982,0.038871715467111274,follower_2,38.28327896903744,27.804116255960434,30.535483,0.93041
1345,2.25,true_threat,DREAM,follower_4,130,vehicle.mercedes.coupe_2020,follower,-4,left,0,[0],99.96831892082547,-201.75812519768434,28.356099038086633,-0.18768653834795104,follower_3,31.04517559262706,28.285926818438178,29.801881,1.027143
1346,2.3,true_threat,DREAM,occluder,121,vehicle.carlamotors.firetruck,occluder,-5,centre,1,[1],235.69127572215962,-205.25499193660025,18.42297096211847,-0.3041454693046576,lead_centre,119.15811942081618,18.43556035042329,18.42783,1.163254
1346,2.3,true_threat,DREAM,lead_left,123,vehicle.tesla.model3,leader,-4,left,0,[0],367.8456051791354,-201.7496577021489,23.627809187278526,0.03955862404943733,,,23.63318097965163,24.333146,0.877731
1346,2.3,true_threat,DREAM,lead_centre,124,vehicle.nissan.patrol_2021,leader,-5,centre,1,[1],361.9024020335181,-205.25019001099255,19.148150532773627,0.0017543106623530993,,,19.159984910412426,20.102401,0.907738
1346,2.3,true_threat,DREAM,lead_right,125,vehicle.tesla.model3,leader,-6,right,2,[2],370.0004286202586,-208.74974698683013,23.106067281908324,0.032119813434221434,,,23.113547763801233,23.765983,1.0518
1346,2.3,true_threat,DREAM,rear_centre,126,vehicle.nissan.patrol_2021,follower,-5,centre,1,[1],212.63447936386115,-205.2497044640116,16.957207943687905,0.23986819864681302,occluder,15.966039236222905,16.950830178075964,20.0,0.888602
1346,2.3,true_threat,DREAM,follower_1,127,vehicle.mercedes.coupe_2020,follower,-4,left,0,[0],215.8195984059601,-201.75859693624875,30.666588393918925,-0.07958383934796821,ego,31.610614750342158,30.612568872959677,32.0,0.868232
1346,2.3,true_threat,DREAM,follower_2,128,vehicle.mercedes.coupe_2020,follower,-4,left,0,[0],179.2544716129422,-201.7581465825323,29.962283744113225,-0.07534683994284955,follower_1,31.85627065803037,29.930531072596708,31.306896,0.898137
1346,2.3,true_threat,DREAM,follower_3,129,vehicle.audi.a2,follower,-4,left,0,[0],136.5641588955828,-201.75047791522047,27.794551322303597,0.09590149043985673,follower_2,38.39228793394549,27.806003244252533,30.535483,0.93041
1346,2.3,true_threat,DREAM,follower_4,130,vehicle.mercedes.coupe_2020,follower,-4,left,0,[0],101.38599784832408,-201.75816036900983,28.35078774056797,-0.1061983625946694,follower_3,31.016656823831724,28.27698521403698,29.801881,1.027143
1347,2.35,true_threat,DREAM,occluder,121,vehicle.carlamotors.firetruck,occluder,-5,centre,1,[1],236.61193006436562,-205.25496778123406,18.40770265382318,-0.3053661556590551,lead_centre,119.19419120126635,18.42063888508603,18.42783,1.163254
1347,2.35,true_threat,DREAM,lead_left,123,vehicle.tesla.model3,leader,-4,left,0,[0],369.02703224768334,-201.74965139820455,23.63001027910254,0.044021838177550836,,,23.63513925589955,24.333146,0.877731
1347,2.35,true_threat,DREAM,lead_centre,124,vehicle.nissan.patrol_2021,leader,-5,centre,1,[1],362.859921607954,-205.2501532794069,19.152348587288127,0.08396110667070243,,,19.16007160780788,20.102401,0.907738
1347,2.35,true_threat,DREAM,lead_right,125,vehicle.tesla.model3,leader,-6,right,2,[2],371.15579367860425,-208.7497495736899,23.107896432240384,0.03658300673870218,,,23.115132617957634,23.765983,1.0518
1347,2.35,true_threat,DREAM,rear_centre,126,vehicle.nissan.patrol_2021,follower,-5,centre,1,[1],213.48244083920326,-205.24970510711788,16.959014203489634,0.036125196058939296,occluder,16.039861248206307,16.96226797018787,20.0,0.888602
1347,2.35,true_threat,DREAM,follower_1,127,vehicle.mercedes.coupe_2020,follower,-4,left,0,[0],217.35289323392243,-201.75877577180108,30.666058456431813,-0.010569097036809262,ego,31.585280867526507,30.605926283794094,32.0,0.868232
1347,2.35,true_threat,DREAM,follower_2,128,vehicle.mercedes.coupe_2020,follower,-4,left,0,[0],180.7526101565125,-201.7582305997833,29.962181305261584,-0.002022359878050035,follower_1,31.891487972369717,29.92691482332531,31.306896,0.898137
1347,2.35,true_threat,DREAM,follower_3,129,vehicle.audi.a2,follower,-4,left,0,[0],137.95417359847772,-201.75040045361058,27.802030039677067,0.1495743471084697,follower_2,38.50080857078348,27.81072918912928,30.535483,0.93041
1347,2.35,true_threat,DREAM,follower_4,130,vehicle.mercedes.coupe_2020,follower,-4,left,0,[0],102.80349362351609,-201.75805827370644,28.34943079611077,-0.02711513698878757,follower_3,30.988656900682784,28.272011353707082,29.801881,1.027143
1348,2.4,true_threat,DREAM,occluder,121,vehicle.carlamotors.firetruck,occluder,-5,centre,1,[1],237.53185198473923,-205.25494387572655,18.392419088253607,-0.30567129931145315,lead_centre,119.23105643349624,18.405660984197286,18.42783,1.163254
1348,2.4,true_threat,DREAM,lead_left,123,vehicle.tesla.model3,leader,-4,left,0,[0],370.20864241648394,-201.74962977300737,23.632404011673014,0.04787465221889698,,,23.637318469437496,24.333146,0.877731
1348,2.4,true_threat,DREAM,lead_centre,124,vehicle.nissan.patrol_2021,leader,-5,centre,1,[1],363.8178379108824,-205.25011641248116,19.160557799870254,0.1641842644744732,,,19.164220963270058,20.102401,0.907738
1348,2.4,true_threat,DREAM,lead_right,125,vehicle.tesla.model3,leader,-6,right,2,[2],372.3112502844736,-208.7497368705292,23.109918224418184,0.04043584359712591,,,23.116937689394142,23.765983,1.0518
1348,2.4,true_threat,DREAM,rear_centre,126,vehicle.nissan.patrol_2021,follower,-5,centre,1,[1],214.33098214849605,-205.24970555241939,16.97938850316732,0.4074859935575494,occluder,16.112554115070182,16.963860125407138,20.0,0.888602
1348,2.4,true_threat,DREAM,follower_1,127,vehicle.mercedes.coupe_2020,follower,-4,left,0,[0],218.88634059771263,-201.75880196741775,30.668853447292086,0.05592662630647631,ego,31.55659020226871,30.60265997414242,32.0,0.868232
1348,2.4,true_threat,DREAM,follower_2,128,vehicle.mercedes.coupe_2020,follower,-4,left,0,[0],182.25080969359237,-201.75819252590736,29.965615477312397,0.06870677219623143,follower_1,31.926644256761747,29.926910576990334,31.306896,0.898137
1348,2.4,true_threat,DREAM,follower_3,129,vehicle.audi.a2,follower,-4,left,0,[0],139.34464607022326,-201.75033809462718,27.812005479632006,0.19950879874206903,follower_2,38.60893241145885,27.818127680754767,30.535483,0.93041
1348,2.4,true_threat,DREAM,follower_4,130,vehicle.mercedes.coupe_2020,follower,-4,left,0,[0],104.22103511781336,-201.75778831611697,28.351881265166035,0.04902899387074444,follower_3,30.9611758283857,28.270885113304693,29.801881,1.027143
1349,2.45,true_threat,DREAM,occluder,121,vehicle.carlamotors.firetruck,occluder,-5,centre,1,[1],238.45104148848588,-205.25493547886586,18.37716604076078,-0.30506093660510814,lead_centre,119.26905081605102,18.390671398593998,18.42783,1.163254
1349,2.45,true_threat,DREAM,lead_left,123,vehicle.tesla.model3,leader,-4,left,0,[0],371.39031362564265,-201.74962338577677,23.634952241301853,0.05096459432270196,,,23.639688401981672,24.333146,0.877731
1349,2.45,true_threat,DREAM,lead_centre,124,vehicle.nissan.patrol_2021,leader,-5,centre,1,[1],364.7762730178142,-205.25009462736037,19.17265991588007,0.2420423286445437,,,19.172334853237267,20.102401,0.907738
1349,2.45,true_threat,DREAM,lead_right,125,vehicle.tesla.model3,leader,-6,right,2,[2],373.46679844827736,-208.74973939492432,23.112100234783785,0.04364020743151108,,,23.118932860089394,23.765983,1.0518
1349,2.45,true_threat,DREAM,rear_centre,126,vehicle.nissan.patrol_2021,follower,-5,centre,1,[1],215.18025588482658,-205.24972100665042,16.98974540682822,0.2071380732146539,occluder,16.18393472615103,16.98338103362109,20.0,0.888602
1349,2.45,true_threat,DREAM,follower_1,127,vehicle.mercedes.coupe_2020,follower,-4,left,0,[0],220.41997102011243,-201.75869077147618,30.674811196797982,0.11917841022580855,ego,31.524512346305578,30.602654875309618,32.0,0.868232
1349,2.45,true_threat,DREAM,follower_2,128,vehicle.mercedes.coupe_2020,follower,-4,left,0,[0],183.74931435958726,-201.75801701883006,29.972418360030236,0.13607750689693768,follower_1,31.96189208347206,29.93039096993922,31.306896,0.898137
1349,2.45,true_threat,DREAM,follower_3,129,vehicle.audi.a2,follower,-4,left,0,[0],140.73566788437003,-201.75035184219067,27.824271648477108,0.24532337716842723,follower_2,38.716659476793204,27.828013433592805,30.535483,0.93041
1349,2.45,true_threat,DREAM,follower_4,130,vehicle.mercedes.coupe_2020,follower,-4,left,0,[0],105.63883597507184,-201.75741145851867,28.357963592105023,0.12166203781106666,follower_3,30.93410680583397,28.273459551599917,29.801881,1.027143
1350,2.5,true_threat,DREAM,occluder,121,vehicle.carlamotors.firetruck,occluder,-5,centre,1,[1],239.36943753004203,-205.25491209389725,18.36198547295667,-0.30361134174883697,lead_centre,119.30829641923614,18.37571485102482,18.42783,1.163254
1350,2.5,true_threat,DREAM,lead_left,123,vehicle.tesla.model3,leader,-4,left,0,[0],372.5721679402595,-201.74961693608154,23.63762253967795,0.05340596834155242,,,23.642211287526646,24.333146,0.877731
1350,2.5,true_threat,DREAM,lead_centre,124,vehicle.nissan.patrol_2021,leader,-5,centre,1,[1],365.7354405413729,-205.25005733359274,19.188517605280005,0.3171537930598497,,,19.18429621992481,20.102401,0.907738
1350,2.5,true_threat,DREAM,lead_right,125,vehicle.tesla.model3,leader,-6,right,2,[2],374.62246867718113,-208.74972661888816,23.114415758275435,0.046310469869682756,,,23.121086131495833,23.765983,1.0518
1350,2.5,true_threat,DREAM,rear_centre,126,vehicle.nissan.patrol_2021,follower,-5,centre,1,[1],216.03059773112398,-205.24972083771604,17.01814010649082,0.5678939932343927,occluder,16.25385049356712,16.99322184961191,20.0,0.888602
1350,2.5,true_threat,DREAM,follower_1,127,vehicle.mercedes.coupe_2020,follower,-4,left,0,[0],221.95399810854008,-201.75839633473643,30.68375235624093,0.17884287422611025,ego,31.48920003847516,30.605756516791285,32.0,0.868232
1350,2.5,true_threat,DREAM,follower_2,128,vehicle.mercedes.coupe_2020,follower,-4,left,0,[0],185.2482462300079,-201.75771929569646,29.98240678659122,0.1997847627674781,follower_1,31.997017839876968,29.937189835286823,31.306896,0.898137
1350,2.5,true_threat,DREAM,follower_3,129,vehicle.audi.a2,follower,-4,left,0,[0],142.1273000500438,-201.7503653815386,27.838614921152214,0.2868654548897478,follower_2,38.82414232864131,27.840182097610153,30.535483,0.93041
1350,2.5,true_threat,DREAM,follower_4,130,vehicle.mercedes.coupe_2020,follower,-4,left,0,[0],107.05703352438516,-201.75692765406302,28.36748887039015,0.19051717113121178,follower_3,30.90732776272226,28.279559655683535,29.801881,1.027143
1351,2.55,true_threat,DREAM,occluder,121,vehicle.carlamotors.firetruck,occluder,-5,centre,1,[1],240.28710114976582,-205.2548889587873,18.346928883179427,-0.3011317802650174,lead_centre,119.34906790123868,18.36083231141163,18.42783,1.163254
1351,2.55,true_threat,DREAM,lead_left,123,vehicle.tesla.model3,leader,-4,left,0,[0],373.75414431997626,-201.749595185955,23.64038248442316,0.055198896552780825,,,23.644855018954846,24.333146,0.877731
1351,2.55,true_threat,DREAM,lead_centre,124,vehicle.nissan.patrol_2021,leader,-5,centre,1,[1],366.6954320394931,-205.2500197587341,19.2079553920291,0.3887557371884098,,,19.19996907828762,20.102401,0.907738
1351,2.55,true_threat,DREAM,lead_right,125,vehicle.tesla.model3,leader,-6,right,2,[2],375.77829149917204,-208.7497290495863,23.116832372205227,0.04833227870899763,,,23.123371148641915,23.765983,1.0518
1351,2.55,true_threat,DREAM,rear_centre,126,vehicle.nissan.patrol_2021,follower,-5,centre,1,[1],216.88209924532262,-205.2497202731721,17.03640678422478,0.36533355467150447,occluder,16.32190468882591,17.020464986299924,20.0,0.888602
1351,2.55,true_threat,DREAM,follower_1,127,vehicle.mercedes.coupe_2020,follower,-4,left,0,[0],223.48854396453336,-201.7580101682844,30.695474681320317,0.23446237755952096,ego,31.450744956435813,30.611795839761687,32.0,0.868232
1351,2.55,true_threat,DREAM,follower_2,128,vehicle.mercedes.coupe_2020,follower,-4,left,0,[0],186.7477578927361,-201.7572993044527,29.995382327581897,0.25952348879322124,follower_1,32.032113057883976,29.94712678122275,31.306896,0.898137
1351,2.55,true_threat,DREAM,follower_3,129,vehicle.audi.a2,follower,-4,left,0,[0],143.51978670785533,-201.75037862938473,27.854812138661668,0.32394435319786236,follower_2,38.9314420333882,27.85442165085284,30.535483,0.93041
1351,2.55,true_threat,DREAM,follower_4,130,vehicle.mercedes.coupe_2020,follower,-4,left,0,[0],108.47579561762862,-201.75635210427893,28.380251033392547,0.2552513907000417,follower_3,30.880762379082704,28.288997587170186,29.801881,1.027143
1352,2.6,true_threat,DREAM,occluder,121,vehicle.carlamotors.firetruck,occluder,-5,centre,1,[1],241.2040018248755,-205.25485082515857,18.332030603621423,-0.29796557510164445,lead_centre,119.39139577963509,18.346074068661316,18.42783,1.163254
1352,2.6,true_threat,DREAM,lead_left,123,vehicle.tesla.model3,leader,-4,left,0,[0],374.9362427804093,-201.7496039117617,23.64319774163098,0.056305145013426455,,,23.64758749539166,24.333146,0.877731
1352,2.6,true_threat,DREAM,lead_centre,124,vehicle.nissan.patrol_2021,leader,-5,centre,1,[1],367.6565526879382,-205.2499817986767,19.23077300522386,0.45635226374772436,,,19.21917967982741,20.102401,0.907738
1352,2.6,true_threat,DREAM,lead_right,125,vehicle.tesla.model3,leader,-6,right,2,[2],376.9341753563157,-208.74973145946288,23.11932146491854,0.049781854314818484,,,23.125755914610462,23.765983,1.0518
1352,2.6,true_threat,DREAM,rear_centre,126,vehicle.nissan.patrol_2021,follower,-5,centre,1,[1],217.73494353288064,-205.24971925055397,17.071748048056268,0.7068252766335763,occluder,16.38806679435104,17.037923285464313,20.0,0.888602
1352,2.6,true_threat,DREAM,follower_1,127,vehicle.mercedes.coupe_2020,follower,-4,left,0,[0],225.02376117597396,-201.7575322200662,30.709772110812157,0.28596076665381914,ego,31.409208171777983,30.620580564988593,32.0,0.868232
1352,2.6,true_threat,DREAM,follower_2,128,vehicle.mercedes.coupe_2020,follower,-4,left,0,[0],188.2480324636407,-201.75678750021044,30.011131296503766,0.3149887301786056,follower_1,32.06714725114906,29.96000571449817,31.306896,0.898137
1352,2.6,true_threat,DREAM,follower_3,129,vehicle.audi.a2,follower,-4,left,0,[0],144.91306682265196,-201.75039160655066,27.87262869653249,0.356331162139253,follower_2,39.03846703830485,27.870510510633377,30.535483,0.93041
1352,2.6,true_threat,DREAM,follower_4,130,vehicle.mercedes.coupe_2020,follower,-4,left,0,[0],109.89530537067108,-201.7557152642781,28.396015414562108,0.31529283186732737,follower_3,30.854486943650777,28.301569643717304,29.801881,1.027143
1353,2.65,true_threat,DREAM,occluder,121,vehicle.carlamotors.firetruck,occluder,-5,centre,1,[1],242.12013958139798,-205.25487398695202,18.31733641226686,-0.2938838092581824,lead_centre,119.43561575297053,18.331473557827376,18.42783,1.163254
1353,2.65,true_threat,DREAM,lead_left,123,vehicle.tesla.model3,leader,-4,left,0,[0],376.1184938547509,-201.7496888794554,23.6460377943992,0.05680105689293134,,,23.650374723881214,24.333146,0.877731
1353,2.65,true_threat,DREAM,lead_centre,124,vehicle.nissan.patrol_2021,leader,-5,centre,1,[1],368.61889403943724,-205.2499434221882,19.256732025971502,0.5191804136070717,,,19.24172972356756,20.102401,0.907738
1353,2.65,true_threat,DREAM,lead_right,125,vehicle.tesla.model3,leader,-6,right,2,[2],378.090242313712,-208.7497185480866,23.121852519333178,0.05062108829826046,,,23.12821219373888,23.765983,1.0518
1353,2.65,true_threat,DREAM,rear_centre,126,vehicle.nissan.patrol_2021,follower,-5,centre,1,[1],218.5893137096669,-205.2497482249733,17.096616059769815,0.4973602342866233,occluder,16.452123181902692,17.071834123929793,20.0,0.888602
1353,2.65,true_threat,DREAM,follower_1,127,vehicle.mercedes.coupe_2020,follower,-4,left,0,[0],226.55977181316734,-201.75696244843874,30.72642332815483,0.33303314798036343,ego,31.364620264542665,30.631911333229198,32.0,0.868232
1353,2.65,true_threat,DREAM,follower_2,128,vehicle.mercedes.coupe_2020,follower,-4,left,0,[0],189.74913097787436,-201.75618386214813,30.02942284615853,0.36583743608841723,follower_1,32.1020898916851,29.975615781606205,31.306896,0.898137
1353,2.65,true_threat,DREAM,follower_3,129,vehicle.audi.a2,follower,-4,left,0,[0],146.30735401746807,-201.75040424016095,27.891831897870205,0.3840640330386851,follower_2,39.145461494412814,27.888215761754324,30.535483,0.93041
1353,2.65,true_threat,DREAM,follower_4,130,vehicle.mercedes.coupe_2020,follower,-4,left,0,[0],111.31565434144696,-201.75503236161637,28.414541638523104,0.3705274103251878,follower_3,30.828257305404932,28.317042608212365,29.801881,1.027143
1354,2.7,true_threat,DREAM,occluder,121,vehicle.carlamotors.firetruck,occluder,-5,centre,1,[1],243.0355754492806,-205.2549431645579,18.30289017350059,-0.288924759275286,lead_centre,119.4818193479471,18.317075413011683,18.42783,1.163254
1354,2.7,true_threat,DREAM,lead_left,123,vehicle.tesla.model3,leader,-4,left,0,[0],377.3008975169744,-201.7497737950952,23.648875933301557,0.05676277844934409,,,23.653186490919566,24.333146,0.877731
1354,2.7,true_threat,DREAM,lead_centre,124,vehicle.nissan.patrol_2021,leader,-5,centre,1,[1],369.58263920465373,-205.2499198255921,19.28555398026851,0.5764390846108743,,,19.267383176992357,20.102401,0.907738
1354,2.7,true_threat,DREAM,lead_right,125,vehicle.tesla.model3,leader,-6,right,2,[2],379.2464313466191,-208.7497208538554,23.124402648054794,0.051002574555163355,,,23.130709870519915,23.765983,1.0518
1354,2.7,true_threat,DREAM,rear_centre,126,vehicle.nissan.patrol_2021,follower,-5,centre,1,[1],219.4454233778943,-205.24974608840193,17.137297897915136,0.8136367629565884,occluder,16.51389076163892,17.09563079996401,20.0,0.888602
1354,2.7,true_threat,DREAM,follower_1,127,vehicle.mercedes.coupe_2020,follower,-4,left,0,[0],228.0966674288425,-201.7563008221697,30.745187950425382,0.37529833750196795,ego,31.31719489420201,30.645579643806578,32.0,0.868232
1354,2.7,true_threat,DREAM,follower_2,128,vehicle.mercedes.coupe_2020,follower,-4,left,0,[0],191.25120603372966,-201.75551885578827,30.050008972044132,0.4117265431660656,follower_1,32.137002014644786,29.993729503679596,31.306896,0.898137
1354,2.7,true_threat,DREAM,follower_3,129,vehicle.audi.a2,follower,-4,left,0,[0],147.7026177747274,-201.75041654062633,27.912185231506196,0.4070666803891086,follower_2,39.25227281383035,27.90730614464553,30.535483,0.93041
1354,2.7,true_threat,DREAM,follower_4,130,vehicle.mercedes.coupe_2020,follower,-4,left,0,[0],112.73702561979822,-201.75425755746454,28.435570270928853,0.4205739728089211,follower_3,30.802195529445193,28.335179980561065,29.801881,1.027143
1355,2.75,true_threat,DREAM,occluder,121,vehicle.carlamotors.firetruck,occluder,-5,centre,1,[1],243.9503094181126,-205.2550278403998,18.288726217319127,-0.28327911096676156,lead_centre,119.53012864528095,18.30292236716623,18.42783,1.163254
1355,2.75,true_threat,DREAM,lead_left,123,vehicle.tesla.model3,leader,-4,left,0,[0],378.48345376707954,-201.74985865868112,23.651677828557286,0.05603790510715958,,,23.65599635296989,24.333146,0.877731
1355,2.75,true_threat,DREAM,lead_centre,124,vehicle.nissan.patrol_2021,leader,-5,centre,1,[1],370.547879725906,-205.2498804600797,19.31693941420115,0.6277086780911119,,,19.295864413187587,20.102401,0.907738
1355,2.75,true_threat,DREAM,lead_right,125,vehicle.tesla.model3,leader,-6,right,2,[2],380.40268140947353,-208.74970788001445,23.126933702620843,0.050621091364900526,,,23.133226358983197,23.765983,1.0518
1355,2.75,true_threat,DREAM,rear_centre,126,vehicle.nissan.patrol_2021,follower,-5,centre,1,[1],220.3032115128209,-205.24974337923783,17.167042998651567,0.5949020147772126,occluder,16.57321696129417,17.13464028470212,20.0,0.888602
1355,2.75,true_threat,DREAM,follower_1,127,vehicle.mercedes.coupe_2020,follower,-4,left,0,[0],229.63460062129198,-201.75557780678147,30.76582560428517,0.41275659633006334,ego,31.26690161084975,30.661353921180808,32.0,0.868232
1355,2.75,true_threat,DREAM,follower_2,128,vehicle.mercedes.coupe_2020,follower,-4,left,0,[0],192.75437970671737,-201.75480769827584,30.072645495084437,0.45273263141082554,follower_1,32.17182257446465,30.014102023087247,31.306896,0.898137
1355,2.75,true_threat,DREAM,follower_3,129,vehicle.audi.a2,follower,-4,left,0,[0],149.09888861200625,-201.75042849753603,27.933463629175804,0.4255679615414504,follower_2,39.35908411242633,27.92754658289031,30.535483,0.93041
1355,2.75,true_threat,DREAM,follower_4,130,vehicle.mercedes.coupe_2020,follower,-4,left,0,[0],114.1595107948916,-201.75349763210747,28.458838076306275,0.46535646938504055,follower_3,30.776088008353256,28.355725014030217,29.801881,1.027143
1356,2.8,true_threat,DREAM,occluder,121,vehicle.carlamotors.firetruck,occluder,-5,centre,1,[1],244.86431095990682,-205.2550975073122,18.274878876560678,-0.2769468055859426,lead_centre,119.58063519770124,18.289047788868036,18.42783,1.163254
1356,2.8,true_threat,DREAM,lead_left,123,vehicle.tesla.model3,leader,-4,left,0,[0],379.66610156991374,-201.74994349103468,23.65442249766141,0.05489338145796846,,,23.658770322486838,24.333146,0.877731
1356,2.8,true_threat,DREAM,lead_centre,124,vehicle.nissan.patrol_2021,leader,-5,centre,1,[1],371.5147681962811,-205.24984053238532,19.350567893753748,0.6725695918785003,,,19.32687708340919,20.102401,0.907738
1356,2.8,true_threat,DREAM,lead_right,125,vehicle.tesla.model3,leader,-6,right,2,[2],381.55911458299136,-208.74971010249703,23.129426611116653,0.04985816989895998,,,23.13572401390272,23.765983,1.0518
1356,2.8,true_threat,DREAM,rear_centre,126,vehicle.nissan.patrol_2021,follower,-5,centre,1,[1],221.16292225505748,-205.24974001419469,17.21121147194267,0.8833694658707022,occluder,16.630162795199553,17.16309695285122,20.0,0.888602
1356,2.8,true_threat,DREAM,follower_1,127,vehicle.mercedes.coupe_2020,follower,-4,left,0,[0],231.17354087814482,-201.75480867147309,30.788082576796263,0.4451412164845942,ego,31.213892731687416,30.679013174136774,32.0,0.868232
1356,2.8,true_threat,DREAM,follower_2,128,vehicle.mercedes.coupe_2020,follower,-4,left,0,[0],194.2587740879644,-201.75411138312052,30.09707298925925,0.4885507793099599,follower_1,32.20658209392642,30.036492422953643,31.306896,0.898137
1356,2.8,true_threat,DREAM,follower_3,129,vehicle.audi.a2,follower,-4,left,0,[0],150.4962275644573,-201.75044009006854,27.955421042431094,0.43914827309442633,follower_2,39.46598694813519,27.948713282633133,30.535483,0.93041
1356,2.8,true_threat,DREAM,follower_4,130,vehicle.mercedes.coupe_2020,follower,-4,left,0,[0],115.58321666783357,-201.75272203153114,28.484070389887936,0.504646268224621,follower_3,30.74987367053871,28.378418669293378,29.801881,1.027143
1357,2.85,true_threat,DREAM,occluder,121,vehicle.carlamotors.firetruck,occluder,-5,centre,1,[1],245.77767163780305,-205.25518265163913,18.26139202056233,-0.2697371135600766,lead_centre,119.63352212628212,18.275485051016968,18.42783,1.163254
1357,2.85,true_threat,DREAM,lead_left,123,vehicle.tesla.model3,leader,-4,left,0,[0],380.84890196062975,-201.7500282713344,23.657079423033174,0.053138506853966073,,,23.66148762658551,24.333146,0.877731
1357,2.85,true_threat,DREAM,lead_centre,124,vehicle.nissan.patrol_2021,leader,-5,centre,1,[1],372.4833656509317,-205.24980002168738,19.386090373699727,0.710449601624819,,,19.360104137219274,20.102401,0.907738
1357,2.85,true_threat,DREAM,lead_right,125,vehicle.tesla.model3,leader,-6,right,2,[2],382.7156698268147,-208.7497122833365,23.131868021182143,0.048828201207341757,,,23.138184015404253,23.765983,1.0518
1357,2.85,true_threat,DREAM,rear_centre,126,vehicle.nissan.patrol_2021,follower,-5,centre,1,[1],222.0244030219277,-205.24975130411465,17.243975906892096,0.6552886990604583,occluder,16.68445359475718,17.205402578424334,20.0,0.888602
1357,2.85,true_threat,DREAM,follower_1,127,vehicle.mercedes.coupe_2020,follower,-4,left,0,[0],232.71367131006448,-201.75400861256804,30.811707074742053,0.4724905867293073,ego,31.15844275874047,30.69831435369823,32.0,0.868232
1357,2.85,true_threat,DREAM,follower_2,128,vehicle.mercedes.coupe_2020,follower,-4,left,0,[0],195.76441965340408,-201.75330782960606,30.1230205967427,0.518952341612714,follower_1,32.2411279695322,30.06064423340543,31.306896,0.898137
1357,2.85,true_threat,DREAM,follower_3,129,vehicle.audi.a2,follower,-4,left,0,[0],151.89466514965693,-201.75045130781305,27.977845755507648,0.4484942689880224,follower_2,39.573042376931184,27.970561641156582,30.535483,0.93041
1357,2.85,true_threat,DREAM,follower_4,130,vehicle.mercedes.coupe_2020,follower,-4,left,0,[0],117.00825006055211,-201.75196123687414,28.510981113811212,0.5382146170925267,follower_3,30.72350675004781,28.402990250084677,29.801881,1.027143
1358,2.9,true_threat,DREAM,occluder,121,vehicle.carlamotors.firetruck,occluder,-5,centre,1,[1],246.690391446596,-205.25526801459236,18.248292351495188,-0.2619933791614482,lead_centre,119.68875890303649,18.26227687731512,18.42783,1.163254
1358,2.9,true_threat,DREAM,lead_left,123,vehicle.tesla.model3,leader,-4,left,0,[0],382.0318549079951,-201.75002144685115,23.65962953063144,0.05100215233307663,,,23.664118052702474,24.333146,0.877731
1358,2.9,true_threat,DREAM,lead_centre,124,vehicle.nissan.patrol_2021,leader,-5,centre,1,[1],373.45379416016334,-205.2497588863428,19.423155901521373,0.7413105612949131,,,19.39520030352357,20.102401,0.907738
1358,2.9,true_threat,DREAM,lead_right,125,vehicle.tesla.model3,leader,-6,right,2,[2],383.872347135738,-208.74969916374468,23.134242673256317,0.04749304134345377,,,23.140593187952742,23.765983,1.0518
1358,2.9,true_threat,DREAM,rear_centre,126,vehicle.nissan.patrol_2021,follower,-5,centre,1,[1],222.88798949636066,-205.24974661690274,17.289763718123996,0.9157562247623205,occluder,16.736333505783193,17.236718081139596,20.0,0.888602
1358,2.9,true_threat,DREAM,follower_1,127,vehicle.mercedes.coupe_2020,follower,-4,left,0,[0],234.25502243983274,-201.75319287844368,30.836443501919835,0.49472861498607196,ego,31.10046008202059,30.719019581611867,32.0,0.868232
1358,2.9,true_threat,DREAM,follower_2,128,vehicle.mercedes.coupe_2020,follower,-4,left,0,[0],197.2714079974085,-201.75251907680558,30.1502308203992,0.544204467566174,follower_1,32.275612836012215,30.086291029230452,31.306896,0.898137
1358,2.9,true_threat,DREAM,follower_3,129,vehicle.audi.a2,follower,-4,left,0,[0],153.29426240275785,-201.750462129948,28.00052032970987,0.45349149025079866,follower_2,39.680250357171204,27.992880817050455,30.535483,0.93041
1358,2.9,true_threat,DREAM,follower_4,130,vehicle.mercedes.coupe_2020,follower,-4,left,0,[0],118.43462622663003,-201.75119998414294,28.539291788685222,0.5662141767196606,follower_3,30.696910942528902,28.429159533680178,29.801881,1.027143
1359,2.95,true_threat,DREAM,occluder,121,vehicle.carlamotors.firetruck,occluder,-5,centre,1,[1],247.60240934592753,-205.2553383582053,18.23561420271165,-0.253562977064829,lead_centre,119.74646760347517,18.249449161590828,18.42783,1.163254
1359,2.95,true_threat,DREAM,lead_left,123,vehicle.tesla.model3,leader,-4,left,0,[0],383.21483836773143,-201.74999935316896,23.66206328854386,0.048675160307534146,,,23.66664271801091,24.333146,0.877731
1359,2.95,true_threat,DREAM,lead_centre,124,vehicle.nissan.patrol_2021,leader,-5,centre,1,[1],374.426114764334,-205.24973236431813,19.46140398800142,0.7649617367309455,,,19.43181849381053,20.102401,0.907738
1359,2.95,true_threat,DREAM,lead_right,125,vehicle.tesla.model3,leader,-6,right,2,[2],385.02914652017205,-208.74970126129793,23.136529588326287,0.04573830157271585,,,23.142936474219532,23.765983,1.0518
1359,2.95,true_threat,DREAM,rear_centre,126,vehicle.nissan.patrol_2021,follower,-5,centre,1,[1],223.7534985781036,-205.24974127381188,17.32376029957571,0.679931629152141,occluder,16.785466840143194,17.280513907927222,20.0,0.888602
1359,2.95,true_threat,DREAM,follower_1,127,vehicle.mercedes.coupe_2020,follower,-4,left,0,[0],235.79762479543672,-201.7523919762656,30.86203627322581,0.5118554632077145,ego,31.04024974195115,30.740889308064478,32.0,0.868232
1359,2.95,true_threat,DREAM,follower_2,128,vehicle.mercedes.coupe_2020,follower,-4,left,0,[0],198.77976965317018,-201.7517908906728,30.178442358951628,0.5642310030653918,follower_1,32.309975621776076,30.113178438590943,31.306896,0.898137
1359,2.95,true_threat,DREAM,follower_3,129,vehicle.audi.a2,follower,-4,left,0,[0],154.69501932376002,-201.7504725564734,28.023242586229976,0.4544451353714126,follower_2,39.78764144807471,28.015454429045867,30.535483,0.93041
1359,2.95,true_threat,DREAM,follower_4,130,vehicle.mercedes.coupe_2020,follower,-4,left,0,[0],119.86246726760504,-201.75052978442346,28.568718239210046,0.5885305042716719,follower_3,30.670132029551894,28.456653989361605,29.801881,1.027143
1360,3.0,true_threat,DREAM,occluder,121,vehicle.carlamotors.firetruck,occluder,-5,centre,1,[1],248.51381689893742,-205.255424168822,18.223388091752927,-0.2445222243468746,lead_centre,119.80677030831434,18.2370353047797,18.42783,1.163254
1360,3.0,true_threat,DREAM,lead_left,123,vehicle.tesla.model3,leader,-4,left,0,[0],384.3980964908603,-201.74999242457793,23.664373068578918,0.046195604562588574,,,23.669052186774707,24.333146,0.877731
1360,3.0,true_threat,DREAM,lead_centre,124,vehicle.nissan.patrol_2021,leader,-5,centre,1,[1],375.4003274478275,-205.24967467924893,19.50047032840797,0.781326817214902,,,19.469602277999872,20.102401,0.907738
1360,3.0,true_threat,DREAM,lead_right,125,vehicle.tesla.model3,leader,-6,right,2,[2],386.18600693455346,-208.74968807924142,23.138713505335666,0.043678340250292866,,,23.14519317323284,23.765983,1.0518
1360,3.0,true_threat,DREAM,rear_centre,126,vehicle.nissan.patrol_2021,follower,-5,centre,1,[1],224.62111337261464,-205.24973521237732,17.369477540424356,0.914344817049689,occluder,16.831975657731746,17.312962931053193,20.0,0.888602
1360,3.0,true_threat,DREAM,follower_1,127,vehicle.mercedes.coupe_2020,follower,-4,left,0,[0],237.3414783664656,-201.7515753884575,30.888237442324083,0.5240238156186416,ego,30.977781012740287,30.763680463097014,32.0,0.868232
1360,3.0,true_threat,DREAM,follower_2,128,vehicle.mercedes.coupe_2020,follower,-4,left,0,[0],200.28956565063643,-201.75110799159796,30.207382474481083,0.5788031161948058,follower_1,32.34421632161835,30.141048651504352,31.306896,0.898137
1360,3.0,true_threat,DREAM,follower_3,129,vehicle.audi.a2,follower,-4,left,0,[0],156.09684435993444,-201.75048261862156,28.045812252688172,0.45139333262793485,follower_2,39.895246182834214,28.03808112400931,30.535483,0.93041
1360,3.0,true_threat,DREAM,follower_4,130,vehicle.mercedes.coupe_2020,follower,-4,left,0,[0],121.29183418219213,-201.7498438053769,28.59897438682801,0.6051254165524288,follower_3,30.64304790957906,28.48519536986198,29.801881,1.027143
1361,3.05,true_threat,DREAM,occluder,121,vehicle.carlamotors.firetruck,occluder,-5,centre,1,[1],249.42464461279133,-205.2554949184553,18.21163881323368,-0.23498558023986216,latent_vehicle,23.72470299603556,18.226030727670302,18.42783,1.163254
1361,3.05,true_threat,DREAM,lead_left,123,vehicle.tesla.model3,leader,-4,left,0,[0],385.5813851315655,-201.74998548557613,23.666543610570898,0.04341084566488934,,,23.671338908039974,24.333146,0.877731
1361,3.05,true_threat,DREAM,lead_centre,124,vehicle.nissan.patrol_2021,leader,-5,centre,1,[1],376.3765237789891,-205.24963157626735,19.540005879466428,0.790711032761386,,,19.50819154872216,20.102401,0.907738
1361,3.05,true_threat,DREAM,lead_right,125,vehicle.tesla.model3,leader,-6,right,2,[2],387.3430504595983,-208.74969009350846,23.140788704454355,0.04150398238593911,,,23.147348226691,23.765983,1.0518
1361,3.05,true_threat,DREAM,rear_centre,126,vehicle.nissan.patrol_2021,follower,-5,centre,1,[1],225.490589739283,-205.24972851588532,17.40310981950328,0.6726455816616533,occluder,16.875768416230606,17.35662295251891,20.0,0.888602
1361,3.05,true_threat,DREAM,follower_1,127,vehicle.mercedes.coupe_2020,follower,-4,left,0,[0],238.88667473688082,-201.75083463651603,30.9147895322128,0.5310429580895271,ego,30.91341995434785,30.78715810296193,32.0,0.868232
1361,3.05,true_threat,DREAM,follower_2,128,vehicle.mercedes.coupe_2020,follower,-4,left,0,[0],201.8008875165094,-201.75039405440793,30.236807043828463,0.5884930021461304,follower_1,32.378273895180975,30.16963295837591,31.306896,0.898137
1361,3.05,true_threat,DREAM,follower_3,129,vehicle.audi.a2,follower,-4,left,0,[0],157.4998290640101,-201.7504922851602,28.06803859457106,0.4445268399490535,follower_2,40.003217144126076,28.060561386339096,30.535483,0.93041
1361,3.05,true_threat,DREAM,follower_4,130,vehicle.mercedes.coupe_2020,follower,-4,left,0,[0],122.72268124087526,-201.74927939171303,28.629787503846188,0.6162658327241539,follower_3,30.61550603116637,28.51450357542387,29.801881,1.027143
1362,3.1,true_threat,DREAM,occluder,121,vehicle.carlamotors.firetruck,occluder,-5,centre,1,[1],250.33486198032364,-205.2555811350923,18.200393071052282,-0.22491485698851577,latent_vehicle,24.126960082163393,18.21450758533279,18.42783,1.163254
1362,3.1,true_threat,DREAM,lead_left,123,vehicle.tesla.model3,leader,-4,left,0,[0],386.7647348022181,-201.7499632669646,23.668567286865585,0.04047353281618802,,,23.673487775135136,24.333146,0.877731
1362,3.1,true_threat,DREAM,lead_centre,124,vehicle.nissan.patrol_2021,leader,-5,centre,1,[1],377.3546732350371,-205.249587806996,19.579665410630838,0.7931906370803978,,,19.547241372281608,20.102401,0.907738
1362,3.1,true_threat,DREAM,lead_right,125,vehicle.tesla.model3,leader,-6,right,2,[2],388.50009398464323,-208.74969210777547,23.142736111091214,0.038948132667887755,,,23.14939599154547,23.765983,1.0518
1362,3.1,true_threat,DREAM,rear_centre,126,vehicle.nissan.patrol_2021,follower,-5,centre,1,[1],226.3621413063485,-205.24973637024866,17.447295460467963,0.8837128193216899,occluder,16.917119763416146,17.38867488610879,20.0,0.888602
1362,3.1,true_threat,DREAM,follower_1,127,vehicle.mercedes.coupe_2020,follower,-4,left,0,[0],240.43327492101346,-201.75010866446698,30.94146177430099,0.533446942755244,ego,30.847166363763726,30.811074284005766,32.0,0.868232
1362,3.1,true_threat,DREAM,follower_2,128,vehicle.mercedes.coupe_2020,follower,-4,left,0,[0],203.31364373449767,-201.7497559218522,30.2664585944177,0.5930335651279911,follower_1,32.412148399723236,30.198690004837037,31.306896,0.898137
1362,3.1,true_threat,DREAM,follower_3,129,vehicle.audi.a2,follower,-4,left,0,[0],158.903881883258,-201.7505015873216,28.089744228378606,0.43411267747534144,follower_2,40.11155430592335,28.08270528313536,30.535483,0.93041
1362,3.1,true_threat,DREAM,follower_4,130,vehicle.mercedes.coupe_2020,follower,-4,left,0,[0],124.15513047752212,-201.74872969027152,28.66087913980191,0.6218371612806625,follower_3,30.587643676558912,28.5443133700441,29.801881,1.027143
1363,3.15,true_threat,DREAM,occluder,121,vehicle.carlamotors.firetruck,occluder,-5,centre,1,[1],251.24459105622356,-205.25563700072541,18.18967184600542,-0.21442451744122004,latent_vehicle,24.531687592823502,18.20347792300337,18.42783,1.163254
1363,3.15,true_threat,DREAM,lead_left,123,vehicle.tesla.model3,leader,-4,left,0,[0],387.94826758353406,-201.74995624467658,23.670432654162003,0.03730735313657611,,,23.675491237751956,24.333146,0.877731
1363,3.15,true_threat,DREAM,lead_centre,124,vehicle.nissan.patrol_2021,leader,-5,centre,1,[1],378.334745324422,-205.24961967578653,19.619117042072723,0.7890326442005932,,,19.586410681507488,20.102401,0.907738
1363,3.15,true_threat,DREAM,lead_right,125,vehicle.tesla.model3,leader,-6,right,2,[2],389.6573206099408,-208.74967880078964,23.144550003289662,0.036277843821558374,,,23.151317646629053,23.765983,1.0518
1363,3.15,true_threat,DREAM,rear_centre,126,vehicle.nissan.patrol_2021,follower,-5,centre,1,[1],227.2354323700605,-205.24972837240944,17.47920158900688,0.6381225708554834,occluder,16.95578556388297,17.43080416468073,20.0,0.888602
1363,3.15,true_threat,DREAM,follower_1,127,vehicle.mercedes.coupe_2020,follower,-4,left,0,[0],241.981126346598,-201.74944330072873,30.96801958666404,0.5311593988718286,ego,30.77908111477354,30.835204833370074,32.0,0.868232
1363,3.15,true_threat,DREAM,follower_2,128,vehicle.mercedes.coupe_2020,follower,-4,left,0,[0],204.82783429419058,-201.74916307635445,30.29609300613336,0.5926917486931348,follower_1,32.445992365867596,30.22796691206415,31.306896,0.898137
1363,3.15,true_threat,DREAM,follower_3,129,vehicle.audi.a2,follower,-4,left,0,[0],160.3090028176781,-201.7505105251058,28.11077465842733,0.42060860151109125,follower_2,40.220257704663766,28.10433597482067,30.535483,0.93041
1363,3.15,true_threat,DREAM,follower_4,130,vehicle.mercedes.coupe_2020,follower,-4,left,0,[0],125.58912088300696,-201.74827101581477,28.69198609830578,0.6221444346229268,follower_3,30.559247259159946,28.574352648434495,29.801881,1.027143
1364,3.2,true_threat,DREAM,occluder,121,vehicle.carlamotors.firetruck,occluder,-5,centre,1,[1],252.1537402773513,-205.2556320290106,18.179503749234044,-0.2033619536477214,latent_vehicle,24.938946604811747,18.192962486784293,18.42783,1.163254
1364,3.2,true_threat,DREAM,lead_left,123,vehicle.tesla.model3,leader,-4,left,0,[0],389.1318613947974,-201.74993394277885,23.672133991141138,0.034026746295197426,,,23.677337968061707,24.333146,0.877731
1364,3.2,true_threat,DREAM,lead_centre,124,vehicle.nissan.patrol_2021,leader,-5,centre,1,[1],379.31686210183307,-205.2496813646313,19.658044149505884,0.7785421633213551,,,19.625371696313408,20.102401,0.907738
1364,3.2,true_threat,DREAM,lead_right,125,vehicle.tesla.model3,leader,-6,right,2,[2],390.8145472404438,-208.749680752592,23.146226567239758,0.0335312791988351,,,23.15310754695564,23.765983,1.0518
1364,3.2,true_threat,DREAM,rear_centre,126,vehicle.nissan.patrol_2021,follower,-5,centre,1,[1],228.11064604108248,-205.24971971869127,17.520652092158112,0.8290100630344834,occluder,16.99222357607089,17.46116210179189,20.0,0.888602
1364,3.2,true_threat,DREAM,follower_1,127,vehicle.mercedes.coupe_2020,follower,-4,left,0,[0],243.53035107352903,-201.74880798608183,30.994237924183228,0.5243709539231816,ego,30.70956083696744,30.859326029624146,32.0,0.868232
1364,3.2,true_threat,DREAM,follower_2,128,vehicle.mercedes.coupe_2020,follower,-4,left,0,[0],206.3435202411515,-201.74864601466945,30.325483322977174,0.5878107531172426,follower_1,32.479653231759244,30.257222580705587,31.306896,0.898137
1364,3.2,true_threat,DREAM,follower_3,129,vehicle.audi.a2,follower,-4,left,0,[0],161.7151613496941,-201.75051910892353,28.130983019469458,0.40416722098346697,follower_2,40.32932732993652,28.12529930946874,30.535483,0.93041
1364,3.2,true_threat,DREAM,follower_4,130,vehicle.mercedes.coupe_2020,follower,-4,left,0,[0],127.02463718813078,-201.74787285597182,28.722862344174217,0.6175308019491921,follower_3,30.530377788095237,28.604366527619852,29.801881,1.027143
1365,3.25,true_threat,DREAM,occluder,121,vehicle.carlamotors.firetruck,occluder,-5,centre,1,[1],253.0623706944757,-205.25561197549084,18.16990022820117,-0.1920704369194282,latent_vehicle,25.34888976847452,18.182989526189235,18.42783,1.163254
1365,3.25,true_threat,DREAM,lead_left,123,vehicle.tesla.model3,leader,-4,left,0,[0],390.3154552112661,-201.74992689966928,23.67367320577919,0.030784296861090944,,,23.67902230304764,24.333146,0.877731
1365,3.25,true_threat,DREAM,lead_centre,124,vehicle.nissan.patrol_2021,leader,-5,centre,1,[1],380.30084044619605,-205.24972715963045,19.69615490812638,0.7622151859200648,,,19.663811800379946,20.102401,0.907738
1365,3.25,true_threat,DREAM,lead_right,125,vehicle.tesla.model3,leader,-6,right,2,[2],391.9720180063522,-208.74966736231997,23.147761986078642,0.03070837684356075,,,23.154761930421216,23.765983,1.0518
1365,3.25,true_threat,DREAM,rear_centre,126,vehicle.nissan.patrol_2021,follower,-5,centre,1,[1],228.98750766122737,-205.24971050279106,17.549710550463505,0.5811691661132036,occluder,17.026159126176623,17.50062197208647,20.0,0.888602
1365,3.25,true_threat,DREAM,follower_1,127,vehicle.mercedes.coupe_2020,follower,-4,left,0,[0],245.08082706793886,-201.7483095736866,31.0199069981718,0.5133866518170879,ego,30.638544375468783,30.88321261193834,32.0,0.868232
1365,3.25,true_threat,DREAM,follower_2,128,vehicle.mercedes.coupe_2020,follower,-4,left,0,[0],207.86067105780415,-201.748204747208,30.354400678257814,0.5783522872911058,follower_1,32.51319201172933,30.286233312372207,31.306896,0.898137
1365,3.25,true_threat,DREAM,follower_3,129,vehicle.audi.a2,follower,-4,left,0,[0],163.12226592657692,-201.75052737000718,28.15023198204946,0.38497925154362134,follower_2,40.43885474488147,28.14544881734927,30.535483,0.93041
1365,3.25,true_threat,DREAM,follower_4,130,vehicle.mercedes.coupe_2020,follower,-4,left,0,[0],128.46167940850984,-201.74758098710723,28.75326374333366,0.6080342505632067,follower_3,30.501020014987404,28.634116293860632,29.801881,1.027143
1366,3.3,true_threat,DREAM,occluder,121,vehicle.carlamotors.firetruck,occluder,-5,centre,1,[1],253.97060438310757,-205.2555920573112,18.160872727265208,-0.1805500322793513,latent_vehicle,25.761669718542052,18.173570408747075,18.42783,1.163254
1366,3.3,true_threat,DREAM,lead_left,123,vehicle.tesla.model3,leader,-4,left,0,[0],391.49923213319295,-201.74991979409504,23.675040760721696,0.02735110343857192,,,23.68054613267298,24.333146,0.877731
1366,3.3,true_threat,DREAM,lead_centre,124,vehicle.nissan.patrol_2021,leader,-5,centre,1,[1],381.28677192065084,-205.249787547128,19.73317656711721,0.7404331917025061,,,19.70144295768552,20.102401,0.907738
1366,3.3,true_threat,DREAM,lead_right,125,vehicle.tesla.model3,leader,-6,right,2,[2],393.1294277423133,-208.74966925165765,23.149150540122516,0.02777108087213848,,,23.156277031858266,23.765983,1.0518
1366,3.3,true_threat,DREAM,rear_centre,126,vehicle.nissan.patrol_2021,follower,-5,centre,1,[1],229.86610878322412,-205.24970069347654,17.587470335094043,0.7551956925781614,occluder,17.05792792315617,17.528226278165928,20.0,0.888602
1366,3.3,true_threat,DREAM,follower_1,127,vehicle.mercedes.coupe_2020,follower,-4,left,0,[0],246.6325237706081,-201.74782600364847,31.04482846007658,0.49843520585582246,ego,30.56627604787161,30.906671429675498,32.0,0.868232
1366,3.3,true_threat,DREAM,follower_2,128,vehicle.mercedes.coupe_2020,follower,-4,left,0,[0],209.3792562161614,-201.74780876680452,30.382642903551375,0.564850268166499,follower_1,32.546517189486515,30.314773580746383,31.306896,0.898137
1366,3.3,true_threat,DREAM,follower_3,129,vehicle.audi.a2,follower,-4,left,0,[0],164.53031654832657,-201.7505353083567,28.168410920637378,0.36357877174203934,follower_2,40.548900984651304,28.164647441397126,30.535483,0.93041
1366,3.3,true_threat,DREAM,follower_4,130,vehicle.mercedes.coupe_2020,follower,-4,left,0,[0],129.90027803569342,-201.7473191048693,28.782961413661123,0.5939597969484645,follower_3,30.47108237149118,28.66336512149667,29.801881,1.027143
1367,3.35,true_threat,DREAM,occluder,121,vehicle.carlamotors.firetruck,occluder,-5,centre,1,[1],254.87838030809422,-205.25557229529318,18.152444134152265,-0.16857187314554947,latent_vehicle,26.177225482326293,18.16471648090882,18.42783,1.163254
1367,3.35,true_threat,DREAM,lead_left,123,vehicle.tesla.model3,leader,-4,left,0,[0],392.68300904991435,-201.7498974297326,23.67623856478298,0.023956083866983204,,,23.681900015886363,24.333146,0.877731
1367,3.35,true_threat,DREAM,lead_centre,124,vehicle.nissan.patrol_2021,leader,-5,centre,1,[1],382.2745039321102,-205.24984732038968,19.768861170001063,0.7136920667520265,,,19.73799604759289,20.102401,0.907738
1367,3.35,true_threat,DREAM,lead_right,125,vehicle.tesla.model3,leader,-6,right,2,[2],394.2868374782743,-208.74967114099533,23.150394134761076,0.024871892692053654,,,23.157647208404256,23.765983,1.0518
1367,3.35,true_threat,DREAM,rear_centre,126,vehicle.nissan.patrol_2021,follower,-5,centre,1,[1],230.74629682439644,-205.24970560158977,17.612794205748102,0.5064774130570361,occluder,17.087560489791286,17.564121106195323,20.0,0.888602
1367,3.35,true_threat,DREAM,follower_1,127,vehicle.mercedes.coupe_2020,follower,-4,left,0,[0],248.1855022375109,-201.74741829029853,31.06881730776646,0.4797835178171293,ego,30.492908587808543,30.929491926104536,32.0,0.868232
1367,3.35,true_threat,DREAM,follower_2,128,vehicle.mercedes.coupe_2020,follower,-4,left,0,[0],210.89921469668667,-201.74750387064512,30.41001736199316,0.5474952954634608,follower_1,32.57962873379849,30.34264407021719,31.306896,0.898137
1367,3.35,true_threat,DREAM,follower_3,129,vehicle.audi.a2,follower,-4,left,0,[0],165.9392826973667,-201.75054293438288,28.185416838568635,0.34011835876767416,follower_2,40.659435521258885,28.182784653679164,30.535483,0.93041
1367,3.35,true_threat,DREAM,follower_4,130,vehicle.mercedes.coupe_2020,follower,-4,left,0,[0],131.3403110201978,-201.74714828605389,28.811743634214245,0.5756507000345056,follower_3,30.440534366057214,28.69189229802349,29.801881,1.027143
1368,3.4,true_threat,DREAM,occluder,121,vehicle.carlamotors.firetruck,occluder,-5,centre,1,[1],255.78575951499909,-205.25558318619164,18.144625893606808,-0.156364818681612,latent_vehicle,26.59577080779107,18.156450352040714,18.42783,1.163254
1368,3.4,true_threat,DREAM,lead_left,123,vehicle.tesla.model3,leader,-4,left,0,[0],393.8667859718412,-201.74989032415837,23.677272340119224,0.020675508092587048,,,23.683085843306657,24.333146,0.877731
1368,3.4,true_threat,DREAM,lead_centre,124,vehicle.nissan.patrol_2021,leader,-5,centre,1,[1],383.26397544021603,-205.24989124144884,19.802987464957795,0.6825259055039866,,,19.773226500965414,20.102401,0.907738
1368,3.4,true_threat,DREAM,lead_right,125,vehicle.tesla.model3,leader,-6,right,2,[2],395.4444303144881,-208.74965770908017,23.15149086362284,0.021934577397813914,,,23.15887434127369,23.765983,1.0518
1368,3.4,true_threat,DREAM,rear_centre,126,vehicle.nissan.patrol_2021,follower,-5,centre,1,[1],231.62794970402814,-205.2496947511975,17.646151829560008,0.6671524762234138,occluder,17.115148373605606,17.588141900556696,20.0,0.888602
1368,3.4,true_threat,DREAM,follower_1,127,vehicle.mercedes.coupe_2020,follower,-4,left,0,[0],249.73960988597094,-201.74710174447887,31.09170951429862,0.4578510459885712,ego,30.41844206294961,30.951486312127933,32.0,0.868232
1368,3.4,true_threat,DREAM,follower_2,128,vehicle.mercedes.coupe_2020,follower,-4,left,0,[0],212.42051597659827,-201.74727481035234,30.43634094769429,0.5264779685074092,follower_1,32.61264872017601,30.369655379118473,31.306896,0.898137
1368,3.4,true_threat,DREAM,follower_3,129,vehicle.audi.a2,follower,-4,left,0,[0],167.34898126823919,-201.7505503105504,28.201163904911926,0.3149413272672128,follower_2,40.77042785274405,28.199757543498727,30.535483,0.93041
1368,3.4,true_threat,DREAM,follower_4,130,vehicle.mercedes.coupe_2020,follower,-4,left,0,[0],132.78171731645944,-201.74703803390616,28.83941202887265,0.5533738504523374,follower_3,30.409467530592977,28.719494583525446,29.801881,1.027143
1369,3.45,true_threat,DREAM,occluder,121,vehicle.carlamotors.firetruck,occluder,-5,centre,1,[1],256.6928335357297,-205.25556366362156,18.137423724975108,-0.14404337838369685,latent_vehicle,27.017427838117214,18.14878336855824,18.42783,1.163254
1369,3.45,true_threat,DREAM,lead_left,123,vehicle.tesla.model3,leader,-4,left,0,[0],395.05068495886803,-201.74986791815283,23.67814208534635,0.017394905618304497,,,23.684109280635997,24.333146,0.877731
1369,3.45,true_threat,DREAM,lead_centre,124,vehicle.nissan.patrol_2021,leader,-5,centre,1,[1],384.25506438507375,-205.24994986952495,19.835353272596752,0.6473161562297779,,,19.80691617191532,20.102401,0.907738
1369,3.45,true_threat,DREAM,lead_right,125,vehicle.tesla.model3,leader,-6,right,2,[2],396.60208419106,-208.74965951513164,23.152446448483396,0.01911169730131286,,,23.15995655026326,23.765983,1.0518
1369,3.45,true_threat,DREAM,rear_centre,126,vehicle.nissan.patrol_2021,follower,-5,centre,1,[1],232.5108843218665,-205.24968346355254,17.66707926262995,0.4185486613930495,occluder,17.140874700878776,17.619813437186966,20.0,0.888602
1369,3.45,true_threat,DREAM,follower_1,127,vehicle.mercedes.coupe_2020,follower,-4,left,0,[0],251.29487722835924,-201.74686109699053,31.113342954008424,0.43267580484147283,ego,30.343181768782273,30.972487912213,32.0,0.868232
1369,3.45,true_threat,DREAM,follower_2,128,vehicle.mercedes.coupe_2020,follower,-4,left,0,[0],213.94306849796172,-201.7471063583704,30.46145343764705,0.5022559540327399,follower_1,32.645455088724496,30.395627113141092,31.306896,0.898137
1369,3.45,true_threat,DREAM,follower_3,129,vehicle.audi.a2,follower,-4,left,0,[0],168.7594732960968,-201.75055741603774,28.21557964113316,0.2883147250723586,follower_2,40.88203056178313,28.21548026045184,30.535483,0.93041
1369,3.45,true_threat,DREAM,follower_4,130,vehicle.mercedes.coupe_2020,follower,-4,left,0,[0],134.2244969400945,-201.74703412479067,28.86578729190967,0.5275107168506321,follower_3,30.377759805203837,28.74598084395016,29.801881,1.027143
1370,3.5,true_threat,DREAM,occluder,121,vehicle.carlamotors.firetruck,occluder,-5,centre,1,[1],257.5994803103914,-205.25554428680232,18.13084525975459,-0.1315693075153632,latent_vehicle,27.442196724260967,18.14172123512599,18.42783,1.163254
1370,3.5,true_threat,DREAM,lead_left,123,vehicle.tesla.model3,leader,-4,left,0,[0],396.2347060214056,-201.74986072929238,23.678861154141874,0.014381376179209095,,,23.684970327148616,24.333146,0.877731
1370,3.5,true_threat,DREAM,lead_centre,124,vehicle.nissan.patrol_2021,leader,-5,centre,1,[1],385.24774023869634,-205.24999269745246,19.865781209177733,0.6085587324251341,,,19.83886578895332,20.102401,0.907738
1370,3.5,true_threat,DREAM,lead_right,125,vehicle.tesla.model3,leader,-6,right,2,[2],397.7596770272737,-208.7496460832165,23.15326279683699,0.016326967101129235,,,23.160899482210578,23.765983,1.0518
1370,3.5,true_threat,DREAM,rear_centre,126,vehicle.nissan.patrol_2021,follower,-5,centre,1,[1],233.39510067791153,-205.24967173865494,17.695548352720778,0.5693818018319862,occluder,17.165014103771014,17.639639835078572,20.0,0.888602
1370,3.5,true_threat,DREAM,follower_1,127,vehicle.mercedes.coupe_2020,follower,-4,left,0,[0],252.85112116442303,-201.74671166908635,31.13358601321686,0.40486804655854497,ego,30.266975263175652,30.992325158154657,32.0,0.868232
1370,3.5,true_threat,DREAM,follower_2,128,vehicle.mercedes.coupe_2020,follower,-4,left,0,[0],215.46687226598243,-201.74701377348742,30.485204141349712,0.4750199305480883,follower_1,32.67816990974933,30.420401615565524,31.306896,0.898137
1370,3.5,true_threat,DREAM,follower_3,129,vehicle.audi.a2,follower,-4,left,0,[0],170.17063671063406,-201.75056429248792,28.228612548990075,0.26065815801338615,follower_2,40.99409105528901,28.229880248974304,30.535483,0.93041
1370,3.5,true_threat,DREAM,follower_4,130,vehicle.mercedes.coupe_2020,follower,-4,left,0,[0],135.66852779997606,-201.74707556519783,28.890707278710586,0.4984045420286437,follower_3,30.345472209426354,28.771179865399453,29.801881,1.027143
1371,3.55,true_threat,DREAM,occluder,121,vehicle.carlamotors.firetruck,occluder,-5,centre,1,[1],258.5058524320713,-205.2555402624683,18.124896220077858,-0.11898079419905346,latent_vehicle,27.870321752584033,18.135271542775946,18.42783,1.163254
1371,3.55,true_threat,DREAM,lead_left,123,vehicle.tesla.model3,leader,-4,left,0,[0],397.41866604879044,-201.74985356125347,23.679431451515143,0.011405947450333713,,,23.685682203488728,24.333146,0.877731
1371,3.55,true_threat,DREAM,lead_centre,124,vehicle.nissan.patrol_2021,leader,-5,centre,1,[1],386.24188094118904,-205.25005028445082,19.894130130748064,0.5669784302735764,,,19.86890059150367,20.102401,0.907738
1371,3.55,true_threat,DREAM,lead_right,125,vehicle.tesla.model3,leader,-6,right,2,[2],398.9173309038456,-208.74964788926795,23.153945631537184,0.013656693957822683,,,23.1617050200426,23.765983,1.0518
1371,3.55,true_threat,DREAM,rear_centre,126,vehicle.nissan.patrol_2021,follower,-5,centre,1,[1],234.28029359639973,-205.24965968061244,17.711629213613538,0.3216172179084162,occluder,17.1874445223877,17.666646149542075,20.0,0.888602
1371,3.55,true_threat,DREAM,follower_1,127,vehicle.mercedes.coupe_2020,follower,-4,left,0,[0],254.4083111713806,-201.74663821238894,31.152314702437007,0.37458027594881954,ego,30.19012793531421,31.01085687085293,32.0,0.868232
1371,3.55,true_threat,DREAM,follower_2,128,vehicle.mercedes.coupe_2020,follower,-4,left,0,[0],216.99183573313678,-201.74701234572396,30.507461437159712,0.4451512958019884,follower_1,32.710610077792396,30.443830317773656,31.306896,0.898137
1371,3.55,true_threat,DREAM,follower_3,129,vehicle.audi.a2,follower,-4,left,0,[0],171.5824104766983,-201.7505709607226,28.24021494448529,0.23204791103581449,follower_2,41.10673140877247,28.242905794776824,30.535483,0.93041
1371,3.55,true_threat,DREAM,follower_4,130,vehicle.mercedes.coupe_2020,follower,-4,left,0,[0],137.11377937852774,-201.7471623655384,28.914023196627536,0.4663224408488398,follower_3,30.31260476408206,28.79493729594555,29.801881,1.027143
1372,3.6,true_threat,DREAM,occluder,121,vehicle.carlamotors.firetruck,occluder,-5,centre,1,[1],259.41194989035876,-205.25552107304307,18.11957660606881,-0.10639227870548845,latent_vehicle,28.301650501777132,18.129439981130737,18.42783,1.163254
1372,3.6,true_threat,DREAM,lead_left,123,vehicle.tesla.model3,leader,-4,left,0,[0],398.60262607097,-201.7498311344264,23.679864422518538,0.008659419964508381,,,23.686246796020544,24.333146,0.877731
1372,3.6,true_threat,DREAM,lead_centre,124,vehicle.nissan.patrol_2021,leader,-5,centre,1,[1],387.237364417041,-205.25010741337496,19.920270337615516,0.5228041352854058,,,19.896881611102458,20.102401,0.907738
1372,3.6,true_threat,DREAM,lead_right,125,vehicle.tesla.model3,leader,-6,right,2,[2],400.0749847804175,-208.74964969531942,23.154498766363186,0.011062696672627643,,,23.16237881140214,23.765983,1.0518
1372,3.6,true_threat,DREAM,rear_centre,126,vehicle.nissan.patrol_2021,follower,-5,centre,1,[1],235.16649360011283,-205.24966253780244,17.734942742047487,0.46627056877893147,occluder,17.20862372557945,17.68186746543366,20.0,0.888602
1372,3.6,true_threat,DREAM,follower_1,127,vehicle.mercedes.coupe_2020,follower,-4,left,0,[0],255.96647776680828,-201.7466407164875,31.169426009030406,0.3422320686167974,ego,30.11273149408865,31.027946896482714,32.0,0.868232
1372,3.6,true_threat,DREAM,follower_2,128,vehicle.mercedes.coupe_2020,follower,-4,left,0,[0],218.5178062959268,-201.74705635076933,30.528116588536236,0.4131077933500924,follower_1,32.74283661759562,30.465783893313425,31.306896,0.898137
1372,3.6,true_threat,DREAM,follower_3,129,vehicle.audi.a2,follower,-4,left,0,[0],172.99470304156048,-201.750577451974,28.25037538419005,0.20320879534984054,follower_2,41.21992110986255,28.254509066410595,30.535483,0.93041
1372,3.6,true_threat,DREAM,follower_4,130,vehicle.mercedes.coupe_2020,follower,-4,left,0,[0],138.56012962106036,-201.74734034382,28.93560532527452,0.43164589661711694,follower_3,30.279126951594627,28.817111450190986,29.801881,1.027143
1373,3.65,true_threat,DREAM,occluder,121,vehicle.carlamotors.firetruck,occluder,-5,centre,1,[1],260.3177726956644,-205.25551723610303,18.11489023340366,-0.09372745017318285,latent_vehicle,28.736244178770733,18.124226617686265,18.42783,1.163254
1373,3.65,true_threat,DREAM,lead_left,123,vehicle.tesla.model3,leader,-4,left,0,[0],399.7866471335076,-201.74982394556594,23.680161973046893,0.005951010317948829,,,23.68667543562066,24.333146,0.877731
1373,3.65,true_threat,DREAM,lead_centre,124,vehicle.nissan.patrol_2021,leader,-5,centre,1,[1],388.2340685907417,-205.25014886707982,19.94410646163943,0.4767224784861005,,,19.92268118327629,20.102401,0.907738
1373,3.65,true_threat,DREAM,lead_right,125,vehicle.tesla.model3,leader,-6,right,2,[2],401.23282175724205,-208.74963618011805,23.154929829971657,0.008621272229004976,,,23.162924620022835,23.765983,1.0518
1373,3.65,true_threat,DREAM,rear_centre,126,vehicle.nissan.patrol_2021,follower,-5,centre,1,[1],236.0535786083347,-205.24964983429174,17.74593670449893,0.2198792491582136,occluder,17.22852118015377,17.703975584639412,20.0,0.888602
1373,3.65,true_threat,DREAM,follower_1,127,vehicle.mercedes.coupe_2020,follower,-4,left,0,[0],257.5254378348372,-201.74668872627038,31.184826454018356,0.3080141412015596,ego,30.03463356503815,31.04347618591369,32.0,0.868232
1373,3.65,true_threat,DREAM,follower_2,128,vehicle.mercedes.coupe_2020,follower,-4,left,0,[0],220.04475344198153,-201.74716105782255,30.54706658070801,0.3790039180151092,follower_1,32.77503265023329,30.486155919379943,31.306896,0.898137
1373,3.65,true_threat,DREAM,follower_3,129,vehicle.audi.a2,follower,-4,left,0,[0],174.40748388764428,-201.750583776653,28.25906907269927,0.17387377150645697,follower_2,41.33359910779038,28.26467816360352,30.535483,0.93041
1373,3.65,true_threat,DREAM,follower_4,130,vehicle.mercedes.coupe_2020,follower,-4,left,0,[0],140.00748694881787,-201.74753323733415,28.955348740028438,0.3948708677470514,follower_3,30.245069273924216,28.83758081614657,29.801881,1.027143
1374,3.7,true_threat,DREAM,occluder,121,vehicle.carlamotors.firetruck,occluder,-5,centre,1,[1],261.2233818727303,-205.25549821325026,18.110839007821685,-0.08102450695929703,latent_vehicle,29.174255527608295,18.119635270383355,18.42783,1.163254
1374,3.7,true_threat,DREAM,lead_left,123,vehicle.tesla.model3,leader,-4,left,0,[0],400.97060715568716,-201.74980151873885,23.680337455734,0.0035096540502228394,,,23.686970009342335,24.333146,0.877731
1374,3.7,true_threat,DREAM,lead_centre,124,vehicle.nissan.patrol_2021,leader,-5,centre,1,[1],389.2318714023962,-205.25020520478483,19.96556602572485,0.429191281192925,,,19.94620552614686,20.102401,0.907738
1374,3.7,true_threat,DREAM,lead_right,125,vehicle.tesla.model3,leader,-6,right,2,[2],402.3905977041193,-208.7496379445264,23.155250268339827,0.00640876736778292,,,23.16334997388079,23.765983,1.0518
1374,3.7,true_threat,DREAM,rear_centre,126,vehicle.nissan.patrol_2021,follower,-5,centre,1,[1],236.94139603838894,-205.24963688092234,17.764016468667748,0.3615952835896986,occluder,17.247258977237585,17.714378992745967,20.0,0.888602
1374,3.7,true_threat,DREAM,follower_1,127,vehicle.mercedes.coupe_2020,follower,-4,left,0,[0],259.08506932077813,-201.74682805974518,31.198447352957,0.2724224411798102,ego,29.956047802429538,31.057347056100717,32.0,0.868232
1374,3.7,true_threat,DREAM,follower_2,128,vehicle.mercedes.coupe_2020,follower,-4,left,0,[0],221.57261613614833,-201.7473264877051,30.564240822092533,0.3434881671808878,follower_1,32.80704557220746,30.50484469783662,31.306896,0.898137
1374,3.7,true_threat,DREAM,follower_3,129,vehicle.audi.a2,follower,-4,left,0,[0],175.8206004270679,-201.75058998681342,28.266305546896792,0.14472948527762175,follower_2,41.44776540776135,28.273388076044537,30.535483,0.93041
1374,3.7,true_threat,DREAM,follower_4,130,vehicle.mercedes.coupe_2020,follower,-4,left,0,[0],141.45579034746913,-201.74780210205503,28.973161871671724,0.3562645145896057,follower_3,30.210492792250477,28.856246859193167,29.801881,1.027143
1375,3.75,true_threat,DREAM,occluder,121,vehicle.carlamotors.firetruck,occluder,-5,centre,1,[1],262.12880794954344,-205.2554945116503,18.107417208413313,-0.06843598262784904,latent_vehicle,29.615623721352662,18.115667865022676,18.42783,1.163254
1375,3.75,true_threat,DREAM,lead_left,123,vehicle.tesla.model3,leader,-4,left,0,[0],402.15462821822473,-201.74979432987837,23.680400405640093,0.0012589981112932338,,,23.68714373638246,24.333146,0.877731
1375,3.75,true_threat,DREAM,lead_centre,124,vehicle.nissan.patrol_2021,leader,-5,centre,1,[1],390.2307118064414,-205.25024592973526,19.984593715207538,0.38055379157695945,,,19.96738343706273,20.102401,0.907738
1375,3.75,true_threat,DREAM,lead_right,125,vehicle.tesla.model3,leader,-6,right,2,[2],403.54843468094384,-208.74962442932502,23.15546198777039,0.00423438852992334,,,23.163666167603452,23.765983,1.0518
1375,3.75,true_threat,DREAM,rear_centre,126,vehicle.nissan.patrol_2021,follower,-5,centre,1,[1],237.82973226203572,-205.24960849178157,17.7698739426902,0.11714948074271173,occluder,17.265050724249186,17.731530866028162,20.0,0.888602
1375,3.75,true_threat,DREAM,follower_1,127,vehicle.mercedes.coupe_2020,follower,-4,left,0,[0],260.6453416862332,-201.74699769217003,31.2102314637548,0.23568585505894188,ego,29.876974294754348,31.06947339455404,32.0,0.868232
1375,3.75,true_threat,DREAM,follower_2,128,vehicle.mercedes.coupe_2020,follower,-4,left,0,[0],223.10127229771098,-201.7475221644838,30.579572536749648,0.3066369021143096,follower_1,32.838814363981626,30.521780574080758,31.306896,0.898137
1375,3.75,true_threat,DREAM,follower_3,129,vehicle.audi.a2,follower,-4,left,0,[0],177.23408317740768,-201.75059607204452,28.272100065214474,0.11589036772385734,follower_2,41.56251156250452,28.2806479100757,30.535483,0.93041
1375,3.75,true_threat,DREAM,follower_4,130,vehicle.mercedes.coupe_2020,follower,-4,left,0,[0],142.9049482434636,-201.74808593406232,28.988968409745798,0.31613202987110495,follower_3,30.17530593302282,28.873024237304737,29.801881,1.027143
1376,3.8,true_threat,DREAM,occluder,121,vehicle.carlamotors.firetruck,occluder,-5,centre,1,[1],263.0340814384748,-205.25549086210427,18.104626741844843,-0.0558093250848229,latent_vehicle,30.060440494921494,18.112318827884874,18.42783,1.163254
1376,3.8,true_threat,DREAM,lead_left,123,vehicle.tesla.model3,leader,-4,left,0,[0],403.33858824560957,-201.74978716183946,23.680360360729562,-0.0008008972061454983,,,23.687206056485785,24.333146,0.877731
1376,3.8,true_threat,DREAM,lead_centre,124,vehicle.nissan.patrol_2021,leader,-5,centre,1,[1],391.2304067078296,-205.25030162197206,20.00115710750139,0.3312678508546672,,,19.98616063051699,20.102401,0.907738
1376,3.8,true_threat,DREAM,lead_right,125,vehicle.tesla.model3,leader,-6,right,2,[2],404.70627166297385,-208.74962617291183,23.155576432421288,0.002288893179235482,,,23.163875082423203,23.765983,1.0518
1376,3.8,true_threat,DREAM,rear_centre,126,vehicle.nissan.patrol_2021,follower,-5,centre,1,[1],238.71861780726218,-205.24959517403497,17.782822940282106,0.25897995222735676,occluder,17.282140577415532,17.73708350247489,20.0,0.888602
1376,3.8,true_threat,DREAM,follower_1,127,vehicle.mercedes.coupe_2020,follower,-4,left,0,[0],262.2061023589368,-201.74724345196327,31.22014062023144,0.1981859626929666,ego,29.79738256607942,31.07979399787926,32.0,0.868232
1376,3.8,true_threat,DREAM,follower_2,128,vehicle.mercedes.coupe_2020,follower,-4,left,0,[0],224.63066090192754,-201.74777862655654,30.593015932656815,0.26886984824852345,follower_1,32.87043056787403,30.536898344214542,31.306896,0.898137
1376,3.8,true_threat,DREAM,follower_3,129,vehicle.audi.a2,follower,-4,left,0,[0],178.6478100683583,-201.7506020739894,28.27646979434974,0.08739458398863535,follower_2,41.67768497372735,28.286472427014264,30.535483,0.93041
1376,3.8,true_threat,DREAM,follower_4,130,vehicle.mercedes.coupe_2020,follower,-4,left,0,[0],144.35477752613772,-201.7483695370325,29.00271684597349,0.27496949428623185,follower_3,30.139630787368176,28.887843797441032,29.801881,1.027143
1377,3.85,true_threat,DREAM,occluder,121,vehicle.carlamotors.firetruck,occluder,-5,centre,1,[1],263.93923285189544,-205.25547199541316,18.102461886292062,-0.0432971044274361,latent_vehicle,30.508583965403375,18.10959007406093,18.42783,1.163254
1377,3.85,true_threat,DREAM,lead_left,123,vehicle.tesla.model3,leader,-4,left,0,[0],404.52254826778915,-201.7497647350124,23.680224947746158,-0.002708259275266038,,,23.68716641221814,24.333146,0.877731
1377,3.85,true_threat,DREAM,lead_centre,124,vehicle.nissan.patrol_2021,leader,-5,centre,1,[1],392.2308950662029,-205.25035704352865,20.01524284980845,0.28171485508145305,,,20.00250538550937,20.102401,0.907738
1377,3.85,true_threat,DREAM,lead_right,125,vehicle.tesla.model3,leader,-6,right,2,[2],405.8640476098511,-208.74962793732018,23.155605045454422,0.0005722607279266012,,,23.163988011013505,23.765983,1.0518
1377,3.85,true_threat,DREAM,rear_centre,126,vehicle.nissan.patrol_2021,follower,-5,centre,1,[1],239.60783904582848,-205.24958174176982,17.783656459036084,0.016670375563977814,occluder,17.298528521120474,17.749390937826636,20.0,0.888602
1377,3.85,true_threat,DREAM,follower_1,127,vehicle.mercedes.coupe_2020,follower,-4,left,0,[0],263.76735131286193,-201.7474890451841,31.228148100701095,0.16015168666662621,ego,29.717272632020837,31.088256246749932,32.0,0.868232
1377,3.85,true_threat,DREAM,follower_2,128,vehicle.mercedes.coupe_2020,follower,-4,left,0,[0],226.1606598576711,-201.7480348804137,30.604542384184494,0.2305303538282157,follower_1,32.90180263636106,30.550152877453733,31.306896,0.898137
1377,3.85,true_threat,DREAM,follower_3,129,vehicle.audi.a2,follower,-4,left,0,[0],180.06172006476697,-201.75060801346962,28.279466232781797,0.05992876981608707,follower_2,41.79334668699333,28.29087844006704,30.535483,0.93041
1377,3.85,true_threat,DREAM,follower_4,130,vehicle.mercedes.coupe_2020,follower,-4,left,0,[0],145.80527820069693,-201.74866816975376,29.014369026547108,0.2330440055875993,follower_3,30.103528395644645,28.900659363539724,29.801881,1.027143
1378,3.9,true_threat,DREAM,occluder,121,vehicle.carlamotors.firetruck,occluder,-5,centre,1,[1],264.8443232301633,-205.2554531495436,18.100909292050666,-0.03105187886959542,latent_vehicle,30.960023766178267,18.10747601528257,18.42783,1.163254
1378,3.9,true_threat,DREAM,lead_left,123,vehicle.tesla.model3,leader,-4,left,0,[0],405.7065693303267,-201.74975754615193,23.68000752055127,-0.004348542363334716,,,23.68703235400479,24.333146,0.877731
1378,3.9,true_threat,DREAM,lead_centre,124,vehicle.nissan.patrol_2021,leader,-5,centre,1,[1],393.2319937708978,-205.25039699808153,20.02686238776816,0.23239077205081057,,,20.01640476770215,20.102401,0.907738
1378,3.9,true_threat,DREAM,lead_right,125,vehicle.tesla.model3,leader,-6,right,2,[2],407.0218845866757,-208.7496144221188,23.155549735300795,-0.001106203055708937,,,23.164016245003197,23.765983,1.0518
1378,3.9,true_threat,DREAM,rear_centre,126,vehicle.nissan.patrol_2021,follower,-5,centre,1,[1],240.49721287227652,-205.2495682574508,17.79172836717467,0.16143816338516517,occluder,17.31445869597477,17.750207981364433,20.0,0.888602
1378,3.9,true_threat,DREAM,follower_1,127,vehicle.mercedes.coupe_2020,follower,-4,left,0,[0],265.3289359965647,-201.7478413354036,31.234250076623052,0.12204093606246541,ego,29.636644424908624,31.09482734140497,32.0,0.868232
1378,3.9,true_threat,DREAM,follower_2,128,vehicle.mercedes.coupe_2020,follower,-4,left,0,[0],227.69111660829225,-201.74838253083828,30.614134715634655,0.19184745293479583,follower_1,32.933052634542655,30.561516458647855,31.306896,0.898137
1378,3.9,true_threat,DREAM,follower_3,129,vehicle.audi.a2,follower,-4,left,0,[0],181.47572161390474,-201.7506139217175,28.28111989761476,0.03307329780323139,follower_2,41.9094356463282,28.293916755774926,30.535483,0.93041
1378,3.9,true_threat,DREAM,follower_4,130,vehicle.mercedes.coupe_2020,follower,-4,left,0,[0],147.2562366701337,-201.74905819904237,29.023900153559353,0.19062268589844725,follower_3,30.06693771749414,28.911438100062465,29.801881,1.027143
1379,3.95,true_threat,DREAM,occluder,121,vehicle.carlamotors.firetruck,occluder,-5,centre,1,[1],265.7494441260076,-205.25543429326328,18.099961328755548,-0.018959260331673125,latent_vehicle,31.414668490267985,18.105963554918123,18.42783,1.163254
1379,3.95,true_threat,DREAM,lead_left,123,vehicle.tesla.model3,leader,-4,left,0,[0],406.89052935250623,-201.74973511932484,23.67971761376177,-0.005798135020497043,,,23.686817102061205,24.333146,0.877731
1379,3.95,true_threat,DREAM,lead_centre,124,vehicle.nissan.patrol_2021,leader,-5,centre,1,[1],394.2335807568143,-205.25043678606195,20.036040517387598,0.18356260918911582,,,20.027870277996122,20.102401,0.907738
1379,3.95,true_threat,DREAM,lead_right,125,vehicle.tesla.model3,leader,-6,right,2,[2],408.1796605335529,-208.74961618652716,23.155427668796197,-0.0024413301491932452,,,23.16396166755465,23.765983,1.0518
1379,3.95,true_threat,DREAM,rear_centre,126,vehicle.nissan.patrol_2021,follower,-5,centre,1,[1],241.38670877423536,-205.2495699902768,17.78780686665626,-0.07843000963580773,occluder,17.330175247794607,17.75792154836246,20.0,0.888602
1379,3.95,true_threat,DREAM,follower_1,127,vehicle.mercedes.coupe_2020,follower,-4,left,0,[0],266.8907343033019,-201.74819355274764,31.238444626503465,0.08389186217231513,ego,29.555650454543652,31.099487322122155,32.0,0.868232
1379,3.95,true_threat,DREAM,follower_2,128,vehicle.mercedes.coupe_2020,follower,-4,left,0,[0],229.22206163492956,-201.74871475590223,30.621796732496666,0.1532407729623844,follower_1,32.96418056762427,30.57097261147391,31.306896,0.898137
1379,3.95,true_threat,DREAM,follower_3,129,vehicle.audi.a2,follower,-4,left,0,[0],182.8897536806188,-201.7506198195546,28.28149754661573,0.007552981031161534,follower_2,42.02589084781159,28.29561753624332,30.535483,0.93041
1379,3.95,true_threat,DREAM,follower_4,130,vehicle.mercedes.coupe_2020,follower,-4,left,0,[0],148.70765290321572,-201.74944807216934,29.031310223921313,0.14820142139661047,follower_3,30.029980797195115,28.920160018984507,29.801881,1.027143
1380,4.0,true_threat,DREAM,occluder,121,vehicle.carlamotors.firetruck,occluder,-5,centre,1,[1],266.65447346912276,-205.2554154682153,18.099579849456592,-0.007629580975362607,latent_vehicle,31.872426715078205,18.105045217187484,18.42783,1.163254
1380,4.0,true_threat,DREAM,lead_left,123,vehicle.tesla.model3,leader,-4,left,0,[0],408.07455041504386,-201.7497279304644,23.67936667309651,-0.007018811442667896,,,23.686530095552218,24.333146,0.877731
1380,4.0,true_threat,DREAM,lead_centre,124,vehicle.nissan.patrol_2021,leader,-5,centre,1,[1],395.2355949627728,-205.25040013435063,20.04281729426769,0.1355355576906639,,,20.03692655339301,20.102401,0.907738
1380,4.0,true_threat,DREAM,lead_right,125,vehicle.tesla.model3,leader,-6,right,2,[2],409.3374975103775,-208.7496026713258,23.155244566963923,-0.0036620367830481207,,,23.163841218071774,23.765983,1.0518
1380,4.0,true_threat,DREAM,rear_centre,126,vehicle.nissan.patrol_2021,follower,-5,centre,1,[1],242.27620469181036,-205.24961749946735,17.791383153876684,0.07152574521675768,occluder,17.34580024168004,17.754263914857283,20.0,0.888602
1380,4.0,true_threat,DREAM,follower_1,127,vehicle.mercedes.coupe_2020,follower,-4,left,0,[0],268.45274622786815,-201.74853043842805,31.240750816947074,0.04612425588810925,ego,29.47416853610197,31.10222036838301,32.0,0.868232
1380,4.0,true_threat,DREAM,follower_2,128,vehicle.mercedes.coupe_2020,follower,-4,left,0,[0],230.75334236531754,-201.74907738402396,30.6275379686117,0.11482489448802143,follower_1,32.99503384772413,30.578524519570884,31.306896,0.898137
1380,4.0,true_threat,DREAM,follower_3,129,vehicle.audi.a2,follower,-4,left,0,[0],184.3037857473329,-201.7506257173917,28.280662121795107,-0.0167084954420185,follower_2,42.14280380773482,28.296046875906335,30.535483,0.93041
1380,4.0,true_threat,DREAM,follower_4,130,vehicle.mercedes.coupe_2020,follower,-4,left,0,[0],150.15937430685582,-201.74982258240036,29.036610686834603,0.1060092533768926,follower_3,29.992596630827194,28.92682877285492,29.801881,1.027143
1381,4.05,true_threat,DREAM,occluder,121,vehicle.carlamotors.firetruck,occluder,-5,centre,1,[1],267.55944178229066,-205.255411922777,18.099692374888694,0.0022505129674284165,latent_vehicle,32.333207012809225,18.104683509514903,18.42783,1.163254
1381,4.05,true_threat,DREAM,lead_left,123,vehicle.tesla.model3,leader,-4,left,0,[0],409.25851044242876,-201.74972076242548,23.67896614076648,-0.008010645646693177,,,23.686182665618997,24.333146,0.877731
1381,4.05,true_threat,DREAM,lead_centre,124,vehicle.nissan.patrol_2021,leader,-5,centre,1,[1],396.2377922689839,-205.25034816138643,20.0472480349312,0.0886148342555624,,,20.043613250281208,20.102401,0.907738
1381,4.05,true_threat,DREAM,lead_right,125,vehicle.tesla.model3,leader,-6,right,2,[2],410.49533449240744,-208.7496044149126,23.15500615290926,-0.004768280899147791,,,23.16366054175163,23.765983,1.0518
1381,4.05,true_threat,DREAM,rear_centre,126,vehicle.nissan.patrol_2021,follower,-5,centre,1,[1],243.1654869967617,-205.24969559910969,17.78308619123665,-0.1659392522732365,occluder,17.361333667220244,17.75774836129428,20.0,0.888602
1381,4.05,true_threat,DREAM,follower_1,127,vehicle.mercedes.coupe_2020,follower,-4,left,0,[0],270.01484970516344,-201.74886729287613,31.241201070058924,0.009005230671061824,ego,29.392076474348883,31.103025223196425,32.0,0.868232
1381,4.05,true_threat,DREAM,follower_2,128,vehicle.mercedes.coupe_2020,follower,-4,left,0,[0],232.2848061959582,-201.74942469089285,30.63139084789756,0.07705761313452389,follower_1,33.02576504190241,30.58418238553227,31.306896,0.898137
1381,4.05,true_threat,DREAM,follower_3,129,vehicle.audi.a2,follower,-4,left,0,[0],185.7177567788943,-201.75063163605034,28.27868801019585,-0.03948223112008835,follower_2,42.260052471408684,28.295267109290922,30.535483,0.93041
1381,4.05,true_threat,DREAM,follower_4,130,vehicle.mercedes.coupe_2020,follower,-4,left,0,[0],151.61127881595405,-201.7501970301667,29.039822529790452,0.0642369295589228,follower_3,29.954907293901172,28.931459886305618,29.801881,1.027143
1382,4.1,true_threat,DREAM,occluder,121,vehicle.carlamotors.firetruck,occluder,-5,centre,1,[1],268.4645321605585,-205.25539307690744,18.10026457275577,0.011443960923974475,latent_vehicle,32.796948442005316,18.104807170821523,18.42783,1.163254
1382,4.1,true_threat,DREAM,lead_left,123,vehicle.tesla.model3,leader,-4,left,0,[0],410.4424704646083,-201.7496983355984,23.67852364704328,-0.008849872589189706,,,23.685786139934216,24.333146,0.877731
1382,4.1,true_threat,DREAM,lead_centre,124,vehicle.nissan.patrol_2021,leader,-5,centre,1,[1],397.24023371580586,-205.25029610513604,20.04940331260381,0.0431055736583283,,,20.04798504610946,20.102401,0.907738
1382,4.1,true_threat,DREAM,lead_right,125,vehicle.tesla.model3,leader,-6,right,2,[2],411.6531104392847,-208.74960617932095,23.15472577596871,-0.005607538748125017,,,23.163425285832435,23.765983,1.0518
1382,4.1,true_threat,DREAM,rear_centre,126,vehicle.nissan.patrol_2021,follower,-5,centre,1,[1],244.05455568388396,-205.24978903041566,17.78264559304889,-0.008811963843335005,occluder,17.3770196754368,17.749970942663506,20.0,0.888602
1382,4.1,true_threat,DREAM,follower_1,127,vehicle.mercedes.coupe_2020,follower,-4,left,0,[0],271.5769226648824,-201.749204157735,31.239841162573175,-0.02719812679331028,ego,29.309343579930157,31.10191585631374,32.0,0.868232
1382,4.1,true_threat,DREAM,follower_2,128,vehicle.mercedes.coupe_2020,follower,-4,left,0,[0],233.81645313726233,-201.74978719408526,30.63339733583675,0.040129752610072726,follower_1,33.056404688557045,30.58797832360449,31.306896,0.898137
1382,4.1,true_threat,DREAM,follower_3,129,vehicle.audi.a2,follower,-4,left,0,[0],187.13157522257396,-201.7506376067629,28.275657227791722,-0.06061564730871382,follower_2,42.37754527048794,28.293352004211528,30.535483,0.93041
1382,4.1,true_threat,DREAM,follower_4,130,vehicle.mercedes.coupe_2020,follower,-4,left,0,[0],153.06333587129086,-201.75044935557375,29.040989631085186,0.023342246185232177,follower_3,29.916973816364347,28.934077907999946,29.801881,1.027143
1383,4.15,true_threat,DREAM,occluder,121,vehicle.carlamotors.firetruck,occluder,-5,centre,1,[1],269.3695920212501,-205.25537424144866,18.10127355484783,0.020179644658371704,latent_vehicle,33.263468016932364,18.105382451200825,18.42783,1.163254
1383,4.15,true_threat,DREAM,lead_left,123,vehicle.tesla.model3,leader,-4,left,0,[0],411.62649152714584,-201.74969114673794,23.67805254323841,-0.009422075033751805,,,23.685348072372307,24.333146,0.877731
1383,4.15,true_threat,DREAM,lead_centre,124,vehicle.nissan.patrol_2021,leader,-5,centre,1,[1],398.24273620298595,-205.25025928685224,20.049365142405406,-0.0007633849388096788,,,20.05011163668031,20.102401,0.907738
1383,4.15,true_threat,DREAM,lead_right,125,vehicle.tesla.model3,leader,-6,right,2,[2],412.81094741610934,-208.74959266411958,23.154411066960904,-0.006294180162821619,,,23.16314862276104,23.765983,1.0518
1383,4.15,true_threat,DREAM,rear_centre,126,vehicle.nissan.patrol_2021,follower,-5,centre,1,[1],244.94328866725562,-205.2498520586638,17.770451906048407,-0.2438737410460286,occluder,17.39304136658241,17.74967571861748,20.0,0.888602
1383,4.15,true_threat,DREAM,follower_1,127,vehicle.mercedes.coupe_2020,follower,-4,left,0,[0],273.1387820067722,-201.7495563542575,31.236722596962135,-0.062371314310558694,ego,29.225939158286266,31.098920206562646,32.0,0.868232
1383,4.15,true_threat,DREAM,follower_2,128,vehicle.mercedes.coupe_2020,follower,-4,left,0,[0],235.34806955578475,-201.75013444890027,30.63361084405189,0.0042702194620155565,follower_1,33.08683070697184,30.589953487105326,31.306896,0.898137
1383,4.15,true_threat,DREAM,follower_3,129,vehicle.audi.a2,follower,-4,left,0,[0],188.54524107837187,-201.75064362952932,28.271642253335617,-0.08029948836250703,follower_2,42.49537376811244,28.290382937144393,30.535483,0.93041
1383,4.15,true_threat,DREAM,follower_4,130,vehicle.mercedes.coupe_2020,follower,-4,left,0,[0],154.51536242466756,-201.75074746775613,29.040161596209817,-0.016560282040721915,follower_3,29.878735204707162,28.934728203058526,29.801881,1.027143
1384,4.2,true_threat,DREAM,occluder,121,vehicle.carlamotors.firetruck,occluder,-5,centre,1,[1],270.27468239951804,-205.25535539557913,18.102707877035897,0.028686445828974245,latent_vehicle,33.732674247325974,18.106386856328314,18.42783,1.163254
1384,4.2,true_threat,DREAM,lead_left,123,vehicle.tesla.model3,leader,-4,left,0,[0],412.8103905141727,-201.7496687407324,23.677560458639938,-0.009841690078470189,,,23.68488168063597,24.333146,0.877731
1384,4.2,true_threat,DREAM,lead_centre,124,vehicle.nissan.patrol_2021,leader,-5,centre,1,[1],399.2450555795025,-205.25020727224495,20.04722889209808,-0.04272498960151462,,,20.05007397461403,20.102401,0.907738
1384,4.2,true_threat,DREAM,lead_right,125,vehicle.tesla.model3,leader,-6,right,2,[2],413.9686012926812,-208.74959447017105,23.154067747824005,-0.006866382823595323,,,23.16283808222378,23.765983,1.0518
1384,4.2,true_threat,DREAM,rear_centre,126,vehicle.nissan.patrol_2021,follower,-5,centre,1,[1],245.83165541368413,-205.24983891790043,17.766551366894895,-0.07801078495313768,occluder,17.409368243902307,17.738225932743724,20.0,0.888602
1384,4.2,true_threat,DREAM,follower_1,127,vehicle.mercedes.coupe_2020,follower,-4,left,0,[0],274.70045823799865,-201.74989335445647,31.231917858988968,-0.09609468543968144,ego,29.141985123560914,31.094076010739542,32.0,0.868232
1384,4.2,true_threat,DREAM,follower_2,128,vehicle.mercedes.coupe_2020,follower,-4,left,0,[0],236.87968597430716,-201.75048170371525,30.632088601101277,-0.03044466687693817,follower_1,33.1170736303393,30.590160610376234,31.306896,0.898137
1384,4.2,true_threat,DREAM,follower_3,129,vehicle.audi.a2,follower,-4,left,0,[0],189.95866279355897,-201.750649735582,28.266734640067835,-0.09815226467846701,follower_2,42.613324330836946,28.286431880525466,30.535483,0.93041
1384,4.2,true_threat,DREAM,follower_4,130,vehicle.mercedes.coupe_2020,follower,-4,left,0,[0],155.96726690253342,-201.75103036279341,29.03740328473076,-0.05516559152221003,follower_3,29.840374507128402,28.933462801389805,29.801881,1.027143
1385,4.25,true_threat,DREAM,occluder,121,vehicle.carlamotors.firetruck,occluder,-5,centre,1,[1],271.179864330515,-205.25533651847724,18.104554187830175,0.03692621725036226,latent_vehicle,34.20435356220557,18.10780914198331,18.42783,1.163254
1385,4.25,true_threat,DREAM,lead_left,123,vehicle.tesla.model3,leader,-4,left,0,[0],413.9941674360995,-201.74966163515816,23.677058837458,-0.010032422574658976,,,23.684394517659545,24.333146,0.877731
1385,4.25,true_threat,DREAM,lead_centre,124,vehicle.nissan.patrol_2021,leader,-5,centre,1,[1],400.2473139208663,-205.25015527845923,20.043099466216432,-0.08258850459228302,,,20.04796615802916,20.102401,0.907738
1385,4.25,true_threat,DREAM,lead_right,125,vehicle.tesla.model3,leader,-6,right,2,[2],415.12619412889495,-208.74958103825588,23.15370916990455,-0.0071715582134117975,,,23.162499310318356,23.765983,1.0518
1385,4.25,true_threat,DREAM,rear_centre,126,vehicle.nissan.patrol_2021,follower,-5,centre,1,[1],246.71944233136742,-205.24984123373,17.75101409511767,-0.3107454368100112,occluder,17.426091875741704,17.734674010039743,20.0,0.888602
1385,4.25,true_threat,DREAM,follower_1,127,vehicle.mercedes.coupe_2020,follower,-4,left,0,[0],276.2618598110379,-201.75023044835245,31.225489900977283,-0.12855893294983298,ego,29.05714564186877,31.087441169717636,32.0,0.868232
1385,4.25,true_threat,DREAM,follower_2,128,vehicle.mercedes.coupe_2020,follower,-4,left,0,[0],238.41121083489512,-201.75081373097444,30.62890309588023,-0.06370972100853131,follower_1,33.1471334430433,30.588656582760642,31.306896,0.898137
1385,4.25,true_threat,DREAM,follower_3,129,vehicle.audi.a2,follower,-4,left,0,[0],191.37180985055895,-201.75065593533162,28.26102212548994,-0.11425029088367679,follower_2,42.731519034172244,28.281589706713,30.535483,0.93041
1385,4.25,true_threat,DREAM,follower_4,130,vehicle.mercedes.coupe_2020,follower,-4,left,0,[0],157.41901878731215,-201.75129805109643,29.032783373050624,-0.0923973707292204,follower_3,29.801891744449627,28.9303474939103,29.801881,1.027143
1386,4.3,true_threat,DREAM,occluder,121,vehicle.carlamotors.firetruck,occluder,-5,centre,1,[1],272.08513781944635,-205.2553328689312,18.106799136501653,0.04489897380052568,latent_vehicle,34.67829239579601,18.109636186558387,18.42783,1.163254
1386,4.3,true_threat,DREAM,lead_left,123,vehicle.tesla.model3,leader,-4,left,0,[0],415.1779443580263,-201.74965452958392,23.676545772161514,-0.010261304052549342,,,23.683897913164703,24.333146,0.877731
1386,4.3,true_threat,DREAM,lead_centre,124,vehicle.nissan.patrol_2021,leader,-5,centre,1,[1],401.2492670864667,-205.25010338878127,20.03708749127891,-0.12023948972287998,,,20.043891669490364,20.102401,0.907738
1386,4.3,true_threat,DREAM,lead_right,125,vehicle.tesla.model3,leader,-6,right,2,[2],416.28384802108303,-208.74962862067187,23.153342962416527,-0.00732414966757321,,,23.16214548151564,23.765983,1.0518
1386,4.3,true_threat,DREAM,rear_centre,126,vehicle.nissan.patrol_2021,follower,-5,centre,1,[1],247.60680199777642,-205.2498284365223,17.74425825637379,-0.1351167756893565,occluder,17.443486889055364,17.7200710427543,20.0,0.888602
1386,4.3,true_threat,DREAM,follower_1,127,vehicle.mercedes.coupe_2020,follower,-4,left,0,[0],277.822895173161,-201.75056766717776,31.217526471819838,-0.15926815055621224,ego,28.971329014729903,31.07907078698819,32.0,0.868232
1386,4.3,true_threat,DREAM,follower_2,128,vehicle.mercedes.coupe_2020,follower,-4,left,0,[0],239.9425220464217,-201.75106953716818,30.62413444822492,-0.09537234702783495,follower_1,33.17701015549459,30.585512618132338,31.306896,0.898137
1386,4.3,true_threat,DREAM,follower_3,129,vehicle.audi.a2,follower,-4,left,0,[0],192.7846517317954,-201.75066223918907,28.254596262881435,-0.12851725156415564,follower_2,42.849896837760234,28.275943567080937,30.535483,0.93041
1386,4.3,true_threat,DREAM,follower_4,130,vehicle.mercedes.coupe_2020,follower,-4,left,0,[0],158.87046545988972,-201.75145903199,29.026389611653496,-0.12787416033804946,follower_3,29.76328691667085,28.925451370700433,29.801881,1.027143
1387,4.35,true_threat,DREAM,occluder,121,vehicle.carlamotors.firetruck,occluder,-5,centre,1,[1],272.9905638910541,-205.2553139085431,18.109421740500203,0.05245208019891747,latent_vehicle,35.1543992422167,18.11185487052106,18.42783,1.163254
1387,4.35,true_threat,DREAM,lead_left,123,vehicle.tesla.model3,leader,-4,left,0,[0],416.3617823099004,-201.74963214439995,23.67604415027571,-0.010032436720588447,,,23.68338997867747,24.333146,0.877731
1387,4.35,true_threat,DREAM,lead_centre,124,vehicle.nissan.patrol_2021,leader,-5,centre,1,[1],402.2508540411509,-205.25005162403264,20.029315038552646,-0.15544904994973596,,,20.037959616400833,20.102401,0.907738
1387,4.35,true_threat,DREAM,lead_right,125,vehicle.tesla.model3,leader,-6,right,2,[2],417.44144089373447,-208.74972200027395,23.152976752198974,-0.00732420434055527,,,23.16178412396499,23.765983,1.0518
1387,4.35,true_threat,DREAM,rear_centre,126,vehicle.nissan.patrol_2021,follower,-5,centre,1,[1],248.4934597599294,-205.24981587876246,17.725970587560436,-0.36575337639744626,occluder,17.461400711577753,17.713832624987592,20.0,0.888602
1387,4.35,true_threat,DREAM,follower_1,127,vehicle.mercedes.coupe_2020,follower,-4,left,0,[0],279.3834727768442,-201.7509203009529,31.208109598477332,-0.18833679939390885,ego,28.88459611592998,31.06904829366108,32.0,0.868232
1387,4.35,true_threat,DREAM,follower_2,128,vehicle.mercedes.coupe_2020,follower,-4,left,0,[0],241.47355859976113,-201.7513254370589,30.61788566883329,-0.12497475638230653,follower_1,33.20673430609107,30.5808080369709,31.306896,0.898137
1387,4.35,true_threat,DREAM,follower_3,129,vehicle.audi.a2,follower,-4,left,0,[0],194.1971274021157,-201.75066866797582,28.24755623377956,-0.14080058141629262,follower_2,42.968366168050345,28.26958440976242,30.535483,0.93041
1387,4.35,true_threat,DREAM,follower_4,130,vehicle.mercedes.coupe_2020,follower,-4,left,0,[0],160.32151541438546,-201.7516506658,29.018325010464217,-0.16129079471704288,follower_3,29.724682125329792,28.918862381032483,29.801881,1.027143
1388,4.4,true_threat,DREAM,occluder,121,vehicle.carlamotors.firetruck,occluder,-5,centre,1,[1],273.8961120329672,-205.25529490651186,18.112416278650162,0.059890762730423916,latent_vehicle,35.63230792178388,18.114444561091076,18.42783,1.163254
1388,4.4,true_threat,DREAM,lead_left,123,vehicle.tesla.model3,leader,-4,left,0,[0],417.5455592318272,-201.7496250388257,23.675550158686395,-0.00987982990378001,,,23.682893372840866,24.333146,0.877731
1388,4.4,true_threat,DREAM,lead_centre,124,vehicle.nissan.patrol_2021,leader,-5,centre,1,[1],403.25207479012425,-205.2500152430015,20.019906084947245,-0.1881790707503769,,,20.030290382350877,20.102401,0.907738
1388,4.4,true_threat,DREAM,lead_right,125,vehicle.tesla.model3,leader,-6,right,2,[2],418.59909477030635,-208.74972380632542,23.152610536740468,-0.007324309283801259,,,23.16142276349083,23.765983,1.0518
1388,4.4,true_threat,DREAM,rear_centre,126,vehicle.nissan.patrol_2021,follower,-5,centre,1,[1],249.379476652979,-205.24980353962897,17.71698887338413,-0.17963428300918016,occluder,17.480169021032523,17.696632254757247,20.0,0.888602
1388,4.4,true_threat,DREAM,follower_1,127,vehicle.mercedes.coupe_2020,follower,-4,left,0,[0],280.9435925856498,-201.75118153816067,31.19734038212877,-0.2153834167621634,ego,28.796702705955767,31.057449335781584,32.0,0.868232
1388,4.4,true_threat,DREAM,follower_2,128,vehicle.mercedes.coupe_2020,follower,-4,left,0,[0],243.00416791223705,-201.7515967414887,30.610244505797894,-0.15282221359416756,follower_1,33.23627535643485,30.57464371922566,31.306896,0.898137
1388,4.4,true_threat,DREAM,follower_3,129,vehicle.audi.a2,follower,-4,left,0,[0],195.6092978966725,-201.75067520087035,28.239991684090192,-0.1512909932113255,follower_2,43.086927051069495,28.262610835428088,30.535483,0.93041
1388,4.4,true_threat,DREAM,follower_4,130,vehicle.mercedes.coupe_2020,follower,-4,left,0,[0],161.77213810719618,-201.7517966689964,29.008679222493303,-0.19291440930814113,follower_3,29.68610784115431,28.910682320527318,29.801881,1.027143
1389,4.45,true_threat,DREAM,occluder,121,vehicle.carlamotors.firetruck,occluder,-5,centre,1,[1],274.8018127627621,-205.25527585242676,18.115767492080444,0.06702426793868269,latent_vehicle,36.111987974180366,18.117399640993426,18.42783,1.163254
1389,4.45,true_threat,DREAM,lead_left,123,vehicle.tesla.model3,leader,-4,left,0,[0],418.72933614854867,-201.7496026744633,23.67507142516621,-0.00957466942306524,,,23.682404320688786,24.333146,0.877731
1389,4.45,true_threat,DREAM,lead_centre,124,vehicle.nissan.patrol_2021,leader,-5,centre,1,[1],404.2526851823652,-205.24996381139778,20.00899032952291,-0.21831510908638593,,,20.021006219584354,20.102401,0.907738
1389,4.45,true_threat,DREAM,lead_right,125,vehicle.tesla.model3,leader,-6,right,2,[2],419.7566876117255,-208.74972563319844,23.15225195058359,-0.007171723379046623,,,23.161061397615,23.765983,1.0518
1389,4.45,true_threat,DREAM,rear_centre,126,vehicle.nissan.patrol_2021,follower,-5,centre,1,[1],250.26463906430166,-205.2498220095736,17.69657641850431,-0.4082490965630654,occluder,17.49970026989604,17.688300096458715,20.0,0.888602
1389,4.45,true_threat,DREAM,follower_1,127,vehicle.mercedes.coupe_2020,follower,-4,left,0,[0],282.50307152535214,-201.75144299399477,31.185316111494938,-0.24048427889807672,ego,28.707648691110307,31.044371525261074,32.0,0.868232
1389,4.45,true_threat,DREAM,follower_2,128,vehicle.mercedes.coupe_2020,follower,-4,left,0,[0],244.53441096694831,-201.75173084175427,30.60131587303257,-0.17857141807082877,follower_1,33.26578585276455,30.5671070339912,31.306896,0.898137
1389,4.45,true_threat,DREAM,follower_3,129,vehicle.audi.a2,follower,-4,left,0,[0],197.02104114516038,-201.75068187951578,28.231992258660018,-0.15998850800000405,follower_2,43.20536586898864,28.25511191225022,30.535483,0.93041
1389,4.45,true_threat,DREAM,follower_4,130,vehicle.mercedes.coupe_2020,follower,-4,left,0,[0],163.22221146801644,-201.75189708322227,28.997570512423742,-0.22217278849198965,follower_3,29.64765564290039,28.901000427581298,29.801881,1.027143
1390,4.5,true_threat,DREAM,occluder,121,vehicle.carlamotors.firetruck,occluder,-5,centre,1,[1],275.70772711559147,-205.2552567254662,18.119458215348896,0.07381446410388826,latent_vehicle,36.59316473601368,18.120705106386072,18.42783,1.163254
1390,4.5,true_threat,DREAM,lead_left,123,vehicle.tesla.model3,leader,-4,left,0,[0],419.91311307047545,-201.74959556888905,23.67461748803408,-0.009078740781764964,,,23.681930373744933,24.333146,0.877731
1390,4.5,true_threat,DREAM,lead_centre,124,vehicle.nissan.patrol_2021,leader,-5,centre,1,[1],405.2527462582319,-205.24991256718803,19.996701288246804,-0.24578082756447137,,,20.010235019390155,20.102401,0.907738
1390,4.5,true_threat,DREAM,lead_right,125,vehicle.tesla.model3,leader,-6,right,2,[2],420.91428045314467,-208.74972746007145,23.15190480747234,-0.006942862695514026,,,23.160707559787326,23.765983,1.0518
1390,4.5,true_threat,DREAM,rear_centre,126,vehicle.nissan.patrol_2021,follower,-5,centre,1,[1],251.14916059611016,-205.2498101805682,17.686005880543014,-0.21141075734154724,occluder,17.520238588368315,17.669090352075802,20.0,0.888602
1390,4.5,true_threat,DREAM,follower_1,127,vehicle.mercedes.coupe_2020,follower,-4,left,0,[0],284.06190958033494,-201.7516588920907,31.17213597863482,-0.2636013262065422,ego,28.617433941258824,31.029908350742794,32.0,0.868232
1390,4.5,true_threat,DREAM,follower_2,128,vehicle.mercedes.coupe_2020,follower,-4,left,0,[0],246.0641352332724,-201.75189563657938,30.59120278053335,-0.20226047869957645,follower_1,33.29502173775563,30.558300462843853,31.306896,0.898137
1390,4.5,true_threat,DREAM,follower_3,129,vehicle.audi.a2,follower,-4,left,0,[0],198.4323571475794,-201.7506887039121,28.223660954826286,-0.16662607610497687,follower_2,43.32386567521198,28.247176826881418,30.535483,0.93041
1390,4.5,true_threat,DREAM,follower_4,130,vehicle.mercedes.coupe_2020,follower,-4,left,0,[0],164.671735507257,-201.75198242605396,28.98510951266909,-0.2492185745827798,follower_3,29.60932553056803,28.889931852578215,29.801881,1.027143
1391,4.55,true_threat,DREAM,occluder,121,vehicle.carlamotors.firetruck,occluder,-5,centre,1,[1],276.6138550966606,-205.2552527844184,18.123475096032653,0.08033761222652322,latent_vehicle,37.075502529560126,18.124344076631598,18.42783,1.163254
1391,4.55,true_threat,DREAM,lead_left,123,vehicle.tesla.model3,leader,-4,left,0,[0],421.09689001842924,-201.7496647572557,23.674190253067426,-0.008544698378732932,,,23.681480974996372,24.333146,0.877731
1391,4.55,true_threat,DREAM,lead_centre,124,vehicle.nissan.patrol_2021,leader,-5,centre,1,[1],406.252135947419,-205.2498615520154,19.983180103889087,-0.27042368898213964,,,19.998108436645328,20.102401,0.907738
1391,4.55,true_threat,DREAM,lead_right,125,vehicle.tesla.model3,leader,-6,right,2,[2],422.0719343245112,-208.74971400733475,23.151580551038528,-0.006485128410035923,,,23.160365013268486,23.765983,1.0518
1391,4.55,true_threat,DREAM,rear_centre,126,vehicle.nissan.patrol_2021,follower,-5,centre,1,[1],252.03279711820457,-205.24979865347538,17.664098063054478,-0.4381563478600039,occluder,17.54163140938911,17.659264274048457,20.0,0.888602
1391,4.55,true_threat,DREAM,follower_1,127,vehicle.mercedes.coupe_2020,follower,-4,left,0,[0],285.6200762278165,-201.751813984071,31.15791824932374,-0.2843531011471752,ego,28.525875314505583,31.014154305772472,32.0,0.868232
1391,4.55,true_threat,DREAM,follower_2,128,vehicle.mercedes.coupe_2020,follower,-4,left,0,[0],247.59337120796414,-201.7520300804006,30.580021582793403,-0.2236224931469641,follower_1,33.32413552641435,30.548325928687717,31.306896,0.898137
1391,4.55,true_threat,DREAM,follower_3,129,vehicle.audi.a2,follower,-4,left,0,[0],199.84324590392953,-201.7506956740593,28.2150855101182,-0.1715088935591526,follower_2,43.44227393911706,28.238907903069986,30.535483,0.93041
1391,4.55,true_threat,DREAM,follower_4,130,vehicle.mercedes.coupe_2020,follower,-4,left,0,[0],166.12055761621463,-201.75199171439266,28.971412575422374,-0.27393736610548824,follower_3,29.571117493746456,28.877585220283983,29.801881,1.027143
1392,4.6,true_threat,DREAM,occluder,121,vehicle.carlamotors.firetruck,occluder,-5,centre,1,[1],277.52013566040614,-205.25523353252848,18.12780478189329,0.08659371588700397,latent_vehicle,37.55887932615747,18.128303424567832,18.42783,1.163254
1392,4.6,true_threat,DREAM,lead_left,123,vehicle.tesla.model3,leader,-4,left,0,[0],422.28066697158835,-201.7497492044105,23.673795438925648,-0.007896281745192246,,,23.681058011211267,24.333146,0.877731
1392,4.6,true_threat,DREAM,lead_centre,124,vehicle.nissan.patrol_2021,leader,-5,centre,1,[1],407.2508542499263,-205.2498107658799,19.968564105410938,-0.29231996998998094,,,19.98476565375334,20.102401,0.907738
1392,4.6,true_threat,DREAM,lead_right,125,vehicle.tesla.model3,leader,-6,right,2,[2],423.22952716593034,-208.74971583420776,23.15128490608766,-0.005912899030425159,,,23.160045050193176,23.765983,1.0518
1392,4.6,true_threat,DREAM,rear_centre,126,vehicle.nissan.patrol_2021,follower,-5,centre,1,[1],252.91567070089025,-205.24978738665197,17.652566224116935,-0.23063677689993686,occluder,17.56412286836388,17.638636301042855,20.0,0.888602
1392,4.6,true_threat,DREAM,follower_1,127,vehicle.mercedes.coupe_2020,follower,-4,left,0,[0],287.17754097104205,-201.7519693154992,31.1427659301788,-0.30304480076465906,ego,28.432820446800477,30.99724635107708,32.0,0.868232
1392,4.6,true_threat,DREAM,follower_2,128,vehicle.mercedes.coupe_2020,follower,-4,left,0,[0],249.12196629273095,-201.75210370769545,30.567882913080396,-0.24277189888086495,follower_1,33.35306619920419,30.537298029785397,31.306896,0.898137
1392,4.6,true_threat,DREAM,follower_3,129,vehicle.audi.a2,follower,-4,left,0,[0],201.25376844936346,-201.75070276913584,28.20635747778225,-0.17456064614688244,follower_2,43.56062115745867,28.23039246056084,30.535483,0.93041
1392,4.6,true_threat,DREAM,follower_4,130,vehicle.mercedes.coupe_2020,follower,-4,left,0,[0],167.56867781571083,-201.75198598339108,28.95660940427471,-0.2960621372514685,follower_3,29.533184141138975,28.864074833421444,29.801881,1.027143
1393,4.65,true_threat,DREAM,occluder,121,vehicle.carlamotors.firetruck,occluder,-5,centre,1,[1],278.4266603647625,-205.2552141973524,18.132428201076348,0.09246838198567882,latent_vehicle,38.04314253271855,18.132570021739806,18.42783,1.163254
1393,4.65,true_threat,DREAM,lead_left,123,vehicle.tesla.model3,leader,-4,left,0,[0],423.4642608192894,-201.74983371402996,23.673436858229127,-0.0071716138168233644,,,23.680667143925852,24.333146,0.877731
1393,4.65,true_threat,DREAM,lead_centre,124,vehicle.nissan.patrol_2021,leader,-5,centre,1,[1],408.24884013580663,-205.2497754883912,19.95299443641095,-0.3113933780167472,,,19.9703420950813,20.102401,0.907738
1393,4.65,true_threat,DREAM,lead_right,125,vehicle.tesla.model3,leader,-6,right,2,[2],424.38718103729684,-208.74970238147105,23.15101977633528,-0.005302594265287468,,,23.15975331960962,23.765983,1.0518
1393,4.65,true_threat,DREAM,rear_centre,126,vehicle.nissan.patrol_2021,follower,-5,centre,1,[1],253.79759823870907,-205.2497764425627,17.62977912155002,-0.455742049715841,occluder,17.587529849423746,17.627907847583266,20.0,0.888602
1393,4.65,true_threat,DREAM,follower_1,127,vehicle.mercedes.coupe_2020,follower,-4,left,0,[0],288.73418172409,-201.75207915165387,31.12678965352941,-0.3195239059328029,ego,28.338300089962416,30.979270667400044,32.0,0.868232
1393,4.65,true_threat,DREAM,follower_2,128,vehicle.mercedes.coupe_2020,follower,-4,left,0,[0],250.6499510207654,-201.7521622844177,30.554908847530918,-0.2594798399689513,follower_1,33.38193585766291,30.525326006430973,31.306896,0.898137
1393,4.65,true_threat,DREAM,follower_3,129,vehicle.audi.a2,follower,-4,left,0,[0],202.66380271357582,-201.7507100307848,28.197555058592446,-0.17604838318643895,follower_2,43.678693696791555,28.221721525035274,30.535483,0.93041
1393,4.65,true_threat,DREAM,follower_4,130,vehicle.mercedes.coupe_2020,follower,-4,left,0,[0],169.01603507059286,-201.75196525387076,28.94082016315912,-0.31578366529344176,follower_3,29.49558648707672,28.84952687062436,29.801881,1.027143
1394,4.7,true_threat,DREAM,occluder,121,vehicle.carlamotors.firetruck,occluder,-5,centre,1,[1],279.33342920972956,-205.25519477889006,18.1373358158439,0.09815229364050328,latent_vehicle,38.527895436366975,18.137125110137777,18.42783,1.163254
1394,4.7,true_threat,DREAM,lead_left,123,vehicle.tesla.model3,leader,-4,left,0,[0],424.64785466699044,-201.74991822364944,23.67311451275657,-0.006446909940137563,,,23.680312147698064,24.333146,0.877731
1394,4.7,true_threat,DREAM,lead_centre,124,vehicle.nissan.patrol_2021,leader,-5,centre,1,[1],409.24591048919115,-205.24972526443767,19.936610332306735,-0.32768207709368075,,,19.9549769579751,20.102401,0.907738
1394,4.7,true_threat,DREAM,lead_right,125,vehicle.tesla.model3,leader,-6,right,2,[2],425.544773878716,-208.74970420834407,23.15078516583124,-0.004692209755654254,,,23.159491700072873,23.765983,1.0518
1394,4.7,true_threat,DREAM,rear_centre,126,vehicle.nissan.patrol_2021,follower,-5,centre,1,[1],254.6787323247482,-205.24978102794182,17.61788870295646,-0.23780837036618951,occluder,17.61212701596122,17.606442049888468,20.0,0.888602
1394,4.7,true_threat,DREAM,follower_1,127,vehicle.mercedes.coupe_2020,follower,-4,left,0,[0],290.2899984869603,-201.75214349253503,31.110105772999415,-0.3336759942675948,ego,28.242283825317415,30.960330439436436,32.0,0.868232
1394,4.7,true_threat,DREAM,follower_2,128,vehicle.mercedes.coupe_2020,follower,-4,left,0,[0],252.17729486408038,-201.75217530340174,30.54121383005281,-0.27389895008505316,follower_1,33.410591882676385,30.512529447270705,31.306896,0.898137
1394,4.7,true_threat,DREAM,follower_3,129,vehicle.audi.a2,follower,-4,left,0,[0],204.07340973171927,-201.75071743818467,28.188765991081564,-0.17578134963432893,follower_2,43.79664416061368,28.21297301363802,30.535483,0.93041
1394,4.7,true_threat,DREAM,follower_4,130,vehicle.mercedes.coupe_2020,follower,-4,left,0,[0],170.46256833009195,-201.75188377028874,28.92418218048199,-0.3327586475342077,follower_3,29.458263496407,28.83405692452566,29.801881,1.027143
1395,4.75,true_threat,DREAM,occluder,121,vehicle.carlamotors.firetruck,occluder,-5,centre,1,[1],280.2404116777311,-205.25517528755228,18.142508552674226,0.10345473489291662,latent_vehicle,39.01298540237249,18.141959311840033,18.42783,1.163254
1395,4.75,true_threat,DREAM,lead_left,123,vehicle.tesla.model3,leader,-4,left,0,[0],425.8314485146915,-201.75000273326893,23.672836029941692,-0.00556965705484153,,,23.679993024338213,24.333146,0.877731
1395,4.75,true_threat,DREAM,lead_centre,124,vehicle.nissan.patrol_2021,leader,-5,centre,1,[1],410.24218738559057,-205.24967531116437,19.9195567521888,-0.34107159376181195,,,19.938807568236406,20.102401,0.907738
1395,4.75,true_threat,DREAM,lead_right,125,vehicle.tesla.model3,leader,-6,right,2,[2],426.70236672013516,-208.7497060352171,23.150584886920228,-0.004005577355697563,,,23.159260195620824,23.765983,1.0518
1395,4.75,true_threat,DREAM,rear_centre,126,vehicle.nissan.patrol_2021,follower,-5,centre,1,[1],255.55892036071515,-205.24977067726687,17.594817406641706,-0.46142592503420216,occluder,17.637761774889185,17.59538130126824,20.0,0.888602
1395,4.75,true_threat,DREAM,follower_1,127,vehicle.mercedes.coupe_2020,follower,-4,left,0,[0],291.8449912700639,-201.75219285571902,31.092826826615713,-0.34557737788227155,ego,28.144619174296892,30.940535872136284,32.0,0.868232
1395,4.75,true_threat,DREAM,follower_2,128,vehicle.mercedes.coupe_2020,follower,-4,left,0,[0],253.70393678231773,-201.75212752668097,30.52691802588162,-0.2859147990049765,follower_1,33.439064802231755,30.49902135567915,31.306896,0.898137
1395,4.75,true_threat,DREAM,follower_3,129,vehicle.audi.a2,follower,-4,left,0,[0],205.48258950379383,-201.75072499133543,28.18007229077595,-0.17387400549427207,follower_2,43.914380985785186,28.20423419728333,30.535483,0.93041
1395,4.75,true_threat,DREAM,follower_4,130,vehicle.mercedes.coupe_2020,follower,-4,left,0,[0],171.90824709224788,-201.75178731942032,28.906813711631,-0.3473685408255128,follower_3,29.42133725505137,28.81779846470515,29.801881,1.027143
1396,4.8,true_threat,DREAM,occluder,121,vehicle.carlamotors.firetruck,occluder,-5,centre,1,[1],281.14772984427793,-205.25517094048413,18.147936875554976,0.10856645573057977,latent_vehicle,39.498290360429735,18.14705387141062,18.42783,1.163254
1396,4.8,true_threat,DREAM,lead_left,123,vehicle.tesla.model3,leader,-4,left,0,[0],427.0150423259548,-201.74998043137117,23.672601410937858,-0.0046923802038549576,,,23.679717325086102,24.333146,0.877731
1396,4.8,true_threat,DREAM,lead_centre,124,vehicle.nissan.patrol_2021,leader,-5,centre,1,[1],411.2377318601576,-205.24962560774975,19.901972932935237,-0.3516763724415132,,,19.921976914449292,20.102401,0.907738
1396,4.8,true_threat,DREAM,lead_right,125,vehicle.tesla.model3,leader,-6,right,2,[2],427.86002059150167,-208.74969258248038,23.150418941426036,-0.00331890940830435,,,23.15906256816476,23.765983,1.0518
1396,4.8,true_threat,DREAM,rear_centre,126,vehicle.nissan.patrol_2021,follower,-5,centre,1,[1],256.43831493969697,-205.24976059727211,17.58312344763356,-0.23387917940723754,occluder,17.66455620692382,17.573640208772805,20.0,0.888602
1396,4.8,true_threat,DREAM,follower_1,127,vehicle.mercedes.coupe_2020,follower,-4,left,0,[0],293.39909900701554,-201.7521357092983,31.075059627673046,-0.35534253801298415,ego,28.04533684707657,30.91999400634287,32.0,0.868232
1396,4.8,true_threat,DREAM,follower_2,128,vehicle.mercedes.coupe_2020,follower,-4,left,0,[0],255.2298462839281,-201.75209525860706,30.51214350649364,-0.29548925370185175,follower_1,33.467415667097924,30.484920204173505,31.306896,0.898137
1396,4.8,true_threat,DREAM,follower_3,129,vehicle.audi.a2,follower,-4,left,0,[0],206.89134202979952,-201.75073269023707,28.171540714888888,-0.17063151708797347,follower_2,44.03184313194798,28.1955867150632,30.535483,0.93041
1396,4.8,true_threat,DREAM,follower_4,130,vehicle.mercedes.coupe_2020,follower,-4,left,0,[0],173.35304083948427,-201.7516759116763,28.8888482690817,-0.35930818637270473,follower_3,29.38483826497003,28.800866123592677,29.801881,1.027143
1397,4.8500000000000005,true_threat,DREAM,occluder,121,vehicle.carlamotors.firetruck,occluder,-5,centre,1,[1],282.05526162865374,-205.25515126175236,18.153595987208217,0.11318223141529453,latent_vehicle,39.98344406839013,18.15239940844851,18.42783,1.163254
1397,4.8500000000000005,true_threat,DREAM,lead_left,123,vehicle.tesla.model3,leader,-4,left,0,[0],428.19863614242354,-201.7499733882616,23.672412567564905,-0.0037768662477685225,,,23.67948505112999,24.333146,0.877731
1397,4.8500000000000005,true_threat,DREAM,lead_centre,124,vehicle.nissan.patrol_2021,leader,-5,centre,1,[1],412.23223873192336,-205.24956099951336,19.88399429507709,-0.3595727409484606,,,19.90462235411566,20.102401,0.907738
1397,4.8500000000000005,true_threat,DREAM,lead_right,125,vehicle.tesla.model3,leader,-6,right,2,[2],429.01743032746265,-208.7496944718181,23.150291143820883,-0.0025559518824096188,,,23.15889881953972,23.765983,1.0518
1397,4.8500000000000005,true_threat,DREAM,rear_centre,126,vehicle.nissan.patrol_2021,follower,-5,centre,1,[1],257.316763473812,-205.2497508400115,17.560317275424232,-0.4561234436432805,occluder,17.692479794488747,17.562773234607146,20.0,0.888602
1397,4.8500000000000005,true_threat,DREAM,follower_1,127,vehicle.mercedes.coupe_2020,follower,-4,left,0,[0],294.95229122188215,-201.75209413398912,31.05691671182009,-0.36285702878567,ego,27.9443455303753,30.898802623974348,32.0,0.868232
1397,4.8500000000000005,true_threat,DREAM,follower_2,128,vehicle.mercedes.coupe_2020,follower,-4,left,0,[0],256.7549622973211,-201.7519717084843,30.49700280409524,-0.30281307989487033,follower_1,33.49561390243923,30.470345859909468,31.306896,0.898137
1397,4.8500000000000005,true_threat,DREAM,follower_3,129,vehicle.audi.a2,follower,-4,left,0,[0],208.2996673097363,-201.7507405348896,28.16324374313021,-0.1659394347168935,follower_2,44.14900010755268,28.187097132700146,30.535483,0.93041
1397,4.8500000000000005,true_threat,DREAM,follower_4,130,vehicle.mercedes.coupe_2020,follower,-4,left,0,[0],174.79691906463557,-201.75158007504376,28.870413643032222,-0.3686920204108721,follower_3,29.34879704373931,28.783387969077676,29.801881,1.027143
1398,4.9,true_threat,DREAM,occluder,121,vehicle.carlamotors.firetruck,occluder,-5,centre,1,[1],282.9631596239458,-205.25513145809126,18.159476351802954,0.1176072903092628,latent_vehicle,40.468415998266636,18.15797154029033,18.42783,1.163254
1398,4.9,true_threat,DREAM,lead_left,123,vehicle.tesla.model3,leader,-4,left,0,[0],429.3822299536869,-201.74995108636384,23.672269499371538,-0.002861361054777728,,,23.67929809522068,24.333146,0.877731
1398,4.9,true_threat,DREAM,lead_centre,124,vehicle.nissan.patrol_2021,leader,-5,centre,1,[1],413.22589112716753,-205.2495424591433,19.86575816829099,-0.3647225156550528,,,19.886877495402,20.102401,0.907738
1398,4.9,true_threat,DREAM,lead_right,125,vehicle.tesla.model3,leader,-6,right,2,[2],430.17484005821836,-208.7496811023676,23.15020149356617,-0.0017930050419029595,,,23.15877271375075,23.765983,1.0518
1398,4.9,true_threat,DREAM,rear_centre,126,vehicle.nissan.patrol_2021,follower,-5,centre,1,[1],258.19447958609464,-205.24974133260955,17.54933476011212,-0.21965030607198682,occluder,17.72156304474956,17.541278053446074,20.0,0.888602
1398,4.9,true_threat,DREAM,follower_1,127,vehicle.mercedes.coupe_2020,follower,-4,left,0,[0],296.5046594569819,-201.75203758098274,31.038504889636165,-0.36823532995237535,ego,27.841523330870942,30.87706383510058,32.0,0.868232
1398,4.9,true_threat,DREAM,follower_2,128,vehicle.mercedes.coupe_2020,follower,-4,left,0,[0],258.27934588888166,-201.75184840822018,30.48160654493441,-0.3079243980920829,follower_1,33.523690103912855,30.455409406536685,31.306896,0.898137
1398,4.9,true_threat,DREAM,follower_3,129,vehicle.audi.a2,follower,-4,left,0,[0],209.70759586118055,-201.75074851488225,28.155244317300035,-0.15998851589563204,follower_2,44.265790841008865,28.178837617651798,30.535483,0.93041
1398,4.9,true_threat,DREAM,follower_4,130,vehicle.mercedes.coupe_2020,follower,-4,left,0,[0],176.23988172605868,-201.75137773921733,28.85162808628009,-0.3757107797218167,follower_3,29.31324409852479,28.76548700491672,29.801881,1.027143
1399,4.95,true_threat,DREAM,occluder,121,vehicle.carlamotors.firetruck,occluder,-5,centre,1,[1],283.87127124227226,-205.25511158155473,18.165564618623932,0.12176533474395226,latent_vehicle,40.952748339565474,18.16376088563684,18.42783,1.163254
1399,4.95,true_threat,DREAM,lead_left,123,vehicle.tesla.model3,leader,-4,left,0,[0],430.5658237701556,-201.74994404325426,23.672168392076998,-0.0020221416268772154,,,23.67915645694423,24.333146,0.877731
1399,4.95,true_threat,DREAM,lead_centre,124,vehicle.nissan.patrol_2021,leader,-5,centre,1,[1],414.2186280159427,-205.24958526624923,19.84739615683757,-0.36724020690345116,,,19.868877848993346,20.102401,0.907738
1399,4.95,true_threat,DREAM,lead_right,125,vehicle.tesla.model3,leader,-6,right,2,[2],431.33224979417946,-208.74968299170527,23.15014999175457,-0.001030035939915331,,,23.158684250291472,23.765983,1.0518
1399,4.95,true_threat,DREAM,rear_centre,126,vehicle.nissan.patrol_2021,follower,-5,centre,1,[1],259.0712801762922,-205.24974739631907,17.527293438252137,-0.4408264372507567,occluder,17.75174492775895,17.53109410780712,20.0,0.888602
1399,4.95,true_threat,DREAM,follower_1,127,vehicle.mercedes.coupe_2020,follower,-4,left,0,[0],298.0560205808298,-201.751889818803,31.019921434428763,-0.3716681768920874,ego,27.736839933997246,30.85487648966327,32.0,0.868232
1399,4.95,true_threat,DREAM,follower_2,128,vehicle.mercedes.coupe_2020,follower,-4,left,0,[0],259.80293602345716,-201.7517253786363,30.46607488966351,-0.31063249873841675,follower_1,33.551674747452054,30.440219945649147,31.306896,0.898137
1399,4.95,true_threat,DREAM,follower_3,129,vehicle.audi.a2,follower,-4,left,0,[0],211.11512768413226,-201.750756630215,28.147601566142082,-0.1528550225007845,follower_2,44.38224588112519,28.170870908541787,30.535483,0.93041
1399,4.95,true_threat,DREAM,follower_4,130,vehicle.mercedes.coupe_2020,follower,-4,left,0,[0],177.68186782503864,-201.7511757365358,28.83262702016022,-0.38002109770927245,follower_3,29.278209988545925,28.74727684412594,29.801881,1.027143
1400,5.0,true_threat,DREAM,occluder,121,vehicle.carlamotors.firetruck,occluder,-5,centre,1,[1],284.7797490715149,-205.25509158008884,18.171847435259526,0.12565633109632132,latent_vehicle,41.43650207538539,18.169754319331137,18.42783,1.163254
1400,5.0,true_threat,DREAM,lead_left,123,vehicle.tesla.model3,leader,-4,left,0,[0],431.74941758662425,-201.74993700014468,23.672114968532732,-0.0010684657059296214,,,23.67905636016636,24.333146,0.877731
1400,5.0,true_threat,DREAM,lead_centre,124,vehicle.nissan.patrol_2021,leader,-5,centre,1,[1],415.2104493826329,-205.2496436444667,19.829041771720124,-0.3670876804630545,,,19.850753293255327,20.102401,0.907738
1400,5.0,true_threat,DREAM,lead_right,125,vehicle.tesla.model3,leader,-6,right,2,[2],432.4897205652932,-208.7496848602214,23.150142360682683,-0.00015262131994047578,,,23.158633430257705,23.765983,1.0518
1400,5.0,true_threat,DREAM,rear_centre,126,vehicle.nissan.patrol_2021,follower,-5,centre,1,[1],259.94731782187563,-205.24973846150988,17.517464870072363,-0.19657136359439184,occluder,17.78305595588789,17.51032056534181,20.0,0.888602
1400,5.0,true_threat,DREAM,follower_1,127,vehicle.mercedes.coupe_2020,follower,-4,left,0,[0],299.60640514743994,-201.75175764855632,31.001269342652883,-0.3730411052660856,ego,27.6303565883279,30.83233185251402,32.0,0.868232
1400,5.0,true_threat,DREAM,follower_2,128,vehicle.mercedes.coupe_2020,follower,-4,left,0,[0],261.3257937309949,-201.75158734012294,30.450510832788748,-0.31128069629289634,follower_1,33.57944573672445,30.424894997012945,31.306896,0.898137
1400,5.0,true_threat,DREAM,follower_3,129,vehicle.audi.a2,follower,-4,left,0,[0],212.52229329616776,-201.75076487047707,28.140361265289663,-0.14480601633863038,follower_2,44.49830419274898,28.163256008502476,30.535483,0.93041
1400,5.0,true_threat,DREAM,follower_4,130,vehicle.mercedes.coupe_2020,follower,-4,left,0,[0],179.12290788956253,-201.7510045741647,28.813528697675107,-0.3819663259353393,follower_3,29.243755712517697,28.72888717101361,29.801881,1.027143
1401,5.05,true_threat,DREAM,occluder,121,vehicle.carlamotors.firetruck,occluder,-5,centre,1,[1],285.68853208172646,-205.25508673330336,18.17830954291829,0.12924215162468117,latent_vehicle,41.9193109843995,18.175938708564885,18.42783,1.163254
1401,5.05,true_threat,DREAM,lead_left,123,vehicle.tesla.model3,leader,-4,left,0,[0],432.9330113978876,-201.74991469824695,23.67210732134752,-0.00015293803414059801,,,23.67900347055838,24.333146,0.877731
1401,5.05,true_threat,DREAM,lead_centre,124,vehicle.nissan.patrol_2021,leader,-5,centre,1,[1],416.2012941816744,-205.24968709704086,19.81081326788416,-0.3645700561293663,,,19.83263560750046,20.102401,0.907738
1401,5.05,true_threat,DREAM,lead_right,125,vehicle.tesla.model3,leader,-6,right,2,[2],433.6471302960489,-208.7496714907709,23.15017478374861,0.0006484614288798284,,,23.15862590020509,23.765983,1.0518
1401,5.05,true_threat,DREAM,rear_centre,126,vehicle.nissan.patrol_2021,follower,-5,centre,1,[1],260.822562010474,-205.24972979738092,17.49662136449967,-0.41687011154780185,occluder,17.815496139547122,17.501242426172702,20.0,0.888602
1401,5.05,true_threat,DREAM,follower_1,127,vehicle.mercedes.coupe_2020,follower,-4,left,0,[0],301.1559046991306,-201.751610521434,30.982645886106692,-0.3724685841069723,ego,27.52192082570508,30.80952492387071,32.0,0.868232
1401,5.05,true_threat,DREAM,follower_2,128,vehicle.mercedes.coupe_2020,follower,-4,left,0,[0],262.8478579659314,-201.75140379592526,30.43502118380117,-0.309792684166027,follower_1,33.60697259579685,30.409536079071582,31.306896,0.898137
1401,5.05,true_threat,DREAM,follower_3,129,vehicle.audi.a2,follower,-4,left,0,[0],213.92912321486344,-201.75077322525772,28.13357682055743,-0.13568889389390848,follower_2,44.61399628825121,28.15603865029356,30.535483,0.93041
1401,5.05,true_threat,DREAM,follower_4,130,vehicle.mercedes.coupe_2020,follower,-4,left,0,[0],180.56303241638514,-201.7508032065406,28.794445650218194,-0.38166089580897933,follower_3,29.20988126002932,28.710430515157697,29.801881,1.027143
1402,5.1000000000000005,true_threat,DREAM,occluder,121,vehicle.carlamotors.firetruck,occluder,-5,centre,1,[1],286.59765078007246,-205.25506651321115,18.18493949748856,0.13259908992136882,latent_vehicle,42.40105291301617,18.182299049648257,18.42783,1.163254
1402,5.1000000000000005,true_threat,DREAM,lead_left,123,vehicle.tesla.model3,leader,-4,left,0,[0],434.11660521435635,-201.74990765513738,23.67213973094794,0.0006481969705288408,,,23.678995899801905,24.333146,0.877731
1402,5.1000000000000005,true_threat,DREAM,lead_centre,124,vehicle.nissan.patrol_2021,leader,-5,centre,1,[1],417.1913455289363,-205.24974607908342,19.792836531040827,-0.3595347179168885,,,19.814641530010775,20.102401,0.907738
1402,5.1000000000000005,true_threat,DREAM,lead_right,125,vehicle.tesla.model3,leader,-6,right,2,[2],434.80454003201,-208.74967338010862,23.150245355498587,0.0014114350076536843,,,23.158657894057413,23.765983,1.0518
1402,5.1000000000000005,true_threat,DREAM,rear_centre,126,vehicle.nissan.patrol_2021,follower,-5,centre,1,[1],261.69716532996904,-205.2497213518783,17.488324399575173,-0.16593929854933487,occluder,17.849034961160314,17.48160494122019,20.0,0.888602
1402,5.1000000000000005,true_threat,DREAM,follower_1,127,vehicle.mercedes.coupe_2020,follower,-4,left,0,[0],302.70451924631243,-201.75147895501243,30.96414070815752,-0.37010317878308946,ego,27.411441249561392,30.78654799009109,32.0,0.868232
1402,5.1000000000000005,true_threat,DREAM,follower_2,128,vehicle.mercedes.coupe_2020,follower,-4,left,0,[0],264.3691287282666,-201.75117474604326,30.419705123185423,-0.3063210371998476,follower_1,33.634407912550984,30.39424876005524,31.306896,0.898137
1402,5.1000000000000005,true_threat,DREAM,follower_3,129,vehicle.audi.a2,follower,-4,left,0,[0],215.33564795779563,-201.75078168414612,28.127288286733258,-0.12577067575713718,follower_2,44.72923060449201,28.149272111741148,30.535483,0.93041
1402,5.1000000000000005,true_threat,DREAM,follower_4,130,vehicle.mercedes.coupe_2020,follower,-4,left,0,[0],182.00221089834096,-201.75060216165062,28.77549803995248,-0.37895219406561903,follower_3,29.17658665190237,28.692014473953265,29.801881,1.027143
1403,5.15,true_threat,DREAM,occluder,121,vehicle.carlamotors.firetruck,occluder,-5,centre,1,[1],287.5071051717583,-205.2550461786004,18.191723947506404,0.13568899893711914,latent_vehicle,42.88154471413414,18.188824089271325,18.42783,1.163254
1403,5.15,true_threat,DREAM,lead_left,123,vehicle.tesla.model3,leader,-4,left,0,[0],435.3001990256196,-201.74988535323962,23.67221219608484,0.0014493059567459207,,,23.67902798548855,24.333146,0.877731
1403,5.15,true_threat,DREAM,lead_centre,124,vehicle.nissan.patrol_2021,leader,-5,centre,1,[1],418.180420313755,-205.24980539427088,19.775220278622676,-0.3523250329001408,,,19.79689534878857,20.102401,0.907738
1403,5.15,true_threat,DREAM,lead_right,125,vehicle.tesla.model3,leader,-6,right,2,[2],435.9619497627657,-208.74966001065812,23.150355982251938,0.0022125350386391226,,,23.158727531578727,23.765983,1.0518
1403,5.15,true_threat,DREAM,rear_centre,126,vehicle.nissan.patrol_2021,follower,-5,centre,1,[1],262.5710057100553,-205.24971316664508,17.469043014447255,-0.38562770256625406,occluder,17.883550340011297,17.47399401582978,20.0,0.888602
1403,5.15,true_threat,DREAM,follower_1,127,vehicle.mercedes.coupe_2020,follower,-4,left,0,[0],304.25218771739515,-201.7512561585959,30.945837729371615,-0.36605933369947596,ego,27.298917953593858,30.76349013926377,32.0,0.868232
1403,5.15,true_threat,DREAM,follower_2,128,vehicle.mercedes.coupe_2020,follower,-4,left,0,[0],265.8896975967566,-201.7509764531855,30.404659924378908,-0.3009038921317415,follower_1,33.66175169739762,30.37913063251275,31.306896,0.898137
1403,5.15,true_threat,DREAM,follower_3,129,vehicle.audi.a2,follower,-4,left,0,[0],216.74183698656643,-201.7507292224004,28.121526180919766,-0.11524211549871485,follower_2,44.843976623895074,28.14299644637925,30.535483,0.93041
1403,5.15,true_threat,DREAM,follower_4,130,vehicle.mercedes.coupe_2020,follower,-4,left,0,[0],183.44038230027724,-201.75040146031628,28.756786955342,-0.3742216945568009,follower_3,29.143932912878746,28.67375359322371,29.801881,1.027143
1404,5.2,true_threat,DREAM,occluder,121,vehicle.carlamotors.firetruck,occluder,-5,centre,1,[1],288.4168647340023,-205.25501048109368,18.198643819458802,0.13839743768734408,latent_vehicle,43.36072531095765,18.195500700391378,18.42783,1.163254
1404,5.2,true_threat,DREAM,lead_left,123,vehicle.tesla.model3,leader,-4,left,0,[0],436.4837928420883,-201.74987831013004,23.672328531982522,0.002326721438507655,,,23.679099726376716,24.333146,0.877731
1404,5.2,true_threat,DREAM,lead_centre,124,vehicle.nissan.patrol_2021,leader,-5,centre,1,[1],419.1687016363833,-205.2498497213504,19.75807513643679,-0.342902832435629,,,19.779504420088205,20.102401,0.907738
1404,5.2,true_threat,DREAM,lead_right,125,vehicle.tesla.model3,leader,-6,right,2,[2],437.11954260418474,-208.74966183753114,23.150499035472272,0.002861064278457515,,,23.15883669383818,23.765983,1.0518
1404,5.2,true_threat,DREAM,rear_centre,126,vehicle.nissan.patrol_2021,follower,-5,centre,1,[1],263.44426626139636,-205.24972043800483,17.462577106911255,-0.12931815063776592,occluder,17.919164351610846,17.455842472457853,20.0,0.888602
1404,5.2,true_threat,DREAM,follower_1,127,vehicle.mercedes.coupe_2020,follower,-4,left,0,[0],305.798910143611,-201.7510336849135,30.927815150315105,-0.36045145135470463,ego,27.18429004319529,30.740435766903307,32.0,0.868232
1404,5.2,true_threat,DREAM,follower_2,128,vehicle.mercedes.coupe_2020,follower,-4,left,0,[0],267.4095035154271,-201.75074790302085,30.389973323219717,-0.2937319961976047,follower_1,33.68885129999033,30.364276854088814,31.306896,0.898137
1404,5.2,true_threat,DREAM,follower_3,129,vehicle.audi.a2,follower,-4,left,0,[0],218.14778186431562,-201.75064632636452,28.116319115627302,-0.10414130537388715,follower_2,44.95835646361427,28.13724229201262,30.535483,0.93041
1404,5.2,true_threat,DREAM,follower_4,130,vehicle.mercedes.coupe_2020,follower,-4,left,0,[0],184.8776686977048,-201.7502163196827,28.738415392560466,-0.3674312464371884,follower_3,29.111950539713256,28.655743928000767,29.801881,1.027143
1405,5.25,true_threat,DREAM,occluder,121,vehicle.carlamotors.firetruck,occluder,-5,centre,1,[1],289.32702102994415,-205.25498990703502,18.205687670853568,0.14087702632832005,latent_vehicle,43.838381023192994,18.202310128390106,18.42783,1.163254
1405,5.25,true_threat,DREAM,lead_left,123,vehicle.tesla.model3,leader,-4,left,0,[0],437.667386658557,-201.74987126702047,23.67248111106844,0.0030515835818118444,,,23.679214899547908,24.333146,0.877731
1405,5.25,true_threat,DREAM,lead_centre,124,vehicle.nissan.patrol_2021,leader,-5,centre,1,[1],420.1561284720791,-205.24990959871982,19.741506008244777,-0.33138255698011077,,,19.76257799833488,20.102401,0.907738
1405,5.25,true_threat,DREAM,lead_right,125,vehicle.tesla.model3,leader,-6,right,2,[2],438.277135445604,-208.74966366440415,23.150680236219223,0.0036240147384547787,,,23.158977853266954,23.765983,1.0518
1405,5.25,true_threat,DREAM,rear_centre,126,vehicle.nissan.patrol_2021,follower,-5,centre,1,[1],264.31685542085233,-205.24971267961354,17.445149664857222,-0.3485488409471444,occluder,17.955663362513747,17.449986958279883,20.0,0.888602
1405,5.25,true_threat,DREAM,follower_1,127,vehicle.mercedes.coupe_2020,follower,-4,left,0,[0],307.3448085952655,-201.75081149232207,30.91014926281507,-0.3533176971571756,ego,27.06755758083034,30.71746576049098,32.0,0.868232
1405,5.25,true_threat,DREAM,follower_2,128,vehicle.mercedes.coupe_2020,follower,-4,left,0,[0],268.9285464946888,-201.75051961312562,30.37572733527815,-0.2849197583479221,follower_1,33.715767807535755,30.34977392563905,31.306896,0.898137
1405,5.25,true_threat,DREAM,follower_3,129,vehicle.audi.a2,follower,-4,left,0,[0],219.55348259624867,-201.75054825482673,28.111689979427855,-0.09258272387183684,follower_2,45.07221750453553,28.132038327724292,30.535483,0.93041
1405,5.25,true_threat,DREAM,follower_4,130,vehicle.mercedes.coupe_2020,follower,-4,left,0,[0],186.31407008021282,-201.75001622217349,28.720478718172902,-0.35873344702671806,follower_3,29.080609020034927,28.63808279712377,29.801881,1.027143
1406,5.3,true_threat,DREAM,occluder,121,vehicle.carlamotors.firetruck,occluder,-5,centre,1,[1],290.2374825016495,-205.2549692288686,18.21284787040967,0.14320398953936034,latent_vehicle,44.31438971286467,18.209241123516478,18.42783,1.163254
1406,5.3,true_threat,DREAM,lead_left,123,vehicle.tesla.model3,leader,-4,left,0,[0],438.85098046982034,-201.7498489651227,23.672671838632773,0.0038145524381947163,,,23.679365953646506,24.333146,0.877731
1406,5.3,true_threat,DREAM,lead_centre,124,vehicle.nissan.patrol_2021,leader,-5,centre,1,[1],421.14270081043185,-205.2499545088029,19.725604446468573,-0.31803123275073875,,,19.74621970204918,20.102401,0.907738
1406,5.3,true_threat,DREAM,lead_right,125,vehicle.tesla.model3,leader,-6,right,2,[2],439.4347893169704,-208.74965021166744,23.150890047813707,0.004196231962221855,,,23.159156655160846,23.765983,1.0518
1406,5.3,true_threat,DREAM,rear_centre,126,vehicle.nissan.patrol_2021,follower,-5,centre,1,[1],265.18904785181576,-205.24970505656233,17.440737972080353,-0.0882338552632836,occluder,17.993230498999665,17.433602933732626,20.0,0.888602
1406,5.3,true_threat,DREAM,follower_1,127,vehicle.mercedes.coupe_2020,follower,-4,left,0,[0],308.8897609968477,-201.7505743636766,30.892906822755815,-0.34484879150434483,ego,26.948629081440004,30.694658071778232,32.0,0.868232
1406,5.3,true_threat,DREAM,follower_2,128,vehicle.mercedes.coupe_2020,follower,-4,left,0,[0],270.4469180872709,-201.75029155226753,30.3620020684339,-0.2745053329946476,follower_1,33.74262327992848,30.335702996775645,31.306896,0.898137
1406,5.3,true_threat,DREAM,follower_3,129,vehicle.audi.a2,follower,-4,left,0,[0],220.95896971035265,-201.7504655149525,28.107657846364333,-0.0806426615183759,follower_2,45.18555975186424,28.127407568220324,30.535483,0.93041
1406,5.3,true_threat,DREAM,follower_4,130,vehicle.mercedes.coupe_2020,follower,-4,left,0,[0],187.7495864530067,-201.7498164265768,28.70307420721045,-0.3480901314691914,follower_3,29.049908369459928,28.62086038397376,29.801881,1.027143
1407,5.3500000000000005,true_threat,DREAM,occluder,121,vehicle.carlamotors.firetruck,occluder,-5,centre,1,[1],291.1483407018474,-205.25494841536204,18.220109160222965,0.14522579456571466,latent_vehicle,44.78869029797151,18.216286184139438,18.42783,1.163254
1407,5.3500000000000005,true_threat,DREAM,lead_left,123,vehicle.tesla.model3,leader,-4,left,0,[0],440.03457428628906,-201.74984192201316,23.672893087161217,0.004424971038986865,,,23.67955477489818,24.333146,0.877731
1407,5.3500000000000005,true_threat,DREAM,lead_centre,124,vehicle.nissan.patrol_2021,leader,-5,centre,1,[1],422.1286017673102,-205.25001490671121,19.710462004571358,-0.3028488379659451,,,19.73051997922133,20.102401,0.907738
1407,5.3500000000000005,true_threat,DREAM,lead_right,125,vehicle.tesla.model3,leader,-6,right,2,[2],440.5923821583897,-208.74965203854046,23.151132284492856,0.004844733589129005,,,23.15936368906294,23.765983,1.0518
1407,5.3500000000000005,true_threat,DREAM,rear_centre,126,vehicle.nissan.patrol_2021,follower,-5,centre,1,[1],266.0606299312522,-205.2496976417267,17.42537046780257,-0.30735008523163415,occluder,18.03149953974159,17.429718428754498,20.0,0.888602
1407,5.3500000000000005,true_threat,DREAM,follower_1,127,vehicle.mercedes.coupe_2020,follower,-4,left,0,[0],310.4339199466503,-201.7503527644995,30.876145050087914,-0.3352354548500315,ego,26.827443577541658,30.672083029436397,32.0,0.868232
1407,5.3500000000000005,true_threat,DREAM,follower_2,128,vehicle.mercedes.coupe_2020,follower,-4,left,0,[0],271.96461829317326,-201.75006372044652,30.348864279513087,-0.2627557450251531,follower_1,33.76920408892866,30.322142129254903,31.306896,0.898137
1407,5.3500000000000005,true_threat,DREAM,follower_3,129,vehicle.audi.a2,follower,-4,left,0,[0],222.3642431962168,-201.7503675891656,28.104224624074057,-0.0686644461799679,follower_2,45.29844423034232,28.123369259456197,30.535483,0.93041
1407,5.3500000000000005,true_threat,DREAM,follower_4,130,vehicle.mercedes.coupe_2020,follower,-4,left,0,[0],189.18421781608646,-201.7496169328927,28.686274338728186,-0.33599722513665176,follower_3,29.019879110770006,28.604168741180043,29.801881,1.027143
1408,5.4,true_threat,DREAM,occluder,121,vehicle.carlamotors.firetruck,occluder,-5,centre,1,[1],292.0595651181669,-205.25494273571437,18.227460095300458,0.14701869985893012,latent_vehicle,45.26116065615422,18.22343030977307,18.42783,1.163254
1408,5.4,true_threat,DREAM,lead_left,123,vehicle.tesla.model3,leader,-4,left,0,[0],441.2181680975524,-201.7498196201154,23.673148669675882,0.005111650512661077,,,23.67977381200069,24.333146,0.877731
1408,5.4,true_threat,DREAM,lead_centre,124,vehicle.nissan.patrol_2021,leader,-5,centre,1,[1],423.1136482320508,-205.25007559612132,19.69615306812118,-0.2861787310883381,,,19.7155692875478,20.102401,0.907738
1408,5.4,true_threat,DREAM,lead_right,125,vehicle.tesla.model3,leader,-6,right,2,[2],441.74997499460346,-208.74963860662533,23.15140313191499,0.005416948361488833,,,23.15960271868058,23.765983,1.0518
1408,5.4,true_threat,DREAM,rear_centre,126,vehicle.nissan.patrol_2021,follower,-5,centre,1,[1],266.9318152821961,-205.24969036223115,17.42315222690264,-0.044364817553011755,occluder,18.070775660503045,17.415302097728976,20.0,0.888602
1408,5.4,true_threat,DREAM,follower_1,127,vehicle.mercedes.coupe_2020,follower,-4,left,0,[0],311.9772243991097,-201.750116198036,30.85991925699773,-0.32451584519585996,ego,26.703970572380484,30.649801614173036,32.0,0.868232
1408,5.4,true_threat,DREAM,follower_2,128,vehicle.mercedes.coupe_2020,follower,-4,left,0,[0],273.48167763517773,-201.74985136604002,30.336386447721853,-0.24955655144158645,follower_1,33.795662832828825,30.309157411149158,31.306896,0.898137
1408,5.4,true_threat,DREAM,follower_3,129,vehicle.audi.a2,follower,-4,left,0,[0],223.76939464821325,-201.750376516539,28.101407479096707,-0.05634289950472608,follower_2,45.41087095038056,28.119925613316394,30.535483,0.93041
1408,5.4,true_threat,DREAM,follower_4,130,vehicle.mercedes.coupe_2020,follower,-4,left,0,[0],190.61805573779733,-201.74946348625332,28.6701611286251,-0.3222639959402744,follower_3,28.990521233554382,28.58807570926109,29.801881,1.027143
1409,5.45,true_threat,DREAM,occluder,121,vehicle.carlamotors.firetruck,occluder,-5,centre,1,[1],292.97115574019716,-205.25492167234916,18.23488923162705,0.1485827248851028,latent_vehicle,45.73164813186102,18.230662249028228,18.42783,1.163254
1409,5.45,true_threat,DREAM,lead_left,123,vehicle.tesla.model3,leader,-4,left,0,[0],442.4017619140211,-201.74981257700583,23.67342905108328,0.005607628039267903,,,23.68002683983677,24.333146,0.877731
1409,5.45,true_threat,DREAM,lead_centre,124,vehicle.nissan.patrol_2021,leader,-5,centre,1,[1],424.0980843400591,-205.2501212349588,19.68275774603574,-0.267906444315387,,,19.701441140903007,20.102401,0.907738
1409,5.45,true_threat,DREAM,lead_right,125,vehicle.tesla.model3,leader,-6,right,2,[2],442.90762887117523,-208.7496404126768,23.151698775273225,0.0059128673848456185,,,23.159869980133728,23.765983,1.0518
1409,5.45,true_threat,DREAM,rear_centre,126,vehicle.nissan.patrol_2021,follower,-5,centre,1,[1],267.80260390985285,-205.2496984768639,17.40996863752901,-0.26367178702710625,occluder,18.110814725878626,17.41352493929358,20.0,0.888602
1409,5.45,true_threat,DREAM,follower_1,127,vehicle.mercedes.coupe_2020,follower,-4,left,0,[0],313.5197659121603,-201.74987989184197,30.844267590455175,-0.3130332715337274,ego,26.578240661613677,30.62787553627293,32.0,0.868232
1409,5.45,true_threat,DREAM,follower_2,128,vehicle.mercedes.coupe_2020,follower,-4,left,0,[0],274.9981266256552,-201.7496392198491,30.324614349035233,-0.23544182360150995,follower_1,33.82190794328376,30.296819642368945,31.306896,0.898137
1409,5.45,true_threat,DREAM,follower_3,129,vehicle.audi.a2,follower,-4,left,0,[0],225.17439351232798,-201.7503854959663,28.099191150313505,-0.044326574592361646,follower_2,45.52277884038854,28.117093944719375,30.535483,0.93041
1409,5.45,true_threat,DREAM,follower_4,130,vehicle.mercedes.coupe_2020,follower,-4,left,0,[0],192.05110022855004,-201.74938660423504,28.654799425823047,-0.3072337904323695,follower_3,28.96183476383999,28.572658846085552,29.801881,1.027143
1410,5.5,true_threat,DREAM,occluder,121,vehicle.carlamotors.firetruck,occluder,-5,centre,1,[1],293.88314309072,-205.25490047364383,18.24237558841211,0.14972713411918628,latent_vehicle,46.20012217628319,18.237970753221827,18.42783,1.163254
1410,5.5,true_threat,DREAM,lead_left,123,vehicle.tesla.model3,leader,-4,left,0,[0],443.5853557304898,-201.74980553389625,23.673734229556786,0.00610356918091051,,,23.680304418592726,24.333146,0.877731
1410,5.5,true_threat,DREAM,lead_centre,124,vehicle.nissan.patrol_2021,leader,-5,centre,1,[1],425.081849066593,-205.25018236162157,19.670337074701163,-0.24841342820875686,,,19.68821470862485,20.102401,0.907738
1410,5.5,true_threat,DREAM,lead_right,125,vehicle.tesla.model3,leader,-6,right,2,[2],444.0652217125945,-208.74964223954981,23.152017305961675,0.006370613862604483,,,23.16016170908577,23.765983,1.0518
1410,5.5,true_threat,DREAM,rear_centre,126,vehicle.nissan.patrol_2021,follower,-5,centre,1,[1],268.6731483916934,-205.2496914159947,17.410001066478213,0.0006485793537903009,occluder,18.151616720252164,17.40119812629952,20.0,0.888602
1410,5.5,true_threat,DREAM,follower_1,127,vehicle.mercedes.coupe_2020,follower,-4,left,0,[0],315.0615139682259,-201.74964385632816,30.829235827046233,-0.30063514643708483,ego,26.45016198539423,30.606386712826314,32.0,0.868232
1410,5.5,true_threat,DREAM,follower_2,128,vehicle.mercedes.coupe_2020,follower,-4,left,0,[0],276.51402633099065,-201.7495188137812,30.313603296919922,-0.2202208161436204,follower_1,33.848000465857,30.285173996052887,31.306896,0.898137
1410,5.5,true_threat,DREAM,follower_3,129,vehicle.audi.a2,follower,-4,left,0,[0],226.5792703061373,-201.7503945170367,28.097573730368662,-0.032348396363415806,follower_2,45.634228966751266,28.114859409426764,30.535483,0.93041
1410,5.5,true_threat,DREAM,follower_4,130,vehicle.mercedes.coupe_2020,follower,-4,left,0,[0],193.48338176948326,-201.74927946490985,28.640252170971582,-0.29094478166516824,follower_3,28.933789137201984,28.55797786802352,29.801881,1.027143
1411,5.55,true_threat,DREAM,occluder,121,vehicle.carlamotors.firetruck,occluder,-5,centre,1,[1],294.79549664695367,-205.25486389122102,18.24991725916924,0.15083341350542265,latent_vehicle,46.666552214585124,18.24533519848438,18.42783,1.163254
1411,5.55,true_threat,DREAM,lead_left,123,vehicle.tesla.model3,leader,-4,left,0,[0],444.7690716120586,-201.7497831903554,23.67405848394351,0.006485087794496703,,,23.680606546433772,24.333146,0.877731
1411,5.55,true_threat,DREAM,lead_centre,124,vehicle.nissan.patrol_2021,leader,-5,centre,1,[1],426.0650034363946,-205.25022843771174,19.658948273997943,-0.22777601330845124,,,19.67595033079118,20.102401,0.907738
1411,5.55,true_threat,DREAM,lead_right,125,vehicle.tesla.model3,leader,-6,right,2,[2],445.2228755839609,-208.7496287868131,23.152358725087595,0.006828382537337637,,,23.16047602216513,23.765983,1.0518
1411,5.55,true_threat,DREAM,rear_centre,126,vehicle.nissan.patrol_2021,follower,-5,centre,1,[1],269.54329614504144,-205.2496844904656,17.399052889470052,-0.21896353968808924,occluder,18.19305958893443,17.401584281266768,20.0,0.888602
1411,5.55,true_threat,DREAM,follower_1,127,vehicle.mercedes.coupe_2020,follower,-4,left,0,[0],316.6025906740495,-201.74951486136865,30.814854484294298,-0.2876266577515163,ego,26.319917373294714,30.585374116572304,32.0,0.868232
1411,5.55,true_threat,DREAM,follower_2,128,vehicle.mercedes.coupe_2020,follower,-4,left,0,[0],278.0294072323228,-201.74938332590835,30.303397158912897,-0.20412245991528716,follower_1,33.873848816587056,30.274274550880623,31.306896,0.898137
1411,5.55,true_threat,DREAM,follower_3,129,vehicle.audi.a2,follower,-4,left,0,[0],227.98414709994663,-201.75040353810712,28.096549497312523,-0.020484656830869807,follower_2,45.74525187827744,28.11322040591881,30.535483,0.93041
1411,5.55,true_threat,DREAM,follower_4,130,vehicle.mercedes.coupe_2020,follower,-4,left,0,[0],194.9149919289422,-201.74918781340995,28.62657276960314,-0.2735876699812161,follower_3,28.906384390078095,28.544091639713155,29.801881,1.027143
1412,5.6000000000000005,true_threat,DREAM,occluder,121,vehicle.carlamotors.firetruck,occluder,-5,centre,1,[1],295.7082164193088,-205.25484244265704,18.257498984151386,0.15163449805426835,latent_vehicle,47.13081611399679,18.2527537130048,18.42783,1.163254
1412,5.6000000000000005,true_threat,DREAM,lead_left,123,vehicle.tesla.model3,leader,-4,left,0,[0],445.9529095691381,-201.7497760639596,23.674403719953528,0.006904720050876318,,,23.680927559371657,24.333146,0.877731
1412,5.6000000000000005,true_threat,DREAM,lead_centre,124,vehicle.nissan.patrol_2021,leader,-5,centre,1,[1],427.04766953018,-205.25028993916249,19.648639029127548,-0.2061848934077515,,,19.664704579252074,20.102401,0.907738
1412,5.6000000000000005,true_threat,DREAM,lead_right,125,vehicle.tesla.model3,leader,-6,right,2,[2],446.38046842538006,-208.74963061368612,23.15272112595189,0.0072480171920664685,,,23.160812920426867,23.765983,1.0518
1412,5.6000000000000005,true_threat,DREAM,rear_centre,126,vehicle.nissan.patrol_2021,follower,-5,centre,1,[1],270.41329131050776,-205.2496776169904,17.401320731698156,0.045356844996220905,occluder,18.235265391820022,17.39139924363422,20.0,0.888602
1412,5.6000000000000005,true_threat,DREAM,follower_1,127,vehicle.mercedes.coupe_2020,follower,-4,left,0,[0],318.14290443525897,-201.74937086789043,30.8011445415841,-0.2741985798339602,ego,26.1874456079737,30.56487031062924,32.0,0.868232
1412,5.6000000000000005,true_threat,DREAM,follower_2,128,vehicle.mercedes.coupe_2020,follower,-4,left,0,[0],279.54433038042055,-201.74927851177353,30.294028359844624,-0.18737561049879448,follower_1,33.89954462107849,30.264164527613165,31.306896,0.898137
1412,5.6000000000000005,true_threat,DREAM,follower_3,129,vehicle.audi.a2,follower,-4,left,0,[0],229.38908492890863,-201.75041253835596,28.096105099892135,-0.008887942187665861,follower_2,45.85575598580028,28.11217149317619,30.535483,0.93041
1412,5.6000000000000005,true_threat,DREAM,follower_4,130,vehicle.mercedes.coupe_2020,follower,-4,left,0,[0],196.34593070172141,-201.74909639094716,28.61380699649504,-0.25531507684478305,follower_3,28.87965102442851,28.531050177133974,29.801881,1.027143
1413,5.65,true_threat,DREAM,occluder,121,vehicle.carlamotors.firetruck,occluder,-5,centre,1,[1],296.6213024077856,-205.2548361279519,18.265113134024592,0.15228299594451852,latent_vehicle,47.593035897975014,18.26021129994187,18.42783,1.163254
1413,5.65,true_threat,DREAM,lead_left,123,vehicle.tesla.model3,leader,-4,left,0,[0],447.1366864858595,-201.74975369959716,23.67476230960884,0.00717179373647878,,,23.68126934404106,24.333146,0.877731
1413,5.65,true_threat,DREAM,lead_centre,124,vehicle.nissan.patrol_2021,leader,-5,centre,1,[1],428.0298473427438,-205.2503516071857,19.639449394009016,-0.1837926942798037,,,19.654524609569762,20.102401,0.907738
1413,5.65,true_threat,DREAM,lead_right,125,vehicle.tesla.model3,leader,-6,right,2,[2],447.53806126159384,-208.74961718177096,23.15309687809359,0.007515043076155675,,,23.161170522380754,23.765983,1.0518
1413,5.65,true_threat,DREAM,rear_centre,126,vehicle.nissan.patrol_2021,follower,-5,centre,1,[1],271.2831033705159,-205.24967080597986,17.39257363538684,-0.17494192575386625,occluder,18.277989998708932,17.393936127582105,20.0,0.888602
1413,5.65,true_threat,DREAM,follower_1,127,vehicle.mercedes.coupe_2020,follower,-4,left,0,[0],319.6825468201996,-201.74925762102566,30.788123165326002,-0.2604271735002164,ego,26.052838164079475,30.544912407045697,32.0,0.868232
1413,5.65,true_threat,DREAM,follower_2,128,vehicle.mercedes.coupe_2020,follower,-4,left,0,[0],281.05879575966765,-201.74915859501218,30.285525508626566,-0.1700565952889187,follower_1,33.92493523419027,30.254875186400124,31.306896,0.898137
1413,5.65,true_threat,DREAM,follower_3,129,vehicle.audi.a2,follower,-4,left,0,[0],230.79396172271797,-201.75042155942637,28.096219556395038,0.00228913772502582,follower_2,45.96574130493596,28.11169964727484,30.535483,0.93041
1413,5.65,true_threat,DREAM,follower_4,130,vehicle.mercedes.coupe_2020,follower,-4,left,0,[0],197.77628963534463,-201.74898990750097,28.601987275036034,-0.2363940296796135,follower_3,28.853650080611295,28.51889622982129,29.801881,1.027143
1414,5.7,true_threat,DREAM,occluder,121,vehicle.carlamotors.firetruck,occluder,-5,centre,1,[1],297.53478511954955,-205.25481441911847,18.272750172066935,0.15274075940815734,latent_vehicle,48.053119982558485,18.2677004623402,18.42783,1.163254
1414,5.7,true_threat,DREAM,lead_left,123,vehicle.tesla.model3,leader,-4,left,0,[0],448.3204634077863,-201.74974659402292,23.67513615848196,0.007476977650383954,,,23.68162434869887,24.333146,0.877731
1414,5.7,true_threat,DREAM,lead_centre,124,vehicle.nissan.patrol_2021,leader,-5,centre,1,[1],429.01159790403324,-205.25039816217162,19.631407978713625,-0.16082829305261298,,,19.645450038623395,20.102401,0.907738
1414,5.7,true_threat,DREAM,lead_right,125,vehicle.tesla.model3,leader,-6,right,2,[2],448.6957151381657,-208.74961898782243,23.153489796043342,0.007858359111677477,,,23.161541298576537,23.765983,1.0518
1414,5.7,true_threat,DREAM,rear_centre,126,vehicle.nissan.patrol_2021,follower,-5,centre,1,[1],272.1528849181532,-205.24967926416826,17.396987245093477,0.08827219453679201,occluder,18.321263927177554,17.385861853231912,20.0,0.888602
1414,5.7,true_threat,DREAM,follower_1,127,vehicle.mercedes.coupe_2020,follower,-4,left,0,[0],321.22154833083147,-201.74912933399906,30.775797983537885,-0.24650321811068293,ego,25.916064284587833,30.52553042267996,32.0,0.868232
1414,5.7,true_threat,DREAM,follower_2,128,vehicle.mercedes.coupe_2020,follower,-4,left,0,[0],282.57286440521676,-201.74902355480276,30.27790386287445,-0.15243244224485386,follower_1,33.950112239883765,30.246434740872644,31.306896,0.898137
1414,5.7,true_threat,DREAM,follower_3,129,vehicle.audi.a2,follower,-4,left,0,[0],232.1988385165273,-201.75043058049678,28.096864256586915,0.012894012659500983,follower_2,46.07532989037372,28.11178430239649,30.535483,0.93041
1414,5.7,true_threat,DREAM,follower_4,130,vehicle.mercedes.coupe_2020,follower,-4,left,0,[0],199.20603825387857,-201.74899044378756,28.59114984326091,-0.21674823440443197,follower_3,28.828167940797414,28.507657698611013,29.801881,1.027143
1415,5.75,true_threat,DREAM,occluder,121,vehicle.carlamotors.firetruck,occluder,-5,centre,1,[1],298.44866455980605,-205.25479257494496,18.280391024811447,0.15281705353483963,latent_vehicle,48.51103777208995,18.27521182912888,18.42783,1.163254
1415,5.75,true_threat,DREAM,lead_left,123,vehicle.tesla.model3,leader,-4,left,0,[0],449.50424032971307,-201.74973948844868,23.6755176385687,0.007629603021974945,,,23.681994459847115,24.333146,0.877731
1415,5.75,true_threat,DREAM,lead_centre,124,vehicle.nissan.patrol_2021,leader,-5,centre,1,[1],429.9929822231742,-205.25035328935783,19.62454339593028,-0.13729163862666263,,,19.637509178123935,20.102401,0.907738
1415,5.75,true_threat,DREAM,lead_right,125,vehicle.tesla.model3,leader,-6,right,2,[2],449.8533079795849,-208.74962081469545,23.153892250788424,0.008049094914745382,,,23.161929013000837,23.765983,1.0518
1415,5.75,true_threat,DREAM,rear_centre,126,vehicle.nissan.patrol_2021,follower,-5,centre,1,[1],273.02251387270326,-205.2496725156224,17.39034967551968,-0.1327513911301344,occluder,18.364965091304242,17.39046416477911,20.0,0.888602
1415,5.75,true_threat,DREAM,follower_1,127,vehicle.mercedes.coupe_2020,follower,-4,left,0,[0],322.76000051988365,-201.74898597557828,30.76417281013608,-0.2325029970254574,ego,25.777215308806745,30.50674677442288,32.0,0.868232
1415,5.75,true_threat,DREAM,follower_2,128,vehicle.mercedes.coupe_2020,follower,-4,left,0,[0],284.0865363587111,-201.7489954614507,30.271186309878644,-0.13435055730068857,follower_1,33.97504510496651,30.238857972062764,31.306896,0.898137
1415,5.75,true_threat,DREAM,follower_3,129,vehicle.audi.a2,follower,-4,left,0,[0],233.6037153103366,-201.7504396015672,28.097997237796537,0.022659633247428927,follower_2,46.18452174211354,28.11239727329224,30.535483,0.93041
1415,5.75,true_threat,DREAM,follower_4,130,vehicle.mercedes.coupe_2020,follower,-4,left,0,[0],200.63529859119095,-201.7489911466466,28.581311863338442,-0.19675921415764427,follower_3,28.803296116072787,28.497367931070908,29.801881,1.027143
1416,5.8,true_threat,DREAM,occluder,121,vehicle.carlamotors.firetruck,occluder,-5,centre,1,[1],299.3629102109787,-205.25477060584208,18.288029971071715,0.15277892381746125,latent_vehicle,48.96678925095331,18.282726655388693,18.42783,1.163254
1416,5.8,true_threat,DREAM,lead_left,123,vehicle.tesla.model3,leader,-4,left,0,[0],450.68801724643447,-201.7497171240863,23.675908654660578,0.007820322396318883,,,23.68237212572991,24.333146,0.877731
1416,5.8,true_threat,DREAM,lead_centre,124,vehicle.nissan.patrol_2021,leader,-5,centre,1,[1],430.9740613717571,-205.25032377944,19.618861372981357,-0.11364044048949797,,,19.630730336590688,20.102401,0.907738
1416,5.8,true_threat,DREAM,lead_right,125,vehicle.tesla.model3,leader,-6,right,2,[2],451.0109618509514,-208.74960736195874,23.154306149684174,0.008277977820948952,,,23.162326137647298,23.765983,1.0518
1416,5.8,true_threat,DREAM,rear_centre,126,vehicle.nissan.patrol_2021,follower,-5,centre,1,[1],273.892234374777,-205.249650477056,17.3967602785561,0.12821206103663976,occluder,18.40921557701064,17.384414812749743,20.0,0.888602
1416,5.8,true_threat,DREAM,follower_1,127,vehicle.mercedes.coupe_2020,follower,-4,left,0,[0],324.2978423886412,-201.7489343781021,30.753241922284573,-0.21861724661153153,ego,25.636352016824986,30.488579983065755,32.0,0.868232
1416,5.8,true_threat,DREAM,follower_2,128,vehicle.mercedes.coupe_2020,follower,-4,left,0,[0],285.5999336540183,-201.74896746179562,30.265369031120507,-0.11634506722433582,follower_1,33.99982534052435,30.232167228325462,31.306896,0.898137
1416,5.8,true_threat,DREAM,follower_3,129,vehicle.audi.a2,follower,-4,left,0,[0],235.00865313929864,-201.75044860181606,28.09960514808808,0.03215821446051763,follower_2,46.293316901798555,28.113497220004927,30.535483,0.93041
1416,5.8,true_threat,DREAM,follower_4,130,vehicle.mercedes.coupe_2020,follower,-4,left,0,[0],202.06410116485807,-201.7489920056673,28.57247905542946,-0.176655800298929,follower_3,28.77891257256975,28.48804023090602,29.801881,1.027143
1417,5.8500000000000005,true_threat,DREAM,occluder,121,vehicle.carlamotors.firetruck,occluder,-5,centre,1,[1],300.27755259064395,-205.25474850139912,18.295655566621303,0.15251190953019572,latent_vehicle,49.42055747775811,18.290239323941087,18.42783,1.163254
1417,5.8500000000000005,true_threat,DREAM,lead_left,123,vehicle.tesla.model3,leader,-4,left,0,[0],451.8718552035141,-201.74970999769047,23.676307305130337,0.007973011637494688,,,23.682759232081366,24.333146,0.877731
1417,5.8500000000000005,true_threat,DREAM,lead_centre,124,vehicle.nissan.patrol_2021,leader,-5,centre,1,[1],431.9548353445765,-205.25029437362994,19.6143714452527,-0.08979853457049744,,,19.62511921624195,20.102401,0.907738
1417,5.8500000000000005,true_threat,DREAM,lead_right,125,vehicle.tesla.model3,leader,-6,right,2,[2],452.16879883298134,-208.74960910554555,23.154720053289132,0.008278072577732977,,,23.162734554588525,23.765983,1.0518
1417,5.8500000000000005,true_threat,DREAM,rear_centre,126,vehicle.nissan.patrol_2021,follower,-5,centre,1,[1],274.7619243644798,-205.2496437076886,17.392068206103428,-0.0938414486449305,occluder,18.453740726109558,17.39093997235255,20.0,0.888602
1417,5.8500000000000005,true_threat,DREAM,follower_1,127,vehicle.mercedes.coupe_2020,follower,-4,left,0,[0],325.8351959813825,-201.74889820598654,30.74299959429159,-0.20484603512351499,ego,25.493626757076356,30.471045874385382,32.0,0.868232
1417,5.8500000000000005,true_threat,DREAM,follower_2,128,vehicle.mercedes.coupe_2020,follower,-4,left,0,[0],287.1130562911384,-201.74893955583755,30.26045583933617,-0.09826333791772075,follower_1,34.02426991397469,30.22635816670942,31.306896,0.898137
1417,5.8500000000000005,true_threat,DREAM,follower_3,129,vehicle.audi.a2,follower,-4,left,0,[0],236.41371303856607,-201.75045756042178,28.10165937726124,0.04108459137239736,follower_2,46.401776368143736,28.115070946304623,30.535483,0.93041
1417,5.8500000000000005,true_threat,DREAM,follower_4,130,vehicle.mercedes.coupe_2020,follower,-4,left,0,[0],203.49250701003265,-201.7489930000281,28.56466858353585,-0.15620911491568473,follower_3,28.755047827864644,28.479679707332046,29.801881,1.027143
1418,5.9,true_threat,DREAM,occluder,121,vehicle.carlamotors.firetruck,occluder,-5,centre,1,[1],301.1925612072523,-205.25480256596768,18.30325827378341,0.15205414180159202,latent_vehicle,49.87225086333767,18.297738590009295,18.42783,1.163254
1418,5.9,true_threat,DREAM,lead_left,123,vehicle.tesla.model3,leader,-4,left,0,[0],453.0556321202355,-201.74968763332808,23.67670977352991,0.008049370936527368,,,23.683153896275705,24.333146,0.877731
1418,5.9,true_threat,DREAM,lead_centre,124,vehicle.nissan.patrol_2021,leader,-5,centre,1,[1],432.9354872418851,-205.2502497506748,19.611065983555992,-0.06610921368262128,,,19.620685272106915,20.102401,0.907738
1418,5.9,true_threat,DREAM,lead_right,125,vehicle.tesla.model3,leader,-6,right,2,[2],453.3266358098059,-208.74959559034417,23.155139683077905,0.00839259560818181,,,23.16314297588259,23.765983,1.0518
1418,5.9,true_threat,DREAM,rear_centre,126,vehicle.nissan.patrol_2021,follower,-5,centre,1,[1],275.63176694206436,-205.24963688626727,17.4002698106802,0.1640320918582605,occluder,18.498693116071976,17.38675870819837,20.0,0.888602
1418,5.9,true_threat,DREAM,follower_1,127,vehicle.mercedes.coupe_2020,follower,-4,left,0,[0],327.37212232805496,-201.74886217962185,30.733422935826752,-0.19153264797273048,ego,25.3490088454121,30.45415747749838,32.0,0.868232
1418,5.9,true_threat,DREAM,follower_2,128,vehicle.mercedes.coupe_2020,follower,-4,left,0,[0],288.6259347876476,-201.7489117331657,30.25643719512076,-0.08037241277776278,follower_1,34.04850086959598,30.22143465719995,31.306896,0.898137
1418,5.9,true_threat,DREAM,follower_3,129,vehicle.audi.a2,follower,-4,left,0,[0],237.8188950081389,-201.7504664773844,28.1041179627125,0.04917171553508277,follower_2,46.50983910599636,28.1170902001206,30.535483,0.93041
1418,5.9,true_threat,DREAM,follower_4,130,vehicle.mercedes.coupe_2020,follower,-4,left,0,[0],204.92054664429105,-201.74899411931824,28.55786327945999,-0.1361057991674655,follower_3,28.731701881957484,28.472301204199024,29.801881,1.027143
1419,5.95,true_threat,DREAM,occluder,121,vehicle.carlamotors.firetruck,occluder,-5,centre,1,[1],302.1079665575586,-205.2548717539843,18.31083045976598,0.15144371869365877,latent_vehicle,50.321991394711034,18.30521508523072,18.42783,1.163254
1419,5.95,true_threat,DREAM,lead_left,123,vehicle.tesla.model3,leader,-4,left,0,[0],454.23940904216226,-201.74968052775384,23.67711225100773,0.00804955461299203,,,23.683552340018494,24.333146,0.877731
1419,5.95,true_threat,DREAM,lead_centre,124,vehicle.nissan.patrol_2021,leader,-5,centre,1,[1],433.915956038941,-205.25022044897253,19.608929730276703,-0.04272504715499482,,,19.617421000681112,20.102401,0.907738
1419,5.95,true_threat,DREAM,lead_right,125,vehicle.tesla.model3,leader,-6,right,2,[2],454.4844117879155,-208.74968890748158,23.15556695482009,0.008545436864434782,,,23.16355704721485,23.765983,1.0518
1419,5.95,true_threat,DREAM,rear_centre,126,vehicle.nissan.patrol_2021,follower,-5,centre,1,[1],276.50173158995426,-205.24963002320285,17.397307703440706,-0.059242144450753834,occluder,18.543859155095774,17.395008678441474,20.0,0.888602
1419,5.95,true_threat,DREAM,follower_1,127,vehicle.mercedes.coupe_2020,follower,-4,left,0,[0],328.9084688407768,-201.74882635106195,30.724500500436825,-0.178448206679954,ego,25.2025591608232,30.437917539391176,32.0,0.868232
1419,5.95,true_threat,DREAM,follower_2,128,vehicle.mercedes.coupe_2020,follower,-4,left,0,[0],290.13863019431494,-201.74892974932303,30.253297837652298,-0.06278671492051127,follower_1,34.07254871975918,30.21738701387952,31.306896,0.898137
1419,5.95,true_threat,DREAM,follower_3,129,vehicle.audi.a2,follower,-4,left,0,[0],239.22416853044075,-201.75047536311473,28.106946572433447,0.056572199634618854,follower_2,46.6175356329328,28.11951347930285,30.535483,0.93041
1419,5.95,true_threat,DREAM,follower_4,130,vehicle.mercedes.coupe_2020,follower,-4,left,0,[0],206.34825060082576,-201.74904112949145,28.552068863448856,-0.11588808088140212,follower_3,28.708844217271917,28.465886549596256,29.801881,1.027143
1420,6.0,true_threat,DREAM,occluder,121,vehicle.carlamotors.firetruck,occluder,-5,centre,1,[1],303.0237076064101,-205.25495608627057,18.318360679308203,0.1506043904997393,latent_vehicle,50.769870624607336,18.312661313807414,18.42783,1.163254
1420,6.0,true_threat,DREAM,lead_left,123,vehicle.tesla.model3,leader,-4,left,0,[0],455.42318596408904,-201.7496734221796,23.67751283448873,0.008011678855381572,,,23.6839507925435,24.333146,0.877731
1420,6.0,true_threat,DREAM,lead_centre,124,vehicle.nissan.patrol_2021,leader,-5,centre,1,[1],434.8964248307915,-205.25017588848206,19.607945518690514,-0.019684215620650126,,,19.615311356766124,20.102401,0.907738
1420,6.0,true_threat,DREAM,lead_right,125,vehicle.tesla.model3,leader,-6,right,2,[2],455.64224880117786,-208.74978220379742,23.15599422310976,0.008545368525640515,,,23.163978658963963,23.765983,1.0518
1420,6.0,true_threat,DREAM,rear_centre,126,vehicle.nissan.patrol_2021,follower,-5,centre,1,[1],277.37184883093136,-205.24963836687272,17.407056167965884,0.19496929080850475,occluder,18.58929985751213,17.392488686269825,20.0,0.888602
1420,6.0,true_threat,DREAM,follower_1,127,vehicle.mercedes.coupe_2020,follower,-4,left,0,[0],330.44444914778785,-201.74880590621956,30.716190324352368,-0.16620305366553118,ego,25.054674275640537,30.424500500436825,32.0,0.868232
1420,6.0,true_threat,DREAM,follower_2,128,vehicle.mercedes.coupe_2020,follower,-4,left,0,[0],291.65123406386937,-201.74899357307723,30.251014875296278,-0.0456588616737794,follower_1,34.09619982581367,30.21419965123942,31.306896,0.898137
1420,6.0,true_threat,DREAM,follower_3,129,vehicle.audi.a2,follower,-4,left,0,[0],240.6296251582007,-201.75048418638036,28.110103244004762,0.06313343510493749,follower_2,46.72495751729827,28.1223067986704,30.535483,0.93041
1420,6.0,true_threat,DREAM,follower_4,130,vehicle.mercedes.coupe_2020,follower,-4,left,0,[0],207.77571043236586,-201.7491339993154,28.54726435185059,-0.09609003789196228,follower_3,28.686413783039058,28.460439138936668,29.801881,1.027143
