frame,time_s,condition,controller,hidden_visible,hidden_lidar_hits,lidar_frame,lidar_time_s,lidar_is_new,semantic_lidar_reveal_armed,ego_station_m,ego_local_y_m,hidden_station_m,hidden_local_y_m,hidden_reference_y_m,hidden_lateral_error_m,hidden_commanded_ay_mps2,hidden_road_lateral_velocity_mps,hidden_observation_submitted,hidden_aware_plan,ego_speed_mps,ego_accel_mps2,ego_throttle,ego_brake,ego_steer,commanded_ackermann_steer_rad,target_speed_mps,steer_limit_rad,steering_envelope_active,shield_active,minimum_clearance_m,minimum_ttc_s,minimum_oriented_clearance_m,minimum_oriented_clearance_actor_role,minimum_ttc_2d_s,minimum_ttc_2d_actor_role,hidden_oriented_clearance_m,hidden_ttc_2d_s,plan_age_s,plan_source_frame,plan_status,plan_rejection_reason,new_plan,latest_plan_status,planner_total_s,planner_decision_s,planner_mpc_s,planner_field_s,low_level_updated,low_level_time_s,physics_control_cycle_time_s,physics_control_deadline_miss,occluder_station_m,ego_pass_clearance_ahead_occluder_m,hidden_pass_clearance_ahead_occluder_m,ego_target_lane_error_m,ego_centre_lane_overlap,hidden_centre_lane_overlap,concurrent_centre_lane_overlap,hidden_center_geometric_visible_now,hidden_center_los_blocked,hidden_footprint_fully_blocked,hidden_footprint_blocked_sample_count,hidden_footprint_sample_count,hidden_footprint_blocked_sample_fraction,hidden_center_in_range,hidden_center_in_horizontal_fov,hidden_center_geometric_range_m,hidden_center_geometric_bearing_rad,hidden_center_geometric_clear_streak,hidden_center_geometric_reveal_confirmed,occluder_speed_mps,occluder_accel_mps2,lead_left_speed_mps,lead_left_accel_mps2,lead_centre_speed_mps,lead_centre_accel_mps2,lead_right_speed_mps,lead_right_accel_mps2,rear_centre_speed_mps,rear_centre_accel_mps2,follower_1_speed_mps,follower_1_accel_mps2,follower_2_speed_mps,follower_2_accel_mps2,follower_3_speed_mps,follower_3_accel_mps2,follower_4_speed_mps,follower_4_accel_mps2
3703,0.05,true_threat,DREAM,0,0,3702,,0,0,180.70645676667561,-201.74956582402078,198.85179048118732,-208.75056301530662,-208.75,0.000680482123271986,-0.0022256948841754423,0.0015389336571072394,0,0,33.00170922078922,0.0,0.5812826752662659,0.0,-0.002437727991491556,-0.0029782464262098074,32.93856261009333,0.006541928698337154,0,0,3.897242689394248,14.671221284575072,3.897227061578185,rear_centre,,,14.161663653225023,,0.05,3702,ok,accepted,1,ok,0.4226455,0.0007023999933153391,0.3825625999888871,0.03862569999182597,1,0.0012882999999987987,0.019616499999997927,0,195.79322472448607,-21.766979501847317,-3.6793676405918347,3.5004341759792226,0,0,0,1,1,0,8,9,0.8888888888888888,1,1,18.328876065687496,-0.39207895285281325,1,0,19.4723637365151,0.37883764152632743,23.777894213423192,1.8646759978563605,21.596728669746046,0.8481214262794287,24.52584797127298,1.6989138372584913,17.667788732282492,-0.017928917142345745,31.96223825975561,0.09971591059082527,31.96225584445546,1.2404990128242086,31.161967778859694,1.2569180876601327,27.865985445601716,5.62976855340252
3704,0.1,true_threat,DREAM,0,13,3703,0.05,1,0,182.35773228453462,-201.74894147209778,200.31736670312293,-208.75045977661114,-208.75,0.0005630153066249477,-0.002584475720147359,0.0016860488696929538,0,0,33.045852916311965,0.8828739104548333,0.576166570186615,0.0,-0.002437727991491556,-0.0029782464262098074,32.93856261009333,0.0065244630378534325,0,0,4.61560687325589,14.656143627983798,4.615641617767136,rear_centre,,,13.989012838047454,,0.1,3702,ok,accepted,0,ok,0.4226455,0.0007023999933153391,0.3825625999888871,0.03862569999182597,0,0.0012882999999987987,0.011818099999999276,0,196.76740692684098,-21.08988618634322,-3.187973621011139,3.5010585279022166,0,0,0,1,1,0,8,9,0.8888888888888888,1,1,18.157787481922952,-0.3964453850494306,2,1,19.490117339147577,0.35507205223611443,23.843961296093294,1.3213424085084866,21.621617648182866,0.49777957216057694,24.591903281815426,1.321106212082802,17.669951674141334,0.04325883775591413,31.97084801575873,0.1721951244919285,32.009725640230315,0.9496394980512292,31.209588275392974,0.9526548637754471,28.1200404762418,5.081100612937249
3705,0.15000000000000002,true_threat,DREAM,0,0,3704,0.1,1,0,184.0106556213818,-201.74793508828844,201.785201220503,-208.75034050872995,-208.75,0.00045977661113738577,-0.002902168267943534,0.001816660864918579,0,0,33.068533977481124,0.45362122338318045,0.5732309818267822,0.0,-0.0024639626499265432,-0.0030102983582764864,32.63856234801628,0.006515516357181946,0,0,5.3492597493816625,14.640481517315797,5.349476286499112,rear_centre,,,13.817425526508956,,0.15000000000000002,3702,ok,accepted,0,ok,0.4226455,0.0007023999933153391,0.3825625999888871,0.03862569999182597,1,0.0011782999999994104,0.012996499999999855,0,197.74238259138633,-20.411938514041395,-2.69511476817641,3.5020649117115568,0,0,0,0,1,1,9,9,1.0,1,1,17.98778211287105,-0.4010917966428726,0,1,19.506648331088265,0.33061983857167143,23.88817751443926,0.8843244291966007,21.632115678223613,0.20996060594391946,24.640906895999127,0.9800722853736515,17.67427373366331,0.08644119090914394,31.98027220770161,0.18848384463529574,32.046446237450475,0.7345948476946126,31.24583159774372,0.7250447895608747,28.324555938355857,4.0903092423849685
3706,0.2,true_threat,DREAM,0,0,3705,0.15000000000000002,1,0,185.6630599824478,-201.74641008266437,203.25459213948227,-208.75023596868726,-208.75,0.00034050872994839665,-0.0031935019678537586,0.0019255049732291533,0,0,33.04626360565358,-0.44540743655090864,0.5753657817840576,0.0,-0.0024639626499265432,-0.0030102983582764864,32.63856234801628,0.006524300875209414,0,0,6.091043924650357,14.669351976168121,6.0915786359689115,rear_centre,,,13.648341551121373,,0.2,3702,ok,accepted,0,ok,0.4226455,0.0007023999933153391,0.3825625999888871,0.03862569999182597,0,0.0011782999999994104,0.010779200000001765,0,198.71818222528773,-19.735333786876794,-2.201523483098555,3.5035899173356313,0,0,0,0,1,1,9,9,1.0,1,1,17.820264302236254,-0.40594990698853817,0,1,19.521903305910815,0.30509949672593045,23.915135771111512,0.5391650396732128,21.630618391117533,-0.029945735597166883,24.67475662534052,0.6769945889868204,17.680045377372334,0.11543287458916254,31.986976518424267,0.13408622175346474,32.074869384988446,0.5685912286413082,31.27332296456653,0.5499474239104468,28.468116349986065,2.8712082326851607
3707,0.25,true_threat,DREAM,0,0,3706,0.2,1,0,187.31430444137004,-201.744198827182,204.72489858575202,-208.75013111632123,-208.75,0.00023596868726372122,-0.0034285149757555516,0.002009605514203627,0,0,33.02385464610805,-0.44817919091059366,0.603611946105957,0.0,-0.0020826496183872223,-0.002544436603784561,32.338565213751394,0.0065331580023711535,0,0,5.814387154667733,14.676871355032741,5.8132692432031465,occluder,,,13.481829837649755,,0.25,3702,ok,accepted,0,ok,0.4226455,0.0007023999933153391,0.3825625999888871,0.03862569999182597,1,0.0013532999999981143,0.01684579999999869,0,199.69465325107421,-19.06056035374104,-1.70768806261529,3.5058011728179963,0,0,0,0,1,1,9,9,1.0,1,1,17.6552728021649,-0.41096450839017784,0,1,19.535840302698993,0.2787399360117577,23.9284047423378,0.2653796703151133,21.618888176789042,-0.23460427856017502,24.695460908172702,0.41408565935178626,17.6867993064639,0.13507858227250916,31.987735622135144,0.015182082811034624,32.096439929500384,0.4314930181523214,31.293648324315715,0.4065797223350843,28.548490112785647,1.6074752561066445
3708,0.3,true_threat,DREAM,0,0,3707,0.25,1,1,188.9682647043179,-201.7412237057317,206.19569330803796,-208.75001083859462,-208.75,0.00013111632122786432,-0.003617623343602674,0.0020680646669916473,0,0,33.11881912215681,1.8992895209751737,0.6169700622558594,0.0,-0.0020826496183872223,-0.002544436603784561,32.338565213751394,0.0064957465863478775,0,0,5.1533054467148895,14.478802169213395,5.152079783889634,occluder,,,13.313959806756973,,0.3,3702,ok,accepted,0,ok,0.4226455,0.0007023999933153391,0.3825625999888871,0.03862569999182597,0,0.0013532999999981143,0.008430000000000604,0,200.67182618111673,-18.38377302083569,-1.214066270371859,3.5087762942683014,0,0,0,0,1,1,9,9,1.0,1,1,17.488881569470397,-0.41620100604295396,0,1,19.5484230809327,0.25165556522889027,23.930528874490793,0.042483616751723206,21.598119035310383,-0.4153828200300058,24.70488894686028,0.1885607772120798,17.69430282412013,0.15007035355633339,31.980369421005772,-0.14732401354564512,32.11186287532292,0.3085047343658067,31.307619504974515,0.27946043041173513,28.572427333518007,0.4787444148861948
3709,0.35000000000000003,true_threat,DREAM,0,0,3708,0.30000000000000004,1,1,190.62628351862384,-201.73740796629835,207.66639648280025,-208.74990585088847,-208.75,1.0838594619144715e-05,-0.003774050189570727,0.002101511702925579,0,0,33.18492689810095,1.322155518882795,0.5133253335952759,0.0,-0.0013932203873991966,-0.0017021397361531854,32.03857458104055,0.006469892701411441,0,0,4.4937502632715125,14.314207341205249,4.492639100041789,occluder,,,13.143042148330775,,0.35000000000000003,3702,ok,accepted,0,ok,0.4226455,0.0007023999933153391,0.3825625999888871,0.03862569999182597,1,0.0012916000000018357,0.014316900000000743,0,201.64957893990447,-17.7035069653175,-0.7211158543973113,3.512592033701651,0,0,0,0,1,1,9,9,1.0,1,1,17.31937589262288,-0.4216481655407672,0,1,19.559602049420743,0.2235793705060535,23.92322483837973,-0.14607879078602048,21.56914638717635,-0.5794529524627295,24.704616210349315,-0.005454726226637712,17.702483449508758,0.1636125081245652,31.964135957118586,-0.32466926893823667,32.12133229218886,0.18940841896881166,31.315527908281446,0.15818133192149061,28.55270534179579,-0.3944398340078963
3710,0.4,true_threat,DREAM,0,0,3709,0.35000000000000003,1,1,192.28674340068744,-201.73259957277142,209.13661137113556,-208.7497857709666,-208.75,-9.414911153271532e-05,-0.00387526948967008,0.0021110834446910597,0,0,33.22234020807222,0.7482661994254158,0.43424442410469055,0.0,-0.0013932203873991966,-0.0017021397361531854,32.03857458104055,0.006455329183408679,0,0,3.8399295830815032,14.182805271569684,3.839268067713552,occluder,,,12.97030084909108,,0.4,3702,ok,accepted,0,ok,0.4226455,0.0007023999933153391,0.3825625999888871,0.03862569999182597,0,0.0012916000000018357,0.01002719999999968,0,202.6278810202719,-17.021349163621323,-0.2292030464294328,3.51740042722858,0,0,0,0,1,1,9,9,1.0,1,1,17.147948339600248,-0.4272602504615073,0,1,19.5693466911334,0.19489283494163362,23.907589412553964,-0.31270553945752955,21.53256913931733,-0.7315449460877893,24.695928250703876,-0.17375918864192802,17.71136788741387,0.1776887584917353,31.93966084138366,-0.4895023068328153,32.12479453054084,0.06924968828333716,31.3173848289007,0.03713988574630924,28.504607722073356,-0.961952393632029
3711,0.45,true_threat,DREAM,0,0,3710,0.4,1,1,193.94824058363974,-201.7269210743521,210.60591073738578,-208.74968126215626,-208.75,-0.00021422903338930155,-0.003948521213250712,0.002098409992521817,0,0,33.236379445975025,0.2807847580561429,0.37573593854904175,0.0,-0.0004936802433803678,-0.0006031441735103726,31.738590327001262,0.006449876950114669,0,0,3.1976908778885984,14.07627887188636,3.197986084281242,occluder,,,12.796639183718387,,0.45,3702,ok,accepted,0,ok,0.4226455,0.0007023999933153391,0.3825625999888871,0.03862569999182597,1,0.001182799999998707,0.010118600000001976,0,203.6065798239265,-16.338550784323616,0.26139751616619833,3.5230789256478943,0,0,0,0,1,1,9,9,1.0,1,1,16.97546325758317,-0.432958755017638,0,1,19.57761885810456,0.165443340207067,23.884292138118496,-0.4659415535812147,21.488873666569887,-0.8739094435838534,24.679811165066276,-0.322341708967367,17.721017171203304,0.19298567611910084,31.90858820874287,-0.6214526464230217,32.12209316254156,-0.05402764644237064,31.31308926944268,-0.08591081086554547,28.441966567811168,-1.2528230839909231
3712,0.5,true_threat,DREAM,0,0,3711,0.45,1,1,195.60982900179238,-201.72031175862182,212.07383681270028,-208.74957722183092,-208.75,-0.000318737843741701,-0.003972882803376391,0.0020654958491016836,0,0,33.23201823747516,-0.08722416999731308,0.330690860748291,0.0,-0.0004936802433803678,-0.0006031441735103726,31.738590327001262,0.0064515699152101575,0,0,2.577084541124475,13.987081835242883,2.579123197266174,occluder,,,12.622566204061032,,0.5,3702,ok,accepted,0,ok,0.4226455,0.0007023999933153391,0.3825625999888871,0.03862569999182597,0,0.001182799999998707,0.011133499999999685,0,204.58564484370265,-15.65602738594714,0.7502585717045349,3.5296882413781816,0,0,0,0,1,1,9,9,1.0,1,1,16.802410603492298,-0.4387248609471711,0,1,19.584384218635716,0.13530721134217183,23.853771749857994,-0.6104030292851668,21.438519639427803,-1.007080531040677,24.657020264229985,-0.455818013384988,17.7314484688166,0.20862595263713463,31.873061920252628,-0.7105257654976195,32.113098672674916,-0.1798864600045184,31.30254237548222,-0.21092949847721032,28.375266574528066,-1.3339998638086503
3713,0.55,true_threat,DREAM,0,0,3712,0.5,1,1,197.27074574696894,-201.71286343857903,213.53993183343383,-208.74947380615222,-208.75,-0.0004227781690815391,-0.003964936734963927,0.002014841222054831,0,0,33.21338103642366,-0.37274402102994486,0.2930532991886139,0.0,0.0008426348795183003,0.0010294726816937327,31.439313132470364,0.006458812152772185,0,0,1.9985988056621138,13.909169734233215,2.003630751232358,occluder,,,12.448353817956992,,0.55,3702,ok,accepted,1,ok,0.464214,0.0006823000148870051,0.45485690000350587,0.008337900013430044,1,0.0011921999999984223,0.01136939999999953,0,205.5650150392423,-14.97448083631022,1.236983396898438,3.537136561420965,0,0,0,0,1,1,9,9,1.0,1,1,16.629026025428935,-0.4444777858186318,0,1,19.589610346872078,0.10452256547017838,23.816350630799274,-0.7484170967705246,21.38196291384141,-1.131134499426817,24.62814873288111,-0.5774306245503525,17.74262935506437,0.22361772533846083,31.83527733443702,-0.7556917139499162,32.09778090626273,-0.30634109859538816,31.285742739714767,-0.3359692431698422,28.311683188237698,-1.2716677233174225
3714,0.6000000000000001,true_threat,DREAM,0,0,3713,0.55,1,1,198.93031948974902,-201.70474418993078,215.00395165897564,-208.7493710984064,-208.75,-0.0005261938477758576,-0.0039275485387348695,0.0019481074780634353,0,0,33.18352801774382,-0.5970603735968893,0.25886309146881104,0.0,0.0008426348795183003,0.0010294726816937327,31.439313132470364,0.006470438185542694,0,0,1.5103098678566598,13.838259794937244,1.5202092819105595,occluder,,,12.27435647611742,,0.6000000000000001,3702,ok,accepted,0,ok,0.464214,0.0006823000148870051,0.45485690000350587,0.008337900013430044,0,0.0011921999999984223,0.0131610000000002,0,206.54462936498197,-14.294521419269813,1.7213888967005744,3.5452558100692215,0,0,0,0,1,1,9,9,1.0,1,1,16.455648120587295,-0.450189410433534,0,1,19.593264817844865,0.07308942017796545,23.77232826118676,-0.8804418190203156,21.31970703139642,-1.245117637088895,24.593682944664923,-0.6893157630073533,17.754460646350044,0.23662582605035873,31.797090302100614,-0.7637406459654434,32.07623954158917,-0.4307967938517106,31.262795885859344,-0.45889367099204986,28.25533818967969,-1.1268999680723986
3715,0.6500000000000001,true_threat,DREAM,0,0,3714,0.6000000000000001,1,1,200.5881229996799,-201.69599993479247,216.4654080081041,-208.7492692651659,-208.75,-0.0006289015935863063,-0.0038646763049011,0.0018675305722400306,0,0,33.1445894627681,-0.7787710995143016,0.22524875402450562,0.0,0.0012642843648791313,0.001544614671729505,31.142774244179343,0.006485649745092135,0,0,1.222596772011358,13.77161702931156,1.2386196580238276,occluder,,,12.10053978966436,,0.6500000000000001,3702,ok,accepted,0,ok,0.464214,0.0006823000148870051,0.45485690000350587,0.008337900013430044,1,0.0011734000000025446,0.0115918999999991,0,207.5243046998474,-13.616393244204346,2.2031699109636236,3.554000065207532,0,0,0,0,1,1,9,9,1.0,1,1,16.282238257004728,-0.4558821179530443,0,1,19.595324744745557,0.04119853864822003,23.722049891290766,-1.0055618275493559,21.25228033149396,-1.3485339889793473,24.55404823855399,-0.7926941218815022,17.766784034360857,0.24646776059926664,31.759811172066733,-0.7455826007954376,32.048684966445244,-0.5510412978984945,31.233925658619803,-0.5773385728814631,28.22275494104802,-0.6516649690751269
3716,0.7000000000000001,true_threat,DREAM,0,0,3715,0.65,1,1,202.24369857037567,-201.6867986759957,217.92387362954494,-208.74915319339348,-208.75,-0.0007307348340930275,-0.003779686697465879,0.0017750549056619203,0,0,33.0979211079466,-0.9333670964301177,0.19097402691841125,0.0,0.0012642843648791313,0.001544614671729505,31.142774244179343,0.006503951768342238,0,0,1.2046576995383305,13.7077821468982,1.2190636091119909,occluder,,,11.9268968868221,,0.7000000000000001,3702,ok,accepted,0,ok,0.464214,0.0006823000148870051,0.45485690000350587,0.008337900013430044,0,0.0011734000000025446,0.011057199999999767,0,208.50416314017093,-12.940676113832126,2.681777092080921,3.5632013240042966,0,0,0,0,1,1,9,9,1.0,1,1,16.108785250228898,-0.46157639708630044,0,1,19.595771056661043,0.008926238851749091,23.66589890374501,-1.1230144142218152,21.18023975879845,-1.4408114470071567,24.509652786229406,-0.8879090471314289,17.779414504661595,0.2526094063592854,31.72412658998396,-0.713691641736254,32.01542296216093,-0.6651686685955731,31.19944554822296,-0.6895131513274709,28.192038986549615,-0.6143190861372935
3717,0.7500000000000001,true_threat,DREAM,0,0,3716,0.7000000000000001,1,1,203.89677159570297,-201.6772930951192,219.3791349106745,-208.74905347354087,-208.75,-0.0008468066065177027,-0.003687946835963664,0.0016725008615275008,0,0,33.04434474456891,-1.0715272675537335,0.1551617980003357,0.0,0.0013562696985900402,0.001656995969824493,30.844315527784914,0.006525058598523732,0,0,1.2141342598035578,13.646176310856786,1.2234149892172568,occluder,,,11.753475853209824,,0.7500000000000001,3702,ok,accepted,0,ok,0.464214,0.0006823000148870051,0.45485690000350587,0.008337900013430044,1,0.0012963999999975329,0.013842399999997923,0,209.48380796266537,-12.26724791099926,3.1573935507160513,3.572706904880789,0,0,0,0,1,1,9,9,1.0,1,1,15.935333140964252,-0.46730087034339135,0,1,19.59458468026408,-0.023727527414903502,23.60432352382638,-1.231502687442102,21.104147980549595,-1.5218355600756561,24.460878057211556,-0.9754945814748094,17.79214987992437,0.2547075056474623,31.69019105107077,-0.6787107773386367,31.976856572477796,-0.7712354842884627,31.159751026912435,-0.7937797676178902,28.249661888393373,1.1524580406619984
3718,0.8,true_threat,DREAM,0,0,3717,0.75,1,1,205.54694539401783,-201.66762065659665,220.83076459501314,-208.7489397337826,-208.75,-0.0009465264591312916,-0.003567744633407596,0.001561401925612535,0,0,32.98431373765638,-1.2006201382506276,0.11799132823944092,0.0,0.0013562696985900402,0.001656995969824493,30.844315527784914,0.006548830570948939,0,0,1.2237624189266398,13.586841436333463,1.2281918925395847,occluder,,,11.580221829966536,,0.8,3702,ok,accepted,0,ok,0.464214,0.0006823000148870051,0.45485690000350587,0.008337900013430044,0,0.0012963999999975329,0.014449300000002552,0,210.46345277995445,-11.596718929973491,3.6293784177655937,3.582379343403346,0,0,0,0,1,1,9,9,1.0,1,1,15.76182035791824,-0.47308009925066724,0,1,19.59175417038432,-0.05661019703680366,23.537819655392976,-1.330073034100957,21.023789467269808,-1.6071702632568166,24.408120779869627,-1.0551455476873883,17.804808961648355,0.25318163488406714,31.65778330312108,-0.6481549560900579,31.933430760959247,-0.86840484668029,31.11529661568351,-0.8889588268364718,28.31168504469926,1.2404631293366455
3719,0.8500000000000001,true_threat,DREAM,0,0,3718,0.8,1,1,207.1939453539816,-201.65791878321866,222.27854906993716,-208.74884256457054,-208.75,-0.001060266217393746,-0.0034464519061502934,0.0014434660734640534,0,0,32.918090628542856,-1.3244621822704516,0.07945084571838379,0.0,0.0011479469249024987,0.0014024816919118166,30.540841980218765,0.0065752055920277564,0,0,1.2334200753698497,13.530162855255462,1.233468456015554,occluder,,,11.407193341494514,,0.8500000000000001,3702,ok,accepted,0,ok,0.464214,0.0006823000148870051,0.45485690000350587,0.008337900013430044,1,0.0011675000000010982,0.012321899999999886,0,211.44291449178544,-10.929180681840705,4.097701180858621,3.592081216781338,0,0,0,0,1,1,9,9,1.0,1,1,15.588299736848644,-0.47895203963557526,0,1,19.587275712946358,-0.0895691483461024,23.466932789259214,-1.4177336689808924,20.938580569730732,-1.704177950440869,24.351775775883656,-1.1269000793568666,17.81722199574628,0.24826068186350597,31.626519968408385,-0.6252666886794663,31.88563046507147,-0.9558786997200737,31.066578692949456,-0.9742144537848084,28.34241814586204,0.61466202593385
3720,0.9000000000000001,true_threat,DREAM,0,0,3719,0.8500000000000001,1,1,208.83749686425563,-201.64832489777575,223.72206108417228,-208.74874685286733,-208.75,-0.001157435429462339,-0.003301832895985326,0.0013199358624530304,0,0,32.845840220301426,-1.4450081648286073,0.04012812674045563,0.0,0.0011479469249024987,0.0014024816919118166,30.540841980218765,0.006604163291333163,0,0,1.2429698375749467,13.476683129985183,1.2392116221567542,occluder,,,11.234235157527412,,0.9000000000000001,3702,ok,accepted,0,ok,0.464214,0.0006823000148870051,0.45485690000350587,0.008337900013430044,0,0.0011675000000010982,0.00857690000000133,0,212.42210154542929,-10.264816225210524,4.5620261414499055,3.601675102224249,0,0,0,0,1,1,9,9,1.0,1,1,15.414604184675389,-0.4849424048532044,0,1,19.58115121524447,-0.12248995387447142,23.392238928695384,-1.4938742520269592,20.850211199833627,-1.7673873994383849,24.292245499120124,-1.1906055331779732,17.829265005474788,0.2408601950511831,31.596015762301413,-0.6100841133325089,31.833969134674167,-1.033087603781585,31.014110680132116,-1.0492065935144959,28.343059007161315,0.012817228077546256
3721,0.9500000000000001,true_threat,DREAM,0,0,3720,0.9,1,1,210.47732531350127,-201.63897642305852,225.16114804463137,-208.74863739193873,-208.75,-0.0012531471326724386,-0.0031485185210162548,0.001192222674932391,0,0,32.767747250056374,-1.5618594049010426,0.0024192743003368378,0.0,0.0011962475255131721,0.0014614920364692807,31.7188255932942,0.006635678315133027,0,0,1.2522743243944774,13.426941192524023,1.2453502553510245,occluder,,,11.061429439354523,,0.55,3710,ok,accepted,1,ok,0.3938595,0.0007480999920517206,0.3620861000090372,0.030663600016850978,1,0.0012294000000032668,0.013831499999998442,0,213.40089187058055,-9.603778101116148,5.022322776757733,3.611023576941477,0,0,0,0,1,1,9,9,1.0,1,1,15.240799316952282,-0.49104956119131304,0,1,19.57338067732227,-0.15541075861585696,23.314314078691478,-1.5584947377192748,20.76019006983936,-1.8004226020842151,24.229924769986727,-1.246414578482116,17.84082544615438,0.2312088135883289,31.56604752504957,-0.5993647325099296,31.778962012139186,-1.0999963130701849,30.95841731030561,-1.113709384731174,28.318160470063503,-0.49797074036146216
3722,1.0,true_threat,DREAM,0,0,3721,0.9500000000000001,1,1,212.11288141657658,-201.62996509919,226.5957184298177,-208.74860576574608,-208.75,-0.0013626080612709757,-0.003000920257407008,0.0010615743379945707,0,0,32.67891727967355,-1.776599407656505,0.0,0.033119771629571915,0.0011962475255131721,0.0014614920364692807,31.7188255932942,0.0066718013464916815,0,0,1.2612570753151715,13.388702413976075,1.2518611295104223,occluder,,,10.889222430275318,,0.6,3710,ok,accepted,0,ok,0.3938595,0.0007480999920517206,0.3620861000090372,0.030663600016850978,0,0.0012294000000032668,0.011346100000000803,0,214.379224437292,-8.94655456475229,5.478560595232608,3.6200349008099977,0,0,0,1,1,0,8,9,0.8888888888888888,1,1,15.067315290898893,-0.4972704549528626,1,1,19.56397363605035,-0.18814082598062645,23.23375713137253,-1.6111373162985525,20.66953761148852,-1.8130491688938257,24.165217946112193,-1.2941364709844974,17.851834656745265,0.2201842115536398,31.53659999713965,-0.5889505420059229,31.721126129397412,-1.1565692642969347,30.90001936551519,-1.167801806262049,28.274094986199085,-0.8813096759838094
3723,1.05,true_threat,DREAM,0,13,3722,1.0,1,1,213.74370743065785,-201.62135211748458,228.02552808350435,-208.74860628121112,-208.75,-0.0013942342539223773,-0.002787403607916602,0.0009288978915437222,0,0,32.58018736448375,-1.9745983037960002,0.0,0.06188990920782089,0.0007828829693607986,0.0009564720094203949,31.41939713647025,0.006712297411128945,0,0,1.2698263710354638,13.361608627068188,1.2593838911040518,occluder,,,10.717802752227943,,0.65,3710,ok,accepted,0,ok,0.3938595,0.0007480999920517206,0.3620861000090372,0.030663600016850978,1,0.0011695000000031541,0.01695919999999873,0,215.35712975272918,-8.293633866108195,5.930464933482085,3.6286478825154234,0,0,0,1,1,0,7,9,0.7777777777777778,1,1,14.894329845582359,-0.503634955730317,2,1,19.552939626941296,-0.2206801827796264,23.151166981838955,-1.6518019140269635,20.579028208389598,-1.8101880623497304,24.098508405677453,-1.3341908003653173,17.86223350749455,0.20797701318495293,31.507865820561083,-0.5746835117358726,31.660978401551777,-1.2028086968120695,30.839427965814203,-1.2116768147626045,28.21721021424498,-1.1376954383990021
3724,1.1,true_threat,DREAM,1,42,3723,1.05,1,1,215.36937613049778,-201.61319865884582,229.45045492497513,-208.74860846240057,-208.75,-0.0013937187888757308,-0.002547147940834292,0.0007956516165187263,0,0,32.474081962825515,-2.1221080331646647,0.0,0.08438628911972046,0.0007828829693607986,0.0009564720094203949,31.41939713647025,0.006756231087854361,0,0,1.2779363623154154,13.3429085494697,1.2686346100572155,occluder,,,10.547435098412386,,0.7000000000000001,3710,ok,accepted,0,ok,0.3938595,0.0007480999920517206,0.3620861000090372,0.030663600016850978,0,0.0011695000000031541,0.013822699999998633,0,216.334394199063,-7.645229612602094,6.37812732861903,3.6368013411541824,0,0,0,1,1,0,5,9,0.5555555555555556,1,1,14.722092703642486,-0.5101485374089622,3,1,19.540311076670022,-0.25257100621714035,23.06711582399412,-1.6810225252666995,20.48931608112351,-1.794242543010935,24.030187155654104,-1.366424990871312,17.871978137787828,0.19489260507049147,31.48019403970685,-0.553435593916426,31.59902609823362,-1.2389071257065412,30.777156026378048,-1.245297815355703,28.152932561033488,-1.285553064018203
3725,1.1500000000000001,true_threat,DREAM,1,108,3724,1.1,1,1,216.98952131038556,-201.60552010699124,230.8703463663483,-208.74861236136837,-208.75,-0.0013915375994315582,-0.002306674112762573,0.0006630244628985146,1,0,32.36238973933889,-2.23384446973256,0.0,0.1028251051902771,0.00024376910005230457,0.00029782013734802604,31.119851849466226,0.006802945650193829,0,0,1.2855716862590896,13.330944446656805,1.2772769950478675,occluder,,,10.37834651717343,,0.7500000000000001,3710,ok,accepted,0,ok,0.3938595,0.0007480999920517206,0.3620861000090372,0.030663600016850978,1,0.0013705000000001633,0.012760300000000058,0,217.3109567411408,-7.0016469747921235,6.821456227914382,3.6444798930087643,0,0,0,1,0,0,2,9,0.2222222222222222,1,1,14.550815942443217,-0.516841070334345,4,1,19.52611659556289,-0.283889622843103,22.982181576632662,-1.6986846415683654,20.400975341573567,-1.7668147849581164,23.96036482282151,-1.3964466465465364,17.881036123314257,0.1811597104975761,31.454009990963915,-0.523680950272428,31.535738248209213,-1.2656287072122188,30.71369157638021,-1.2691617012716112,28.08555546948302,-1.3475418313150587
3726,1.2000000000000002,true_threat,DREAM,1,173,3725,1.1500000000000001,1,1,218.60402091042656,-201.59834702114028,232.28511085489475,-208.74861800934679,-208.75,-0.0013876386316269418,-0.0020677021536255873,0.0005319951379577966,0,0,32.24634800129557,-2.3208347608662905,0.0,0.11817799508571625,0.00024376910005230457,0.00029782013734802604,31.119851849466226,0.006851994391240996,0,0,1.2927017940577912,13.324794325742307,1.285258060813693,occluder,,,10.210588931431406,,0.8000000000000002,3710,ok,accepted,0,ok,0.3938595,0.0007480999920517206,0.3620861000090372,0.030663600016850978,0,0.0013705000000001633,0.011146799999998791,0,218.28678686138625,-6.3629774949965565,7.260390596215416,3.6516529788597154,0,0,0,1,0,0,0,9,0.0,1,1,14.38052984622787,-0.523723311532107,5,1,19.510384793942208,-0.3146360326326498,22.89692499548689,-1.7051315311057242,20.31452860312547,-1.7289347583738397,23.889230234679044,-1.4226917526993539,17.889376946865884,0.16681647173817055,31.429725660304012,-0.4856865887953541,31.471610507492677,-1.282440124005526,30.649516854363856,-1.2833833290531467,28.018241323473834,-1.3462829207013693
3727,1.2500000000000002,true_threat,DREAM,1,199,3726,1.2000000000000002,1,1,220.21260025161206,-201.59161845983726,233.69483994334362,-208.74862537510356,-208.75,-0.0013819906532148707,-0.0018315307607109092,0.00040329902118834034,1,0,32.12683658354128,-2.390228355085924,0.0,0.13116246461868286,-0.0003495706769172102,-0.00042708113323897123,30.820174064750777,0.00690306625625856,0,0,1.2994181863866743,13.324033090726422,1.2926026799346049,occluder,,,10.044558354064565,,0.8500000000000002,3710,ok,accepted,0,ok,0.3938595,0.0007480999920517206,0.3620861000090372,0.030663600016850978,1,0.0014703000000011457,0.010378199999998117,0,219.26176249990468,-5.729373792329483,7.695144046145856,3.658381540162736,0,0,0,1,0,0,0,9,0.0,1,1,14.211611414519286,-0.5308190711701984,6,1,19.493138559376945,-0.34492469056622777,22.811876321274557,-1.7009735019797505,20.230464146113587,-1.681289124891961,23.81772943670713,-1.4300159499689895,17.896973907041676,0.15193920456553112,31.407667203694107,-0.4411691093059813,31.407098426028032,-1.2901425069161867,30.585091170038837,-1.288420168397635,27.953135891115856,-1.302108647444932
3728,1.3,true_threat,DREAM,1,204,3727,1.25,1,1,221.81513725322594,-201.58530394714896,235.0994420789658,-208.74863448987097,-208.75,-0.0013746248964423557,-0.0015999684977441152,0.0002779269892167948,0,0,32.004626739828055,-2.444196874264435,0.0,0.14172887802124023,-0.0003495706769172102,-0.00042708113323897123,30.820174064750777,0.006955884005629722,0,0,1.3057818983984362,13.328396786189089,1.2993637797028268,occluder,,,9.880337157147228,,0.9,3710,ok,accepted,0,ok,0.3938595,0.0007480999920517206,0.3620861000090372,0.030663600016850978,0,0.0014703000000011457,0.008629600000002569,0,220.23576159680147,-5.100835887612391,8.12574708487125,3.664696052851042,0,0,0,1,0,0,0,9,0.0,1,1,14.044115990024117,-0.5381357430073819,7,1,19.473628303274413,-0.39020511989444123,22.727565796919748,-1.68621052854003,20.14838333523598,-1.6416161968702547,23.746682589844227,-1.420936929337368,17.90380983630144,0.1367185863873606,31.38805968782779,-0.39215029706489596,31.34264989053897,-1.2888882422480956,30.520856649967293,-1.2846148686036492,27.8915285400803,-1.2321470199161035
3729,1.35,true_threat,DREAM,1,212,3728,1.3,1,1,223.41150981373042,-201.5793119719894,236.4990393320667,-208.74864531200592,-208.75,-0.0013655101290339644,-0.0013743813884854674,0.00015665182514349764,1,0,31.88035201779098,-2.4854944407415047,0.0,0.15020659565925598,-0.0009128811652772129,-0.00111529475543648,30.520401204021862,0.007010218233112569,0,0,1.311823395615562,13.337754185824483,1.3055285097696492,occluder,,,9.718230953571345,,0.9500000000000001,3710,ok,accepted,0,ok,0.3938595,0.0007480999920517206,0.3620861000090372,0.030663600016850978,1,0.0014116999999984614,0.013882200000001177,0,221.20881464883144,-4.477516379137882,8.552291285942175,3.670688028010602,0,0,0,1,0,0,0,9,0.0,1,1,13.87832311640718,-0.5456919748949999,8,1,19.4522412140669,-0.42774178083328546,22.644481705077308,-1.6616818347564843,20.067570914373892,-1.6162483913887724,23.67609732259346,-1.411705338278677,17.909873291182766,0.12126909862621461,31.37096796151376,-0.34183450985018304,31.278687989085114,-1.2791722576284414,30.457238265142436,-1.2723095368985644,27.834058233065115,-1.1494061371633544
3730,1.4000000000000001,true_threat,DREAM,1,215,3729,1.35,1,1,225.00162636478032,-201.57359678922643,237.8937232553754,-208.74865781027606,-208.75,-0.0013546879940804502,-0.001156200838654145,4.025024632765828e-05,0,0,31.754633645046603,-2.514367454887534,0.0,0.15639269351959229,-0.0009128811652772129,-0.00111529475543648,30.520401204021862,0.007065833961336195,0,0,1.31760375483384,13.352003403839502,1.3111637440439359,occluder,,,9.558458346485155,,1.0,3710,ok,accepted,0,ok,0.3938595,0.0007480999920517206,0.3620861000090372,0.030663600016850978,0,0.0014116999999984614,0.009604700000000577,0,222.18070803816553,-3.8592932174220778,8.975081819916767,3.6764032107735716,0,0,0,1,0,0,0,9,0.0,1,1,13.71442296728372,-0.5534834908063427,9,1,19.429324429831375,-0.45833568017864873,22.56310470006511,-1.6275400088242913,19.98848464371197,-1.5817253847942254,23.60600224603291,-1.401901526144714,17.915150919130046,0.1055525597847307,31.356342432468754,-0.29251056906180933,31.215611022584415,-1.2614895107630508,30.394641941080735,-1.2518842713589273,27.78089472348239,-1.0632701848498443
3731,1.4500000000000002,true_threat,DREAM,1,223,3730,1.4000000000000001,1,1,226.58545623263763,-201.56770064562556,239.28358540162088,-208.7486719534491,-208.75,-0.0013421897239425107,-0.000946511849867066,-7.068884960385706e-05,1,0,31.628280401499197,-2.5270648709481236,0.0,0.15905319154262543,-0.004329501185566187,-0.0052894833497703075,31.18345419560773,0.007122400061067056,0,0,1.323550201300577,13.370721521306077,1.3161606506776418,occluder,,,9.401560986772784,,0.6500000000000001,3718,ok,accepted,1,ok,0.4981038,0.0007964999822434038,0.4676437000161968,0.02932259999215603,1,0.0014332999999986384,0.016220900000000427,0,223.1514722719693,-3.246227583368551,9.39417973235848,3.682299354374436,0,0,0,1,0,0,0,9,0.0,1,1,13.552913213105372,-0.5617718246945975,10,1,19.405104924677822,-0.4843900977903166,22.48387919689967,-1.5845098564126479,19.911732965844177,-1.5350335280488323,23.53669681400477,-1.3861086370612405,17.91964462933738,0.0898742045610127,31.344041956679934,-0.24600950817975603,31.153823051300634,-1.2357240072774027,30.33346029796344,-1.223604514515591,27.731925476664493,-0.9793849249997293
3732,1.5000000000000002,true_threat,DREAM,1,228,3731,1.4500000000000002,1,1,228.16293831968494,-201.56144045655026,240.6686868059559,-208.74868772070346,-208.75,-0.0013280465508955785,-0.0007464351328322332,-0.0001755567266023498,0,0,31.502185558189634,-2.5218968661912555,0.0,0.1582375466823578,-0.004329501185566187,-0.0052894833497703075,31.18345419560773,0.007179530353868498,0,0,1.3298763996934042,13.393315978965532,1.3205625749898455,occluder,,,9.247867376215112,,0.7000000000000002,3718,ok,accepted,0,ok,0.4981038,0.0007964999822434038,0.4676437000161968,0.02932259999215603,0,0.0014332999999986384,0.010485200000001527,0,224.12092425519546,-2.6381974795473866,9.809829153467348,3.688559543449742,0,0,0,1,0,0,0,9,0.0,1,1,13.39406465708695,-0.5706408956717054,11,1,19.379744824916543,-0.5072019885263083,22.407238166603413,-1.5328202731764506,19.837834677780375,-1.477965733500029,23.468516719885073,-1.3636018802233192,17.92336395830113,0.07438657938444661,31.333881520367086,-0.20320872247298458,31.09368621770347,-1.2027135594987854,30.274044056687078,-1.1883077625222254,27.68688727716751,-0.9007639740125218
3733,1.55,true_threat,DREAM,1,240,3732,1.5,1,1,229.7342251357232,-201.55458728812403,242.04921057383854,-208.74870504957445,-208.75,-0.001312279296541874,-0.0005565907190093288,-0.0002740181767912058,1,0,31.37712365134636,-2.5012381368654957,0.0,0.15450386703014374,-0.004254746250808239,-0.005198153201490641,30.883029851769905,0.007236874287668808,0,0,1.3367807454908416,13.41934514526667,1.324810117472644,occluder,,,9.09755732334334,,0.75,3718,ok,accepted,0,ok,0.4981038,0.0007964999822434038,0.4676437000161968,0.02932259999215603,1,0.001368200000001707,0.014884999999999593,0,225.0891250125859,-2.035111420899568,10.22215216395955,3.6954127118759743,0,0,0,1,0,0,0,9,0.0,1,1,13.237990843011499,-0.5799993949896268,12,1,19.353385272726754,-0.5271910371645145,22.333585970242616,-1.47304346676142,19.767264709879978,-1.4113993324232765,23.401772862031052,-1.3348771561024468,17.92632607199879,0.059242273874510004,31.32565131543767,-0.16460409735984277,31.03554937455798,-1.162723542148591,30.216738290129772,-1.146106690722832,27.645482578914404,-0.8280939443429577
3734,1.6,true_threat,DREAM,1,252,3733,1.55,1,1,231.29928611632755,-201.54700382166405,243.42540084587958,-208.7487238567759,-208.75,-0.0012949504255459487,-0.00037784251221109047,-0.00036562101568092704,0,0,31.253818638210692,-2.46610026271334,0.0,0.14787721633911133,-0.004254746250808239,-0.005198153201490641,30.883029851769905,0.0072940878762926395,0,0,1.3444311165952172,13.448392713953554,1.32925066089049,occluder,,,8.950969103720263,,0.8,3718,ok,accepted,0,ok,0.4981038,0.0007964999822434038,0.4676437000161968,0.02932259999215603,0,0.001368200000001707,0.013002099999997796,0,226.05595248424603,-1.4368779119553494,10.631514964340454,3.702996178335951,0,0,0,1,0,0,0,9,0.0,1,1,13.084978550469792,-0.589767322897359,13,1,19.326154061940855,-0.5446242082544587,22.263296448660714,-1.4057898634709254,19.700436956145268,-1.33655505292479,23.33677995171372,-1.2998582059141635,17.928551951054146,0.0445175809572745,31.319172050995736,-0.12958528893245866,30.979725194917417,-1.1164773712013005,30.161861432702377,-1.097534039710767,27.607417649134202,-0.7612985714045535
3735,1.6500000000000001,true_threat,DREAM,1,257,3734,1.6,1,1,232.85830428366987,-201.53844585409487,244.79753228026618,-208.74874404861077,-208.75,-0.00127614322408931,-0.0002106412990796582,-0.0004501518223287721,1,0,31.132913070740305,-2.418111349407752,0.0,0.13882315158843994,-0.0033637911546975374,-0.004109646193683147,30.582651514080062,0.0073508494493941786,0,0,1.3530259293066536,13.48006043674521,1.334365686043916,occluder,,,8.80831684303546,,0.8500000000000001,3718,ok,accepted,0,ok,0.4981038,0.0007964999822434038,0.4676437000161968,0.02932259999215603,1,0.0020455000000012546,0.017461099999998453,0,227.02143717213602,-0.8433444325030166,11.038161710837073,3.711554145905126,0,0,0,1,0,0,0,9,0.0,1,1,12.935189658075068,-0.5998322919411272,14,1,19.29817326106761,-0.5596160113528272,22.19670148127291,-1.3318986907046535,19.637727162741005,-1.2541958519991045,23.27382981381415,-1.2590027579758725,17.930075926096585,0.03047950076731536,31.314294953554906,-0.09754194893935997,30.926513069223727,-1.0642406714931285,30.10970147738292,-1.0431987461066279,27.572473142537266,-0.6988901053346483
3736,1.7000000000000002,true_threat,DREAM,1,263,3735,1.6500000000000001,1,1,234.41137112801454,-201.5287302487261,246.16578798245644,-208.7487655626144,-208.75,-0.001255951389225629,-5.543225620371949e-05,-0.0005274049195426577,0,0,31.014996027791646,-2.3583408589731647,0.0,0.12735913693904877,-0.0033637911546975374,-0.004109646193683147,30.582651514080062,0.007406848587903101,0,0,1.3628094179329082,13.514011796460327,1.3405546127813481,occluder,,,8.669811369149683,,0.9000000000000001,3718,ok,accepted,0,ok,0.4981038,0.0007964999822434038,0.4676437000161968,0.02932259999215603,0,0.0020455000000012546,0.01036410000000032,0,227.9853959916193,-0.2542364076416277,11.442458593544046,3.721269751273894,0,0,0,1,0,0,0,9,0.0,1,1,12.788788386137954,-0.6101337659539735,15,1,19.26956303447114,-0.5722045260156478,22.13412913138264,-1.2514462790814205,19.579478653759637,-1.1649701681884397,23.213214272522556,-1.2123108259528455,17.930930423523986,0.017089948544268548,31.31088841687617,-0.06813073249066123,30.87618765539207,-1.0065082519608313,30.06051404805954,-0.9837484879420557,27.540515543334298,-0.6391519573790237
3737,1.7500000000000002,true_threat,DREAM,1,269,3736,1.7000000000000002,1,1,235.95863919560017,-201.51773488319841,247.53053416336653,-208.74878827385749,-208.75,-0.0012344373855910362,8.752347595897552e-05,-0.0005972629913510025,1,0,30.90061353507861,-2.2876498542607493,0.0,0.11392148584127426,-0.001900668372400105,-0.002322104526683688,30.282316401122703,0.007461782801312814,0,0,1.4130327149294086,13.54989279615926,1.390426828613031,occluder,,,8.535670881520742,,0.9500000000000002,3718,ok,accepted,0,ok,0.4981038,0.0007964999822434038,0.4676437000161968,0.02932259999215603,1,0.0022959000000000174,0.015140699999999896,0,228.9480730728959,0.3303545786673965,11.844527693177525,3.7322651168015852,0,0,0,1,0,0,0,9,0.0,1,1,12.645968747695564,-0.6205455279481681,16,1,19.240449266060164,-0.5822753641486186,22.075857871460727,-1.1654244409904593,19.525996602581536,-1.0696410180499847,23.155213707327015,-1.1600113039408566,17.93115549727809,0.0045014751930221525,31.3088589807537,-0.040588719090790516,30.82898361272008,-0.9440803812924641,30.01453766723017,-0.91952569814313,27.51150288961429,-0.5802530488934621
3738,1.8,true_threat,DREAM,1,274,3737,1.75,1,1,237.5003220834343,-201.5053833906955,248.8921065163363,-208.74881206782146,-208.75,-0.0012117261425146353,0.00021814775701318794,-0.0006597381505693868,0,0,30.79023087144724,-2.2076532726273967,0.0,0.09854500740766525,-0.001900668372400105,-0.002322104526683688,30.282316401122703,0.007515377520843008,0,0,1.6587588686544126,13.587387650466384,1.6408823845321414,occluder,,,8.406055715655011,,1.0,3718,ok,accepted,0,ok,0.4981038,0.0007964999822434038,0.4676437000161968,0.02932259999215603,0,0.0022959000000000174,0.01152280000000161,0,229.9092242701497,0.910886269247726,12.2449488488935,3.744616609304501,0,0,0,1,0,0,0,9,0.0,1,1,12.506867235125142,-0.6310160100358436,17,1,19.2109463958016,-0.5900574045366711,22.022137558923895,-1.0744054963305552,19.477548039789095,-0.9689712540435103,23.10008179661654,-1.1026382140107114,17.930795016150647,-0.007209622308902964,31.308128444905833,-0.014610710675770274,30.785116581090303,-0.8773378566807378,29.971976563679316,-0.8512167491133448,27.48544090211103,-0.521239727710573
3739,1.85,true_threat,DREAM,1,279,3738,1.8,1,1,239.03660313121753,-201.49236235422055,250.25074918197652,-208.74883686122007,-208.75,-0.001187932178538631,0.0003362085843982329,-0.0007147524040161876,1,1,30.684437057564693,-2.115876277650912,0.0,0.08089195936918259,0.0056823925115168095,0.006942352280020714,30.509248168161466,0.007567287926625697,0,0,2.0423059505922576,13.62600736810705,2.030133536175998,occluder,,,8.280122697584462,,0.55,3728,ok,accepted,1,ok,0.4071726,0.0007167000148911029,0.36493300000438467,0.04118749999906868,1,0.001752200000002091,0.013424000000000547,0,230.8688495937914,1.4875419933892715,12.64396619089203,3.757637645779454,0,0,0,1,0,0,0,9,0.0,1,1,12.370776879148082,-0.6409335505492788,18,1,19.181178402034114,-0.5953598775263481,21.97318372204257,-0.9790760056073556,19.43437329017597,-0.8634949935007578,23.048079846272472,-1.0400390063743945,17.92989666363123,-0.017967050015679227,31.30861860850723,0.009803281680150265,30.744777437292655,-0.8067764180256422,29.933006386513387,-0.7793937749930324,27.462390615869303,-0.46100570614283604
3740,1.9000000000000001,true_threat,DREAM,1,288,3739,1.85,1,1,240.56772656284681,-201.47891583109813,251.60685887316362,-208.7488167423487,-208.74998935125592,-0.001152490035849496,0.1530265727338715,-0.0007624126625081183,0,1,30.583752150169833,-2.013698147897216,0.0,0.06109551340341568,0.0056823925115168095,0.006942352280020714,30.509248168161466,0.0076171926213648815,0,0,2.498375761581236,13.665071866312541,2.4910357163686316,occluder,,,8.157618358285577,,0.6000000000000001,3728,ok,accepted,0,ok,0.4071726,0.0007167000148911029,0.36493300000438467,0.04118749999906868,0,0.001752200000002091,0.009935800000000938,0,231.82701006856294,2.060504950247008,13.041915407307584,3.771084168901865,0,0,0,1,0,0,0,9,0.0,1,1,12.237511219138316,-0.6500795072798426,19,1,19.151263539423272,-0.5982972587132407,21.929190907085136,-0.8798556098144745,19.396577256288815,-0.7559206809155874,22.99944627470583,-0.9726714304852381,17.9285043071458,-0.02784712926973346,31.31023982627931,0.03242436883392369,30.708115121945582,-0.7332353014002857,29.897772281966844,-0.7046673710332535,27.442420695401914,-0.3993983944398616
3741,1.9500000000000002,true_threat,DREAM,1,295,3740,1.9000000000000001,1,1,242.09405865690846,-201.4652420606452,252.96067968886524,-208.74862955761574,-208.749579628786,-0.0007628864372861699,0.5190864785945974,0.0005716513714572897,1,1,30.488558622182023,-1.9038705597562,0.0,0.03986559435725212,0.006234757136553526,0.007617192808538675,30.209265006630872,0.007664830890087693,1,0,2.992161663227113,13.704289277787026,2.9883375488923023,occluder,,,8.038424859258509,,0.6500000000000001,3728,ok,accepted,0,ok,0.4071726,0.0007167000148911029,0.36493300000438467,0.04118749999906868,1,0.001867700000001804,0.017707099999999087,0,232.78367518729877,2.6301719255728244,13.439071104273381,3.7847579393547903,0,0,0,1,0,0,0,9,0.0,1,1,12.106873575158522,-0.6586033726342619,20,1,19.12131243491065,-0.5990221001135282,21.890296434936662,-0.7778888271237167,19.364117978913328,-0.649185550148277,22.954415685018983,-0.9006117926504214,17.926667539373405,-0.03673535486603875,31.312879565697752,0.05279480523655763,30.675249977380208,-0.6572869788049143,29.866392697165566,-0.6275720302802575,27.425607433741625,-0.33626522243929174
3742,2.0,true_threat,DREAM,1,304,3741,1.9500000000000002,1,1,243.6157215826102,-201.45163091819398,254.3125167371748,-208.74807683866717,-208.74795486821756,0.0006746893981812718,0.8739571550233418,0.005248011192570622,0,1,30.399205235686203,-1.7870677299163873,0.0,0.01721372827887535,0.006234757136553526,0.007617192808538675,30.209265006630872,0.007709954309184912,1,0,3.5061545759045067,13.743363311394369,3.504682330069316,occluder,,,7.9225327887953325,,0.7,3728,ok,accepted,0,ok,0.4071726,0.0007167000148911029,0.36493300000438467,0.04118749999906868,0,0.001867700000001804,0.009475099999999514,0,233.73884494479347,3.1966650937798704,13.835738395088242,3.7983690818060154,0,0,0,1,0,0,0,9,0.0,1,1,11.978788071894762,-0.6666034530786953,21,1,19.091443343204798,-0.5973818493349422,21.8566147434968,-0.6736332915899277,19.33686575857144,-0.5450444074310626,22.91319597872341,-0.8243941245338228,17.92443404376758,-0.04466991143988235,31.316408127097354,0.0705712484078933,30.64628327389571,-0.5793133677736464,29.83894792338024,-0.5488713175515466,27.411998513954664,-0.2721783888494454
3743,2.05,true_threat,DREAM,1,319,3742,2.0,1,1,245.13314274738804,-201.43855528042695,255.6626751209804,-208.7469448583607,-208.74435434767102,0.003722490996153738,1.2157713682251325,0.013505121281135827,1,1,30.314896923805275,-1.6861662376185649,0.006391756236553192,0.0,0.00631068367511034,0.007709954399615526,29.909176793019153,0.007752896305291744,1,0,4.031508487424884,13.783628499967206,4.031457445154974,occluder,,,7.8095306947532634,,0.7499999999999998,3728,ok,accepted,0,ok,0.4071726,0.0007167000148911029,0.36493300000438467,0.04118749999906868,1,0.0013742000000007693,0.01120339999999942,0,234.6925193254309,3.760411877920262,14.232222398256397,3.8114447195730463,0,0,0,1,0,0,0,9,0.0,1,1,11.85279199220258,-0.6741656689264424,22,1,19.061766889982405,-0.593529084226419,21.828162994262517,-0.5690345330937454,19.314641304013897,-0.444489088313781,22.875989334555015,-0.7441328817816314,17.921855318587802,-0.05157450285048168,31.32067101613652,0.08525780418022447,30.62127240030279,-0.500192495038444,29.81549915535342,-0.4689474918959926,27.401630176237063,-0.20736675028765789
3744,2.1,true_threat,DREAM,1,326,3743,2.0500000000000003,1,1,246.64647488487458,-201.42644234135915,257.0113378780701,-208.74503518998546,-208.73810171661907,0.008843141741635918,1.5418456893390435,0.026050783629058542,0,1,30.232845684546433,-1.641024785176839,0.03180886059999466,0.0,0.00631068367511034,0.007709954399615526,29.909176793019153,0.00779503406831247,1,0,4.563281890515596,13.829502670849175,4.563927769101374,occluder,,,7.699098972683681,,0.8,3728,ok,accepted,0,ok,0.4071726,0.0007167000148911029,0.36493300000438467,0.04118749999906868,0,0.0013742000000007693,0.00896839999999699,0,235.64469832400567,4.321565016832039,14.62870615677133,3.8235576586408513,0,0,0,1,0,0,0,9,0.0,1,1,11.728544231648131,-0.6813413541910421,23,1,19.03239370496879,-0.5874637200278034,21.804811485045967,-0.4670298149225576,19.29726723340182,-0.34748140500346164,22.842975042473437,-0.6602858400531288,17.918977140054363,-0.05756356986715639,31.325502293901838,0.09662558128180324,30.600253744294964,-0.4203446940173569,29.79605606542399,-0.3888312669577601,27.394500512698077,-0.14259326896494381
3745,2.15,true_threat,DREAM,1,333,3744,2.1,1,1,248.15571815643685,-201.41576512342394,258.35884058726504,-208.742012025683,-208.7286019865931,0.01643320339235288,1.849302582696354,0.04373146249122156,1,1,30.153200423075603,-1.5929052294166013,0.06112580746412277,0.0,0.006380321923643351,0.007795033976435661,29.609060943569975,0.007836265649792055,1,0,5.098425746513868,13.880597892741852,5.099203273631741,occluder,,,7.590937612308142,,0.8499999999999999,3728,ok,accepted,0,ok,0.4071726,0.0007167000148911029,0.36493300000438467,0.04118749999906868,1,0.0013679000000017538,0.015592900000001464,0,236.59544299649204,4.880063615907943,15.025464193479905,3.834234876576062,0,0,0,1,0,0,0,9,0.0,1,1,11.605791298835575,-0.6881287613515791,24,1,19.003430601681792,-0.5792620823069516,21.786361841218284,-0.3689925994490117,19.284558534408124,-0.25417396754653476,22.814315227648866,-0.57319629485778,17.915847185998857,-0.06259908067867864,31.330751282762108,0.10497980328538255,30.58322933722452,-0.3404573286758437,29.78062257299875,-0.30863785593095217,27.390567562436335,-0.07865900467089647
3746,2.1999999999999997,true_threat,DREAM,1,336,3745,2.15,1,1,249.66111684843656,-201.40695078940405,259.70539677269744,-208.7375853756026,-208.7153385218898,0.0266735037932051,2.135261726784498,0.06735947394528174,0,1,30.07677122690385,-1.5285839234350362,0.0939745306968689,0.0,0.006380321923643351,0.007795033976435661,29.609060943569975,0.007876140655734111,1,0,5.63530578249629,13.935319110766844,5.635770814161066,occluder,,,7.484491953695396,,0.8999999999999997,3728,ok,accepted,0,ok,0.4071726,0.0007167000148911029,0.36493300000438467,0.04118749999906868,0,0.0013679000000017538,0.009820400000002394,0,237.54475334288998,5.436151961509722,15.422710032514374,3.84304921059595,0,0,0,1,0,0,0,9,0.0,1,1,11.484015782806377,-0.6945331366747792,25,1,18.974974854259848,-0.5691149625241795,21.772585181679656,-0.27553298942204746,19.276354992939304,-0.1640708127853653,22.790095720570527,-0.4843901399734184,17.91251122922973,-0.06671913566831962,31.336263487745416,0.11024412495400888,30.570172568536623,-0.2611033472390046,29.769156784471406,-0.22928353172742824,27.389762660527744,-0.01609803824670598
3747,2.25,true_threat,DREAM,1,339,3746,2.2,1,1,251.16282363724707,-201.40025868664452,261.05115891814125,-208.73145001192685,-208.6978700302775,0.039715345325106455,2.3971614250706565,0.09761718363359825,1,1,30.004252355895623,-1.450377420164557,0.12850883603096008,0.0,0.005058130249381065,0.006179671734571457,29.308874446089735,0.007914257602912273,0,0,6.172902586323867,13.99220838229551,6.172731078708169,occluder,,,7.379408043838038,,0.95,3728,ok,accepted,0,ok,0.4071726,0.0007167000148911029,0.36493300000438467,0.04118749999906868,1,0.0013655999999997448,0.011847499999998234,0,238.49262937361027,5.9899827195999364,15.820596147237893,3.84974131335548,0,0,0,1,0,0,0,9,0.0,1,1,11.36287189361901,-0.700660073124597,26,1,18.947131366526808,-0.5568697666970328,21.763250714269432,-0.18668921374528288,19.272505931996797,-0.07698120013474755,22.770312705786406,-0.39566029432142535,17.90901695486253,-0.0698854885247154,31.341897765593266,0.11268558019606977,30.56102437098654,-0.18293191086126198,29.761591977045615,-0.15126481268840802,27.391965644858207,0.04405968655944385
3748,2.3,true_threat,DREAM,1,344,3747,2.25,1,1,252.66102171681808,-201.39594815207968,262.39630998850896,-208.7231938849104,-208.67582755370267,0.05562245822417822,2.5,0.13501239688016542,0,1,29.936043790509494,-1.3641713077225859,0.16194403171539307,0.0,0.005058130249381065,0.006179671734571457,29.308874446089735,0.007950362067708508,0,0,6.710466879168915,14.050237273686504,6.709427736396484,occluder,,,7.275103949083743,,0.9999999999999998,3728,ok,accepted,0,ok,0.4071726,0.0007167000148911029,0.36493300000438467,0.04118749999906868,0,0.0013655999999997448,0.009081300000001846,0,239.43919313813677,6.541617034644446,16.219183453079097,3.854051847920317,0,0,0,1,0,0,0,9,0.0,1,1,11.24187746720632,-0.7065292083370946,27,1,18.919991689560415,-0.5427935511513845,21.75816388841622,-0.10173643623852852,19.272893094812027,0.007743276773340498,22.75489561197469,-0.3083418749994771,17.905410146435205,-0.07213616953757258,31.347528231927036,0.11260934665761366,30.55568940362805,-0.10666839544413119,29.757832787322926,-0.07515438202985074,27.39703918660563,0.10147083533126403
3749,2.35,true_threat,DREAM,1,353,3748,2.3000000000000003,1,1,254.1559855319158,-201.39339348169736,263.74109403591984,-208.71255751186803,-208.6489114589964,0.07428242591399226,2.5,0.17866725402529063,1,1,29.872588293062503,-1.2691099489398283,0.19396372139453888,0.0,-0.0031269819010049105,-0.004217471461743116,29.21907465784264,0.00798417290340695,0,0,7.162041037282461,14.108412694497337,7.172362292817381,latent_vehicle,,,7.172362292817381,,0.6499999999999999,3736,ok,accepted,1,ok,0.5065452,0.0010728999914135784,0.4632907999912277,0.04170970001723617,1,0.0014145000000027608,0.014892799999998374,0,240.38438361172757,7.091390376151367,16.61877702689918,3.856606518302641,0,0,0,1,0,0,0,9,0.0,1,1,11.12160909676286,-0.7127971206878297,28,1,18.893645470434546,-0.5269243924052496,21.757128249057,-0.02071274420602482,19.277388689349195,0.08991191140158321,22.743758607667207,-0.22274008520338584,17.901728951540182,-0.07362389830543699,31.353030909714118,0.11005356953272763,30.5540742038229,-0.03227508069315824,29.757764751360074,-0.0013340675865717345,27.404821160984365,0.15563948871298247
3750,2.4,true_threat,DREAM,1,367,3749,2.35,1,1,255.64786762877884,-201.39247255313825,265.08566358058556,-208.6993424764996,-208.61688842858084,0.09566908328719137,2.5,0.22802884862339834,0,1,29.81382040506312,-1.1753577599876763,0.2243543416261673,0.0,-0.003452047472819686,-0.004217471461743116,29.21907465784264,0.008015678785028148,0,0,7.058104814199049,14.166201910902732,7.0712569097946565,latent_vehicle,,,7.0712569097946565,,0.6999999999999997,3736,ok,accepted,0,ok,0.5065452,0.0010728999914135784,0.4632907999912277,0.04170970001723617,0,0.0014145000000027608,0.012103400000000875,0,241.3282923471117,7.639363737630276,17.01943783618077,3.857527446861752,0,0,0,1,0,0,0,9,0.0,1,1,11.002108037879243,-0.7196946790130615,29,1,18.868178539802937,-0.5093386207835061,21.7599893009082,0.057221054345996,19.285901162442613,0.170249481778457,22.736787253185497,-0.13942708874745732,17.898009610810526,-0.0743868143529077,31.358316153507893,0.10570488763661774,30.55604141744554,0.03937036532397867,29.761244772430807,0.06962377374135298,27.41512083289889,0.20599344047972115
3751,2.45,true_threat,DREAM,1,390,3750,2.4000000000000004,1,1,257.136942540665,-201.3928190617892,266.43023212061127,-208.68318249501345,-208.57958845117565,0.11975402532394241,2.5,0.2830654228554664,1,1,29.75974243055583,-1.081559490145807,0.2531379163265228,0.0,-0.00601946422830224,-0.007354162633419037,28.918569820039284,0.008044835410321695,0,0,6.954218355320082,14.22347765799421,6.97161831467567,latent_vehicle,,,6.97161831467567,,0.75,3736,ok,accepted,0,ok,0.5065452,0.0010728999914135784,0.4632907999912277,0.04170970001723617,1,0.0013795999999999253,0.013170399999999916,0,242.27098037944188,8.185750617186272,17.421318343876294,3.857180938210803,0,0,0,1,0,0,0,9,0.0,1,1,10.883240296118178,-0.7272079331196873,30,1,18.84367100635304,-0.49015067558341296,21.766615437865262,0.13252274194053723,19.298310353284652,0.248183833265119,22.733870920859733,-0.05832664592442776,17.894288363826696,-0.07442493898504483,31.363311485486868,0.09990664677389115,30.56142124531884,0.1076193076877398,29.76810685383908,0.13726131606358824,27.427732210117156,0.252227547482102
3752,2.5,true_threat,DREAM,1,400,3751,2.45,1,1,258.6235153444355,-201.39414298656706,267.7750437237322,-208.66386386108897,-208.5369018125045,0.14628068250894444,2.5,0.3433706426436085,0,1,29.710278740401833,-0.9892738030799109,0.28050437569618225,0.0,-0.00601946422830224,-0.007354162633419037,28.918569820039284,0.008071643723268624,0,0,6.850259643979103,14.280099518879906,6.873234024051923,latent_vehicle,,,6.873234024051923,,0.7999999999999998,3736,ok,accepted,0,ok,0.5065452,0.0010728999914135784,0.4632907999912277,0.04170970001723617,0,0.0013795999999999253,0.01052850000000305,0,243.21247823670518,8.730825563693429,17.82463208973394,3.8558570134329386,0,0,0,1,0,0,0,9,0.0,1,1,10.764856970944267,-0.7352333486658434,31,1,18.820199164112214,-0.46943685001043006,21.776865518565526,0.2050016114495,19.31446748869557,0.32314272064196037,22.734904706586086,0.020675714885113106,17.890599543177515,-0.0737764121213684,31.36794061124457,0.09258251928212619,30.570055320331637,0.1727005761683813,29.778177360713627,0.20142605896318752,27.442445483935916,0.29426548057847
3753,2.55,true_threat,DREAM,1,408,3752,2.5,1,1,260.10773845619406,-201.39594073540826,269.12022039258386,-208.64118816883672,-208.4887760860015,0.1750877750874622,2.5,0.408376101146474,1,1,29.665327162398896,-0.8990315600587451,0.30662310123443604,0.0,-0.006606730166822672,-0.00807164330035448,28.61804528263238,0.00809612295292479,1,0,6.746315585361813,14.33610049865854,6.776035119947963,latent_vehicle,,,6.776035119947963,,0.8499999999999996,3736,ok,accepted,0,ok,0.5065452,0.0010728999914135784,0.4632907999912277,0.04170970001723617,1,0.001372599999999835,0.013205500000001535,0,244.15281641565645,9.274710496500745,18.229470579634324,3.85405926459174,0,0,0,1,0,0,0,9,0.0,1,1,10.646953074158592,-0.7436314391354547,32,1,18.797829769633267,-0.4473878939737709,21.790598402508333,0.27465767739531105,19.334204722057997,0.3947446755224423,22.739795151585167,0.09780890029572628,17.8869774815421,-0.07244123240325771,31.37213486698434,0.08388511593679189,30.581739491806097,0.23369877730705133,29.79125404545127,0.26154594269441434,27.459024143930346,0.33157320495678255
3754,2.6,true_threat,DREAM,1,419,3753,2.5500000000000003,1,1,261.5898863623501,-201.39770867460595,270.46588413500683,-208.6149722711555,-208.43521312351768,0.2059750453190361,2.5,0.4774634829820624,0,1,29.62474831572875,-0.8115769334029466,0.3317245841026306,0.0,-0.006606730166822672,-0.00807164330035448,28.61804528263238,0.008118316688262111,1,0,6.642427116718404,14.391460110515153,6.679918581658061,latent_vehicle,,,6.679918581658061,,0.8999999999999999,3736,ok,accepted,0,ok,0.5065452,0.0010728999914135784,0.4632907999912277,0.04170970001723617,0,0.001372599999999835,0.010067299999999335,0,245.0920864794355,9.817588338877755,18.635864258278247,3.8522913253940487,0,0,0,1,0,0,0,9,0.0,1,1,10.529464964582841,-0.7522905667366423,33,1,18.776625765646212,-0.4240800833805166,21.80765387396569,0.3411094326969722,19.357308429543654,0.46207415466358903,22.748443072317087,0.17295841477445315,17.883446972220536,-0.07061018562537207,31.375842753409312,0.07415772842381357,30.596263885525833,0.29049961753683884,29.80711558975191,0.3172397929955497,27.477237401077552,0.36426514877773813
3755,2.65,true_threat,DREAM,1,427,3754,2.6,1,1,263.0700809301989,-201.39885166977828,271.8122790187366,-208.58500246172468,-208.37626604602744,0.2387062251280554,2.5,0.5500279518760657,1,1,29.58841907802503,-0.7265847540743664,0.3559451103210449,0.0,-0.0066449325531721115,-0.008118316531181335,28.33173100307247,0.008138263702218623,1,0,6.53886310884474,14.446058081412076,6.585006171387371,latent_vehicle,,,6.585006171387371,,0.9499999999999997,3736,ok,accepted,0,ok,0.5065452,0.0010728999914135784,0.4632907999912277,0.04170970001723617,1,0.001452000000000453,0.01282420000000073,0,246.03037998077133,10.359489405390718,19.043965640672184,3.8511483302217187,0,0,0,1,0,0,0,9,0.0,1,1,10.412583550086861,-0.7610936193490176,34,1,18.756652002912368,-0.39947525732997285,21.827839294113357,0.4037084134853027,19.38354019265946,0.5246352644326491,22.76073021454917,0.24574284475289984,17.880040444354407,-0.06813055708470928,31.379012772252043,0.0634003767024042,30.613405278957824,0.34283632669419595,29.82553114579255,0.36831710813936125,27.496846837021632,0.39218872531216775
3756,2.7,true_threat,DREAM,1,438,3755,2.6500000000000004,1,1,264.5485966565605,-201.39889660479483,273.15955763165476,-208.55127868849036,-208.31203623433498,0.272966227389702,2.5,0.6255132195345202,0,1,29.55620011166955,-0.6443793271095899,0.37936362624168396,0.0,-0.0066449325531721115,-0.008118316531181335,28.33173100307247,0.008156015492796632,1,0,6.435836891335031,14.499671838735116,6.491393596495869,latent_vehicle,,,6.491393596495869,,1.0,3736,ok,accepted,1,ok,0.3550004,0.0008843000105116516,0.3165920999890659,0.037183300009928644,0,0.001452000000000453,0.012076999999997895,0,246.96766640208767,10.900718710435967,19.453957832274,3.851103395205172,0,0,0,1,0,0,0,9,0.0,1,1,10.296414490618481,-0.7699760470759022,35,1,18.737893222644416,-0.37517560721264115,21.850941041164774,0.4620349594024084,19.41261581719644,0.5815124905234863,22.776530691906547,0.3160095471638148,17.87677315471211,-0.0653457927695788,31.381595332210452,0.05165120005195825,30.632921383232755,0.39032770408787687,29.846264153678195,0.4146637714386614,27.51761594069353,0.4153820802917548
3757,2.75,true_threat,DREAM,1,454,3756,2.7,1,1,266.02567759355406,-201.39758399697035,274.50778092042253,-208.513541531232,-208.24267031978087,0.3086083687094856,2.5,0.7034266839213519,1,1,29.528064683880224,-0.5627085557865286,0.4022097885608673,0.0,-0.0042815241031348705,-0.005230868700891733,28.572833101282974,0.008171564910089097,0,0,6.333155822064376,14.551862626661723,6.3985248781274775,latent_vehicle,,,6.3985248781274775,,0.5499999999999998,3746,ok,accepted,0,ok,0.3550004,0.0008843000105116516,0.3165920999890659,0.037183300009928644,1,0.0014198000000007482,0.010290200000000027,0,247.90403730131897,11.441428748198234,19.865810221810477,3.8524160030296457,0,0,0,1,0,0,0,9,0.0,1,1,10.180570395004716,-0.7786811921446902,36,1,18.719826811302756,-0.36132822804904763,21.87673214365486,0.5158220754170469,19.44423012706148,0.6322861959394006,22.795686195233856,0.3831100665410503,17.873666084566363,-0.062141402976512466,31.38354084193866,0.038910197386101686,30.654569919216115,0.4329740599531227,29.86905517663296,0.4558223039283462,27.539308201032092,0.4338452138592828
3758,2.8,true_threat,DREAM,1,463,3757,2.75,1,1,267.50141518459543,-201.39459338052092,275.8572845783797,-208.47179087543103,-208.1683571749483,0.3451843562836814,2.5,0.7833446466165114,0,1,29.503862624220094,-0.4840411932026001,0.4243587553501129,0.0,-0.0042815241031348705,-0.005230868700891733,28.572833101282974,0.008184976102368579,0,0,6.231137680405622,14.602289892526448,6.306526123441493,latent_vehicle,,,6.306526123441493,,0.5999999999999996,3746,ok,accepted,0,ok,0.3550004,0.0008843000105116516,0.3165920999890659,0.037183300009928644,0,0.0014198000000007482,0.013543499999997266,0,248.8395231856307,11.981680454927869,20.27982799545589,3.8554066194790835,0,0,0,1,0,0,0,9,0.0,1,1,10.065302234634697,-0.7870879668149106,37,1,18.702666390487067,-0.34320841743757574,21.90495701844669,0.5644975278516013,19.478056965366807,0.6765367646833784,22.8180136196741,0.44654848880476944,17.87073258544266,-0.058669982734175556,31.38483404226513,0.02586401192076872,30.67808763849715,0.47035603908849277,29.89364669866566,0.49183112511021354,27.561690921698748,0.4476544204639294
3759,2.85,true_threat,DREAM,1,475,3758,2.8000000000000003,1,1,268.97608405663954,-201.38983310902043,277.2080380515122,-208.42591991998106,-208.08932490436985,0.38246597106117974,2.5,0.8649106451873643,1,1,29.483605262127192,-0.40514724185804596,0.44528689980506897,0.0,-0.001713070902042091,-0.0020929109305143356,28.272814967614416,0.008196226799863154,0,0,6.129521570273204,14.650307262894314,6.214843991725305,latent_vehicle,,,6.214843991725305,,0.6499999999999999,3746,ok,accepted,0,ok,0.3550004,0.0008843000105116516,0.3165920999890659,0.037183300009928644,1,0.0014091999999976679,0.013724899999999707,0,249.77415457780467,12.521717934798005,20.69595007641442,3.8601668909795706,0,0,0,1,0,0,0,9,0.0,1,1,9.950186718712176,-0.7950287281401209,38,1,18.686598882107916,-0.32135016822161006,21.935346730771613,0.607794283761847,19.513751101713353,0.7138827263895893,22.843303155558356,0.5057907176830166,17.867982192681342,-0.055007855681302925,31.38545585936166,0.012436350267311262,30.70321321189353,0.5025120350370046,29.91978312227529,0.5227285656877115,27.58453712829093,0.4569241388870575
3760,2.9,true_threat,DREAM,1,493,3759,2.85,1,1,270.4498062487594,-201.38321158809674,278.56025494723826,-208.37588281564206,-208.0058378352336,0.4200820847474631,2.5,0.9478282371230518,0,1,29.467098783907776,-0.3301295643883151,0.46476200222969055,0.0,-0.001713070902042091,-0.0020929109305143356,28.272814967614416,0.008205411461167737,0,0,6.028319896021627,14.695553822321928,6.123372557213801,latent_vehicle,,,6.123372557213801,,0.6999999999999997,3746,ok,accepted,0,ok,0.3550004,0.0008843000105116516,0.3165920999890659,0.037183300009928644,0,0.0014091999999976679,0.010339799999997012,0,250.70802303056985,13.061571674152674,21.114298519375325,3.866788411903258,0,0,0,1,0,0,0,9,0.0,1,1,9.835228313116113,-0.8024425589857996,39,1,18.671727282910723,-0.29743198418643907,21.96762090076299,0.6454834416377636,19.550952046113697,0.7440188890643954,22.871318293084784,0.5603027505375118,17.865430166711263,-0.05104051942802541,31.38539103400239,-0.0012964958046157286,30.729679600179114,0.5293278213934164,29.94718978771381,0.548133328158895,27.607635105220872,0.46195954543794454
3761,2.95,true_threat,DREAM,1,511,3760,2.9000000000000004,1,1,271.9228564711959,-201.37488131193462,279.91408784302894,-208.32164899278385,-207.91819350808993,0.4576893075521298,2.5,1.0318561770639336,1,1,29.454279830467442,-0.25637906880668027,0.4822922646999359,0.0,0.0011188596254214644,0.0013669448671862483,28.0028455800183,0.008212554935641317,0,0,5.927236525147344,14.737541182022817,6.031550918415565,latent_vehicle,,,6.031550918415565,,0.75,3746,ok,accepted,0,ok,0.3550004,0.0008843000105116516,0.3165920999890659,0.037183300009928644,1,0.0013599000000041883,0.015804500000001553,0,251.64118958948984,13.601455337669222,21.534964856246006,3.8751186880653847,0,0,0,1,0,0,0,9,0.0,1,1,9.72004434191461,-0.8091751691671908,40,1,18.65809927654663,-0.2725601271968431,22.001495335256344,0.6774887348891288,19.589299311088155,0.7669453028049729,22.90179009539071,0.6094360461457448,17.863078412508337,-0.04703508445594199,31.38463956580977,-0.015029349504941912,30.757223588606067,0.5508798159163611,29.975605396441107,0.5683125495772997,27.63077504415711,0.46279878530164614
3762,3.0,true_threat,DREAM,1,524,3761,2.95,1,1,273.3953568411032,-201.3649795679845,281.269658788368,-208.26315737461059,-207.82671966755768,0.49492932522616684,2.5,1.1168009610160352,0,1,29.44486991604912,-0.18819828836640795,0.49777576327323914,0.0,0.0011188596254214644,0.0013669448671862483,28.0028455800183,0.008217804631704764,0,0,5.826024368250464,14.776047618168791,5.9390525935429155,latent_vehicle,4.933790088559085,latent_vehicle,5.9390525935429155,4.933790088559085,0.7999999999999998,3746,ok,accepted,0,ok,0.3550004,0.0008843000105116516,0.3165920999890659,0.037183300009928644,0,0.0013599000000041883,0.011068699999995602,0,252.5737763040484,14.14136899301792,21.95794908702652,3.8850204320154944,0,0,0,1,0,0,0,9,0.0,1,1,9.604426651449735,-0.8151884263174531,41,1,18.645747285656835,-0.24703981788723428,22.036680117666798,0.7036956959567632,19.628432406447182,0.7826619129299076,22.93444008963777,0.6529998849884282,17.860938376412133,-0.04280072161736961,31.383203362233196,-0.028724054163640607,30.785580064938927,0.5671299844483434,30.004764842202363,0.5831899682665345,27.65375095149819,0.4595181530855518
3763,3.05,true_threat,DREAM,1,534,3762,3.0,1,1,274.8673990361395,-201.35387253593026,282.62708984315015,-208.2003774019028,-207.73177125303084,0.5313861215797431,2.5,1.2025066365600796,1,1,29.43864425387176,-0.12451324354721294,0.5108266472816467,0.0,0.003858118085190654,0.0047135804779827595,27.762892007113333,0.008221280632825977,0,0,5.72427404714435,14.810930205732099,5.845261037473957,latent_vehicle,4.574251166400986,latent_vehicle,5.845261037473957,4.574251166400986,0.8499999999999996,3746,ok,accepted,0,ok,0.3550004,0.0008843000105116516,0.3165920999890659,0.037183300009928644,1,0.0013801999999998316,0.012305499999996528,0,253.50572214950364,14.681465342598983,22.383434296353414,3.8961274640697354,0,0,0,1,0,0,0,9,0.0,1,1,9.487980720507268,-0.8203484268170719,42,1,18.63468084949406,-0.22132872299646913,22.072879609548455,0.7239898875791324,19.667994657733203,0.7912450340545321,22.968963100713047,0.6904602215503564,17.859010055832588,-0.0385664119450415,31.381097681666,-0.04211359122901418,30.81448964502662,0.5781927878494253,30.034414467328585,0.5929944442521166,27.676377814412646,0.45253726423739865
3764,3.1,true_threat,DREAM,1,550,3763,3.0500000000000003,1,1,276.33925782380516,-201.34188055662656,283.9865640868064,-208.133232718255,-207.6337273893849,0.5666500125179255,2.5,1.288852658385747,0,1,29.43524553773689,-0.06797432269742387,0.5214745998382568,0.0,0.003858118085190654,0.0047135804779827595,27.762892007113333,0.008223179183507295,0,0,5.6215075228938,14.84217026166718,5.749671807910173,latent_vehicle,4.237250420331409,latent_vehicle,5.749671807910173,4.237250420331409,0.8999999999999999,3746,ok,accepted,0,ok,0.3550004,0.0008843000105116516,0.3165920999890659,0.037183300009928644,0,0.0013801999999998316,0.008667400000000214,0,254.43711867858457,15.221927601183722,22.811512010928766,3.9081194433734368,0,0,0,1,0,0,0,9,0.0,1,1,9.370315390529926,-0.8246407304400954,43,1,18.624899967861964,-0.19561763208498664,22.10980580300903,0.738523920032181,19.707640835391746,0.7929235643888173,23.00505013745301,0.7217407348624028,17.85729345174741,-0.03433208111046913,31.37834541163655,-0.05504537822183447,30.84369485685926,0.5841063571995742,30.064296800913475,0.5976496164920784,27.698474434771022,0.44193241280752377
3765,3.15,true_threat,DREAM,1,566,3764,3.1,1,1,277.81099442664686,-201.32955292562613,285.34823412804025,-208.06178430676593,-207.53298837768332,0.6002443405716633,2.5,1.3757432734601325,1,1,29.434276457683747,-0.0193816010628467,0.5294523239135742,0.0,0.00615387037396431,0.0075183711014688015,27.55294563168611,0.008223720640052697,0,0,5.517247854116273,14.86998636928487,5.651688315904921,latent_vehicle,3.88947263919938,latent_vehicle,5.651688315904921,3.88947263919938,0.9499999999999997,3746,ok,accepted,0,ok,0.3550004,0.0008843000105116516,0.3165920999890659,0.037183300009928644,1,0.0013689000000027818,0.015309000000002015,0,255.3681490019547,15.7626338806553,23.242151728792464,3.920447074373868,0,1,0,1,0,0,0,9,0.0,1,1,9.251052716561343,-0.827972280527219,44,1,18.61639891781418,-0.1700210002977434,22.14717069142754,0.7472978173870622,19.747040967732488,0.7880026607752525,23.04237313658861,0.7464599827611413,17.855792377543317,-0.030021484215170837,31.374967532777173,-0.06755755283728801,30.87295158092528,0.585137636271005,30.09416963131808,0.5974605448629003,27.71987868841098,0.4280850779628403
3766,3.2,true_threat,DREAM,1,583,3765,3.1500000000000004,1,1,279.282761588708,-201.3173473545203,286.7120999408246,-207.98595587349476,-207.429972685884,0.6318116208819333,2.353868515978827,1.4631051309860337,0,1,29.435331028308898,0.021091412503011497,0.5349047183990479,0.0,0.00615387037396431,0.0075183711014688015,27.55294563168611,0.008223131419710818,0,0,5.410852701590171,14.894549117052884,5.550634276120558,latent_vehicle,3.564967099684039,latent_vehicle,5.550634276120558,3.564967099684039,1.0,3746,ok,accepted,1,ok,0.4719992,0.0008624999900348485,0.4407827999966685,0.030004700005520135,0,0.0013689000000027818,0.010127600000004122,0,256.29872154606346,16.303828498607686,23.67544499746805,3.932652645479692,0,1,0,1,0,0,0,9,0.0,1,1,9.12968232095162,-0.8303480314394325,45,1,18.60917388463604,-0.14450066280880053,22.184701525308036,0.7506167224795287,19.78588034027623,0.7767874666246555,23.080607848187494,0.7646942320373717,17.854497299065923,-0.025901568680706165,31.370985023528682,-0.07965016056306849,30.902023327478947,0.5814391050141675,30.1238002806897,0.5926178374816502,27.74044752360218,0.4113767087372165
3767,3.25,true_threat,DREAM,1,602,3766,3.2,1,1,280.754589988932,-201.30573685533173,288.0783141650951,-207.90589995426936,-207.3251139395458,0.6608419339489728,2.101343453197271,1.5496214380702837,1,1,29.43795106713569,0.052400776535819205,0.5384422540664673,0.0,0.0067307245917618275,0.00822313129901886,27.896329351511042,0.008221667799240164,1,0,5.301991418124587,14.91622436213399,5.446166876371942,latent_vehicle,3.276198046018752,latent_vehicle,5.446166876371942,3.276198046018752,0.6499999999999999,3754,ok,accepted,0,ok,0.4719992,0.0008624999900348485,0.4407827999966685,0.030004700005520135,1,0.0014346000000031722,0.010441399999997714,0,257.2290499651775,16.845328479717637,24.11133080262448,3.9442631446682697,0,1,0,1,0,0,0,9,0.0,1,1,9.006084038663015,-0.8318187892703278,46,1,18.603211519107077,-0.1192473093593102,22.222119832000843,0.7483661726206715,19.82386712612774,0.7597357331265999,23.119426208377185,0.7763672038551691,17.853398676491555,-0.021972451561487635,31.36643602970497,-0.09097985332336658,30.930685047872768,0.5732395195885744,30.15297323354103,0.5834646537538212,27.760041703926767,0.391883611141111
3768,3.3,true_threat,DREAM,1,618,3767,3.25,1,1,282.22660185899133,-201.29519440885073,289.44712097790034,-207.8217232773207,-207.21885791253482,0.6870420417345429,1.8299499964108144,1.6343145268524841,0,1,29.441716467175244,0.07530800079109667,0.5402131676673889,0.0,0.0067307245917618275,0.00822313129901886,27.896329351511042,0.008219565035007679,1,0,5.190283986954467,14.935300058133539,5.337891724216392,latent_vehicle,3.0159186677823997,latent_vehicle,5.337891724216392,3.0159186677823997,0.6999999999999997,3754,ok,accepted,0,ok,0.4719992,0.0008624999900348485,0.4407827999966685,0.030004700005520135,0,0.0014346000000031722,0.011458499999996263,0,258.15904268574644,17.387347629208023,24.550144894860807,3.9548055911492668,0,1,0,1,0,0,0,9,0.0,1,1,8.880102184253138,-0.8324226148815472,47,1,18.598492745097285,-0.09437547906681519,22.259173840518542,0.7410802022502803,19.86073238755536,0.7373052437556087,23.158513505244663,0.7817459373875065,17.852492696508747,-0.018119598775678106,31.361358698147974,-0.10154660997958784,30.9587231338905,0.5607675997616133,30.181469154450316,0.5699245547907651,27.77854297374935,0.37002540085614477
3769,3.35,true_threat,DREAM,1,637,3768,3.3000000000000003,1,1,283.6988278674186,-201.28616250952356,290.8184593753199,-207.7335174161994,-207.1116595177311,0.7100637595895876,1.5412046069086576,1.7167032146620942,1,1,29.446228343443668,0.09023752536847951,0.5399965643882751,0.0,0.0067278058268129826,0.008219565264880657,27.67823419264387,0.008217046467989616,1,0,5.0752649310518745,14.952037800075065,5.2253679776411195,latent_vehicle,2.775964711950325,latent_vehicle,5.2253679776411195,2.775964711950325,0.75,3754,ok,accepted,0,ok,0.4719992,0.0008624999900348485,0.4407827999966685,0.030004700005520135,1,0.001652599999999893,0.011875800000005654,0,259.0888523008572,17.929764022524523,24.991673677169615,3.963837490476436,0,1,0,1,0,0,0,9,0.0,1,1,8.751454845010247,-0.83221624880386,48,1,18.59499658182476,-0.06992326437813655,22.29562131799158,0.728949573769478,19.896226261896725,0.7098775005589528,23.19754930415087,0.7807159781432947,17.851771717853897,-0.014419573133648788,31.35579308238312,-0.11131229723183796,30.985935416268337,0.5442520842542053,30.209097312610226,0.5525696058801913,27.795852151385915,0.34618355676233153
3770,3.4,true_threat,DREAM,1,656,3769,3.35,1,1,285.1713292003228,-201.27908364138577,292.19254304805827,-207.64148066227625,-207.003979797735,0.7295376184643771,1.2371993608569096,1.7960372589229987,0,1,29.451091871653205,0.09727056419073676,0.5378658175468445,0.0,0.0067278058268129826,0.008219565264880657,27.67823419264387,0.008214332902065786,1,0,4.956669535287793,14.966698977152259,5.108326433769331,latent_vehicle,2.5564125623964515,latent_vehicle,5.108326433769331,2.5564125623964515,0.7999999999999998,3754,ok,accepted,0,ok,0.4719992,0.0008624999900348485,0.4407827999966685,0.030004700005520135,0,0.001652599999999893,0.008660900000002414,0,260.0185398456626,18.472577810623363,25.43606980510259,3.9709163586142324,0,1,0,1,0,0,0,9,0.0,1,1,8.620089017506972,-0.831214450452934,49,1,18.592702049254434,-0.04589065028601448,22.331225753768216,0.7120887324999122,19.93012940376654,0.6780628488587664,23.236237966041628,0.7737732378180788,17.85122239314786,-0.010986494776212512,31.34977732813997,-0.12031507092652176,31.01213116415379,0.523921710306966,30.235674600512194,0.531552258507796,27.81188340557974,0.3206250877414031
3771,3.45,true_threat,DREAM,1,677,3770,3.4000000000000004,1,1,286.6440754598515,-201.2743087669761,293.5693720689909,-207.54582663858574,-206.8962829155735,0.7451977467027575,0.9204424326643386,1.8714414805255133,1,1,29.455938008655075,0.09692274003739954,0.5336220860481262,0.0,0.006723523139953613,0.008214333094656467,27.490097098768114,0.008211630376119912,1,0,4.83427578243958,14.979533657079374,4.986539119833256,latent_vehicle,2.356829172077186,latent_vehicle,4.986539119833256,2.356829172077186,0.8500000000000001,3754,ok,accepted,0,ok,0.4719992,0.0008624999900348485,0.4407827999966685,0.030004700005520135,1,0.0015657999999945105,0.013168299999996691,0,260.9481358377389,19.01572807807571,25.883302833958908,3.9756912330238947,0,1,0,1,0,0,0,9,0.0,1,1,8.485942273994695,-0.8294295270118088,50,1,18.591584351724304,-0.02235394950747505,22.365775431605737,0.6909935676623656,19.962243448482372,0.6422809028469912,23.274297202691976,0.7611847330130753,17.850835187919664,-0.007744105908386372,31.343364840945846,-0.12824973404725065,31.037148250925437,0.5003485509096725,30.26104079339887,0.507330183443696,27.826566165851148,0.29365520867107686
3772,3.5,true_threat,DREAM,1,700,3771,3.45,1,1,288.11700573578133,-201.27220411803233,294.94906861253105,-207.44686047924824,-206.78903314540685,0.7567934931788898,0.5936423443215721,1.9419963466987382,0,1,29.460390766944467,0.08905516578785466,0.527330219745636,0.0,0.006723523139953613,0.008214333094656467,27.490097098768114,0.008209148399594154,1,0,4.707994685392013,14.990875322854418,4.859896188365081,latent_vehicle,2.1761644456275024,latent_vehicle,4.859896188365081,2.1761644456275024,0.8999999999999999,3754,ok,accepted,0,ok,0.4719992,0.0008624999900348485,0.4407827999966685,0.030004700005520135,0,0.0015657999999945105,0.013338999999994883,0,261.87767079986793,19.55912339187654,26.33346441537003,3.9777958819676655,0,1,0,1,0,0,0,9,0.0,1,1,8.349109627917397,-0.8268479353539826,51,1,18.59161869360239,0.0006868385688334195,22.399068171933212,0.6658548127858376,19.99239864162167,0.6031038681012387,23.311463800671163,0.7433319595788777,17.850598665145412,-0.004730456191524172,31.33659376679547,-0.1354214772087622,31.060830267117524,0.47364697269786893,30.285047106097537,0.4801322025151289,27.839839398337208,0.2654646519419743
3773,3.55,true_threat,DREAM,1,730,3772,3.5,1,1,289.59021139344736,-201.27222034694782,296.33169381273365,-207.3448720804175,-206.682691863235,0.7641686160132508,0.2596708956454069,2.0067937603041477,1,1,29.464460751726307,0.08139969563679017,0.520258367061615,0.0,-0.001461588777601719,-0.007547516375780106,28.264217353035885,0.008206880765955006,0,0,4.578480817948696,15.000371394768365,4.730193389250267,latent_vehicle,2.038521957376845,latent_vehicle,4.730193389250267,2.038521957376845,0.44999999999999973,3764,ok,accepted,1,ok,0.3404142,0.0008735000155866146,0.3039969999808818,0.035203800012823194,1,0.0018857999999966069,0.01421460000000252,0,262.80732782709697,20.102672022313527,26.786432588343587,3.977779653052181,0,1,0,1,0,0,0,9,0.0,1,1,8.210738862980044,-0.8241903874321082,52,1,18.5927726491152,0.023079111079998178,22.4309208680292,0.6370539248878616,20.020455746392333,0.5611420976724496,23.347484082586085,0.7204056382913214,17.85050328721546,-0.001907558609247741,31.329500345394422,-0.14186842531924101,31.083030334634557,0.4440076160562538,30.30756382221462,0.450339716534259,27.851664956502415,0.2365111644000822
3774,3.6,true_threat,DREAM,1,755,3773,3.5500000000000003,1,1,291.06350909835436,-201.27368612950758,297.71721729256797,-207.24027343978503,-206.577714537604,0.7671575428134929,-0.07857756154647666,2.0649691342900227,0,1,29.467629644707976,0.06337785963339115,0.5122004747390747,0.0,-0.006177726201713085,-0.007547516375780106,28.264217353035885,0.00820511583531619,0,0,4.446702740980984,15.00838772245974,4.5994759340325775,latent_vehicle,1.9261199262418351,latent_vehicle,4.5994759340325775,1.9261199262418351,0.5,3764,ok,accepted,0,ok,0.3404142,0.0008735000155866146,0.3039969999808818,0.035203800012823194,0,0.0018857999999966069,0.009522799999999165,0,263.7370153719023,20.646282182415177,27.24226852337256,3.976313870492419,0,1,0,1,0,0,0,9,0.0,1,1,8.072238472832765,-0.8221285764642873,53,1,18.59501379338489,0.04482288606407569,22.461167580472235,0.604934249619582,20.046285062915025,0.5165863302760468,23.382136795944533,0.6930542671690726,17.850533793652414,0.0006101293404038976,31.32213035293677,-0.14739984851046445,31.103645440077614,0.41230780939448125,30.328470760951177,0.4181435013766497,27.862018045034983,0.20706177073192045
3775,3.65,true_threat,DREAM,1,786,3774,3.6,1,1,292.53699035638294,-201.27646410538568,299.10588329675255,-207.13336964982807,-206.47454772031253,0.7657257194724991,-0.4181210278487141,2.1157276047201545,1,1,29.46966790215951,0.040765149030690395,0.5029541254043579,0.0,-0.006715978495776653,-0.008205115795135498,28.024234998916473,0.00820398091857691,1,0,4.313048524212038,15.01491359096286,4.468065842189146,latent_vehicle,1.8282093350675608,latent_vehicle,4.468065842189146,1.8282093350675608,0.5499999999999998,3764,ok,accepted,0,ok,0.3404142,0.0008735000155866146,0.3039969999808818,0.035203800012823194,1,0.0013774999999967008,0.012376599999996074,0,264.6668555045895,21.1899233077566,27.701094394869983,3.973535894614315,0,1,0,1,0,0,0,9,0.0,1,1,7.934015045452086,-0.820621203400113,54,1,18.598305887570564,0.06584188425779669,22.489655720570347,0.5697628014347108,20.069793131083127,0.4701613616978163,23.415219761787807,0.6616593168836484,17.850680649828572,0.002937124425777863,31.31452765801911,-0.1520538986123907,31.1225630316671,0.37835684385047996,30.347676349496883,0.38411575404746146,27.87088531281682,0.17734535507822755
3776,3.7,true_threat,DREAM,1,813,3775,3.6500000000000004,1,1,294.0104414455962,-201.28026443048225,300.4974783480038,-207.02458802949099,-206.37362603711824,0.7597436127098263,-0.7560981516766025,2.158359307130207,0,1,29.470373908866964,0.014120134149067098,0.4925035238265991,0.0,-0.006715978495776653,-0.008205115795135498,28.024234998916473,0.008203587863753132,1,0,4.178109749523789,15.020347282743996,4.336079806666738,latent_vehicle,1.7458877337013836,latent_vehicle,4.336079806666738,1.7458877337013836,0.6000000000000001,3764,ok,accepted,0,ok,0.3404142,0.0008735000155866146,0.3039969999808818,0.035203800012823194,0,0.0013774999999967008,0.014049100000001147,0,265.59690926031107,21.73332064124827,28.162635690399668,3.969735569517752,0,1,0,1,0,0,0,9,0.0,1,1,7.796393178885625,-0.8194276458478081,55,1,18.602620321324952,0.08628867543161217,22.516257494627244,0.5320354799157007,20.0909074717594,0.4222868115089001,23.446553689351347,0.6266785513197907,17.850930504540845,0.004997094428883076,31.306738037241097,-0.15579241542866484,31.13969916645551,0.3427269429853948,30.365092829330717,0.34833280833802005,27.87827248182439,0.14774337973499677
3777,3.75,true_threat,DREAM,1,840,3776,3.7,1,1,295.4838621994217,-201.28459882357572,301.8921857339685,-206.9144625738952,-206.27536917844444,0.7492188510465496,-1.089602444010971,2.19225044737483,1,1,29.46950553374291,-0.01736750248106489,0.48068201541900635,0.0,-0.006714727729558945,-0.008203587494790554,27.81428762851039,0.008204071317873849,1,0,4.042839942126992,15.025154966328616,4.204071539162197,latent_vehicle,1.6794624664513458,latent_vehicle,4.204071539162197,1.6794624664513458,0.6499999999999999,3764,ok,accepted,0,ok,0.3404142,0.0008735000155866146,0.3039969999808818,0.035203800012823194,1,0.0013937999999953377,0.01547890000000507,0,266.5272376794252,22.27641297595966,28.627014657250243,3.9654011764242796,0,1,0,1,0,0,0,9,0.0,1,1,7.660086364781631,-0.8183619640698087,56,1,18.607918947583638,0.10597252525922425,22.54087181375769,0.49228638116956985,20.109580401482376,0.3734585932629503,23.475982175462576,0.5885697223004646,17.851266190498446,0.006713720081482334,31.29879200849282,-0.15892057327489273,31.154985158303763,0.3057232790393951,30.380664870349857,0.31144329328174314,27.884192903873615,0.11840844176354054
3778,3.8,true_threat,DREAM,1,876,3777,3.75,1,1,296.9572829168095,-201.28882640515198,303.2898224845286,-206.80339007399795,-206.18017889008624,0.7342836838089681,-1.4157052092220437,2.2168904671980942,0,1,29.466782661214808,-0.05445745056206874,0.46768510341644287,0.0,-0.006714727729558945,-0.008203587494790554,27.81428762851039,0.008205587511215601,1,0,3.908074920385085,15.02981319460054,4.072589818406185,latent_vehicle,1.6282110530999947,latent_vehicle,4.072589818406185,1.6282110530999947,0.6999999999999997,3764,ok,accepted,0,ok,0.3404142,0.0008735000155866146,0.3039969999808818,0.035203800012823194,0,0.0013937999999953377,0.010666200000002846,0,267.457840751521,22.81923062125162,29.09404833571449,3.9611735948480202,0,1,0,1,0,0,0,9,0.0,1,1,7.525597481596273,-0.8173396408915862,57,1,18.614161711160154,0.12485527135415882,22.563403308740746,0.45062989817314186,20.125777589159302,0.32394375422062605,23.50336598490193,0.5476761889446891,17.85167817423383,0.0082396749987338,31.29072962696037,-0.16124762652953853,31.168369489775827,0.2676892866004026,30.394344770252538,0.2735997811200622,27.88866946650413,0.08953125572763224
3779,3.85,true_threat,DREAM,1,914,3778,3.8000000000000003,1,1,298.4304287573838,-201.2924132113219,304.6905413697545,-206.69190453533145,-206.08843596391733,0.7149541100806118,-1.7316572377325996,2.2318770419139247,1,1,29.46194083979971,-0.09683642830196959,0.45338723063468933,0.0,-0.006716364994645119,-0.008205587975680828,27.634345710742178,0.00820828464985984,1,0,3.7749192889922005,15.03477615598551,3.9425134435851144,latent_vehicle,1.5912919341153478,latent_vehicle,3.9425134435851144,1.5912919341153478,0.75,3764,ok,accepted,0,ok,0.3404142,0.0008735000155866146,0.3039969999808818,0.035203800012823194,1,0.001393800000002443,0.015241299999999569,0,268.38877951695673,23.361437696390226,29.563828455504677,3.9575867886780998,0,1,0,1,0,0,0,9,0.0,1,1,7.393919839870408,-0.8162660817295845,58,1,18.621308557803015,0.1429369324619947,22.5837775931647,0.40748568716488703,20.139493311401225,0.27431444833527896,23.52859258279507,0.5045319580544908,17.85215500783007,0.00953667211114975,31.28259666945044,-0.16265914301433568,31.179815903244886,0.22893019630641404,30.406100090930046,0.2351076011423227,27.891744129654757,0.06149326894211015
3780,3.9,true_threat,DREAM,1,944,3779,3.85,1,1,299.9033300565324,-201.29482517408857,306.09425099828417,-206.5804790115614,-206.00049722859623,0.6914073067352149,-2.0346746070924975,2.2369203823510566,0,1,29.454746946059384,-0.14387787480650616,0.4379878044128418,0.0,-0.006716364994645119,-0.008205587975680828,27.634345710742178,0.008212294467638067,1,0,3.644233192798659,15.040396252839983,3.814554296925428,latent_vehicle,1.5680442394743084,latent_vehicle,3.814554296925428,1.5680442394743084,0.7999999999999998,3764,ok,accepted,0,ok,0.3404142,0.0008735000155866146,0.3039969999808818,0.035203800012823194,0,0.001393800000002443,0.012087099999995132,0,269.32005397573226,23.90306453676328,30.03626362525881,3.9551748259114277,0,1,0,1,0,0,0,9,0.0,1,1,7.2656509426243066,-0.8151339462608688,59,1,18.629321341353922,0.16025567035703814,22.601937446155507,0.36319705880841147,20.15073901384652,0.22491405570869655,23.55157613971748,0.4596711387604998,17.852681434848368,0.010528540405888053,31.274416024218638,-0.1636128938548799,31.189303404592966,0.18975132090036925,30.415917471842565,0.1963483259489542,27.89346457708323,0.03440895768643686
3781,3.95,true_threat,DREAM,1,979,3780,3.9000000000000004,1,1,301.3757119738795,-201.29552832956293,307.5007684364373,-206.46961710516229,-205.91669254027286,0.663786471288546,-2.322096085787816,2.231843944903339,1,1,29.444968040754468,-0.19557810609832416,0.4213586747646332,0.0,-0.00672185467556119,-0.008212294429540634,27.48441377442994,0.008217749862957162,1,0,3.516989704211505,15.047071651563353,3.6895837813449854,latent_vehicle,1.5582985848126998,latent_vehicle,3.6895837813449854,1.5582985848126998,0.8500000000000001,3764,ok,accepted,0,ok,0.3404142,0.0008735000155866146,0.3039969999808818,0.035203800012823194,1,0.0013791000000011877,0.011572399999998595,0,270.25178619294763,24.443714236895005,30.51104884619656,3.954471670437073,0,1,0,1,0,0,0,9,0.0,1,1,7.141570638581394,-0.8139520579941275,60,1,18.63816572943998,0.1768877607403552,22.61783899842474,0.31803104478165034,20.159537585959395,0.17597145245775359,23.572244175127345,0.4133607085514503,17.853249825767925,0.011367818328349412,31.266223931961527,-0.16384183085732396,31.19683388807057,0.15061043943126073,30.423793089306823,0.15751269459326808,27.893888028852153,0.008469047459416006
3782,4.0,true_threat,DREAM,1,1024,3781,3.95,1,1,302.8475438460979,-201.29409544208684,308.9101549015553,-206.35985285289863,-205.83732177329495,0.6322953318673399,-2.5,2.2165839579459763,0,1,29.432410642035443,-0.2511479743805012,0.4036666452884674,0.0,-0.00672185467556119,-0.008212294429540634,27.48441377442994,0.00822476328254964,1,0,3.394096492583246,15.055195805131332,3.5684924743542243,latent_vehicle,1.5619010531985833,latent_vehicle,3.5684924743542243,1.5619010531985833,0.8999999999999999,3764,ok,accepted,0,ok,0.3404142,0.0008735000155866146,0.3039969999808818,0.035203800012823194,0,0.0013791000000011877,0.009731800000004398,0,271.1839761842191,24.983356117841936,30.98824532004312,3.9559045579131578,0,1,0,1,0,0,0,9,0.0,1,1,7.022410379082129,-0.8127483381519054,61,1,18.647794038277784,0.1925661754192341,22.631472713018887,0.272674291763338,20.16593861756523,0.12802064643871658,23.59054709864723,0.3660584708583625,17.85384682962526,0.011940076841850587,31.258043280959683,-0.16361300211821456,31.202401625838682,0.1113551370963385,30.429749830772952,0.11913494392532509,27.893075519536172,-0.016250172024058377
3783,4.05,true_threat,DREAM,1,1056,3782,4.0,1,1,304.3186729603765,-201.290160352798,310.3221663675459,-206.2515220313965,-205.76265181091446,0.5972010419841638,-2.5,2.1919337496306732,1,1,29.416911072314004,-0.30999139442876356,0.3855365514755249,0.0,-0.006732060108333826,-0.008224762976169586,27.812936557625846,0.008233432317599567,1,0,3.276162104193826,15.0650780364016,3.451991775254883,latent_vehicle,1.5788310081706314,latent_vehicle,3.451991775254883,1.5788310081706314,0.6499999999999995,3770,ok,accepted,1,ok,0.4918541,0.0007326000195462257,0.4630936999747064,0.02769860002445057,1,0.0015320000000045297,0.014719999999996958,0,272.1166239339303,25.521837482409296,31.46760903632247,3.9598396472019886,0,1,0,1,0,0,0,9,0.0,1,1,6.908590772980312,-0.811566163435569,62,1,18.65817002737721,0.20751978041071734,22.642830959885423,0.22716493779743577,20.16999551671942,0.08113800053156618,23.60646011468427,0.31826032130853193,17.8544610017556,0.01228344246603948,31.24991603383607,-0.16254492142154137,31.206042854298904,0.07282469833889658,30.43380867706663,0.08117693034961405,27.89109952816336,-0.03951981171579849
3784,4.1,true_threat,DREAM,1,1088,3783,4.05,1,1,305.78894660910953,-201.28337216162228,311.73683349773626,-206.14505187631403,-205.6929135359942,0.5586084954022965,-2.5,2.159336571261886,0,1,29.39836681381691,-0.3708851699418858,0.3671071231365204,0.0,-0.006732060108333826,-0.008224762976169586,27.812936557625846,0.00824382229187441,1,0,3.16396119351481,15.07697717508916,3.340969901967793,latent_vehicle,1.6106117629523706,latent_vehicle,3.340969901967793,1.6106117629523706,0.6999999999999993,3770,ok,accepted,0,ok,0.4918541,0.0007326000195462257,0.4630936999747064,0.02769860002445057,0,0.0015320000000045297,0.010247900000003085,0,273.0499125527449,26.058822512327765,31.948987547698266,3.9666278383777183,0,1,0,1,0,0,0,9,0.0,1,1,6.800776784566928,-0.8104433028973869,63,1,18.669246013926028,0.22151972905619494,22.65192136893463,0.1818081821257594,20.171780761407778,0.03570491499151854,23.619971779128843,0.2702332895703522,17.85508470999326,0.012474164397562737,31.241851727829278,-0.1612860963596475,31.207795722666834,0.035057376105535124,30.436005872830744,0.04394391994054125,27.888036347471743,-0.06126359820401337
3785,4.15,true_threat,DREAM,1,1135,3784,4.1000000000000005,1,1,307.2581816295798,-201.27356308435444,313.1539427940214,-206.04080867144282,-205.62829882171405,0.5167530545999739,-2.5,2.119040274039676,1,1,29.3767540166545,-0.43225594324823646,0.34817537665367126,0.0,-0.005945938173681498,-0.00726433377712965,27.616227999134555,0.00825595634231067,0,0,3.057970855126294,15.091067114733368,3.2358669633875015,latent_vehicle,1.6569843562022792,latent_vehicle,3.2358669633875015,1.6569843562022792,0.75,3770,ok,accepted,0,ok,0.4918541,0.0007326000195462257,0.4630936999747064,0.02769860002445057,1,0.0013788000000047873,0.010955000000002713,0,273.98371999638437,26.59425008915855,32.43228940034396,3.9764369156455643,0,1,0,1,0,0,0,9,0.0,1,1,6.699258908862549,-0.8093643059979487,64,1,18.68098575823213,0.23479488383707775,22.658778272343294,0.13713807007202913,20.171384002242224,-0.007935161864241543,23.631082091944137,0.22220625709778094,17.855708420803914,0.012474216363688919,31.233871344609973,-0.1596076386792526,31.207702195976953,-0.00187052932132008,30.436402459632518,0.007931832949739636,27.88397371490397,-0.08125263687417693
3786,4.2,true_threat,DREAM,1,1176,3785,4.15,1,1,308.72613380830086,-201.26051958124623,314.57337229020357,-205.9390976341895,-205.56895752227769,0.4718511491651327,-2.5,2.0716787107732286,0,1,29.35198109521583,-0.495458428773361,0.328855037689209,0.0,-0.005945938173681498,-0.00726433377712965,27.616227999134555,0.008269897557714718,0,0,2.9587034727685264,15.10760687071136,3.1372097509108383,latent_vehicle,1.7227133581091778,latent_vehicle,3.1372097509108383,1.7227133581091778,0.7999999999999998,3770,ok,accepted,0,ok,0.4918541,0.0007326000195462257,0.4630936999747064,0.02769860002445057,0,0.0013788000000047873,0.009355200000001673,0,274.9181378019616,27.127784462302373,32.917301090948854,3.9894804187537716,0,1,0,1,0,0,0,9,0.0,1,1,6.604455667819562,-0.8083491541270975,65,1,18.693349201853884,0.24726887070219647,22.66342646568841,0.09296386958431131,20.168894885733593,-0.049782309871363534,23.639819663353446,0.17475142909663208,17.856324502318373,0.012321629951313083,31.22598823815454,-0.15766210376632742,31.205827131676326,-0.03750118859060349,30.43505948227463,-0.026859287536943003,27.879003182626217,-0.0994106330471931
3787,4.25,true_threat,DREAM,1,1205,3786,4.2,1,1,310.19277267454504,-201.244378991802,315.99500003049604,-205.840254499537,-205.51499446361882,0.4241031705706746,-2.5,2.0180399962888225,1,1,29.324208241366385,-0.5554570769889011,0.30899807810783386,0.0,-0.002541277790442109,-0.003104756586253643,27.445403022770414,0.008285569040582082,0,0,2.8663016254011136,15.126475918738679,3.044683599626265,latent_vehicle,1.7987901765317509,latent_vehicle,3.044683599626265,1.7987901765317509,0.8499999999999996,3770,ok,accepted,0,ok,0.4918541,0.0007326000195462257,0.4630936999747064,0.02769860002445057,1,0.0013642000000047005,0.011842000000001462,0,275.8531964766422,27.659364653865964,33.40387015656074,4.0056210081980055,0,1,0,1,0,0,0,9,0.0,1,1,6.51622451682717,-0.8071786024146258,66,1,18.706286752674902,0.25875101564510283,22.665938431015963,0.0502393093260298,20.164424037158174,-0.0894169525686348,23.64622073239281,0.12802138174029395,17.856925327265607,0.012016499429893586,31.21822338965138,-0.15529694605999328,31.20223729703828,-0.07179642974727746,30.432047523138177,-0.060238712505003976,27.873210580859514,-0.11585202528926548
3788,4.3,true_threat,DREAM,1,1254,3787,4.25,1,1,311.65785411893376,-201.22523295203706,317.4185819367526,-205.74446245622968,-205.46646643410784,0.373788065429153,-2.5,1.9589455126106667,0,1,29.29323358337871,-0.6194931597534747,0.2886078357696533,0.0,-0.002541277790442109,-0.003104756586253643,27.445403022770414,0.008303099817054262,0,0,2.7808345681859032,15.148135218479972,2.9582195038307266,latent_vehicle,1.8991652576430789,latent_vehicle,2.9582195038307266,1.8991652576430789,0.8999999999999995,3770,ok,accepted,0,ok,0.4918541,0.0007326000195462257,0.4630936999747064,0.02769860002445057,0,0.0013642000000047005,0.014135200000005455,0,276.7888960152207,28.18874655967619,33.891752524238825,4.024767047962939,0,1,0,1,0,0,0,9,0.0,1,1,6.434548998510668,-0.8057923858087385,67,1,18.71976217168912,0.26950838028238844,22.66636948150013,0.008621012136556276,20.15808589845084,-0.12676275835258893,23.650327261957273,0.0821305924616969,17.857503263479177,0.011558723993162712,31.210576799605562,-0.15293177941629404,31.197016626268002,-0.10441293878129271,30.427454332404782,-0.09186311056468917,27.86669318400677,-0.130347929630122
3789,4.35,true_threat,DREAM,1,1285,3788,4.3,1,1,313.1212561908857,-201.2034324557225,318.84399601154337,-205.65193516894504,-205.42337917525808,0.32108328097160665,-2.5,1.8951849425045748,1,1,29.259208688184927,-0.6804979038756898,0.2677047848701477,0.0,0.001547290594317019,0.0018903721356764436,27.299781097008115,0.008322421141179146,0,0,2.702151549421924,15.172607767445694,2.877222247585058,latent_vehicle,2.0070762354979115,latent_vehicle,2.877222247585058,2.0070762354979115,0.9499999999999993,3770,ok,accepted,0,ok,0.4918541,0.0007326000195462257,0.4630936999747064,0.02769860002445057,1,0.0013828000000017937,0.01159600000000438,0,277.72529746326063,28.715747183588178,34.380765150989646,4.046567544277508,0,1,0,1,0,0,0,9,0.0,1,1,6.359137638628325,-0.8039570881091953,68,1,18.733733498429494,0.2794265352261145,22.664799727298266,-0.03139508262288376,20.1499949099911,-0.1618197567722212,23.652207915292532,0.037613067895780845,17.85804686802785,0.010872091664283216,31.203052283370834,-0.15049030678665498,31.190254776338456,-0.13523628401275578,30.42136766142845,-0.12173248427856496,27.859550173975943,-0.14286019563853805
3790,4.4,true_threat,DREAM,1,1313,3789,4.3500000000000005,1,1,314.5828874313686,-201.1792521922778,320.2710592222856,-205.56288632318223,-205.38568437243245,0.266250796512594,-2.5,1.8274801529693712,0,1,29.22197819767298,-0.7446098102389698,0.2463621348142624,0.0,0.001547290594317019,0.0018903721356764436,27.299781097008115,0.008343640158610692,0,0,2.630147497245017,15.200299370584043,2.8015077680306653,latent_vehicle,2.1411760497897014,latent_vehicle,2.8015077680306653,2.1411760497897014,1.0,3770,ok,accepted,0,ok,0.4918541,0.0007326000195462257,0.4630936999747064,0.02769860002445057,0,0.0013828000000017937,0.014644699999998068,0,278.6624313279276,29.24024455940412,34.8706944970649,4.070747807722199,0,1,0,1,0,0,0,9,0.0,1,1,6.289839421443807,-0.8016506488562846,69,1,18.748153048460683,0.28839100145591196,22.661313091746617,-0.0697327106539164,20.14028458579412,-0.19420647489137927,23.651938987623378,-0.005378551966289792,17.85855995428222,0.010261725012395272,31.1956555635667,-0.14793438393891767,31.182039496820398,-0.16430463393409311,30.413877166285925,-0.14980875364458346,27.851869288700943,-0.1536177025728724
3791,4.45,true_threat,DREAM,1,1349,3790,4.4,1,1,316.04253448282304,-201.15347043277532,321.6995579979988,-205.47746857969844,-205.3532766455498,0.20960967763241456,-2.5,1.7564717193825676,1,1,29.181648043936825,-0.8066030747230712,0.2260625958442688,0.0,0.006829361896961927,0.00834363978356123,28.141429150001244,0.008366717479343068,1,0,2.5642007191342935,15.231542484716536,2.7299266939198352,latent_vehicle,2.2670398154705698,latent_vehicle,2.7299266939198352,2.2670398154705698,0.5499999999999998,3780,ok,accepted,1,ok,0.3858516,0.0007584999839309603,0.3493175000185147,0.03506389999529347,1,0.002734400000001358,0.014302099999994766,0,279.6002976196323,29.762025319153906,35.36132698107343,4.096529567224678,0,1,0,1,0,0,0,9,0.0,1,1,6.226001424603592,-0.7985480217608225,70,1,18.762984583150335,0.29663069489741595,22.656008757699766,-0.10608668120478777,20.129080812680943,-0.2240754577094431,23.64959867893749,-0.04680617229253847,17.859040617512882,0.009613265514123405,31.18839236182153,-0.14526402688387624,31.172483334616018,-0.19112206751585045,30.40509539166121,-0.17563416631975673,27.843745896135296,-0.16246784977417178
3792,4.5,true_threat,DREAM,1,1378,3791,4.45,1,1,317.4999839148139,-201.12665182525296,323.1293092696626,-205.39578881247553,-205.3259905397915,0.15147803990694797,-2.5,1.682714877590144,0,1,29.13826287977387,-0.867703283259118,0.2069883793592453,0.0,0.006829361896961927,0.00834363978356123,28.141429150001244,0.008391649962175377,1,0,2.5038559414696073,15.266388065908773,2.6619691904513547,latent_vehicle,2.4099635139231323,latent_vehicle,2.6619691904513547,2.4099635139231323,0.5999999999999996,3780,ok,accepted,0,ok,0.3858516,0.0007584999839309603,0.3493175000185147,0.03506389999529347,0,0.002734400000001358,0.00870220000000188,0,280.53889633316936,30.280876037607698,35.85247953920015,4.123348174747036,0,1,0,1,0,0,0,9,0.0,1,1,6.167306163316094,-0.7945816908976403,71,1,18.778189954693858,0.3041074324578242,22.64899925970016,-0.14018995989522343,20.11652282630673,-0.2511597261280121,23.6452766353235,-0.08644087071746628,17.859481220868894,0.00881206720047549,31.181251235015978,-0.14282253139687068,31.161691204632156,-0.21584123625564008,30.395123437530604,-0.19943763146754576,27.835281085336476,-0.1692962154521431
3793,4.55,true_threat,DREAM,1,1404,3792,4.5,1,1,318.95520533469414,-201.09916259103767,324.5600994402695,-205.31792338832983,-205.30359751630766,0.09219129616786859,-2.5,1.606683575070136,1,1,29.091951992648983,-0.9262177424977125,0.18883928656578064,0.0,0.006868659518659115,0.008391650393605232,27.88905150357498,0.00841838696009224,1,0,2.44876103339008,15.30507313755585,2.5977644419410475,latent_vehicle,2.561951239572505,latent_vehicle,2.5977644419410475,2.561951239572505,0.6499999999999995,3780,ok,accepted,0,ok,0.3858516,0.0007584999839309603,0.3493175000185147,0.03506389999529347,1,0.0014001999999990744,0.012277300000000935,0,281.47825795488285,30.796735835774427,36.34390808809354,4.150837408962332,0,1,0,1,0,0,0,9,0.0,1,1,6.11360572427745,-0.7899915719426608,72,1,18.793717665596436,0.3105542202388333,22.640385686428335,-0.17227146358328055,20.102747956565114,-0.2754973960570336,23.639093019713215,-0.12367231051772938,17.85988367051527,0.008048992837741811,31.174232183405998,-0.1403810297715588,31.149775650130216,-0.23830958590695686,30.3840814743301,-0.22083774099992967,27.82656640927476,-0.1742935212005258
3794,4.6,true_threat,DREAM,1,1432,3793,4.55,1,1,320.4080158608374,-201.07165892048567,325.9916538984808,-205.2440097300519,-205.28580294292388,0.03212044540595116,-2.5,1.5287776195855494,0,1,29.042863075720057,-0.9817783385785361,0.17179203033447266,0.0,0.006868659518659115,0.008391650393605232,27.88905150357498,0.008446867561267673,1,0,2.3983707762553745,15.347790477915991,2.537127079535754,latent_vehicle,2.716419793717209,latent_vehicle,2.537127079535754,2.716419793717209,0.6999999999999993,3780,ok,accepted,0,ok,0.3858516,0.0007584999839309603,0.3493175000185147,0.03506389999529347,0,0.0014001999999990744,0.009882400000002178,0,282.41844354595236,31.309360770848173,36.83527695523537,4.178341079514325,0,1,0,1,0,0,0,9,0.0,1,1,6.064612169831839,-0.7849184320941879,73,1,18.80953529481385,0.3163525869711555,22.630293923641418,-0.2018352505612151,20.08789543904046,-0.29705035265028173,23.631139384205557,-0.15907270845917554,17.860244147338918,0.007209534719755325,31.167319948344495,-0.1382447004724029,31.136847305538822,-0.25856530065305217,30.372076320334802,-0.24010154460910357,27.817685791555853,-0.1776123544189925
3795,4.65,true_threat,DREAM,1,1468,3794,4.6000000000000005,1,1,321.8583546611012,-201.0447359271573,327.4238505791966,-205.17406313807305,-205.2722430848475,-0.02823335479558864,-2.5,1.4493304342944675,1,1,28.991142123556692,-1.0344190432672917,0.15560346841812134,0.0,0.006913855206221342,0.00844686757773161,27.636062542758246,0.008477031866164164,1,0,2.3520910484282305,15.394577588704601,2.4797367651841484,latent_vehicle,2.8662192027964686,latent_vehicle,2.4797367651841484,2.8662192027964686,0.75,3780,ok,accepted,0,ok,0.3858516,0.0007584999839309603,0.3493175000185147,0.03506389999529347,1,0.001532600000004436,0.01495570000000157,0,283.35942259921234,31.818720517852,37.32649458269117,4.205264072842709,0,1,0,1,0,0,0,9,0.0,1,1,6.019983609805178,-0.7794428786587868,74,1,18.825602788127128,0.3213498695916463,22.618836504810815,-0.22914836675398614,20.07211023146111,-0.3157041532863897,23.62152635630168,-0.19226055613761767,17.86056266048152,0.006370261571047202,31.160524066090147,-0.13591764523598365,31.123033969588736,-0.2762650958983837,30.359228143077733,-0.256962052539075,27.808734599893697,-0.17902383305754271
3796,4.7,true_threat,DREAM,1,1495,3795,4.65,1,1,323.30600829984496,-201.01894300030227,328.8564759010254,-205.10820575557412,-205.26248209537422,-0.08841895730117244,-2.5,1.3686202575665531,0,1,28.936934948100173,-1.0841435091303708,0.14039623737335205,0.0,0.006913855206221342,0.00844686757773161,27.636062542758246,0.008508819904449023,1,0,2.309493726306349,15.445529660715648,2.425373535961146,latent_vehicle,3.005769529303943,latent_vehicle,2.425373535961146,3.005769529303943,0.7999999999999998,3780,ok,accepted,0,ok,0.3858516,0.0007584999839309603,0.3493175000185147,0.03506389999529347,0,0.001532600000004436,0.010506500000005303,0,284.3012256270338,32.32457112877432,37.817316876698555,4.231056999697728,0,1,0,1,0,0,0,9,0.0,1,1,5.97950435905279,-0.7736200470742726,75,1,18.841874368632098,0.32543161434441287,22.606154570077955,-0.2536386810243284,20.055529664375864,-0.3316113419775188,23.610379819674456,-0.22293073062945637,17.86083539993253,0.005454788532664334,31.153815926365542,-0.1341627945116795,31.10844627479381,-0.2917523036725449,30.34565329304863,-0.2714955947826215,27.799791035876652,-0.17887127973836286
3797,4.75,true_threat,DREAM,1,1512,3796,4.7,1,1,324.75088540652837,-200.99481422873905,330.289316240933,-205.04643765543054,-205.25600900659435,-0.1478032510202354,-2.5,1.2868768167508553,1,1,28.880382831826857,-1.1310423254663249,0.12590333819389343,0.0,0.006964563857764006,0.008508820086717606,27.406179056828133,0.008542173999051966,1,0,2.2700201373287667,15.500678667012892,2.373642584001403,latent_vehicle,3.128953744463891,latent_vehicle,2.373642584001403,3.128953744463891,0.8499999999999996,3780,ok,accepted,0,ok,0.3858516,0.0007584999839309603,0.3493175000185147,0.03506389999529347,1,0.0013931000000013682,0.013602500000004625,0,285.24382210663487,32.82685175585664,38.30756073700502,4.255185771260955,0,1,0,1,0,0,0,9,0.0,1,1,5.942779553444792,-0.7674781448742157,76,1,18.858315702987248,0.3288266926782896,22.592372096231966,-0.27564946045695676,20.03830060251869,-0.3445812348816595,23.597814215350375,-0.2513120845639124,17.861066178531686,0.004615572201560307,31.147187899572067,-0.13256053481012314,31.09320820103074,-0.304759958961145,30.331475750974906,-0.28354957117805857,27.79094283785174,-0.1769639593874734
3798,4.8,true_threat,DREAM,1,1532,3797,4.75,1,1,326.19298612690227,-200.97277685853652,331.72218850387185,-204.98878941768334,-205.25223472009952,-0.20579706466898529,-2.5,1.2042903958893707,0,1,28.821636088754587,-1.1749348614453936,0.11224301159381866,0.0,0.006964563857764006,0.008508820086717606,27.406179056828133,0.008577030573124306,1,0,2.2332343158521506,15.560042814414217,2.324237622909193,latent_vehicle,3.3649683983272345,latent_vehicle,2.324237622909193,3.3649683983272345,0.8999999999999995,3780,ok,accepted,0,ok,0.3858516,0.0007584999839309603,0.3493175000185147,0.03506389999529347,0,0.0013931000000013682,0.013190099999995653,0,286.18721204322105,33.32556253964435,38.797043063357705,4.27722314146348,0,1,0,1,0,0,0,9,0.0,1,1,5.909451824141012,-0.761047905885434,77,1,18.874882923739158,0.33134442110488516,22.577620689288505,-0.2950281213558736,20.020560374762418,-0.35480454956446295,23.58396115162022,-0.27706127244440987,17.86125308899355,0.003738209953157963,31.14061328252648,-0.13149233800934354,31.077441821180482,-0.3153262039505494,30.316809957382922,-0.2933147632660322,27.78225676328932,-0.17372148961194045
3799,4.8500000000000005,true_threat,DREAM,1,1551,3798,4.800000000000001,1,1,327.632035943325,-200.95324297067242,333.15484857525814,-204.93533741955957,-205.250488997689,-0.2616995800056543,-2.5,1.121015882325916,1,1,28.76083017164814,-1.2161183421289223,0.09926824271678925,0.0,0.007020394783467054,0.008577030152082443,27.22930592276498,0.008613334097833082,1,0,2.198821043331566,15.62376016392476,2.2769419261756005,latent_vehicle,,,2.2769419261756005,,0.9500000000000002,3780,ok,accepted,0,ok,0.3858516,0.0007584999839309603,0.3493175000185147,0.03506389999529347,1,0.0018835999999993192,0.01582719999999682,0,287.131456471945,33.82036792734311,39.28545870602005,4.29675702932758,0,1,0,1,0,0,0,9,0.0,1,1,5.879352999565211,-0.7543275533934046,78,1,18.891541697679063,0.33317548567767413,22.562039584591258,-0.3116220773738035,20.002448217305066,-0.3622431398054107,23.568946512127784,-0.3002927877471008,17.861398039125238,0.002899003543663843,31.13408635286632,-0.13053858790990291,31.061263484804112,-0.32356549624618797,30.30177798125985,-0.30063859033795975,27.773805291689115,-0.16902943070072285
3800,4.9,true_threat,DREAM,1,1565,3799,4.8500000000000005,1,1,329.06809602628937,-200.9366092728177,334.5871743587596,-204.88600540876152,-205.25001745207607,-0.3146800325164918,-2.2908585237620085,1.0371825399152823,0,1,28.698115752150134,-1.254288389960152,0.08711589127779007,0.0,0.007020394783467054,0.008577030152082443,27.22930592276498,0.008651019049890872,1,0,2.16628426574347,15.691868516106958,2.2314397353102895,latent_vehicle,,,2.2314397353102895,,1.0,3780,ok,accepted,0,ok,0.3858516,0.0007584999839309603,0.3493175000185147,0.03506389999529347,0,0.0018835999999993192,0.00854949999999377,0,288.07658591038313,34.31129857186937,39.772655051083404,4.313390727182309,0,1,0,1,0,0,0,9,0.0,1,1,5.852061270823363,-0.7473122822960798,79,1,18.908251970583258,0.33420546550520436,22.54576038858149,-0.3255839059114654,19.984097643492596,-0.3670114632536892,23.552903811994895,-0.32085400045883206,17.861502935219164,0.002097922226626455,31.127584221642064,-0.13004261664511987,31.044795260774908,-0.32936342843158145,30.286492355572108,-0.30571176940307515,27.765653272533,-0.16304038041964528
3801,4.95,true_threat,DREAM,1,1574,3800,4.9,1,1,330.50095282563643,-200.92308946088224,336.0190132508784,-204.84074766097854,-205.25,-0.3639945912384803,-2.009344689231739,0.9545272312449747,1,1,28.633664559393775,-1.2890238551271693,0.0768660381436348,0.0,0.007080955430865288,0.00865101907402277,27.886500218748928,0.008690005884359898,1,0,2.1354059214719525,15.764396536308418,2.187737057657361,latent_vehicle,,,2.187737057657361,,0.6500000000000004,3788,ok,accepted,1,ok,0.5034185,0.0007120000082068145,0.47357869998086244,0.02878579997923225,1,0.0014135999999993487,0.010694600000000776,0,289.0224782986407,34.798262982958875,40.25860155494462,4.326910539117762,0,1,0,1,0,0,0,9,0.0,1,1,5.827476588753564,-0.7399864737187452,80,1,18.92497559562717,0.3344725084882422,22.52891470676432,-0.3369136255933619,19.96564598379576,-0.3690331766118785,23.53595893557485,-0.33889752625062475,17.861571592852293,0.0013731535057546524,31.121082093413435,-0.13004255395058265,31.028149681535826,-0.33291072358094853,30.271061796730486,-0.30861061224264597,27.75785792773694,-0.15590689304237162
3802,5.0,true_threat,DREAM,1,1577,3801,4.95,1,1,331.9305759226921,-200.91297346225215,337.4500905569895,-204.7994574583904,-205.25,-0.40925233902146374,-1.9001571507273787,0.8737529330612264,0,1,28.56770028627927,-1.319285462290125,0.06866622716188431,0.0,0.007080955430865288,0.00865101907402277,27.886500218748928,0.008730181511518173,1,0,2.1057636719021238,15.84129518977902,2.1455291742595386,latent_vehicle,,,2.1455291742595386,,0.7000000000000002,3788,ok,accepted,0,ok,0.5034185,0.0007120000082068145,0.47357869998086244,0.02878579997923225,0,0.0014135999999993487,0.013233600000006618,0,289.9692251686253,35.28113921002995,40.74293199107109,4.337026537747846,0,1,0,1,0,0,0,9,0.0,1,1,5.8051809964303045,-0.7323468890337547,81,1,18.941676332595762,0.3340147474703308,22.51164177568691,-0.3454586140887621,19.947217215422636,-0.3685753461695468,23.518241582620742,-0.35434705697349433,17.861604014550483,0.0006484342252742845,31.11456089429884,-0.130423968996409,31.011441186697333,-0.33416922865264004,30.25559883606043,-0.3092588131444351,27.75047456937267,-0.1476671639808838
3803,5.05,true_threat,DREAM,1,1592,3802,5.0,1,1,333.35687384280845,-200.9064901899824,338.88031472956925,-204.76215009101762,-205.25,-0.4505425416095932,-1.7895824899445538,0.7939713648093774,1,1,28.500484543410124,-1.3443148573828978,0.06237298250198364,0.0,0.007145750802010298,0.008730181492865086,27.76688275447002,0.008771406602661036,1,0,2.0771848981633307,15.922327066103684,2.10468977541451,latent_vehicle,,,2.10468977541451,,0.75,3788,ok,accepted,0,ok,0.5034185,0.0007120000082068145,0.47357869998086244,0.02878579997923225,1,0.0013727999999986196,0.014532700000003729,0,290.9168265307477,35.75983576802389,41.22555480152846,4.3435098100175935,0,1,0,1,0,0,0,9,0.0,1,1,5.785059726257916,-0.7243794213534882,82,1,18.958316035543376,0.3327940663634652,22.49407129418104,-0.35140962573395634,19.928937220570507,-0.36559987364520985,23.49988717614906,-0.3670881271156099,17.861604012977523,-3.136246339189739e-08,31.107999643084554,-0.1312250085414782,30.99477467789789,-0.33332968704568106,30.24021028266968,-0.30777080766227294,27.743550881855377,-0.13847374685779093
3804,5.1000000000000005,true_threat,DREAM,1,1606,3803,5.050000000000001,1,1,334.7798466120121,-200.90371593801387,340.3095636306423,-204.728627236257,-205.25,-0.48784990898238334,-1.6788172011559725,0.7158540410944809,0,1,28.43228672989097,-1.3639562703831132,0.058051928877830505,0.0,0.007145750802010298,0.008730181492865086,27.76688275447002,0.008813533163131895,1,0,2.0494145393454026,16.007290993211573,2.0650092139528327,latent_vehicle,,,2.0650092139528327,,0.8000000000000007,3788,ok,accepted,0,ok,0.5034185,0.0007120000082068145,0.47357869998086244,0.02878579997923225,0,0.0013727999999986196,0.011044400000002952,0,291.8652518726369,36.234383195338296,41.70637836071228,4.346284061986125,0,1,0,1,0,0,0,9,0.0,1,1,5.766869437657019,-0.7160751399481138,83,1,18.97486227965092,0.3309248879635478,22.476329147239888,-0.3548429367100508,19.91092806537252,-0.360183081454597,23.481023507137287,-0.3772733780229615,17.861581125334347,-0.0004577528945796751,31.101383080678982,-0.13233123018793427,30.978256963977692,-0.330353945620978,30.22499341018189,-0.3043373043097874,27.737126919576962,-0.12847924195051993
3805,5.15,true_threat,DREAM,1,1611,3804,5.1000000000000005,1,1,336.1993722589001,-200.90494066496495,341.7376541443398,-204.69885843899692,-205.25,-0.5213727637429884,-1.5689037063624682,0.6398919418711541,1,1,28.36336538108978,-1.3784269760238033,0.05556977540254593,0.0,0.007213974837213755,0.008813533000648022,27.677331790490996,0.008856415725436799,1,0,2.022179983771253,16.095931534637057,2.026258351260597,latent_vehicle,,,2.026258351260597,,0.8500000000000005,3788,ok,accepted,0,ok,0.5034185,0.0007120000082068145,0.47357869998086244,0.02878579997923225,1,0.0013779000000013752,0.014141200000004517,0,292.8144706663058,36.70469004855744,42.1852500807409,4.345059335035046,0,1,0,1,0,0,0,9,0.0,1,1,5.750382924707403,-0.7074068200133553,84,1,18.99127310266563,0.3282164661323977,22.458543128151902,-0.3557203809857374,19.89329846892967,-0.3525919076962341,23.46177836866254,-0.38490276722730693,17.861533442990364,-0.0009536469692103934,31.094686411255847,-0.1339333686713985,30.961992947636272,-0.3252801256143677,30.21004549162174,-0.29895830793074846,27.731246551693044,-0.1176073540043714
3806,5.2,true_threat,DREAM,1,1615,3805,5.15,1,1,337.6153897483199,-200.91016439165722,343.1645251626335,-204.67263009702444,-205.25,-0.5511415610030781,-1.4605416840113052,0.5664602417826904,0,1,28.294000783497502,-1.3872919518455262,0.05499865114688873,0.0,0.007213974837213755,0.008813533000648022,27.677331790490996,0.008899890831214518,1,0,1.9953402596491083,16.187997098137977,1.9883409102727874,latent_vehicle,,,1.9883409102727874,,0.9000000000000004,3788,ok,accepted,0,ok,0.5034185,0.0007120000082068145,0.47357869998086244,0.02878579997923225,0,0.0013779000000013752,0.012319699999999045,0,293.7645134345361,37.17066476974691,42.66207833080426,4.339835608342781,0,1,0,1,0,0,0,9,0.0,1,1,5.735495522025215,-0.6983548286530663,85,1,19.007517988595325,0.32489772193391786,22.440835306824496,-0.35415642648802204,19.876160965407742,-0.34275005109261286,23.442279552414398,-0.38997632278466926,17.86146287497914,-0.0014113605607645168,31.08788483905064,-0.13603142274766578,30.946066550670654,-0.3185278387324054,30.195458077697015,-0.29174826304014323,27.725926944352523,-0.10639214311317832
3807,5.25,true_threat,DREAM,1,1620,3806,5.2,1,1,339.02792954058845,-200.91921926100997,344.5900240716147,-204.6498659684526,-205.25,-0.5773699029755619,-1.354419086935344,0.495846202530497,1,1,28.224647168386426,-1.3870723022215259,0.056273870170116425,0.0,0.004302443005144596,0.005256425589323044,27.617709853899434,0.008943679868925667,0,0,1.9690015014897486,16.282700682367864,1.9518298555446654,latent_vehicle,,,1.9518298555446654,,0.9500000000000002,3788,ok,accepted,0,ok,0.5034185,0.0007120000082068145,0.47357869998086244,0.02878579997923225,1,0.0015234999999975685,0.012040800000001184,0,294.71538017732786,37.63233781922372,43.13671049699377,4.330780738990029,0,1,0,1,0,0,0,9,0.0,1,1,5.722328350030383,-0.6892059420469455,86,1,19.02356451214785,0.32093047253370727,22.42332012535875,-0.35030362942903576,19.859614735477898,-0.3309245829559322,23.422652943471412,-0.39253217675267615,17.861375143054907,-0.0017546385535322894,31.080947845812325,-0.13873984245342905,30.93056932394621,-0.30994449962397896,30.18131318407544,-0.2828978740022281,27.721194800486153,-0.094642873651136
3808,5.3,true_threat,DREAM,1,1621,3807,5.25,1,1,340.4369916148843,-200.9320442378705,346.01405923526823,-204.63032194390294,-205.25,-0.6001340315474124,-1.2509853503395267,0.42826562505644267,0,1,28.155386845566085,-1.38520645640682,0.05926785245537758,0.0,0.004302443005144596,0.005256425589323044,27.617709853899434,0.00898773330236359,0,0,1.9430413874214434,16.37996336420848,1.9167671897512883,latent_vehicle,,,1.9167671897512883,,1.0,3788,ok,accepted,0,ok,0.5034185,0.0007120000082068145,0.47357869998086244,0.02878579997923225,0,0.0015234999999975685,0.010158900000000415,0,295.6670098595283,38.08977021131909,43.60911597844682,4.317955762129486,0,1,0,1,0,0,0,9,0.0,1,1,5.710778259547826,-0.6800378161017107,87,1,19.03937261896586,0.31616213587141057,22.406112024535705,-0.3441620164047597,19.84375514698933,-0.31719175790957893,23.403016795548115,-0.39272295683334835,17.861275967595137,-0.001983509613795646,31.073860170758294,-0.1417534793823008,30.915579467800683,-0.29979712042854856,30.16768710404831,-0.2725215897918261,27.71706347161064,-0.08262657389869565
3809,5.3500000000000005,true_threat,DREAM,1,1619,3808,5.300000000000001,1,1,341.8426366940366,-200.9477237741268,347.43650855726173,-204.61392177107768,-205.25,-0.6196780560970581,-1.1507222794853247,0.3638776858931545,1,1,28.086822307995178,-1.3712907514181438,0.06450022011995316,0.0,-0.0038826691452413797,-0.008987733162939548,27.883170367649708,0.009031665540179723,1,0,1.918279543086323,16.478748588872833,1.8849889567383677,latent_vehicle,,,1.8849889567383677,,0.5499999999999998,3798,ok,accepted,1,ok,0.4020452,0.0007245999877341092,0.35565010001300834,0.04517590001341887,1,0.0014514000000005467,0.015496100000000013,0,296.6194330039193,38.54299214608045,44.07914215604933,4.302276225873186,0,1,0,1,0,0,0,9,0.0,1,1,5.701664874724993,-0.671603987887485,88,1,19.05491560588866,0.3108597363577086,22.38931209441453,-0.33599860217638333,19.82866612187135,-0.30178049520269057,23.383485547806238,-0.390624954057675,17.861167257712612,-0.0021741974249039385,31.066614183771694,-0.14491971951665805,30.901177090142003,-0.2880475512056018,30.154659945748513,-0.2605431183148186,27.713553938562086,-0.07019065743567553
3810,5.4,true_threat,DREAM,1,1623,3809,5.3500000000000005,1,1,343.2448340366376,-200.96560175229814,348.8573719595143,-204.6004365681542,-205.25,-0.6360782289223152,-1.0538864788015303,0.30279105314648785,0,1,28.01900604723328,-1.356325215237959,0.07180103659629822,0.0,-0.007356559857726097,-0.008987733162939548,27.883170367649708,0.009075435931153312,1,0,1.8952079759049552,16.57857468610249,1.8576865865045145,latent_vehicle,,,1.8576865865045145,,0.5999999999999996,3798,ok,accepted,0,ok,0.4020452,0.0007245999877341092,0.35565010001300834,0.04517590001341887,0,0.0014514000000005467,0.011356599999999162,0,297.5726496000899,38.99197289251083,44.5467889621313,4.2843982477018585,0,1,0,1,0,0,0,9,0.0,1,1,5.6955829137373994,-0.6644373413858047,89,1,19.070157233289876,0.3048325444301824,22.37302333189708,-0.3257752495430948,19.814433490579937,-0.284652622887333,23.3641812713582,-0.3860855288704401,17.86105091681782,-0.0023268181914289903,31.059185087928178,-0.14858189951527562,30.887427040658746,-0.27500095966726723,30.14229083713948,-0.24738206778672134,27.71065475727927,-0.05798362221495952
3811,5.45,true_threat,DREAM,1,1624,3810,5.4,1,1,344.6436140041018,-200.98522039832847,350.27652733007744,-204.58974430647027,-205.25,-0.6495634318457917,-0.960786732323033,0.24507554824799982,1,1,27.95216119473246,-1.3368970500163613,0.08102468401193619,0.0,-0.007428345270454884,-0.009075435809791088,27.792533615070173,0.009118891458606039,1,0,1.874165880586264,16.67915673812176,1.8347871466603334,latent_vehicle,,,1.8347871466603334,,0.6499999999999995,3798,ok,accepted,0,ok,0.4020452,0.0007245999877341092,0.35565010001300834,0.04517590001341887,1,0.0014544000000000779,0.011051099999995984,0,298.5265681005166,39.4368343595483,45.01202583226774,4.264779601671535,0,1,0,1,0,0,0,9,0.0,1,1,5.692497378460191,-0.6584275230075504,90,1,19.085065076336544,0.2981568559151244,22.35734110565409,-0.3136445238270466,19.801122103751595,-0.2662277364721328,23.345212684283524,-0.3793717422423314,17.860934578367964,-0.002326768442539397,31.051570976107822,-0.15228222434904057,30.874394168903937,-0.2606573535755443,30.13062936892726,-0.23322919058524066,27.708383093899933,-0.045433264243808384
3812,5.5,true_threat,DREAM,1,1626,3811,5.45,1,1,346.03909849495665,-201.00607613056494,351.6940051240629,-204.58166187015692,-205.25,-0.6602556935297343,-0.8715796618442027,0.19076394834467508,0,1,27.886564935049453,-1.3119251936601728,0.09225453436374664,0.0,-0.007428345270454884,-0.009075435809791088,27.792533615070173,0.009161839398460084,1,0,1.8554887574342491,16.780358289357707,1.816019779086755,latent_vehicle,,,1.816019779086755,,0.6999999999999993,3798,ok,accepted,0,ok,0.4020452,0.0007245999877341092,0.35565010001300834,0.04517590001341887,0,0.0014544000000000779,0.011068600000001538,0,299.48128005792836,39.87760689299142,45.474791668841476,4.243923869435065,0,1,0,1,0,0,0,9,0.0,1,1,5.692326427065102,-0.6533232260202675,91,1,19.099606710857607,0.2908326834902807,22.34234933949064,-0.2998353221372579,19.78880062497571,-0.24642957749390898,23.32668659666807,-0.3705217536158272,17.860818239394433,-0.0023267796443211175,31.04376421834113,-0.1561351445658664,30.86212806611596,-0.24532190461741987,30.119736576572173,-0.21785559612980754,27.70672368962508,-0.0331880822510178
3813,5.55,true_threat,DREAM,1,1622,3812,5.5,1,1,347.43131778212546,-201.02745177555255,353.10968320870063,-204.57600619539926,-205.25,-0.6683381298430788,-0.7864198284633812,0.13986073588273226,1,1,27.82245137765346,-1.282271147919829,0.1054949089884758,0.0,-0.0074990675784647465,-0.009161839261651039,27.73198468946806,0.009204110423902146,1,0,1.8396720115095915,16.881902986630394,1.8014304690445622,latent_vehicle,,,1.8014304690445622,,0.7499999999999991,3798,ok,accepted,0,ok,0.4020452,0.0007245999877341092,0.35565010001300834,0.04517590001341887,1,0.0013932999999966,0.015031400000005135,0,300.43663288444344,40.314473353645155,45.9351169269641,4.222548224447451,0,1,0,1,0,0,0,9,0.0,1,1,5.695125000021462,-0.6489931958886358,92,1,19.113757340483392,0.28301258467653767,22.328122419695166,-0.2845383946596036,19.77752436850043,-0.2255251318204528,23.308700287937125,-0.359726175445457,17.860705717099147,-0.002250445108841072,31.03578197882308,-0.15964478390719475,30.85067450860334,-0.22907091842023702,30.10964679083503,-0.20179539060061072,27.70566891505862,-0.021095488177506127
3814,5.6000000000000005,true_threat,DREAM,1,1620,3813,5.550000000000001,1,1,348.82039372769793,-201.04873694012122,354.52368360224204,-204.57262465267237,-205.25,-0.673993804600741,-0.7054138450430512,0.0923437785346991,0,1,27.760048267719664,-1.2480621986759388,0.12079790234565735,0.0,-0.0074990675784647465,-0.009161839261651039,27.73198468946806,0.009245535279235665,1,0,1.8271788685776011,16.983357657619297,1.7911414773580017,latent_vehicle,,,1.7911414773580017,,0.7999999999999998,3798,ok,accepted,0,ok,0.4020452,0.0007245999877341092,0.35565010001300834,0.04517590001341887,0,0.0013932999999966,0.0107125000000039,0,301.39274865557263,40.747433528088436,46.39300154937632,4.201263059878784,0,1,0,1,0,0,0,9,0.0,1,1,5.701049080743126,-0.6453359053962244,93,1,19.127480726359043,0.27446770839112705,22.31473282587666,-0.2677918751331698,19.767335295327406,-0.20378146492439855,23.291351030208595,-0.34698515459632917,17.86060082319747,-0.0020978781648273706,31.027624258306023,-0.16315440663657782,30.84006592027751,-0.21217145328422427,30.100405787400952,-0.18481967859103027,27.705203511390426,-0.009308070295685285
3815,5.65,true_threat,DREAM,1,1620,3814,5.6000000000000005,1,1,350.2064176397499,-201.0692144299944,355.9359452174806,-204.57136467491608,-205.25,-0.6773753473276258,-0.6286028756765629,0.048168109896923425,1,1,27.699585054471992,-1.2092642649534469,0.13809196650981903,0.0,-0.007567573804408312,-0.009245535358786583,27.701201493894523,0.009285939695728091,1,0,1.8184866550860876,17.08410453538345,1.7853716641876625,latent_vehicle,,,1.7853716641876625,,0.8499999999999996,3798,ok,accepted,0,ok,0.4020452,0.0007245999877341092,0.35565010001300834,0.04517590001341887,1,0.0017151999999995837,0.013923999999995829,0,302.3495052905998,41.17670080511323,46.84850652958772,4.180785570005611,0,1,0,1,0,0,0,9,0.0,1,1,5.7102229048827695,-0.6423277389634701,94,1,19.140755886065328,0.26550318521887506,22.302247316074173,-0.2497101950383788,19.75827536767877,-0.18119855224629627,23.274720840689078,-0.3326037889852051,17.860505466463387,-0.0019071338285975893,31.01929486995321,-0.16658776617340934,30.830344262580752,-0.19443276257162664,30.092032639086348,-0.16746252139859044,27.705302683076855,0.0019834367221102764
3816,5.7,true_threat,DREAM,1,1613,3815,5.65,1,1,351.58948087320556,-201.08830437998913,357.3464374795807,-204.57205842587123,-205.25,-0.678635325083917,-0.555996337332693,0.007271154036421885,0,1,27.64130076437221,-1.1656858019956218,0.15733207762241364,0.0,-0.007567573804408312,-0.009245535358786583,27.701201493894523,0.009325139274400988,1,0,1.8139164550248228,17.18339615999908,1.7842434343653077,latent_vehicle,,,1.7842434343653077,,0.8999999999999995,3798,ok,accepted,0,ok,0.4020452,0.0007245999877341092,0.35565010001300834,0.04517590001341887,0,0.0017151999999995837,0.01225600000000071,0,303.30693330710125,41.60233602206745,47.30157077518635,4.161695620010875,0,1,0,1,0,0,0,9,0.0,1,1,5.722712081788951,-0.6399499844998315,95,1,19.15354658159366,0.2558139009833355,22.290719294941024,-0.23056042167137514,19.750371289830568,-0.158081553084244,23.258903182749226,-0.3163531560321227,17.86042536005541,-0.0016021280917136941,31.010814795828686,-0.169601482689566,30.821528607817225,-0.17631263796715854,30.084552139835246,-0.14960950195441985,27.70594544924407,0.01285532628024668
3817,5.75,true_threat,DREAM,1,1610,3816,5.7,1,1,352.9697968689108,-201.10547265964385,358.755282396383,-204.57452275843667,-205.25,-0.6779415741287664,-0.4875845465406304,-0.03042706264576821,1,1,27.58543864147634,-1.1172424579174134,0.17841342091560364,0.0,-0.007632730528712273,-0.009325139224529266,27.700378867602687,0.009362943212823232,1,0,1.8137212139593013,17.280368899536022,1.7878636916634787,latent_vehicle,,,1.7878636916634787,,0.9499999999999993,3798,ok,accepted,0,ok,0.4020452,0.0007245999877341092,0.35565010001300834,0.04517590001341887,1,0.001489100000000576,0.016039100000000417,0,304.26497168554044,42.024613639333495,47.75237731354946,4.144527340356149,0,1,0,1,0,0,0,9,0.0,1,1,5.738581260573426,-0.6381978650249905,96,1,19.165829924622834,0.2456668506995481,22.280188818187234,-0.2106095343655346,19.74364594953969,-0.13450679792272777,23.24397244413927,-0.2986147686181681,17.860360504659692,-0.001297108151420752,31.00219166465487,-0.17246262359156944,30.813630399234874,-0.15796366237010154,30.07797382551792,-0.13156577870986302,27.70711083096844,0.023307636825838043
3818,5.8,true_threat,DREAM,1,1598,3817,5.75,1,1,354.3474570286384,-201.12027673286917,360.16251044382085,-204.57863559189616,-205.25,-0.6754772415633283,-0.4233460159786393,-0.06501987626223522,0,1,27.53226864722463,-1.0633998850342152,0.20123183727264404,0.0,-0.007632730528712273,-0.009325139224529266,27.700378867602687,0.009399139216236826,1,0,1.818117402271055,17.374073253489353,1.7963370367055178,latent_vehicle,,,1.7963370367055178,,0.9999999999999991,3798,ok,accepted,0,ok,0.4020452,0.0007245999877341092,0.35565010001300834,0.04517590001341887,0,0.001489100000000576,0.01237830000000173,0,305.223620446739,42.443625037862546,48.20095659978875,4.129723267130828,0,1,0,1,0,0,0,9,0.0,1,1,5.757908015150748,-0.6370730879438836,97,1,19.177577304054406,0.23494757920652415,22.270709291552695,-0.1895905322222197,19.738106977708803,-0.11077942458983756,23.229989668627248,-0.2796555095874064,17.86031471622714,-0.0009157699805846032,30.993429291412,-0.1752474635978718,30.80666298737276,-0.13934769092577518,30.072311043314762,-0.11325513740978237,27.70876068207724,0.03299702367968273
3819,5.8500000000000005,true_threat,DREAM,1,1592,3818,5.800000000000001,1,1,355.7225222469956,-201.1323045915628,361.5681825841714,-204.58418328239372,-205.25,-0.671364408103841,-0.3631898885008299,-0.09661202110124603,1,1,27.482023992263386,-1.0048930992248728,0.22459003329277039,0.0,-0.007693300023674965,-0.009399139322340488,27.010027263729423,0.00943353699000349,1,0,1.8272248127527433,17.463572178448555,1.8097054019206815,latent_vehicle,,,1.8097054019206815,,0.6500000000000004,3806,ok,accepted,1,ok,0.4970299,0.0007535000040661544,0.46729529998265207,0.02864809997845441,1,0.0015397999999962053,0.012221099999997875,0,306.1828185191064,42.85949218385235,48.647430667771914,4.117695408437214,0,1,0,1,0,0,0,9,0.0,1,1,5.780754803102616,-0.6365678157922035,98,1,19.18876964110006,0.22384673470642286,22.26229788082901,-0.16822821417069447,19.733762003345035,-0.08689947065278265,23.21702738988888,-0.2592456038037833,17.86028990710611,-0.0004961834359475437,30.984533399009134,-0.17791784441566486,30.800620646292053,-0.12084626482431483,30.06755806955442,-0.09505898300772107,27.710860670794855,0.04199977490338734
3820,5.9,true_threat,DREAM,1,1578,3819,5.8500000000000005,1,1,357.09523656048526,-201.14125097667505,362.9723293298057,-204.59115056073043,-205.25,-0.6658167176062761,-0.3070828241478632,-0.12531697218730983,0,1,27.43489775173453,-0.9425248105771544,0.24838176369667053,0.0,-0.007693300023674965,-0.009399139322340488,27.010027263729423,0.009465971769295234,1,0,1.8411238953968403,17.54806021712918,1.8279886980965894,latent_vehicle,,,1.8279886980965894,,0.7000000000000002,3806,ok,accepted,0,ok,0.4970299,0.0007535000040661544,0.46729529998265207,0.02864809997845441,0,0.0015397999999962053,0.00861770000000206,0,307.14259643062985,43.272428585818545,49.09179950188275,4.108749023324947,0,1,0,1,0,0,0,9,0.0,1,1,5.807073536556169,-0.6367144528198952,99,1,19.19937260570595,0.21205928793148518,22.254988917187294,-0.14617927257736402,19.730597678940526,-0.06328646883413075,23.205133677322987,-0.23787458940406472,17.860286080620185,-7.65299716326927e-05,30.975521153061454,-0.1802449118749109,30.795507188662828,-0.10226860257843717,30.063709179443034,-0.07697734001117025,27.713372649954533,0.050239583016872695
3821,5.95,true_threat,DREAM,1,1563,3820,5.9,1,1,358.4656609417956,-201.14693276192625,364.3750116482063,-204.59933904183842,-205.25,-0.6588494392695736,-0.2548172068345336,-0.15125685810062514,1,1,27.391102848410053,-0.8758980664894978,0.27233654260635376,0.0,-0.006770837586373091,-0.008272138424217701,26.89819496458082,0.009496263929013435,0,0,1.859721629784778,17.626581940906526,1.8509438824141484,latent_vehicle,,,1.8509438824141484,,0.75,3806,ok,accepted,0,ok,0.4970299,0.0007535000040661544,0.46729529998265207,0.02864809997845441,1,0.0014034000000009428,0.013799800000001028,0,308.1029236533222,43.68252574443653,49.534154597591,4.1030672380737485,0,1,0,1,0,0,0,9,0.0,1,1,5.836762888738953,-0.6374047606024043,100,1,19.20937284584409,0.20000480041211183,22.248782399615628,-0.12413035117514648,19.728602562766625,-0.03990230349475432,23.194365341774766,-0.21536693613442287,17.86030895792994,0.00045754661910346145,30.96639255516339,-0.18257194721733933,30.79129972429842,-0.08414875934764639,30.060749112175014,-0.05920092292712993,27.716269917066455,0.05794534169227938
3822,6.0,true_threat,DREAM,1,1547,3821,5.95,1,1,359.83406998664896,-201.14916674816132,365.77638208040645,-204.60861134457025,-205.25,-0.6506609581615805,-0.2063250723669593,-0.17455760786794733,0,1,27.350707217177757,-0.8079126246459367,0.2963363528251648,0.0,-0.006770837586373091,-0.008272138424217701,26.89819496458082,0.009524333965818359,0,0,1.8829137534603342,17.69858519750466,1.8784094800482125,latent_vehicle,,,1.8784094800482125,,0.7999999999999998,3806,ok,accepted,0,ok,0.4970299,0.0007535000040661544,0.46729529998265207,0.02864809997845441,0,0.0014034000000009428,0.011908099999999422,0,309.0636781220834,44.0901803205287,49.97477056102997,4.100833251838679,0,1,0,1,0,0,0,9,0.0,1,1,5.869701720555289,-0.6386100311265938,101,1,19.218741750671327,0.18737809562364446,22.243691679060092,-0.10181441081035411,19.727753765595935,-0.01697592296089001,23.184758154810197,-0.19214361472753042,17.86035472449976,0.0009153322525628529,30.957157141601833,-0.18470825611784633,30.78798489895697,-0.0662960159572836,30.05865879089356,-0.04180605361469437,27.71951051131519,0.06481188476179789
