frame,time_s,condition,controller,role,actor_id,blueprint,traffic_role,initial_lane_id,lane_name,lane_index,occupied_lane_indices,station_m,local_y_m,speed_mps,longitudinal_accel_mps2,leader_role,idm_gap_m,target_speed_mps,desired_speed_mps,time_headway_s
1284,0.05,empty_shadow,IDEAM,occluder,121,vehicle.carlamotors.firetruck,occluder,-5,centre,1,[1],195.79322472448607,-205.25484107541152,19.4723637365151,0.37883764152632743,lead_centre,115.99649820912322,19.44608825998674,19.060993,1.021082
1284,0.05,empty_shadow,IDEAM,lead_left,122,vehicle.mercedes.coupe_2020,leader,-4,left,0,[0],320.8140997282533,-201.7475458188413,23.777894213423192,1.8646759978563605,,,23.67933074645335,23.287836,0.948219
1284,0.05,empty_shadow,IDEAM,lead_centre,123,vehicle.nissan.patrol_2021,leader,-5,centre,1,[1],318.91230989302244,-205.25019370129758,21.596728669746046,0.8481214262794287,,,21.52734586943127,20.011235,1.074628
1284,0.05,empty_shadow,IDEAM,lead_right,124,vehicle.nissan.patrol_2021,leader,-6,right,2,[2],322.8802703180148,-208.74974054202346,24.52584797127298,1.6989138372584913,,,24.422630185982488,23.123141,0.908861
1284,0.05,empty_shadow,IDEAM,rear_centre,125,vehicle.tesla.model3,follower,-5,centre,1,[1],172.26740374568703,-205.2497441236416,17.667788732282492,-0.017928917142345745,occluder,16.8061277636867,17.672270834082656,20.183858,0.943297
1284,0.05,empty_shadow,IDEAM,follower_1,126,vehicle.tesla.model3,follower,-4,left,0,[0],142.92074925546865,-201.75031005796592,31.962232537561537,0.09971591176424884,ego,32.89281524196795,31.905061482619356,32.0,0.996942
1284,0.05,empty_shadow,IDEAM,follower_2,127,vehicle.mercedes.coupe_2020,follower,-4,left,0,[0],104.757476018326,-201.78925377575376,31.96225584445546,1.2404990128242086,follower_1,33.42949524464973,31.80830859427619,32.0,1.023943
1284,0.05,empty_shadow,IDEAM,follower_3,128,vehicle.mercedes.coupe_2020,follower,-4,left,0,[0],69.38699071153317,-201.78969287872852,31.161967778859694,1.2569180876601327,follower_2,30.656807327072045,31.040532777204152,32.0,0.992958
1284,0.05,empty_shadow,IDEAM,follower_4,129,vehicle.audi.a2,follower,-4,left,0,[0],35.0066043156086,-201.75070119912837,27.865985445601716,5.62976855340252,follower_3,30.02213608132314,27.604962438443845,30.125674,0.878966
1285,0.1,empty_shadow,IDEAM,occluder,121,vehicle.carlamotors.firetruck,occluder,-5,centre,1,[1],196.76740692684098,-205.2548902122703,19.490117339147577,0.35507205223611443,lead_centre,116.10215005844424,19.46470981826074,19.060993,1.021082
1285,0.1,empty_shadow,IDEAM,lead_left,122,vehicle.mercedes.coupe_2020,leader,-4,left,0,[0],322.0049874745066,-201.74820767423552,23.843961296093294,1.3213424085084866,,,23.771272709518982,23.287836,0.948219
1285,0.1,empty_shadow,IDEAM,lead_centre,123,vehicle.nissan.patrol_2021,leader,-5,centre,1,[1],319.9926627487017,-205.25022187784893,21.621617648182866,0.49777957216057694,,,21.568923612648966,20.011235,1.074628
1285,0.1,empty_shadow,IDEAM,lead_right,124,vehicle.nissan.patrol_2021,leader,-6,right,2,[2],324.1085723786298,-208.74970298833637,24.591903281815426,1.321106212082802,,,24.50629168994093,23.123141,0.908861
1285,0.1,empty_shadow,IDEAM,rear_centre,125,vehicle.tesla.model3,follower,-5,centre,1,[1],173.15082664474699,-205.24973266942422,17.669951674141334,0.04325883775591413,occluder,16.895910509743857,17.672312615176242,20.183858,0.943297
1285,0.1,empty_shadow,IDEAM,follower_1,126,vehicle.tesla.model3,follower,-4,left,0,[0],144.51907700219348,-201.75035989663374,31.970846108314475,0.17227141945380323,ego,32.94362691809782,31.911946195521104,32.0,0.996942
1285,0.1,empty_shadow,IDEAM,follower_2,127,vehicle.mercedes.coupe_2020,follower,-4,left,0,[0],106.3570083400167,-201.7867549855707,32.009725640230315,0.9496394980512292,follower_1,33.43056406775484,31.866767107191908,32.0,1.023943
1285,0.1,empty_shadow,IDEAM,follower_3,128,vehicle.mercedes.coupe_2020,follower,-4,left,0,[0],70.94648387935666,-201.78693308929866,31.209588275392974,0.9526548637754471,follower_2,30.696846486144636,31.102620774072445,32.0,0.992958
1285,0.1,empty_shadow,IDEAM,follower_4,129,vehicle.audi.a2,follower,-4,left,0,[0],36.40839883420665,-201.75071127168732,28.1200404762418,5.081100612937249,follower_3,30.190882249348647,27.884209359277587,30.125674,0.878966
1286,0.15000000000000002,empty_shadow,IDEAM,occluder,121,vehicle.carlamotors.firetruck,occluder,-5,centre,1,[1],197.74238259138633,-205.25495433723705,19.506648331088265,0.33061983857167143,lead_centre,116.20832071176862,19.482152359295235,19.060993,1.021082
1286,0.15000000000000002,empty_shadow,IDEAM,lead_left,122,vehicle.mercedes.coupe_2020,leader,-4,left,0,[0],323.1984692147496,-201.74886864471367,23.88817751443926,0.8843244291966007,,,23.836415195385513,23.287836,0.948219
1286,0.15000000000000002,empty_shadow,IDEAM,lead_centre,123,vehicle.nissan.patrol_2021,leader,-5,centre,1,[1],321.07387009131344,-205.25023450411035,21.632115678223613,0.20996060594391946,,,21.593324150893586,20.011235,1.074628
1286,0.15000000000000002,empty_shadow,IDEAM,lead_right,124,vehicle.nissan.patrol_2021,leader,-6,right,2,[2],325.33965154389796,-208.7496797460567,24.640906895999127,0.9800722853736515,,,24.57133912705071,23.123141,0.908861
1286,0.15000000000000002,empty_shadow,IDEAM,rear_centre,125,vehicle.tesla.model3,follower,-5,centre,1,[1],174.0344326544704,-205.24973641153034,17.67427373366331,0.08644119090914394,occluder,16.986669813038812,17.675227459395973,20.183858,0.943297
1286,0.15000000000000002,empty_shadow,IDEAM,follower_1,126,vehicle.tesla.model3,follower,-4,left,0,[0],146.11792354771626,-201.75040955831835,31.98027030030593,0.18848384557355038,ego,32.99657468923202,31.92169063242917,32.0,0.996942
1286,0.15000000000000002,empty_shadow,IDEAM,follower_2,127,vehicle.mercedes.coupe_2020,follower,-4,left,0,[0],107.95855467599554,-201.78382826220744,32.046446237450475,0.7345948476946126,follower_1,33.42935949278896,31.911684959732742,32.0,1.023943
1286,0.15000000000000002,empty_shadow,IDEAM,follower_3,128,vehicle.mercedes.coupe_2020,follower,-4,left,0,[0],72.5080063202565,-201.78374536148317,31.24583159774372,0.7250447895608747,follower_2,30.73688564001185,31.149737486764124,32.0,0.992958
1286,0.15000000000000002,empty_shadow,IDEAM,follower_4,129,vehicle.audi.a2,follower,-4,left,0,[0],37.82134752696035,-201.75071753910703,28.324555938355857,4.0903092423849685,follower_3,30.348580898574085,28.135664597517128,30.125674,0.878966
1287,0.2,empty_shadow,IDEAM,occluder,121,vehicle.carlamotors.firetruck,occluder,-5,centre,1,[1],198.71818222528773,-205.25500292232465,19.521903305910815,0.30509949672593045,lead_centre,116.31455238983492,19.498384580421043,19.060993,1.021082
1287,0.2,empty_shadow,IDEAM,lead_left,122,vehicle.mercedes.coupe_2020,leader,-4,left,0,[0],324.3936599340627,-201.74951377340008,23.915135771111512,0.5391650396732128,,,23.880008307439812,23.287836,0.948219
1287,0.2,empty_shadow,IDEAM,lead_centre,123,vehicle.nissan.patrol_2021,leader,-5,centre,1,[1],322.1552300270122,-205.25026233710605,21.630618391117533,-0.029945735597166883,,,21.603615653203207,20.011235,1.074628
1287,0.2,empty_shadow,IDEAM,lead_right,124,vehicle.nissan.patrol_2021,leader,-6,right,2,[2],326.5726838340524,-208.74965583748727,24.67475662534052,0.6769945889868204,,,24.619589776794097,23.123141,0.908861
1287,0.2,empty_shadow,IDEAM,rear_centre,125,vehicle.tesla.model3,follower,-5,centre,1,[1],174.91834383475194,-205.2497247907405,17.680045377372334,0.11543287458916254,occluder,17.07803946786074,17.68015871265272,20.183858,0.943297
1287,0.2,empty_shadow,IDEAM,follower_1,126,vehicle.tesla.model3,follower,-4,left,0,[0],147.71713629374443,-201.75042857749727,31.986976518403633,0.13412436923045937,ego,33.05065148055641,31.931551295202794,32.0,0.996942
1287,0.2,empty_shadow,IDEAM,follower_2,127,vehicle.mercedes.coupe_2020,follower,-4,left,0,[0],109.56167254222704,-201.7805347917729,32.074869384988446,0.5685912286413082,follower_1,33.42665970233289,31.946527140474778,32.0,1.023943
1287,0.2,empty_shadow,IDEAM,follower_3,128,vehicle.mercedes.coupe_2020,follower,-4,left,0,[0],74.0710697842434,-201.7802214145836,31.27332296456653,0.5499474239104468,follower_2,30.77690953509085,31.18566100932823,32.0,0.992958
1287,0.2,empty_shadow,IDEAM,follower_4,129,vehicle.audi.a2,follower,-4,left,0,[0],39.24239863623475,-201.75072104246527,28.468116349986065,2.8712082326851607,follower_3,30.49715464672022,28.337787385808877,30.125674,0.878966
1288,0.25,empty_shadow,IDEAM,occluder,121,vehicle.carlamotors.firetruck,occluder,-5,centre,1,[1],199.69465325107421,-205.2550665371633,19.535840302698993,0.2787399360117577,lead_centre,116.42011269163231,19.513355755041474,19.060993,1.021082
1288,0.25,empty_shadow,IDEAM,lead_left,122,vehicle.mercedes.coupe_2020,leader,-4,left,0,[0],325.5897356526792,-201.75012808259757,23.9284047423378,0.2653796703151133,,,23.90658495966976,23.287836,0.948219
1288,0.25,empty_shadow,IDEAM,lead_centre,123,vehicle.nissan.patrol_2021,leader,-5,centre,1,[1],323.23616272184745,-205.2503055746408,21.618888176789042,-0.23460427856017502,,,21.60214784061524,20.011235,1.074628
1288,0.25,empty_shadow,IDEAM,lead_right,124,vehicle.nissan.patrol_2021,leader,-6,right,2,[2],327.8069673396318,-208.74961624328776,24.695460908172702,0.41408565935178626,,,24.652916758479,23.123141,0.908861
1288,0.25,empty_shadow,IDEAM,rear_centre,125,vehicle.tesla.model3,follower,-5,centre,1,[1],175.80256019079698,-205.24971306584288,17.6867993064639,0.13507858227250916,occluder,17.16992792148061,17.686430173982366,20.183858,0.943297
1288,0.25,empty_shadow,IDEAM,follower_1,126,vehicle.tesla.model3,follower,-4,left,0,[0],149.3165626367801,-201.75037122985987,31.98773562212706,0.015182083045173456,ego,33.103843095594236,31.937451096684235,32.0,0.996942
1288,0.25,empty_shadow,IDEAM,follower_2,127,vehicle.mercedes.coupe_2020,follower,-4,left,0,[0],111.16601101261011,-201.77695098793197,32.096439929500384,0.4314930181523214,follower_1,33.42275458212957,31.973447750091335,32.0,1.023943
1288,0.25,empty_shadow,IDEAM,follower_3,128,vehicle.mercedes.coupe_2020,follower,-4,left,0,[0],75.63526229965285,-201.7764071655099,31.293648324315715,0.4065797223350843,follower_2,30.816963937335444,31.212973602796275,32.0,0.992958
1288,0.25,empty_shadow,IDEAM,follower_4,129,vehicle.audi.a2,follower,-4,left,0,[0],40.66833255772505,-201.75072288009906,28.548490112785647,1.6074752561066445,follower_3,30.639167001432725,28.479529180909875,30.125674,0.878966
1289,0.3,empty_shadow,IDEAM,occluder,121,vehicle.carlamotors.firetruck,occluder,-5,centre,1,[1],200.67182618111673,-205.25512991255403,19.5484230809327,0.25165556522889027,lead_centre,116.5245743606811,19.52702586533942,19.060993,1.021082
1289,0.3,empty_shadow,IDEAM,lead_left,122,vehicle.mercedes.coupe_2020,leader,-4,left,0,[0],326.7861470386086,-201.75066598333567,23.930528874490793,0.042483616751723206,,,23.919665628996587,23.287836,0.948219
1289,0.3,empty_shadow,IDEAM,lead_centre,123,vehicle.nissan.patrol_2021,leader,-5,centre,1,[1],324.3163629844396,-205.25031854445788,21.598119035310383,-0.4153828200300058,,,21.590648327135582,20.011235,1.074628
1289,0.3,empty_shadow,IDEAM,lead_right,124,vehicle.nissan.patrol_2021,leader,-6,right,2,[2],329.0419527546726,-208.74959166842856,24.70488894686028,0.1885607772120798,,,24.67330023903747,23.123141,0.908861
1289,0.3,empty_shadow,IDEAM,rear_centre,125,vehicle.tesla.model3,follower,-5,centre,1,[1],176.68711224018185,-205.2497012264267,17.69430282412013,0.15007035355633339,occluder,17.26218259122206,17.693596117707322,20.183858,0.943297
1289,0.3,empty_shadow,IDEAM,follower_1,126,vehicle.tesla.model3,follower,-4,left,0,[0],150.915744839205,-201.7503139655087,31.980369421017514,-0.1473240131662778,ego,33.15566121148079,31.93765263808228,32.0,0.996942
1289,0.3,empty_shadow,IDEAM,follower_2,127,vehicle.mercedes.coupe_2020,follower,-4,left,0,[0],112.77124968382545,-201.7731685127268,32.11186287532292,0.3085047343658067,follower_1,33.417842454782175,31.99365943568053,32.0,1.023943
1289,0.3,empty_shadow,IDEAM,follower_3,128,vehicle.mercedes.coupe_2020,follower,-4,left,0,[0],77.20032450352358,-201.77240951427098,31.307619504974515,0.27946043041173513,follower_2,30.85710989230907,31.23323385246577,32.0,0.992958
1289,0.3,empty_shadow,IDEAM,follower_4,129,vehicle.audi.a2,follower,-4,left,0,[0],42.09628063925439,-201.75072403062154,28.572427333518007,0.4787444148861948,follower_3,30.777425595351872,28.558877147331685,30.125674,0.878966
1290,0.35000000000000003,empty_shadow,IDEAM,occluder,121,vehicle.carlamotors.firetruck,occluder,-5,centre,1,[1],201.64957893990447,-205.25517783135183,19.559602049420743,0.2235793705060535,lead_centre,116.62760169323072,19.53936007328596,19.060993,1.021082
1290,0.35000000000000003,empty_shadow,IDEAM,lead_left,122,vehicle.mercedes.coupe_2020,leader,-4,left,0,[0],327.9823753242853,-201.75121920532658,23.92322483837973,-0.14607879078602048,,,23.92175958817901,23.287836,0.948219
1290,0.35000000000000003,empty_shadow,IDEAM,lead_centre,123,vehicle.nissan.patrol_2021,leader,-5,centre,1,[1],325.39525099645414,-205.25034722072658,21.56914638717635,-0.5794529524627295,,,21.570286737116664,20.011235,1.074628
1290,0.35000000000000003,empty_shadow,IDEAM,lead_right,124,vehicle.nissan.patrol_2021,leader,-6,right,2,[2],330.2770907732114,-208.74961281787998,24.704616210349315,-0.005454726226637712,,,24.682581927466888,23.123141,0.908861
1290,0.35000000000000003,empty_shadow,IDEAM,rear_centre,125,vehicle.tesla.model3,follower,-5,centre,1,[1],177.5720915356356,-205.24968924125966,17.702483449508758,0.1636125081245652,occluder,17.3548034718797,17.701435319057868,20.183858,0.943297
1290,0.35000000000000003,empty_shadow,IDEAM,follower_1,126,vehicle.tesla.model3,follower,-4,left,0,[0],152.51431669010287,-201.75025690937306,31.964135957129958,-0.3246692689506554,ego,33.21043927200378,31.93360464799259,32.0,0.996942
1290,0.35000000000000003,empty_shadow,IDEAM,follower_2,127,vehicle.mercedes.coupe_2020,follower,-4,left,0,[0],114.37708340093108,-201.76924850541792,32.12133229218886,0.18940841896881166,follower_1,33.41178598599173,32.00772238891397,32.0,1.023943
1290,0.35000000000000003,empty_shadow,IDEAM,follower_3,128,vehicle.mercedes.coupe_2020,follower,-4,left,0,[0],78.76590546975453,-201.7683048745316,31.315527908281446,0.15818133192149061,follower_2,30.897286359653677,31.2472377815734,32.0,0.992958
1290,0.35000000000000003,empty_shadow,IDEAM,follower_4,129,vehicle.audi.a2,follower,-4,left,0,[0],43.523908286232086,-201.75072529045718,28.55270534179579,-0.3944398340078963,follower_3,30.91453971769326,28.582579117057602,30.125674,0.878966
1291,0.4,empty_shadow,IDEAM,occluder,121,vehicle.carlamotors.firetruck,occluder,-5,centre,1,[1],202.6278810202719,-205.25524082154382,19.5693466911334,0.19489283494163362,lead_centre,116.72873694645747,19.550310164472908,19.060993,1.021082
1291,0.4,empty_shadow,IDEAM,lead_left,122,vehicle.mercedes.coupe_2020,leader,-4,left,0,[0],329.17799322199727,-201.75166582401584,23.907589412553964,-0.31270553945752955,,,23.91455927109517,23.287836,0.948219
1291,0.4,empty_shadow,IDEAM,lead_centre,123,vehicle.nissan.patrol_2021,leader,-5,centre,1,[1],326.472460536564,-205.2503612107999,21.53256913931733,-0.7315449460877893,,,21.541880656592706,20.011235,1.074628
1291,0.4,empty_shadow,IDEAM,lead_right,124,vehicle.nissan.patrol_2021,leader,-6,right,2,[2],331.51198466675544,-208.74967982698215,24.695928250703876,-0.17375918864192802,,,24.682313426964598,23.123141,0.908861
1291,0.4,empty_shadow,IDEAM,rear_centre,125,vehicle.tesla.model3,follower,-5,centre,1,[1],178.4574675647873,-205.24969237954068,17.71136788741387,0.1776887584917353,occluder,17.4475769352137,17.709878584505603,20.183858,0.943297
1291,0.4,empty_shadow,IDEAM,follower_1,126,vehicle.tesla.model3,follower,-4,left,0,[0],154.11182042582857,-201.75020021761466,31.93966084140354,-0.4895023066691769,ego,33.26988623541182,31.9201294275246,32.0,0.996942
1291,0.4,empty_shadow,IDEAM,follower_2,127,vehicle.mercedes.coupe_2020,follower,-4,left,0,[0],115.98323751615067,-201.76522157727865,32.12479453054084,0.06924968828333716,follower_1,33.404524119783986,32.0157825954826,32.0,1.023943
1291,0.4,empty_shadow,IDEAM,follower_3,128,vehicle.mercedes.coupe_2020,follower,-4,left,0,[0],80.33170001737682,-201.76407809161137,31.3173848289007,0.03713988574630924,follower_2,30.937539110528363,31.255269104824436,32.0,0.992958
1291,0.4,empty_shadow,IDEAM,follower_4,129,vehicle.audi.a2,follower,-4,left,0,[0],44.9495370319589,-201.75072723219876,28.50460962934669,-0.9619142481563294,follower_3,31.052493036946515,28.563234339028195,30.125674,0.878966
1292,0.45,empty_shadow,IDEAM,occluder,121,vehicle.carlamotors.firetruck,occluder,-5,centre,1,[1],203.6065798239265,-205.25528841760752,19.57761885810456,0.165443340207067,lead_centre,116.82764440619994,19.55984645772624,19.060993,1.021082
1292,0.45,empty_shadow,IDEAM,lead_left,122,vehicle.mercedes.coupe_2020,leader,-4,left,0,[0],330.37260402927893,-201.7520822686844,23.884292138118496,-0.4659415535812147,,,23.89914555286156,23.287836,0.948219
1292,0.45,empty_shadow,IDEAM,lead_centre,123,vehicle.nissan.patrol_2021,leader,-5,centre,1,[1],327.54768643941657,-205.2503911363619,21.488873666569887,-0.8739094435838534,,,21.50601543292434,20.011235,1.074628
1292,0.45,empty_shadow,IDEAM,lead_right,124,vehicle.nissan.patrol_2021,leader,-6,right,2,[2],332.74614613846717,-208.74974708594297,24.679811165066276,-0.322341708967367,,,24.673760331016556,23.123141,0.908861
1292,0.45,empty_shadow,IDEAM,rear_centre,125,vehicle.tesla.model3,follower,-5,centre,1,[1],179.34330135237883,-205.24968010287185,17.721017171203304,0.19298567611910084,occluder,17.540502986429438,17.718952791338964,20.183858,0.943297
1292,0.45,empty_shadow,IDEAM,follower_1,126,vehicle.tesla.model3,follower,-4,left,0,[0],155.70788983546583,-201.75014401516282,31.90858248672195,-0.6215670872420941,ego,33.33284238174974,31.897876143838214,32.0,0.996942
1292,0.45,empty_shadow,IDEAM,follower_2,127,vehicle.mercedes.coupe_2020,follower,-4,left,0,[0],117.58936110858852,-201.76117940076196,32.12209316254156,-0.05402764644237064,follower_1,33.39587374029008,32.01781669950694,32.0,1.023943
1292,0.45,empty_shadow,IDEAM,follower_3,128,vehicle.mercedes.coupe_2020,follower,-4,left,0,[0],81.89740304870777,-201.7599581514407,31.31308926944268,-0.08591081086554547,follower_2,30.977898678125655,31.257336491139093,32.0,0.992958
1292,0.45,empty_shadow,IDEAM,follower_4,129,vehicle.audi.a2,follower,-4,left,0,[0],46.372327643085185,-201.75073014214266,28.441974197129987,-1.2527086430806984,follower_3,31.192658838841993,28.515875277344087,30.125674,0.878966
1293,0.5,empty_shadow,IDEAM,occluder,121,vehicle.carlamotors.firetruck,occluder,-5,centre,1,[1],204.58564484370265,-205.25535114753004,19.584384218635716,0.13530721134217183,lead_centre,116.92417150539794,19.56793168969643,19.060993,1.021082
1293,0.5,empty_shadow,IDEAM,lead_left,122,vehicle.mercedes.coupe_2020,leader,-4,left,0,[0],331.5658720371743,-201.7524228774863,23.853771749857994,-0.6104030292851668,,,23.876177823700427,23.287836,0.948219
1293,0.5,empty_shadow,IDEAM,lead_centre,123,vehicle.nissan.patrol_2021,leader,-5,centre,1,[1],328.6205624888903,-205.2504218635538,21.438519639427803,-1.007080531040677,,,21.46316580665655,20.011235,1.074628
1293,0.5,empty_shadow,IDEAM,lead_right,124,vehicle.nissan.patrol_2021,leader,-6,right,2,[2],333.97936156531205,-208.74981466763793,24.657020264229985,-0.455818013384988,,,24.657893055163097,23.123141,0.908861
1293,0.5,empty_shadow,IDEAM,rear_centre,125,vehicle.tesla.model3,follower,-5,centre,1,[1],180.22962342119195,-205.24966765963057,17.7314484688166,0.20862595263713463,occluder,17.633368002492485,17.728716702826635,20.183858,0.943297
1293,0.5,empty_shadow,IDEAM,follower_1,126,vehicle.tesla.model3,follower,-4,left,0,[0],157.30225026082752,-201.75008839571453,31.87305810558532,-0.7104876184268839,ego,33.398270175886346,31.86860025665708,32.0,0.996942
1293,0.5,empty_shadow,IDEAM,follower_2,127,vehicle.mercedes.coupe_2020,follower,-4,left,0,[0],119.19516429250163,-201.75721362749934,32.1130986726908,-0.1798864596999028,follower_1,33.385819557489484,32.01375518433945,32.0,1.023943
1293,0.5,empty_shadow,IDEAM,follower_3,128,vehicle.mercedes.coupe_2020,follower,-4,left,0,[0],83.46272464156668,-201.75592989413383,31.30254237548222,-0.21092949847721032,follower_2,31.018319239232554,31.253337847510902,32.0,0.992958
1293,0.5,empty_shadow,IDEAM,follower_4,129,vehicle.audi.a2,follower,-4,left,0,[0],47.79192916748303,-201.75073414001284,28.375285647938306,-1.3337709819771917,follower_3,31.33557125904666,28.454111218648215,30.125674,0.878966
1294,0.55,empty_shadow,IDEAM,occluder,121,vehicle.carlamotors.firetruck,occluder,-5,centre,1,[1],205.5650150392423,-205.2554137733448,19.589610346872078,0.10452256547017838,lead_centre,117.01798253509548,19.574532309723644,19.060993,1.021082
1294,0.55,empty_shadow,IDEAM,lead_left,122,vehicle.mercedes.coupe_2020,leader,-4,left,0,[0],332.7574005223962,-201.75270304454986,23.816350630799274,-0.7484170967705246,,,23.84608769657491,23.287836,0.948219
1294,0.55,empty_shadow,IDEAM,lead_centre,123,vehicle.nissan.patrol_2021,leader,-5,centre,1,[1],329.6907834988108,-205.250422978907,21.38196291384141,-1.131134499426817,,,21.413780142324086,20.011235,1.074628
1294,0.55,empty_shadow,IDEAM,lead_right,124,vehicle.nissan.patrol_2021,leader,-6,right,2,[2],335.2112342187976,-208.7498827074071,24.62814873288111,-0.5774306245503525,,,24.63545457176847,23.123141,0.908861
1294,0.55,empty_shadow,IDEAM,rear_centre,125,vehicle.tesla.model3,follower,-5,centre,1,[1],181.1165253239557,-205.24965501858452,17.74262935506437,0.22361772533846083,occluder,17.726110953455525,17.73918738872538,20.183858,0.943297
1294,0.55,empty_shadow,IDEAM,follower_1,126,vehicle.tesla.model3,follower,-4,left,0,[0],158.89474911403192,-201.75003341132367,31.83527161243111,-0.7557298607248732,ego,33.46549822073117,31.834531456921408,32.0,0.996942
1294,0.55,empty_shadow,IDEAM,follower_2,127,vehicle.mercedes.coupe_2020,follower,-4,left,0,[0],120.8003571561201,-201.7533396151813,32.09778090630854,-0.3063410980521913,follower_1,33.37437679893807,32.00358093848815,32.0,1.023943
1294,0.55,empty_shadow,IDEAM,follower_3,128,vehicle.mercedes.coupe_2020,follower,-4,left,0,[0],85.0272833314546,-201.75200870861357,31.285742739714767,-0.3359692431698422,follower_2,31.058800830286756,31.243174227462525,32.0,0.992958
1294,0.55,empty_shadow,IDEAM,follower_4,129,vehicle.audi.a2,follower,-4,left,0,[0],49.20840264030505,-201.7507392049877,28.31172705717053,-1.271171812860322,follower_3,31.48129132750772,28.388275881337897,30.125674,0.878966
1295,0.6000000000000001,empty_shadow,IDEAM,occluder,121,vehicle.carlamotors.firetruck,occluder,-5,centre,1,[1],206.54462936498197,-205.255445798297,19.593264817844865,0.07308942017796545,lead_centre,117.10883334947636,19.579616632207284,19.060993,1.021082
1295,0.6000000000000001,empty_shadow,IDEAM,lead_left,122,vehicle.mercedes.coupe_2020,leader,-4,left,0,[0],333.94691480593593,-201.75286182841933,23.77232826118676,-0.8804418190203156,,,23.80919187258238,23.287836,0.948219
1295,0.6000000000000001,empty_shadow,IDEAM,lead_centre,123,vehicle.nissan.patrol_2021,leader,-5,centre,1,[1],330.7580137602222,-205.25034882057557,21.31970703139642,-1.245117637088895,,,21.358302958452814,20.011235,1.074628
1295,0.6000000000000001,empty_shadow,IDEAM,lead_right,124,vehicle.nissan.patrol_2021,leader,-6,right,2,[2],336.44155047588936,-208.7499512781259,24.593682944664923,-0.6893157630073533,,,24.60702808218118,23.123141,0.908861
1295,0.6000000000000001,empty_shadow,IDEAM,rear_centre,125,vehicle.tesla.model3,follower,-5,centre,1,[1],182.00400706067012,-205.2496421797337,17.754460646350044,0.23662582605035873,occluder,17.818579246231415,17.750333849639084,20.183858,0.943297
1295,0.6000000000000001,empty_shadow,IDEAM,follower_1,126,vehicle.tesla.model3,follower,-4,left,0,[0],160.48538639507902,-201.74997906199025,31.797086487431393,-0.7637024992289102,ego,33.53391618037338,31.79789424207182,32.0,0.996942
1295,0.6000000000000001,empty_shadow,IDEAM,follower_2,127,vehicle.mercedes.coupe_2020,follower,-4,left,0,[0],122.40457352496546,-201.74966430025444,32.07623954167566,-0.4307967931454911,follower_1,33.36168278852401,31.987374151739115,32.0,1.023943
1295,0.6000000000000001,empty_shadow,IDEAM,follower_3,128,vehicle.mercedes.coupe_2020,follower,-4,left,0,[0],86.59088079576834,-201.74831673285547,31.262795885859344,-0.45889367099204986,follower_2,31.09943500401731,31.226843097464748,32.0,0.992958
1295,0.6000000000000001,empty_shadow,IDEAM,follower_4,129,vehicle.audi.a2,follower,-4,left,0,[0],50.62202271973845,-201.75074524337032,28.25541066886278,-1.1263277630739936,follower_3,31.629376544573617,28.32546534999588,30.125674,0.878966
1296,0.6500000000000001,empty_shadow,IDEAM,occluder,121,vehicle.carlamotors.firetruck,occluder,-5,centre,1,[1],207.5243046998474,-205.25540150848676,19.595324744745557,0.04119853864822003,lead_centre,117.19644928514805,19.583153015278615,19.060993,1.021082
1296,0.6500000000000001,empty_shadow,IDEAM,lead_left,122,vehicle.mercedes.coupe_2020,leader,-4,left,0,[0],335.1339571501752,-201.75297567919728,23.722049891290766,-1.0055618275493559,,,23.76578430064403,23.287836,0.948219
1296,0.6500000000000001,empty_shadow,IDEAM,lead_centre,123,vehicle.nissan.patrol_2021,leader,-5,centre,1,[1],331.82194812338787,-205.2502757866081,21.25228033149396,-1.3485339889793473,,,21.29722553815404,20.011235,1.074628
1296,0.6500000000000001,empty_shadow,IDEAM,lead_right,124,vehicle.nissan.patrol_2021,leader,-6,right,2,[2],337.6699746432474,-208.75002049431293,24.55404823855399,-0.7926941218815022,,,24.57309152315259,23.123141,0.908861
1296,0.6500000000000001,empty_shadow,IDEAM,rear_centre,125,vehicle.tesla.model3,follower,-5,centre,1,[1],182.89212967169323,-205.24964438104473,17.766784034360857,0.24646776059926664,occluder,17.91071183525669,17.762060996826296,20.183858,0.943297
1296,0.6500000000000001,empty_shadow,IDEAM,follower_1,126,vehicle.tesla.model3,follower,-4,left,0,[0],162.0741010688161,-201.74992536853583,31.75980735739056,-0.7455826009336896,ego,33.60288322735278,31.760571696844504,32.0,0.996942
1296,0.6500000000000001,empty_shadow,IDEAM,follower_2,127,vehicle.mercedes.coupe_2020,follower,-4,left,0,[0],124.00752349247314,-201.74621829919744,32.048684966598685,-0.5510412968167833,follower_1,33.34810370072575,31.96532364903173,32.0,1.023943
1296,0.6500000000000001,empty_shadow,IDEAM,follower_3,128,vehicle.mercedes.coupe_2020,follower,-4,left,0,[0],88.15315082879712,-201.74486935057698,31.233925658619803,-0.5773385728814631,follower_2,31.14005390854892,31.20444698461069,32.0,0.992958
1296,0.6500000000000001,empty_shadow,IDEAM,follower_4,129,vehicle.audi.a2,follower,-4,left,0,[0],52.03368967428548,-201.75075194804268,28.2228312349305,-0.6515886750904188,follower_3,31.77935392945396,28.26975517856943,30.125674,0.878966
1297,0.7000000000000001,empty_shadow,IDEAM,occluder,121,vehicle.carlamotors.firetruck,occluder,-5,centre,1,[1],208.50416314017093,-205.25535715621183,19.595771056661043,0.008926238851749091,lead_centre,117.28070831344832,19.585119212900626,19.060993,1.021082
1297,0.7000000000000001,empty_shadow,IDEAM,lead_left,122,vehicle.mercedes.coupe_2020,leader,-4,left,0,[0],336.3183139320796,-201.75304466975913,23.66589890374501,-1.1230144142218152,,,23.716203931315384,23.287836,0.948219
1297,0.7000000000000001,empty_shadow,IDEAM,lead_centre,123,vehicle.nissan.patrol_2021,leader,-5,centre,1,[1],332.8824034880551,-205.2502191982575,21.18023975879845,-1.4408114470071567,,,21.23106358773184,20.011235,1.074628
1297,0.7000000000000001,empty_shadow,IDEAM,lead_right,124,vehicle.nissan.patrol_2021,leader,-6,right,2,[2],338.896262580261,-208.75009043925442,24.509652786229406,-0.8879090471314289,,,24.53406267162057,23.123141,0.908861
1297,0.7000000000000001,empty_shadow,IDEAM,rear_centre,125,vehicle.tesla.model3,follower,-5,centre,1,[1],183.78086262903793,-205.249631115352,17.779414504661595,0.2526094063592854,occluder,18.002264559099,17.774216396351612,20.183858,0.943297
1297,0.7000000000000001,empty_shadow,IDEAM,follower_1,126,vehicle.tesla.model3,follower,-4,left,0,[0],163.6610152055486,-201.74987228931727,31.724126589995485,-0.7136153479831028,ego,33.67197216244897,31.723881589973143,32.0,0.996942
1297,0.7000000000000001,empty_shadow,IDEAM,follower_2,127,vehicle.mercedes.coupe_2020,follower,-4,left,0,[0],125.60894765403881,-201.74298644171378,32.01541914758348,-0.6652449628113649,follower_1,33.33386840695516,31.937693436008175,32.0,1.023943
1297,0.7000000000000001,empty_shadow,IDEAM,follower_3,128,vehicle.mercedes.coupe_2020,follower,-4,left,0,[0],89.71375775802264,-201.74172771144936,31.19944554822296,-0.6895131513274709,follower_2,31.180733843027824,31.17620573767149,32.0,0.992958
1297,0.7000000000000001,empty_shadow,IDEAM,follower_4,129,vehicle.audi.a2,follower,-4,left,0,[0],53.4439070439559,-201.750759147227,28.192115280439104,-0.6143190860046663,follower_3,31.929957007935712,28.23745581101054,30.125674,0.878966
1298,0.7500000000000001,empty_shadow,IDEAM,occluder,121,vehicle.carlamotors.firetruck,occluder,-5,centre,1,[1],209.48380796266537,-205.25532813560056,19.59458468026408,-0.023727527414903502,lead_centre,117.36130523779202,19.58549676812484,19.060993,1.021082
1298,0.7500000000000001,empty_shadow,IDEAM,lead_left,122,vehicle.mercedes.coupe_2020,leader,-4,left,0,[0],337.4997104830512,-201.75303837622556,23.60432352382638,-1.231502687442102,,,23.66082724370469,23.287836,0.948219
1298,0.7500000000000001,empty_shadow,IDEAM,lead_centre,123,vehicle.nissan.patrol_2021,leader,-5,centre,1,[1],333.939105185626,-205.25014863164435,21.104147980549595,-1.5218355600756561,,,21.160361072075794,20.011235,1.074628
1298,0.7500000000000001,empty_shadow,IDEAM,lead_right,124,vehicle.nissan.patrol_2021,leader,-6,right,2,[2],340.12026169904846,-208.75016116500422,24.460878057211556,-0.9754945814748094,,,24.490342371677258,23.123141,0.908861
1298,0.7500000000000001,empty_shadow,IDEAM,rear_centre,125,vehicle.tesla.model3,follower,-5,centre,1,[1],184.67020593790963,-205.24961764144373,17.79214987992437,0.2547075056474623,occluder,18.093390042077804,17.78662297591055,20.183858,0.943297
1298,0.7500000000000001,empty_shadow,IDEAM,follower_1,126,vehicle.tesla.model3,follower,-4,left,0,[0],165.2461898404292,-201.74981980351308,31.69019105107168,-0.6787107775546091,ego,33.74072524283825,31.68853030801127,32.0,0.996942
1298,0.7500000000000001,empty_shadow,IDEAM,follower_2,127,vehicle.mercedes.coupe_2020,follower,-4,left,0,[0],127.20851035796574,-201.7400909126274,31.9768527579391,-0.7712354837146294,follower_1,33.319358382121976,31.904802755546278,32.0,1.023943
1298,0.7500000000000001,empty_shadow,IDEAM,follower_3,128,vehicle.mercedes.coupe_2020,follower,-4,left,0,[0],91.27250321919863,-201.73889188314268,31.159751026912435,-0.7937797676178902,follower_2,31.221551075367984,31.14242759706921,32.0,0.992958
1298,0.7500000000000001,empty_shadow,IDEAM,follower_4,129,vehicle.audi.a2,follower,-4,left,0,[0],54.85496364697596,-201.75076606011493,28.249753441082813,1.1527632166506265,follower_3,32.08034656749081,28.206970983335506,30.125674,0.878966
1299,0.8,empty_shadow,IDEAM,occluder,121,vehicle.carlamotors.firetruck,occluder,-5,centre,1,[1],210.46345277995445,-205.2552838562011,19.59175417038432,-0.05661019703680366,lead_centre,117.43836211286843,19.584267265977793,19.060993,1.021082
1299,0.8,empty_shadow,IDEAM,lead_left,122,vehicle.mercedes.coupe_2020,leader,-4,left,0,[0],338.67787213449196,-201.7529263747172,23.537819655392976,-1.330073034100957,,,23.600094651619393,23.287836,0.948219
1299,0.8,empty_shadow,IDEAM,lead_centre,123,vehicle.nissan.patrol_2021,leader,-5,centre,1,[1],334.99187011584775,-205.25007940802152,21.023789467269808,-1.6071702632568166,,,21.085667847125322,20.011235,1.074628
1299,0.8,empty_shadow,IDEAM,lead_right,124,vehicle.nissan.patrol_2021,leader,-6,right,2,[2],341.3416668134354,-208.7502022580938,24.408120779869627,-1.0551455476873883,,,24.442305176205682,23.123141,0.908861
1299,0.8,empty_shadow,IDEAM,rear_centre,125,vehicle.tesla.model3,follower,-5,centre,1,[1],185.56019011588467,-205.24960394890914,17.804808961648355,0.25318163488406714,occluder,18.18369155570057,17.799085351595995,20.183858,0.943297
1299,0.8,empty_shadow,IDEAM,follower_1,126,vehicle.tesla.model3,follower,-4,left,0,[0],166.82971652618693,-201.74976787989084,31.657783303116805,-0.6481549561995944,ego,33.808745833725105,31.654683779256235,32.0,0.996942
1299,0.8,empty_shadow,IDEAM,follower_2,127,vehicle.mercedes.coupe_2020,follower,-4,left,0,[0],128.806059000756,-201.73748598762768,31.933428853748865,-0.8683666996757339,follower_1,33.30497031307564,31.867043848181517,32.0,1.023943
1299,0.8,empty_shadow,IDEAM,follower_3,128,vehicle.mercedes.coupe_2020,follower,-4,left,0,[0],92.82912781813151,-201.7363772129367,31.11529661568351,-0.8889588268364718,follower_2,31.262368318118916,31.103501701568014,32.0,0.992958
1299,0.8,empty_shadow,IDEAM,follower_4,129,vehicle.audi.a2,follower,-4,left,0,[0],56.26985020582782,-201.75077166645025,28.311814744373365,1.2412260690192003,follower_3,32.22803542564674,28.263714398358513,30.125674,0.878966
1300,0.8500000000000001,empty_shadow,IDEAM,occluder,121,vehicle.carlamotors.firetruck,occluder,-5,centre,1,[1],211.44291449178544,-205.2552396392663,19.587275712946358,-0.0895691483461024,lead_centre,117.51148222580116,19.581419083781295,19.060993,1.021082
1300,0.8500000000000001,empty_shadow,IDEAM,lead_left,122,vehicle.mercedes.coupe_2020,leader,-4,left,0,[0],339.8526463297527,-201.75280027001696,23.466932789259214,-1.4177336689808924,,,23.534493649028754,23.287836,0.948219
1300,0.8500000000000001,empty_shadow,IDEAM,lead_centre,123,vehicle.nissan.patrol_2021,leader,-5,centre,1,[1],336.04048465568616,-205.2500116002645,20.938580569730732,-1.704177950440869,,,21.006769975919315,20.011235,1.074628
1300,0.8500000000000001,empty_shadow,IDEAM,lead_right,124,vehicle.nissan.patrol_2021,leader,-6,right,2,[2],342.56038635507673,-208.75016797339092,24.351775775883656,-1.1269000793568666,,,24.390340701806835,23.123141,0.908861
1300,0.8500000000000001,empty_shadow,IDEAM,rear_centre,125,vehicle.tesla.model3,follower,-5,centre,1,[1],186.45078464538668,-205.249590048159,17.81722199574628,0.24826068186350597,occluder,18.273352195014617,17.811430025906606,20.183858,0.943297
1300,0.8500000000000001,empty_shadow,IDEAM,follower_1,126,vehicle.tesla.model3,follower,-4,left,0,[0],168.4116562979745,-201.74971649762907,31.62652187575661,-0.6252285416365501,ego,33.87557627557205,31.622147077528563,32.0,0.996942
1300,0.8500000000000001,empty_shadow,IDEAM,follower_2,127,vehicle.mercedes.coupe_2020,follower,-4,left,0,[0],130.4012426563085,-201.73524808037942,31.8856285578921,-0.9558786994831591,follower_1,33.29094835604312,31.824818570342185,32.0,1.023943
1300,0.8500000000000001,empty_shadow,IDEAM,follower_3,128,vehicle.mercedes.coupe_2020,follower,-4,left,0,[0],94.38340269382023,-201.734244814065,31.066578692949456,-0.9742144537848084,follower_2,31.30329236197629,31.059875457713947,32.0,0.992958
1300,0.8500000000000001,empty_shadow,IDEAM,follower_4,129,vehicle.audi.a2,follower,-4,left,0,[0],57.686781442295114,-201.75077657526344,28.342591714574795,0.6155394066941929,follower_3,32.36977346572776,28.324726793950717,30.125674,0.878966
1301,0.9000000000000001,empty_shadow,IDEAM,occluder,121,vehicle.carlamotors.firetruck,occluder,-5,centre,1,[1],212.42210154542929,-205.2551955160285,19.58115121524447,-0.12248995387447142,lead_centre,117.58063505380855,19.57694768890359,19.060993,1.021082
1301,0.9000000000000001,empty_shadow,IDEAM,lead_left,122,vehicle.mercedes.coupe_2020,leader,-4,left,0,[0],341.0236973546718,-201.75259914149075,23.392238928695384,-1.4938742520269592,,,23.464560763524986,23.287836,0.948219
1301,0.9000000000000001,empty_shadow,IDEAM,lead_centre,123,vehicle.nissan.patrol_2021,leader,-5,centre,1,[1],337.08473518210656,-205.24994528124864,20.850211199833627,-1.7673873994383849,,,20.923091695289386,20.011235,1.074628
1301,0.9000000000000001,empty_shadow,IDEAM,lead_right,124,vehicle.nissan.patrol_2021,leader,-6,right,2,[2],343.77614569701745,-208.75014995732164,24.292245499120124,-1.1906055331779732,,,24.33483675663761,23.123141,0.908861
1301,0.9000000000000001,empty_shadow,IDEAM,rear_centre,125,vehicle.tesla.model3,follower,-5,centre,1,[1],187.34202007522435,-205.24966748151158,17.829265005474788,0.2408601950511831,occluder,18.36221937734358,17.823493592368745,20.183858,0.943297
1301,0.9000000000000001,empty_shadow,IDEAM,follower_1,126,vehicle.tesla.model3,follower,-4,left,0,[0],169.9920701857392,-201.749650377118,31.596019576968803,-0.610045966970088,ego,33.9409419414243,31.590561693489757,32.0,0.996942
1301,0.9000000000000001,empty_shadow,IDEAM,follower_2,127,vehicle.mercedes.coupe_2020,follower,-4,left,0,[0],131.99392398511898,-201.73334672015477,31.833967227422796,-1.0330876042026103,follower_1,33.27770447227815,31.77855621950903,32.0,1.023943
1301,0.9000000000000001,empty_shadow,IDEAM,follower_3,128,vehicle.mercedes.coupe_2020,follower,-4,left,0,[0],95.9351294872239,-201.73251001298576,31.014110680132116,-1.0492065935144959,follower_2,31.344201141840102,31.01203651028633,32.0,0.992958
1301,0.9000000000000001,empty_shadow,IDEAM,follower_4,129,vehicle.audi.a2,follower,-4,left,0,[0],59.10413992483126,-201.7507813383258,28.343284074303575,0.013847196657838571,follower_3,32.50711710494919,28.354797596271574,30.125674,0.878966
1302,0.9500000000000001,empty_shadow,IDEAM,occluder,121,vehicle.carlamotors.firetruck,occluder,-5,centre,1,[1],213.40089187058055,-205.2551515281308,19.57338067732227,-0.15541075861585696,lead_centre,117.64569852658508,19.5708562981513,19.060993,1.021082
1302,0.9500000000000001,empty_shadow,IDEAM,lead_left,122,vehicle.mercedes.coupe_2020,leader,-4,left,0,[0],342.19099471249456,-201.75238403470203,23.314314078691478,-1.5584947377192748,,,23.39086280659293,23.287836,0.948219
1302,0.9500000000000001,empty_shadow,IDEAM,lead_centre,123,vehicle.nissan.patrol_2021,leader,-5,centre,1,[1],338.124499630009,-205.2498957514053,20.76019006983936,-1.8004226020842151,,,20.836290097330153,20.011235,1.074628
1302,0.9500000000000001,empty_shadow,IDEAM,lead_right,124,vehicle.nissan.patrol_2021,leader,-6,right,2,[2],344.98888379889974,-208.75013297191938,24.229924769986727,-1.246414578482116,,,24.276188765103253,23.123141,0.908861
1302,0.9500000000000001,empty_shadow,IDEAM,rear_centre,125,vehicle.tesla.model3,follower,-5,centre,1,[1],188.2338353390127,-205.24974471705937,17.84082544615438,0.2312088135883289,occluder,18.450171001149734,17.83515676079454,20.183858,0.943297
1302,0.9500000000000001,empty_shadow,IDEAM,follower_1,126,vehicle.tesla.model3,follower,-4,left,0,[0],171.57095819989186,-201.749600035934,31.566053247055294,-0.5993265857560631,ego,34.00438515612821,31.55956036134436,32.0,0.996942
1302,0.9500000000000001,empty_shadow,IDEAM,follower_2,127,vehicle.mercedes.coupe_2020,follower,-4,left,0,[0],133.58395040971635,-201.73181247658397,31.778958197518012,-1.1000344604970973,follower_1,33.26543703123241,31.72871587152739,32.0,1.023943
1302,0.9500000000000001,empty_shadow,IDEAM,follower_3,128,vehicle.mercedes.coupe_2020,follower,-4,left,0,[0],97.48415560004997,-201.73114234417653,30.95841731030561,-1.113709384731174,follower_2,31.385155677246885,30.960490784620674,32.0,0.992958
1302,0.9500000000000001,empty_shadow,IDEAM,follower_4,129,vehicle.audi.a2,follower,-4,left,0,[0],60.520582880076944,-201.75078641371144,28.31843894298923,-0.4969026247005345,follower_3,32.64148541581672,28.355160848770247,30.125674,0.878966
1303,1.0,empty_shadow,IDEAM,occluder,121,vehicle.carlamotors.firetruck,occluder,-5,centre,1,[1],214.379224437292,-205.25512295518297,19.56397363605035,-0.18814082598062645,lead_centre,117.70667264933626,19.563146254066748,19.060993,1.021082
1303,1.0,empty_shadow,IDEAM,lead_left,122,vehicle.mercedes.coupe_2020,leader,-4,left,0,[0],343.35423320663597,-201.75209401860585,23.23375713137253,-1.6111373162985525,,,23.313966820935864,23.287836,0.948219
1303,1.0,empty_shadow,IDEAM,lead_centre,123,vehicle.nissan.patrol_2021,leader,-5,centre,1,[1],339.15971695383007,-205.24983251397964,20.66953761148852,-1.8130491688938257,,,20.747845677788668,20.011235,1.074628
1303,1.0,empty_shadow,IDEAM,lead_right,124,vehicle.nissan.patrol_2021,leader,-6,right,2,[2],346.1984175500599,-208.75010182086058,24.165217946112193,-1.2941364709844974,,,24.214784754356042,23.123141,0.908861
1303,1.0,empty_shadow,IDEAM,rear_centre,125,vehicle.tesla.model3,follower,-5,centre,1,[1],189.12623044195703,-205.24983701359054,17.851834656745265,0.2201842115536398,occluder,18.537146062512704,17.846311296445503,20.183858,0.943297
1303,1.0,empty_shadow,IDEAM,follower_1,126,vehicle.tesla.model3,follower,-4,left,0,[0],173.1484118879561,-201.74955018405655,31.536607626498903,-0.5889123949384875,ego,34.06575335262359,31.528931613418848,32.0,0.996942
1303,1.0,empty_shadow,IDEAM,follower_2,127,vehicle.mercedes.coupe_2020,follower,-4,left,0,[0],135.17113882984802,-201.73066067091983,31.721124222078462,-1.15653111714394,follower_1,33.25429862078767,31.675762292265425,32.0,1.023943
1303,1.0,empty_shadow,IDEAM,follower_3,128,vehicle.mercedes.coupe_2020,follower,-4,left,0,[0],99.03032846003293,-201.73018763605572,30.90001936551519,-1.167801806262049,follower_2,31.4261559890182,30.905754727225816,32.0,0.992958
1303,1.0,empty_shadow,IDEAM,follower_4,129,vehicle.audi.a2,follower,-4,left,0,[0],61.935072684409306,-201.750715861446,28.274423050201865,-0.8803178544470884,follower_3,32.7740685733971,28.330328201605248,30.125674,0.878966
1304,1.05,empty_shadow,IDEAM,occluder,121,vehicle.carlamotors.firetruck,occluder,-5,centre,1,[1],215.35712975272918,-205.25507926919784,19.552939626941296,-0.2206801827796264,lead_centre,117.76355740644587,19.55382790234849,19.060993,1.021082
1304,1.05,empty_shadow,IDEAM,lead_left,122,vehicle.mercedes.coupe_2020,leader,-4,left,0,[0],344.5134128579175,-201.75179012835494,23.151166981838955,-1.6518019140269635,,,23.234462700229177,23.287836,0.948219
1304,1.05,empty_shadow,IDEAM,lead_centre,123,vehicle.nissan.patrol_2021,leader,-5,centre,1,[1],340.1904481939277,-205.24977080693833,20.579028208389598,-1.8101880623497304,,,20.65876039497344,20.011235,1.074628
1304,1.05,empty_shadow,IDEAM,lead_right,124,vehicle.nissan.patrol_2021,leader,-6,right,2,[2],347.4046859257561,-208.75008704254319,24.098508405677453,-1.3341908003653173,,,24.15102229189039,23.123141,0.908861
1304,1.05,empty_shadow,IDEAM,rear_centre,125,vehicle.tesla.model3,follower,-5,centre,1,[1],190.01908327731428,-205.24983760123104,17.86223350749455,0.20797701318495293,occluder,18.623083526279807,17.856891306516783,20.183858,0.943297
1304,1.05,empty_shadow,IDEAM,follower_1,126,vehicle.tesla.model3,follower,-4,left,0,[0],174.7243702147792,-201.74950084230719,31.507875357259984,-0.5746453649530886,ego,34.12468041369125,31.49866262756874,32.0,0.996942
1304,1.05,empty_shadow,IDEAM,follower_2,127,vehicle.mercedes.coupe_2020,follower,-4,left,0,[0],136.75536717520848,-201.72989134480554,31.660976494208892,-1.2028086966989369,follower_1,33.244563888720265,31.620179984171976,32.0,1.023943
1304,1.05,empty_shadow,IDEAM,follower_3,128,vehicle.mercedes.coupe_2020,follower,-4,left,0,[0],100.5734954584694,-201.72958490552455,30.839427965814203,-1.2116768147626045,follower_2,31.467171549166878,30.84834137500407,32.0,0.992958
1304,1.05,empty_shadow,IDEAM,follower_4,129,vehicle.audi.a2,follower,-4,left,0,[0],63.34690745959932,-201.75064621491822,28.21758786931759,-1.1367036170029665,follower_3,32.9057516290477,28.286586075405932,30.125674,0.878966
1305,1.1,empty_shadow,IDEAM,occluder,121,vehicle.carlamotors.firetruck,occluder,-5,centre,1,[1],216.334394199063,-205.25503580183903,19.540311076670022,-0.25257100621714035,lead_centre,117.81638333110635,19.542911421074617,19.060993,1.021082
1305,1.1,empty_shadow,IDEAM,lead_left,122,vehicle.mercedes.coupe_2020,leader,-4,left,0,[0],345.66841160644464,-201.75150292316874,23.06711582399412,-1.6810225252666995,,,23.152940640238988,23.287836,0.948219
1305,1.1,empty_shadow,IDEAM,lead_centre,123,vehicle.nissan.patrol_2021,leader,-5,centre,1,[1],341.2166933503021,-205.24971063028133,20.48931608112351,-1.794242543010935,,,20.56979525781564,20.011235,1.074628
1305,1.1,empty_shadow,IDEAM,lead_right,124,vehicle.nissan.patrol_2021,leader,-6,right,2,[2],348.6075668452721,-208.75005816103393,24.030187155654104,-1.366424990871312,,,24.085278431763754,23.123141,0.908861
1305,1.1,empty_shadow,IDEAM,rear_centre,125,vehicle.tesla.model3,follower,-5,centre,1,[1],190.91248542904583,-205.2498380014775,17.871978137787828,0.19489260507049147,occluder,18.70813600635973,17.866840662397173,20.183858,0.943297
1305,1.1,empty_shadow,IDEAM,follower_1,126,vehicle.tesla.model3,follower,-4,left,0,[0],176.2989247591172,-201.74952827339447,31.480205483752567,-0.5533974469852463,ego,34.18095274752909,31.468845919588016,32.0,0.996942
1305,1.1,empty_shadow,IDEAM,follower_2,127,vehicle.mercedes.coupe_2020,follower,-4,left,0,[0],138.336543882658,-201.729474011897,31.599022283525823,-1.23894527259641,follower_1,33.236293870182905,31.562451356606328,32.0,1.023943
1305,1.1,empty_shadow,IDEAM,follower_3,128,vehicle.mercedes.coupe_2020,follower,-4,left,0,[0],102.11356504263037,-201.72933418381533,30.777156026378048,-1.245297815355703,follower_2,31.508232896090895,30.788754546494175,32.0,0.992958
1305,1.1,empty_shadow,IDEAM,follower_4,129,vehicle.audi.a2,follower,-4,left,0,[0],64.7556599491673,-201.75054710230265,28.153361714518724,-1.2845230957648737,follower_3,33.037083852294145,28.23019629554377,30.125674,0.878966
1306,1.1500000000000001,empty_shadow,IDEAM,occluder,121,vehicle.carlamotors.firetruck,occluder,-5,centre,1,[1],217.3109567411408,-205.25499257392812,19.52611659556289,-0.283889622843103,lead_centre,117.86536404114688,19.530429375425893,19.060993,1.021082
1306,1.1500000000000001,empty_shadow,IDEAM,lead_left,122,vehicle.mercedes.coupe_2020,leader,-4,left,0,[0],346.8192294470119,-201.7512171442591,22.982181576632662,-1.6986846415683654,,,23.069964793265502,23.287836,0.948219
1306,1.1500000000000001,empty_shadow,IDEAM,lead_centre,123,vehicle.nissan.patrol_2021,leader,-5,centre,1,[1],342.2384829405294,-205.24965197359785,20.400975341573567,-1.7668147849581164,,,20.481593817758423,20.011235,1.074628
1306,1.1500000000000001,empty_shadow,IDEAM,lead_right,124,vehicle.nissan.patrol_2021,leader,-6,right,2,[2],349.80693824871344,-208.75004573555228,23.96036482282151,-1.3964466465465364,,,24.017937915215875,23.123141,0.908861
1306,1.1500000000000001,empty_shadow,IDEAM,rear_centre,125,vehicle.tesla.model3,follower,-5,centre,1,[1],191.80631482164085,-205.2498229971849,17.881036123314257,0.1811597104975761,occluder,18.791998300962028,17.87611709489262,20.183858,0.943297
1306,1.1500000000000001,empty_shadow,IDEAM,follower_1,126,vehicle.tesla.model3,follower,-4,left,0,[0],177.87213653530122,-201.74957142134417,31.45402143500113,-0.5236809504510882,ego,34.23396001822628,31.439798405207988,32.0,0.996942
1306,1.1500000000000001,empty_shadow,IDEAM,follower_2,127,vehicle.mercedes.coupe_2020,follower,-4,left,0,[0],139.91457739946748,-201.7294087034266,31.535736340840355,-1.265590560054319,follower_1,33.22967170707139,31.503063402330334,32.0,1.023943
1306,1.1500000000000001,empty_shadow,IDEAM,follower_3,128,vehicle.mercedes.coupe_2020,follower,-4,left,0,[0],103.65049143615133,-201.72943548654422,30.71369157638021,-1.2691617012716112,follower_2,31.54934001937943,30.727499647474065,32.0,0.992958
1306,1.1500000000000001,empty_shadow,IDEAM,follower_4,129,vehicle.audi.a2,follower,-4,left,0,[0],66.16111654569494,-201.75046437283925,28.08603421402429,-1.346550010193778,follower_3,33.16840094688715,28.16650875209133,30.125674,0.878966
1307,1.2000000000000002,empty_shadow,IDEAM,occluder,121,vehicle.carlamotors.firetruck,occluder,-5,centre,1,[1],218.28678686138625,-205.25494959587587,19.510384793942208,-0.3146360326326498,lead_centre,117.91059108929645,19.516410538219844,19.060993,1.021082
1307,1.2000000000000002,empty_shadow,IDEAM,lead_left,122,vehicle.mercedes.coupe_2020,leader,-4,left,0,[0],347.96580534446656,-201.75093281244756,22.89692499548689,-1.7051315311057242,,,22.986105279506912,23.287836,0.948219
1307,1.2000000000000002,empty_shadow,IDEAM,lead_centre,123,vehicle.nissan.patrol_2021,leader,-5,centre,1,[1],343.2559390401206,-205.249610054033,20.31452860312547,-1.7289347583738397,,,20.39472140734649,20.011235,1.074628
1307,1.2000000000000002,empty_shadow,IDEAM,lead_right,124,vehicle.nissan.patrol_2021,leader,-6,right,2,[2],351.0028001308745,-208.7500345073101,23.889230234679044,-1.4226917526993539,,,23.949109257825704,23.123141,0.908861
1307,1.2000000000000002,empty_shadow,IDEAM,rear_centre,125,vehicle.tesla.model3,follower,-5,centre,1,[1],192.70063249545748,-205.24980782631988,17.889376946865884,0.16681647173817055,occluder,18.87473145044479,17.88469029490144,20.183858,0.943297
1307,1.2000000000000002,empty_shadow,IDEAM,follower_1,126,vehicle.tesla.model3,follower,-4,left,0,[0],179.44409709606032,-201.74963025492394,31.42974282638498,-0.485572147923918,ego,34.283366423129806,31.41196967601769,32.0,0.996942
1307,1.2000000000000002,empty_shadow,IDEAM,follower_2,127,vehicle.mercedes.coupe_2020,follower,-4,left,0,[0],141.48940667486806,-201.72964966385135,31.47161050746911,-1.2824019766666481,follower_1,33.22484996644593,31.442475938666487,32.0,1.023943
1307,1.2000000000000002,empty_shadow,IDEAM,follower_3,128,vehicle.mercedes.coupe_2020,follower,-4,left,0,[0],105.18422885225695,-201.72985831175106,30.649516854363856,-1.2833833290531467,follower_2,31.590447142667948,30.665057240948936,32.0,0.992958
1307,1.2000000000000002,empty_shadow,IDEAM,follower_4,129,vehicle.audi.a2,follower,-4,left,0,[0],67.56321619841333,-201.75035227098502,28.01876775171652,-1.3453292466748612,follower_3,33.29987074388046,28.0997522077972,30.125674,0.878966
1308,1.2500000000000002,empty_shadow,IDEAM,occluder,121,vehicle.carlamotors.firetruck,occluder,-5,centre,1,[1],219.26176249990468,-205.25493742690173,19.493138559376945,-0.34492469056622777,lead_centre,117.9522170686422,19.500883654198045,19.060993,1.021082
1308,1.2500000000000002,empty_shadow,IDEAM,lead_left,122,vehicle.mercedes.coupe_2020,leader,-4,left,0,[0],349.10807825845063,-201.75063468976748,22.811876321274557,-1.7009735019797505,,,22.901915593538096,23.287836,0.948219
1308,1.2500000000000002,empty_shadow,IDEAM,lead_centre,123,vehicle.nissan.patrol_2021,leader,-5,centre,1,[1],344.26918370897016,-205.2495543123673,20.230464146113587,-1.681289124891961,,,20.309693170256427,20.011235,1.074628
1308,1.2500000000000002,empty_shadow,IDEAM,lead_right,124,vehicle.nissan.patrol_2021,leader,-6,right,2,[2],352.1950914513974,-208.75000923834068,23.81772943670713,-1.4300159499689895,,,23.87897812636394,23.123141,0.908861
1308,1.2500000000000002,empty_shadow,IDEAM,rear_centre,125,vehicle.tesla.model3,follower,-5,centre,1,[1],193.59534689776663,-205.24979252011474,17.896973907041676,0.15193920456553112,occluder,18.956243896873588,17.89253131116743,20.183858,0.943297
1308,1.2500000000000002,empty_shadow,IDEAM,follower_1,126,vehicle.tesla.model3,follower,-4,left,0,[0],181.0149285012891,-201.74967421491428,31.40769581387586,-0.44094022728765997,ego,34.328836268899835,31.385799813141,32.0,0.996942
1308,1.2500000000000002,empty_shadow,IDEAM,follower_2,127,vehicle.mercedes.coupe_2020,follower,-4,left,0,[0],143.06103171927052,-201.73022741074757,31.40709842598528,-1.2901425072212247,follower_1,33.221981251804436,31.381164698344435,32.0,1.023943
1308,1.2500000000000002,empty_shadow,IDEAM,follower_3,128,vehicle.mercedes.coupe_2020,follower,-4,left,0,[0],106.71477728574185,-201.73058740064764,30.585091170038837,-1.288420168397635,follower_2,31.631539001962906,30.60190325892118,32.0,0.992958
1308,1.2500000000000002,empty_shadow,IDEAM,follower_4,129,vehicle.audi.a2,follower,-4,left,0,[0],68.96206573966137,-201.75027179545498,27.953704281021484,-1.3012694141912815,follower_3,33.431508507267694,28.033046351046735,30.125674,0.878966
1309,1.3,empty_shadow,IDEAM,occluder,121,vehicle.carlamotors.firetruck,occluder,-5,centre,1,[1],220.23576159680147,-205.2549866262252,19.473628303274413,-0.39020511989444123,lead_centre,117.99048609897332,19.483871835978416,19.060993,1.021082
1309,1.3,empty_shadow,IDEAM,lead_left,122,vehicle.mercedes.coupe_2020,leader,-4,left,0,[0],350.24617026447487,-201.75033799336396,22.727565796919748,-1.68621052854003,,,22.81791940460783,23.287836,0.948219
1309,1.3,empty_shadow,IDEAM,lead_centre,123,vehicle.nissan.patrol_2021,leader,-5,centre,1,[1],345.2782474646545,-205.24948473818998,20.14838333523598,-1.6416161968702547,,,20.226990865652713,20.011235,1.074628
1309,1.3,empty_shadow,IDEAM,lead_right,124,vehicle.nissan.patrol_2021,leader,-6,right,2,[2],353.3838427434745,-208.75001569459786,23.746682589844227,-1.420936929337368,,,23.80847695804831,23.123141,0.908861
1309,1.3,empty_shadow,IDEAM,rear_centre,125,vehicle.tesla.model3,follower,-5,centre,1,[1],194.49039699341563,-205.24977709939105,17.90380983630144,0.1367185863873606,occluder,19.036505133082855,17.899614881792278,20.183858,0.943297
1309,1.3,empty_shadow,IDEAM,follower_1,126,vehicle.tesla.model3,follower,-4,left,0,[0],182.58475282649835,-201.7497185184603,31.3880997420738,-0.39192141580084905,ego,34.369972780195326,31.361623912075338,32.0,0.996942
1309,1.3,empty_shadow,IDEAM,follower_2,127,vehicle.mercedes.coupe_2020,follower,-4,left,0,[0],144.6294219838662,-201.73105040179706,31.34264989053373,-1.2888882403168798,follower_1,33.22118761263074,31.319565394535665,32.0,1.023943
1309,1.3,empty_shadow,IDEAM,follower_3,128,vehicle.mercedes.coupe_2020,follower,-4,left,0,[0],108.24209093421457,-201.7315464749093,30.520856649967293,-1.2846148686036492,follower_2,31.672615612880485,30.53849068050424,32.0,0.992958
1309,1.3,empty_shadow,IDEAM,follower_4,129,vehicle.audi.a2,follower,-4,left,0,[0],70.35781774170454,-201.75017711783067,27.892135076945582,-1.2313840807298684,follower_3,33.56320739950455,27.968506335135128,30.125674,0.878966
1310,1.35,empty_shadow,IDEAM,occluder,121,vehicle.carlamotors.firetruck,occluder,-5,centre,1,[1],221.20881464883144,-205.25503614828276,19.4522412140669,-0.42774178083328546,lead_centre,118.02555075776087,19.464639456631456,19.060993,1.021082
1310,1.35,empty_shadow,IDEAM,lead_left,122,vehicle.mercedes.coupe_2020,leader,-4,left,0,[0],351.3800203325919,-201.7500580028467,22.644481705077308,-1.6616818347564843,,,22.734640676347475,23.287836,0.948219
1310,1.35,empty_shadow,IDEAM,lead_centre,123,vehicle.nissan.patrol_2021,leader,-5,centre,1,[1],346.2832829262877,-205.24949283217617,20.067570914373892,-1.6162483913887724,,,20.146223781187793,20.011235,1.074628
1310,1.35,empty_shadow,IDEAM,lead_right,124,vehicle.nissan.patrol_2021,leader,-6,right,2,[2],354.56908450906604,-208.75000808930628,23.67609732259346,-1.411705338278677,,,23.7384145171172,23.123141,0.908861
1310,1.35,empty_shadow,IDEAM,rear_centre,125,vehicle.tesla.model3,follower,-5,centre,1,[1],195.38575227003352,-205.24977683334777,17.909873291182766,0.12126909862621461,occluder,19.11545413433064,17.90590433110624,20.183858,0.943297
1310,1.35,empty_shadow,IDEAM,follower_1,126,vehicle.tesla.model3,follower,-4,left,0,[0],184.15363111204616,-201.7497784035286,31.3710251819115,-0.34149118680900387,ego,34.40665381383545,31.339668415733886,32.0,0.996942
1310,1.35,empty_shadow,IDEAM,follower_2,127,vehicle.mercedes.coupe_2020,follower,-4,left,0,[0],146.19463851421855,-201.73214913375455,31.27868798909731,-1.2791722566939507,follower_1,33.22262167324433,31.258106023328494,32.0,1.023943
1310,1.35,empty_shadow,IDEAM,follower_3,128,vehicle.mercedes.coupe_2020,follower,-4,left,0,[0],109.76623084323857,-201.7327660312908,30.457238265142436,-1.2723095368985644,follower_2,31.713692229003428,30.475256191300286,32.0,0.992958
1310,1.35,empty_shadow,IDEAM,follower_4,129,vehicle.audi.a2,follower,-4,left,0,[0],71.75067057919995,-201.75009868801845,27.834701009542755,-1.1486813449231197,follower_3,33.69476904593411,27.907409245738304,30.125674,0.878966
1311,1.4000000000000001,empty_shadow,IDEAM,occluder,121,vehicle.carlamotors.firetruck,occluder,-5,centre,1,[1],222.18070803816553,-205.25510132473806,19.429324429831375,-0.45833568017864873,lead_centre,118.05753316736411,19.443565392882533,19.060993,1.021082
1311,1.4000000000000001,empty_shadow,IDEAM,lead_left,122,vehicle.mercedes.coupe_2020,leader,-4,left,0,[0],352.50978104547823,-201.74977940737367,22.56310470006511,-1.6275400088242913,,,22.652562199986022,23.287836,0.948219
1311,1.4000000000000001,empty_shadow,IDEAM,lead_centre,123,vehicle.nissan.patrol_2021,leader,-5,centre,1,[1],347.28425956067724,-205.24953282837214,19.98848464371197,-1.5817253847942254,,,20.0666891952313,20.011235,1.074628
1311,1.4000000000000001,empty_shadow,IDEAM,lead_right,124,vehicle.nissan.patrol_2021,leader,-6,right,2,[2],355.750725195443,-208.7499864536983,23.60600224603291,-1.401901526144714,,,23.668798549611747,23.123141,0.908861
1311,1.4000000000000001,empty_shadow,IDEAM,rear_centre,125,vehicle.tesla.model3,follower,-5,centre,1,[1],196.28141271720952,-205.24976120440851,17.915150919130046,0.1055525597847307,occluder,19.19315190974273,17.911398742349476,20.183858,0.943297
1311,1.4000000000000001,empty_shadow,IDEAM,follower_1,126,vehicle.tesla.model3,follower,-4,left,0,[0],185.72171593540352,-201.74982330048894,31.356414911651555,-0.292205393368418,ego,34.438635156333945,31.320011869418668,32.0,0.996942
1311,1.4000000000000001,empty_shadow,IDEAM,follower_2,127,vehicle.mercedes.coupe_2020,follower,-4,left,0,[0],147.75668128430064,-201.7334473126792,31.21561102259354,-1.2614895104352557,follower_1,33.2262834284398,31.19718294903824,32.0,1.023943
1311,1.4000000000000001,empty_shadow,IDEAM,follower_3,128,vehicle.mercedes.coupe_2020,follower,-4,left,0,[0],111.28721225598589,-201.7342002882222,30.394641941080735,-1.2518842713589273,follower_2,31.75476885033178,30.412619286331257,32.0,0.992958
1311,1.4000000000000001,empty_shadow,IDEAM,follower_4,129,vehicle.audi.a2,follower,-4,left,0,[0],73.14077685564547,-201.75008223032893,27.78157373959105,-1.0625453922293764,follower_3,33.8260561174627,27.850390874610692,30.125674,0.878966
1312,1.4500000000000002,empty_shadow,IDEAM,occluder,121,vehicle.carlamotors.firetruck,occluder,-5,centre,1,[1],223.1514722719693,-205.25515162760394,19.405104924677822,-0.4843900977903166,lead_centre,118.08661641241952,19.42099062305859,19.060993,1.021082
1312,1.4500000000000002,empty_shadow,IDEAM,lead_left,122,vehicle.mercedes.coupe_2020,leader,-4,left,0,[0],353.63557447343914,-201.74950216530172,22.48387919689967,-1.5845098564126479,,,22.572159476696267,23.287836,0.948219
1312,1.4500000000000002,empty_shadow,IDEAM,lead_centre,123,vehicle.nissan.patrol_2021,leader,-5,centre,1,[1],348.2813604680758,-205.24958940552506,19.911732965844177,-1.5350335280488323,,,19.98883860757588,20.011235,1.074628
1312,1.4500000000000002,empty_shadow,IDEAM,lead_right,124,vehicle.nissan.patrol_2021,leader,-6,right,2,[2],356.9289784360506,-208.74998123247482,23.53669681400477,-1.3861086370612405,,,23.599657500292555,23.123141,0.908861
1312,1.4500000000000002,empty_shadow,IDEAM,rear_centre,125,vehicle.tesla.model3,follower,-5,centre,1,[1],197.1773173049963,-205.24974549218305,17.91964462933738,0.0898742045610127,occluder,19.269384851900835,17.91609355539479,20.183858,0.943297
1312,1.4500000000000002,empty_shadow,IDEAM,follower_1,126,vehicle.tesla.model3,follower,-4,left,0,[0],187.2891598948629,-201.74988367486378,31.344139231387356,-0.24551359769614112,ego,34.46576414693365,31.30260967530217,32.0,0.996942
1312,1.4500000000000002,empty_shadow,IDEAM,follower_2,127,vehicle.mercedes.coupe_2020,follower,-4,left,0,[0],149.31561132405977,-201.73492965896128,31.15382305143503,-1.2357240034555381,follower_1,33.23232548171506,31.13716575667799,32.0,1.023943
1312,1.4500000000000002,empty_shadow,IDEAM,follower_3,128,vehicle.mercedes.coupe_2020,follower,-4,left,0,[0],112.80509619199303,-201.73580344851752,30.33346029796344,-1.223604514515591,follower_2,31.795830207666548,30.35098053615818,32.0,0.992958
1312,1.4500000000000002,empty_shadow,IDEAM,follower_4,129,vehicle.audi.a2,follower,-4,left,0,[0],74.5283959600293,-201.75009713869412,27.732636917702084,-0.9787364264204951,follower_3,33.956931253764495,27.797623984975882,30.125674,0.878966
1313,1.5000000000000002,empty_shadow,IDEAM,occluder,121,vehicle.carlamotors.firetruck,occluder,-5,centre,1,[1],224.12092425519546,-205.25521763692146,19.379744824916543,-0.5072019885263083,lead_centre,118.1129530860143,19.397138484330963,19.060993,1.021082
1313,1.5000000000000002,empty_shadow,IDEAM,lead_left,122,vehicle.mercedes.coupe_2020,leader,-4,left,0,[0],354.7574311288456,-201.74921100743194,22.407238166603413,-1.5328202731764506,,,22.49387242320325,23.287836,0.948219
1313,1.5000000000000002,empty_shadow,IDEAM,lead_centre,123,vehicle.nissan.patrol_2021,leader,-5,centre,1,[1],349.27476874873605,-205.24964724238208,19.837834677780375,-1.477965733500029,,,19.913272193507577,20.011235,1.074628
1313,1.5000000000000002,empty_shadow,IDEAM,lead_right,124,vehicle.nissan.patrol_2021,leader,-6,right,2,[2],358.10375266774906,-208.74996193929184,23.468516719885073,-1.3636018802233192,,,23.531287029471244,23.123141,0.908861
1313,1.5000000000000002,empty_shadow,IDEAM,rear_centre,125,vehicle.tesla.model3,follower,-5,centre,1,[1],198.0734049982412,-205.24972971749293,17.92336395830113,0.07438657938444661,occluder,19.34424449791783,17.91999673685498,20.183858,0.943297
1313,1.5000000000000002,empty_shadow,IDEAM,follower_1,126,vehicle.tesla.model3,follower,-4,left,0,[0],188.85605453274263,-201.74992897784446,31.33400931267401,-0.20259837047961954,ego,34.48788807802885,31.287347553039226,32.0,0.996942
1313,1.5000000000000002,empty_shadow,IDEAM,follower_2,127,vehicle.mercedes.coupe_2020,follower,-4,left,0,[0],150.87148964782708,-201.7365351166265,31.093686217862764,-1.2027135586895583,follower_1,33.240839401415336,31.078427556308178,32.0,1.023943
1313,1.5000000000000002,empty_shadow,IDEAM,follower_3,128,vehicle.mercedes.coupe_2020,follower,-4,left,0,[0],114.31995891396853,-201.73748393342066,30.274044056687078,-1.1883077625222254,follower_2,31.836876311418536,30.29072819921819,32.0,0.992958
1313,1.5000000000000002,empty_shadow,IDEAM,follower_4,129,vehicle.audi.a2,follower,-4,left,0,[0],75.91372624618694,-201.75011282786764,27.687631143131313,-0.9001154754832054,follower_3,34.0871960853878,27.748996917422293,30.125674,0.878966
1314,1.55,empty_shadow,IDEAM,occluder,121,vehicle.carlamotors.firetruck,occluder,-5,centre,1,[1],225.0891250125859,-205.25526881429266,19.353385272726754,-0.5271910371645145,lead_centre,118.13690938344845,19.372168639085395,19.060993,1.021082
1314,1.55,empty_shadow,IDEAM,lead_left,122,vehicle.mercedes.coupe_2020,leader,-4,left,0,[0],355.87556466596436,-201.7489974136179,22.333585970242616,-1.47304346676142,,,22.418129837561544,23.287836,0.948219
1314,1.55,empty_shadow,IDEAM,lead_centre,123,vehicle.nissan.patrol_2021,leader,-5,centre,1,[1],350.2645454326054,-205.24969105933346,19.767264709879978,-1.4113993324232765,,,19.84050222690413,20.011235,1.074628
1314,1.55,empty_shadow,IDEAM,lead_right,124,vehicle.nissan.patrol_2021,leader,-6,right,2,[2],359.275139453678,-208.74995906049332,23.401772862031052,-1.3348771561024468,,,23.46401869138754,23.123141,0.908861
1314,1.55,empty_shadow,IDEAM,rear_centre,125,vehicle.tesla.model3,follower,-5,centre,1,[1],198.96967579694416,-205.2497138803381,17.92632607199879,0.059242273874510004,occluder,19.417608787899105,17.923121220136057,20.183858,0.943297
1314,1.55,empty_shadow,IDEAM,follower_1,126,vehicle.tesla.model3,follower,-4,left,0,[0],190.42252192455348,-201.74997442657602,31.325821069388084,-0.16376486449868627,ego,34.504854330505474,31.27405604904645,32.0,0.996942
1314,1.55,empty_shadow,IDEAM,follower_2,127,vehicle.mercedes.coupe_2020,follower,-4,left,0,[0],152.42440781353702,-201.73827891323074,31.03554937470249,-1.1627235423745348,follower_1,33.251855715527746,31.02130087062245,32.0,1.023943
1314,1.55,empty_shadow,IDEAM,follower_3,128,vehicle.mercedes.coupe_2020,follower,-4,left,0,[0],115.83193777182754,-201.73930273123588,30.216738290129772,-1.146106690722832,follower_2,31.877891913210355,30.23220920885665,32.0,0.992958
1314,1.55,empty_shadow,IDEAM,follower_4,129,vehicle.audi.a2,follower,-4,left,0,[0],77.2968897844238,-201.75012925620638,27.646253147758152,-0.8275598867334625,follower_3,34.21672852120567,27.704256440195984,30.125674,0.878966
1315,1.6,empty_shadow,IDEAM,occluder,121,vehicle.carlamotors.firetruck,occluder,-5,centre,1,[1],226.05595248424603,-205.25533571893706,19.326154061940855,-0.5446242082544587,lead_centre,118.15848530992734,19.34622012498564,19.060993,1.021082
1315,1.6,empty_shadow,IDEAM,lead_left,122,vehicle.mercedes.coupe_2020,leader,-4,left,0,[0],356.99012765185563,-201.74880029665303,22.263296448660714,-1.4057898634709254,,,22.34533240535477,23.287836,0.948219
1315,1.6,empty_shadow,IDEAM,lead_centre,123,vehicle.nissan.patrol_2021,leader,-5,centre,1,[1],351.25090415312906,-205.24975130108012,19.700436956145268,-1.33655505292479,,,19.77099805568445,20.011235,1.074628
1315,1.6,empty_shadow,IDEAM,lead_right,124,vehicle.nissan.patrol_2021,leader,-6,right,2,[2],360.4432608589377,-208.74995729564804,23.33677995171372,-1.2998582059141635,,,23.39815971916621,23.123141,0.908861
1315,1.6,empty_shadow,IDEAM,rear_centre,125,vehicle.tesla.model3,follower,-5,centre,1,[1],199.8660686711579,-205.24971326032838,17.928551951054146,0.0445175809572745,occluder,19.489538746586582,17.92548734737188,20.183858,0.943297
1315,1.6,empty_shadow,IDEAM,follower_1,126,vehicle.tesla.model3,follower,-4,left,0,[0],191.98862311065352,-201.75003525902508,31.319393303363295,-0.12855532058930802,ego,34.51669333344827,31.262557469491977,32.0,0.996942
1315,1.6,empty_shadow,IDEAM,follower_2,127,vehicle.mercedes.coupe_2020,follower,-4,left,0,[0],153.97451838824978,-201.7400999615674,30.97972519508337,-1.1164773706040114,follower_1,33.26540494162863,30.966106819970467,32.0,1.023943
1315,1.6,empty_shadow,IDEAM,follower_3,128,vehicle.mercedes.coupe_2020,follower,-4,left,0,[0],117.3411090178678,-201.74113774563082,30.161861432702377,-1.097534039710767,follower_2,31.918831221061296,30.175764629182403,32.0,0.992958
1315,1.6,empty_shadow,IDEAM,follower_4,129,vehicle.audi.a2,follower,-4,left,0,[0],78.67810019777428,-201.75014635083488,27.608216828224457,-0.7607263664411296,follower_3,34.345543840827816,27.66310590779017,30.125674,0.878966
1316,1.6500000000000001,empty_shadow,IDEAM,occluder,121,vehicle.carlamotors.firetruck,occluder,-5,centre,1,[1],227.02143717213602,-205.25537256407932,19.29817326106761,-0.5596160113528272,lead_centre,118.17801655879086,19.31941884006949,19.060993,1.021082
1316,1.6500000000000001,empty_shadow,IDEAM,lead_left,122,vehicle.mercedes.coupe_2020,leader,-4,left,0,[0],358.1012726796066,-201.7486348632716,22.19670148127291,-1.3318986907046535,,,22.27585077454801,23.287836,0.948219
1316,1.6500000000000001,empty_shadow,IDEAM,lead_centre,123,vehicle.nissan.patrol_2021,leader,-5,centre,1,[1],352.23405852293064,-205.2497973771703,19.637727162741005,-1.2541958519991045,,,19.70516911305189,20.011235,1.074628
1316,1.6500000000000001,empty_shadow,IDEAM,lead_right,124,vehicle.nissan.patrol_2021,leader,-6,right,2,[2],361.608238948628,-208.7499413443247,23.27382981381415,-1.2590027579758725,,,23.334021235241043,23.123141,0.908861
1316,1.6500000000000001,empty_shadow,IDEAM,rear_centre,125,vehicle.tesla.model3,follower,-5,centre,1,[1],200.76255309289533,-205.24969735029813,17.930075926096585,0.03047950076731536,occluder,19.55997334403294,17.927118402080094,20.183858,0.943297
1316,1.6500000000000001,empty_shadow,IDEAM,follower_1,126,vehicle.tesla.model3,follower,-4,left,0,[0],193.55441911578467,-201.75008093679378,31.314581055769192,-0.09624495200204637,ego,34.523313476868914,31.252697828232318,32.0,0.996942
1316,1.6500000000000001,empty_shadow,IDEAM,follower_2,127,vehicle.mercedes.coupe_2020,follower,-4,left,0,[0],155.52191291428363,-201.7419677128278,30.926513069432698,-1.064240670517509,follower_1,33.281395553015926,30.913134364198882,32.0,1.023943
1316,1.6500000000000001,empty_shadow,IDEAM,follower_3,128,vehicle.mercedes.coupe_2020,follower,-4,left,0,[0],118.84764051958079,-201.7430499544989,30.10970147738292,-1.0431987461066279,follower_2,31.95977054973379,30.121709431526885,32.0,0.992958
1316,1.6500000000000001,empty_shadow,IDEAM,follower_4,129,vehicle.audi.a2,follower,-4,left,0,[0],80.05752533290836,-201.7501640544939,27.57329139512178,-0.69850863541424,follower_3,34.47350467351758,27.62526535042915,30.125674,0.878966
1317,1.7000000000000002,empty_shadow,IDEAM,occluder,121,vehicle.carlamotors.firetruck,occluder,-5,centre,1,[1],227.9853959916193,-205.2554404473368,19.26956303447114,-0.5722045260156478,lead_centre,118.19568624070246,19.2918850257219,19.060993,1.021082
1317,1.7000000000000002,empty_shadow,IDEAM,lead_left,122,vehicle.mercedes.coupe_2020,leader,-4,left,0,[0],359.2092133618409,-201.74847052302184,22.13412913138264,-1.2514462790814205,,,22.210014206911993,23.287836,0.948219
1317,1.7000000000000002,empty_shadow,IDEAM,lead_centre,123,vehicle.nissan.patrol_2021,leader,-5,centre,1,[1],353.21419165787904,-205.24985974271559,19.579478653759637,-1.1649701681884397,,,19.643387384829182,20.011235,1.074628
1317,1.7000000000000002,empty_shadow,IDEAM,lead_right,124,vehicle.nissan.patrol_2021,leader,-6,right,2,[2],362.77013476831235,-208.74994170327807,23.213214272522556,-1.2123108259528455,,,23.27189189078483,23.123141,0.908861
1317,1.7000000000000002,empty_shadow,IDEAM,rear_centre,125,vehicle.tesla.model3,follower,-5,centre,1,[1],201.65903751463276,-205.2496814402679,17.930930423523986,0.017089948544268548,occluder,19.6289736101855,17.92805075813122,20.183858,0.943297
1317,1.7000000000000002,empty_shadow,IDEAM,follower_1,126,vehicle.tesla.model3,follower,-4,left,0,[0],195.12006253823947,-201.7501419254045,31.31125462770429,-0.06652856020528916,ego,34.524806282264095,31.24435908550349,32.0,0.996942
1317,1.7000000000000002,empty_shadow,IDEAM,follower_2,127,vehicle.mercedes.coupe_2020,follower,-4,left,0,[0],157.0667439743149,-201.7438668561699,30.8761876557115,-1.0065082496867261,follower_1,33.29979703211323,30.862663125150284,32.0,1.023943
1317,1.7000000000000002,empty_shadow,IDEAM,follower_3,128,vehicle.mercedes.coupe_2020,follower,-4,left,0,[0],120.35163904684063,-201.744917251097,30.06051404805954,-0.9837484879420557,follower_2,32.00063357405464,30.07032859419527,32.0,0.992958
1317,1.7000000000000002,empty_shadow,IDEAM,follower_4,129,vehicle.audi.a2,follower,-4,left,0,[0],81.43527200134322,-201.75018233074567,27.541356684137142,-0.6386941929534473,follower_3,34.60061104009651,27.59050918413131,30.125674,0.878966
1318,1.7500000000000002,empty_shadow,IDEAM,occluder,121,vehicle.carlamotors.firetruck,occluder,-5,centre,1,[1],228.9480730728959,-205.25550876784698,19.240449266060164,-0.5822753641486186,lead_centre,118.21186055616755,19.263737030880282,19.060993,1.021082
1318,1.7500000000000002,empty_shadow,IDEAM,lead_left,122,vehicle.mercedes.coupe_2020,leader,-4,left,0,[0],360.314132835249,-201.74839876616812,22.075857871460727,-1.1654244409904593,,,22.14814825332692,23.287836,0.948219
1318,1.7500000000000002,empty_shadow,IDEAM,lead_centre,123,vehicle.nissan.patrol_2021,leader,-5,centre,1,[1],354.19157820054517,-205.24989252765457,19.525996602581536,-1.0696410180499847,,,19.585992989090517,20.011235,1.074628
1318,1.7500000000000002,empty_shadow,IDEAM,lead_right,124,vehicle.nissan.patrol_2021,leader,-6,right,2,[2],363.92916193061455,-208.74992778205635,23.155213707327015,-1.1600113039408566,,,23.21206043345342,23.123141,0.908861
1318,1.7500000000000002,empty_shadow,IDEAM,rear_centre,125,vehicle.tesla.model3,follower,-5,centre,1,[1],202.55552193637018,-205.24966553023765,17.93115549727809,0.0045014751930221525,occluder,19.696448007931373,17.928318424931646,20.183858,0.943297
1318,1.7500000000000002,empty_shadow,IDEAM,follower_1,126,vehicle.tesla.model3,follower,-4,left,0,[0],196.68555336760716,-201.75018770728096,31.30931292962921,-0.038833958135207076,ego,34.52120225159402,31.237438073601744,32.0,0.996942
1318,1.7500000000000002,empty_shadow,IDEAM,follower_2,127,vehicle.mercedes.coupe_2020,follower,-4,left,0,[0],158.6091336074167,-201.74570579722146,30.828983612960993,-0.9440803828308977,follower_1,33.320609394536746,30.81495131242985,32.0,1.023943
1318,1.7500000000000002,empty_shadow,IDEAM,follower_3,128,vehicle.mercedes.coupe_2020,follower,-4,left,0,[0],121.85328770510543,-201.74673957296048,30.01453766723017,-0.91952569814313,follower_2,32.041466106826086,30.021875867610287,32.0,0.992958
1318,1.7500000000000002,empty_shadow,IDEAM,follower_4,129,vehicle.audi.a2,follower,-4,left,0,[0],82.81150804974878,-201.75020112233094,27.5123535671655,-0.58006231390362,follower_3,34.72686289892148,27.558720740468743,30.125674,0.878966
1319,1.8,empty_shadow,IDEAM,occluder,121,vehicle.carlamotors.firetruck,occluder,-5,centre,1,[1],229.9092242701497,-205.25556235010785,19.2109463958016,-0.5900574045366711,lead_centre,118.22657001755708,19.235098762503366,19.060993,1.021082
1319,1.8,empty_shadow,IDEAM,lead_left,122,vehicle.mercedes.coupe_2020,leader,-4,left,0,[0],361.4163057215802,-201.7483126874962,22.022137558923895,-1.0744054963305552,,,22.090529468301778,23.287836,0.948219
1319,1.8,empty_shadow,IDEAM,lead_centre,123,vehicle.nissan.patrol_2021,leader,-5,centre,1,[1],355.1664623123615,-205.24995668385364,19.477548039789095,-0.9689712540435103,,,19.533288475360198,20.011235,1.074628
1319,1.8,empty_shadow,IDEAM,lead_right,124,vehicle.nissan.patrol_2021,leader,-6,right,2,[2],365.08525940558724,-208.7499148602693,23.10008179661654,-1.1026382140107114,,,23.154804398030794,23.123141,0.908861
1319,1.8,empty_shadow,IDEAM,rear_centre,125,vehicle.tesla.model3,follower,-5,centre,1,[1],203.45200635810758,-205.2496496202074,17.930795016150647,-0.007209622308902964,occluder,19.762640667470574,17.927964087865643,20.183858,0.943297
1319,1.8,empty_shadow,IDEAM,follower_1,126,vehicle.tesla.model3,follower,-4,left,0,[0],198.2509831618221,-201.75023350997895,31.30868539059365,-0.01255077441254038,ego,34.51262347078025,31.23185980345332,32.0,0.996942
1319,1.8,empty_shadow,IDEAM,follower_2,127,vehicle.mercedes.coupe_2020,follower,-4,left,0,[0],160.14929544182883,-201.7474997218953,30.785116581319688,-0.8773378568981577,follower_1,33.34371059080262,30.770220825794926,32.0,1.023943
1319,1.8,empty_shadow,IDEAM,follower_3,128,vehicle.mercedes.coupe_2020,follower,-4,left,0,[0],123.35273907184613,-201.74848635045905,29.971976563679316,-0.8512167491133448,follower_2,32.08220708166308,29.976586991306597,32.0,0.992958
1319,1.8,empty_shadow,IDEAM,follower_4,129,vehicle.audi.a2,follower,-4,left,0,[0],84.18638606600682,-201.75022037719583,27.48630302376523,-0.5210108456332315,follower_3,34.85227550878072,27.529843461256203,30.125674,0.878966
1320,1.85,empty_shadow,IDEAM,occluder,121,vehicle.carlamotors.firetruck,occluder,-5,centre,1,[1],230.8688495937914,-205.25563171169577,19.181178402034114,-0.5953598775263481,lead_centre,118.24030293211962,19.206082871504844,19.060993,1.021082
1320,1.85,empty_shadow,IDEAM,lead_left,122,vehicle.mercedes.coupe_2020,leader,-4,left,0,[0],362.51597616665083,-201.74822746250808,21.97318372204257,-0.9790760056073556,,,22.0374061129755,23.287836,0.948219
1320,1.85,empty_shadow,IDEAM,lead_centre,123,vehicle.nissan.patrol_2021,leader,-5,centre,1,[1],356.139057611157,-205.25003687964923,19.43437329017597,-0.8634949935007578,,,19.485538777973538,20.011235,1.074628
1320,1.85,empty_shadow,IDEAM,lead_right,124,vehicle.nissan.patrol_2021,leader,-6,right,2,[2],366.23873236899385,-208.74990283380916,23.048079846272472,-1.0400390063743945,,,23.100375025753365,23.123141,0.908861
1320,1.85,empty_shadow,IDEAM,rear_centre,125,vehicle.tesla.model3,follower,-5,centre,1,[1],204.3484907850504,-205.24964896896532,17.92989666363123,-0.017967050015679227,occluder,19.827307442986935,17.927032081968388,20.183858,0.943297
1320,1.85,empty_shadow,IDEAM,follower_1,126,vehicle.tesla.model3,follower,-4,left,0,[0],199.8164434788188,-201.75029456105435,31.309289995110383,0.012092100000850148,ego,34.499130969770086,31.227577522242687,32.0,0.996942
1320,1.85,empty_shadow,IDEAM,follower_2,127,vehicle.mercedes.coupe_2020,follower,-4,left,0,[0],161.68729050229322,-201.7492180917935,30.74477743749209,-0.8067764185273975,follower_1,33.36897855060546,30.72867747908943,32.0,1.023943
1320,1.85,empty_shadow,IDEAM,follower_3,128,vehicle.mercedes.coupe_2020,follower,-4,left,0,[0],124.85016098852728,-201.7501422675453,29.933006386513387,-0.7793937749930324,follower_2,32.1229175493345,29.93466479537993,32.0,0.992958
1320,1.85,empty_shadow,IDEAM,follower_4,129,vehicle.audi.a2,follower,-4,left,0,[0],85.5600433688001,-201.75020953091547,27.463258459542,-0.4608912657937209,follower_3,34.976848859263384,27.503899576580423,30.125674,0.878966
1321,1.9000000000000001,empty_shadow,IDEAM,occluder,121,vehicle.carlamotors.firetruck,occluder,-5,centre,1,[1],231.82701006856294,-205.25568631421285,19.151263539423272,-0.5982972587132407,lead_centre,118.25327290727344,19.17681132714126,19.060993,1.021082
1321,1.9000000000000001,empty_shadow,IDEAM,lead_left,122,vehicle.mercedes.coupe_2020,leader,-4,left,0,[0],363.61329679478024,-201.74824985066704,21.929190907085136,-0.8798556098144745,,,21.988992475668365,23.287836,0.948219
1321,1.9000000000000001,empty_shadow,IDEAM,lead_centre,123,vehicle.nissan.patrol_2021,leader,-5,centre,1,[1],357.1096692570791,-205.250087234569,19.396577256288815,-0.7559206809155874,,,19.442982440676303,20.011235,1.074628
1321,1.9000000000000001,empty_shadow,IDEAM,lead_right,124,vehicle.nissan.patrol_2021,leader,-6,right,2,[2],367.3897028963453,-208.74990691982092,22.99944627470583,-0.9726714304852381,,,23.049031135338492,23.123141,0.908861
1321,1.9000000000000001,empty_shadow,IDEAM,rear_centre,125,vehicle.tesla.model3,follower,-5,centre,1,[1],205.2449752067878,-205.24963305893507,17.9285043071458,-0.02784712926973346,occluder,19.890448339685822,17.925571529722646,20.183858,0.943297
1321,1.9000000000000001,empty_shadow,IDEAM,follower_1,126,vehicle.tesla.model3,follower,-4,left,0,[0],201.3819343081865,-201.7503403429308,31.3110409125908,0.0350183630146931,ego,34.48106049395726,31.224535390268628,32.0,0.996942
1321,1.9000000000000001,empty_shadow,IDEAM,follower_2,127,vehicle.mercedes.coupe_2020,follower,-4,left,0,[0],163.2234544769443,-201.7508455336093,30.70811512215075,-0.733235301242906,follower_1,33.39644380713777,30.690504384174613,32.0,1.023943
1321,1.9000000000000001,empty_shadow,IDEAM,follower_3,128,vehicle.mercedes.coupe_2020,follower,-4,left,0,[0],126.34575181418974,-201.75169199776101,29.897772281966844,-0.7046673710332535,follower_2,32.16349069311775,29.89628339883502,32.0,0.992958
1321,1.9000000000000001,empty_shadow,IDEAM,follower_4,129,vehicle.audi.a2,follower,-4,left,0,[0],86.93266308440828,-201.75022955617789,27.443290446432755,-0.3993602472736989,follower_3,35.100613473151256,27.48094311425002,30.125674,0.878966
1322,1.9500000000000002,empty_shadow,IDEAM,occluder,121,vehicle.carlamotors.firetruck,occluder,-5,centre,1,[1],232.78367518729877,-205.25575668564622,19.12131243491065,-0.5990221001135282,lead_centre,118.26572407842394,19.14740030875255,19.060993,1.021082
1322,1.9500000000000002,empty_shadow,IDEAM,lead_left,122,vehicle.mercedes.coupe_2020,leader,-4,left,0,[0],364.70860325766523,-201.74825766714915,21.890296434936662,-0.7778888271237167,,,21.945482045611207,23.287836,0.948219
1322,1.9500000000000002,empty_shadow,IDEAM,lead_centre,123,vehicle.nissan.patrol_2021,leader,-5,centre,1,[1],358.0785108887782,-205.25015345210207,19.364117978913328,-0.649185550148277,,,19.405724404526005,20.011235,1.074628
1322,1.9500000000000002,empty_shadow,IDEAM,lead_right,124,vehicle.nissan.patrol_2021,leader,-6,right,2,[2],368.5383540878941,-208.74991179705182,22.954415685018983,-0.9006117926504214,,,23.00100898090587,23.123141,0.908861
1322,1.9500000000000002,empty_shadow,IDEAM,rear_centre,125,vehicle.tesla.model3,follower,-5,centre,1,[1],206.14133755821985,-205.24961719054795,17.926667539373405,-0.03673535486603875,occluder,19.95212439271996,17.923627992260574,20.183858,0.943297
1322,1.9500000000000002,empty_shadow,IDEAM,follower_1,126,vehicle.tesla.model3,follower,-4,left,0,[0],202.94757773064129,-201.75040133154152,31.313829425208183,0.05577026923175367,ego,34.45844259215046,31.222672278351553,32.0,0.996942
1322,1.9500000000000002,empty_shadow,IDEAM,follower_2,127,vehicle.mercedes.coupe_2020,follower,-4,left,0,[0],164.75787890289502,-201.75233623974586,30.675249977433225,-0.6572869811073598,follower_1,33.42577066185433,30.65584362121397,32.0,1.023943
1322,1.9500000000000002,empty_shadow,IDEAM,follower_3,128,vehicle.mercedes.coupe_2020,follower,-4,left,0,[0],127.83972515104642,-201.753074433078,29.866392697165566,-0.6275720302802575,follower_2,32.20406384210639,29.861587282222906,32.0,0.992958
1322,1.9500000000000002,empty_shadow,IDEAM,follower_4,129,vehicle.audi.a2,follower,-4,left,0,[0],88.3043520139378,-201.75024989896906,27.426475277405487,-0.33630336979185915,follower_3,35.223584583205536,27.461044817201767,30.125674,0.878966
1323,2.0,empty_shadow,IDEAM,occluder,121,vehicle.carlamotors.firetruck,occluder,-5,centre,1,[1],233.73884494479347,-205.2558275672077,19.091443343204798,-0.5973818493349422,lead_centre,118.2779005913873,19.117958319564078,19.060993,1.021082
1323,2.0,empty_shadow,IDEAM,lead_left,122,vehicle.mercedes.coupe_2020,leader,-4,left,0,[0],365.80213970632735,-201.74828134624457,21.8566147434968,-0.6736332915899277,,,21.907011643495483,23.287836,0.948219
1323,2.0,empty_shadow,IDEAM,lead_centre,123,vehicle.nissan.patrol_2021,leader,-5,centre,1,[1],359.0459792295417,-205.2502201381201,19.33686575857144,-0.5450444074310626,,,19.373724656832387,20.011235,1.074628
1323,2.0,empty_shadow,IDEAM,lead_right,124,vehicle.nissan.patrol_2021,leader,-6,right,2,[2],369.6848690438931,-208.74990214424898,22.91319597872341,-0.8243941245338228,,,22.956541064307782,23.123141,0.908861
1323,2.0,empty_shadow,IDEAM,rear_centre,125,vehicle.tesla.model3,follower,-5,centre,1,[1],207.03763887449915,-205.24960134298237,17.92443404376758,-0.04466991143988235,occluder,20.012427160023762,17.921252440577828,20.183858,0.943297
1323,2.0,empty_shadow,IDEAM,follower_1,126,vehicle.tesla.model3,follower,-4,left,0,[0],204.51340425334877,-201.75044699889943,31.317523925931983,0.07389003491686214,ego,34.431490960259566,31.221788903099792,32.0,0.996942
1323,2.0,empty_shadow,IDEAM,follower_2,127,vehicle.mercedes.coupe_2020,follower,-4,left,0,[0],166.2908079207561,-201.75369012691695,30.64628327405215,-0.5793133663509072,follower_1,33.456989658358424,30.624811030289695,32.0,1.023943
1323,2.0,empty_shadow,IDEAM,follower_3,128,vehicle.mercedes.coupe_2020,follower,-4,left,0,[0],129.3322488613834,-201.75433529260155,29.83894792338024,-0.5488713175515466,follower_2,32.24451493120041,29.83069354700317,32.0,0.992958
1323,2.0,empty_shadow,IDEAM,follower_4,129,vehicle.audi.a2,follower,-4,left,0,[0],89.6752932628468,-201.75027049682424,27.412870172322652,-0.2721020947650029,follower_3,35.34586899053269,27.44428089688814,30.125674,0.878966
1324,2.05,empty_shadow,IDEAM,occluder,121,vehicle.carlamotors.firetruck,occluder,-5,centre,1,[1],234.6925193254309,-205.25585318253275,19.061766889982405,-0.593529084226419,lead_centre,118.29019917465602,19.088601248097145,19.060993,1.021082
1324,2.05,empty_shadow,IDEAM,lead_left,122,vehicle.mercedes.coupe_2020,leader,-4,left,0,[0],366.8941197533903,-201.74829029750146,21.828162994262517,-0.5690345330937454,,,21.873695364906254,23.287836,0.948219
1324,2.05,empty_shadow,IDEAM,lead_centre,123,vehicle.nissan.patrol_2021,leader,-5,centre,1,[1],360.01222686204574,-205.2502719817811,19.314641304013897,-0.444489088313781,,,19.346856468887104,20.011235,1.074628
1324,2.05,empty_shadow,IDEAM,lead_right,124,vehicle.nissan.patrol_2021,leader,-6,right,2,[2],370.82943088021113,-208.74990841652405,22.875989334555015,-0.7441328817816314,,,22.91583351802972,23.123141,0.908861
1324,2.05,empty_shadow,IDEAM,rear_centre,125,vehicle.tesla.model3,follower,-5,centre,1,[1],207.9337570853204,-205.24958555788146,17.921855318587802,-0.05157450285048168,occluder,20.07129560123915,17.918493687052305,20.183858,0.943297
1324,2.05,empty_shadow,IDEAM,follower_1,126,vehicle.tesla.model3,follower,-4,left,0,[0],206.07935284636167,-201.75049262461422,31.321979457195173,0.08911064867847997,ego,34.40011411843099,31.22174099016495,32.0,0.996942
1324,2.05,empty_shadow,IDEAM,follower_2,127,vehicle.mercedes.coupe_2020,follower,-4,left,0,[0],167.82239411840933,-201.7549071430687,30.62127240042542,-0.5001924956177357,follower_1,33.489887163204855,30.597502688512737,32.0,1.023943
1324,2.05,empty_shadow,IDEAM,follower_3,128,vehicle.mercedes.coupe_2020,follower,-4,left,0,[0],130.82349077625443,-201.7554287427078,29.81549915535342,-0.4689474918959926,follower_2,32.284920238724524,29.803682892608784,32.0,0.992958
1324,2.05,empty_shadow,IDEAM,follower_4,129,vehicle.audi.a2,follower,-4,left,0,[0],91.04566993659331,-201.75029128727886,27.40250183459719,-0.20736675044885358,follower_3,35.46745145196067,27.430708452973448,30.125674,0.878966
1325,2.1,empty_shadow,IDEAM,occluder,121,vehicle.carlamotors.firetruck,occluder,-5,centre,1,[1],235.64469832400567,-205.2558182728332,19.03239370496879,-0.5874637200278034,lead_centre,118.30277242652268,19.059437432129602,19.060993,1.021082
1325,2.1,empty_shadow,IDEAM,lead_left,122,vehicle.mercedes.coupe_2020,leader,-4,left,0,[0],367.98481810909504,-201.74843701510457,21.804811485045967,-0.4670298149225576,,,21.845550975447676,23.287836,0.948219
1325,2.1,empty_shadow,IDEAM,lead_centre,123,vehicle.nissan.patrol_2021,leader,-5,centre,1,[1],360.97755897246475,-205.2503393965536,19.29726723340182,-0.34748140500346164,,,19.324943996872346,20.011235,1.074628
1325,2.1,empty_shadow,IDEAM,lead_right,124,vehicle.nissan.patrol_2021,leader,-6,right,2,[2],371.9722532094719,-208.7499000234253,22.842975042473437,-0.6602858400531288,,,22.879086803698417,23.123141,0.908861
1325,2.1,empty_shadow,IDEAM,rear_centre,125,vehicle.tesla.model3,follower,-5,centre,1,[1],208.82978376423412,-205.24963083916558,17.918977140054363,-0.05756356986715639,occluder,20.128851771055356,17.915404682480514,20.183858,0.943297
1325,2.1,empty_shadow,IDEAM,follower_1,126,vehicle.tesla.model3,follower,-4,left,0,[0],207.64560658390576,-201.75044659349217,31.327024358006966,0.10089804224173457,ego,34.364647832879996,31.222421465170445,32.0,0.996942
1325,2.1,empty_shadow,IDEAM,follower_2,127,vehicle.mercedes.coupe_2020,follower,-4,left,0,[0],169.3528205856966,-201.75594144937187,30.60025374439253,-0.4203446946261287,follower_1,33.524249558564534,30.57397251851886,32.0,1.023943
1325,2.1,empty_shadow,IDEAM,follower_3,128,vehicle.mercedes.coupe_2020,follower,-4,left,0,[0],132.31366450828318,-201.75632419294504,29.79605606542399,-0.3888312669577601,follower_2,32.32526452150671,29.780615994532607,32.0,0.992958
1325,2.1,empty_shadow,IDEAM,follower_4,129,vehicle.audi.a2,follower,-4,left,0,[0],92.41560410548276,-201.75031222868972,27.39536644900706,-0.1427077099887715,follower_3,35.58831669308519,27.42035434034003,30.125674,0.878966
1326,2.15,empty_shadow,IDEAM,occluder,121,vehicle.carlamotors.firetruck,occluder,-5,centre,1,[1],236.59544299649204,-205.25578385244023,19.003430601681792,-0.5792620823069516,lead_centre,118.31592553836693,19.03057523876098,19.060993,1.021082
1326,2.15,empty_shadow,IDEAM,lead_left,122,vehicle.mercedes.coupe_2020,leader,-4,left,0,[0],369.0744788567932,-201.7485535690978,21.786361841218284,-0.3689925994490117,,,21.82245083251329,23.287836,0.948219
1326,2.15,empty_shadow,IDEAM,lead_centre,123,vehicle.nissan.patrol_2021,leader,-5,centre,1,[1],361.9420670875008,-205.2503460572644,19.284558534408124,-0.25417396754653476,,,19.307813071190544,20.011235,1.074628
1326,2.15,empty_shadow,IDEAM,lead_right,124,vehicle.nissan.patrol_2021,leader,-6,right,2,[2],373.11354966512056,-208.74990740965362,22.814315227648866,-0.57319629485778,,,22.846478742947664,23.123141,0.908861
1326,2.15,empty_shadow,IDEAM,rear_centre,125,vehicle.tesla.model3,follower,-5,centre,1,[1],209.72562735330592,-205.2497219592789,17.915847185998857,-0.06259908067867864,occluder,20.185004090716387,17.91203210870781,20.183858,0.943297
1326,2.15,empty_shadow,IDEAM,follower_1,126,vehicle.tesla.model3,follower,-4,left,0,[0],209.21213497963694,-201.75040046867312,31.332513672798896,0.10978632194208714,ego,34.325031193383225,31.22369913684467,32.0,0.996942
1326,2.15,empty_shadow,IDEAM,follower_2,127,vehicle.mercedes.coupe_2020,follower,-4,left,0,[0],170.88233146843413,-201.75680822132847,30.58322933735332,-0.3404573287856136,follower_1,33.560076828821316,30.55425422676147,32.0,1.023943
1326,2.15,empty_shadow,IDEAM,follower_3,128,vehicle.mercedes.coupe_2020,follower,-4,left,0,[0],133.803044731273,-201.75706732598076,29.78062257299875,-0.30863785593095217,follower_2,32.36551725676522,29.761503513666156,32.0,0.992958
1326,2.15,empty_shadow,IDEAM,follower_4,129,vehicle.audi.a2,follower,-4,left,0,[0],93.78529413376143,-201.7503332533868,27.39142777669419,-0.07877344569361466,follower_3,35.70855625622451,27.413214971732522,30.125674,0.878966
1327,2.1999999999999997,empty_shadow,IDEAM,occluder,121,vehicle.carlamotors.firetruck,occluder,-5,centre,1,[1],237.54475334288998,-205.25574992135378,18.974974854259848,-0.5691149625241795,lead_centre,118.32968898091659,19.00211928865485,19.060993,1.021082
1327,2.1999999999999997,empty_shadow,IDEAM,lead_left,122,vehicle.mercedes.coupe_2020,leader,-4,left,0,[0],370.1633766650825,-201.74867038336046,21.772585181679656,-0.27553298942204746,,,21.804199218793368,23.287836,0.948219
1327,2.1999999999999997,empty_shadow,IDEAM,lead_centre,123,vehicle.nissan.patrol_2021,leader,-5,centre,1,[1],362.90605638812275,-205.25030711859392,19.276354992939304,-0.1640708127853653,,,19.295281811249136,20.011235,1.074628
1327,2.1999999999999997,empty_shadow,IDEAM,lead_right,124,vehicle.nissan.patrol_2021,leader,-6,right,2,[2],374.25353386498625,-208.7499152435454,22.790095720570527,-0.4843901399734184,,,22.818170153588657,23.123141,0.908861
1327,2.1999999999999997,empty_shadow,IDEAM,rear_centre,125,vehicle.tesla.model3,follower,-5,centre,1,[1],210.62134887207233,-205.24981312103532,17.91251122922973,-0.06671913566831962,occluder,20.23990517413094,17.908425306915337,20.183858,0.943297
1327,2.1999999999999997,empty_shadow,IDEAM,follower_1,126,vehicle.tesla.model3,follower,-4,left,0,[0],210.7789380335553,-201.75035425015707,31.33828909188916,0.11550840711959355,ego,34.28135579431285,31.225467722119635,32.0,0.996942
1327,2.1999999999999997,empty_shadow,IDEAM,follower_2,127,vehicle.mercedes.coupe_2020,follower,-4,left,0,[0],172.41110986687463,-201.75749213768566,30.57017256865137,-0.2611033478496714,follower_1,33.59709434181499,30.53834847698858,32.0,1.023943
1327,2.1999999999999997,empty_shadow,IDEAM,follower_3,128,vehicle.mercedes.coupe_2020,follower,-4,left,0,[0],135.29172299795286,-201.75765811058258,29.769156784471406,-0.22928353172742824,follower_2,32.40564791651296,29.746349465547556,32.0,0.992958
1327,2.1999999999999997,empty_shadow,IDEAM,follower_4,129,vehicle.audi.a2,follower,-4,left,0,[0],95.1548620917347,-201.750354319727,27.390611430712834,-0.016326919700363412,follower_3,35.82824645093564,27.409254720163904,30.125674,0.878966
1328,2.25,empty_shadow,IDEAM,occluder,121,vehicle.carlamotors.firetruck,occluder,-5,centre,1,[1],238.49262937361027,-205.25574699715025,18.947131366526808,-0.5568697666970328,lead_centre,118.34436793514061,18.97416490031736,19.060993,1.021082
1328,2.25,empty_shadow,IDEAM,lead_left,122,vehicle.mercedes.coupe_2020,leader,-4,left,0,[0],371.25175567457404,-201.74878737460634,21.763250714269432,-0.18668921374528288,,,21.790570103940013,23.287836,0.948219
1328,2.25,empty_shadow,IDEAM,lead_centre,123,vehicle.nissan.patrol_2021,leader,-5,centre,1,[1],363.8697710305575,-205.2502682736204,19.272505931996797,-0.07698120013474755,,,19.28719262160045,20.011235,1.074628
1328,2.25,empty_shadow,IDEAM,lead_right,124,vehicle.nissan.patrol_2021,leader,-6,right,2,[2],375.39244994447427,-208.74990818302618,22.770312705786406,-0.39566029432142535,,,22.794246425976812,23.123141,0.908861
1328,2.25,empty_shadow,IDEAM,rear_centre,125,vehicle.tesla.model3,follower,-5,centre,1,[1],211.51685674177736,-205.2498280617263,17.90901695486253,-0.0698854885247154,occluder,20.29349400176246,17.90463070822541,20.183858,0.943297
1328,2.25,empty_shadow,IDEAM,follower_1,126,vehicle.tesla.model3,follower,-4,left,0,[0],212.34604626323713,-201.75030792753327,31.34420947203514,0.1184076261752713,ego,34.23395739147336,31.22760645895603,32.0,0.996942
1328,2.25,empty_shadow,IDEAM,follower_2,127,vehicle.mercedes.coupe_2020,follower,-4,left,0,[0],173.93933889168153,-201.7580083947669,30.5610243711045,-0.18293191139645323,follower_1,33.63511899729286,30.526228184287866,32.0,1.023943
1328,2.25,empty_shadow,IDEAM,follower_3,128,vehicle.mercedes.coupe_2020,follower,-4,left,0,[0],136.77997395089378,-201.75805067668904,29.761591977045615,-0.15126481268840802,follower_2,32.44574804827357,29.73511353142402,32.0,0.992958
1328,2.25,empty_shadow,IDEAM,follower_4,129,vehicle.audi.a2,follower,-4,left,0,[0],96.52449108486064,-201.75037536524565,27.392808693006582,0.043945245823530064,follower_3,35.94735675964223,27.408399982244887,30.125674,0.878966
1329,2.3,empty_shadow,IDEAM,occluder,121,vehicle.carlamotors.firetruck,occluder,-5,centre,1,[1],239.43919313813677,-205.2557140030338,18.919991689560415,-0.5427935511513845,lead_centre,118.36020654685505,18.946814918171302,19.060993,1.021082
1329,2.3,empty_shadow,IDEAM,lead_left,122,vehicle.mercedes.coupe_2020,leader,-4,left,0,[0],372.33973794516214,-201.74887398361597,21.75816388841622,-0.10173643623852852,,,21.781335447369372,23.287836,0.948219
1329,2.3,empty_shadow,IDEAM,lead_centre,123,vehicle.nissan.patrol_2021,leader,-5,centre,1,[1],364.833516195774,-205.25024467702428,19.272893094812027,0.007743276773340498,,,19.2833971636686,20.011235,1.074628
1329,2.3,empty_shadow,IDEAM,lead_right,124,vehicle.nissan.patrol_2021,leader,-6,right,2,[2],376.53051153702995,-208.74991667279693,22.75489561197469,-0.3083418749994771,,,22.77470431154249,23.123141,0.908861
1329,2.3,empty_shadow,IDEAM,rear_centre,125,vehicle.tesla.model3,follower,-5,centre,1,[1],212.41221201839525,-205.24982779568302,17.905410146435205,-0.07213616953757258,occluder,20.34586216277775,17.900697391103698,20.183858,0.943297
1329,2.3,empty_shadow,IDEAM,follower_1,126,vehicle.tesla.model3,follower,-4,left,0,[0],213.91342915110613,-201.75026151121244,31.350150836215654,0.11882730359640521,ego,34.18301918922527,31.2300029553449,32.0,0.996942
1329,2.3,empty_shadow,IDEAM,follower_2,127,vehicle.mercedes.coupe_2020,follower,-4,left,0,[0],175.46726268867107,-201.75837216807417,30.555689403736515,-0.10666839613783188,follower_1,33.67399820216777,30.517835556146753,32.0,1.023943
1329,2.3,empty_shadow,IDEAM,follower_3,128,vehicle.mercedes.coupe_2020,follower,-4,left,0,[0],138.2679501831829,-201.75826023103443,29.757832787322926,-0.07515438202985074,follower_2,32.48572612013957,29.727729936003392,32.0,0.992958
1329,2.3,empty_shadow,IDEAM,follower_4,129,vehicle.audi.a2,follower,-4,left,0,[0],97.89433370102105,-201.75039633788884,27.39786697577278,0.10116565571611612,follower_3,36.06597871945721,27.410543138839287,30.125674,0.878966
1330,2.35,empty_shadow,IDEAM,occluder,121,vehicle.carlamotors.firetruck,occluder,-5,centre,1,[1],240.38438361172757,-205.25568147740236,18.893645470434546,-0.5269243924052496,lead_centre,118.37738794754507,18.92015913578123,19.060993,1.021082
1330,2.35,empty_shadow,IDEAM,lead_left,122,vehicle.mercedes.coupe_2020,leader,-4,left,0,[0],373.4276897085847,-201.74899112061274,21.757128249057,-0.02071274420602482,,,21.77630295948092,23.287836,0.948219
1330,2.35,empty_shadow,IDEAM,lead_centre,123,vehicle.nissan.patrol_2021,leader,-5,centre,1,[1],365.7973223961432,-205.25022105960662,19.277388689349195,0.08991191140158321,,,19.283778936207632,20.011235,1.074628
1330,2.35,empty_shadow,IDEAM,lead_right,124,vehicle.nissan.patrol_2021,leader,-6,right,2,[2],377.66796277285323,-208.74991011199504,22.743758607667207,-0.22274008520338584,,,22.759474518877944,23.123141,0.908861
1330,2.35,empty_shadow,IDEAM,rear_centre,125,vehicle.tesla.model3,follower,-5,centre,1,[1],213.30735366677328,-205.24981234372697,17.901728951540182,-0.07362389830543699,occluder,20.39707065068636,17.896672121064935,20.183858,0.943297
1330,2.35,empty_shadow,IDEAM,follower_1,126,vehicle.tesla.model3,follower,-4,left,0,[0],215.48111721473862,-201.75021499078386,31.355985392680026,0.11669114308517872,ego,34.1287853854386,31.232553333222594,32.0,0.996942
1330,2.35,empty_shadow,IDEAM,follower_2,127,vehicle.mercedes.coupe_2020,follower,-4,left,0,[0],176.9950338353142,-201.75855288797726,30.554074203913043,-0.03227508140742692,follower_1,33.71345729304723,30.513077813139795,32.0,1.023943
1330,2.35,empty_shadow,IDEAM,follower_3,128,vehicle.mercedes.coupe_2020,follower,-4,left,0,[0],139.7558653386762,-201.75834773589594,29.757764751360074,-0.0013340675865717345,follower_2,32.52567368483999,29.724104956281735,32.0,0.992958
1330,2.35,empty_shadow,IDEAM,follower_4,129,vehicle.audi.a2,follower,-4,left,0,[0],99.2644967621439,-201.75044771879524,27.405633691370046,0.1553343130828166,follower_3,36.184112335585915,27.415533076085527,30.125674,0.878966
1331,2.4,empty_shadow,IDEAM,occluder,121,vehicle.carlamotors.firetruck,occluder,-5,centre,1,[1],241.3282923471117,-205.25564938902357,18.868178539802937,-0.5093386207835061,lead_centre,118.39600367432348,18.894285483644094,19.060993,1.021082
1331,2.4,empty_shadow,IDEAM,lead_left,122,vehicle.mercedes.coupe_2020,leader,-4,left,0,[0],374.5156109544309,-201.74910826802028,21.7599893009082,0.057221054345996,,,21.77527837825296,23.287836,0.948219
1331,2.4,empty_shadow,IDEAM,lead_centre,123,vehicle.nissan.patrol_2021,leader,-5,centre,1,[1],366.7614642846469,-205.25018206888222,19.285901162442613,0.170249481778457,,,19.28821191701806,20.011235,1.074628
1331,2.4,empty_shadow,IDEAM,lead_right,124,vehicle.nissan.patrol_2021,leader,-6,right,2,[2],378.80498676781303,-208.74991895573223,22.736787253185497,-0.13942708874745732,,,22.74847258059402,23.123141,0.908861
1331,2.4,empty_shadow,IDEAM,rear_centre,125,vehicle.tesla.model3,follower,-5,centre,1,[1],214.20231220969325,-205.24979695423562,17.898009610810526,-0.0743868143529077,occluder,20.447119475899107,17.892594067901932,20.183858,0.943297
1331,2.4,empty_shadow,IDEAM,follower_1,126,vehicle.tesla.model3,follower,-4,left,0,[0],217.0490799365582,-201.75016837665828,31.361631125364433,0.11291466546494358,ego,34.07153077364063,31.23514365412307,32.0,0.996942
1331,2.4,empty_shadow,IDEAM,follower_2,127,vehicle.mercedes.coupe_2020,follower,-4,left,0,[0],178.52280492990343,-201.7585810199986,30.556041417543113,0.0393703652468326,follower_1,33.75337421003658,30.511863779951664,32.0,1.023943
1331,2.4,empty_shadow,IDEAM,follower_3,128,vehicle.mercedes.coupe_2020,follower,-4,left,0,[0],141.24387198963927,-201.7582673628552,29.761244772430807,0.06962377374135298,follower_2,32.56552967598981,29.72412608474507,32.0,0.992958
1331,2.4,empty_shadow,IDEAM,follower_4,129,vehicle.audi.a2,follower,-4,left,0,[0],100.63516335286575,-201.75046841034745,27.415916197111887,0.20565011704316932,follower_3,36.30186442995637,27.423218554191042,30.125674,0.878966
1332,2.45,empty_shadow,IDEAM,occluder,121,vehicle.carlamotors.firetruck,occluder,-5,centre,1,[1],242.27098037944188,-205.25561771707592,18.84367100635304,-0.49015067558341296,lead_centre,118.41623682744304,18.869278212998015,19.060993,1.021082
1332,2.45,empty_shadow,IDEAM,lead_left,122,vehicle.mercedes.coupe_2020,leader,-4,left,0,[0],375.6038068584643,-201.74922532173085,21.766615437865262,0.13252274194053723,,,21.778108877124076,23.287836,0.948219
1332,2.45,empty_shadow,IDEAM,lead_centre,123,vehicle.nissan.patrol_2021,leader,-5,centre,1,[1],367.7261860071012,-205.25014288035305,19.298310353284652,0.248183833265119,,,19.296605710054667,20.011235,1.074628
1332,2.45,empty_shadow,IDEAM,lead_right,124,vehicle.nissan.patrol_2021,leader,-6,right,2,[2],379.94173610458563,-208.74992789316642,22.733870920859733,-0.05832664592442776,,,22.74158567155744,23.123141,0.908861
1332,2.45,empty_shadow,IDEAM,rear_centre,125,vehicle.tesla.model3,follower,-5,centre,1,[1],215.09711816473146,-205.24978161679815,17.894288363826696,-0.07442493898504483,occluder,20.496069668363276,17.88850071309832,20.183858,0.943297
1332,2.45,empty_shadow,IDEAM,follower_1,126,vehicle.tesla.model3,follower,-4,left,0,[0],218.61734783414133,-201.7501216584249,31.367007927082735,0.10753604156556107,ego,34.01146910179514,31.2377042678343,32.0,0.996942
1332,2.45,empty_shadow,IDEAM,follower_2,127,vehicle.mercedes.coupe_2020,follower,-4,left,0,[0],180.05078959547325,-201.75845649126273,30.561423152725233,0.10765745477295151,follower_1,33.793565837266954,30.5140610778254,32.0,1.023943
1332,2.45,empty_shadow,IDEAM,follower_3,128,vehicle.mercedes.coupe_2020,follower,-4,left,0,[0],142.73212273436465,-201.7580495774347,29.76810685383908,0.13726131606358824,follower_2,32.60529411961596,29.727652217814725,32.0,0.992958
1332,2.45,empty_shadow,IDEAM,follower_4,129,vehicle.audi.a2,follower,-4,left,0,[0],102.0063640011737,-201.75048891971105,27.42851613022404,0.25199866538257726,follower_3,36.41920449019761,27.433408592526995,30.125674,0.878966
1333,2.5,empty_shadow,IDEAM,occluder,121,vehicle.carlamotors.firetruck,occluder,-5,centre,1,[1],243.21247823670518,-205.25561696872492,18.820199164112214,-0.46943685001043006,lead_centre,118.43827051756715,18.84521593887189,19.060993,1.021082
1333,2.5,empty_shadow,IDEAM,lead_left,122,vehicle.mercedes.coupe_2020,leader,-4,left,0,[0],376.6924910437192,-201.74934220886894,21.776865518565526,0.2050016114495,,,21.78466420771997,23.287836,0.948219
1333,2.5,empty_shadow,IDEAM,lead_centre,123,vehicle.nissan.patrol_2021,leader,-5,centre,1,[1],368.6916401513879,-205.25010344196522,19.31446748869557,0.32314272064196037,,,19.30884161144012,20.011235,1.074628
1333,2.5,empty_shadow,IDEAM,lead_right,124,vehicle.nissan.patrol_2021,leader,-6,right,2,[2],381.07851595372927,-208.74992156140166,22.734904706586086,0.020675714885113106,,,22.738704642326756,23.123141,0.908861
1333,2.5,empty_shadow,IDEAM,rear_centre,125,vehicle.tesla.model3,follower,-5,centre,1,[1],215.99174101431157,-205.24976634182534,17.890599543177515,-0.0737764121213684,occluder,20.54395174565522,17.8844292442811,20.183858,0.943297
1333,2.5,empty_shadow,IDEAM,follower_1,126,vehicle.tesla.model3,follower,-4,left,0,[0],220.18579883718255,-201.75007487772686,31.372049040553897,0.10082227339632577,ego,33.94881400334735,31.240164580321743,32.0,0.996942
1333,2.5,empty_shadow,IDEAM,follower_2,127,vehicle.mercedes.coupe_2020,follower,-4,left,0,[0],181.57914042511072,-201.75819450850398,30.570059135072736,0.17273872294781248,follower_1,33.83384906928028,30.51950761641154,32.0,1.023943
1333,2.5,empty_shadow,IDEAM,follower_3,128,vehicle.mercedes.coupe_2020,follower,-4,left,0,[0],144.22083119068137,-201.75767904797075,29.778177360713627,0.20142605896318752,follower_2,32.64502804046039,29.734519562363563,32.0,0.992958
1333,2.5,empty_shadow,IDEAM,follower_4,129,vehicle.audi.a2,follower,-4,left,0,[0],103.37826655373767,-201.75050918962674,27.443208423704732,0.29384587369246673,follower_3,36.53625458661503,27.445906433549222,30.125674,0.878966
1334,2.55,empty_shadow,IDEAM,occluder,121,vehicle.carlamotors.firetruck,occluder,-5,centre,1,[1],244.15281641565645,-205.25558609840712,18.797829769633267,-0.4473878939737709,lead_centre,118.46222680459053,18.82217351202788,19.060993,1.021082
1334,2.55,empty_shadow,IDEAM,lead_left,122,vehicle.mercedes.coupe_2020,leader,-4,left,0,[0],377.78175506292473,-201.74945889820228,21.790598402508333,0.27465767739531105,,,21.794804629434406,23.287836,0.948219
1334,2.55,empty_shadow,IDEAM,lead_centre,123,vehicle.nissan.patrol_2021,leader,-5,centre,1,[1],369.6579487878123,-205.25006371207562,19.334204722057997,0.3947446755224423,,,19.324772617299224,20.011235,1.074628
1334,2.55,empty_shadow,IDEAM,lead_right,124,vehicle.nissan.patrol_2021,leader,-6,right,2,[2],382.21544839596004,-208.74993043637116,22.739795151585167,0.09780890029572628,,,22.739725915314903,23.123141,0.908861
1334,2.55,empty_shadow,IDEAM,rear_centre,125,vehicle.tesla.model3,follower,-5,centre,1,[1],216.88615024606264,-205.24976639851616,17.8869774815421,-0.07244123240325771,occluder,20.59082675333842,17.880415034439913,20.183858,0.943297
1334,2.55,empty_shadow,IDEAM,follower_1,126,vehicle.tesla.model3,follower,-4,left,0,[0],221.7545244984109,-201.75002800333183,31.376687708534334,0.09277336075055655,ego,33.883962295281414,31.24246541804991,32.0,0.996942
1334,2.55,empty_shadow,IDEAM,follower_2,127,vehicle.mercedes.coupe_2020,follower,-4,left,0,[0],183.10801001190302,-201.7578102784566,30.581745213874573,0.23373692411738003,follower_1,33.873949242684006,30.528048101479225,32.0,1.023943
1334,2.55,empty_shadow,IDEAM,follower_3,128,vehicle.mercedes.coupe_2020,follower,-4,left,0,[0],145.71014997249813,-201.75723201635037,29.79125404545127,0.26154594269441434,follower_2,32.68467041378115,29.744556805493126,32.0,0.992958
1334,2.55,empty_shadow,IDEAM,follower_4,129,vehicle.audi.a2,follower,-4,left,0,[0],104.75096256328673,-201.75052918886223,27.459769917502953,0.3312298810606769,follower_3,36.65306049036777,27.460488904436232,30.125674,0.878966
1335,2.6,empty_shadow,IDEAM,occluder,121,vehicle.carlamotors.firetruck,occluder,-5,centre,1,[1],245.0920864794355,-205.25555559246655,18.776625765646212,-0.4240800833805166,lead_centre,118.48819726206372,18.800216408357592,19.060993,1.021082
1335,2.6,empty_shadow,IDEAM,lead_left,122,vehicle.mercedes.coupe_2020,leader,-4,left,0,[0],378.87181253911535,-201.74957531685538,21.80765387396569,0.3411094326969722,,,21.808390351229818,23.287836,0.948219
1335,2.6,empty_shadow,IDEAM,lead_centre,123,vehicle.nissan.patrol_2021,leader,-5,centre,1,[1],370.62535606219075,-205.2500388661862,19.357308429543654,0.46207415466358903,,,19.344232844221622,20.011235,1.074628
1335,2.6,empty_shadow,IDEAM,lead_right,124,vehicle.nissan.patrol_2021,leader,-6,right,2,[2],383.35277756147786,-208.7499239172124,22.748443072317087,0.17295841477445315,,,22.744557144192992,23.123141,0.908861
1335,2.6,empty_shadow,IDEAM,rear_centre,125,vehicle.tesla.model3,follower,-5,centre,1,[1],217.78040688472657,-205.24975124847268,17.883446972220536,-0.07061018562537207,occluder,20.63675570053863,17.876493169548215,20.183858,0.943297
1335,2.6,empty_shadow,IDEAM,follower_1,126,vehicle.tesla.model3,follower,-4,left,0,[0],223.32346378267368,-201.74998105606136,31.380864802775328,0.08354188474080887,ego,33.81697505959853,31.24454694787895,32.0,0.996942
1335,2.6,empty_shadow,IDEAM,follower_2,127,vehicle.mercedes.coupe_2020,follower,-4,left,0,[0],184.63752043656635,-201.75733427705381,30.59627342226856,0.2905759115658176,follower_1,33.913805317120044,30.539485527188845,32.0,1.023943
1335,2.6,empty_shadow,IDEAM,follower_3,128,vehicle.mercedes.coupe_2020,follower,-4,left,0,[0],147.20020115012034,-201.75670844093048,29.80711558975191,0.3172397929955497,follower_2,32.7242212187567,29.75756407713378,32.0,0.992958
1335,2.6,empty_shadow,IDEAM,follower_4,129,vehicle.audi.a2,follower,-4,left,0,[0],106.12452832376175,-201.75054889139057,27.47795837911928,0.3637692381377586,follower_3,36.76968326263547,27.47693450730757,30.125674,0.878966
1336,2.65,empty_shadow,IDEAM,occluder,121,vehicle.carlamotors.firetruck,occluder,-5,centre,1,[1],246.03037998077133,-205.25552541967087,18.756652002912368,-0.39947525732997285,lead_centre,118.51633447266309,18.779406324224585,19.060993,1.021082
1336,2.65,empty_shadow,IDEAM,lead_left,122,vehicle.mercedes.coupe_2020,leader,-4,left,0,[0],379.96287709532555,-201.7496913919528,21.827839294113357,0.4037084134853027,,,21.825262667797134,23.287836,0.948219
1336,2.65,empty_shadow,IDEAM,lead_centre,123,vehicle.nissan.patrol_2021,leader,-5,centre,1,[1],371.5940450695705,-205.24999832425593,19.38354019265946,0.5246352644326491,,,19.367011218257915,20.011235,1.074628
1336,2.65,empty_shadow,IDEAM,lead_right,124,vehicle.nissan.patrol_2021,leader,-6,right,2,[2],384.4905644958464,-208.74993250068016,22.76073021454917,0.24574284475289984,,,22.753100257726185,23.123141,0.908861
1336,2.65,empty_shadow,IDEAM,rear_centre,125,vehicle.tesla.model3,follower,-5,centre,1,[1],218.6744804179324,-205.2497361608939,17.880040444354407,-0.06813055708470928,occluder,20.68176912565375,17.872689373810275,20.183858,0.943297
1336,2.65,empty_shadow,IDEAM,follower_1,126,vehicle.tesla.model3,follower,-4,left,0,[0],224.8926166899709,-201.74993403591543,31.384523102915512,0.07316600266274387,ego,33.748127006539725,31.246356153054347,32.0,0.996942
1336,2.65,empty_shadow,IDEAM,follower_2,127,vehicle.mercedes.coupe_2020,follower,-4,left,0,[0],186.16785480455874,-201.75676644183102,30.613416723030095,0.3428744552168334,follower_1,33.95323417671952,30.553618587878116,32.0,1.023943
1336,2.65,empty_shadow,IDEAM,follower_3,128,vehicle.mercedes.coupe_2020,follower,-4,left,0,[0],148.69113730622433,-201.756093010869,29.82553114579255,0.36831710813936125,follower_2,32.76368046579782,29.77332312413909,32.0,0.992958
1336,2.65,empty_shadow,IDEAM,follower_4,129,vehicle.audi.a2,follower,-4,left,0,[0],107.49908590546812,-201.7505682555686,27.497543019557124,0.3916928151341648,follower_3,36.88616867978265,27.49500279478535,30.125674,0.878966
1337,2.7,empty_shadow,IDEAM,occluder,121,vehicle.carlamotors.firetruck,occluder,-5,centre,1,[1],246.96766640208767,-205.25549559043085,18.737893222644416,-0.37517560721264115,lead_centre,118.54672997870695,18.7598068220736,19.060993,1.021082
1337,2.7,empty_shadow,IDEAM,lead_left,122,vehicle.mercedes.coupe_2020,leader,-4,left,0,[0],381.05494873155527,-201.7498071234946,21.850941041164774,0.4620349594024084,,,21.845230765273172,23.287836,0.948219
1337,2.7,empty_shadow,IDEAM,lead_centre,123,vehicle.nissan.patrol_2021,leader,-5,centre,1,[1],372.56413788546223,-205.24995730342988,19.41261581719644,0.5815124905234863,,,19.392872185568503,20.011235,1.074628
1337,2.7,empty_shadow,IDEAM,lead_right,124,vehicle.nissan.patrol_2021,leader,-6,right,2,[2],385.62905333447094,-208.7499408447,22.776530691906547,0.3160095471638148,,,22.765238282049957,23.123141,0.908861
1337,2.7,empty_shadow,IDEAM,rear_centre,125,vehicle.tesla.model3,follower,-5,centre,1,[1],219.56837084568014,-205.24972113577974,17.87677315471211,-0.0653457927695788,occluder,20.725989093783767,17.86903708802831,20.183858,0.943297
1337,2.7,empty_shadow,IDEAM,follower_1,126,vehicle.tesla.model3,follower,-4,left,0,[0],226.46195270272625,-201.74988695330484,31.387620647081505,0.06195088422691428,ego,33.67760127800083,31.247844301286648,32.0,0.996942
1337,2.7,empty_shadow,IDEAM,follower_2,127,vehicle.mercedes.coupe_2020,follower,-4,left,0,[0],187.69913519139104,-201.75612198993323,30.632938549386832,0.3904421477965129,follower_1,33.992052716024354,30.570227415952772,32.0,1.023943
1337,2.7,empty_shadow,IDEAM,follower_3,128,vehicle.mercedes.coupe_2020,follower,-4,left,0,[0],150.18304999353916,-201.75538569493355,29.846264153678195,0.4146637714386614,follower_2,32.80307867768623,29.791606072034064,32.0,0.992958
1337,2.7,empty_shadow,IDEAM,follower_4,129,vehicle.audi.a2,follower,-4,left,0,[0],108.8745895320413,-201.75058729701254,27.518285420401995,0.4148480236719951,follower_3,37.00254725418027,27.514464524695622,30.125674,0.878966
1338,2.75,empty_shadow,IDEAM,occluder,121,vehicle.carlamotors.firetruck,occluder,-5,centre,1,[1],247.90403730131897,-205.25548133230234,18.719826811302756,-0.36132822804904763,lead_centre,118.57953637328238,18.74140269901781,19.060993,1.021082
1338,2.75,empty_shadow,IDEAM,lead_left,122,vehicle.mercedes.coupe_2020,leader,-4,left,0,[0],382.14827158841524,-201.7499224281945,21.87673214365486,0.5158220754170469,,,21.86808305059039,23.287836,0.948219
1338,2.75,empty_shadow,IDEAM,lead_centre,123,vehicle.nissan.patrol_2021,leader,-5,centre,1,[1],373.53575658017144,-205.24991576206494,19.44423012706148,0.6322861959394006,,,19.421535052457187,20.011235,1.074628
1338,2.75,empty_shadow,IDEAM,lead_right,124,vehicle.nissan.patrol_2021,leader,-6,right,2,[2],386.76857976548604,-208.74993357596526,22.795686195233856,0.3831100665410503,,,22.780846648059338,23.123141,0.908861
1338,2.75,empty_shadow,IDEAM,rear_centre,125,vehicle.tesla.model3,follower,-5,centre,1,[1],220.46210868554613,-205.2497061627195,17.873666084566363,-0.062141402976512466,occluder,20.769385087352376,17.865550348416328,20.183858,0.943297
1338,2.75,empty_shadow,IDEAM,follower_1,126,vehicle.tesla.model3,follower,-4,left,0,[0],228.03144130336332,-201.74983981864037,31.39012882469541,0.050163555121925295,ego,33.60570305495067,31.24897475008755,32.0,0.996942
1338,2.75,empty_shadow,IDEAM,follower_2,127,vehicle.mercedes.coupe_2020,follower,-4,left,0,[0],189.2314226374213,-201.75541615932707,30.654588992724037,0.4330122069155006,follower_1,34.03010834194741,30.589083304752016,32.0,1.023943
1338,2.75,empty_shadow,IDEAM,follower_3,128,vehicle.mercedes.coupe_2020,follower,-4,left,0,[0],151.6760918363843,-201.75469325258751,29.86905517663296,0.4558223039283462,follower_2,32.84244637720368,29.812179277202922,32.0,0.992958
1338,2.75,empty_shadow,IDEAM,follower_4,129,vehicle.audi.a2,follower,-4,left,0,[0],110.25119179136306,-201.75060596366848,27.53995288527083,0.43334930437986335,follower_3,37.11895631492193,27.535082912045993,30.125674,0.878966
1339,2.8,empty_shadow,IDEAM,occluder,121,vehicle.carlamotors.firetruck,occluder,-5,centre,1,[1],248.8395231856307,-205.25545211729818,18.702666390487067,-0.34320841743757574,lead_centre,118.61478416876032,18.723680015061223,19.060993,1.021082
1339,2.8,empty_shadow,IDEAM,lead_left,122,vehicle.mercedes.coupe_2020,leader,-4,left,0,[0],383.24296773621097,-201.7500372644094,21.90495701844669,0.5644975278516013,,,21.8935947143197,23.287836,0.948219
1339,2.8,empty_shadow,IDEAM,lead_centre,123,vehicle.nissan.patrol_2021,leader,-5,centre,1,[1],374.5089927064272,-205.24987366892879,19.478056965366807,0.6765367646833784,,,19.45269845595101,20.011235,1.074628
1339,2.8,empty_shadow,IDEAM,lead_right,124,vehicle.nissan.patrol_2021,leader,-6,right,2,[2],387.9090217289969,-208.74994125369534,22.8180136196741,0.44654848880476944,,,22.79976871091141,23.123141,0.908861
1339,2.8,empty_shadow,IDEAM,rear_centre,125,vehicle.tesla.model3,follower,-5,centre,1,[1],221.3557244603121,-205.24970649009052,17.87073258544266,-0.058669982734175556,occluder,20.812018146717655,17.862234133925615,20.183858,0.943297
1339,2.8,empty_shadow,IDEAM,follower_1,126,vehicle.tesla.model3,follower,-4,left,0,[0],229.60096042157676,-201.7497926735651,31.39201521047321,0.03772772095991018,ego,33.53258492006568,31.249725442497592,32.0,0.996942
1339,2.8,empty_shadow,IDEAM,follower_2,127,vehicle.mercedes.coupe_2020,follower,-4,left,0,[0],190.76486973573665,-201.75466415674686,30.67810671203084,0.4703560398040384,follower_1,34.06730949655422,30.609945207983532,32.0,1.023943
1339,2.8,empty_shadow,IDEAM,follower_3,128,vehicle.mercedes.coupe_2020,follower,-4,left,0,[0],153.1702933158984,-201.7539088619029,29.89364669866566,0.49183112511021354,follower_2,32.881691980388794,29.83478638257225,32.0,0.992958
1339,2.8,empty_shadow,IDEAM,follower_4,129,vehicle.audi.a2,follower,-4,left,0,[0],111.6288926834334,-201.75062425553642,27.562310810460502,0.44715851084570607,follower_3,37.23539589844532,27.55662662303983,30.125674,0.878966
1340,2.85,empty_shadow,IDEAM,occluder,121,vehicle.carlamotors.firetruck,occluder,-5,centre,1,[1],249.77415457780467,-205.25542319379582,18.686598882107916,-0.32135016822161006,lead_centre,118.65253441070435,18.706848424118327,19.060993,1.021082
1340,2.85,empty_shadow,IDEAM,lead_left,122,vehicle.mercedes.coupe_2020,leader,-4,left,0,[0],384.33912872767155,-201.75015160090697,21.935346730771613,0.607794283761847,,,21.921512646469402,23.287836,0.948219
1340,2.85,empty_shadow,IDEAM,lead_centre,123,vehicle.nissan.patrol_2021,leader,-5,centre,1,[1],375.4839988573166,-205.2498462307557,19.513751101713353,0.7138827263895893,,,19.486040389400937,20.011235,1.074628
1340,2.85,empty_shadow,IDEAM,lead_right,124,vehicle.nissan.patrol_2021,leader,-6,right,2,[2],389.05074542550904,-208.7499332353846,22.843303155558356,0.5057907176830166,,,22.821823296206613,23.123141,0.908861
1340,2.85,empty_shadow,IDEAM,rear_centre,125,vehicle.tesla.model3,follower,-5,centre,1,[1],222.24915712441458,-205.24969162113806,17.867982192681342,-0.055007855681302925,occluder,20.85388825626341,17.859107446801055,20.183858,0.943297
1340,2.85,empty_shadow,IDEAM,follower_1,126,vehicle.tesla.model3,follower,-4,left,0,[0],231.17066264524829,-201.7497454660252,31.39325310117248,0.024757822311522282,ego,33.45861308426201,31.250069270630892,32.0,0.996942
1340,2.85,empty_shadow,IDEAM,follower_2,127,vehicle.mercedes.coupe_2020,follower,-4,left,0,[0],192.29953752669522,-201.75388122015917,30.70323419280262,0.5025501826294387,follower_1,34.10338151645229,30.632560254619765,32.0,1.023943
1340,2.85,empty_shadow,IDEAM,follower_3,128,vehicle.mercedes.coupe_2020,follower,-4,left,0,[0],154.665746005632,-201.7530935268,29.91978312227529,0.5227285656877115,follower_2,32.92093759919007,29.859173239804388,32.0,0.992958
1340,2.85,empty_shadow,IDEAM,follower_4,129,vehicle.audi.a2,follower,-4,left,0,[0],113.00772272582864,-201.7506421622056,27.585132221561132,0.45642822899220314,follower_3,37.35189648588906,27.578862462977483,30.125674,0.878966
1341,2.9,empty_shadow,IDEAM,occluder,121,vehicle.carlamotors.firetruck,occluder,-5,centre,1,[1],250.70802303056985,-205.2553945305629,18.671727282910723,-0.29743198418643907,lead_centre,118.69290916941974,18.691091391145164,19.060993,1.021082
1341,2.9,empty_shadow,IDEAM,lead_left,122,vehicle.mercedes.coupe_2020,leader,-4,left,0,[0],385.43684611552584,-201.75026540645487,21.96762090076299,0.6454834416377636,,,21.951570544612448,23.287836,0.948219
1341,2.9,empty_shadow,IDEAM,lead_centre,123,vehicle.nissan.patrol_2021,leader,-5,centre,1,[1],376.46077502242883,-205.24980292996935,19.550952046113697,0.7440188890643954,,,19.521220106622177,20.011235,1.074628
1341,2.9,empty_shadow,IDEAM,lead_right,124,vehicle.nissan.patrol_2021,leader,-6,right,2,[2],390.193811900586,-208.7499400177878,22.871318293084784,0.5603027505375118,,,22.846802827351055,23.123141,0.908861
1341,2.9,empty_shadow,IDEAM,rear_centre,125,vehicle.tesla.model3,follower,-5,centre,1,[1],223.1425287533644,-205.2496767730071,17.865430166711263,-0.05104051942802541,occluder,20.89508698433488,17.85618525526829,20.183858,0.943297
1341,2.9,empty_shadow,IDEAM,follower_1,126,vehicle.tesla.model3,follower,-4,left,0,[0],232.74039538649617,-201.74969824807448,31.39383868168751,0.011711621655732281,ego,33.38378750069117,31.249985019257508,32.0,0.996942
1341,2.9,empty_shadow,IDEAM,follower_2,127,vehicle.mercedes.coupe_2020,follower,-4,left,0,[0],193.8355175578206,-201.7530520595435,30.72970439582467,0.5294041162019312,follower_1,34.138415949165264,30.656680599510416,32.0,1.023943
1341,2.9,empty_shadow,IDEAM,follower_3,128,vehicle.mercedes.coupe_2020,follower,-4,left,0,[0],156.16257199671213,-201.7523082407885,29.94718978771381,0.548133328158895,follower_2,32.960152700415,29.88508714825792,32.0,0.992958
1341,2.9,empty_shadow,IDEAM,follower_4,129,vehicle.audi.a2,follower,-4,left,0,[0],114.38768191854884,-201.750659683676,27.608207310320452,0.46150178198433844,follower_3,37.46851913322744,27.601564780991175,30.125674,0.878966
1342,2.95,empty_shadow,IDEAM,occluder,121,vehicle.carlamotors.firetruck,occluder,-5,centre,1,[1],251.64118958948984,-205.25539662435423,18.65809927654663,-0.2725601271968431,lead_centre,118.73581688176681,18.676509915476004,19.060993,1.021082
1342,2.95,empty_shadow,IDEAM,lead_left,122,vehicle.mercedes.coupe_2020,leader,-4,left,0,[0],386.5362724876557,-201.75037862899921,22.001495335256344,0.6774887348891288,,,21.98349081145067,23.287836,0.948219
1342,2.95,empty_shadow,IDEAM,lead_centre,123,vehicle.nissan.patrol_2021,leader,-5,centre,1,[1],377.43953483000377,-205.24975895248244,19.589299311088155,0.7669453028049729,,,19.557881903409708,20.011235,1.074628
1342,2.95,empty_shadow,IDEAM,lead_right,124,vehicle.nissan.patrol_2021,leader,-6,right,2,[2],391.33834321932767,-208.74994630047365,22.90179009539071,0.6094360461457448,,,22.874473344977083,23.123141,0.908861
1342,2.95,empty_shadow,IDEAM,rear_centre,125,vehicle.tesla.model3,follower,-5,centre,1,[1],224.03568675927974,-205.24966199775164,17.863078412508337,-0.04703508445594199,occluder,20.93558380815029,17.85348500410291,20.183858,0.943297
1342,2.95,empty_shadow,IDEAM,follower_1,126,vehicle.tesla.model3,follower,-4,left,0,[0],234.3100976049623,-201.74963578174638,31.393762415331814,-0.0015253125717421688,ego,33.30847436465318,31.249471453833916,32.0,0.996942
1342,2.95,empty_shadow,IDEAM,follower_2,127,vehicle.mercedes.coupe_2020,follower,-4,left,0,[0],195.3728098551398,-201.75225296884076,30.757254106326915,0.5509942574647335,follower_1,34.172168659287735,30.68204892197667,32.0,1.023943
1342,2.95,empty_shadow,IDEAM,follower_3,128,vehicle.mercedes.coupe_2020,follower,-4,left,0,[0],157.6608018015097,-201.75153773466937,29.975605396441107,0.5683125495772997,follower_2,32.999306740460284,29.91225689063627,32.0,0.992958
1342,2.95,empty_shadow,IDEAM,follower_4,129,vehicle.audi.a2,follower,-4,left,0,[0],115.76881603795846,-201.75067680433145,27.631314824339608,0.46215028693315835,follower_3,37.58538593158737,27.624524746463713,30.125674,0.878966
1343,3.0,empty_shadow,IDEAM,occluder,121,vehicle.carlamotors.firetruck,occluder,-5,centre,1,[1],252.5737763040484,-205.25536839837397,18.645747285656835,-0.24703981788723428,lead_centre,118.78141013042176,18.6631506614347,19.060993,1.021082
1343,3.0,empty_shadow,IDEAM,lead_left,122,vehicle.mercedes.coupe_2020,leader,-4,left,0,[0],387.63740784406116,-201.75049126854003,22.036680117666798,0.7036956959567632,,,22.01699211350759,23.287836,0.948219
1343,3.0,empty_shadow,IDEAM,lead_centre,123,vehicle.nissan.patrol_2021,leader,-5,centre,1,[1],378.4202172448887,-205.24971431911655,19.628432406447182,0.7826619129299076,,,19.59567017665193,20.011235,1.074628
1343,3.0,empty_shadow,IDEAM,lead_right,124,vehicle.nissan.patrol_2021,leader,-6,right,2,[2],392.48440041168146,-208.74993680383247,22.93444008963777,0.6529998849884282,,,22.904568866881267,23.123141,0.908861
1343,3.0,empty_shadow,IDEAM,rear_centre,125,vehicle.tesla.model3,follower,-5,centre,1,[1],224.92881424761873,-205.24964723290694,17.860938376412133,-0.04280072161736961,occluder,20.975592361154924,17.85101079038051,20.183858,0.943297
1343,3.0,empty_shadow,IDEAM,follower_1,126,vehicle.tesla.model3,follower,-4,left,0,[0],235.87983034621016,-201.7495885637957,31.393035745813584,-0.014533372789085118,ego,33.232948271870505,31.248524233601255,32.0,0.996942
1343,3.0,empty_shadow,IDEAM,follower_2,127,vehicle.mercedes.coupe_2020,follower,-4,left,0,[0],196.9115364837528,-201.75146864761965,30.78561439737834,0.5672062788861529,follower_1,34.20457858043468,30.70841208982669,32.0,1.023943
1343,3.0,empty_shadow,IDEAM,follower_3,128,vehicle.mercedes.coupe_2020,follower,-4,left,0,[0],159.16043544084627,-201.75084304359535,30.004764842202363,0.5831899682665345,follower_2,33.03836923298191,29.94042416841173,32.0,0.992958
1343,3.0,empty_shadow,IDEAM,follower_4,129,vehicle.audi.a2,follower,-4,left,0,[0],117.15107930769298,-201.75069353978813,27.654260214106234,0.4589078015872907,follower_3,37.70248161697532,27.64752230972975,30.125674,0.878966
1344,3.05,empty_shadow,IDEAM,occluder,121,vehicle.carlamotors.firetruck,occluder,-5,centre,1,[1],253.50572214950364,-205.25534039102004,18.63468084949406,-0.22132872299646913,lead_centre,118.82950583074818,18.65104530670823,19.060993,1.021082
1344,3.05,empty_shadow,IDEAM,lead_left,122,vehicle.mercedes.coupe_2020,leader,-4,left,0,[0],388.74031320948404,-201.75057278667938,22.072879609548455,0.7239898875791324,,,22.05178750072871,23.287836,0.948219
1344,3.05,empty_shadow,IDEAM,lead_centre,123,vehicle.nissan.patrol_2021,leader,-5,centre,1,[1],379.40285278466,-205.24966901946087,19.667994657733203,0.7912450340545321,,,19.634229430727004,20.011235,1.074628
1344,3.05,empty_shadow,IDEAM,lead_right,124,vehicle.nissan.patrol_2021,leader,-6,right,2,[2],393.6321665935162,-208.7499419829759,22.968963100713047,0.6904602215503564,,,22.936814013078234,23.123141,0.908861
1344,3.05,empty_shadow,IDEAM,rear_centre,125,vehicle.tesla.model3,follower,-5,centre,1,[1],225.82175863570504,-205.2496477893151,17.859010055832588,-0.0385664119450415,occluder,21.015051587374472,17.84877418089336,20.183858,0.943297
1344,3.05,empty_shadow,IDEAM,follower_1,126,vehicle.tesla.model3,follower,-4,left,0,[0],237.4494104995763,-201.74954139789887,31.39166057977564,-0.027503300590681748,ego,33.15723968266025,31.247150828077793,32.0,0.996942
1344,3.05,empty_shadow,IDEAM,follower_2,127,vehicle.mercedes.coupe_2020,follower,-4,left,0,[0],198.45166694690482,-201.75076014144364,30.81452588480745,0.578230934975228,follower_1,34.23558469306954,30.735512410878055,32.0,1.023943
1344,3.05,empty_shadow,IDEAM,follower_3,128,vehicle.mercedes.coupe_2020,follower,-4,left,0,[0],160.66156443621858,-201.75013258360505,30.034414467328585,0.5929944442521166,follower_2,33.07746222225833,29.969327395325216,32.0,0.992958
1344,3.05,empty_shadow,IDEAM,follower_4,129,vehicle.audi.a2,follower,-4,left,0,[0],118.53447172775246,-201.75070989004604,27.676864188814214,0.4520795001199276,follower_3,37.81985198657737,27.67036375426057,30.125674,0.878966
1345,3.1,empty_shadow,IDEAM,occluder,121,vehicle.carlamotors.firetruck,occluder,-5,centre,1,[1],254.43711867858457,-205.2553125710601,18.624899967861964,-0.19561763208498664,lead_centre,118.88019552506422,18.64020305947983,19.060993,1.021082
1345,3.1,empty_shadow,IDEAM,lead_left,122,vehicle.mercedes.coupe_2020,leader,-4,left,0,[0],389.845110643819,-201.75059262419782,22.10980580300903,0.738523920032181,,,22.08758441611135,23.287836,0.948219
1345,3.1,empty_shadow,IDEAM,lead_centre,123,vehicle.nissan.patrol_2021,leader,-5,centre,1,[1],380.38744144411226,-205.24960779472724,19.707640835391746,0.7929235643888173,,,19.673208048294867,20.011235,1.074628
1345,3.1,empty_shadow,IDEAM,lead_right,124,vehicle.nissan.patrol_2021,leader,-6,right,2,[2],394.7817027895737,-208.74993129950607,23.00505013745301,0.7217407348624028,,,22.970907066569442,23.123141,0.908861
1345,3.1,empty_shadow,IDEAM,rear_centre,125,vehicle.tesla.model3,follower,-5,centre,1,[1],226.71470301858596,-205.24963308693506,17.85729345174741,-0.03433208111046913,occluder,21.054053044743405,17.84677577102106,20.183858,0.943297
1345,3.1,empty_shadow,IDEAM,follower_1,126,vehicle.tesla.model3,follower,-4,left,0,[0],239.01892961778972,-201.7494942528236,31.389661712546427,-0.039977322060527794,ego,33.081806287792176,31.245356331306038,32.0,0.996942
1345,3.1,empty_shadow,IDEAM,follower_2,127,vehicle.mercedes.coupe_2020,follower,-4,left,0,[0],199.9932622485162,-201.75003587676213,30.84374063335315,0.5842970920671123,follower_1,34.26503438328366,30.76310086454427,32.0,1.023943
1345,3.1,empty_shadow,IDEAM,follower_3,128,vehicle.mercedes.coupe_2020,follower,-4,left,0,[0],162.16421934684607,-201.7495284145931,30.064296800913475,0.5976496164920784,follower_2,33.116463690038046,29.99871543604804,32.0,0.992958
1345,3.1,empty_shadow,IDEAM,follower_4,129,vehicle.audi.a2,follower,-4,left,0,[0],119.91899329813685,-201.75072585510517,27.698941736152488,0.4415509522323556,follower_3,37.937588561890195,27.692870511283985,30.125674,0.878966
1346,3.15,empty_shadow,IDEAM,occluder,121,vehicle.carlamotors.firetruck,occluder,-5,centre,1,[1],255.3681490019547,-205.2553001348177,18.61639891781418,-0.1700210002977434,lead_centre,118.93338765543552,18.630623768197072,19.060993,1.021082
1346,3.15,empty_shadow,IDEAM,lead_left,122,vehicle.mercedes.coupe_2020,leader,-4,left,0,[0],390.95173912232417,-201.75058131949322,22.14717069142754,0.7472978173870622,,,22.12409790559604,23.287836,0.948219
1346,3.15,empty_shadow,IDEAM,lead_centre,123,vehicle.nissan.patrol_2021,leader,-5,centre,1,[1],381.3739527212853,-205.24957643169097,19.747040967732488,0.7880026607752525,,,19.712265810278662,20.011235,1.074628
1346,3.15,empty_shadow,IDEAM,lead_right,124,vehicle.nissan.patrol_2021,leader,-6,right,2,[2],395.9331310805704,-208.7499352293562,23.04237313658861,0.7464599827611413,,,23.0065425897614,23.123141,0.908861
1346,3.15,empty_shadow,IDEAM,rear_centre,125,vehicle.tesla.model3,follower,-5,centre,1,[1],227.60746429600877,-205.24961844701969,17.855792377543317,-0.030021484215170837,occluder,21.09250519094344,17.845015074503962,20.183858,0.943297
1346,3.15,empty_shadow,IDEAM,follower_1,126,vehicle.tesla.model3,follower,-4,left,0,[0],240.58835720930105,-201.74952343292156,31.387063939367145,-0.051955439074032383,ego,33.00670906515972,31.243161053105062,32.0,0.996942
1346,3.15,empty_shadow,IDEAM,follower_2,127,vehicle.mercedes.coupe_2020,follower,-4,left,0,[0],201.53629191265372,-201.74941793429127,30.873006894133123,0.5853283696115429,follower_1,34.29295819988571,30.790941072707184,32.0,1.023943
1346,3.15,empty_shadow,IDEAM,follower_3,128,vehicle.mercedes.coupe_2020,follower,-4,left,0,[0],163.6683391063437,-201.748939004652,30.09416963131808,0.5974605448629003,follower_2,33.15540408102194,30.028334396296422,32.0,0.992958
1346,3.15,empty_shadow,IDEAM,follower_4,129,vehicle.audi.a2,follower,-4,left,0,[0],121.30456772490528,-201.75074146099246,27.720328823562124,0.4277417533885522,follower_3,38.055721902133286,27.71485835029905,30.125674,0.878966
1347,3.2,empty_shadow,IDEAM,occluder,121,vehicle.carlamotors.firetruck,occluder,-5,centre,1,[1],256.29872154606346,-205.25524207837242,18.60917388463604,-0.14450066280880053,lead_centre,118.98886860923845,18.622301675421735,19.060993,1.021082
1347,3.2,empty_shadow,IDEAM,lead_left,122,vehicle.mercedes.coupe_2020,leader,-4,left,0,[0],392.0601986606157,-201.75058464893016,22.184701525308036,0.7506167224795287,,,22.16104307687469,23.287836,0.948219
1347,3.2,empty_shadow,IDEAM,lead_centre,123,vehicle.nissan.patrol_2021,leader,-5,centre,1,[1],382.3624171441663,-205.24960543751763,19.78588034027623,0.7767874666246555,,,19.751077649875914,20.011235,1.074628
1347,3.2,empty_shadow,IDEAM,lead_right,124,vehicle.nissan.patrol_2021,leader,-6,right,2,[2],397.08645146130067,-208.7499385137381,23.080607848187494,0.7646942320373717,,,23.043396370678753,23.123141,0.908861
1347,3.2,empty_shadow,IDEAM,rear_centre,125,vehicle.tesla.model3,follower,-5,centre,1,[1],228.50025609100794,-205.24960379669355,17.854497299065923,-0.025901568680706165,occluder,21.130774236890765,17.84349701623387,20.183858,0.943297
1347,3.2,empty_shadow,IDEAM,follower_1,126,vehicle.tesla.model3,follower,-4,left,0,[0],242.15760170576507,-201.74958319306054,31.38389968277066,-0.06328510739158512,ego,32.93213101090781,31.240587872503355,32.0,0.996942
1347,3.2,empty_shadow,IDEAM,follower_2,127,vehicle.mercedes.coupe_2020,follower,-4,left,0,[0],203.08075590808505,-201.74881476130204,30.902086270024444,0.581591691316711,follower_1,34.31935612725951,30.818793270404786,32.0,1.023943
1347,3.2,empty_shadow,IDEAM,follower_3,128,vehicle.mercedes.coupe_2020,follower,-4,left,0,[0],165.1738932231621,-201.74844065813335,30.1238002806897,0.5926178374816502,follower_2,33.19431398566182,30.057944883869887,32.0,0.992958
1347,3.2,empty_shadow,IDEAM,follower_4,129,vehicle.audi.a2,follower,-4,left,0,[0],122.69119500805776,-201.75075670770792,27.740876677896292,0.4109570915817052,follower_3,38.1742672348625,27.73616384670987,30.125674,0.878966
1348,3.25,empty_shadow,IDEAM,occluder,121,vehicle.carlamotors.firetruck,occluder,-5,centre,1,[1],257.2290499651775,-205.2552298815779,18.603211519107077,-0.1192473093592464,lead_centre,119.04676048801068,18.615232927971586,19.060993,1.021082
1348,3.25,empty_shadow,IDEAM,lead_left,122,vehicle.mercedes.coupe_2020,leader,-4,left,0,[0],393.17055029384625,-201.75060259168706,22.222119832000843,0.7483661726206715,,,22.19815018562069,23.287836,0.948219
1348,3.25,empty_shadow,IDEAM,lead_centre,123,vehicle.nissan.patrol_2021,leader,-5,centre,1,[1],383.3528652147153,-205.24964902543192,19.82386712612774,0.7597357331265999,,,19.789333645704858,20.011235,1.074628
1348,3.25,empty_shadow,IDEAM,lead_right,124,vehicle.nissan.patrol_2021,leader,-6,right,2,[2],398.24178599686456,-208.74992585222049,23.119426208377185,0.7763672038551691,,,23.0811480320736,23.123141,0.908861
1348,3.25,empty_shadow,IDEAM,rear_centre,125,vehicle.tesla.model3,follower,-5,centre,1,[1],229.39298685085438,-205.24958916718896,17.853398676491555,-0.021972451561487635,occluder,21.16855498600033,17.84221093643844,20.183858,0.943297
1348,3.25,empty_shadow,IDEAM,follower_1,126,vehicle.tesla.model3,follower,-4,left,0,[0],243.7267241267183,-201.74962773605444,31.380201366497467,-0.07396630224990504,ego,32.85828570122239,31.237666254801045,32.0,0.996942
1348,3.25,empty_shadow,IDEAM,follower_2,127,vehicle.mercedes.coupe_2020,follower,-4,left,0,[0],204.6267152959898,-201.74830263091374,30.930751805050136,0.5733158119658738,follower_1,34.344136628292205,30.846430689538078,32.0,1.023943
1348,3.25,empty_shadow,IDEAM,follower_3,128,vehicle.mercedes.coupe_2020,follower,-4,left,0,[0],166.6809122044668,-201.74800284705012,30.152973233541037,0.5834646537641753,follower_2,33.233223864274755,30.087317060909175,32.0,0.992958
1348,3.25,empty_shadow,IDEAM,follower_4,129,vehicle.audi.a2,follower,-4,left,0,[0],124.07878359486526,-201.7507716264839,27.760455599455003,0.3915784357842407,follower_3,38.29319406852841,27.756638700641,30.125674,0.878966
1349,3.3,empty_shadow,IDEAM,occluder,121,vehicle.carlamotors.firetruck,occluder,-5,centre,1,[1],258.15904268574644,-205.25520254051372,18.598492745097605,-0.09437547906042242,lead_centre,119.10688013944556,18.60940431300983,19.060993,1.021082
1349,3.3,empty_shadow,IDEAM,lead_left,122,vehicle.mercedes.coupe_2020,leader,-4,left,0,[0],394.2827940168105,-201.75061988897573,22.259173840518542,0.7410802022502803,,,22.23514389134167,23.287836,0.948219
1349,3.3,empty_shadow,IDEAM,lead_centre,123,vehicle.nissan.patrol_2021,leader,-5,centre,1,[1],384.3451443450507,-205.24970724748772,19.86073238755536,0.7373052437556087,,,19.82674652800696,20.011235,1.074628
1349,3.3,empty_shadow,IDEAM,lead_right,124,vehicle.nissan.patrol_2021,leader,-6,right,2,[2],399.3990126273676,-208.74992780402283,23.158513505244663,0.7817459373875065,,,23.119473506327072,23.123141,0.908861
1349,3.3,empty_shadow,IDEAM,rear_centre,125,vehicle.tesla.model3,follower,-5,centre,1,[1],230.28556505925684,-205.2496814012555,17.852492696508747,-0.018119598775678106,occluder,21.206152645267984,17.8411484790438,20.183858,0.943297
1349,3.3,empty_shadow,IDEAM,follower_1,126,vehicle.tesla.model3,follower,-4,left,0,[0],245.29557188948436,-201.74967237274535,31.376012859408213,-0.08377012064606264,ego,32.78535616868611,31.234425619541096,32.0,0.996942
1349,3.3,empty_shadow,IDEAM,follower_2,127,vehicle.mercedes.coupe_2020,follower,-4,left,0,[0],206.1740785132282,-201.7478510567824,30.95879179834519,0.5608057450853209,follower_1,34.36729966134065,30.87363818148475,32.0,1.023943
1349,3.3,empty_shadow,IDEAM,follower_3,128,vehicle.mercedes.coupe_2020,follower,-4,left,0,[0],168.18942656783418,-201.74762556099145,30.18146915445089,0.5699245548523318,follower_2,33.272164270874825,30.11623788090059,32.0,0.992958
1349,3.3,empty_shadow,IDEAM,follower_4,129,vehicle.audi.a2,follower,-4,left,0,[0],125.46734874411591,-201.750786212115,27.77894351783604,0.36975837199571415,follower_3,38.412624463025615,27.77615358782347,30.125674,0.878966
1350,3.35,empty_shadow,IDEAM,occluder,121,vehicle.carlamotors.firetruck,occluder,-5,centre,1,[1],259.0888523008572,-205.25517526191425,18.59499658182492,-0.06992326438130801,lead_centre,119.16916654921208,18.60479700667921,19.060993,1.021082
1350,3.35,empty_shadow,IDEAM,lead_left,122,vehicle.mercedes.coupe_2020,leader,-4,left,0,[0],395.39686878915023,-201.7506213028296,22.29562131799158,0.728949573769478,,,22.271775313757363,23.287836,0.948219
1350,3.35,empty_shadow,IDEAM,lead_centre,123,vehicle.nissan.patrol_2021,leader,-5,centre,1,[1],385.3392240123907,-205.24976485530763,19.896226261896725,0.7098775005589528,,,19.863051666390202,20.011235,1.074628
1350,3.35,empty_shadow,IDEAM,lead_right,124,vehicle.nissan.patrol_2021,leader,-6,right,2,[2],400.55819237755145,-208.74991383074723,23.19754930415087,0.7807159781432947,,,23.158061987577216,23.123141,0.908861
1350,3.35,empty_shadow,IDEAM,rear_centre,125,vehicle.tesla.model3,follower,-5,centre,1,[1],231.17814326765927,-205.24977363532201,17.851771717853897,-0.014419573133648788,occluder,21.243567157434427,17.840305260453714,20.183858,0.943297
1350,3.35,empty_shadow,IDEAM,follower_1,126,vehicle.tesla.model3,follower,-4,left,0,[0],246.86423655199775,-201.74973233068908,31.371362770950494,-0.09300175117370715,ego,32.713678044174145,31.2309067300484,32.0,0.996942
1350,3.35,empty_shadow,IDEAM,follower_2,127,vehicle.mercedes.coupe_2020,follower,-4,left,0,[0],207.7228455650056,-201.74747529769613,30.98600789534982,0.5443283770083385,follower_1,34.38878420686834,30.9002156549994,32.0,1.023943
1350,3.35,empty_shadow,IDEAM,follower_3,128,vehicle.mercedes.coupe_2020,follower,-4,left,0,[0],169.69934477094594,-201.74733934876608,30.209097312607785,0.5525696058084801,follower_2,33.31101312474584,30.144490626671956,32.0,0.992958
1350,3.35,empty_shadow,IDEAM,follower_4,129,vehicle.audi.a2,follower,-4,left,0,[0],126.8567989030807,-201.75080049583352,27.79624506605618,0.34603096841717096,follower_3,38.53257367714234,27.79458669216655,30.125674,0.878966
1351,3.4,empty_shadow,IDEAM,occluder,121,vehicle.carlamotors.firetruck,occluder,-5,centre,1,[1],260.0185398456626,-205.25514802495786,18.592700141906235,-0.0459287972531262,lead_centre,119.23343660144133,18.601390321052865,19.060993,1.021082
1351,3.4,empty_shadow,IDEAM,lead_left,122,vehicle.mercedes.coupe_2020,leader,-4,left,0,[0],396.5127746212763,-201.75063735082492,22.331225753768216,0.7120887324999122,,,22.307805058404792,23.287836,0.948219
1351,3.4,empty_shadow,IDEAM,lead_centre,123,vehicle.nissan.patrol_2021,leader,-5,centre,1,[1],386.3350126588008,-205.2498066213358,19.93012940376654,0.6780628488587664,,,19.898003298975425,20.011235,1.074628
1351,3.4,empty_shadow,IDEAM,lead_right,124,vehicle.nissan.patrol_2021,leader,-6,right,2,[2],401.7192642226745,-208.74991447079162,23.236237966041628,0.7737732378180788,,,23.196597100936334,23.123141,0.908861
1351,3.4,empty_shadow,IDEAM,rear_centre,125,vehicle.tesla.model3,follower,-5,centre,1,[1],232.07072146565093,-205.24983535181218,17.85122239314786,-0.010986494776212512,occluder,21.280798564142742,17.83967316707396,20.183858,0.943297
1351,3.4,empty_shadow,IDEAM,follower_1,126,vehicle.tesla.model3,follower,-4,left,0,[0],248.4326875862713,-201.7497771027201,31.366296876235126,-0.10131788050810096,ego,32.643129153273335,31.227131683317218,32.0,0.996942
1351,3.4,empty_shadow,IDEAM,follower_2,127,vehicle.mercedes.coupe_2020,follower,-4,left,0,[0],209.27292490379835,-201.74719064367545,31.012211272569463,0.5240742976123957,follower_1,34.40868181760432,30.92597614992659,32.0,1.023943
1351,3.4,empty_shadow,IDEAM,follower_3,128,vehicle.mercedes.coupe_2020,follower,-4,left,0,[0],171.21060577344403,-201.74712897240732,30.235676507859885,0.5315904056710216,follower_2,33.349861973411464,30.171887082595877,32.0,0.992958
1351,3.4,empty_shadow,IDEAM,follower_4,129,vehicle.audi.a2,follower,-4,left,0,[0],128.24710354377248,-201.75078397047395,27.81226678351201,0.32043435296461625,follower_3,38.65304172128931,27.81184274035426,30.125674,0.878966
1352,3.45,empty_shadow,IDEAM,occluder,121,vehicle.carlamotors.firetruck,occluder,-5,centre,1,[1],260.9481358377389,-205.2551208192338,18.591584351724464,-0.022315802540327705,lead_centre,119.29953770304608,18.59916171187324,19.060993,1.021082
1352,3.45,empty_shadow,IDEAM,lead_left,122,vehicle.mercedes.coupe_2020,leader,-4,left,0,[0],397.6303283973199,-201.7506375778501,22.365775431605737,0.6909935676623656,,,22.342999440721243,23.287836,0.948219
1352,3.45,empty_shadow,IDEAM,lead_centre,123,vehicle.nissan.patrol_2021,leader,-5,centre,1,[1],387.3324492595392,-205.24986308397015,19.962243448482372,0.6422809028469912,,,19.931385783850306,20.011235,1.074628
1352,3.45,empty_shadow,IDEAM,lead_right,124,vehicle.nissan.patrol_2021,leader,-6,right,2,[2],402.8821671223784,-208.7499144861893,23.274297202691976,0.7611847330130753,,,23.234787029511676,23.123141,0.908861
1352,3.45,empty_shadow,IDEAM,rear_centre,125,vehicle.tesla.model3,follower,-5,centre,1,[1],232.96329963761565,-205.2498207743615,17.850835187919664,-0.007744105908386372,occluder,21.317907910956464,17.83923881848134,20.183858,0.943297
1352,3.45,empty_shadow,IDEAM,follower_1,126,vehicle.tesla.model3,follower,-4,left,0,[0],250.00086396756308,-201.74983722723627,31.36085332205055,-0.10887107399635619,ego,32.574075660051335,31.223142953016254,32.0,0.996942
1352,3.45,empty_shadow,IDEAM,follower_2,127,vehicle.mercedes.coupe_2020,follower,-4,left,0,[0],210.82428599641392,-201.74695132876667,31.03723789603822,0.5005392857405998,follower_1,34.42705351308511,30.950742631627463,32.0,1.023943
1352,3.45,empty_shadow,IDEAM,follower_3,128,vehicle.mercedes.coupe_2020,follower,-4,left,0,[0],172.72314853497033,-201.74697919394865,30.261042700757788,0.5073301839521739,follower_2,33.38868030970613,30.19824805178402,32.0,0.992958
1352,3.45,empty_shadow,IDEAM,follower_4,129,vehicle.audi.a2,follower,-4,left,0,[0],129.63809480911058,-201.75070617571913,27.82693428449822,0.29335002312252223,follower_3,38.77399808309561,27.827828419821287,30.125674,0.878966
1353,3.5,empty_shadow,IDEAM,occluder,121,vehicle.carlamotors.firetruck,occluder,-5,centre,1,[1],261.87767079986793,-205.2551088931195,18.591616786252747,0.0006486915725774407,lead_centre,119.36737831170812,18.59809239401378,19.060993,1.021082
1353,3.5,empty_shadow,IDEAM,lead_left,122,vehicle.mercedes.coupe_2020,leader,-4,left,0,[0],398.74959116284447,-201.7506524806599,22.399068171933212,0.6658548127858376,,,22.377149333182928,23.287836,0.948219
1353,3.5,empty_shadow,IDEAM,lead_centre,123,vehicle.nissan.patrol_2021,leader,-5,centre,1,[1],388.3314727690424,-205.2499037464559,19.99239864162167,0.6031038681012387,,,19.963004190515882,20.011235,1.074628
1353,3.5,empty_shadow,IDEAM,lead_right,124,vehicle.nissan.patrol_2021,leader,-6,right,2,[2],404.04696210661064,-208.74989859733063,23.311463800671163,0.7433319595788777,,,23.27235320996508,23.123141,0.908861
1353,3.5,empty_shadow,IDEAM,rear_centre,125,vehicle.tesla.model3,follower,-5,centre,1,[1],233.85587780958036,-205.24980619691078,17.850598665145412,-0.004730456191524172,occluder,21.3549257310681,17.838992434978035,20.183858,0.943297
1353,3.5,empty_shadow,IDEAM,follower_1,126,vehicle.tesla.model3,follower,-4,left,0,[0],251.56870465030963,-201.74988220748284,31.35507216169739,-0.11562320140606906,ego,32.50660904956719,31.2189730130706,32.0,0.996942
1353,3.5,empty_shadow,IDEAM,follower_2,127,vehicle.mercedes.coupe_2020,follower,-4,left,0,[0],212.37686782331582,-201.7468031501558,31.060931356298415,0.47387585520066633,follower_1,34.44386880176131,30.974361284041343,32.0,1.023943
1353,3.5,empty_shadow,IDEAM,follower_3,128,vehicle.mercedes.coupe_2020,follower,-4,left,0,[0],174.23694255356466,-201.74693580016526,30.28504710612085,0.4800940560141684,follower_2,33.42749864079541,30.22341173065523,32.0,0.992958
1353,3.5,empty_shadow,IDEAM,follower_4,129,vehicle.audi.a2,follower,-4,left,0,[0],131.029849008652,-201.75061286190675,27.84020179445353,0.26535020148900956,follower_3,38.89554957928381,27.842469391459687,30.125674,0.878966
1354,3.55,empty_shadow,IDEAM,occluder,121,vehicle.carlamotors.firetruck,occluder,-5,centre,1,[1],262.80732782709697,-205.25508166657391,18.592766927067544,0.023002817119725318,lead_centre,119.43686685908229,18.598150460504307,19.060993,1.021082
1354,3.55,empty_shadow,IDEAM,lead_left,122,vehicle.mercedes.coupe_2020,leader,-4,left,0,[0],399.87050187749185,-201.75066682128772,22.4309208680292,0.6370539248878616,,,22.410055075723882,23.287836,0.948219
1354,3.55,empty_shadow,IDEAM,lead_centre,123,vehicle.nissan.patrol_2021,leader,-5,centre,1,[1],389.331900092263,-205.24995918883405,20.020455746392333,0.5611420976724496,,,19.99269179513746,20.011235,1.074628
1354,3.55,empty_shadow,IDEAM,lead_right,124,vehicle.nissan.patrol_2021,leader,-6,right,2,[2],405.21364918578183,-208.74989732179188,23.347484082586085,0.7204056382913214,,,23.309035975801663,23.123141,0.908861
1354,3.55,empty_shadow,IDEAM,rear_centre,125,vehicle.tesla.model3,follower,-5,centre,1,[1],234.74845598675046,-205.24980687824825,17.85050328721546,-0.001907558609247741,occluder,21.391882521232404,17.838922014796953,20.183858,0.943297
1354,3.55,empty_shadow,IDEAM,follower_1,126,vehicle.tesla.model3,follower,-4,left,0,[0],253.13627067486902,-201.7499272814264,31.349004893671705,-0.12134535793114987,ego,32.44106494749063,31.21465759163557,32.0,0.996942
1354,3.55,empty_shadow,IDEAM,follower_2,127,vehicle.mercedes.coupe_2020,follower,-4,left,0,[0],213.93057883698035,-201.7467613978634,31.083142867898,0.4442364988903938,follower_1,34.459127657606,30.99668600609348,32.0,1.023943
1354,3.55,empty_shadow,IDEAM,follower_3,128,vehicle.mercedes.coupe_2020,follower,-4,left,0,[0],175.75186573289471,-201.7469225387595,30.307563822242336,0.45033971667148653,follower_2,33.46628644910295,30.24723094767689,32.0,0.992958
1354,3.55,empty_shadow,IDEAM,follower_4,129,vehicle.audi.a2,follower,-4,left,0,[0],132.42218304734948,-201.75053460907773,27.85201972318598,0.23635857577714506,follower_3,39.01758939833673,27.8557196268527,30.125674,0.878966
1355,3.6,empty_shadow,IDEAM,occluder,121,vehicle.carlamotors.firetruck,occluder,-5,centre,1,[1],263.7370153719023,-205.25505442961753,18.595006163985307,0.0447847390253447,lead_centre,119.5076371550739,18.599305884376403,19.060993,1.021082
1355,3.6,empty_shadow,IDEAM,lead_left,122,vehicle.mercedes.coupe_2020,leader,-4,left,0,[0],400.9929384657513,-201.75066538258847,22.461167580472235,0.604934249619582,,,22.44153589440936,23.287836,0.948219
1355,3.6,empty_shadow,IDEAM,lead_centre,123,vehicle.nissan.patrol_2021,leader,-5,centre,1,[1],390.3337312239957,-205.25001415231645,20.046285062915025,0.5165863302760468,,,20.020311940182022,20.011235,1.074628
1355,3.6,empty_shadow,IDEAM,lead_right,124,vehicle.nissan.patrol_2021,leader,-6,right,2,[2],406.3820452440233,-208.74988020446142,23.382136795944533,0.6930542671690726,,,23.344585134790755,23.123141,0.908861
1355,3.6,empty_shadow,IDEAM,rear_centre,125,vehicle.tesla.model3,follower,-5,centre,1,[1],235.64103415871517,-205.24979230079757,17.850533793652414,0.0006101293404038976,occluder,21.42896137129133,17.839018042358695,20.183858,0.943297
1355,3.6,empty_shadow,IDEAM,follower_1,126,vehicle.tesla.model3,follower,-4,left,0,[0],254.70356204644668,-201.74998770785515,31.342704923604863,-0.12599940052736003,ego,32.377443286151646,31.21023967130952,32.0,0.996942
1355,3.6,empty_shadow,IDEAM,follower_2,127,vehicle.mercedes.coupe_2020,follower,-4,left,0,[0],215.48538849900962,-201.7467650471475,31.10377132477826,0.4125748392317408,follower_1,34.472982668500876,31.01757928028485,32.0,1.023943
1355,3.6,empty_shadow,IDEAM,follower_3,128,vehicle.mercedes.coupe_2020,follower,-4,left,0,[0],177.26785705342394,-201.74698520691737,30.328470760983294,0.4181435015082838,follower_2,33.50507428343744,30.269580862258152,32.0,0.992958
1355,3.6,empty_shadow,IDEAM,follower_4,129,vehicle.audi.a2,follower,-4,left,0,[0],133.81509691999756,-201.75045615844394,27.862370903748406,0.20702361148179077,follower_3,39.14017853896931,27.867529519670764,30.125674,0.878966
1356,3.65,empty_shadow,IDEAM,occluder,121,vehicle.carlamotors.firetruck,occluder,-5,centre,1,[1],264.6668555045895,-205.25502714060727,18.598298258177806,0.06584188439457699,lead_centre,119.57978074200119,18.601530513951992,19.060993,1.021082
1356,3.65,empty_shadow,IDEAM,lead_left,122,vehicle.mercedes.coupe_2020,leader,-4,left,0,[0],402.11683990288094,-201.75067870296007,22.489655720570347,0.5697628014347108,,,22.47142800966446,23.287836,0.948219
1356,3.65,empty_shadow,IDEAM,lead_centre,123,vehicle.nissan.patrol_2021,leader,-5,centre,1,[1],391.33678305357694,-205.25005344057953,20.069793131083127,0.4701613616978163,,,20.045737365043486,20.011235,1.074628
1356,3.65,empty_shadow,IDEAM,lead_right,124,vehicle.nissan.patrol_2021,leader,-6,right,2,[2],407.55221132689826,-208.74987774209404,23.415219761787807,0.6616593168836484,,,23.378782549559663,23.123141,0.908861
1356,3.65,empty_shadow,IDEAM,rear_centre,125,vehicle.tesla.model3,follower,-5,centre,1,[1],236.5336123306799,-205.24977772334685,17.850680649828572,0.002937124425777863,occluder,21.466070744131983,17.839264423643463,20.183858,0.943297
1356,3.65,empty_shadow,IDEAM,follower_1,126,vehicle.tesla.model3,follower,-4,left,0,[0],256.2704566843264,-201.75003301083584,31.33620276804937,-0.13004311142913133,ego,32.31592712415983,31.205765556751224,32.0,0.996942
1356,3.65,empty_shadow,IDEAM,follower_2,127,vehicle.mercedes.coupe_2020,follower,-4,left,0,[0],217.0411747390982,-201.74681413965126,31.122704175171283,0.37866202106695607,follower_1,34.485464378049265,31.036948575722583,32.0,1.023943
1356,3.65,empty_shadow,IDEAM,follower_3,128,vehicle.mercedes.coupe_2020,follower,-4,left,0,[0],178.7848554799996,-201.74712382546045,30.347676349534964,0.38411575420053534,follower_2,33.54389262493749,30.29034175177287,32.0,0.992958
1356,3.65,empty_shadow,IDEAM,follower_4,129,vehicle.audi.a2,follower,-4,left,0,[0],135.20843803350914,-201.75036230327112,27.8712343557357,0.1772690393283727,follower_3,39.26325598685044,27.877881488005706,30.125674,0.878966
1357,3.7,empty_shadow,IDEAM,occluder,121,vehicle.carlamotors.firetruck,occluder,-5,centre,1,[1],265.59690926031107,-205.25499977872155,18.60261078458287,0.08625052844474713,lead_centre,119.65299243889532,18.604788698390156,19.060993,1.021082
1357,3.7,empty_shadow,IDEAM,lead_left,122,vehicle.mercedes.coupe_2020,leader,-4,left,0,[0],403.2421451433172,-201.75067628564773,22.516257494627244,0.5320354799157007,,,22.499580856593848,23.287836,0.948219
1357,3.7,empty_shadow,IDEAM,lead_centre,123,vehicle.nissan.patrol_2021,leader,-5,centre,1,[1],392.34081145080677,-205.2501076544859,20.0909074717594,0.4222868115089001,,,20.068876479197048,20.011235,1.074628
1357,3.7,empty_shadow,IDEAM,lead_right,124,vehicle.nissan.patrol_2021,leader,-6,right,2,[2],408.7238422534381,-208.74987478000932,23.446553689351347,0.6266785513197907,,,23.41142894864246,23.123141,0.908861
1357,3.7,empty_shadow,IDEAM,rear_centre,125,vehicle.tesla.model3,follower,-5,centre,1,[1],237.4261905026446,-205.24976314589617,17.850930504540845,0.004997094428883076,occluder,21.5033327048544,17.83965118959915,20.183858,0.943297
1357,3.7,empty_shadow,IDEAM,follower_1,126,vehicle.tesla.model3,follower,-4,left,0,[0],257.8370766692244,-201.75009366630167,31.329542297925002,-0.1332094023021401,ego,32.25666899734301,31.20125886784948,32.0,0.996942
1357,3.7,empty_shadow,IDEAM,follower_2,127,vehicle.mercedes.coupe_2020,follower,-4,left,0,[0],218.59775447260964,-201.74696977299203,31.139853661449425,0.3429939740503128,follower_1,34.496572775840384,31.05468966798996,32.0,1.023943
1357,3.7,empty_shadow,IDEAM,follower_3,128,vehicle.mercedes.coupe_2020,follower,-4,left,0,[0],180.30276943907114,-201.74727739046835,30.36509282936781,0.34833280828716834,follower_2,33.582680438450424,30.309422427670146,32.0,0.992958
1357,3.7,empty_shadow,IDEAM,follower_4,129,vehicle.audi.a2,follower,-4,left,0,[0],136.60220639829504,-201.75028356113555,27.87862152408752,0.14774336654217968,follower_3,39.386913299914525,27.88675440489545,30.125674,0.878966
1358,3.75,empty_shadow,IDEAM,occluder,121,vehicle.carlamotors.firetruck,occluder,-5,centre,1,[1],266.5272376794252,-205.25498758192703,18.607905596147827,0.105896231384153,lead_centre,119.72696708040358,18.609048536149512,19.060993,1.021082
1358,3.75,empty_shadow,IDEAM,lead_left,122,vehicle.mercedes.coupe_2020,leader,-4,left,0,[0],404.36867109201285,-201.75068871069243,22.54087181375769,0.49228638116956985,,,22.525868386668172,23.287836,0.948219
1358,3.75,empty_shadow,IDEAM,lead_centre,123,vehicle.nissan.patrol_2021,leader,-5,centre,1,[1],393.3459384755798,-205.25014623481613,20.109580401482376,0.3734585932629503,,,20.089658327852014,20.011235,1.074628
1358,3.75,empty_shadow,IDEAM,lead_right,124,vehicle.nissan.patrol_2021,leader,-6,right,2,[2],409.8970600887427,-208.74985601777598,23.475982175462576,0.5885697223004646,,,23.442347680133295,23.123141,0.908861
1358,3.75,empty_shadow,IDEAM,rear_centre,125,vehicle.tesla.model3,follower,-5,centre,1,[1],238.31876867460934,-205.24974856844545,17.851266190498446,0.006713720081482334,occluder,21.54080828861126,17.840164559873838,20.183858,0.943297
1358,3.75,empty_shadow,IDEAM,follower_1,126,vehicle.tesla.model3,follower,-4,left,0,[0],259.4033609555771,-201.75013917749789,31.322769288789775,-0.13546018092991666,ego,32.199882476681765,31.19675706515188,32.0,0.996942
1358,3.75,empty_shadow,IDEAM,follower_2,127,vehicle.mercedes.coupe_2020,follower,-4,left,0,[0],220.15521923145133,-201.74717088078475,31.15515681953323,0.3060666050513017,follower_1,34.50661302722694,31.07072381624353,32.0,1.023943
1358,3.75,empty_shadow,IDEAM,follower_3,128,vehicle.mercedes.coupe_2020,follower,-4,left,0,[0],181.8214768863601,-201.74752223752512,30.380664870379903,0.3114432930759913,follower_2,33.62134621289029,30.32673601217281,32.0,0.992958
1358,3.75,empty_shadow,IDEAM,follower_4,129,vehicle.audi.a2,follower,-4,left,0,[0],137.99631046162614,-201.75021996326961,27.884541945377908,0.11840842629649927,follower_3,39.51105889420019,27.894159161308323,30.125674,0.878966
1359,3.8,empty_shadow,IDEAM,occluder,121,vehicle.carlamotors.firetruck,occluder,-5,centre,1,[1],267.457840751521,-205.25496003264732,18.61414645237536,0.12481712437394162,lead_centre,119.80176568606247,18.614272503711042,19.060993,1.021082
1359,3.8,empty_shadow,IDEAM,lead_left,122,vehicle.mercedes.coupe_2020,leader,-4,left,0,[0],405.4963567086098,-201.7507007401276,22.563403308740746,0.45062989817314186,,,22.5501909456345,23.287836,0.948219
1359,3.8,empty_shadow,IDEAM,lead_centre,123,vehicle.nissan.patrol_2021,leader,-5,centre,1,[1],394.3518589625433,-205.25019980325428,20.125777589159302,0.32394375422062605,,,20.108036336186604,20.011235,1.074628
1359,3.8,empty_shadow,IDEAM,lead_right,124,vehicle.nissan.patrol_2021,leader,-6,right,2,[2],411.0716817377647,-208.74985203543505,23.50336598490193,0.5476761889446891,,,23.47138469977953,23.123141,0.908861
1359,3.8,empty_shadow,IDEAM,rear_centre,125,vehicle.tesla.model3,follower,-5,centre,1,[1],239.21134685177944,-205.24974924978292,17.85167817423383,0.0082396749987338,occluder,21.578558535760656,17.840786925520433,20.183858,0.943297
1359,3.8,empty_shadow,IDEAM,follower_1,126,vehicle.tesla.model3,follower,-4,left,0,[0],260.9692790310137,-201.75018481362346,31.315929517947,-0.13679541266920137,ego,32.14565908367278,31.19229678119302,32.0,0.996942
1359,3.8,empty_shadow,IDEAM,follower_2,127,vehicle.mercedes.coupe_2020,follower,-4,left,0,[0],221.71338591016524,-201.74741752549411,31.16856022449077,0.26807075678247566,follower_1,34.51543255473799,31.084993849772765,32.0,1.023943
1359,3.8,empty_shadow,IDEAM,follower_3,128,vehicle.mercedes.coupe_2020,follower,-4,left,0,[0],183.34091676589222,-201.74779735229956,30.39434477027619,0.27359978093910947,follower_2,33.66010352444303,30.342228402303178,32.0,0.992958
1359,3.8,empty_shadow,IDEAM,follower_4,129,vehicle.audi.a2,follower,-4,left,0,[0],139.39065869159498,-201.75023257605832,27.889018508127762,0.08953125775996994,follower_3,39.63566227815805,27.900104969668337,30.125674,0.878966
1360,3.85,empty_shadow,IDEAM,occluder,121,vehicle.carlamotors.firetruck,occluder,-5,centre,1,[1],268.38877951695673,-205.25493236884904,18.621289484320393,0.14286063850505307,lead_centre,119.87708310093012,18.620424938892583,19.060993,1.021082
1360,3.85,empty_shadow,IDEAM,lead_left,122,vehicle.mercedes.coupe_2020,leader,-4,left,0,[0],406.6250799175972,-201.75069715680814,22.5837775931647,0.40748568716488703,,,22.57245452950834,23.287836,0.948219
1360,3.85,empty_shadow,IDEAM,lead_centre,123,vehicle.nissan.patrol_2021,leader,-5,centre,1,[1],395.35851187133915,-205.2502531218338,20.139493311401225,0.27431444833527896,,,20.12397703823461,20.011235,1.074628
1360,3.85,empty_shadow,IDEAM,lead_right,124,vehicle.nissan.patrol_2021,leader,-6,right,2,[2],412.24764615494075,-208.74983233623175,23.52859258279507,0.5045319580544908,,,23.498402916937035,23.123141,0.908861
1360,3.85,empty_shadow,IDEAM,rear_centre,125,vehicle.tesla.model3,follower,-5,centre,1,[1],240.10392502374415,-205.24973467233224,17.85215500783007,0.00953667211114975,occluder,21.616583430686397,17.841507769809642,20.183858,0.943297
1360,3.85,empty_shadow,IDEAM,follower_1,126,vehicle.tesla.model3,follower,-4,left,0,[0],262.5348614183158,-201.75024582305574,31.30906113286277,-0.1373676945169514,ego,32.09409031899125,31.187915357848787,32.0,0.996942
1360,3.85,empty_shadow,IDEAM,follower_2,127,vehicle.mercedes.coupe_2020,follower,-4,left,0,[0],223.2721629456115,-201.74767922077612,31.18002380418956,0.2292735216947877,follower_1,34.523183951460645,31.097453018935525,32.0,1.023943
1360,3.85,empty_shadow,IDEAM,follower_3,128,vehicle.mercedes.coupe_2020,follower,-4,left,0,[0],184.86099751452767,-201.74807224844764,30.406100090932096,0.2351076006190873,follower_2,33.69883032362482,30.355851978261196,32.0,0.992958
1360,3.85,empty_shadow,IDEAM,follower_4,129,vehicle.audi.a2,follower,-4,left,0,[0],140.78515950944555,-201.75024513679315,27.892095078673353,0.06153141644253633,follower_3,39.760753927721325,27.904614287014397,30.125674,0.878966
1361,3.9,empty_shadow,IDEAM,occluder,121,vehicle.carlamotors.firetruck,occluder,-5,centre,1,[1],269.32005397573226,-205.25490459053225,18.629298453178976,0.16017937650984176,lead_centre,119.9527972442903,18.62746268336669,19.060993,1.021082
1361,3.9,empty_shadow,IDEAM,lead_left,122,vehicle.mercedes.coupe_2020,leader,-4,left,0,[0],407.75477969423315,-201.75070849913197,22.601937446155507,0.36319705880841147,,,22.59258586116667,23.287836,0.948219
1361,3.9,empty_shadow,IDEAM,lead_centre,123,vehicle.nissan.patrol_2021,leader,-5,centre,1,[1],396.3658361616093,-205.25029095258802,20.15073901384652,0.22491405570869655,,,20.13747508457584,20.011235,1.074628
1361,3.9,empty_shadow,IDEAM,lead_right,124,vehicle.nissan.patrol_2021,leader,-6,right,2,[2],413.4247092100708,-208.74982752102858,23.55157613971748,0.4596711387604998,,,23.523291590041698,23.123141,0.908861
1361,3.9,empty_shadow,IDEAM,rear_centre,125,vehicle.tesla.model3,follower,-5,centre,1,[1],240.99650319570887,-205.24972009488152,17.852681434848368,0.010528540405888053,occluder,21.65494402415738,17.842314770377662,20.183858,0.943297
1361,3.9,empty_shadow,IDEAM,follower_1,126,vehicle.tesla.model3,follower,-4,left,0,[0],264.1001081070727,-201.75029168821843,31.302198465968093,-0.1372533272933174,ego,32.04538979005544,31.183643315398534,32.0,0.996942
1361,3.9,empty_shadow,IDEAM,follower_2,127,vehicle.mercedes.coupe_2020,follower,-4,left,0,[0],224.83145881108805,-201.74803229180392,31.1895284717683,0.1900946461279619,follower_1,34.52998930331646,31.108066772168154,32.0,1.023943
1361,3.9,empty_shadow,IDEAM,follower_3,128,vehicle.mercedes.coupe_2020,follower,-4,left,0,[0],186.3815970931934,-201.74843852034158,30.41591747185728,0.19634832622274745,follower_2,33.73752661043565,30.36757452369928,32.0,0.992958
1361,3.9,empty_shadow,IDEAM,follower_4,129,vehicle.audi.a2,follower,-4,left,0,[0],142.17981291517788,-201.75025764547408,27.893819340910316,0.034485253542869895,follower_3,39.88633385850619,27.90773037042642,30.125674,0.878966
1362,3.95,empty_shadow,IDEAM,occluder,121,vehicle.carlamotors.firetruck,occluder,-5,centre,1,[1],270.25178619294763,-205.25486139726559,18.638137119222574,0.17677331989006828,lead_centre,120.02884707578491,18.635350081215506,19.060993,1.021082
1362,3.95,empty_shadow,IDEAM,lead_left,122,vehicle.mercedes.coupe_2020,leader,-4,left,0,[0],408.8852729226488,-201.75070431198742,22.61783899842474,0.31803104478165034,,,22.610528612390155,23.287836,0.948219
1362,3.95,empty_shadow,IDEAM,lead_centre,123,vehicle.nissan.patrol_2021,leader,-5,centre,1,[1],397.37364873830643,-205.25034387555795,20.159537585959395,0.17597145245775359,,,20.148541979542532,20.011235,1.074628
1362,3.95,empty_shadow,IDEAM,lead_right,124,vehicle.nissan.patrol_2021,leader,-6,right,2,[2],414.60280986279656,-208.749822351859,23.572244175127345,0.4133607085514503,,,23.545966321272175,23.123141,0.908861
1362,3.95,empty_shadow,IDEAM,rear_centre,125,vehicle.tesla.model3,follower,-5,centre,1,[1],241.88908136767358,-205.24970551743084,17.853249825767925,0.011367818328349412,occluder,21.693640310968213,17.843191924385277,20.183858,0.943297
1362,3.95,empty_shadow,IDEAM,follower_1,126,vehicle.tesla.model3,follower,-4,left,0,[0],265.6650191076951,-201.7503529266878,31.295377757892958,-0.13641414757651932,ego,31.999587983209366,31.17950543659832,32.0,0.996942
1362,3.95,empty_shadow,IDEAM,follower_2,127,vehicle.mercedes.coupe_2020,follower,-4,left,0,[0],226.39115139985176,-201.74836996870346,31.197072306761545,0.1508774701390791,follower_1,34.53594012659679,31.116820068003687,32.0,1.023943
1362,3.95,empty_shadow,IDEAM,follower_3,128,vehicle.mercedes.coupe_2020,follower,-4,left,0,[0],187.90259338994088,-201.74877413931904,30.423793089313243,0.15751269439640486,follower_2,33.77622289724647,30.37738280533147,32.0,0.992958
1362,3.95,empty_shadow,IDEAM,follower_4,129,vehicle.audi.a2,follower,-4,left,0,[0],143.57452735606293,-201.75027013333346,27.894248514965913,0.008583493104120342,follower_3,40.01228003143959,27.90950033937191,30.125674,0.878966
1363,4.0,empty_shadow,IDEAM,occluder,121,vehicle.carlamotors.firetruck,occluder,-5,centre,1,[1],271.1839761842191,-205.2548485654136,18.64776352070891,0.19252802838936056,lead_centre,120.10492743526663,18.64405146497824,19.060993,1.021082
1363,4.0,empty_shadow,IDEAM,lead_left,122,vehicle.mercedes.coupe_2020,leader,-4,left,0,[0],410.01662064840764,-201.75071509212927,22.631472713018887,0.272674291763338,,,22.626239630744692,23.287836,0.948219
1363,4.0,empty_shadow,IDEAM,lead_centre,123,vehicle.nissan.patrol_2021,leader,-5,centre,1,[1],398.3817664855617,-205.25038143563194,20.16593861756523,0.12802064643871658,,,20.157200444829186,20.011235,1.074628
1363,4.0,empty_shadow,IDEAM,lead_right,124,vehicle.nissan.patrol_2021,leader,-6,right,2,[2],415.78188707276024,-208.74980159075633,23.59054709864723,0.3660584708583625,,,23.566355871044713,23.123141,0.908861
1363,4.0,empty_shadow,IDEAM,rear_centre,125,vehicle.tesla.model3,follower,-5,centre,1,[1],242.78178160994372,-205.24969089833704,17.85384682962526,0.011940076841850587,occluder,21.732794356218896,17.84413099505982,20.183858,0.943297
1363,4.0,empty_shadow,IDEAM,follower_1,126,vehicle.tesla.model3,follower,-4,left,0,[0],267.2295944097723,-201.75039902088758,31.28863334102258,-0.13488832005017545,ego,31.95692902344767,31.175530764345126,32.0,0.996942
1363,4.0,empty_shadow,IDEAM,follower_2,127,vehicle.mercedes.coupe_2020,follower,-4,left,0,[0],227.95121020473704,-201.74872277946181,31.202662932787334,0.11181290251138931,follower_1,34.54115853845551,31.123714225349627,32.0,1.023943
1363,4.0,empty_shadow,IDEAM,follower_3,128,vehicle.mercedes.coupe_2020,follower,-4,left,0,[0],189.42395590801533,-201.74914015094353,30.429749830789145,0.11913494412385289,follower_2,33.81491918926268,30.385273128540835,32.0,0.992958
1363,4.0,empty_shadow,IDEAM,follower_4,129,vehicle.audi.a2,follower,-4,left,0,[0],144.9692112793716,-201.75028263160362,27.893443635948106,-0.0160975654903667,follower_3,40.13856188730203,27.909980800079076,30.125674,0.878966
1364,4.05,empty_shadow,IDEAM,occluder,121,vehicle.carlamotors.firetruck,occluder,-5,centre,1,[1],272.1166239339303,-205.2548203186118,18.658133787766257,0.20740533956801407,lead_centre,120.18085519125044,18.653525547622998,19.060993,1.021082
1364,4.05,empty_shadow,IDEAM,lead_left,122,vehicle.mercedes.coupe_2020,leader,-4,left,0,[0],411.14851769054076,-201.7507256848771,22.642830959885423,0.22716493779743577,,,22.63970966457121,23.287836,0.948219
1364,4.05,empty_shadow,IDEAM,lead_centre,123,vehicle.nissan.patrol_2021,leader,-5,centre,1,[1],399.39018941378583,-205.25043415038633,20.16999551671942,0.08113800053156618,,,20.16349943225536,20.011235,1.074628
1364,4.05,empty_shadow,IDEAM,lead_right,124,vehicle.nissan.patrol_2021,leader,-6,right,2,[2],416.96187981521973,-208.74979577611853,23.60646011468427,0.31826032130853193,,,23.58441156461589,23.123141,0.908861
1364,4.05,empty_shadow,IDEAM,rear_centre,125,vehicle.tesla.model3,follower,-5,centre,1,[1],243.6745428925719,-205.24969151720984,17.8544610017556,0.01228344246603948,occluder,21.772284105220194,17.84511716138654,20.183858,0.943297
1364,4.05,empty_shadow,IDEAM,follower_1,126,vehicle.tesla.model3,follower,-4,left,0,[0],268.79386453608595,-201.75044521919514,31.28201480735343,-0.132370653076475,ego,31.917382372372415,31.171743131106986,32.0,0.996942
1364,4.05,empty_shadow,IDEAM,follower_2,127,vehicle.mercedes.coupe_2020,follower,-4,left,0,[0],229.51142158709328,-201.74904502058996,31.20632704947213,0.07328246294173156,follower_1,34.54567503564742,31.128758957747305,32.0,1.023943
1364,4.05,empty_shadow,IDEAM,follower_3,128,vehicle.mercedes.coupe_2020,follower,-4,left,0,[0],190.9455625614952,-201.74949082049363,30.43380867706123,0.08117692990434472,follower_2,33.853615476073514,30.391267636052678,32.0,0.992958
1364,4.05,empty_shadow,IDEAM,follower_4,129,vehicle.audi.a2,follower,-4,left,0,[0],146.36380364995122,-201.7502951611061,27.89147336722416,-0.03940535811517049,follower_3,40.2652404820678,27.90923227649173,30.125674,0.878966
1365,4.1,empty_shadow,IDEAM,occluder,121,vehicle.carlamotors.firetruck,occluder,-5,centre,1,[1],273.0499125527449,-205.25479185318366,18.66920405226436,0.22140528804210433,lead_centre,120.25663036976334,18.66372915908016,19.060993,1.021082
1365,4.1,empty_shadow,IDEAM,lead_left,122,vehicle.mercedes.coupe_2020,leader,-4,left,0,[0],412.2809030086901,-201.75072085226432,22.65192136893463,0.1818081821257594,,,22.65093132293251,23.287836,0.948219
1365,4.1,empty_shadow,IDEAM,lead_centre,123,vehicle.nissan.patrol_2021,leader,-5,centre,1,[1],400.3987954214411,-205.2504105087352,20.171780761407778,0.03570491499151854,,,20.167491606669294,20.011235,1.074628
1365,4.1,empty_shadow,IDEAM,lead_right,124,vehicle.nissan.patrol_2021,leader,-6,right,2,[2],418.1426049743062,-208.7497744528339,23.619971779128843,0.2702332895703522,,,23.600109164642163,23.123141,0.908861
1365,4.1,empty_shadow,IDEAM,rear_centre,125,vehicle.tesla.model3,follower,-5,centre,1,[1],244.5673041699947,-205.24967687729446,17.85508470999326,0.012474164397562737,occluder,21.812170572303238,17.846138093132538,20.183858,0.943297
1365,4.1,empty_shadow,IDEAM,follower_1,126,vehicle.tesla.model3,follower,-4,left,0,[0],270.3577989638544,-201.7504762732331,31.275533600981795,-0.12962410422654616,ego,31.88113143214889,31.168183830595144,32.0,0.996942
1365,4.1,empty_shadow,IDEAM,follower_2,127,vehicle.mercedes.coupe_2020,follower,-4,left,0,[0],231.07178556774207,-201.74939772724053,31.208104713445707,0.035553288270048396,follower_1,34.549733779604864,31.131983490810885,32.0,1.023943
1365,4.1,empty_shadow,IDEAM,follower_3,128,vehicle.mercedes.coupe_2020,follower,-4,left,0,[0],192.4673218080622,-201.749856696778,30.43600778016404,0.04398206672367946,follower_2,33.8922202049499,30.395386924181768,32.0,0.992958
1365,4.1,empty_shadow,IDEAM,follower_4,129,vehicle.audi.a2,follower,-4,left,0,[0],147.75824343264912,-201.7503077426625,27.888421631449212,-0.061034698854495174,follower_3,40.39225476496803,27.907322800877225,30.125674,0.878966
1366,4.15,empty_shadow,IDEAM,occluder,121,vehicle.carlamotors.firetruck,occluder,-5,centre,1,[1],273.98368947880806,-205.25483951512393,18.680938074520895,0.23468044284646172,lead_centre,120.33194775860402,18.67461913131895,19.060993,1.021082
1366,4.15,empty_shadow,IDEAM,lead_left,122,vehicle.mercedes.coupe_2020,leader,-4,left,0,[0],413.4137155781137,-201.75073113268883,22.658778272343294,0.13713807007202913,,,22.659912267154944,23.287836,0.948219
1366,4.15,empty_shadow,IDEAM,lead_centre,123,vehicle.nissan.patrol_2021,leader,-5,centre,1,[1],401.40734038353287,-205.25035637032926,20.171384002242224,-0.007935161864241543,,,20.16924835675912,20.011235,1.074628
1366,4.15,empty_shadow,IDEAM,lead_right,124,vehicle.nissan.patrol_2021,leader,-6,right,2,[2],419.32387945497237,-208.74976820094344,23.631082091944137,0.22220625709778094,,,23.613437578093404,23.123141,0.908861
1366,4.15,empty_shadow,IDEAM,rear_centre,125,vehicle.tesla.model3,follower,-5,centre,1,[1],245.46009596499388,-205.24966222696833,17.855708420803914,0.012474216363688919,occluder,21.852697913695025,17.847185793225623,20.183858,0.943297
1366,4.15,empty_shadow,IDEAM,follower_1,126,vehicle.tesla.model3,follower,-4,left,0,[0],271.9213976722561,-201.7504311478487,31.269210704048337,-0.12645791356844677,ego,31.848267859613912,31.164847430021773,32.0,0.996942
1366,4.15,empty_shadow,IDEAM,follower_2,127,vehicle.mercedes.coupe_2020,follower,-4,left,0,[0],232.63214954839083,-201.74975043389114,31.208043611765497,-0.001222029179681569,follower_1,34.55330422672454,31.133426713473952,32.0,1.023943
1366,4.15,empty_shadow,IDEAM,follower_3,128,vehicle.mercedes.coupe_2020,follower,-4,left,0,[0],193.9890810494238,-201.7502073142742,30.436406274303785,0.007969979738202997,follower_2,33.93082493903169,30.397669004564754,32.0,0.992958
1366,4.15,empty_shadow,IDEAM,follower_4,129,vehicle.audi.a2,follower,-4,left,0,[0],149.15253062746527,-201.75032037627275,27.88436662928969,-0.08110002742082577,follower_3,40.51957422883713,27.904335565723045,30.125674,0.878966
1367,4.2,empty_shadow,IDEAM,occluder,121,vehicle.carlamotors.firetruck,occluder,-5,centre,1,[1],274.91810728438526,-205.25491747601424,18.693293888745576,0.24711628276140649,lead_centre,120.40671579463269,18.686159807302612,19.060993,1.021082
1367,4.2,empty_shadow,IDEAM,lead_left,122,vehicle.mercedes.coupe_2020,leader,-4,left,0,[0],414.5468332920684,-201.75064975627652,22.66342646568841,0.09296386958431131,,,22.666686513908047,23.287836,0.948219
1367,4.2,empty_shadow,IDEAM,lead_centre,123,vehicle.nissan.patrol_2021,leader,-5,centre,1,[1],402.415824310472,-205.25030225274486,20.168894885733593,-0.049782309871363534,,,20.168857930988963,20.011235,1.074628
1367,4.2,empty_shadow,IDEAM,lead_right,124,vehicle.nissan.patrol_2021,leader,-6,right,2,[2],420.50570325201284,-208.74976176165896,23.639819663353446,0.17475142909663208,,,23.624396972278056,23.123141,0.908861
1367,4.2,empty_shadow,IDEAM,rear_centre,125,vehicle.tesla.model3,follower,-5,centre,1,[1],246.3528572424167,-205.24964758705295,17.856324502318373,0.012321629951313083,occluder,21.893683044758987,17.848249039690376,20.183858,0.943297
1367,4.2,empty_shadow,IDEAM,follower_1,126,vehicle.tesla.model3,follower,-4,left,0,[0],273.4846912048943,-201.7503861265721,31.26307472916979,-0.12271947266104846,ego,31.81891381876987,31.16173578840282,32.0,0.996942
1367,4.2,empty_shadow,IDEAM,follower_2,127,vehicle.mercedes.coupe_2020,follower,-4,left,0,[0],234.1924524886815,-201.7500879025751,31.20620097246425,-0.03685268874337041,follower_1,34.55653895447746,31.133135803750847,32.0,1.023943
1367,4.2,empty_shadow,IDEAM,follower_3,128,vehicle.mercedes.coupe_2020,follower,-4,left,0,[0],195.51084029078538,-201.7505579317704,30.435063296930924,-0.026859287786122586,follower_2,33.969429678318846,30.398171894703424,32.0,0.992958
1367,4.2,empty_shadow,IDEAM,follower_4,129,vehicle.audi.a2,follower,-4,left,0,[0],150.54657368167062,-201.75033309316925,27.87940372751475,-0.09925802161302975,follower_3,40.64704627538259,27.90034819593631,30.125674,0.878966
1368,4.25,empty_shadow,IDEAM,occluder,121,vehicle.carlamotors.firetruck,occluder,-5,centre,1,[1],275.8531354414895,-205.25499522868898,18.706225717518173,0.2586365746773448,lead_centre,120.48078191599457,18.698309891383765,19.060993,1.021082
1368,4.25,empty_shadow,IDEAM,lead_left,122,vehicle.mercedes.coupe_2020,leader,-4,left,0,[0],415.68001204117587,-201.75056835904263,22.665938431015963,0.0502393093260298,,,22.671278632837453,23.287836,0.948219
1368,4.25,empty_shadow,IDEAM,lead_centre,123,vehicle.nissan.patrol_2021,leader,-5,centre,1,[1],403.424125131953,-205.25024819762515,20.164424037158174,-0.0894169525686348,,,20.166408539274723,20.011235,1.074628
1368,4.25,empty_shadow,IDEAM,lead_right,124,vehicle.nissan.patrol_2021,leader,-6,right,2,[2],421.68783221961144,-208.74973995947855,23.64622073239281,0.12802138174029395,,,23.633015705926148,23.123141,0.908861
1368,4.25,empty_shadow,IDEAM,rear_centre,125,vehicle.tesla.model3,follower,-5,centre,1,[1],247.24564903741586,-205.2496329367268,17.856925327265607,0.012016499429893586,occluder,21.935339572913406,17.849319767172307,20.183858,0.943297
1368,4.25,empty_shadow,IDEAM,follower_1,126,vehicle.tesla.model3,follower,-4,left,0,[0],275.04764904419267,-201.75034121981406,31.257146657457216,-0.11856141041872159,ego,31.793130433261055,31.158852672357824,32.0,0.996942
1368,4.25,empty_shadow,IDEAM,follower_2,127,vehicle.mercedes.coupe_2020,follower,-4,left,0,[0],235.7526333586668,-201.7504254129022,31.202643562790197,-0.07114793066029051,follower_1,34.559529546824976,31.13116679708508,32.0,1.023943
1368,4.25,empty_shadow,IDEAM,follower_3,128,vehicle.mercedes.coupe_2020,follower,-4,left,0,[0],197.03250796900716,-201.7508780629226,30.43204943044222,-0.060276859492394745,follower_2,34.00797337724793,30.396953703917916,32.0,0.992958
1368,4.25,empty_shadow,IDEAM,follower_4,129,vehicle.audi.a2,follower,-4,left,0,[0],151.9403420776888,-201.75034590376274,27.873618756337713,-0.11569941213737352,follower_3,40.77476246253885,27.8954552991326,30.125674,0.878966
1369,4.3,empty_shadow,IDEAM,occluder,121,vehicle.carlamotors.firetruck,occluder,-5,centre,1,[1],276.78883498006803,-205.25505749353846,18.719691599786092,0.2693176453568514,lead_centre,120.55405458037133,18.71102435350419,19.060993,1.021082
1369,4.3,empty_shadow,IDEAM,lead_left,122,vehicle.mercedes.coupe_2020,leader,-4,left,0,[0],416.813373890536,-201.75047164055593,22.66636948150013,0.008621012136556276,,,22.673760280201385,23.287836,0.948219
1369,4.3,empty_shadow,IDEAM,lead_centre,123,vehicle.nissan.patrol_2021,leader,-5,centre,1,[1],404.4320597425178,-205.25019426743478,20.15808589845084,-0.12676275835258893,,,20.162009005814763,20.011235,1.074628
1369,4.3,empty_shadow,IDEAM,lead_right,124,vehicle.nissan.patrol_2021,leader,-6,right,2,[2],422.8702663681788,-208.7497333119785,23.650327261957273,0.0821305924616969,,,23.639329631783664,23.123141,0.908861
1369,4.3,empty_shadow,IDEAM,rear_centre,125,vehicle.tesla.model3,follower,-5,centre,1,[1],248.1384408376204,-205.24963354518886,17.857503263479177,0.011558723993162712,occluder,21.977575935018464,17.850388694201865,20.183858,0.943297
1369,4.3,empty_shadow,IDEAM,follower_1,126,vehicle.tesla.model3,follower,-4,left,0,[0],276.61033222530386,-201.750296406753,31.25145128504657,-0.11390742669141132,ego,31.770948376825515,31.156192370077108,32.0,0.996942
1369,4.3,empty_shadow,IDEAM,follower_2,127,vehicle.mercedes.coupe_2020,follower,-4,left,0,[0],237.31263112319397,-201.75076298569394,31.19745340963415,-0.10380258678924137,follower_1,34.56230651613803,31.12758398342815,32.0,1.023943
1369,4.3,empty_shadow,IDEAM,follower_3,128,vehicle.mercedes.coupe_2020,follower,-4,left,0,[0],198.55396200337293,-201.75113723179751,30.427456239696713,-0.0918631107179303,follower_2,34.046486569011435,30.39408407025101,32.0,0.992958
1369,4.3,empty_shadow,IDEAM,follower_4,129,vehicle.audi.a2,follower,-4,left,0,[0],153.33383581551988,-201.75035880805322,27.867110897456207,-0.1301571689824412,follower_3,40.902661744742424,27.88974209289141,30.125674,0.878966
1370,4.35,empty_shadow,IDEAM,occluder,121,vehicle.carlamotors.firetruck,occluder,-5,centre,1,[1],277.7252669456843,-205.25513476731743,18.733651482428233,0.27919765326170437,lead_centre,120.62628965235764,18.724261916146197,19.060993,1.021082
1370,4.35,empty_shadow,IDEAM,lead_left,122,vehicle.mercedes.coupe_2020,leader,-4,left,0,[0],417.94661366959076,-201.75037496371232,22.664799727298266,-0.03139508262288376,,,22.674186127143006,23.287836,0.948219
1370,4.35,empty_shadow,IDEAM,lead_centre,123,vehicle.nissan.patrol_2021,leader,-5,centre,1,[1],405.43968918252455,-205.25015570014034,20.1499949099911,-0.1618197567722212,,,20.15577188636328,20.011235,1.074628
1370,4.35,empty_shadow,IDEAM,lead_right,124,vehicle.nissan.patrol_2021,leader,-6,right,2,[2],424.05282258184627,-208.74971136404722,23.652207915292532,0.037613067895780845,,,23.643380218401578,23.123141,0.908861
1370,4.35,empty_shadow,IDEAM,rear_centre,125,vehicle.tesla.model3,follower,-5,centre,1,[1],249.03141573807767,-205.24961883239803,17.85804686802785,0.010872091664283216,occluder,22.020483673392434,17.851447321066,20.183858,0.943297
1370,4.35,empty_shadow,IDEAM,follower_1,126,vehicle.tesla.model3,follower,-4,left,0,[0],278.1727712658043,-201.75025167697817,31.245992427230483,-0.109177138182201,ego,31.752367800419535,31.153750706030156,32.0,0.996942
1370,4.35,empty_shadow,IDEAM,follower_2,127,vehicle.mercedes.coupe_2020,follower,-4,left,0,[0],238.8723237067523,-201.7510854038053,31.19072398469168,-0.13458778472047264,follower_1,34.56499193272204,31.122466511181923,32.0,1.023943
1370,4.35,empty_shadow,IDEAM,follower_3,128,vehicle.mercedes.coupe_2020,follower,-4,left,0,[0],200.07517189712792,-201.75139648395867,30.421369568723097,-0.12173248416041108,follower_2,34.08503029917284,30.3896532669189,32.0,0.992958
1370,4.35,empty_shadow,IDEAM,follower_4,129,vehicle.audi.a2,follower,-4,left,0,[0],154.72696334243474,-201.75037183727304,27.85997170332345,-0.14278387667376116,follower_3,41.03062204127714,27.8833070678576,30.125674,0.878966
1371,4.4,empty_shadow,IDEAM,occluder,121,vehicle.carlamotors.firetruck,occluder,-5,centre,1,[1],278.66240081035124,-205.25519654286035,18.748065310420774,0.2882765606806818,lead_centre,120.69748712674809,18.737983182342163,19.060993,1.021082
1371,4.4,empty_shadow,IDEAM,lead_left,122,vehicle.mercedes.coupe_2020,leader,-4,left,0,[0],419.07973137834017,-201.75027832851185,22.661313091746617,-0.0697327106539164,,,22.672635321225776,23.287836,0.948219
1371,4.4,empty_shadow,IDEAM,lead_centre,123,vehicle.nissan.patrol_2021,leader,-5,centre,1,[1],406.4468913712569,-205.25010201980862,20.14028458579412,-0.19420647489137927,,,20.14780971624493,20.011235,1.074628
1371,4.4,empty_shadow,IDEAM,lead_right,124,vehicle.nissan.patrol_2021,leader,-6,right,2,[2],425.23543983587183,-208.7497046540825,23.651938987623378,-0.005378551966289792,,,23.64523524200581,23.123141,0.908861
1371,4.4,empty_shadow,IDEAM,rear_centre,125,vehicle.tesla.model3,follower,-5,centre,1,[1],249.92439063853493,-205.24960411960723,17.85855995428222,0.010261725012395272,occluder,22.06394073855145,17.852482800325582,20.183858,0.943297
1371,4.4,empty_shadow,IDEAM,follower_1,126,vehicle.tesla.model3,follower,-4,left,0,[0],279.73490513054116,-201.75020705131112,31.240787250728026,-0.10410351767532111,ego,31.73735835303917,31.151503161774166,32.0,0.996942
1371,4.4,empty_shadow,IDEAM,follower_2,127,vehicle.mercedes.coupe_2020,follower,-4,left,0,[0],240.43158902342014,-201.75134693251485,31.18254685218391,-0.16354169420273829,follower_1,34.56773838966414,31.115903523295373,32.0,1.023943
1371,4.4,empty_shadow,IDEAM,follower_3,128,vehicle.mercedes.coupe_2020,follower,-4,left,0,[0],201.59601556955596,-201.75162534347282,30.41387907354595,-0.14980875414232836,follower_2,34.123512988976174,30.38374594961628,32.0,0.992958
1371,4.4,empty_shadow,IDEAM,follower_4,129,vehicle.audi.a2,follower,-4,left,0,[0],156.11972465843343,-201.7503849914222,27.852298449126494,-0.15346508004383735,follower_3,41.15870440811726,27.87624116547643,30.125674,0.878966
1372,4.45,empty_shadow,IDEAM,occluder,121,vehicle.carlamotors.firetruck,occluder,-5,centre,1,[1],279.6002671020559,-205.25527332733276,18.762887308370452,0.2964399600956232,lead_centre,120.76755545081356,18.752148769683014,19.060993,1.021082
1372,4.45,empty_shadow,IDEAM,lead_left,122,vehicle.mercedes.coupe_2020,leader,-4,left,0,[0],420.2126659816314,-201.75018175577603,22.656008757699766,-0.10608668120478777,,,22.669190758285215,23.287836,0.948219
1372,4.45,empty_shadow,IDEAM,lead_centre,123,vehicle.nissan.patrol_2021,leader,-5,centre,1,[1],407.45354424361506,-205.2500485268709,20.129080812680943,-0.2240754577094431,,,20.138253787441073,20.011235,1.074628
1372,4.45,empty_shadow,IDEAM,lead_right,124,vehicle.nissan.patrol_2021,leader,-6,right,2,[2],426.41799605474466,-208.74969796493937,23.64959867893749,-0.04680617229253847,,,23.644969979684358,23.123141,0.908861
1372,4.45,empty_shadow,IDEAM,rear_centre,125,vehicle.tesla.model3,follower,-5,centre,1,[1],250.81736555460833,-205.24963518318094,17.859038710164924,0.009575118555290797,occluder,22.108099702761137,17.853497902254386,20.183858,0.943297
1372,4.45,empty_shadow,IDEAM,follower_1,126,vehicle.tesla.model3,follower,-4,left,0,[0],281.29679485466727,-201.7501625089303,31.235837662909834,-0.09899174831992728,ego,31.725981184355675,31.149438267901633,32.0,0.996942
1372,4.45,empty_shadow,IDEAM,follower_2,127,vehicle.mercedes.coupe_2020,follower,-4,left,0,[0],241.99042708360835,-201.75157808939892,31.17303265169851,-0.19028283370662705,follower_1,34.57060693773319,31.107982314904437,32.0,1.023943
1372,4.45,empty_shadow,IDEAM,follower_3,128,vehicle.mercedes.coupe_2020,follower,-4,left,0,[0],203.11646249266985,-201.75179330317437,30.40509729891889,-0.17563416629010722,follower_2,34.16193463321602,30.37645065390607,32.0,0.992958
1372,4.45,empty_shadow,IDEAM,follower_4,129,vehicle.audi.a2,follower,-4,left,0,[0],157.51208924593956,-201.75039828091147,27.84418840904715,-0.16220079952605246,follower_3,41.28678676454659,27.868640968707535,30.125674,0.878966
1373,4.5,empty_shadow,IDEAM,occluder,121,vehicle.carlamotors.firetruck,occluder,-5,centre,1,[1],280.53883529801664,-205.2553498723573,18.778081235823414,0.30387855064350305,lead_centre,120.836342031467,18.766713668877514,19.060993,1.021082
1373,4.5,empty_shadow,IDEAM,lead_left,122,vehicle.mercedes.coupe_2020,leader,-4,left,0,[0],421.3452954143646,-201.75010054593614,22.64899925970016,-0.14018995989522343,,,22.6639503934596,23.287836,0.948219
1373,4.5,empty_shadow,IDEAM,lead_centre,123,vehicle.nissan.patrol_2021,leader,-5,centre,1,[1],408.45958676444627,-205.2499952421487,20.11652282630673,-0.2511597261280121,,,20.12722787848481,20.011235,1.074628
1373,4.5,empty_shadow,IDEAM,lead_right,124,vehicle.nissan.patrol_2021,leader,-6,right,2,[2],427.60024709264866,-208.74967612111584,23.6452766353235,-0.08644087071746628,,,23.642661562940756,23.123141,0.908861
1373,4.5,empty_shadow,IDEAM,rear_centre,125,vehicle.tesla.model3,follower,-5,centre,1,[1],251.71034048629792,-205.24971202311917,17.85948122086961,0.008850214174043594,occluder,22.152991078392404,17.85448752567619,20.183858,0.943297
1373,4.5,empty_shadow,IDEAM,follower_1,126,vehicle.tesla.model3,follower,-4,left,0,[0],282.85844043818264,-201.75011804983566,31.231155108399058,-0.09365108401393507,ego,31.718083550325687,31.14754829097495,32.0,0.996942
1373,4.5,empty_shadow,IDEAM,follower_2,127,vehicle.mercedes.coupe_2020,follower,-4,left,0,[0],243.5487768521642,-201.7517788952791,31.162282483396545,-0.21500200308854808,follower_1,34.573658601671106,31.098807507986315,32.0,1.023943
1373,4.5,empty_shadow,IDEAM,follower_3,128,vehicle.mercedes.coupe_2020,follower,-4,left,0,[0],204.63642112935682,-201.75194617066018,30.395129159487762,-0.19936133741859685,follower_2,34.200325770290306,30.36787849512364,32.0,0.992958
1373,4.5,empty_shadow,IDEAM,follower_4,129,vehicle.audi.a2,follower,-4,left,0,[0],158.90405710495315,-201.75041170574085,27.83573504332617,-0.16906731358455124,follower_3,41.41486910015438,27.860603169982173,30.125674,0.878966
1374,4.55,empty_shadow,IDEAM,occluder,121,vehicle.carlamotors.firetruck,occluder,-5,centre,1,[1],281.4782274373065,-205.2553345835618,18.79359750262831,0.31032533828160314,lead_centre,120.90381635633746,18.781642265066075,19.060993,1.021082
1374,4.55,empty_shadow,IDEAM,lead_left,122,vehicle.mercedes.coupe_2020,leader,-4,left,0,[0],422.47743656067075,-201.75000424388054,22.640385686428335,-0.17227146358328055,,,22.657025359732174,23.287836,0.948219
1374,4.55,empty_shadow,IDEAM,lead_centre,123,vehicle.nissan.patrol_2021,leader,-5,centre,1,[1],409.46495789859773,-205.24994218646367,20.102747956565114,-0.2754973960570336,,,20.11486890221571,20.011235,1.074628
1374,4.55,empty_shadow,IDEAM,lead_right,124,vehicle.nissan.patrol_2021,leader,-6,right,2,[2],428.78231503029986,-208.74966959854515,23.639093019713215,-0.12367231051772938,,,23.638398391958543,23.123141,0.908861
1374,4.55,empty_shadow,IDEAM,rear_centre,125,vehicle.tesla.model3,follower,-5,centre,1,[1],252.60328490561656,-205.24980413225637,17.859883670514197,0.008048992801858047,occluder,22.198584342663537,17.855448453600673,20.183858,0.943297
1374,4.55,empty_shadow,IDEAM,follower_1,126,vehicle.tesla.model3,follower,-4,left,0,[0],284.41984188108717,-201.75007367402728,31.226751031892103,-0.08808152683771511,ego,31.71360425442937,31.145819937003736,32.0,0.996942
1374,4.55,empty_shadow,IDEAM,follower_2,127,vehicle.mercedes.coupe_2020,follower,-4,left,0,[0],245.1065467711532,-201.75193412259952,31.1504069832229,-0.23750849979259134,follower_1,34.57695441663062,31.088474999000045,32.0,1.023943
1374,4.55,empty_shadow,IDEAM,follower_3,128,vehicle.mercedes.coupe_2020,follower,-4,left,0,[0],206.15586095162965,-201.75205343876468,30.38408719626759,-0.22083774123380373,follower_2,34.23871690215918,30.358132999356638,32.0,0.992958
1374,4.55,empty_shadow,IDEAM,follower_4,129,vehicle.audi.a2,follower,-4,left,0,[0],160.2955366827452,-201.75042529714264,27.8270299049012,-0.17410276834011712,follower_3,41.54285987782771,27.852220638806415,30.125674,0.878966
1375,4.6,empty_shadow,IDEAM,occluder,121,vehicle.carlamotors.firetruck,occluder,-5,centre,1,[1],282.418413028376,-205.2553037652979,18.80940178040815,0.31608555821426376,lead_centre,120.96979535119908,18.796885822773238,19.060993,1.021082
1375,4.6,empty_shadow,IDEAM,lead_left,122,vehicle.mercedes.coupe_2020,leader,-4,left,0,[0],423.60915046090804,-201.74990808757582,22.630293923641418,-0.2018352505612151,,,22.648515472460033,23.287836,0.948219
1375,4.6,empty_shadow,IDEAM,lead_centre,123,vehicle.nissan.patrol_2021,leader,-5,centre,1,[1],410.4695966161222,-205.24990463942544,20.08789543904046,-0.29705035265028173,,,20.101311898679956,20.011235,1.074628
1375,4.6,empty_shadow,IDEAM,lead_right,124,vehicle.nissan.patrol_2021,leader,-6,right,2,[2],429.9640777869823,-208.74964792129407,23.631139384205557,-0.15907270845917554,,,23.63229895022915,23.123141,0.908861
1375,4.6,empty_shadow,IDEAM,rear_centre,125,vehicle.tesla.model3,follower,-5,centre,1,[1],253.49625982169,-205.2498351958301,17.86024605468403,0.007247681643404331,occluder,22.24503206263475,17.856375944751736,20.183858,0.943297
1375,4.6,empty_shadow,IDEAM,follower_1,126,vehicle.tesla.model3,follower,-4,left,0,[0],285.98106021853357,-201.75002936068356,31.222633062744325,-0.08235938217919771,ego,31.712482261514154,31.144259960712922,32.0,0.996942
1375,4.6,empty_shadow,IDEAM,follower_2,127,vehicle.mercedes.coupe_2020,follower,-4,left,0,[0],246.6636758210389,-201.7520895685463,31.137528229702635,-0.25757347964371685,follower_1,34.580585940546115,31.07708978408287,32.0,1.023943
1375,4.6,empty_shadow,IDEAM,follower_3,128,vehicle.mercedes.coupe_2020,follower,-4,left,0,[0],207.67469041196472,-201.7521303975084,30.372082042299596,-0.24010154412899162,follower_2,34.27704699887538,30.34732499786879,32.0,0.992958
1375,4.6,empty_shadow,IDEAM,follower_4,129,vehicle.audi.a2,follower,-4,left,0,[0],161.686650049621,-201.7504390134738,27.818160732051947,-0.17738345704308084,follower_3,41.67082012230854,27.843584403379868,30.125674,0.878966
1376,4.65,empty_shadow,IDEAM,occluder,121,vehicle.carlamotors.firetruck,occluder,-5,centre,1,[1],283.35936156405967,-205.2552879455527,18.825455922290175,0.3210828409594018,lead_centre,121.03424847765405,18.812410624925263,19.060993,1.021082
1376,4.65,empty_shadow,IDEAM,lead_left,122,vehicle.mercedes.coupe_2020,leader,-4,left,0,[0],424.7403150812088,-201.74991893018233,22.618836504810815,-0.22914836675398614,,,22.638545038942027,23.287836,0.948219
1376,4.65,empty_shadow,IDEAM,lead_centre,123,vehicle.nissan.patrol_2021,leader,-5,centre,1,[1],411.4735029066089,-205.2498520834577,20.07211023146111,-0.3157041532863897,,,20.08669379040838,20.011235,1.074628
1376,4.65,empty_shadow,IDEAM,lead_right,124,vehicle.nissan.patrol_2021,leader,-6,right,2,[2],431.14529123249577,-208.74964169022516,23.62152635630168,-0.19226055613761767,,,23.624453485749406,23.123141,0.908861
1376,4.65,empty_shadow,IDEAM,rear_centre,125,vehicle.tesla.model3,follower,-5,centre,1,[1],254.38923472214725,-205.2498204830393,17.860564567817274,0.006370261384465712,occluder,22.292242737630843,17.85726851667051,20.183858,0.943297
1376,4.65,empty_shadow,IDEAM,follower_1,126,vehicle.tesla.model3,follower,-4,left,0,[0],287.54206493294555,-201.74998512021529,31.21878975627184,-0.07686612959765399,ego,31.714534377630216,31.14287195593081,32.0,0.996942
1376,4.65,empty_shadow,IDEAM,follower_2,127,vehicle.mercedes.coupe_2020,follower,-4,left,0,[0],248.22013345301258,-201.7521536908011,31.12376448474043,-0.27527327613055036,follower_1,34.584675228106846,31.064767636344303,32.0,1.023943
1376,4.65,empty_shadow,IDEAM,follower_3,128,vehicle.mercedes.coupe_2020,follower,-4,left,0,[0],209.19290951556744,-201.7521923056795,30.359231957688394,-0.2570001995291041,follower_2,34.315346588426,30.335564123804115,32.0,0.992958
1376,4.65,empty_shadow,IDEAM,follower_4,129,vehicle.audi.a2,follower,-4,left,0,[0],163.07727513527522,-201.7504528963774,27.809217170435037,-0.17887123226436477,follower_3,41.798536215767804,27.8347816739493,30.125674,0.878966
1377,4.7,empty_shadow,IDEAM,occluder,121,vehicle.carlamotors.firetruck,occluder,-5,centre,1,[1],284.3011035567284,-205.25527185512732,18.84171415135864,0.3251645856083273,lead_centre,121.09720623245715,18.82817921692378,19.060993,1.021082
1377,4.7,empty_shadow,IDEAM,lead_left,122,vehicle.mercedes.coupe_2020,leader,-4,left,0,[0],425.8708693499825,-201.74992998100439,22.606154570077955,-0.2536386810243284,,,22.62722517151068,23.287836,0.948219
1377,4.7,empty_shadow,IDEAM,lead_centre,123,vehicle.nissan.patrol_2021,leader,-5,centre,1,[1],412.47661574011056,-205.2497997981702,20.055529664375864,-0.3316113419775188,,,20.07115714292218,20.011235,1.074628
1377,4.7,empty_shadow,IDEAM,lead_right,124,vehicle.nissan.patrol_2021,leader,-6,right,2,[2],432.3260774319403,-208.74963560490713,23.610379819674456,-0.22293073062945637,,,23.61497105123997,23.123141,0.908861
1377,4.7,empty_shadow,IDEAM,rear_centre,125,vehicle.tesla.model3,follower,-5,centre,1,[1],255.2822096226045,-205.24980577024846,17.86083921460979,0.005492935363031789,occluder,22.340216372857213,17.858121282591508,20.183858,0.943297
1377,4.7,empty_shadow,IDEAM,follower_1,126,vehicle.tesla.model3,follower,-4,left,0,[0],289.10288654189947,-201.74994094221168,31.215217297915068,-0.07144916716077004,ego,31.719760451821315,31.1416446978582,32.0,0.996942
1377,4.7,empty_shadow,IDEAM,follower_2,127,vehicle.mercedes.coupe_2020,follower,-4,left,0,[0],249.77588918073025,-201.75221805250382,31.10923019570903,-0.290684188802543,follower_1,34.58922231054517,31.051619385727424,32.0,1.023943
1377,4.7,empty_shadow,IDEAM,follower_3,128,vehicle.mercedes.coupe_2020,follower,-4,left,0,[0],210.71045720125812,-201.75216289015867,30.3456571076747,-0.27149559451509825,follower_2,34.35358511679697,30.322967015970352,32.0,0.992958
1377,4.7,empty_shadow,IDEAM,follower_4,129,vehicle.audi.a2,follower,-4,left,0,[0],164.46747297486058,-201.75046692503187,27.800285051027345,-0.17864238771045154,follower_3,41.92613023371627,27.82590161016336,30.125674,0.878966
1378,4.75,empty_shadow,IDEAM,occluder,121,vehicle.carlamotors.firetruck,occluder,-5,centre,1,[1],285.24370003632947,-205.255240214412,18.85814213428418,0.3285596640760841,lead_centre,121.15857707329002,18.844146647617386,19.060993,1.021082
1378,4.75,empty_shadow,IDEAM,lead_left,122,vehicle.mercedes.coupe_2020,leader,-4,left,0,[0],427.0007522320766,-201.74994126086355,22.592372096231966,-0.27564946045695676,,,22.614695245497188,23.287836,0.948219
1378,4.75,empty_shadow,IDEAM,lead_centre,123,vehicle.nissan.patrol_2021,leader,-5,centre,1,[1],413.47887408147443,-205.24974780438447,20.03830060251869,-0.3445812348816595,,,20.05483702924758,20.011235,1.074628
1378,4.75,empty_shadow,IDEAM,lead_right,124,vehicle.nissan.patrol_2021,leader,-6,right,2,[2],433.5061922394998,-208.74961448983805,23.597814215350375,-0.2513120845639124,,,23.603975741299813,23.123141,0.908861
1378,4.75,empty_shadow,IDEAM,rear_centre,125,vehicle.tesla.model3,follower,-5,centre,1,[1],256.1751845230618,-205.24979105745766,17.86106808587808,0.004577425584526828,occluder,22.38898346506869,17.858932958886413,20.183858,0.943297
1378,4.75,empty_shadow,IDEAM,follower_1,126,vehicle.tesla.model3,follower,-4,left,0,[0],290.6635555629716,-201.74989681626195,31.211915687417875,-0.0660322088573644,ego,31.72800774004405,31.140573439918864,32.0,0.996942
1378,4.75,empty_shadow,IDEAM,follower_2,127,vehicle.mercedes.coupe_2020,follower,-4,left,0,[0],251.330881953423,-201.75223689811145,31.09404743503305,-0.30365369741793335,follower_1,34.594288191781416,31.03775285679016,32.0,1.023943
1378,4.75,empty_shadow,IDEAM,follower_3,128,vehicle.mercedes.coupe_2020,follower,-4,left,0,[0],212.22733349506373,-201.75211844488675,30.331479565598354,-0.2835495711892519,follower_2,34.39179315882394,30.309652222193193,32.0,0.992958
1378,4.75,empty_shadow,IDEAM,follower_4,129,vehicle.audi.a2,follower,-4,left,0,[0],165.85721305080068,-201.750481109848,27.791436853366356,-0.17696395227303172,follower_3,42.05348007982161,27.817029575454367,30.125674,0.878966
1379,4.8,empty_shadow,IDEAM,occluder,121,vehicle.carlamotors.firetruck,occluder,-5,centre,1,[1],286.18708997291566,-205.25520830301642,18.874694096251947,0.3310392454145327,lead_centre,121.2182389350528,18.860279235447,19.060993,1.021082
1379,4.8,empty_shadow,IDEAM,lead_left,122,vehicle.mercedes.coupe_2020,leader,-4,left,0,[0],428.1299026923383,-201.74995279058137,22.577620689288505,-0.2950281213558736,,,22.601077681857628,23.287836,0.948219
1379,4.8,empty_shadow,IDEAM,lead_centre,123,vehicle.nissan.patrol_2021,leader,-5,centre,1,[1],414.4802779307005,-205.2496961021005,20.020560374762418,-0.35480454956446295,,,20.03787792408078,20.011235,1.074628
1379,4.8,empty_shadow,IDEAM,lead_right,124,vehicle.nissan.patrol_2021,leader,-6,right,2,[2],434.6856356655851,-208.74960886259424,23.58396115162022,-0.27706127244440987,,,23.591580359731914,23.123141,0.908861
1379,4.8,empty_shadow,IDEAM,rear_centre,125,vehicle.tesla.model3,follower,-5,centre,1,[1],257.0681289059427,-205.2497763550776,17.861254996337856,0.0037382099127163506,occluder,22.438605044212537,17.85970082716244,20.183858,0.943297
1379,4.8,empty_shadow,IDEAM,follower_1,126,vehicle.tesla.model3,follower,-4,left,0,[0],292.2240414785857,-201.7498527527769,31.208869665656607,-0.060920432249549884,ego,31.739184804087884,31.13966005024107,32.0,0.996942
1379,4.8,empty_shadow,IDEAM,follower_2,127,vehicle.mercedes.coupe_2020,follower,-4,left,0,[0],252.88511175547467,-201.75216445125946,31.07833636824658,-0.3142199426670237,follower_1,34.59996444016082,31.02328340948162,32.0,1.023943
1379,4.8,empty_shadow,IDEAM,follower_3,128,vehicle.mercedes.coupe_2020,follower,-4,left,0,[0],213.74347736703697,-201.7520742494735,30.316813772014868,-0.29331476313535354,follower_2,34.42990963771108,30.295740069881344,32.0,0.992958
1379,4.8,empty_shadow,IDEAM,follower_4,129,vehicle.audi.a2,follower,-4,left,0,[0],167.2465258806719,-201.75049544041505,27.78275459373477,-0.17364519113618565,follower_3,42.18061629768712,27.808237759005223,30.125674,0.878966
1380,4.8500000000000005,empty_shadow,IDEAM,occluder,121,vehicle.carlamotors.firetruck,occluder,-5,centre,1,[1],287.1313038840633,-205.25517611052987,18.89133761140881,0.33287031000777745,lead_centre,121.27625284769272,18.876532062299553,19.060993,1.021082
1380,4.8500000000000005,empty_shadow,IDEAM,lead_left,122,vehicle.mercedes.coupe_2020,leader,-4,left,0,[0],429.25832072556216,-201.7499493113697,22.562039584591258,-0.3116220773738035,,,22.586502444541917,23.287836,0.948219
1380,4.8500000000000005,empty_shadow,IDEAM,lead_centre,123,vehicle.nissan.patrol_2021,leader,-5,centre,1,[1],415.4807052226888,-205.2496599917496,20.002448217305066,-0.3622431398054107,,,20.02041493563375,20.011235,1.074628
1380,4.8500000000000005,empty_shadow,IDEAM,lead_right,124,vehicle.nissan.patrol_2021,leader,-6,right,2,[2],435.86434666463254,-208.7495882264209,23.568946512127784,-0.3002927877471008,,,23.577914644731393,23.123141,0.908861
1380,4.8500000000000005,empty_shadow,IDEAM,rear_centre,125,vehicle.tesla.model3,follower,-5,centre,1,[1],257.9612258819107,-205.24977685943188,17.861398039116526,0.0028608564842652314,occluder,22.489050597917796,17.860427146157097,20.183858,0.943297
1380,4.8500000000000005,empty_shadow,IDEAM,follower_1,126,vehicle.tesla.model3,follower,-4,left,0,[0],293.78440532389436,-201.74980873093494,31.206075417628067,-0.055884955153031775,ego,31.753200169304705,31.13889188058962,32.0,0.996942
1380,4.8500000000000005,empty_shadow,IDEAM,follower_2,127,vehicle.mercedes.coupe_2020,follower,-4,left,0,[0],254.4385175933757,-201.75212280307483,31.06221715963035,-0.32238294099412157,follower_1,34.60622055372319,31.00832349695929,32.0,1.023943
1380,4.8500000000000005,empty_shadow,IDEAM,follower_3,128,vehicle.mercedes.coupe_2020,follower,-4,left,0,[0],215.2588277507928,-201.75193877201144,30.301781795900386,-0.3006385902157836,follower_2,34.46799556778952,30.2813439003469,32.0,0.992958
1380,4.8500000000000005,empty_shadow,IDEAM,follower_4,129,vehicle.audi.a2,follower,-4,left,0,[0],168.63538094689787,-201.75050992714375,27.774310751663233,-0.1688768402389369,follower_3,42.30744733978914,27.79960772050649,30.125674,0.878966
1381,4.9,empty_shadow,IDEAM,occluder,121,vehicle.carlamotors.firetruck,occluder,-5,centre,1,[1],288.07637228734865,-205.25514362654152,18.90803262553057,0.33390028984609477,lead_centre,121.33246622853338,18.89287334217706,19.060993,1.021082
1381,4.9,empty_shadow,IDEAM,lead_left,122,vehicle.mercedes.coupe_2020,leader,-4,left,0,[0],430.3859453070064,-201.74996136162642,22.54576038858149,-0.3255839059114654,,,22.57110704357981,23.287836,0.948219
1381,4.9,empty_shadow,IDEAM,lead_centre,123,vehicle.nissan.patrol_2021,leader,-5,centre,1,[1],416.48027801733394,-205.24960891411232,19.984097643492596,-0.3670114632536892,,,20.002585070593618,20.011235,1.074628
1381,4.9,empty_shadow,IDEAM,lead_right,124,vehicle.nissan.patrol_2021,leader,-6,right,2,[2],437.042325247053,-208.74958309889445,23.552903811994895,-0.32085400045883206,,,23.563102690624675,23.123141,0.908861
1381,4.9,empty_shadow,IDEAM,rear_centre,125,vehicle.tesla.model3,follower,-5,centre,1,[1],258.8543838878261,-205.2497620841764,17.86150293521048,0.00209792222744319,occluder,22.54016753309739,17.86110868346205,20.183858,0.943297
1381,4.9,empty_shadow,IDEAM,follower_1,126,vehicle.tesla.model3,follower,-4,left,0,[0],295.34461658132125,-201.74976476114688,31.203523405812792,-0.05104022830342241,ego,31.76990122699111,31.138273280237353,32.0,0.996942
1381,4.9,empty_shadow,IDEAM,follower_2,127,vehicle.mercedes.coupe_2020,follower,-4,left,0,[0],255.9911299638809,-201.75205090799406,31.045811878078766,-0.3281045789746463,follower_1,34.61317856113081,30.99298679299022,32.0,1.023943
1381,4.9,empty_shadow,IDEAM,follower_3,128,vehicle.mercedes.coupe_2020,follower,-4,left,0,[0],216.77341520034526,-201.751818813607,30.28649617022032,-0.3057117692933754,follower_2,34.50605102193474,30.266584184285712,32.0,0.992958
1381,4.9,empty_shadow,IDEAM,follower_4,129,vehicle.audi.a2,follower,-4,left,0,[0],170.02386980220766,-201.75052453880178,27.766162547221352,-0.16296408618820912,follower_3,42.43394265731899,27.79121163162571,30.125674,0.878966
1382,4.95,empty_shadow,IDEAM,occluder,121,vehicle.carlamotors.firetruck,occluder,-5,centre,1,[1],289.02229519318263,-205.25514136862776,18.924739084444138,0.3341291858696467,lead_centre,121.38697061989308,18.909263806135524,19.060993,1.021082
1382,4.95,empty_shadow,IDEAM,lead_left,122,vehicle.mercedes.coupe_2020,leader,-4,left,0,[0],431.51265435595474,-201.7499584654183,22.52891470676432,-0.3369136255933619,,,22.555021460978022,23.287836,0.948219
1382,4.95,empty_shadow,IDEAM,lead_centre,123,vehicle.nissan.patrol_2021,leader,-5,centre,1,[1],417.47893527948315,-205.24954289001016,19.96564598379576,-0.3690331766118785,,,19.98451972412228,20.011235,1.074628
1382,4.95,empty_shadow,IDEAM,lead_right,124,vehicle.nissan.patrol_2021,leader,-6,right,2,[2],438.2194493373356,-208.74957826286973,23.53595893557485,-0.33889752625062475,,,23.547276126223043,23.123141,0.908861
1382,4.95,empty_shadow,IDEAM,rear_centre,125,vehicle.tesla.model3,follower,-5,centre,1,[1],259.7475418937414,-205.24974730892092,17.861571592847447,0.0013731535817088918,occluder,22.592077930467426,17.861750225338977,20.183858,0.943297
1382,4.95,empty_shadow,IDEAM,follower_1,126,vehicle.tesla.model3,follower,-4,left,0,[0],296.90476680359546,-201.74972081218039,31.20120218616624,-0.04642438214041316,ego,31.78919639839114,31.137799366655546,32.0,0.996942
1382,4.95,empty_shadow,IDEAM,follower_2,127,vehicle.mercedes.coupe_2020,follower,-4,left,0,[0],257.54288781622137,-201.7519030104742,31.02923687070794,-0.3314992863221821,follower_1,34.620777448052564,30.977387798713245,32.0,1.023943
1382,4.95,empty_shadow,IDEAM,follower_3,128,vehicle.mercedes.coupe_2020,follower,-4,left,0,[0],218.28730074043634,-201.75168383586225,30.27106751873366,-0.30857246517534687,follower_2,34.54407594288743,30.251572317767316,32.0,0.992958
1382,4.95,empty_shadow,IDEAM,follower_4,129,vehicle.audi.a2,follower,-4,left,0,[0],171.41193141144856,-201.7505392962107,27.7583767391331,-0.15571615889383092,follower_3,42.56004125156168,27.783106535045725,30.125674,0.878966
1383,5.0,empty_shadow,IDEAM,occluder,121,vehicle.carlamotors.firetruck,occluder,-5,centre,1,[1],289.9690115455909,-205.25510832245743,18.941422655281187,0.3336714248281033,lead_centre,121.43970497620842,18.925664201417888,19.060993,1.021082
1383,5.0,empty_shadow,IDEAM,lead_left,122,vehicle.mercedes.coupe_2020,leader,-4,left,0,[0],432.63863098827613,-201.74997107785703,22.51164177568691,-0.3454586140887621,,,22.538375688899666,23.287836,0.948219
1383,5.0,empty_shadow,IDEAM,lead_centre,123,vehicle.nissan.patrol_2021,leader,-5,centre,1,[1],418.47655495965273,-205.249522996239,19.947217215422636,-0.3685753461695468,,,19.966354071819556,20.011235,1.074628
1383,5.0,empty_shadow,IDEAM,lead_right,124,vehicle.nissan.patrol_2021,leader,-6,right,2,[2],439.39571893027517,-208.74955845955864,23.518241582620742,-0.35434705697349433,,,23.530559061025603,23.123141,0.908861
1383,5.0,empty_shadow,IDEAM,rear_centre,125,vehicle.tesla.model3,follower,-5,centre,1,[1],260.6407304172331,-205.24973252325466,17.86160210720077,0.0006102873276670286,occluder,22.644842830386025,17.862352737610962,20.183858,0.943297
1383,5.0,empty_shadow,IDEAM,follower_1,126,vehicle.tesla.model3,follower,-4,left,0,[0],298.46473391520624,-201.74966166689038,31.199104128890195,-0.04196113207294699,ego,31.810963727718004,31.137464843586567,32.0,0.996942
1383,5.0,empty_shadow,IDEAM,follower_2,127,vehicle.mercedes.coupe_2020,follower,-4,left,0,[0],259.0938522167821,-201.75177064242274,31.012597040397033,-0.33279593827065485,follower_1,34.62916981798631,30.96163659960936,32.0,1.023943
1383,5.0,empty_shadow,IDEAM,follower_3,128,vehicle.mercedes.coupe_2020,follower,-4,left,0,[0],219.80039282354232,-201.75154912879773,30.25560265072623,-0.30929695994386686,follower_2,34.58194825513683,30.236417338696764,32.0,0.992958
1383,5.0,empty_shadow,IDEAM,follower_4,129,vehicle.audi.a2,follower,-4,left,0,[0],172.79965732734962,-201.75055416813817,27.751001010552066,-0.14751456842431174,follower_3,42.685865182411845,27.775358909161387,30.125674,0.878966
1384,5.05,empty_shadow,IDEAM,occluder,121,vehicle.carlamotors.firetruck,occluder,-5,centre,1,[1],290.9165823901369,-205.25507498478532,18.958043284746786,0.3324125967133517,lead_centre,121.49060830396968,18.94204090003144,19.060993,1.021082
1384,5.05,empty_shadow,IDEAM,lead_left,122,vehicle.mercedes.coupe_2020,leader,-4,left,0,[0],433.7636310581544,-201.74998402344062,22.49407129418104,-0.35140962573395634,,,22.52130727266366,23.287836,0.948219
1384,5.05,empty_shadow,IDEAM,lead_centre,123,vehicle.nissan.patrol_2021,leader,-5,centre,1,[1],419.47344224401684,-205.24957964626736,19.928937220570507,-0.36559987364520985,,,19.948210165628684,20.011235,1.074628
1384,5.05,empty_shadow,IDEAM,lead_right,124,vehicle.nissan.patrol_2021,leader,-6,right,2,[2],440.57107300112955,-208.74955422735903,23.49988717614906,-0.3670881271156099,,,23.51307937904354,23.123141,0.908861
1384,5.05,empty_shadow,IDEAM,rear_centre,125,vehicle.tesla.model3,follower,-5,centre,1,[1],261.5338884231485,-205.2497177479992,17.86160401296612,3.811540427235299e-05,occluder,22.698370659302583,17.86291325240492,20.183858,0.943297
1384,5.05,empty_shadow,IDEAM,follower_1,126,vehicle.tesla.model3,follower,-4,left,0,[0],300.0246399968696,-201.7496178012101,31.197219697265652,-0.037688616393480555,ego,31.835233852271898,31.137268636446127,32.0,0.996942
1384,5.05,empty_shadow,IDEAM,follower_2,127,vehicle.mercedes.coupe_2020,follower,-4,left,0,[0],260.6440231603578,-201.7516385450515,30.99600682554118,-0.33180380844567714,follower_1,34.63817252903627,30.945831169880883,32.0,1.023943
1384,5.05,empty_shadow,IDEAM,follower_3,128,vehicle.mercedes.coupe_2020,follower,-4,left,0,[0],221.31269141843086,-201.7513231396844,30.24021409733462,-0.3077708076780845,follower_2,34.61982057259162,30.221225135568265,32.0,0.992958
1384,5.05,empty_shadow,IDEAM,follower_4,129,vehicle.audi.a2,follower,-4,left,0,[0],174.1870170323345,-201.75056916499497,27.744084952247604,-0.13832116253530846,follower_3,42.81123134961676,27.768016327667755,30.125674,0.878966
1385,5.1000000000000005,empty_shadow,IDEAM,occluder,121,vehicle.carlamotors.firetruck,occluder,-5,centre,1,[1],291.86497721444977,-205.2550566248104,18.974568548024287,0.33050527135355634,lead_centre,121.53992474378776,18.958354676624296,19.060993,1.021082
1385,5.1000000000000005,empty_shadow,IDEAM,lead_left,122,vehicle.mercedes.coupe_2020,leader,-4,left,0,[0],434.8878987009947,-201.74998196009471,22.476329147239888,-0.3548429367100508,,,22.50394434661339,23.287836,0.948219
1385,5.1000000000000005,empty_shadow,IDEAM,lead_centre,123,vehicle.nissan.patrol_2021,leader,-5,centre,1,[1],420.4693529659378,-205.2496366294406,19.91092806537252,-0.360183081454597,,,19.930211954374727,20.011235,1.074628
1385,5.1000000000000005,empty_shadow,IDEAM,lead_right,124,vehicle.nissan.patrol_2021,leader,-6,right,2,[2],441.7455115394881,-208.74953504869458,23.481023507137287,-0.3772733780229615,,,23.494970623540794,23.123141,0.908861
1385,5.1000000000000005,empty_shadow,IDEAM,rear_centre,125,vehicle.tesla.model3,follower,-5,centre,1,[1],262.4270464342692,-205.2497182315319,17.86157921799708,-0.0004958994131532302,occluder,22.75278349793325,17.863440324800482,20.183858,0.943297
1385,5.1000000000000005,empty_shadow,IDEAM,follower_1,126,vehicle.tesla.model3,follower,-4,left,0,[0],301.58439349065134,-201.7495739875837,31.195535539142824,-0.033683144176893574,ego,31.861823781113316,31.13720702260887,32.0,0.996942
1385,5.1000000000000005,empty_shadow,IDEAM,follower_2,127,vehicle.mercedes.coupe_2020,follower,-4,left,0,[0],262.1933090786032,-201.7514609732283,30.97956731291315,-0.32878992003078095,follower_1,34.64790766712402,30.930079933644706,32.0,1.023943
1385,5.1000000000000005,empty_shadow,IDEAM,follower_3,128,vehicle.mercedes.coupe_2020,follower,-4,left,0,[0],222.82425759148705,-201.7510974004297,30.224997224857308,-0.3043373041467513,follower_2,34.65769292127874,30.206106903200713,32.0,0.992958
1385,5.1000000000000005,empty_shadow,IDEAM,follower_4,129,vehicle.audi.a2,follower,-4,left,0,[0],175.5740410439795,-201.75058427637032,27.737668619238686,-0.12832665651954459,follower_3,42.936170239520465,27.761128297812633,30.125674,0.878966
1386,5.15,empty_shadow,IDEAM,occluder,121,vehicle.carlamotors.firetruck,occluder,-5,centre,1,[1],292.81419600811864,-205.25502272495632,18.990962204913046,0.32787314359619557,lead_centre,121.58744064139586,18.974573802147283,19.060993,1.021082
1386,5.15,empty_shadow,IDEAM,lead_left,122,vehicle.mercedes.coupe_2020,leader,-4,left,0,[0],436.01112875144474,-201.7499955095034,22.458543128151902,-0.3557203809857374,,,22.486411290020765,23.287836,0.948219
1386,5.15,empty_shadow,IDEAM,lead_centre,123,vehicle.nissan.patrol_2021,leader,-5,centre,1,[1],421.4643481553628,-205.249678666149,19.89329846892967,-0.3525919076962341,,,19.912479650596712,20.011235,1.074628
1386,5.15,empty_shadow,IDEAM,lead_right,124,vehicle.nissan.patrol_2021,leader,-6,right,2,[2],442.9189735206089,-208.74953146196322,23.46177836866254,-0.38490276722730693,,,23.476358822287754,23.123141,0.908861
1386,5.15,empty_shadow,IDEAM,rear_centre,125,vehicle.tesla.model3,follower,-5,centre,1,[1],263.32020444018457,-205.24970345627642,17.861529628279698,-0.0009917944355658285,occluder,22.808020311125375,17.863934870548647,20.183858,0.943297
1386,5.15,empty_shadow,IDEAM,follower_1,126,vehicle.tesla.model3,follower,-4,left,0,[0],303.1441775020093,-201.74953016354652,31.194032580790132,-0.03005914684256185,ego,31.89070314241684,31.13727368229423,32.0,0.996942
1386,5.15,empty_shadow,IDEAM,follower_2,127,vehicle.mercedes.coupe_2020,follower,-4,left,0,[0],263.7418015190419,-201.7512226369326,30.963379590524486,-0.3237542467930471,follower_1,34.6583752426603,30.914478079285306,32.0,1.023943
1386,5.15,empty_shadow,IDEAM,follower_3,128,vehicle.mercedes.coupe_2020,follower,-4,left,0,[0],224.33506083554528,-201.75090243902082,30.21005121365677,-0.2989201607738335,follower_2,34.695412666467945,30.191156546817442,32.0,0.992958
1386,5.15,empty_shadow,IDEAM,follower_4,129,vehicle.audi.a2,follower,-4,left,0,[0],176.9607293622847,-201.75059950226424,27.731788251222216,-0.11760735661489144,follower_3,43.06071240093162,27.7547348271766,30.125674,0.878966
1387,5.2,empty_shadow,IDEAM,occluder,121,vehicle.carlamotors.firetruck,occluder,-5,centre,1,[1],293.764238776349,-205.2549885440112,19.007184202660525,0.32443995828491645,lead_centre,121.63321703715204,18.990662805846377,19.060993,1.021082
1387,5.2,empty_shadow,IDEAM,lead_left,122,vehicle.mercedes.coupe_2020,leader,-4,left,0,[0],437.1335653397042,-201.74999407080415,22.440835306824496,-0.35415642648802204,,,22.468834381913876,23.287836,0.948219
1387,5.2,empty_shadow,IDEAM,lead_centre,123,vehicle.nissan.patrol_2021,leader,-5,centre,1,[1],422.4584888578555,-205.24973625314738,19.876160965407742,-0.34275005109261286,,,19.895120344021816,20.011235,1.074628
1387,5.2,empty_shadow,IDEAM,lead_right,124,vehicle.nissan.patrol_2021,leader,-6,right,2,[2],444.0913979041337,-208.74952822919826,23.442279552414398,-0.38997632278466926,,,23.457370020155807,23.123141,0.908861
1387,5.2,empty_shadow,IDEAM,rear_centre,125,vehicle.tesla.model3,follower,-5,centre,1,[1],264.21336244609995,-205.24968868102096,17.86145906026759,-0.0014113605780715379,occluder,22.8640810988789,17.86439792848854,20.183858,0.943297
1387,5.2,empty_shadow,IDEAM,follower_1,126,vehicle.tesla.model3,follower,-4,left,0,[0],304.703808930691,-201.74950165035142,31.192691748506977,-0.026816623799087433,ego,31.9216279048848,31.13745545209379,32.0,0.996942
1387,5.2,empty_shadow,IDEAM,follower_2,127,vehicle.mercedes.coupe_2020,follower,-4,left,0,[0],265.28946999012464,-201.75099984051607,30.947540931605946,-0.3167730779564061,follower_1,34.66966681357955,30.899121093547866,32.0,1.023943
1387,5.2,empty_shadow,IDEAM,follower_3,128,vehicle.mercedes.coupe_2020,follower,-4,left,0,[0],225.84513164736035,-201.75067720989423,30.195463799743738,-0.29174826282730476,follower_2,34.73310186284848,30.176472458253453,32.0,0.992958
1387,5.2,empty_shadow,IDEAM,follower_4,129,vehicle.audi.a2,follower,-4,left,0,[0],178.34717353997908,-201.75061481144436,27.726470551098483,-0.10635399873649887,follower_3,43.18482732668467,27.748872162789024,30.125674,0.878966
1388,5.25,empty_shadow,IDEAM,occluder,121,vehicle.carlamotors.firetruck,occluder,-5,centre,1,[1],294.71504448398804,-205.25495410279666,19.023207838034757,0.32047270895981583,lead_centre,121.67731497141443,19.00658248936893,19.060993,1.021082
1388,5.25,empty_shadow,IDEAM,lead_left,122,vehicle.mercedes.coupe_2020,leader,-4,left,0,[0],438.2550253707258,-201.75000822403797,22.42332012535875,-0.35030362942903576,,,22.451334259233878,23.287836,0.948219
1388,5.25,empty_shadow,IDEAM,lead_centre,123,vehicle.nissan.patrol_2021,leader,-5,centre,1,[1],423.45183609815774,-205.24977885203776,19.859614735477898,-0.3309245829559322,,,19.878244897909344,20.011235,1.074628
1388,5.25,empty_shadow,IDEAM,lead_right,124,vehicle.nissan.patrol_2021,leader,-6,right,2,[2],445.2628457408316,-208.74957110594275,23.422652943471412,-0.39253217675267615,,,23.43813027658981,23.123141,0.908861
1388,5.25,empty_shadow,IDEAM,rear_centre,125,vehicle.tesla.model3,follower,-5,centre,1,[1],265.10655096959164,-205.2496738953547,17.86137323570085,-0.0017164914036381475,occluder,22.920965861193864,17.86483233524924,20.183858,0.943297
1388,5.25,empty_shadow,IDEAM,follower_1,126,vehicle.tesla.model3,follower,-4,left,0,[0],306.2633793554523,-201.74956471070692,31.191497782407694,-0.023879299382298387,ego,31.954781283288497,31.13774080199088,32.0,0.996942
1388,5.25,empty_shadow,IDEAM,follower_2,127,vehicle.mercedes.coupe_2020,follower,-4,left,0,[0],266.836406039375,-201.7507772939582,30.932135257636094,-0.3081134446421887,follower_1,34.68162977117852,30.884099896055954,32.0,1.023943
1388,5.25,empty_shadow,IDEAM,follower_3,128,vehicle.mercedes.coupe_2020,follower,-4,left,0,[0],227.35447003734305,-201.75045223062634,30.18132081346565,-0.28285972712843127,follower_2,34.77069952211611,30.16214140372428,32.0,0.992958
1388,5.25,empty_shadow,IDEAM,follower_4,129,vehicle.audi.a2,follower,-4,left,0,[0],179.73334305948632,-201.75063021432152,27.721742221802426,-0.09456658220142855,follower_3,43.30845396080535,27.743567073510082,30.125674,0.878966
1389,5.3,empty_shadow,IDEAM,occluder,121,vehicle.carlamotors.firetruck,occluder,-5,centre,1,[1],295.66670468376486,-205.25491937008036,19.038993056670233,0.31570437221866476,lead_centre,121.71985650407754,19.022306769539085,19.060993,1.021082
1389,5.3,empty_shadow,IDEAM,lead_left,122,vehicle.mercedes.coupe_2020,leader,-4,left,0,[0],439.3756919447625,-201.750022647952,22.406112024535705,-0.3441620164047597,,,22.434024033788546,23.287836,0.948219
1389,5.3,empty_shadow,IDEAM,lead_centre,123,vehicle.nissan.patrol_2021,leader,-5,centre,1,[1],424.44432885152753,-205.2498370012181,19.84375514698933,-0.31719175790957893,,,19.86195104160059,20.011235,1.074628
1389,5.3,empty_shadow,IDEAM,lead_right,124,vehicle.nissan.patrol_2021,leader,-6,right,2,[2],446.4333780658552,-208.74966007137508,23.403016795548115,-0.39272295683334835,,,23.41876378623018,23.123141,0.908861
1389,5.3,empty_shadow,IDEAM,rear_centre,125,vehicle.tesla.model3,follower,-5,centre,1,[1],265.99958690520157,-205.24965916174233,17.86127215289048,-0.002021656625813529,occluder,22.978583045341225,17.865242865356837,20.183858,0.943297
1389,5.3,empty_shadow,IDEAM,follower_1,126,vehicle.tesla.model3,follower,-4,left,0,[0],307.8229497750082,-201.74961251227424,31.1904354212275,-0.021247202249889324,ego,31.98991889756921,31.138128487761826,32.0,0.996942
1389,5.3,empty_shadow,IDEAM,follower_2,127,vehicle.mercedes.coupe_2020,follower,-4,left,0,[0],268.3825791440112,-201.7505397488816,30.917240768957228,-0.2978897711345947,follower_1,34.69426414668949,30.869493661835282,32.0,1.023943
1389,5.3,empty_shadow,IDEAM,follower_3,128,vehicle.mercedes.coupe_2020,follower,-4,left,0,[0],228.86316755822241,-201.75022746998474,30.16769854814063,-0.2724452957373819,follower_2,34.80829718138375,30.148248397415937,32.0,0.992958
1389,5.3,empty_shadow,IDEAM,follower_4,129,vehicle.audi.a2,follower,-4,left,0,[0],181.11932947353546,-201.7506456796633,27.717614707479292,-0.08255028279814276,follower_3,43.4316228312808,27.738846331478456,30.125674,0.878966
1390,5.3500000000000005,empty_shadow,IDEAM,occluder,121,vehicle.carlamotors.firetruck,occluder,-5,centre,1,[1],296.6191278281558,-205.25489963588277,19.0545112480728,0.31036382594150064,lead_centre,121.76068905767056,19.037796448988022,19.060993,1.021082
1390,5.3500000000000005,empty_shadow,IDEAM,lead_left,122,vehicle.mercedes.coupe_2020,leader,-4,left,0,[0],440.4955040214559,-201.75002210457964,22.38931209441453,-0.33599860217638333,,,22.417016828462334,23.287836,0.948219
1390,5.3500000000000005,empty_shadow,IDEAM,lead_centre,123,vehicle.nissan.patrol_2021,leader,-5,centre,1,[1],425.436089183065,-205.24989540025712,19.82866612187135,-0.30178049520269057,,,19.84633276228712,20.011235,1.074628
1390,5.3500000000000005,empty_shadow,IDEAM,lead_right,124,vehicle.nissan.patrol_2021,leader,-6,right,2,[2],447.60287278807755,-208.74973413198566,23.383485547806238,-0.390624954057675,,,23.39938722977335,23.123141,0.908861
1390,5.3500000000000005,empty_shadow,IDEAM,rear_centre,125,vehicle.tesla.model3,follower,-5,centre,1,[1],266.8925618108642,-205.24965970773968,17.86116344301736,-0.0021741972364581175,occluder,23.037207309508105,17.865629445457497,20.183858,0.943297
1390,5.3500000000000005,empty_shadow,IDEAM,follower_1,126,vehicle.tesla.model3,follower,-4,left,0,[0],309.3825201997695,-201.74967557262974,31.189491313656607,-0.018882131719505393,ego,32.02704064882451,31.138594303313038,32.0,0.996942
1390,5.3500000000000005,empty_shadow,IDEAM,follower_2,127,vehicle.mercedes.coupe_2020,follower,-4,left,0,[0],269.9279893092387,-201.75030246407448,30.902939480810367,-0.28602576092355253,follower_1,34.707661461609206,30.85537661357545,32.0,1.023943
1390,5.3500000000000005,empty_shadow,IDEAM,follower_3,128,vehicle.mercedes.coupe_2020,follower,-4,left,0,[0],230.37116317484572,-201.75000294879106,30.15466948248733,-0.2605812653749741,follower_2,34.84577276514061,30.134868516215203,32.0,0.992958
1390,5.3500000000000005,empty_shadow,IDEAM,follower_4,129,vehicle.audi.a2,follower,-4,left,0,[0],182.50510226455017,-201.75066121788055,27.71410517429145,-0.070190660168035,follower_3,43.554333938111,27.734721585437082,30.125674,0.878966
1391,5.4,empty_shadow,IDEAM,occluder,121,vehicle.carlamotors.firetruck,occluder,-5,centre,1,[1],297.5723139067501,-205.25486438262757,19.06972617260265,0.30429848699572626,lead_centre,121.80002624481705,19.053023579825897,19.060993,1.021082
1391,5.4,empty_shadow,IDEAM,lead_left,122,vehicle.mercedes.coupe_2020,leader,-4,left,0,[0],441.6144616112168,-201.75003711149722,22.37302333189708,-0.3257752495430948,,,22.400412582638705,23.287836,0.948219
1391,5.4,empty_shadow,IDEAM,lead_centre,123,vehicle.nissan.patrol_2021,leader,-5,centre,1,[1],426.427056052412,-205.24993881118817,19.814433490579937,-0.284652622887333,,,19.831472785487353,20.011235,1.074628
1391,5.4,empty_shadow,IDEAM,lead_right,124,vehicle.nissan.patrol_2021,leader,-6,right,2,[2],448.7714519882147,-208.74982376370775,23.3641812713582,-0.3860855288704401,,,23.380113539323474,23.123141,0.908861
1391,5.4,empty_shadow,IDEAM,rear_centre,125,vehicle.tesla.model3,follower,-5,centre,1,[1],267.78553671132147,-205.24964499494888,17.861049009471426,-0.002288671214597645,occluder,23.0966555482364,17.86599848238376,20.183858,0.943297
1391,5.4,empty_shadow,IDEAM,follower_1,126,vehicle.tesla.model3,follower,-4,left,0,[0],310.94190751386736,-201.74972343666172,31.188652107090718,-0.016784114548970882,ego,32.066085741349696,31.139117071813104,32.0,0.996942
1391,5.4,empty_shadow,IDEAM,follower_2,127,vehicle.mercedes.coupe_2020,follower,-4,left,0,[0],271.4727280877865,-201.75006540830444,30.889296242879325,-0.27286472851266497,follower_1,34.721821721143016,30.841826350050763,32.0,1.023943
1391,5.4,empty_shadow,IDEAM,follower_3,128,vehicle.mercedes.coupe_2020,follower,-4,left,0,[0],231.8785179275711,-201.74979390501187,30.142300373897495,-0.24738206734045246,follower_2,34.88318731374476,30.12207383189893,32.0,0.992958
1391,5.4,empty_shadow,IDEAM,follower_4,129,vehicle.audi.a2,follower,-4,left,0,[0],183.89072246768313,-201.7506768081517,27.711213622279523,-0.05783103674581049,follower_3,43.67655676371962,27.7312101192086,30.125674,0.878966
1392,5.45,empty_shadow,IDEAM,occluder,121,vehicle.carlamotors.firetruck,occluder,-5,centre,1,[1],298.5262629247531,-205.2548288691029,19.084607312771485,0.29762279835992833,lead_centre,121.83780703556974,19.067952725454976,19.060993,1.021082
1392,5.45,empty_shadow,IDEAM,lead_left,122,vehicle.mercedes.coupe_2020,leader,-4,left,0,[0],442.7326257387874,-201.75003713030685,22.35734110565409,-0.3136445238270466,,,22.3843131302469,23.287836,0.948219
1392,5.45,empty_shadow,IDEAM,lead_centre,123,vehicle.nissan.patrol_2021,leader,-5,centre,1,[1],427.41735154028464,-205.24999770994452,19.801122103751595,-0.2662277364721328,,,19.817455723940988,20.011235,1.074628
1392,5.45,empty_shadow,IDEAM,lead_right,124,vehicle.nissan.patrol_2021,leader,-6,right,2,[2],449.93905462590874,-208.74991372857474,23.345212684283524,-0.3793717422423314,,,23.36106319372739,23.123141,0.908861
1392,5.45,empty_shadow,IDEAM,rear_centre,125,vehicle.tesla.model3,follower,-5,centre,1,[1],268.67848109420237,-205.24963029256887,17.86093267101243,-0.0023267686256556023,occluder,23.156866726373423,17.866351057490963,20.183858,0.943297
1392,5.45,empty_shadow,IDEAM,follower_1,126,vehicle.tesla.model3,follower,-4,left,0,[0],312.5012948279651,-201.7497713006937,31.187906357138548,-0.014914987506963729,ego,32.10708469792647,31.139692358670086,32.0,0.996942
1392,5.45,empty_shadow,IDEAM,follower_2,127,vehicle.mercedes.coupe_2020,follower,-4,left,0,[0],273.0167954796546,-201.7498285815715,30.87637018269872,-0.258521121885631,follower_1,34.73647025669304,30.828903108755377,32.0,1.023943
1392,5.45,empty_shadow,IDEAM,follower_3,128,vehicle.mercedes.coupe_2020,follower,-4,left,0,[0],233.3852623287695,-201.74958506944824,30.130642720384326,-0.23315289659318145,follower_2,34.92057133956718,30.1099303510097,32.0,0.992958
1392,5.45,empty_shadow,IDEAM,follower_4,129,vehicle.audi.a2,follower,-4,left,0,[0],185.2762206005107,-201.75069244006593,27.708941958760867,-0.04543326697109069,follower_3,43.798291313312035,27.728312232981896,30.125674,0.878966
1393,5.5,empty_shadow,IDEAM,occluder,121,vehicle.carlamotors.firetruck,occluder,-5,centre,1,[1],299.4809138470122,-205.2547931161304,19.099122244416975,0.2902986259817674,ego,44.28684686605614,19.084023887552465,19.060993,1.021082
1393,5.5,empty_shadow,IDEAM,lead_left,122,vehicle.mercedes.coupe_2020,leader,-4,left,0,[0],443.850057449731,-201.75005265776332,22.34234933949064,-0.2998353221372579,,,22.3688127746296,23.287836,0.948219
1393,5.5,empty_shadow,IDEAM,lead_centre,123,vehicle.nissan.patrol_2021,leader,-5,centre,1,[1],428.407036671425,-205.25004155812826,19.78880062497571,-0.24642957749390898,,,19.804345533578974,20.011235,1.074628
1393,5.5,empty_shadow,IDEAM,lead_right,124,vehicle.nissan.patrol_2021,leader,-6,right,2,[2],451.10574169987467,-208.74989719424784,23.32668659666807,-0.3705217536158272,,,23.34234350946218,23.123141,0.908861
1393,5.5,empty_shadow,IDEAM,rear_centre,125,vehicle.tesla.model3,follower,-5,centre,1,[1],269.57145599465963,-205.24961557977804,17.86081633205141,-0.002326779394297068,occluder,23.217871361495554,17.866690478076336,20.183858,0.943297
1393,5.5,empty_shadow,IDEAM,follower_1,126,vehicle.tesla.model3,follower,-4,left,0,[0],314.060651629692,-201.74983443392463,31.18724261963657,-0.013274740114376087,ego,32.14994591377183,31.14030682919484,32.0,0.996942
1393,5.5,empty_shadow,IDEAM,follower_2,127,vehicle.mercedes.coupe_2020,follower,-4,left,0,[0],274.56022201283014,-201.74962249104126,30.864216613731585,-0.243071227316008,follower_1,34.75179017892273,30.81666374110129,32.0,1.023943
1393,5.5,empty_shadow,IDEAM,follower_3,128,vehicle.mercedes.coupe_2020,follower,-4,left,0,[0],234.8914879624023,-201.74946796359686,30.119751835377144,-0.2178174491859726,follower_2,34.95789433023691,30.098489101659908,32.0,0.992958
1393,5.5,empty_shadow,IDEAM,follower_4,129,vehicle.audi.a2,follower,-4,left,0,[0],186.66162718060923,-201.7507081032125,27.707284461697625,-0.03314993795990835,follower_3,43.919537581682874,27.726030044706484,30.125674,0.878966
1394,5.55,empty_shadow,IDEAM,occluder,121,vehicle.carlamotors.firetruck,occluder,-5,centre,1,[1],300.43626667352726,-205.25475712370996,19.11324235647631,0.2824022333472977,ego,44.93615407745709,19.09830104270096,19.060993,1.021082
1394,5.55,empty_shadow,IDEAM,lead_left,122,vehicle.mercedes.coupe_2020,leader,-4,left,0,[0],444.96669570368954,-201.7500684559,22.328122419695166,-0.2845383946596036,,,22.353994514218556,23.287836,0.948219
1394,5.55,empty_shadow,IDEAM,lead_centre,123,vehicle.nissan.patrol_2021,leader,-5,centre,1,[1],429.3961724913963,-205.25010085249414,19.77752436850043,-0.2255251318204528,,,19.792209927919203,20.011235,1.074628
1394,5.55,empty_shadow,IDEAM,lead_right,124,vehicle.nissan.patrol_2021,leader,-6,right,2,[2],452.27157429211354,-208.74991146899907,23.308700287937125,-0.359726175445457,,,23.324059933299313,23.123141,0.908861
1394,5.55,empty_shadow,IDEAM,rear_centre,125,vehicle.tesla.model3,follower,-5,centre,1,[1],270.4644308951169,-205.24960086698724,17.860703809731504,-0.0022504456019659166,occluder,23.279547383297356,17.867017839609463,20.183858,0.943297
1394,5.55,empty_shadow,IDEAM,follower_1,126,vehicle.tesla.model3,follower,-4,left,0,[0],315.62003894378984,-201.74988229795662,31.186643726151804,-0.011977863893396425,ego,32.19454724570497,31.140951498237758,32.0,0.996942
1394,5.55,empty_shadow,IDEAM,follower_2,127,vehicle.mercedes.coupe_2020,follower,-4,left,0,[0],276.10306873287664,-201.7494776334685,30.852875589886892,-0.22682024435312506,follower_1,34.76772044747405,30.80516049767434,32.0,1.023943
1394,5.55,empty_shadow,IDEAM,follower_3,128,vehicle.mercedes.coupe_2020,follower,-4,left,0,[0],236.39716427966079,-201.7493510451395,30.109663956990406,-0.20175724362182482,follower_2,34.99509522977967,30.08780457782626,32.0,0.992958
1394,5.55,empty_shadow,IDEAM,follower_4,129,vehicle.audi.a2,follower,-4,left,0,[0],188.04697272555504,-201.75072378718065,27.70622968699482,-0.021095490847782988,follower_3,44.040356635217144,27.724358159175257,30.125674,0.878966
1395,5.6000000000000005,empty_shadow,IDEAM,occluder,121,vehicle.carlamotors.firetruck,occluder,-5,centre,1,[1],301.3923214095038,-205.25473615062984,19.12693713213413,0.27389550403809443,ego,45.5864384655371,19.112189238456217,19.060993,1.021082
1395,5.6000000000000005,empty_shadow,IDEAM,lead_left,122,vehicle.mercedes.coupe_2020,leader,-4,left,0,[0],446.08272360091564,-201.75006920346408,22.31473282587666,-0.2677918751331698,,,22.33993192562327,23.287836,0.948219
1395,5.6000000000000005,empty_shadow,IDEAM,lead_centre,123,vehicle.nissan.patrol_2021,leader,-5,centre,1,[1],430.38469795984076,-205.2501603550756,19.767335295327406,-0.20378146492439855,,,19.781103473077646,20.011235,1.074628
1395,5.6000000000000005,empty_shadow,IDEAM,lead_right,124,vehicle.nissan.patrol_2021,leader,-6,right,2,[2],453.43643031670376,-208.749910818107,23.291351030208595,-0.34698515459632917,,,23.30630851801883,23.123141,0.908861
1395,5.6000000000000005,empty_shadow,IDEAM,rear_centre,125,vehicle.tesla.model3,follower,-5,centre,1,[1],271.35740580077953,-205.2496014129846,17.860597008536267,-0.0021360240368512385,occluder,23.34192530935519,17.867336553742284,20.183858,0.943297
1395,5.6000000000000005,empty_shadow,IDEAM,follower_1,126,vehicle.tesla.model3,follower,-4,left,0,[0],317.1793957455167,-201.74994543118757,31.1861077696641,-0.010719126713702424,ego,32.240797146202254,31.141612122116243,32.0,0.996942
1395,5.6000000000000005,empty_shadow,IDEAM,follower_2,127,vehicle.mercedes.coupe_2020,follower,-4,left,0,[0],277.64542717690694,-201.74934820125634,30.842398608777046,-0.2095393077919532,follower_1,34.78426104152538,30.79443121700044,32.0,1.023943
1395,5.6000000000000005,empty_shadow,IDEAM,follower_3,128,vehicle.mercedes.coupe_2020,follower,-4,left,0,[0],237.90244386842676,-201.74923426202224,30.100422953546897,-0.1848196788705659,follower_2,35.03226563256765,30.07791298501663,32.0,0.992958
1395,5.6000000000000005,empty_shadow,IDEAM,follower_4,129,vehicle.audi.a2,follower,-4,left,0,[0],189.43225723534815,-201.75073949197034,27.705762375862523,-0.009346219531071525,follower_3,44.160687407529835,27.7232854270366,30.125674,0.878966
1396,5.65,empty_shadow,IDEAM,occluder,121,vehicle.carlamotors.firetruck,occluder,-5,centre,1,[1],302.3490780445309,-205.25469967931366,19.14017795957985,0.26481654001037763,ego,46.23763895870579,19.1256585268736,19.060993,1.021082
1396,5.65,empty_shadow,IDEAM,lead_left,122,vehicle.mercedes.coupe_2020,leader,-4,left,0,[0],447.1980801166675,-201.75008543885343,22.302247316074173,-0.2497101950383788,,,22.326696704616385,23.287836,0.948219
1396,5.65,empty_shadow,IDEAM,lead_centre,123,vehicle.nissan.patrol_2021,leader,-5,centre,1,[1],431.37279617701097,-205.25020474461977,19.75827536767877,-0.18119855224629627,,,19.77106758078744,20.011235,1.074628
1396,5.65,empty_shadow,IDEAM,lead_right,124,vehicle.nissan.patrol_2021,leader,-6,right,2,[2],454.60055391425635,-208.7498951582854,23.274720840689078,-0.3326037889852051,,,23.289185319492685,23.123141,0.908861
1396,5.65,empty_shadow,IDEAM,rear_centre,125,vehicle.tesla.model3,follower,-5,centre,1,[1],272.25038072726375,-205.24966299413467,17.860503559153326,-0.0018689868082853284,occluder,23.40500513966903,17.86764809899122,20.183858,0.943297
1396,5.65,empty_shadow,IDEAM,follower_1,126,vehicle.tesla.model3,follower,-4,left,0,[0],318.73878305961455,-201.74999329521955,31.185613768802305,-0.009880016714317322,ego,32.28869557362057,31.14229067603837,32.0,0.996942
1396,5.65,empty_shadow,IDEAM,follower_2,127,vehicle.mercedes.coupe_2020,follower,-4,left,0,[0],279.18729734492103,-201.7492341944048,30.832810465682304,-0.1917624690564595,follower_1,34.80125939922196,30.78452456153952,32.0,1.023943
1396,5.65,empty_shadow,IDEAM,follower_3,128,vehicle.mercedes.coupe_2020,follower,-4,left,0,[0],239.4072046583948,-201.74911765588823,30.092047897866287,-0.16750066883849232,follower_2,35.06934448783197,30.068857727208623,32.0,0.992958
1396,5.65,empty_shadow,IDEAM,follower_4,129,vehicle.audi.a2,follower,-4,left,0,[0],190.81751122756492,-201.7507552071708,27.705863454771546,0.0020215812208006045,follower_3,44.28068248650268,27.722796991264975,30.125674,0.878966
1397,5.7,empty_shadow,IDEAM,occluder,121,vehicle.carlamotors.firetruck,occluder,-5,centre,1,[1],303.30650606103234,-205.2546477201722,19.152936230193525,0.2551654026986164,ego,46.88972507061909,19.138680835548573,19.060993,1.021082
1397,5.7,empty_shadow,IDEAM,lead_left,122,vehicle.mercedes.coupe_2020,leader,-4,left,0,[0],448.3128262756869,-201.75008662367014,22.290719294941024,-0.23056042167137514,,,22.314354894001596,23.287836,0.948219
1397,5.7,empty_shadow,IDEAM,lead_centre,123,vehicle.nissan.patrol_2021,leader,-5,centre,1,[1],432.3604671533176,-205.250264538703,19.750371289830568,-0.158081553084244,,,19.762143659825185,20.011235,1.074628
1397,5.7,empty_shadow,IDEAM,lead_right,124,vehicle.nissan.patrol_2021,leader,-6,right,2,[2],455.7637619897238,-208.74989506957533,23.258903182749226,-0.3163531560321227,,,23.272771346114975,23.123141,0.908861
1397,5.7,empty_shadow,IDEAM,rear_centre,125,vehicle.tesla.model3,follower,-5,centre,1,[1],273.14332514658236,-205.24975510327187,17.860421545384906,-0.0016402753014873735,occluder,23.46878684821199,17.867959548093477,20.183858,0.943297
1397,5.7,empty_shadow,IDEAM,follower_1,126,vehicle.tesla.model3,follower,-4,left,0,[0],320.2979567506779,-201.750041232127,31.18515600244524,-0.009155327406530482,ego,32.33815100646322,31.142970680929945,32.0,0.996942
1397,5.7,empty_shadow,IDEAM,follower_2,127,vehicle.mercedes.coupe_2020,follower,-4,left,0,[0],280.72864870893176,-201.7491051057483,30.824134047588707,-0.1735279029616324,follower_1,34.818776545305695,30.77546402479082,32.0,1.023943
1397,5.7,empty_shadow,IDEAM,follower_3,128,vehicle.mercedes.coupe_2020,follower,-4,left,0,[0],240.91159923224123,-201.74898591589533,30.084569305967857,-0.149571354954867,follower_2,35.10645386587803,30.060658190455545,32.0,0.992958
1397,5.7,empty_shadow,IDEAM,follower_4,129,vehicle.audi.a2,follower,-4,left,0,[0],192.20285677251073,-201.75077089113893,27.706504313538222,0.012817178292102988,follower_3,44.40018928425393,27.72287407550291,30.125674,0.878966
1398,5.75,empty_shadow,IDEAM,occluder,121,vehicle.carlamotors.firetruck,occluder,-5,centre,1,[1],304.26451392189523,-205.25462608080227,19.165185240958227,0.24498020542304583,ego,47.54266626808446,19.15122809709692,19.060993,1.021082
1398,5.75,empty_shadow,IDEAM,lead_left,122,vehicle.mercedes.coupe_2020,leader,-4,left,0,[0],449.42708415348477,-201.75008797505933,22.280188818187234,-0.2106095343655346,,,22.302959337938017,23.287836,0.948219
1398,5.75,empty_shadow,IDEAM,lead_centre,123,vehicle.nissan.patrol_2021,leader,-5,centre,1,[1],433.3477719135027,-205.25030919892737,19.74364594953969,-0.13450679792272777,,,19.75435808445417,20.011235,1.074628
1398,5.75,empty_shadow,IDEAM,lead_right,124,vehicle.nissan.patrol_2021,leader,-6,right,2,[2],456.92623764335883,-208.74989523072392,23.24397244413927,-0.2986147686181681,,,23.257158910643387,23.123141,0.908861
1398,5.75,empty_shadow,IDEAM,rear_centre,125,vehicle.tesla.model3,follower,-5,centre,1,[1],274.036300078272,-205.2498319432101,17.860356689983952,-0.001297108255473456,occluder,23.53327044539479,17.868268772428845,20.183858,0.943297
1398,5.75,empty_shadow,IDEAM,follower_1,126,vehicle.tesla.model3,follower,-4,left,0,[0],321.85713044694666,-201.75010442782258,31.184721118873767,-0.008697671326882388,ego,32.38934652936666,31.143651069813046,32.0,0.996942
1398,5.75,empty_shadow,IDEAM,follower_2,127,vehicle.mercedes.coupe_2020,follower,-4,left,0,[0],282.2696338568209,-201.74896088323297,30.816380797714366,-0.15506448667086556,follower_1,34.83659887235832,30.767270725406156,32.0,1.023943
1398,5.75,empty_shadow,IDEAM,follower_3,128,vehicle.mercedes.coupe_2020,follower,-4,left,0,[0],242.4156276316092,-201.748961112349,30.077994806321342,-0.13148948548231437,follower_2,35.14341065604231,30.05334380886689,32.0,0.992958
1398,5.75,empty_shadow,IDEAM,follower_4,129,vehicle.audi.a2,follower,-4,left,0,[0],193.588202296635,-201.75072553995437,27.707665878567536,0.023231303502888642,follower_3,44.519238313154574,27.723488554561868,30.125674,0.878966
1399,5.8,empty_shadow,IDEAM,occluder,121,vehicle.carlamotors.firetruck,occluder,-5,centre,1,[1],305.2231321655174,-205.25469578594587,19.17690210282045,0.23433722783674857,ego,48.196554083009445,19.16327411983024,19.060993,1.021082
1399,5.8,empty_shadow,IDEAM,lead_left,122,vehicle.mercedes.coupe_2020,leader,-4,left,0,[0],450.54079271490843,-201.7500895138425,22.270709291552695,-0.1895905322222197,,,22.292549684288304,23.287836,0.948219
1399,5.8,empty_shadow,IDEAM,lead_centre,123,vehicle.nissan.patrol_2021,leader,-5,centre,1,[1],434.3347715031296,-205.2503692220477,19.738106977708803,-0.11077942458983756,,,19.74773346236264,20.011235,1.074628
1399,5.8,empty_shadow,IDEAM,lead_right,124,vehicle.nissan.patrol_2021,leader,-6,right,2,[2],458.08804190510875,-208.74988036212144,23.229989668627248,-0.2796555095874064,,,23.24242150361901,23.123141,0.908861
1399,5.8,empty_shadow,IDEAM,rear_centre,125,vehicle.tesla.model3,follower,-5,centre,1,[1],274.92927498914,-205.24984774799563,17.860308994172595,-0.0009539175597623909,occluder,23.59830337456806,17.868580762358206,20.183858,0.943297
1399,5.8,empty_shadow,IDEAM,follower_1,126,vehicle.tesla.model3,follower,-4,left,0,[0],323.4163346555864,-201.75015235431925,31.18430339589977,-0.008354457821513553,ego,32.44206850888574,31.144322054187477,32.0,0.996942
1399,5.8,empty_shadow,IDEAM,follower_2,127,vehicle.mercedes.coupe_2020,follower,-4,left,0,[0],283.81025283023166,-201.7489235971642,30.809564066619327,-0.13633407409028142,follower_1,34.85478742073791,30.759955726285447,32.0,1.023943
1399,5.8,empty_shadow,IDEAM,follower_3,128,vehicle.mercedes.coupe_2020,follower,-4,left,0,[0],243.9193508552137,-201.74893641291047,30.0723320241038,-0.11325513784900883,follower_2,35.180367404563526,30.046922694809886,32.0,0.992958
1399,5.8,empty_shadow,IDEAM,follower_4,129,vehicle.audi.a2,follower,-4,left,0,[0],194.97366987544848,-201.75063437076216,27.709311912169614,0.032920674371197826,follower_3,44.63792118839829,27.724621630219982,30.125674,0.878966
1400,5.8500000000000005,empty_shadow,IDEAM,occluder,121,vehicle.carlamotors.firetruck,occluder,-5,centre,1,[1],306.1823302378848,-205.2547500344965,19.188058200254698,0.2231219424900993,ego,48.851266434677854,19.174796460792255,19.060993,1.021082
1400,5.8500000000000005,empty_shadow,IDEAM,lead_left,122,vehicle.mercedes.coupe_2020,leader,-4,left,0,[0],451.6540740354685,-201.75010645716472,22.26229788082901,-0.16822821417069447,,,22.283178776089507,23.287836,0.948219
1400,5.8500000000000005,empty_shadow,IDEAM,lead_centre,123,vehicle.nissan.patrol_2021,leader,-5,centre,1,[1],435.32152693132423,-205.25036829330156,19.733762003345035,-0.08689947065278265,,,19.74227736450989,20.011235,1.074628
1400,5.8500000000000005,empty_shadow,IDEAM,lead_right,124,vehicle.nissan.patrol_2021,leader,-6,right,2,[2],459.2491747853844,-208.74988098134426,23.21702738988888,-0.2592456038037833,,,23.228619447421504,23.123141,0.908861
1400,5.8500000000000005,empty_shadow,IDEAM,rear_centre,125,vehicle.tesla.model3,follower,-5,centre,1,[1],275.8222498895973,-205.24983303520483,17.860284185052492,-0.000496183419316472,occluder,23.663946707322225,17.86889552801651,20.183858,0.943297
1400,5.8500000000000005,empty_shadow,IDEAM,follower_1,126,vehicle.tesla.model3,follower,-4,left,0,[0],324.9755083518551,-201.75021555001484,31.183887575666926,-0.008316400551309859,ego,32.496194895536604,31.14498019557664,32.0,0.996942
1400,5.8500000000000005,empty_shadow,IDEAM,follower_2,127,vehicle.mercedes.coupe_2020,follower,-4,left,0,[0],285.35056662787883,-201.7488864152032,30.80368194304598,-0.11764191334081069,follower_1,34.87337265596693,30.753532025147763,32.0,1.023943
1400,5.8500000000000005,empty_shadow,IDEAM,follower_3,128,vehicle.mercedes.coupe_2020,follower,-4,left,0,[0],245.42282993820737,-201.74891179675814,30.06757905030862,-0.09505898391896382,follower_2,35.21726315436973,30.041402392762137,32.0,0.992958
1400,5.8500000000000005,empty_shadow,IDEAM,follower_4,129,vehicle.audi.a2,follower,-4,left,0,[0],196.35919849462007,-201.75055843953658,27.711406175953382,0.041885277059573046,follower_3,44.75617683318929,27.726237523797046,30.125674,0.878966
1401,5.9,empty_shadow,IDEAM,occluder,121,vehicle.carlamotors.firetruck,occluder,-5,centre,1,[1],307.14204711425555,-205.2548193648521,19.198623017893038,0.2112963485944228,ego,49.50686437385856,19.185767049412394,19.060993,1.021082
1401,5.9,empty_shadow,IDEAM,lead_left,122,vehicle.mercedes.coupe_2020,leader,-4,left,0,[0],452.76698914511235,-201.75012352541629,22.254988917187294,-0.14617927257736402,,,22.274863629033863,23.287836,0.948219
1401,5.9,empty_shadow,IDEAM,lead_centre,123,vehicle.nissan.patrol_2021,leader,-5,centre,1,[1],436.3081602735973,-205.25032162983402,19.730597678940526,-0.06328646883413075,,,19.737997350747623,20.011235,1.074628
1401,5.9,empty_shadow,IDEAM,lead_right,124,vehicle.nissan.patrol_2021,leader,-6,right,2,[2],460.4097583753128,-208.74995808190195,23.205133677322987,-0.23787458940406472,,,23.21582440743611,23.123141,0.908861
1401,5.9,empty_shadow,IDEAM,rear_centre,125,vehicle.tesla.model3,follower,-5,centre,1,[1],276.7152247900545,-205.249818322414,17.860282265910875,-3.838308766677517e-05,occluder,23.730169879232378,17.869218324966962,20.183858,0.943297
1401,5.9,empty_shadow,IDEAM,follower_1,126,vehicle.tesla.model3,follower,-4,left,0,[0],326.5346820429185,-201.75026348692228,31.18347365817153,-0.008278342552552505,ego,32.55181721081598,31.145613889130136,32.0,0.996942
1401,5.9,empty_shadow,IDEAM,follower_2,127,vehicle.mercedes.coupe_2020,follower,-4,left,0,[0],286.8905752497626,-201.74884933734998,30.79873061056844,-0.09902609713607098,follower_1,34.892232554588446,30.747997148848345,32.0,1.023943
1401,5.9,empty_shadow,IDEAM,follower_3,128,vehicle.mercedes.coupe_2020,follower,-4,left,0,[0],246.92609539816664,-201.74888725348126,30.063733974873404,-0.07690104663610456,follower_2,35.25409786902328,30.036781042491064,32.0,0.992958
1401,5.9,empty_shadow,IDEAM,follower_4,129,vehicle.audi.a2,follower,-4,left,0,[0],197.74484918409703,-201.7504824666679,27.713920059296974,0.0502776674307762,follower_3,44.87412729701139,27.728300434845448,30.125674,0.878966
1402,5.95,empty_shadow,IDEAM,occluder,121,vehicle.carlamotors.firetruck,occluder,-5,centre,1,[1],308.1022522666425,-205.25487326984708,19.208585111070093,0.1992418612010843,ego,50.16331736215368,19.196155947605188,19.060993,1.021082
1402,5.95,empty_shadow,IDEAM,lead_left,122,vehicle.mercedes.coupe_2020,leader,-4,left,0,[0],453.8795380386347,-201.75012545980903,22.248782399615628,-0.12413035117514648,,,22.267638223646497,23.287836,0.948219
1402,5.95,empty_shadow,IDEAM,lead_centre,123,vehicle.nissan.patrol_2021,leader,-5,centre,1,[1],437.2946715507703,-205.25029026679775,19.728602562766625,-0.03990230349475432,,,19.734880308352807,20.011235,1.074628
1402,5.95,empty_shadow,IDEAM,lead_right,124,vehicle.nissan.patrol_2021,leader,-6,right,2,[2],461.5696705941775,-208.75008118786124,23.194365341774766,-0.21536693613442287,,,23.204083900800654,23.123141,0.908861
1402,5.95,empty_shadow,IDEAM,rear_centre,125,vehicle.tesla.model3,follower,-5,centre,1,[1],277.6081691729354,-205.249803620034,17.86030323590092,0.00041940022283136653,occluder,23.79691185514588,17.869548796639677,20.183858,0.943297
1402,5.95,empty_shadow,IDEAM,follower_1,126,vehicle.tesla.model3,follower,-4,left,0,[0],328.09385573398185,-201.75031142382971,31.183048292564603,-0.008507301093494382,ego,32.608813384418454,31.146223230318462,32.0,0.996942
1402,5.95,empty_shadow,IDEAM,follower_2,127,vehicle.mercedes.coupe_2020,follower,-4,left,0,[0],288.43037024861184,-201.74881233237218,30.794702437204194,-0.0805629380251149,follower_1,34.911397623768124,30.74334791514315,32.0,1.023943
1402,5.95,empty_shadow,IDEAM,follower_3,128,vehicle.mercedes.coupe_2020,follower,-4,left,0,[0],248.4292082858603,-201.7489085386228,30.060772000234188,-0.059239070488248766,follower_2,35.290841030947746,30.033056641082844,32.0,0.992958
1402,5.95,empty_shadow,IDEAM,follower_4,129,vehicle.audi.a2,follower,-4,left,0,[0],199.13062193867404,-201.7503911933679,27.716809693490173,0.05779268369290824,follower_3,44.99174206749367,27.730782078564484,30.125674,0.878966
1403,6.0,empty_shadow,IDEAM,occluder,121,vehicle.carlamotors.firetruck,occluder,-5,centre,1,[1],309.062945700251,-205.25492700826962,19.217917776282324,0.18665330333238217,ego,50.82077774279165,19.205951963979224,19.060993,1.021082
1403,6.0,empty_shadow,IDEAM,lead_left,122,vehicle.mercedes.coupe_2020,leader,-4,left,0,[0],454.9918427967516,-201.75014273627613,22.243691679060092,-0.10181441081035411,,,22.26150259622992,23.287836,0.948219
1403,6.0,empty_shadow,IDEAM,lead_centre,123,vehicle.nissan.patrol_2021,leader,-5,centre,1,[1],438.28099972248526,-205.25025896622614,19.727753765595935,-0.01697592296089001,,,19.732914991939076,20.011235,1.074628
1403,6.0,empty_shadow,IDEAM,lead_right,124,vehicle.nissan.patrol_2021,leader,-6,right,2,[2],462.72909454223156,-208.75023497796937,23.184758154810197,-0.19214361472753042,,,23.193454071870423,23.123141,0.908861
1403,6.0,empty_shadow,IDEAM,rear_centre,125,vehicle.tesla.model3,follower,-5,centre,1,[1],278.50114407339265,-205.24978890724316,17.860349002456356,0.0009153319663280452,occluder,23.8641726246519,17.869887075047025,20.183858,0.943297
1403,6.0,empty_shadow,IDEAM,follower_1,126,vehicle.tesla.model3,follower,-4,left,0,[0],329.6530294302506,-201.7503746195253,31.182611479829156,-0.008736239979900052,ego,32.66730522638002,31.146797728569595,32.0,0.996942
1403,6.0,empty_shadow,IDEAM,follower_2,127,vehicle.mercedes.coupe_2020,follower,-4,left,0,[0],289.97007371555367,-201.74883639377944,30.79157262495152,-0.06259575270140172,follower_1,34.930776315982186,30.739576536925462,32.0,1.023943
1403,6.0,empty_shadow,IDEAM,follower_3,128,vehicle.mercedes.coupe_2020,follower,-4,left,0,[0],249.9321686012884,-201.74897565218274,30.058683586264674,-0.041767907516881086,follower_2,35.327523142103345,30.03020527438041,32.0,0.992958
1403,6.0,empty_shadow,IDEAM,follower_4,129,vehicle.audi.a2,follower,-4,left,0,[0],200.5165778039145,-201.75031511639145,27.720046469157776,0.06473551276436214,follower_3,45.10908220061036,27.733638999530736,30.125674,0.878966
