frame,time_s,condition,controller,hidden_visible,hidden_lidar_hits,lidar_frame,lidar_time_s,lidar_is_new,semantic_lidar_reveal_armed,ego_station_m,ego_local_y_m,hidden_station_m,hidden_local_y_m,hidden_reference_y_m,hidden_lateral_error_m,hidden_commanded_ay_mps2,hidden_road_lateral_velocity_mps,hidden_observation_submitted,hidden_aware_plan,ego_speed_mps,ego_accel_mps2,ego_throttle,ego_brake,ego_steer,commanded_ackermann_steer_rad,target_speed_mps,steer_limit_rad,steering_envelope_active,shield_active,minimum_clearance_m,minimum_ttc_s,minimum_oriented_clearance_m,minimum_oriented_clearance_actor_role,minimum_ttc_2d_s,minimum_ttc_2d_actor_role,hidden_oriented_clearance_m,hidden_ttc_2d_s,plan_age_s,plan_source_frame,plan_status,plan_rejection_reason,new_plan,latest_plan_status,planner_total_s,planner_decision_s,planner_mpc_s,planner_field_s,low_level_updated,low_level_time_s,physics_control_cycle_time_s,physics_control_deadline_miss,occluder_station_m,ego_pass_clearance_ahead_occluder_m,hidden_pass_clearance_ahead_occluder_m,ego_target_lane_error_m,ego_centre_lane_overlap,hidden_centre_lane_overlap,concurrent_centre_lane_overlap,hidden_center_geometric_visible_now,hidden_center_los_blocked,hidden_footprint_fully_blocked,hidden_footprint_blocked_sample_count,hidden_footprint_sample_count,hidden_footprint_blocked_sample_fraction,hidden_center_in_range,hidden_center_in_horizontal_fov,hidden_center_geometric_range_m,hidden_center_geometric_bearing_rad,hidden_center_geometric_clear_streak,hidden_center_geometric_reveal_confirmed,occluder_speed_mps,occluder_accel_mps2,lead_left_speed_mps,lead_left_accel_mps2,lead_centre_speed_mps,lead_centre_accel_mps2,lead_right_speed_mps,lead_right_accel_mps2,rear_centre_speed_mps,rear_centre_accel_mps2,follower_1_speed_mps,follower_1_accel_mps2,follower_2_speed_mps,follower_2_accel_mps2,follower_3_speed_mps,follower_3_accel_mps2,follower_4_speed_mps,follower_4_accel_mps2
1284,0.05,empty_shadow,IDEAM,0,0,1283,,0,0,180.70645676667561,-201.74956582402078,,,,,,,0,0,33.00170922078922,0.0,0.5812826752662659,0.0,-0.002437727991491556,-0.0029782464262098074,32.93856261027367,0.006541928698337154,0,0,3.897242689394248,14.671221284575072,3.897227061578185,rear_centre,,,,,0.05,1283,ok,accepted,1,ok,0.5029249,0.0007646000012755394,0.5010208000021521,0.0,1,0.0011919999999996378,0.015602100000002395,0,195.79322472448607,-21.766979501847317,,3.5004341759792226,0,0,0,,,,,,,,,,,,0,19.4723637365151,0.37883764152632743,23.777894213423192,1.8646759978563605,21.596728669746046,0.8481214262794287,24.52584797127298,1.6989138372584913,17.667788732282492,-0.017928917142345745,31.962232537561537,0.09971591176424884,31.96225584445546,1.2404990128242086,31.161967778859694,1.2569180876601327,27.865985445601716,5.62976855340252
1285,0.1,empty_shadow,IDEAM,0,0,1284,0.05,1,0,182.35773228453462,-201.74894147209778,,,,,,,0,0,33.045852916311965,0.8828739104548333,0.576166570186615,0.0,-0.002437727991491556,-0.0029782464262098074,32.93856261027367,0.0065244630378534325,0,0,4.61560687325589,14.656143627983798,4.615641617767136,rear_centre,,,,,0.1,1283,ok,accepted,0,ok,0.5029249,0.0007646000012755394,0.5010208000021521,0.0,0,0.0011919999999996378,0.01586550000000031,0,196.76740692684098,-21.08988618634322,,3.5010585279022166,0,0,0,,,,,,,,,,,,0,19.490117339147577,0.35507205223611443,23.843961296093294,1.3213424085084866,21.621617648182866,0.49777957216057694,24.591903281815426,1.321106212082802,17.669951674141334,0.04325883775591413,31.970846108314475,0.17227141945380323,32.009725640230315,0.9496394980512292,31.209588275392974,0.9526548637754471,28.1200404762418,5.081100612937249
1286,0.15000000000000002,empty_shadow,IDEAM,0,0,1285,0.1,1,0,184.0106556213818,-201.74793508828844,,,,,,,0,0,33.06853397852525,0.45362124426574724,0.5732309818267822,0.0,-0.0024647144600749016,-0.0030112166423350573,32.63856234843815,0.006515516356770507,0,0,5.3492597493816625,14.640481514121003,5.349476286512061,rear_centre,,,,,0.15000000000000002,1283,ok,accepted,0,ok,0.5029249,0.0007646000012755394,0.5010208000021521,0.0,1,0.0011674999999975455,0.012452299999999639,0,197.74238259138633,-20.411938514041395,,3.5020649117115568,0,0,0,,,,,,,,,,,,0,19.506648331088265,0.33061983857167143,23.88817751443926,0.8843244291966007,21.632115678223613,0.20996060594391946,24.640906895999127,0.9800722853736515,17.67427373366331,0.08644119090914394,31.98027030030593,0.18848384557355038,32.046446237450475,0.7345948476946126,31.24583159774372,0.7250447895608747,28.324555938355857,4.0903092423849685
1287,0.2,empty_shadow,IDEAM,0,0,1286,0.15000000000000002,1,0,185.6630599824478,-201.74641008266437,,,,,,,0,0,33.04626360963822,-0.4454073777407075,0.5753657817840576,0.0,-0.0024647144600749016,-0.0030112166423350573,32.63856234843815,0.006524300873636089,0,0,6.091043924650357,14.669351985049463,6.091578792145564,rear_centre,,,,,0.2,1283,ok,accepted,0,ok,0.5029249,0.0007646000012755394,0.5010208000021521,0.0,0,0.0011674999999975455,0.016730800000001267,0,198.71818222528773,-19.735333786876794,,3.5035899173356313,0,0,0,,,,,,,,,,,,0,19.521903305910815,0.30509949672593045,23.915135771111512,0.5391650396732128,21.630618391117533,-0.029945735597166883,24.67475662534052,0.6769945889868204,17.680045377372334,0.11543287458916254,31.986976518403633,0.13412436923045937,32.074869384988446,0.5685912286413082,31.27332296456653,0.5499474239104468,28.468116349986065,2.8712082326851607
1288,0.25,empty_shadow,IDEAM,0,0,1287,0.2,1,0,187.31430444137004,-201.744198827182,,,,,,,0,0,33.023854648617295,-0.4481792204184387,0.603611946105957,0.0,-0.002081609331071377,-0.0025431655813008547,32.33856521496201,0.006533158001378366,0,0,5.814387154667733,14.67687138008689,5.813269026069086,occluder,,,,,0.25,1283,ok,accepted,0,ok,0.5029249,0.0007646000012755394,0.5010208000021521,0.0,1,0.001180800000000204,0.00924479999999761,0,199.69465325107421,-19.06056035374104,,3.5058011728179963,0,0,0,,,,,,,,,,,,0,19.535840302698993,0.2787399360117577,23.9284047423378,0.2653796703151133,21.618888176789042,-0.23460427856017502,24.695460908172702,0.41408565935178626,17.6867993064639,0.13507858227250916,31.98773562212706,0.015182083045173456,32.096439929500384,0.4314930181523214,31.293648324315715,0.4065797223350843,28.548490112785647,1.6074752561066445
1289,0.3,empty_shadow,IDEAM,0,0,1288,0.25,1,1,188.9682647043179,-201.7412237057317,,,,,,,0,0,33.11881912197825,1.899289467219063,0.6169700622558594,0.0,-0.002081609331071377,-0.0025431655813008547,32.33856521496201,0.006495746586417919,0,0,5.1533054467148895,14.478802169747086,5.152079783889634,occluder,,,,,0.3,1283,ok,accepted,0,ok,0.5029249,0.0007646000012755394,0.5010208000021521,0.0,0,0.001180800000000204,0.01350049999999925,0,200.67182618111673,-18.38377302083569,,3.5087762942683014,0,0,0,,,,,,,,,,,,0,19.5484230809327,0.25165556522889027,23.930528874490793,0.042483616751723206,21.598119035310383,-0.4153828200300058,24.70488894686028,0.1885607772120798,17.69430282412013,0.15007035355633339,31.980369421017514,-0.1473240131662778,32.11186287532292,0.3085047343658067,31.307619504974515,0.27946043041173513,28.572427333518007,0.4787444148861948
1290,0.35000000000000003,empty_shadow,IDEAM,0,0,1289,0.30000000000000004,1,1,190.62628351862384,-201.73740796629835,,,,,,,0,0,33.18492687431205,1.322155046675988,0.5133253335952759,0.0,-0.0013897322351112962,-0.0016978782368823886,32.03857458469725,0.006469892710687177,0,0,4.4937502632715125,14.314207357706225,4.492639228455251,occluder,,,,,0.35000000000000003,1283,ok,accepted,0,ok,0.5029249,0.0007646000012755394,0.5010208000021521,0.0,1,0.0013414000000011583,0.009956400000000087,0,201.64957893990447,-17.7035069653175,,3.512592033701651,0,0,0,,,,,,,,,,,,0,19.559602049420743,0.2235793705060535,23.92322483837973,-0.14607879078602048,21.56914638717635,-0.5794529524627295,24.704616210349315,-0.005454726226637712,17.702483449508758,0.1636125081245652,31.964135957129958,-0.3246692689506554,32.12133229218886,0.18940841896881166,31.315527908281446,0.15818133192149061,28.55270534179579,-0.3944398340078963
1291,0.4,empty_shadow,IDEAM,0,0,1290,0.35000000000000003,1,1,192.28674340068744,-201.73259957277142,,,,,,,0,0,33.222340145066646,0.7482654150919643,0.43424442410469055,0.0,-0.0013897322351112962,-0.0016978782368823886,32.03857458469725,0.0064553292078928315,0,0,3.8399295830815032,14.182805382959737,3.8392681286743837,occluder,,,,,0.4,1283,ok,accepted,1,ok,0.3352961,0.0007003999780863523,0.33419059999869205,0.0,0,0.0013414000000011583,0.011050600000000799,0,202.6278810202719,-17.021349163621323,,3.51740042722858,0,0,0,,,,,,,,,,,,0,19.5693466911334,0.19489283494163362,23.907589412553964,-0.31270553945752955,21.53256913931733,-0.7315449460877893,24.695928250703876,-0.17375918864192802,17.71136788741387,0.1776887584917353,31.93966084140354,-0.4895023066691769,32.12479453054084,0.06924968828333716,31.3173848289007,0.03713988574630924,28.50460962934669,-0.9619142481563294
1292,0.45,empty_shadow,IDEAM,0,0,1291,0.4,1,1,193.9482406044613,-201.72698210950483,,,,,,,0,0,33.236399694511746,0.28119098890201144,0.3759584426879883,0.0,8.859866647981107e-05,0.0001082436865544878,31.886916362716626,0.006449869091447084,0,0,3.1976686325274164,14.076250194474367,3.1979608143441363,occluder,,,,,0.45,1283,ok,accepted,0,ok,0.3352961,0.0007003999780863523,0.33419059999869205,0.0,1,0.0012067000000008932,0.010996900000002086,0,203.6065798239265,-16.33855076350207,,3.5230178904951686,0,0,0,,,,,,,,,,,,0,19.57761885810456,0.165443340207067,23.884292138118496,-0.4659415535812147,21.488873666569887,-0.8739094435838534,24.679811165066276,-0.322341708967367,17.721017171203304,0.19298567611910084,31.90858248672195,-0.6215670872420941,32.12209316254156,-0.05402764644237064,31.31308926944268,-0.08591081086554547,28.441974197129987,-1.2527086430806984
1293,0.5,empty_shadow,IDEAM,0,0,1292,0.45,1,1,195.60982907466783,-201.72052538165627,,,,,,,0,0,33.2320756687329,-0.08648051557699432,0.33134475350379944,0.0,8.859866647981107e-05,0.0001082436865544878,31.886916362716626,0.006451547616803229,0,0,2.5769874036915024,13.986993190983297,2.5789777445476183,occluder,,,,,0.5,1283,ok,accepted,0,ok,0.3352961,0.0007003999780863523,0.33419059999869205,0.0,0,0.0012067000000008932,0.008808899999998232,0,204.58564484370265,-15.65602731307169,,3.529474618343727,0,0,0,,,,,,,,,,,,0,19.584384218635716,0.13530721134217183,23.853771749857994,-0.6104030292851668,21.438519639427803,-1.007080531040677,24.657020264229985,-0.455818013384988,17.7314484688166,0.20862595263713463,31.87305810558532,-0.7104876184268839,32.1130986726908,-0.1798864596999028,31.30254237548222,-0.21092949847721032,28.375285647938306,-1.3337709819771917
1294,0.55,empty_shadow,IDEAM,0,0,1293,0.5,1,1,197.27074588751444,-201.71327542585973,,,,,,,0,0,33.2135243165092,-0.37102704447391943,0.29450055956840515,0.0,0.0007252313662320375,0.0008860372472554445,31.698024554678526,0.006458756429000342,0,0,1.998355755310123,13.908944539137329,2.0032095293456824,occluder,,,,,0.55,1283,ok,accepted,0,ok,0.3352961,0.0007003999780863523,0.33419059999869205,0.0,1,0.0011653000000002578,0.011929200000000861,0,205.5650150392423,-14.974480695764726,,3.5367245741402655,0,0,0,,,,,,,,,,,,0,19.589610346872078,0.10452256547017838,23.816350630799274,-0.7484170967705246,21.38196291384141,-1.131134499426817,24.62814873288111,-0.5774306245503525,17.74262935506437,0.22361772533846083,31.83527161243111,-0.7557298607248732,32.09778090630854,-0.3063410980521913,31.285742739714767,-0.3359692431698422,28.31172705717053,-1.271171812860322
1295,0.6000000000000001,empty_shadow,IDEAM,0,0,1294,0.55,1,1,198.93035021554093,-201.705354531047,,,,,,,0,0,33.18385766884474,-0.5933329532892628,0.2614608108997345,0.0,0.0007252313662320375,0.0008860372472554445,31.698024554678526,0.006470309634066454,0,0,1.5098113000967646,13.837756009477202,1.519296124105792,occluder,,,,,0.6000000000000001,1283,ok,accepted,0,ok,0.3352961,0.0007003999780863523,0.33419059999869205,0.0,0,0.0011653000000002578,0.013027099999998626,0,206.54462936498197,-14.294490693477911,,3.544645468953007,0,0,0,,,,,,,,,,,,0,19.593264817844865,0.07308942017796545,23.77232826118676,-0.8804418190203156,21.31970703139642,-1.245117637088895,24.593682944664923,-0.6893157630073533,17.754460646350044,0.23662582605035873,31.797086487431393,-0.7637024992289102,32.07623954167566,-0.4307967931454911,31.262795885859344,-0.45889367099204986,28.25541066886278,-1.1263277630739936
1296,0.6500000000000001,empty_shadow,IDEAM,0,0,1295,0.6000000000000001,1,1,200.58815382437422,-201.696900192884,,,,,,,0,0,33.14524780187094,-0.7721973394760084,0.22950729727745056,0.0,0.0010212608613073826,0.0012477055424824357,31.541078319085994,0.006485392115719052,0,0,1.2217100226400293,13.77063713801899,1.2370278869450508,occluder,,,,,0.6500000000000001,1283,ok,accepted,0,ok,0.3352961,0.0007003999780863523,0.33419059999869205,0.0,1,0.0011612999999996987,0.012373499999998927,0,207.5243046998474,-13.61636241951004,,3.5530998071160127,0,0,0,,,,,,,,,,,,0,19.595324744745557,0.04119853864822003,23.722049891290766,-1.0055618275493559,21.25228033149396,-1.3485339889793473,24.55404823855399,-0.7926941218815022,17.766784034360857,0.24646776059926664,31.75980735739056,-0.7455826009336896,32.048684966598685,-0.5510412968167833,31.233925658619803,-0.5773385728814631,28.2228312349305,-0.6515886750904188
1297,0.7000000000000001,empty_shadow,IDEAM,0,0,1296,0.65,1,1,202.243821041496,-201.68797356104204,,,,,,,0,0,33.09911820575597,-0.9225919222993184,0.19736528396606445,0.0,0.0010212608613073826,0.0012477055424824357,31.541078319085994,0.00650348133248163,0,0,1.2034828144919913,13.706019563649889,1.2172729199908563,occluder,,,,,0.7000000000000001,1283,ok,accepted,1,ok,0.2931898,0.000743200012948364,0.29201109998393804,0.0,0,0.0011612999999996987,0.010365399999997749,0,208.50416314017093,-12.94055364271179,,3.5620264389579575,0,0,0,,,,,,,,,,,,0,19.595771056661043,0.008926238851749091,23.66589890374501,-1.1230144142218152,21.18023975879845,-1.4408114470071567,24.509652786229406,-0.8879090471314289,17.779414504661595,0.2526094063592854,31.724126589995485,-0.7136153479831028,32.01541914758348,-0.6652449628113649,31.19944554822296,-0.6895131513274709,28.192115280439104,-0.6143190860046663
1298,0.7500000000000001,empty_shadow,IDEAM,0,0,1297,0.7000000000000001,1,1,203.89701626726344,-201.6788494082268,,,,,,,0,0,33.046375449338434,-1.054855128350738,0.16515158116817474,0.0,0.0024523157626390457,0.00299606891348958,31.920940460489366,0.006524256714244743,0,0,1.2125779466959727,13.643211994421867,1.2213672718279776,occluder,,,,,0.45000000000000007,1289,ok,accepted,0,ok,0.2931898,0.000743200012948364,0.29201109998393804,0.0,1,0.0013953999999998246,0.017710999999998478,0,209.48380796266537,-12.267003239438793,,3.571150591773204,0,0,0,,,,,,,,,,,,0,19.59458468026408,-0.023727527414903502,23.60432352382638,-1.231502687442102,21.104147980549595,-1.5218355600756561,24.460878057211556,-0.9754945814748094,17.79214987992437,0.2547075056474623,31.69019105107168,-0.6787107775546091,31.9768527579391,-0.7712354837146294,31.159751026912435,-0.7937797676178902,28.249753441082813,1.1527632166506265
1299,0.8,empty_shadow,IDEAM,0,0,1298,0.75,1,1,205.54737339486812,-201.6698330351311,,,,,,,0,0,32.987607115312535,-1.1753666805179819,0.13294972479343414,0.0,0.0024523157626390457,0.00299606891348958,31.920940460489366,0.006547523044814118,0,0,1.2215500403922022,13.582057596276842,1.2256160197982098,occluder,,,,,0.5,1289,ok,accepted,0,ok,0.2931898,0.000743200012948364,0.29201109998393804,0.0,0,0.0013953999999998246,0.008883999999998338,0,210.46345277995445,-11.5962909291232,,3.5801669648689085,0,0,0,,,,,,,,,,,,0,19.59175417038432,-0.05661019703680366,23.537819655392976,-1.330073034100957,21.023789467269808,-1.6071702632568166,24.408120779869627,-1.0551455476873883,17.804808961648355,0.25318163488406714,31.657783303116805,-0.6481549561995944,31.933428853748865,-0.8683666996757339,31.11529661568351,-0.8889588268364718,28.311814744373365,1.2412260690192003
1300,0.8500000000000001,empty_shadow,IDEAM,0,0,1299,0.8,1,1,207.19467883250792,-201.66101606735944,,,,,,,0,0,32.92321867643576,-1.2877687775355184,0.1006588339805603,0.0,0.002633801195770502,0.0032177951652556658,31.6344326742807,0.006573157531520303,0,0,1.2303227912290708,13.522746296259848,1.2303651742105306,occluder,,,,,0.55,1289,ok,accepted,0,ok,0.2931898,0.000743200012948364,0.29201109998393804,0.0,1,0.001188500000001369,0.015289400000000342,0,211.44291449178544,-10.928447203314391,,3.5889839326405593,0,0,0,,,,,,,,,,,,0,19.587275712946358,-0.0895691483461024,23.466932789259214,-1.4177336689808924,20.938580569730732,-1.704177950440869,24.351775775883656,-1.1269000793568666,17.81722199574628,0.24826068186350597,31.62652187575661,-0.6252285416365501,31.8856285578921,-0.9558786994831591,31.066578692949456,-0.9742144537848084,28.342591714574795,0.6155394066941929
1301,0.9000000000000001,empty_shadow,IDEAM,0,0,1300,0.8500000000000001,1,1,208.83853593497656,-201.65264278086272,,,,,,,0,0,32.8535457475381,-1.3934585779531972,0.06877026706933975,0.0,0.002633801195770502,0.0032177951652556658,31.6344326742807,0.00660106584095013,0,0,1.2386519544879775,13.46560268081894,1.2356961052993463,occluder,,,,,0.6000000000000001,1289,ok,accepted,0,ok,0.2931898,0.000743200012948364,0.29201109998393804,0.0,0,0.001188500000001369,0.01438230000000118,0,212.42210154542929,-10.263777154489588,,3.5973572191372796,0,0,0,,,,,,,,,,,,0,19.58115121524447,-0.12248995387447142,23.392238928695384,-1.4938742520269592,20.850211199833627,-1.7673873994383849,24.292245499120124,-1.1906055331779732,17.829265005474788,0.2408601950511831,31.596019576968803,-0.610045966970088,31.833967227422796,-1.0330876042026103,31.014110680132116,-1.0492065935144959,28.343284074303575,0.013847196657838571
1302,0.9500000000000001,empty_shadow,IDEAM,0,0,1301,0.9,1,1,210.47879214562457,-201.6448047804239,,,,,,,0,0,32.778849475903435,-1.4939254326932883,0.037409085780382156,0.0,0.0024438330437988043,0.0029857053887099028,31.37811384173281,0.0066311841877132955,0,0,1.2464459670291035,13.411056086867175,1.2417328385258495,occluder,,,,,0.65,1289,ok,accepted,0,ok,0.2931898,0.000743200012948364,0.29201109998393804,0.0,1,0.0011979999999987,0.011092400000002556,0,213.40089187058055,-9.60231126899285,,3.6051952195761032,0,0,0,,,,,,,,,,,,0,19.57338067732227,-0.15541075861585696,23.314314078691478,-1.5584947377192748,20.76019006983936,-1.8004226020842151,24.229924769986727,-1.246414578482116,17.84082544615438,0.2312088135883289,31.566053247055294,-0.5993265857560631,31.778958197518012,-1.1000344604970973,30.95841731030561,-1.113709384731174,28.31843894298923,-0.4969026247005345
1303,1.0,empty_shadow,IDEAM,0,0,1302,0.9500000000000001,1,1,212.11517289475648,-201.6377615591389,,,,,,,0,0,32.699387369806644,-1.5892421219358255,0.007046587765216827,0.0,0.0024438330437988043,0.0029857053887099028,31.37811384173281,0.006663451001469802,0,0,1.253460615366265,13.359547871456142,1.2483542858427765,occluder,,,,,0.7,1289,ok,accepted,0,ok,0.2931898,0.000743200012948364,0.29201109998393804,0.0,0,0.0011979999999987,0.00794339999999849,0,214.379224437292,-8.944263086572391,,3.6122384408610912,0,0,0,,,,,,,,,,,,0,19.56397363605035,-0.18814082598062645,23.23375713137253,-1.6111373162985525,20.66953761148852,-1.8130491688938257,24.165217946112193,-1.2941364709844974,17.851834656745265,0.2201842115536398,31.536607626498903,-0.5889123949384875,31.721124222078462,-1.15653111714394,30.90001936551519,-1.167801806262049,28.274423050201865,-0.8803178544470884
1304,1.05,empty_shadow,IDEAM,0,0,1303,1.0,1,1,213.7474035554174,-201.6316047634338,,,,,,,0,0,32.611959566275466,-1.7485560706235503,0.0,0.022169193252921104,0.0019375564297661185,0.0023671716917306185,31.151898557254594,0.00669922526211752,0,0,1.2595737250862271,13.316413663042528,1.2557128476237833,occluder,,,,,0.75,1289,ok,accepted,0,ok,0.2931898,0.000743200012948364,0.29201109998393804,0.0,1,0.0011707999999970298,0.01079030000000003,0,215.35712975272918,-8.289937741348638,,3.6183952365661867,0,0,0,,,,,,,,,,,,0,19.552939626941296,-0.2206801827796264,23.151166981838955,-1.6518019140269635,20.579028208389598,-1.8101880623497304,24.098508405677453,-1.3341908003653173,17.86223350749455,0.20797701318495293,31.507875357259984,-0.5746453649530886,31.660976494208892,-1.2028086966989369,30.839427965814203,-1.2116768147626045,28.21758786931759,-1.1367036170029665
1305,1.1,empty_shadow,IDEAM,0,0,1304,1.05,1,1,215.3749653704526,-201.62645664059724,,,,,,,0,0,32.51632522769236,-1.9126867716620666,0.0,0.04673726484179497,0.0019375564297661185,0.0023671716917306185,31.151898557254594,0.006738688439912076,0,0,1.2646783805639927,13.282760626049004,1.2632645186081077,occluder,,,,,0.8,1289,ok,accepted,0,ok,0.2931898,0.000743200012948364,0.29201109998393804,0.0,0,0.0011707999999970298,0.009686200000000866,0,216.334394199063,-7.639640372647278,,3.6235433594027597,0,0,0,,,,,,,,,,,,0,19.540311076670022,-0.25257100621714035,23.06711582399412,-1.6810225252666995,20.48931608112351,-1.794242543010935,24.030187155654104,-1.366424990871312,17.871978137787828,0.19489260507049147,31.480205483752567,-0.5533974469852463,31.599022283525823,-1.23894527259641,30.777156026378048,-1.245297815355703,28.153361714518724,-1.2845230957648737
1306,1.1500000000000001,empty_shadow,IDEAM,0,0,1305,1.1,1,1,216.99758355154015,-201.62193581462182,,,,,,,0,0,32.414519612690306,-2.0361123000411396,0.0,0.06524355709552765,-0.002438457915559411,-0.0029791384004056454,31.697748600771437,0.006781082568388322,0,0,1.269155978628504,13.256545666497566,1.2689004559045673,occluder,,,,,0.55,1295,ok,accepted,1,ok,0.45604,0.0007465999806299806,0.45491620001848787,0.0,1,0.0012232000000018672,0.009665800000000502,0,217.3109567411408,-6.993584733637533,,3.6280641853781788,0,0,0,,,,,,,,,,,,0,19.52611659556289,-0.283889622843103,22.982181576632662,-1.6986846415683654,20.400975341573567,-1.7668147849581164,23.96036482282151,-1.3964466465465364,17.881036123314257,0.1811597104975761,31.45402143500113,-0.5236809504510882,31.535736340840355,-1.265590560054319,30.71369157638021,-1.2691617012716112,28.08603421402429,-1.346550010193778
1307,1.2000000000000002,empty_shadow,IDEAM,0,0,1306,1.1500000000000001,1,1,218.61501395806928,-201.61804236879374,,,,,,,0,0,32.30833775497269,-2.123637154352309,0.0,0.07912950962781906,-0.002438457915559411,-0.0029791384004056454,31.697748600771437,0.006825726697953689,0,0,1.273006446404338,13.235979633219706,1.272147916901399,occluder,,,,,0.6000000000000001,1295,ok,accepted,0,ok,0.45604,0.0007465999806299806,0.45491620001848787,0.0,0,0.0012232000000018672,0.010416499999998052,0,218.28678686138625,-6.3519844473538285,,3.6319576312062622,0,0,0,,,,,,,,,,,,0,19.510384793942208,-0.3146360326326498,22.89692499548689,-1.7051315311057242,20.31452860312547,-1.7289347583738397,23.889230234679044,-1.4226917526993539,17.889376946865884,0.16681647173817055,31.42974282638498,-0.485572147923918,31.47161050746911,-1.2824019766666481,30.649516854363856,-1.2833833290531467,28.01876775171652,-1.3453292466748612
1308,1.2500000000000002,empty_shadow,IDEAM,0,0,1307,1.2000000000000002,1,1,220.22698187459355,-201.61460855014013,,,,,,,0,0,32.19900789621068,-2.1865971752401947,0.0,0.08981356769800186,-0.0032860683277249336,-0.004014689940959215,31.440602663319066,0.006872156651117126,0,0,1.276428096083805,13.220141444260104,1.275929317603741,occluder,,,,,0.6500000000000001,1295,ok,accepted,0,ok,0.45604,0.0007465999806299806,0.45491620001848787,0.0,1,0.001221699999998549,0.013851100000000116,0,219.26176249990468,-5.714992169347994,,3.635391449859867,0,0,0,,,,,,,,,,,,0,19.493138559376945,-0.34492469056622777,22.811876321274557,-1.7009735019797505,20.230464146113587,-1.681289124891961,23.81772943670713,-1.4300159499689895,17.896973907041676,0.15193920456553112,31.40769581387586,-0.44094022728765997,31.40709842598528,-1.2901425072212247,30.585091170038837,-1.288420168397635,27.953704281021484,-1.3012694141912815
1309,1.3,empty_shadow,IDEAM,0,0,1308,1.25,1,1,221.83348723344292,-201.61143599441468,,,,,,,0,0,32.08749072953563,-2.230343333500997,0.0,0.09764282405376434,-0.0032860683277249336,-0.004014689940959215,31.440602663319066,0.006920005249520687,0,0,1.2796498511327172,13.208470531167219,1.2790013549799824,occluder,,,,,0.7,1295,ok,accepted,0,ok,0.45604,0.0007465999806299806,0.45491620001848787,0.0,0,0.001221699999998549,0.010297900000001192,0,220.23576159680147,-5.082485907395409,,3.638564005585323,0,0,0,,,,,,,,,,,,0,19.473628303274413,-0.39020511989444123,22.727565796919748,-1.68621052854003,20.14838333523598,-1.6416161968702547,23.746682589844227,-1.420936929337368,17.90380983630144,0.1367185863873606,31.3880997420738,-0.39192141580084905,31.34264989053373,-1.2888882403168798,30.520856649967293,-1.2846148686036492,27.892135076945582,-1.2313840807298684
1310,1.35,empty_shadow,IDEAM,0,0,1309,1.3,1,1,223.43434686148925,-201.60832639983582,,,,,,,0,0,31.97454951687194,-2.2588242532738434,0.0,0.10307522863149643,-0.0034650079905986786,-0.004233305808156729,31.213511742671933,0.00696897599949626,0,0,1.2828089677691423,13.200641258984664,1.2803333414884435,occluder,,,,,0.75,1295,ok,accepted,0,ok,0.45604,0.0007465999806299806,0.45491620001848787,0.0,1,0.0011846999999995944,0.010098199999998059,0,221.20881464883144,-4.4546793313790545,,3.6416736001641823,0,0,0,,,,,,,,,,,,0,19.4522412140669,-0.42774178083328546,22.644481705077308,-1.6616818347564843,20.067570914373892,-1.6162483913887724,23.67609732259346,-1.411705338278677,17.909873291182766,0.12126909862621461,31.3710251819115,-0.34149118680900387,31.27868798909731,-1.2791722566939507,30.457238265142436,-1.2723095368985644,27.834701009542755,-1.1486813449231197
1311,1.4000000000000001,empty_shadow,IDEAM,0,0,1310,1.35,1,1,225.0295606754463,-201.6050356257927,,,,,,,0,0,31.8608735623349,-2.2735190907408054,0.0,0.10604611784219742,-0.0034650079905986786,-0.004233305808156729,31.213511742671933,0.0070187921022642355,0,0,1.2861649182675592,13.196415697618978,1.2813345088189487,occluder,,,,,0.8,1295,ok,accepted,0,ok,0.45604,0.0007465999806299806,0.45491620001848787,0.0,0,0.0011846999999995944,0.007911500000002292,0,222.18070803816553,-3.831358906756094,,3.644964374207291,0,0,0,,,,,,,,,,,,0,19.429324429831375,-0.45833568017864873,22.56310470006511,-1.6275400088242913,19.98848464371197,-1.5817253847942254,23.60600224603291,-1.401901526144714,17.915150919130046,0.1055525597847307,31.356414911651555,-0.292205393368418,31.21561102259354,-1.2614895104352557,30.394641941080735,-1.2518842713589273,27.78157373959105,-1.0625453922293764
1312,1.4500000000000002,empty_shadow,IDEAM,0,0,1311,1.4000000000000001,1,1,226.61912856600088,-201.60124323773374,,,,,,,0,0,31.747091265656486,-2.275645933568242,0.0,0.10673169046640396,-0.003085125470533967,-0.0037691916804760695,31.0164695808107,0.0070691916078902675,0,0,1.2900076091924007,13.195584117669384,1.2824835843881783,occluder,,,,,0.8500000000000001,1295,ok,accepted,0,ok,0.45604,0.0007465999806299806,0.45491620001848787,0.0,1,0.0016268000000003724,0.0152473999999998,0,223.1514722719693,-3.2125552500052947,,3.6487567622662596,0,0,0,,,,,,,,,,,,0,19.405104924677822,-0.4843900977903166,22.48387919689967,-1.5845098564126479,19.911732965844177,-1.5350335280488323,23.53669681400477,-1.3861086370612405,17.91964462933738,0.0898742045610127,31.344139231387356,-0.24551359769614112,31.15382305143503,-1.2357240034555381,30.33346029796344,-1.223604514515591,27.732636917702084,-0.9787364264204951
1313,1.5000000000000002,empty_shadow,IDEAM,0,0,1312,1.4500000000000002,1,1,228.20298945635724,-201.59682718617503,,,,,,,0,0,31.633814428282218,-2.2655367474853705,0.0,0.10503533482551575,-0.003085125470533967,-0.0037691916804760695,31.0164695808107,0.00711990837465115,0,0,1.2944896700686286,13.197934379117912,1.2840491610095435,occluder,,,,,0.9000000000000001,1295,ok,accepted,1,ok,0.3240548,0.0007170000171754509,0.3229311999748461,0.0,0,0.0016268000000003724,0.013568499999998096,0,224.12092425519546,-2.598146342875083,,3.653172813824966,0,0,0,,,,,,,,,,,,0,19.379744824916543,-0.5072019885263083,22.407238166603413,-1.5328202731764506,19.837834677780375,-1.477965733500029,23.468516719885073,-1.3636018802233192,17.92336395830113,0.07438657938444661,31.33400931267401,-0.20259837047961954,31.093686217862764,-1.2027135586895583,30.274044056687078,-1.1883077625222254,27.687631143131313,-0.9001154754832054
1314,1.55,empty_shadow,IDEAM,0,0,1313,1.5,1,1,229.78129585111088,-201.5915432784519,,,,,,,0,0,31.52175663512349,-2.2411558631745265,0.0,0.10042666643857956,-0.002382195321843028,-0.002910400740802288,31.307784765228725,0.007170618242489103,0,0,1.2998247551629731,13.20306285383786,1.2864175550926755,occluder,,,,,0.55,1303,ok,accepted,0,ok,0.3240548,0.0007170000171754509,0.3229311999748461,0.0,1,0.0012235999999994362,0.010964700000002381,0,225.0891250125859,-1.988040705511878,,3.658456721548106,0,0,0,,,,,,,,,,,,0,19.353385272726754,-0.5271910371645145,22.333585970242616,-1.47304346676142,19.767264709879978,-1.4113993324232765,23.401772862031052,-1.3348771561024468,17.92632607199879,0.059242273874510004,31.325821069388084,-0.16376486449868627,31.03554937470249,-1.1627235423745348,30.216738290129772,-1.146106690722832,27.646253147758152,-0.8275598867334625
1315,1.6,empty_shadow,IDEAM,0,0,1314,1.55,1,1,231.35401718063156,-201.5852389370934,,,,,,,0,0,31.411621514075925,-2.2027024209513257,0.0,0.09299461543560028,-0.002382195321843028,-0.002910400740802288,31.307784765228725,0.0072209877522009846,0,0,1.3061960011658584,13.210536285131278,1.2898530664060988,occluder,,,,,0.6000000000000001,1303,ok,accepted,0,ok,0.3240548,0.0007170000171754509,0.3229311999748461,0.0,0,0.0012235999999994362,0.010192599999999885,0,226.05595248424603,-1.3821468476513417,,3.6647610629065923,0,0,0,,,,,,,,,,,,0,19.326154061940855,-0.5446242082544587,22.263296448660714,-1.4057898634709254,19.700436956145268,-1.33655505292479,23.33677995171372,-1.2998582059141635,17.928551951054146,0.0445175809572745,31.319393303363295,-0.12855532058930802,30.97972519508337,-1.1164773706040114,30.161861432702377,-1.097534039710767,27.608216828224457,-0.7607263664411296
1316,1.6500000000000001,empty_shadow,IDEAM,0,0,1315,1.6,1,1,232.9213059911579,-201.57779203974022,,,,,,,0,0,31.30405592867544,-2.151311708009729,0.0,0.08312235027551651,-0.0013939682394266129,-0.001703053480014205,31.10073675006428,0.007270696130686571,0,0,1.3136797436613108,13.21992987780005,1.2945985639925799,occluder,,,,,0.6500000000000001,1303,ok,accepted,0,ok,0.3240548,0.0007170000171754509,0.3229311999748461,0.0,1,0.0014414000000009253,0.012846500000001981,0,227.02143717213602,-0.7803427250149753,,3.672207960259783,0,0,0,,,,,,,,,,,,0,19.29817326106761,-0.5596160113528272,22.19670148127291,-1.3318986907046535,19.637727162741005,-1.2541958519991045,23.27382981381415,-1.2590027579758725,17.930075926096585,0.03047950076731536,31.314581055769192,-0.09624495200204637,30.926513069432698,-1.064240670517509,30.10970147738292,-1.0431987461066279,27.57329139512178,-0.69850863541424
1317,1.7000000000000002,empty_shadow,IDEAM,0,0,1316,1.6500000000000001,1,1,234.48334538294262,-201.56918726513953,,,,,,,0,0,31.19965373456818,-2.088043882145172,0.0,0.07087473571300507,-0.0013939682394266129,-0.001703053480014205,31.10073675006428,0.007319435107322136,0,0,1.3223524015194812,13.230869205785005,1.3007836586969295,occluder,,,,,0.7000000000000002,1303,ok,accepted,0,ok,0.3240548,0.0007170000171754509,0.3229311999748461,0.0,0,0.0014414000000009253,0.00957209999999975,0,227.9853959916193,-0.18226215271354818,,3.680812734860467,0,0,0,,,,,,,,,,,,0,19.26956303447114,-0.5722045260156478,22.13412913138264,-1.2514462790814205,19.579478653759637,-1.1649701681884397,23.213214272522556,-1.2123108259528455,17.930930423523986,0.017089948544268548,31.31125462770429,-0.06652856020528916,30.8761876557115,-1.0065082496867261,30.06051404805954,-0.9837484879420557,27.541356684137142,-0.6386941929534473
1318,1.7500000000000002,empty_shadow,IDEAM,0,0,1317,1.7000000000000002,1,1,236.0402574314965,-201.55943983043642,,,,,,,0,0,31.098962111198208,-2.013832467399439,0.0,0.056595735251903534,-0.0002540202985983342,-0.00031034433050081134,30.923188601432148,0.007366907579860009,0,0,1.3944151454112692,13.242999651993134,1.3745461500864107,occluder,,,,,0.7500000000000002,1303,ok,accepted,0,ok,0.3240548,0.0007170000171754509,0.3229311999748461,0.0,1,0.0011788999999993166,0.010786200000001855,0,228.9480730728959,0.4119728145637396,,3.6905601695635823,0,0,0,,,,,,,,,,,,0,19.240449266060164,-0.5822753641486186,22.075857871460727,-1.1654244409904593,19.525996602581536,-1.0696410180499847,23.155213707327015,-1.1600113039408566,17.93115549727809,0.0045014751930221525,31.30931292962921,-0.038833958135207076,30.828983612960993,-0.9440803828308977,30.01453766723017,-0.91952569814313,27.5123535671655,-0.58006231390362
1319,1.8,empty_shadow,IDEAM,0,0,1318,1.75,1,1,237.59219472470133,-201.54854968357697,,,,,,,0,0,31.002462427541772,-1.9299936731287204,0.0,0.04033871740102768,-0.0002540202985983342,-0.00031034433050081134,30.923188601432148,0.0074128384246688155,0,0,1.6761488509486826,13.255994645774845,1.6617615800735657,occluder,,,,,0.8,1303,ok,accepted,0,ok,0.3240548,0.0007170000171754509,0.3229311999748461,0.0,0,0.0011788999999993166,0.010643900000001594,0,229.9092242701497,1.002758910514757,,3.701450316423035,0,0,0,,,,,,,,,,,,0,19.2109463958016,-0.5900574045366711,22.022137558923895,-1.0744054963305552,19.477548039789095,-0.9689712540435103,23.10008179661654,-1.1026382140107114,17.930795016150647,-0.007209622308902964,31.30868539059365,-0.01255077441254038,30.785116581319688,-0.8773378568981577,29.971976563679316,-0.8512167491133448,27.48630302376523,-0.5210108456332315
1320,1.85,empty_shadow,IDEAM,0,0,1319,1.8,1,1,239.1395845658852,-201.5366845254802,,,,,,,0,0,30.91059857448489,-1.837277061137641,0.0,0.022422928363084793,0.0008887881995178759,0.0010858596069738269,30.77162881311468,0.007456963004707878,0,0,2.089477335689194,13.269526305913708,2.080143533090256,occluder,,,,,0.8500000000000001,1303,ok,accepted,0,ok,0.3240548,0.0007170000171754509,0.3229311999748461,0.0,1,0.0011725000000026853,0.012210200000001947,0,230.8688495937914,1.5905234280569402,,3.7133154745197885,0,0,0,,,,,,,,,,,,0,19.181178402034114,-0.5953598775263481,21.97318372204257,-0.9790760056073556,19.43437329017597,-0.8634949935007578,23.048079846272472,-1.0400390063743945,17.92989666363123,-0.017967050015679227,31.309289995110383,0.012092100000850148,30.74477743749209,-0.8067764185273975,29.933006386513387,-0.7793937749930324,27.463258459542,-0.4608912657937209
1321,1.9000000000000001,empty_shadow,IDEAM,0,0,1320,1.85,1,1,240.68245749344607,-201.5239053808881,,,,,,,0,0,30.823767788406094,-1.736615721575916,0.0,0.0028973259031772614,0.0008887881995178759,0.0010858596069738269,30.77162881311468,0.007499033248754263,0,0,2.569581142779197,13.283302504659115,2.56405098768043,occluder,,,,,0.9000000000000001,1303,ok,accepted,0,ok,0.3240548,0.0007170000171754509,0.3229311999748461,0.0,0,0.0011725000000026853,0.00932549999999921,0,231.82701006856294,2.175235880846259,,3.7260946191119046,0,0,0,,,,,,,,,,,,0,19.151263539423272,-0.5982972587132407,21.929190907085136,-0.8798556098144745,19.396577256288815,-0.7559206809155874,22.99944627470583,-0.9726714304852381,17.9285043071458,-0.02784712926973346,31.3110409125908,0.0350183630146931,30.70811512215075,-0.733235301242906,29.897772281966844,-0.7046673710332535,27.443290446432755,-0.3993602472736989
1322,1.9500000000000002,empty_shadow,IDEAM,0,0,1321,1.9000000000000001,1,1,242.22114928400998,-201.5104562758928,,,,,,,0,0,30.73941205739969,-1.687114620128085,0.017951738089323044,0.0,0.001894934568554163,0.002315099351108074,30.642606892679524,0.007540246168797776,0,0,3.0839522887992987,13.30139703226722,3.0811847083673682,occluder,,,,,0.9500000000000002,1303,ok,accepted,0,ok,0.3240548,0.0007170000171754509,0.3229311999748461,0.0,1,0.0011936999999981879,0.009919699999997533,0,232.78367518729877,2.757262552674348,,3.739543724107193,0,0,0,,,,,,,,,,,,0,19.12131243491065,-0.5990221001135282,21.890296434936662,-0.7778888271237167,19.364117978913328,-0.649185550148277,22.954415685018983,-0.9006117926504214,17.926667539373405,-0.03673535486603875,31.313829425208183,0.05577026923175367,30.675249977433225,-0.6572869811073598,29.866392697165566,-0.6275720302802575,27.426475277405487,-0.33630336979185915
1323,2.0,empty_shadow,IDEAM,0,0,1322,1.9500000000000002,1,1,243.75559896488892,-201.49652033677404,,,,,,,0,0,30.657065711002875,-1.646926927936292,0.04262855276465416,0.0,0.001894934568554163,0.002315099351108074,30.642606892679524,0.007580805945230625,0,0,3.616583312266314,13.32480139232578,3.6158007395440337,occluder,,,,,1.0,1303,ok,accepted,0,ok,0.3240548,0.0007170000171754509,0.3229311999748461,0.0,0,0.0011936999999981879,0.010276500000003352,0,233.73884494479347,3.3365424760585825,,3.75347966322596,0,0,0,,,,,,,,,,,,0,19.091443343204798,-0.5973818493349422,21.8566147434968,-0.6736332915899277,19.33686575857144,-0.5450444074310626,22.91319597872341,-0.8243941245338228,17.92443404376758,-0.04466991143988235,31.317523925931983,0.07389003491686214,30.64628327405215,-0.5793133663509072,29.83894792338024,-0.5488713175515466,27.412870172322652,-0.2721020947650029
1324,2.05,empty_shadow,IDEAM,0,0,1323,2.0,1,1,245.28608127235083,-201.48232635165743,,,,,,,0,0,30.57741584966259,-1.5929972268057213,0.0713396742939949,0.0,0.0026419726200401783,0.0032277784775942564,30.532832434117136,0.007620349719675343,0,0,4.159489990027647,13.352616212308293,4.160109298222398,occluder,,,,,1.0499999999999998,1303,ok,accepted,0,ok,0.3240548,0.0007170000171754509,0.3229311999748461,0.0,1,0.0011729000000002543,0.011860900000002061,0,234.6925193254309,3.9133504028830544,,3.7676736483425657,0,0,0,,,,,,,,,,,,0,19.061766889982405,-0.593529084226419,21.828162994262517,-0.5690345330937454,19.314641304013897,-0.444489088313781,22.875989334555015,-0.7441328817816314,17.921855318587802,-0.05157450285048168,31.321979457195173,0.08911064867847997,30.62127240042542,-0.5001924956177357,29.81549915535342,-0.4689474918959926,27.40250183459719,-0.20736675044885358
1325,2.1,empty_shadow,IDEAM,0,0,1324,2.0500000000000003,1,1,246.8127183703981,-201.46814893708697,,,,,,,0,0,30.5011635142077,-1.5250467090977793,0.1034085750579834,0.0,0.0026419726200401783,0.0032277784775942564,30.532832434117136,0.007658497320301199,0,0,4.708241927961693,13.383682582437922,4.709810168392093,occluder,,,,,1.1,1303,ok,accepted,0,ok,0.3240548,0.0007170000171754509,0.3229311999748461,0.0,0,0.0011729000000002543,0.00900439999999847,0,235.64469832400567,4.487808502355563,,3.7818510629130344,0,0,0,,,,,,,,,,,,0,19.03239370496879,-0.5874637200278034,21.804811485045967,-0.4670298149225576,19.29726723340182,-0.34748140500346164,22.842975042473437,-0.6602858400531288,17.918977140054363,-0.05756356986715639,31.327024358006966,0.10089804224173457,30.60025374439253,-0.4203446946261287,29.79605606542399,-0.3888312669577601,27.39536644900706,-0.1427077099887715
1326,2.15,empty_shadow,IDEAM,0,0,1325,2.1,1,1,248.33557136705895,-201.45420169527554,,,,,,,0,0,30.4289191284189,-1.444887715775991,0.13803699612617493,0.0,0.0030399172101169825,0.0037139595951884985,30.441905146087727,0.007694904688000293,0,0,5.260198288249112,13.416851144905571,5.262351528553338,occluder,,,,,1.15,1303,ok,accepted,0,ok,0.3240548,0.0007170000171754509,0.3229311999748461,0.0,1,0.0014140000000004704,0.010636200000000429,0,236.59544299649204,5.059916826530042,,3.795798304724457,0,0,0,,,,,,,,,,,,0,19.003430601681792,-0.5792620823069516,21.786361841218284,-0.3689925994490117,19.284558534408124,-0.25417396754653476,22.814315227648866,-0.57319629485778,17.915847185998857,-0.06259908067867864,31.332513672798896,0.10978632194208714,30.58322933735332,-0.3404573287856136,29.78062257299875,-0.30863785593095217,27.39142777669419,-0.07877344569361466
1327,2.1999999999999997,empty_shadow,IDEAM,0,0,1326,2.15,1,1,249.8549760181378,-201.44066761716275,,,,,,,0,0,30.361156873981614,-1.3552450887457468,0.1727531999349594,0.0,0.0030399172101169825,0.0037139595951884985,30.441905146087727,0.007729289755987967,0,0,5.8140307147232555,13.451063764424182,5.816473164962067,occluder,,,,,1.1999999999999997,1303,ok,accepted,0,ok,0.3240548,0.0007170000171754509,0.3229311999748461,0.0,0,0.0014140000000004704,0.008300299999998373,0,237.54475334288998,5.630011131210949,,3.8093323828372547,0,0,0,,,,,,,,,,,,0,18.974974854259848,-0.5691149625241795,21.772585181679656,-0.27553298942204746,19.276354992939304,-0.1640708127853653,22.790095720570527,-0.4843901399734184,17.91251122922973,-0.06671913566831962,31.33828909188916,0.11550840711959355,30.57017256865137,-0.2611033478496714,29.769156784471406,-0.22928353172742824,27.390611430712834,-0.016326919700363412
1328,2.25,empty_shadow,IDEAM,0,0,1327,2.2,1,1,251.37114604557155,-201.4278365468484,,,,,,,0,0,30.298155061525794,-1.2600362491163963,0.2056579440832138,0.0,0.003055500565096736,0.0037329981569200754,30.366647707808255,0.007761466369836867,0,0,6.368854745682812,13.48554101885477,6.371347569415045,occluder,,,,,1.25,1303,ok,accepted,0,ok,0.3240548,0.0007170000171754509,0.3229311999748461,0.0,1,0.002632000000001966,0.01569729999999936,0,238.49262937361027,6.198305127924414,,3.822163453151603,0,0,0,,,,,,,,,,,,0,18.947131366526808,-0.5568697666970328,21.763250714269432,-0.18668921374528288,19.272505931996797,-0.07698120013474755,22.770312705786406,-0.39566029432142535,17.90901695486253,-0.0698854885247154,31.34420947203514,0.1184076261752713,30.5610243711045,-0.18293191139645323,29.761591977045615,-0.15126481268840802,27.392808693006582,0.043945245823530064
1329,2.3,empty_shadow,IDEAM,0,0,1328,2.25,1,1,252.88429512965385,-201.41587625812699,,,,,,,0,0,30.23998876767577,-1.1633258770005028,0.2367103099822998,0.0,0.003055500565096736,0.0037329981569200754,30.366647707808255,0.007791352073130965,0,0,6.924025757374564,13.519839845971651,6.9263758620745115,occluder,,,,,1.2999999999999998,1303,ok,accepted,0,ok,0.3240548,0.0007170000171754509,0.3229311999748461,0.0,0,0.002632000000001966,0.009959900000001909,0,239.43919313813677,6.764890447480212,,3.8341237418730145,0,0,0,,,,,,,,,,,,0,18.919991689560415,-0.5427935511513845,21.75816388841622,-0.10173643623852852,19.272893094812027,0.007743276773340498,22.75489561197469,-0.3083418749994771,17.905410146435205,-0.07213616953757258,31.350150836215654,0.11882730359640521,30.555689403736515,-0.10666839613783188,29.757832787322926,-0.07515438202985074,27.39786697577278,0.10116565571611612
1330,2.35,empty_shadow,IDEAM,0,0,1329,2.3000000000000003,1,1,254.39472858148838,-201.4051833753833,,,,,,,0,0,30.186575396214476,-1.0682674292258554,0.26600784063339233,0.0,0.005324994679540396,0.006505708210170269,32.449989,0.007818948023843914,0,0,7.479360108641256,13.553760975110814,7.481340632857558,occluder,,,,,1.35,1303,ok,stale_plan,0,ok,0.3240548,0.0007170000171754509,0.3229311999748461,0.0,1,0.0011630000000018015,0.010863699999998033,0,240.38438361172757,7.330133425723943,,3.8448166246166977,0,0,0,,,,,,,,,,,,0,18.893645470434546,-0.5269243924052496,21.757128249057,-0.02071274420602482,19.277388689349195,0.08991191140158321,22.743758607667207,-0.22274008520338584,17.901728951540182,-0.07362389830543699,31.355985392680026,0.11669114308517872,30.554074203913043,-0.03227508140742692,29.757764751360074,-0.0013340675865717345,27.405633691370046,0.1553343130828166
1331,2.4,empty_shadow,IDEAM,0,0,1330,2.35,1,1,255.9026296314625,-201.39612404706884,,,,,,,0,0,30.137871010933633,-0.9740877056168529,0.29378649592399597,0.0,0.005324994679540396,0.006505708210170269,32.449989,0.007844239070994094,0,0,8.034557488261665,13.587114147691773,8.035930007150789,occluder,,,,,1.4,1303,ok,stale_plan,0,ok,0.3240548,0.0007170000171754509,0.3229311999748461,0.0,0,0.0011630000000018015,0.010490000000000776,0,241.3282923471117,7.894125740313939,,3.853875952931162,0,0,0,,,,,,,,,,,,0,18.868178539802937,-0.5093386207835061,21.7599893009082,0.057221054345996,19.285901162442613,0.170249481778457,22.736787253185497,-0.13942708874745732,17.898009610810526,-0.0743868143529077,31.361631125364433,0.11291466546494358,30.556041417543113,0.0393703652468326,29.761244772430807,0.06962377374135298,27.415916197111887,0.20565011704316932
1332,2.45,empty_shadow,IDEAM,0,0,1331,2.4000000000000004,1,1,257.4082424305978,-201.38872870747372,,,,,,,0,0,30.093774397833165,-0.8819322620093573,0.32019704580307007,0.0,0.004843215458095074,0.005917103961110115,32.449989,0.007867243399836495,0,0,8.589567910916612,13.619836765477078,8.590146686711565,occluder,,,,,1.4500000000000002,1303,ok,stale_plan,0,ok,0.3240548,0.0007170000171754509,0.3229311999748461,0.0,1,0.00161549999999977,0.012098299999998119,0,242.27098037944188,8.45705050711905,,3.8612712925262827,0,0,0,,,,,,,,,,,,0,18.84367100635304,-0.49015067558341296,21.766615437865262,0.13252274194053723,19.298310353284652,0.248183833265119,22.733870920859733,-0.05832664592442776,17.894288363826696,-0.07442493898504483,31.367007927082735,0.10753604156556107,30.561423152725233,0.10765745477295151,29.76810685383908,0.13726131606358824,27.42851613022404,0.25199866538257726
1333,2.5,empty_shadow,IDEAM,0,0,1332,2.45,1,1,258.9118417255731,-201.38325666229994,,,,,,,0,0,30.054135749466237,-0.7927729673385642,0.345437228679657,0.0,0.004843215458095074,0.005917103961110115,32.449989,0.007888008569674467,0,0,9.14442737106961,13.651897857581831,9.144067665602815,occluder,,,,,1.5,1303,ok,stale_plan,0,ok,0.3240548,0.0007170000171754509,0.3229311999748461,0.0,0,0.00161549999999977,0.008049400000000873,0,243.21247823670518,9.019151944831037,,3.8667433377000577,0,0,0,,,,,,,,,,,,0,18.820199164112214,-0.46943685001043006,21.776865518565526,0.2050016114495,19.31446748869557,0.32314272064196037,22.734904706586086,0.020675714885113106,17.890599543177515,-0.0737764121213684,31.372049040553897,0.10082227339632577,30.570059135072736,0.17273872294781248,29.778177360713627,0.20142605896318752,27.443208423704732,0.29384587369246673
1334,2.55,empty_shadow,IDEAM,0,0,1333,2.5,1,1,260.41358015111854,-201.37984518858718,,,,,,,0,0,30.018852866156166,-0.705657666201418,0.36964327096939087,0.0,0.004115689545869827,0.005028263200074434,32.449989,0.00790656115415169,0,0,9.699105158142554,13.683202340991524,9.6977129229037,occluder,,,,,1.5499999999999998,1303,ok,stale_plan,0,ok,0.3240548,0.0007170000171754509,0.3229311999748461,0.0,1,0.0011810000000025411,0.013768599999998798,0,244.15281641565645,9.580552191425227,,3.8701548114128173,0,0,0,,,,,,,,,,,,0,18.797829769633267,-0.4473878939737709,21.790598402508333,0.27465767739531105,19.334204722057997,0.3947446755224423,22.739795151585167,0.09780890029572628,17.8869774815421,-0.07244123240325771,31.376687708534334,0.09277336075055655,30.581745213874573,0.23373692411738003,29.79125404545127,0.26154594269441434,27.459769917502953,0.3312298810606769
1335,2.6,empty_shadow,IDEAM,0,0,1334,2.5500000000000003,1,1,261.91367138232255,-201.37864680134174,,,,,,,0,0,29.98778841723804,-0.6212889783625286,0.39293786883354187,0.0,0.004115689545869827,0.005028263200074434,32.449989,0.007922949819041314,0,0,10.253616281257695,13.713660675044162,10.251129145329967,occluder,,,,,1.6,1303,ok,stale_plan,0,ok,0.3240548,0.0007170000171754509,0.3229311999748461,0.0,0,0.0011810000000025411,0.007682700000000153,0,245.0920864794355,10.141373358850188,,3.8713531986582552,0,0,0,,,,,,,,,,,,0,18.776625765646212,-0.4240800833805166,21.80765387396569,0.3411094326969722,19.357308429543654,0.46207415466358903,22.748443072317087,0.17295841477445315,17.883446972220536,-0.07061018562537207,31.380864802775328,0.08354188474080887,30.59627342226856,0.2905759115658176,29.80711558975191,0.3172397929955497,27.47795837911928,0.3637692381377586
1336,2.65,empty_shadow,IDEAM,0,0,1335,2.6,1,1,263.4122985610809,-201.37976824961618,,,,,,,0,0,29.960877788841014,-0.5382125679405192,0.41543808579444885,0.0,0.0032603912986814976,0.003983319271355867,32.449989,0.007937188277725089,0,0,10.807971281989403,13.743043079268775,10.804369339365184,occluder,,,,,1.65,1303,ok,stale_plan,0,ok,0.3240548,0.0007170000171754509,0.3229311999748461,0.0,1,0.0011563000000016643,0.010080500000000825,0,246.03037998077133,10.701707036272694,,3.870231750383823,0,0,0,,,,,,,,,,,,0,18.756652002912368,-0.39947525732997285,21.827839294113357,0.4037084134853027,19.38354019265946,0.5246352644326491,22.76073021454917,0.24574284475289984,17.880040444354407,-0.06813055708470928,31.384523102915512,0.07316600266274387,30.613416723030095,0.3428744552168334,29.82553114579255,0.36831710813936125,27.497543019557124,0.3916928151341648
1337,2.7,empty_shadow,IDEAM,0,0,1336,2.6500000000000004,1,1,264.90973635078603,-201.38322469850164,,,,,,,0,0,29.937998184304355,-0.4575920907331721,0.43718665838241577,0.0,0.0032603912986814976,0.003983319271355867,32.449989,0.007949324124127938,0,0,11.362422062182064,13.771102707267323,11.357706538334337,occluder,,,,,1.7000000000000002,1303,ok,stale_plan,0,ok,0.3240548,0.0007170000171754509,0.3229311999748461,0.0,0,0.0011563000000016643,0.00948590000000138,0,246.96766640208767,11.261858404661496,,3.8667753014983646,0,0,0,,,,,,,,,,,,0,18.737893222644416,-0.37517560721264115,21.850941041164774,0.4620349594024084,19.41261581719644,0.5815124905234863,22.776530691906547,0.3160095471638148,17.87677315471211,-0.0653457927695788,31.387620647081505,0.06195088422691428,30.632938549386832,0.3904421477965129,29.846264153678195,0.4146637714386614,27.518285420401995,0.4148480236719951
1338,2.75,empty_shadow,IDEAM,0,0,1337,2.7,1,1,266.4061068165381,-201.38900084756688,,,,,,,0,0,29.919103158417737,-0.3779005177323569,0.45826518535614014,0.0,0.0023589066695421934,0.0028819481376558542,32.449989,0.007959367458112121,0,0,11.916965706833814,13.79753086480129,11.911171411928768,occluder,,,,,1.75,1303,ok,stale_plan,0,ok,0.3240548,0.0007170000171754509,0.3229311999748461,0.0,1,0.0011624000000018953,0.011633700000000857,0,247.90403730131897,11.821857971182283,,3.8609991524331235,0,0,0,,,,,,,,,,,,0,18.719826811302756,-0.36132822804904763,21.87673214365486,0.5158220754170469,19.44423012706148,0.6322861959394006,22.795686195233856,0.3831100665410503,17.873666084566363,-0.062141402976512466,31.39012882469541,0.050163555121925295,30.654588992724037,0.4330122069155006,29.86905517663296,0.4558223039283462,27.53995288527083,0.43334930437986335
1339,2.8,empty_shadow,IDEAM,0,0,1338,2.75,1,1,267.9016540989479,-201.39709661352566,,,,,,,0,0,29.904086481983796,-0.30033352867882,0.47868913412094116,0.0,0.0023589066695421934,0.0028819481376558542,32.449989,0.007967362900406302,0,0,12.471781035070336,13.82199000905694,12.46495503176493,occluder,,,,,1.7999999999999998,1303,ok,stale_plan,0,ok,0.3240548,0.0007170000171754509,0.3229311999748461,0.0,0,0.0011624000000018953,0.011113900000001564,0,248.8395231856307,12.381919369280354,,3.8529033864743383,0,0,0,,,,,,,,,,,,0,18.702666390487067,-0.34320841743757574,21.90495701844669,0.5644975278516013,19.478056965366807,0.6765367646833784,22.8180136196741,0.44654848880476944,17.87073258544266,-0.058669982734175556,31.39201521047321,0.03772772095991018,30.67810671203084,0.4703560398040384,29.89364669866566,0.49183112511021354,27.562310810460502,0.44715851084570607
1340,2.85,empty_shadow,IDEAM,0,0,1339,2.8000000000000003,1,1,269.39653073904856,-201.4073746152305,,,,,,,0,0,29.892924415688046,-0.2232413259149979,0.4984985291957855,0.0,0.001468289876356721,0.0017938545206561685,32.449989,0.007973313811529026,0,0,13.02698428896193,13.84402851608609,13.019199522278257,occluder,,,,,1.85,1303,ok,stale_plan,0,ok,0.3240548,0.0007170000171754509,0.3229311999748461,0.0,1,0.0012278999999999485,0.013957300000001283,0,249.77415457780467,12.942164617207027,,3.842625384769491,0,0,0,,,,,,,,,,,,0,18.686598882107916,-0.32135016822161006,21.935346730771613,0.607794283761847,19.513751101713353,0.7138827263895893,22.843303155558356,0.5057907176830166,17.867982192681342,-0.055007855681302925,31.39325310117248,0.024757822311522282,30.70323419280262,0.5025501826294387,29.91978312227529,0.5227285656877115,27.585132221561132,0.45642822899220314
1341,2.9,empty_shadow,IDEAM,0,0,1340,2.85,1,1,270.8909503442585,-201.41978900344148,,,,,,,0,0,29.88551225970233,-0.1482431197143086,0.5177111029624939,0.0,0.001468289876356721,0.0017938545206561685,32.449989,0.007977269190786363,0,0,13.582681915465244,13.863252166981301,13.574016884490064,occluder,,,,,1.9,1303,ok,stale_plan,0,ok,0.3240548,0.0007170000171754509,0.3229311999748461,0.0,0,0.0012278999999999485,0.007736900000001157,0,250.70802303056985,13.502715769651786,,3.8302109965585203,0,0,0,,,,,,,,,,,,0,18.671727282910723,-0.29743198418643907,21.96762090076299,0.6454834416377636,19.550952046113697,0.7440188890643954,22.871318293084784,0.5603027505375118,17.865430166711263,-0.05104051942802541,31.39383868168751,0.011711621655732281,30.72970439582467,0.5294041162019312,29.94718978771381,0.548133328158895,27.608207310320452,0.46150178198433844
1342,2.95,empty_shadow,IDEAM,0,0,1341,2.9000000000000004,1,1,272.38512646994195,-201.43414134103682,,,,,,,0,0,29.881813018539184,-0.07398482326294697,0.536361038684845,0.0,0.0006277647335082293,0.0007669592741876841,32.449989,0.007979244333102514,0,0,14.139032940215243,13.87919091769844,14.129585511071848,occluder,,,,,1.9500000000000002,1303,ok,stale_plan,0,ok,0.3240548,0.0007170000171754509,0.3229311999748461,0.0,1,0.0011508999999989555,0.009590299999999274,0,251.64118958948984,14.063725336415246,,3.8158586589631796,0,0,0,,,,,,,,,,,,0,18.65809927654663,-0.2725601271968431,22.001495335256344,0.6774887348891288,19.589299311088155,0.7669453028049729,22.90179009539071,0.6094360461457448,17.863078412508337,-0.04703508445594199,31.393762415331814,-0.0015253125717421688,30.757254106326915,0.5509942574647335,29.975605396441107,0.5683125495772997,27.631314824339608,0.46215028693315835
1343,3.0,empty_shadow,IDEAM,0,0,1342,2.95,1,1,273.87915062197953,-201.45029426769068,,,,,,,0,0,29.881693387790044,-0.002392614982795749,0.5544533729553223,0.0,0.0006277647335082293,0.0007669592741876841,32.449989,0.007979308220001997,0,0,14.695998325655504,13.891481052090445,14.685867003406061,occluder,,,,,2.0,1303,ok,stale_plan,0,ok,0.3240548,0.0007170000171754509,0.3229311999748461,0.0,0,0.0011508999999989555,0.010283099999998768,0,252.5737763040484,14.62516277389426,,3.79970573230932,0,0,0,,,,,,,,,,,,0,18.645747285656835,-0.24703981788723428,22.036680117666798,0.7036956959567632,19.628432406447182,0.7826619129299076,22.93444008963777,0.6529998849884282,17.860938376412133,-0.04280072161736961,31.393035745813584,-0.014533372789085118,30.78561439737834,0.5672062788861529,30.004764842202363,0.5831899682665345,27.654260214106234,0.4589078015872907
1344,3.05,empty_shadow,IDEAM,0,0,1343,3.0,1,1,275.3732973804776,-201.46801880788342,,,,,,,0,0,29.885080460323397,0.06774145066707149,0.5720583200454712,0.0,-0.00013562625099439174,-0.00016569872968830168,32.449989,0.00797749970437867,0,0,15.253922201852504,13.899663958544597,15.243219241359963,occluder,,,,,2.05,1303,ok,stale_plan,0,ok,0.3240548,0.0007170000171754509,0.3229311999748461,0.0,1,0.00118619999999936,0.009461300000001671,0,253.50572214950364,15.18736368693709,,3.781981192116575,0,0,0,,,,,,,,,,,,0,18.63468084949406,-0.22132872299646913,22.072879609548455,0.7239898875791324,19.667994657733203,0.7912450340545321,22.968963100713047,0.6904602215503564,17.859010055832588,-0.0385664119450415,31.39166057977564,-0.027503300590681748,30.81452588480745,0.578230934975228,30.034414467328585,0.5929944442521166,27.676864188814214,0.4520795001199276
1345,3.1,empty_shadow,IDEAM,0,0,1344,3.0500000000000003,1,1,276.86771927605855,-201.4871470628912,,,,,,,0,0,29.89186502272956,0.1356912481232797,0.5891969799995422,0.0,-0.00013562625099439174,-0.00016569872968830168,32.449989,0.007973878959548,0,0,15.81286548224288,13.903345330519064,15.801700198956059,occluder,,,,,2.1,1303,ok,stale_plan,0,ok,0.3240548,0.0007170000171754509,0.3229311999748461,0.0,0,0.00118619999999936,0.008600799999999964,0,254.43711867858457,15.750389053437118,,3.7628529371087893,0,0,0,,,,,,,,,,,,0,18.624899967861964,-0.19561763208498664,22.10980580300903,0.738523920032181,19.707640835391746,0.7929235643888173,23.00505013745301,0.7217407348624028,17.85729345174741,-0.03433208111046913,31.389661712546427,-0.039977322060527794,30.84374063335315,0.5842970920671123,30.064296800913475,0.5976496164920784,27.698941736152488,0.4415509522323556
1346,3.15,empty_shadow,IDEAM,0,0,1345,3.1,1,1,278.362568813318,-201.5074348400494,,,,,,,0,0,29.90197611036623,0.2022217527333936,0.6059232354164124,0.0,-0.0008039347012527287,-0.0009821915300562978,32.449989,0.007968487506892625,0,0,16.372805170952336,13.902070588786309,16.361295764714836,occluder,,,,,2.15,1303,ok,stale_plan,0,ok,0.3240548,0.0007170000171754509,0.3229311999748461,0.0,1,0.0012518999999997504,0.014593999999998886,0,255.3681490019547,16.31420826732642,,3.742565159950601,0,0,0,,,,,,,,,,,,0,18.61639891781418,-0.1700210002977434,22.14717069142754,0.7472978173870622,19.747040967732488,0.7880026607752525,23.04237313658861,0.7464599827611413,17.855792377543317,-0.030021484215170837,31.387063939367145,-0.051955439074032383,30.873006894133123,0.5853283696115429,30.09416963131808,0.5974605448629003,27.720328823562124,0.4277417533885522
1347,3.2,empty_shadow,IDEAM,0,0,1346,3.1500000000000004,1,1,279.8579680000966,-201.52869899225675,,,,,,,0,0,29.915337773384245,0.2672332603602712,0.6222352385520935,0.0,-0.0008039347012527287,-0.0009821915300562978,32.449989,0.007961371159568478,0,0,16.933948551517528,13.89541105538245,16.922207471568246,occluder,,,,,2.2,1303,ok,stale_plan,0,ok,0.3240548,0.0007170000171754509,0.3229311999748461,0.0,0,0.0012518999999997504,0.01346500000000006,0,256.29872154606346,16.879034909996278,,3.72130100774325,0,0,0,,,,,,,,,,,,0,18.60917388463604,-0.14450066280880053,22.184701525308036,0.7506167224795287,19.78588034027623,0.7767874666246555,23.080607848187494,0.7646942320373717,17.854497299065923,-0.025901568680706165,31.38389968277066,-0.06328510739158512,30.902086270024444,0.581591691316711,30.1238002806897,0.5926178374816502,27.740876677896292,0.4109570915817052
1348,3.25,empty_shadow,IDEAM,0,0,1347,3.2,1,1,281.35416088851355,-201.55068003682808,,,,,,,0,0,29.931888308284403,0.33101069800316907,0.6381580233573914,0.0,-0.0013657758245244622,-0.0016686099115759134,32.449989,0.00795256964568794,0,0,17.49633831025416,13.88292102310227,17.484482727218836,occluder,,,,,2.25,1303,ok,stale_plan,1,ok,1.7652292,0.3314142000162974,1.4334220000018831,0.0,1,0.0014268999999984544,0.010988199999999892,0,257.2290499651775,17.44489937929916,,3.6993199631719165,0,0,0,,,,,,,,,,,,0,18.603211519107077,-0.1192473093592464,22.222119832000843,0.7483661726206715,19.82386712612774,0.7597357331265999,23.119426208377185,0.7763672038551691,17.853398676491555,-0.021972451561487635,31.380201366497467,-0.07396630224990504,30.930751805050136,0.5733158119658738,30.152973233541037,0.5834646537641753,27.760455599455003,0.3915784357842407
1349,3.3,empty_shadow,IDEAM,0,0,1348,3.25,1,1,282.85133052676764,-201.57321006462882,,,,,,,0,0,29.951562346719182,0.39348076869558213,0.6536879539489746,0.0,-0.0013657758245244622,-0.0016686099115759134,32.449989,0.007942126037331706,0,0,18.06023970619879,13.864203760892812,18.048379140226174,occluder,,,,,2.3,1303,ok,stale_plan,0,ok,1.7652292,0.3314142000162974,1.4334220000018831,0.0,0,0.0014268999999984544,0.0118520999999987,0,258.15904268574644,18.012076296984333,,3.6767899353711755,0,0,0,,,,,,,,,,,,0,18.598492745097605,-0.09437547906042242,22.259173840518542,0.7410802022502803,19.86073238755536,0.7373052437556087,23.158513505244663,0.7817459373875065,17.852492696508747,-0.018119598775678106,31.376012859408213,-0.08377012064606264,30.95879179834519,0.5608057450853209,30.18146915445089,0.5699245548523318,27.77894351783604,0.36975837199571415
1350,3.35,empty_shadow,IDEAM,0,0,1349,3.3000000000000003,1,1,284.3494462983802,-201.59599916909443,,,,,,,0,0,29.974298971189445,0.45473248940524513,0.6688259840011597,0.0,-0.0018157762242481112,-0.0022183891851454973,32.449989,0.007930082314353553,0,0,18.625475839614428,13.838916543190974,18.61372071284021,occluder,,,,,2.35,1303,ok,stale_plan,0,ok,1.7652292,0.3314142000162974,1.4334220000018831,0.0,1,0.0011583000000001675,0.012438500000001795,0,259.0888523008572,18.580382453486152,,3.6540008309055736,0,0,0,,,,,,,,,,,,0,18.59499658182492,-0.06992326438130801,22.29562131799158,0.728949573769478,19.896226261896725,0.7098775005589528,23.19754930415087,0.7807159781432947,17.851771717853897,-0.014419573133648788,31.371362770950494,-0.09300175117370715,30.98600789534982,0.5443283770083385,30.209097312607785,0.5525696058084801,27.79624506605618,0.34603096841717096
1351,3.4,empty_shadow,IDEAM,0,0,1350,3.35,1,1,285.84884383943177,-201.6188793890364,,,,,,,0,0,30.000044775623966,0.5149160886904269,0.6835944652557373,0.0,-0.0018157762242481112,-0.0022183891851454973,32.449989,0.00791647765414427,0,0,19.19231514935996,13.806683496446375,19.18076725264842,occluder,,,,,2.4,1303,ok,stale_plan,0,ok,1.7652292,0.3314142000162974,1.4334220000018831,0.0,0,0.0011583000000001675,0.010649999999998272,0,260.0185398456626,19.150092449732313,,3.631120610963592,0,0,0,,,,,,,,,,,,0,18.592700141906235,-0.0459287972531262,22.331225753768216,0.7120887324999122,19.93012940376654,0.6780628488587664,23.236237966041628,0.7737732378180788,17.85122239314786,-0.010986494776212512,31.366296876235126,-0.10131788050810096,31.012211272569463,0.5240742976123957,30.235676507859885,0.5315904056710216,27.81226678351201,0.32043435296461625
1352,3.45,empty_shadow,IDEAM,0,0,1351,3.4000000000000004,1,1,287.34955361023935,-201.64168286737407,,,,,,,0,0,30.028748049337555,0.5740654742717766,0.6979714035987854,0.0,-0.002151899039745331,-0.002629040740430355,32.449989,0.007901351431549138,0,0,19.76075196564536,13.767211484133458,19.74951025605953,occluder,,,,,2.45,1303,ok,stale_plan,0,ok,1.7652292,0.3314142000162974,1.4334220000018831,0.0,1,0.0011676999999998827,0.009340099999999296,0,260.9481358377389,19.721206228463586,,3.6083171326259276,0,0,0,,,,,,,,,,,,0,18.591584351724464,-0.022315802540327705,22.365775431605737,0.6909935676623656,19.962243448482372,0.6422809028469912,23.274297202691976,0.7611847330130753,17.850835187919664,-0.007744105908386372,31.36085332205055,-0.10887107399635619,31.03723789603822,0.5005392857405998,30.261042700757788,0.5073301839521739,27.82693428449822,0.29335002312252223
1353,3.5,empty_shadow,IDEAM,0,0,1352,3.45,1,1,288.8518501909094,-201.66418062858781,,,,,,,0,0,30.06035150544828,0.6320691222145314,0.7119627594947815,0.0,-0.002151899039745331,-0.002629040740430355,32.449989,0.007884746942141417,0,0,20.331028685764736,13.720256565283055,20.32018314981051,occluder,,,,,2.5,1303,ok,stale_plan,0,ok,1.7652292,0.3314142000162974,1.4334220000018831,0.0,0,0.0011676999999998827,0.008970000000001477,0,261.87767079986793,20.29396784700458,,3.5858193714121853,0,0,0,,,,,,,,,,,,0,18.591616786252747,0.0006486915725774407,22.399068171933212,0.6658548127858376,19.99239864162167,0.6031038681012387,23.311463800671163,0.7433319595788777,17.850598665145412,-0.004730456191524172,31.35507216169739,-0.11562320140606906,31.060931356298415,0.47387585520066633,30.28504710612085,0.4800940560141684,27.84020179445353,0.26535020148900956
1354,3.55,empty_shadow,IDEAM,0,0,1353,3.5,1,1,290.35579455412983,-201.68618954639797,,,,,,,0,0,30.094800191347524,0.688973717984851,0.725570797920227,0.0,-0.0023776500020176172,-0.0029048474971204996,32.449989,0.007866707114716374,0,0,20.90301601470238,13.665643713127198,20.89265103622346,occluder,,,,,2.55,1303,ok,stale_plan,0,ok,1.7652292,0.3314142000162974,1.4334220000018831,0.0,1,0.0017122999999976685,0.0142444000000026,0,262.80732782709697,20.868255182995995,,3.5638104536020307,0,0,0,,,,,,,,,,,,0,18.592766927067544,0.023002817119725318,22.4309208680292,0.6370539248878616,20.020455746392333,0.5611420976724496,23.347484082586085,0.7204056382913214,17.85050328721546,-0.001907558609247741,31.349004893671705,-0.12134535793114987,31.083142867898,0.4442364988903938,30.307563822242336,0.45033971667148653,27.85201972318598,0.23635857577714506
1355,3.6,empty_shadow,IDEAM,0,0,1354,3.5500000000000003,1,1,291.86156976371564,-201.70758748803448,,,,,,,0,0,30.132044480285764,0.7448857787647967,0.7388153672218323,0.0,-0.0023776500020176172,-0.0029048474971204996,32.449989,0.007847272867267076,0,0,21.476979979275963,13.603224944995969,21.467170787627,occluder,,,,,2.6,1303,ok,stale_plan,0,ok,1.7652292,0.3314142000162974,1.4334220000018831,0.0,0,0.0017122999999976685,0.010690200000002648,0,263.7370153719023,21.444342847776454,,3.542412511965523,0,0,0,,,,,,,,,,,,0,18.595006163985307,0.0447847390253447,22.461167580472235,0.604934249619582,20.046285062915025,0.5165863302760468,23.382136795944533,0.6930542671690726,17.850533793652414,0.0006101293404038976,31.342704923604863,-0.12599940052736003,31.10377132477826,0.4125748392317408,30.328470760983294,0.4181435015082838,27.862370903748406,0.20702361148179077
1356,3.65,empty_shadow,IDEAM,0,0,1355,3.6,1,1,293.36920627477855,-201.7281913376285,,,,,,,0,0,30.172020401476153,0.7995184238077968,0.7516880631446838,0.0,-0.002497980138286948,-0.0030518583953380585,32.449989,0.007826493262737813,0,0,22.05282371856553,13.53295806820485,22.043637745548953,occluder,,,,,2.65,1303,ok,stale_plan,0,ok,1.7652292,0.3314142000162974,1.4334220000018831,0.0,1,0.0011751000000010947,0.01336780000000104,0,264.6668555045895,22.022139226152206,,3.5218086623715124,0,0,0,,,,,,,,,,,,0,18.598298258177806,0.06584188439457699,22.489655720570347,0.5697628014347108,20.069793131083127,0.4701613616978163,23.415219761787807,0.6616593168836484,17.850680649828572,0.002937124425777863,31.33620276804937,-0.13004311142913133,31.122704175171283,0.37866202106695607,30.347676349534964,0.38411575420053534,27.8712343557357,0.1772690393283727
1357,3.7,empty_shadow,IDEAM,0,0,1356,3.6500000000000004,1,1,294.8790397390153,-201.747878910356,,,,,,,0,0,30.214688683533172,0.8533656411403712,0.7642011642456055,0.0,-0.002497980138286948,-0.0030518583953380585,32.449989,0.0078044050880825945,0,0,22.63081288195738,13.454793845561397,22.62230874343729,occluder,,,,,2.7,1303,ok,stale_plan,0,ok,1.7652292,0.3314142000162974,1.4334220000018831,0.0,0,0.0011751000000010947,0.011260100000001216,0,265.59690926031107,22.601918934667367,,3.5021210896439925,0,0,0,,,,,,,,,,,,0,18.60261078458287,0.08625052844474713,22.516257494627244,0.5320354799157007,20.0909074717594,0.4222868115089001,23.446553689351347,0.6266785513197907,17.850930504540845,0.004997094428883076,31.329542297925002,-0.1332094023021401,31.139853661449425,0.3429939740503128,30.36509282936781,0.34833280828716834,27.87862152408752,0.14774336654217968
1358,3.75,empty_shadow,IDEAM,0,0,1357,3.7,1,1,296.39110063235904,-201.76652812550088,,,,,,,0,0,30.259987200669176,0.9059703427200816,0.7763621807098389,0.0,-0.0025211279280483723,-0.0030801387038081884,32.449989,0.007781057484958576,0,0,23.2109096087261,13.368823260958475,23.203136343117993,occluder,,,,,2.75,1303,ok,stale_plan,0,ok,1.7652292,0.3314142000162974,1.4334220000018831,0.0,1,0.0011888000000013221,0.01598110000000119,0,266.5272376794252,23.183651408896992,,3.4834718744991164,0,0,0,,,,,,,,,,,,0,18.607905596147827,0.105896231384153,22.54087181375769,0.49228638116956985,20.109580401482376,0.3734585932629503,23.475982175462576,0.5885697223004646,17.851266190498446,0.006713720081482334,31.322769288789775,-0.13546018092991666,31.15515681953323,0.3060666050513017,30.380664870379903,0.3114432930759913,27.884541945377908,0.11840842629649927
1359,3.8,empty_shadow,IDEAM,0,0,1358,3.75,1,1,297.9054499431141,-201.78400163314797,,,,,,,0,0,30.307873403887694,0.9577240643703533,0.7881695628166199,0.0,-0.0025211279280483723,-0.0030801387038081884,32.449989,0.00775648987627886,0,0,23.793166403580056,13.275154962459549,23.786165030154645,occluder,,,,,2.8,1303,ok,stale_plan,0,ok,1.7652292,0.3314142000162974,1.4334220000018831,0.0,0,0.0011888000000013221,0.009982400000001945,0,267.457840751521,23.76739764755621,,3.465998366852034,0,0,0,,,,,,,,,,,,0,18.61414645237536,0.12481712437394162,22.563403308740746,0.45062989817314186,20.125777589159302,0.32394375422062605,23.50336598490193,0.5476761889446891,17.85167817423383,0.0082396749987338,31.315929517947,-0.13679541266920137,31.16856022449077,0.26807075678247566,30.39434477027619,0.27359978093910947,27.889018508127762,0.08953125775996994
1360,3.85,empty_shadow,IDEAM,0,0,1359,3.8000000000000003,1,1,299.42233180148037,-201.80026883243474,,,,,,,0,0,30.358295906818572,1.0084500586175693,0.7996413707733154,0.0,-0.0024572834372520447,-0.0030021381098777056,32.449989,0.00773074658381683,0,0,24.377755610629034,13.17394602964144,24.37155635965546,occluder,,,,,2.85,1303,ok,stale_plan,0,ok,1.7652292,0.3314142000162974,1.4334220000018831,0.0,1,0.0011849999999995475,0.014237299999997788,0,268.38877951695673,24.35334074048677,,3.449731167565261,0,0,0,,,,,,,,,,,,0,18.621289484320393,0.14286063850505307,22.5837775931647,0.40748568716488703,20.139493311401225,0.27431444833527896,23.52859258279507,0.5045319580544908,17.85215500783007,0.00953667211114975,31.30906113286277,-0.1373676945169514,31.18002380418956,0.2292735216947877,30.406100090932096,0.2351076006190873,27.892095078673353,0.06153141644253633
1361,3.9,empty_shadow,IDEAM,0,0,1360,3.85,1,1,300.94177668339114,-201.81520764264496,,,,,,,0,0,30.411195916440754,1.0580001924436289,0.8107577562332153,0.0,-0.0024572834372520447,-0.0030021381098777056,32.449989,0.007703875908509746,0,0,24.96470141056098,13.065454954055042,24.959327559172504,occluder,,,,,2.9,1303,ok,stale_plan,0,ok,1.7652292,0.3314142000162974,1.4334220000018831,0.0,0,0.0011849999999995475,0.010423599999999311,0,269.32005397573226,24.94151116362201,,3.434792357355036,0,0,0,,,,,,,,,,,,0,18.629298453178976,0.16017937650984176,22.601937446155507,0.36319705880841147,20.15073901384652,0.22491405570869655,23.55157613971748,0.4596711387604998,17.852681434848368,0.010528540405888053,31.302198465968093,-0.1372533272933174,31.1895284717683,0.1900946461279619,30.41591747185728,0.19634832622274745,27.893819340910316,0.034485253542869895
1362,3.95,empty_shadow,IDEAM,0,0,1361,3.9000000000000004,1,1,302.4640287242519,-201.8288027217043,,,,,,,0,0,30.466534302326888,1.1067677177226898,0.821567714214325,0.0,-0.002317652106285095,-0.002831546124070883,32.449989,0.007675916304302826,0,0,25.55411484924579,12.949911406181977,25.549578194687353,occluder,,,,,2.95,1303,ok,stale_plan,0,ok,1.7652292,0.3314142000162974,1.4334220000018831,0.0,1,0.001187599999997957,0.01238130000000126,0,270.25178619294763,25.532030987267376,,3.4211972782956934,0,0,0,,,,,,,,,,,,0,18.638137119222574,0.17677331989006828,22.61783899842474,0.31803104478165034,20.159537585959395,0.17597145245775359,23.572244175127345,0.4133607085514503,17.853249825767925,0.011367818328349412,31.295377757892958,-0.13641414757651932,31.197072306761545,0.1508774701390791,30.423793089313243,0.15751269439640486,27.894248514965913,0.008583493104120342
1363,4.0,empty_shadow,IDEAM,0,0,1362,3.95,1,1,303.9890573752538,-201.84096252729444,,,,,,,0,0,30.524252129651135,1.1543565464849337,0.8320420980453491,0.0,-0.002317652106285095,-0.002831546124070883,32.449989,0.007646916343449734,0,0,26.14596112430131,12.827716663958133,26.142267765663046,occluder,,,,,3.0,1303,ok,stale_plan,1,ok,0.7425193,0.0006902999884914607,0.7413399000070058,0.0,0,0.001187599999997957,0.009157500000000596,0,271.1839761842191,26.124869646997865,,3.4090374727055632,0,0,0,,,,,,,,,,,,0,18.64776352070891,0.19252802838936056,22.631472713018887,0.272674291763338,20.16593861756523,0.12802064643871658,23.59054709864723,0.3660584708583625,17.85384682962526,0.011940076841850587,31.28863334102258,-0.13488832005017545,31.202662932787334,0.11181290251138931,30.429749830789145,0.11913494412385289,27.893443635948106,-0.0160975654903667
1364,4.05,empty_shadow,IDEAM,0,0,1363,4.0,1,1,305.51707656134397,-201.85257199625408,,,,,,,0,0,30.584324846354697,1.2014543340712436,0.8408504128456116,0.0,0.005867459811270237,0.007646916434168816,31.540390228335426,0.007616907368863418,1,0,26.74040854532873,12.699205608035026,26.737080843032786,occluder,,,,,0.9499999999999997,1345,ok,accepted,0,ok,0.7425193,0.0006902999884914607,0.7413399000070058,0.0,1,0.0013326000000013494,0.011358000000001311,0,272.1166239339303,26.720241083376777,,3.3974280037459152,0,0,0,,,,,,,,,,,,0,18.658133787766257,0.20740533956801407,22.642830959885423,0.22716493779743577,20.16999551671942,0.08113800053156618,23.60646011468427,0.31826032130853193,17.8544610017556,0.01228344246603948,31.28201480735343,-0.132370653076475,31.20632704947213,0.07328246294173156,30.43380867706123,0.08117692990434472,27.89147336722416,-0.03940535811517049
1365,4.1,empty_shadow,IDEAM,0,0,1364,4.05,1,1,307.0481474165775,-201.86392102473698,,,,,,,0,0,30.64651464915835,1.2437960560730943,0.8477921485900879,0.0,0.006259086076170206,0.007646916434168816,31.540390228335426,0.0075860265227738685,1,0,27.337320014586567,12.564919108739804,27.33367962143615,occluder,,,,,0.9999999999999996,1345,ok,accepted,0,ok,0.7425193,0.0006902999884914607,0.7413399000070058,0.0,0,0.0013326000000013494,0.011070499999998873,0,273.0499125527449,27.318023319795714,,3.3860789752630183,0,0,0,,,,,,,,,,,,0,18.66920405226436,0.22140528804210433,22.65192136893463,0.1818081821257594,20.171780761407778,0.03570491499151854,23.619971779128843,0.2702332895703522,17.85508470999326,0.012474164397562737,31.275533600981795,-0.12962410422654616,31.208104713445707,0.035553288270048396,30.43600778016404,0.04398206672367946,27.888421631449212,-0.061034698854495174
1366,4.15,empty_shadow,IDEAM,0,0,1365,4.1000000000000005,1,1,308.5823920841351,-201.8752231941345,,,,,,,0,0,30.710538606077478,1.2804791383825176,0.852221667766571,0.0,0.006209247279912233,0.007586026564240456,31.190591249799205,0.007554430680443854,1,0,27.936961559879258,12.425740678735608,27.932484547091672,occluder,,,,,1.0500000000000003,1345,ok,accepted,0,ok,0.7425193,0.0006902999884914607,0.7413399000070058,0.0,1,0.0011776999999995041,0.01051079999999871,0,273.98368947880806,27.918491061290183,,3.3747768058655083,0,0,0,,,,,,,,,,,,0,18.680938074520895,0.23468044284646172,22.658778272343294,0.13713807007202913,20.171384002242224,-0.007935161864241543,23.631082091944137,0.22220625709778094,17.855708420803914,0.012474216363688919,31.269210704048337,-0.12645791356844677,31.208043611765497,-0.001222029179681569,30.436406274303785,0.007969979738202997,27.88436662928969,-0.08110002742082577
1367,4.2,empty_shadow,IDEAM,0,0,1366,4.15,1,1,310.1199022312645,-201.88681416655407,,,,,,,0,0,30.775999862304708,1.3092251245446107,0.8541791439056396,0.0,0.006209247279912233,0.007586026564240456,31.190591249799205,0.007522329178014819,1,0,28.53925616627219,12.282669226232313,28.533551391276507,occluder,,,,,1.1,1345,ok,accepted,0,ok,0.7425193,0.0006902999884914607,0.7413399000070058,0.0,0,0.0011776999999995041,0.009181200000000445,0,274.91810728438526,28.521583402842396,,3.3631858334459253,0,0,0,,,,,,,,,,,,0,18.693293888745576,0.24711628276140649,22.66342646568841,0.09296386958431131,20.168894885733593,-0.049782309871363534,23.639819663353446,0.17475142909663208,17.856324502318373,0.012321629951313083,31.26307472916979,-0.12271947266104846,31.20620097246425,-0.03685268874337041,30.435063296930924,-0.026859287786122586,27.87940372751475,-0.09925802161302975
1368,4.25,empty_shadow,IDEAM,0,0,1367,4.2,1,1,311.66067801412726,-201.89915170564103,,,,,,,0,0,30.842435341081064,1.3287095755271139,0.8532726764678955,0.0,0.006157110445201397,0.007522329222410917,30.84367954270232,0.007489958673731246,1,0,29.144216634760298,12.136781185840508,29.136996040830144,occluder,,,,,1.15,1345,ok,accepted,0,ok,0.7425193,0.0006902999884914607,0.7413399000070058,0.0,1,0.001179400000001607,0.014072300000002258,0,275.8531354414895,29.127331028600906,,3.3508482943589684,0,0,0,,,,,,,,,,,,0,18.706225717518173,0.2586365746773448,22.665938431015963,0.0502393093260298,20.164424037158174,-0.0894169525686348,23.64622073239281,0.12802138174029395,17.856925327265607,0.012016499429893586,31.257146657457216,-0.11856141041872159,31.202643562790197,-0.07114793066029051,30.43204943044222,-0.060276859492394745,27.873618756337713,-0.11569941213737352
1369,4.3,empty_shadow,IDEAM,0,0,1368,4.25,1,1,313.2047806188325,-201.91267829543082,,,,,,,0,0,30.90931474163241,1.3375880110269378,0.8496575355529785,0.0,0.006157110445201397,0.007522329222410917,30.84367954270232,0.007457582451501805,1,0,29.751828551632293,11.989169639955037,29.742881006432025,occluder,,,,,1.1999999999999997,1345,ok,accepted,0,ok,0.7425193,0.0006902999884914607,0.7413399000070058,0.0,0,0.001179400000001607,0.013726399999999472,0,276.78883498006803,29.735734094727604,,3.3373217045691774,0,0,0,,,,,,,,,,,,0,18.719691599786092,0.2693176453568514,22.66636948150013,0.008621012136556276,20.15808589845084,-0.12676275835258893,23.650327261957273,0.0821305924616969,17.857503263479177,0.011558723993162712,31.25145128504657,-0.11390742669141132,31.19745340963415,-0.10380258678924137,30.427456239696713,-0.0918631107179303,27.867110897456207,-0.1301571689824412
1370,4.35,empty_shadow,IDEAM,0,0,1369,4.3,1,1,314.75221021195256,-201.92788221714505,,,,,,,0,0,30.97606467365605,1.3349986404728043,0.8430084586143494,0.0,0.0061041139997541904,0.007457582280039787,30.52599664252756,0.007425477762597316,1,0,30.362018589890784,11.840891832330632,30.351191882243583,occluder,,,,,1.2499999999999996,1345,ok,accepted,0,ok,0.7425193,0.0006902999884914607,0.7413399000070058,0.0,1,0.0016697000000007733,0.009978799999998955,0,277.7252669456843,30.346731722231368,,3.3221177828549457,0,0,0,,,,,,,,,,,,0,18.733651482428233,0.27919765326170437,22.664799727298266,-0.03139508262288376,20.1499949099911,-0.1618197567722212,23.652207915292532,0.037613067895780845,17.85804686802785,0.010872091664283216,31.245992427230483,-0.109177138182201,31.19072398469168,-0.13458778472047264,30.421369568723097,-0.12173248416041108,27.85997170332345,-0.14278387667376116
1371,4.4,empty_shadow,IDEAM,0,0,1370,4.3500000000000005,1,1,316.30296690800594,-201.94509916412358,,,,,,,0,0,31.04207313700383,1.3201692669555598,0.8335350155830383,0.0,0.0061041139997541904,0.007457582280039787,30.52599664252756,0.007393933131847005,1,0,30.97480979905939,11.693014996640105,30.961994303605806,occluder,,,,,1.3000000000000003,1345,ok,accepted,0,ok,0.7425193,0.0006902999884914607,0.7413399000070058,0.0,0,0.0016697000000007733,0.009551299999998264,0,278.66240081035124,30.960354553617833,,3.304900835876424,0,0,0,,,,,,,,,,,,0,18.748065310420774,0.2882765606806818,22.661313091746617,-0.0697327106539164,20.14028458579412,-0.19420647489137927,23.651938987623378,-0.005378551966289792,17.85855995428222,0.010261725012395272,31.240787250728026,-0.10410351767532111,31.18254685218391,-0.16354169420273829,30.41387907354595,-0.14980875414232836,27.852298449126494,-0.15346508004383735
1372,4.45,empty_shadow,IDEAM,0,0,1371,4.4,1,1,317.8569589981021,-201.96387140395348,,,,,,,0,0,31.107140034997556,1.3013379598745445,0.8243231773376465,0.0,-0.0020809979178011417,-0.007213063072413206,32.449989,0.007363034776906561,1,0,31.59009923679479,11.546042649777096,31.575688062030313,occluder,,,,,1.35,1345,ok,stale_plan,0,ok,0.7425193,0.0006902999884914607,0.7413399000070058,0.0,1,0.0011779999999994573,0.012644399999999223,0,279.6002671020559,31.5764803520093,,3.286128596046524,0,0,0,,,,,,,,,,,,0,18.762887308370452,0.2964399600956232,22.656008757699766,-0.10608668120478777,20.129080812680943,-0.2240754577094431,23.64959867893749,-0.04680617229253847,17.859038710164924,0.009575118555290797,31.235837662909834,-0.09899174831992728,31.17303265169851,-0.19028283370662705,30.40509729891889,-0.17563416629010722,27.84418840904715,-0.16220079952605246
1373,4.5,empty_shadow,IDEAM,0,0,1372,4.45,1,1,319.4141252857211,-201.98372593502287,,,,,,,0,0,31.170691722211664,1.271033744282164,0.8152625560760498,0.0,-0.005903972312808037,-0.007213063072413206,32.449989,0.007333042534352493,1,0,31.71360425442937,11.4006985113603,31.69709766448446,follower_1,,,,,1.4,1345,ok,stale_plan,0,ok,0.7425193,0.0006902999884914607,0.7413399000070058,0.0,0,0.0011779999999994573,0.009226099999999349,0,280.53883529801664,32.195078443667626,,3.266274064977125,0,0,0,,,,,,,,,,,,0,18.778081235823414,0.30387855064350305,22.64899925970016,-0.14018995989522343,20.11652282630673,-0.2511597261280121,23.6452766353235,-0.08644087071746628,17.85948122086961,0.008850214174043594,31.231155108399058,-0.09365108401393507,31.162282483396545,-0.21500200308854808,30.395129159487762,-0.19936133741859685,27.83573504332617,-0.16906731358455124
1374,4.55,empty_shadow,IDEAM,0,0,1373,4.5,1,1,320.97440473571044,-202.00466277815337,,,,,,,0,0,31.232596705334892,1.238099662464549,0.8064514994621277,0.0,-0.006002177018672228,-0.007333042565733194,32.449989,0.007304003268936374,1,0,31.712482261514154,11.257183096372062,31.696000460728538,follower_1,,,,,1.4499999999999997,1345,ok,stale_plan,0,ok,0.7425193,0.0006902999884914607,0.7413399000070058,0.0,1,0.001172699999997917,0.011548900000001083,0,281.4782274373065,32.815965754367085,,3.2453372218466257,0,0,0,,,,,,,,,,,,0,18.79359750262831,0.31032533828160314,22.640385686428335,-0.17227146358328055,20.102747956565114,-0.2754973960570336,23.639093019713215,-0.12367231051772938,17.859883670514197,0.008048992801858047,31.226751031892103,-0.08808152683771511,31.1504069832229,-0.23750849979259134,30.38408719626759,-0.22083774123380373,27.8270299049012,-0.17410276834011712
1375,4.6,empty_shadow,IDEAM,0,0,1374,4.55,1,1,322.53767518927293,-202.02642257558907,,,,,,,0,0,31.292739863236264,1.2028631580274407,0.7976837754249573,0.0,-0.006002177018672228,-0.007333042565733194,32.449989,0.007275955347144186,1,0,31.714534377630216,11.115902410213618,31.698716626077864,follower_1,,,,,1.4999999999999996,1345,ok,stale_plan,0,ok,0.7425193,0.0006902999884914607,0.7413399000070058,0.0,0,0.001172699999997917,0.009054100000000176,0,282.418413028376,33.43905061686007,,3.2235774244109336,0,0,0,,,,,,,,,,,,0,18.80940178040815,0.31608555821426376,22.630293923641418,-0.2018352505612151,20.08789543904046,-0.29705035265028173,23.631139384205557,-0.15907270845917554,17.86024605468403,0.007247681643404331,31.222633062744325,-0.08235938217919771,31.137528229702635,-0.25757347964371685,30.372082042299596,-0.24010154412899162,27.818160732051947,-0.17738345704308084
1376,4.65,empty_shadow,IDEAM,0,0,1375,4.6000000000000005,1,1,324.103905977876,-202.0485628328837,,,,,,,0,0,31.351049996576997,1.1662026668146552,0.7889299392700195,0.0,-0.005955450236797333,-0.007275955285876989,32.449989,0.0072489162204871236,1,0,31.719760451821315,10.977102380572331,31.705093830204355,follower_1,,,,,1.5500000000000003,1345,ok,stale_plan,0,ok,0.7425193,0.0006902999884914607,0.7413399000070058,0.0,1,0.0011860999999981914,0.014610899999997429,0,283.35936156405967,34.06433286977949,,3.2014371671162962,0,0,0,,,,,,,,,,,,0,18.825455922290175,0.3210828409594018,22.618836504810815,-0.22914836675398614,20.07211023146111,-0.3157041532863897,23.62152635630168,-0.19226055613761767,17.860564567817274,0.006370261384465712,31.21878975627184,-0.07686612959765399,31.12376448474043,-0.27527327613055036,30.359231957688394,-0.2570001995291041,27.809217170435037,-0.17887123226436477
1377,4.7,empty_shadow,IDEAM,0,0,1376,4.65,1,1,325.67297487505266,-202.07062582803513,,,,,,,0,0,31.407454029787516,1.1280806642103869,0.7801347374916077,0.0,-0.005955450236797333,-0.007275955285876989,32.449989,0.007222904131857844,1,0,31.72800774004405,10.841018983904979,31.71486767690811,follower_1,,,,,1.6,1345,ok,stale_plan,0,ok,0.7425193,0.0006902999884914607,0.7413399000070058,0.0,0,0.0011860999999981914,0.00921250000000029,0,284.3011035567284,34.691659774287416,,3.1793741719648665,0,0,0,,,,,,,,,,,,0,18.84171415135864,0.3251645856083273,22.606154570077955,-0.2536386810243284,20.055529664375864,-0.3316113419775188,23.610379819674456,-0.22293073062945637,17.86083921460979,0.005492935363031789,31.215217297915068,-0.07144916716077004,31.10923019570903,-0.290684188802543,30.3456571076747,-0.27149559451509825,27.800285051027345,-0.17864238771045154
1378,4.75,empty_shadow,IDEAM,0,0,1377,4.7,1,1,327.2448209601687,-202.09294727520475,,,,,,,0,0,31.461941547954037,1.089750363330424,0.7718607783317566,0.0,0.002229661913588643,0.007222904358059168,32.88448830796968,0.007197908616461574,1,0,31.739184804087884,10.7077344499857,31.72733361365776,follower_1,,,,,0.8499999999999996,1361,ok,accepted,1,ok,0.7462466,0.000658600009046495,0.745154200005345,0.0,1,0.0013079000000004726,0.009604299999999455,0,285.24370003632947,35.320909379802345,,3.15705272479525,0,0,0,,,,,,,,,,,,0,18.85814213428418,0.3285596640760841,22.592372096231966,-0.27564946045695676,20.03830060251869,-0.3445812348816595,23.597814215350375,-0.2513120845639124,17.86106808587808,0.004577425584526828,31.211915687417875,-0.0660322088573644,31.09404743503305,-0.30365369741793335,30.331479565598354,-0.2835495711892519,27.791436853366356,-0.17696395227303172
1379,4.8,empty_shadow,IDEAM,0,0,1378,4.75,1,1,328.81932224099955,-202.1157560978583,,,,,,,0,0,31.514499224308363,1.0511535270865124,0.764019250869751,0.0,0.005912027787417173,0.007222904358059168,32.88448830796968,0.007173921124051251,1,0,31.753200169304705,10.57729169511704,31.74189863617123,follower_1,,,,,0.8999999999999995,1361,ok,accepted,0,ok,0.7462466,0.000658600009046495,0.745154200005345,0.0,0,0.0013079000000004726,0.009475899999998205,0,286.18708997291566,35.95202072404703,,3.134243902141691,0,0,0,,,,,,,,,,,,0,18.874694096251947,0.3310392454145327,22.577620689288505,-0.2950281213558736,20.020560374762418,-0.35480454956446295,23.58396115162022,-0.27706127244440987,17.861254996337856,0.0037382099127163506,31.208869665656607,-0.060920432249549884,31.07833636824658,-0.3142199426670237,30.316813772014868,-0.29331476313535354,27.78275459373477,-0.17364519113618565
1380,4.8500000000000005,empty_shadow,IDEAM,0,0,1379,4.800000000000001,1,1,330.3963871439946,-202.13899129207542,,,,,,,0,0,31.565283058147337,1.0156766767794778,0.7569436430931091,0.0,0.005871934350579977,0.0071739209815859795,33.195525962382,0.007150856941763388,1,0,31.76990122699111,10.4494901647582,31.758446228623814,follower_1,,,,,0.9500000000000002,1361,ok,accepted,0,ok,0.7462466,0.000658600009046495,0.745154200005345,0.0,1,0.0012058999999986497,0.011383699999999664,0,287.1313038840633,36.58487171589445,,3.111008707924583,0,0,0,,,,,,,,,,,,0,18.89133761140881,0.33287031000777745,22.562039584591258,-0.3116220773738035,20.002448217305066,-0.3622431398054107,23.568946512127784,-0.3002927877471008,17.861398039116526,0.0028608564842652314,31.206075417628067,-0.055884955153031775,31.06221715963035,-0.32238294099412157,30.301781795900386,-0.3006385902157836,27.774310751663233,-0.1688768402389369
1381,4.9,empty_shadow,IDEAM,0,0,1380,4.8500000000000005,1,1,331.9758935728215,-202.16257660555834,,,,,,,0,0,31.614348525626767,0.9813093495885994,0.7503747940063477,0.0,0.005871934350579977,0.0071739209815859795,33.195525962382,0.00712867865931902,1,0,31.78919639839114,10.324340031048653,31.777060136998657,follower_1,,,,,1.0,1361,ok,accepted,0,ok,0.7462466,0.000658600009046495,0.745154200005345,0.0,0,0.0012058999999986497,0.010099300000000255,0,288.07637228734865,37.21930974143601,,3.0874233944416574,0,0,0,,,,,,,,,,,,0,18.90803262553057,0.33390028984609477,22.54576038858149,-0.3255839059114654,19.984097643492596,-0.3670114632536892,23.552903811994895,-0.32085400045883206,17.86150293521048,0.00209792222744319,31.203523405812792,-0.05104022830342241,31.045811878078766,-0.3281045789746463,30.28649617022032,-0.3057117692933754,27.766162547221352,-0.16296408618820912
1382,4.95,empty_shadow,IDEAM,0,0,1381,4.9,1,1,333.55781112442264,-202.18684774205767,,,,,,,0,0,31.66179624746746,0.948954436813878,0.7445371150970459,0.0,0.005834903102368116,0.0071286787278950214,33.40317065497554,0.00710732960375729,1,0,31.810963727718004,10.201800324284568,31.797758457961063,follower_1,,,,,1.0499999999999998,1361,ok,accepted,0,ok,0.7462466,0.000658600009046495,0.745154200005345,0.0,1,0.0012001999999995405,0.009440000000001447,0,289.02229519318263,37.85530438720315,,3.0631522579423347,0,0,0,,,,,,,,,,,,0,18.924739084444138,0.3341291858696467,22.52891470676432,-0.3369136255933619,19.96564598379576,-0.3690331766118785,23.53595893557485,-0.33889752625062475,17.861571592847447,0.0013731535817088918,31.20120218616624,-0.04642438214041316,31.02923687070794,-0.3314992863221821,30.27106751873366,-0.30857246517534687,27.7583767391331,-0.15571615889383092
1383,5.0,empty_shadow,IDEAM,0,0,1382,4.95,1,1,335.14204836058724,-202.21214042614562,,,,,,,0,0,31.70773092150451,0.9186934807409841,0.7393587827682495,0.0,0.005834903102368116,0.0071286787278950214,33.40317065497554,0.007086752574650864,1,0,31.835233852271898,10.081862974281417,31.820680321331334,follower_1,,,,,1.0999999999999996,1361,ok,accepted,0,ok,0.7462466,0.000658600009046495,0.745154200005345,0.0,0,0.0012001999999995405,0.008110599999998414,0,289.9690115455909,38.492825270959486,,3.0378595738543765,0,0,0,,,,,,,,,,,,0,18.941422655281187,0.3336714248281033,22.51164177568691,-0.3454586140887621,19.947217215422636,-0.3685753461695468,23.518241582620742,-0.35434705697349433,17.86160210720077,0.0006102873276670286,31.199104128890195,-0.04196113207294699,31.012597040397033,-0.33279593827065485,30.25560265072623,-0.30929695994386686,27.751001010552066,-0.14751456842431174
1384,5.05,empty_shadow,IDEAM,0,0,1383,5.0,1,1,336.7285443710921,-202.2388208895599,,,,,,,0,0,31.752267257325226,0.8907267164143207,0.7348991632461548,0.0,0.005800585728138685,0.007086752448230982,33.508896835854955,0.0070668871503250545,1,0,31.861823781113316,9.96443443460559,31.84572823822213,follower_1,,,,,1.1499999999999995,1361,ok,accepted,0,ok,0.7462466,0.000658600009046495,0.745154200005345,0.0,1,0.0011858999999994069,0.011012400000002032,0,290.9165823901369,39.13175043691831,,3.0111791104401107,0,0,0,,,,,,,,,,,,0,18.958043284746786,0.3324125967133517,22.49407129418104,-0.35140962573395634,19.928937220570507,-0.36559987364520985,23.49988717614906,-0.3670881271156099,17.86160401296612,3.811540427235299e-05,31.197219697265652,-0.037688616393480555,30.99600682554118,-0.33180380844567714,30.24021409733462,-0.3077708076780845,27.744084952247604,-0.13832116253530846
1385,5.1000000000000005,empty_shadow,IDEAM,0,0,1384,5.050000000000001,1,1,338.31717722617725,-202.2673011612243,,,,,,,0,0,31.7955366851843,0.8653885571814612,0.7310817241668701,0.0,0.005800585728138685,0.007086752448230982,33.508896835854955,0.007047666718734227,1,0,31.89070314241684,9.849451495985303,31.872938824976437,follower_1,,,,,1.2000000000000002,1361,ok,accepted,0,ok,0.7462466,0.000658600009046495,0.745154200005345,0.0,0,0.0011858999999994069,0.01001889999999861,0,291.86497721444977,39.77198846769062,,2.98269883877569,0,0,0,,,,,,,,,,,,0,18.974568548024287,0.33050527135355634,22.476329147239888,-0.3548429367100508,19.91092806537252,-0.360183081454597,23.481023507137287,-0.3772733780229615,17.86157921799708,-0.0004958994131532302,31.195535539142824,-0.033683144176893574,30.97956731291315,-0.32878992003078095,30.224997224857308,-0.3043373041467513,27.737668619238686,-0.12832665651954459
1386,5.15,empty_shadow,IDEAM,0,0,1385,5.1000000000000005,1,1,339.90788600000326,-202.29790169651216,,,,,,,0,0,31.837663970485615,0.8425457060263142,0.7278105020523071,0.0,0.005768593866378069,0.007047666702419519,33.51332994327629,0.00702902886551896,1,0,31.9216279048848,9.736794091172621,31.902121265027276,follower_1,,,,,1.25,1361,ok,accepted,0,ok,0.7462466,0.000658600009046495,0.745154200005345,0.0,1,0.0011960999999978128,0.011508299999999139,0,292.81419600811864,40.41347844784775,,2.952098303487844,0,0,0,,,,,,,,,,,,0,18.990962204913046,0.32787314359619557,22.458543128151902,-0.3557203809857374,19.89329846892967,-0.3525919076962341,23.46177836866254,-0.38490276722730693,17.861529628279698,-0.0009917944355658285,31.194032580790132,-0.03005914684256185,30.963379590524486,-0.3237542467930471,30.21005121365677,-0.2989201607738335,27.731788251222216,-0.11760735661489144
1387,5.2,empty_shadow,IDEAM,0,0,1386,5.15,1,1,341.5006708070886,-202.33095818876322,,,,,,,0,0,31.87877807482203,0.8222820867283076,0.724989652633667,0.0,0.005768593866378069,0.007047666702419519,33.51332994327629,0.007010910455035814,1,0,31.954781283288497,9.626386868969778,31.933501006163137,follower_1,,,,,1.2999999999999998,1361,ok,accepted,0,ok,0.7462466,0.000658600009046495,0.745154200005345,0.0,0,0.0011960999999978128,0.00990860000000282,0,293.764238776349,41.056220486702784,,2.919041811236781,0,0,0,,,,,,,,,,,,0,19.007184202660525,0.32443995828491645,22.440835306824496,-0.35415642648802204,19.876160965407742,-0.34275005109261286,23.442279552414398,-0.38997632278466926,17.86145906026759,-0.0014113605780715379,31.192691748506977,-0.026816623799087433,30.947540931605946,-0.3167730779564061,30.195463799743738,-0.29174826282730476,27.726470551098483,-0.10635399873649887
1388,5.25,empty_shadow,IDEAM,0,0,1387,5.2,1,1,343.09537884613064,-202.36584507971622,,,,,,,0,0,31.91926274785953,0.8096934607500117,0.7209490537643433,0.0,-0.002416518284007907,-0.007010910660028458,32.449989,0.00699313779154917,1,0,31.98991889756921,9.5179137271757,31.96737309484449,follower_1,,,,,1.3499999999999996,1361,ok,stale_plan,0,ok,0.7462466,0.000658600009046495,0.745154200005345,0.0,1,0.0011711000000005356,0.010106199999999177,0,294.71504448398804,41.70012281810574,,2.884154920283777,0,0,0,,,,,,,,,,,,0,19.023207838034757,0.32047270895981583,22.42332012535875,-0.35030362942903576,19.859614735477898,-0.3309245829559322,23.422652943471412,-0.39253217675267615,17.86137323570085,-0.0017164914036381475,31.191497782407694,-0.023879299382298387,30.932135257636094,-0.3081134446421887,30.18132081346565,-0.28285972712843127,27.721742221802426,-0.09456658220142855
1389,5.3,empty_shadow,IDEAM,0,0,1388,5.25,1,1,344.6920710169419,-202.4021656200571,,,,,,,0,0,31.95881018886753,0.7909488201600112,0.7154077291488647,0.0,-0.0057385084219276905,-0.007010910660028458,32.449989,0.006975841740161457,1,0,32.02704064882451,9.41156339401385,32.00415007198889,follower_1,,,,,1.3999999999999995,1361,ok,stale_plan,1,ok,0.5757352,0.000609499984420836,0.5747456999961287,0.0,0,0.0011711000000005356,0.008780300000001517,0,295.66670468376486,42.34515478914017,,2.8478343799428956,0,0,0,,,,,,,,,,,,0,19.038993056670233,0.31570437221866476,22.406112024535705,-0.3441620164047597,19.84375514698933,-0.31719175790957893,23.403016795548115,-0.39272295683334835,17.86127215289048,-0.002021656625813529,31.1904354212275,-0.021247202249889324,30.917240768957228,-0.2978897711345947,30.16769854814063,-0.2724452957373819,27.717614707479292,-0.08255028279814276
1390,5.3500000000000005,empty_shadow,IDEAM,0,0,1389,5.300000000000001,1,1,346.29068653422837,-202.44065225243978,,,,,,,0,0,31.99713965779556,0.766589378560596,0.709764838218689,0.0,0.001882644253782928,0.0023000838700681925,33.26376066620121,0.0069591395270012105,0,0,32.066085741349696,9.307567804167771,32.04322039809101,follower_1,,,,,0.75,1375,ok,accepted,0,ok,0.5757352,0.000609499984420836,0.5747456999961287,0.0,1,0.00118789999999791,0.013010900000001158,0,296.6191278281558,42.99134716203571,,2.809347747560224,0,0,0,,,,,,,,,,,,0,19.0545112480728,0.31036382594150064,22.38931209441453,-0.33599860217638333,19.82866612187135,-0.30178049520269057,23.383485547806238,-0.390624954057675,17.86116344301736,-0.0021741972364581175,31.189491313656607,-0.018882131719505393,30.902939480810367,-0.28602576092355253,30.15466948248733,-0.2605812653749741,27.71410517429145,-0.070190660168035
1391,5.4,empty_shadow,IDEAM,0,0,1390,5.3500000000000005,1,1,347.89107280490293,-202.48128977013,,,,,,,0,0,32.03445791935138,0.7463652311164282,0.7042343020439148,0.0,0.001882644253782928,0.0023000838700681925,33.26376066620121,0.006942935515077882,0,0,32.10708469792647,9.20599935223165,32.084256033710425,follower_1,,,,,0.7999999999999998,1375,ok,accepted,0,ok,0.5757352,0.000609499984420836,0.5747456999961287,0.0,0,0.00118789999999791,0.008216399999998458,0,297.5723139067501,43.638547354115985,,2.7687102298700097,0,0,0,,,,,,,,,,,,0,19.06972617260265,0.30429848699572626,22.37302333189708,-0.3257752495430948,19.814433490579937,-0.284652622887333,23.3641812713582,-0.3860855288704401,17.861049009471426,-0.002288671214597645,31.188652107090718,-0.016784114548970882,30.889296242879325,-0.27286472851266497,30.142300373897495,-0.24738206734045246,27.711213622279523,-0.05783103674581049
1392,5.45,empty_shadow,IDEAM,0,0,1391,5.4,1,1,349.4933213348461,-202.52394081280178,,,,,,,0,0,32.07066550788235,0.7241517706194145,0.6991825699806213,0.0,0.002433155430480838,0.00297266012057662,33.465307148848126,0.006927267801640275,0,0,32.14994591377183,9.10692079516499,32.12714730544264,follower_1,,,,,0.8499999999999996,1375,ok,accepted,0,ok,0.5757352,0.000609499984420836,0.5747456999961287,0.0,1,0.001460099999999187,0.016157500000002045,0,298.5262629247531,44.28684686605612,,2.726059187198217,1,0,0,,,,,,,,,,,,0,19.084607312771485,0.29762279835992833,22.35734110565409,-0.3136445238270466,19.801122103751595,-0.2662277364721328,23.345212684283524,-0.3793717422423314,17.86093267101243,-0.0023267686256556023,31.187906357138548,-0.014914987506963729,30.87637018269872,-0.258521121885631,30.130642720384326,-0.23315289659318145,27.708941958760867,-0.04543326697109069
1393,5.5,empty_shadow,IDEAM,0,0,1392,5.45,1,1,351.09727946850614,-202.56840706826281,,,,,,,0,0,32.10579768251675,0.7026434926879688,0.6946695446968079,0.0,0.002433155430480838,0.00297266012057662,33.465307148848126,0.0069121160789936496,0,0,32.19454724570497,9.01030140402596,32.17177759468393,follower_1,,,,,0.8999999999999995,1375,ok,accepted,0,ok,0.5757352,0.000609499984420836,0.5747456999961287,0.0,0,0.001460099999999187,0.008708899999998465,0,299.4809138470122,44.936154077457104,,2.6815929317371854,1,0,0,,,,,,,,,,,,0,19.099122244416975,0.2902986259817674,22.34234933949064,-0.2998353221372579,19.78880062497571,-0.24642957749390898,23.32668659666807,-0.3705217536158272,17.86081633205141,-0.002326779394297068,31.18724261963657,-0.013274740114376087,30.864216613731585,-0.243071227316008,30.119751835377144,-0.2178174491859726,27.707284461697625,-0.03314993795990835
1394,5.55,empty_shadow,IDEAM,0,0,1393,5.5,1,1,352.7029166831012,-202.6146732881357,,,,,,,0,0,32.13989516732455,0.681949696156039,0.6907904744148254,0.0,0.0026819086633622646,0.0032765695359557867,33.563919474526315,0.006897458080129576,0,0,32.240797146202254,8.916066747614874,32.21806170959213,follower_1,,,,,0.9499999999999993,1375,ok,accepted,0,ok,0.5757352,0.000609499984420836,0.5747456999961287,0.0,1,0.0011745999999988044,0.01338219999999879,0,300.43626667352726,45.58643846553707,,2.635326711864309,1,0,0,,,,,,,,,,,,0,19.11324235647631,0.2824022333472977,22.328122419695166,-0.2845383946596036,19.77752436850043,-0.2255251318204528,23.308700287937125,-0.359726175445457,17.860703809731504,-0.0022504456019659166,31.186643726151804,-0.011977863893396425,30.852875589886892,-0.22682024435312506,30.109663956990406,-0.20175724362182482,27.70622968699482,-0.021095490847782988
1395,5.6000000000000005,empty_shadow,IDEAM,0,0,1394,5.550000000000001,1,1,354.3101719122464,-202.6626479405129,,,,,,,0,0,32.17304450897222,0.662986832953294,0.687533974647522,0.0,0.0026819086633622646,0.0032765695359557867,33.563919474526315,0.006883252326217866,0,0,32.28869557362057,8.824139297376552,32.26601554017741,follower_1,,,,,1.0,1375,ok,accepted,0,ok,0.5757352,0.000609499984420836,0.5747456999961287,0.0,0,0.0011745999999988044,0.009851799999999855,0,301.3923214095038,46.23763895870576,,2.5873520594871025,1,0,0,,,,,,,,,,,,0,19.12693713213413,0.27389550403809443,22.31473282587666,-0.2677918751331698,19.767335295327406,-0.20378146492439855,23.291351030208595,-0.34698515459632917,17.860597008536267,-0.0021360240368512385,31.1861077696641,-0.010719126713702424,30.842398608777046,-0.2095393077919532,30.100422953546897,-0.1848196788705659,27.705762375862523,-0.009346219531071525
1396,5.65,empty_shadow,IDEAM,0,0,1395,5.6000000000000005,1,1,355.91901465918687,-202.71239207095792,,,,,,,0,0,32.20534013110383,0.645912442632266,0.684808611869812,0.0,0.0025761527940630913,0.0031473643612116575,33.558717632736624,0.006869454586008915,0,0,32.33815100646322,8.734404925277229,32.31557767205065,follower_1,,,,,1.0499999999999998,1375,ok,accepted,0,ok,0.5757352,0.000609499984420836,0.5747456999961287,0.0,1,0.001652599999999893,0.011499000000000592,0,302.3490780445309,46.88972507061908,,2.537607929042082,1,0,0,,,,,,,,,,,,0,19.14017795957985,0.26481654001037763,22.302247316074173,-0.2497101950383788,19.75827536767877,-0.18119855224629627,23.274720840689078,-0.3326037889852051,17.860503559153326,-0.0018689868082853284,31.185613768802305,-0.009880016714317322,30.832810465682304,-0.1917624690564595,30.092047897866287,-0.16750066883849232,27.705863454771546,0.0020215812208006045
1397,5.7,empty_shadow,IDEAM,0,0,1396,5.65,1,1,357.5293838731537,-202.76385992392778,,,,,,,0,0,32.236880967078484,0.6308167194930547,0.6825187802314758,0.0,0.0025761527940630913,0.0031473643612116575,33.558717632736624,0.006856019318958029,0,0,32.38934652936666,8.646755102368644,32.36695467355445,follower_1,,,,,1.0999999999999996,1375,ok,accepted,0,ok,0.5757352,0.000609499984420836,0.5747456999961287,0.0,0,0.001652599999999893,0.009061799999997788,0,303.30650606103234,47.542666268084474,,2.4861400760722177,1,0,0,,,,,,,,,,,,0,19.152936230193525,0.2551654026986164,22.290719294941024,-0.23056042167137514,19.750371289830568,-0.158081553084244,23.258903182749226,-0.3163531560321227,17.860421545384906,-0.0016402753014873735,31.18515600244524,-0.009155327406530482,30.824134047588707,-0.1735279029616324,30.084569305967857,-0.149571354954867,27.706504313538222,0.012817178292102988
1398,5.75,empty_shadow,IDEAM,0,0,1397,5.7,1,1,359.1412795489415,-202.8170362406343,,,,,,,0,0,32.26776598632078,0.6177003848459606,0.680478036403656,0.0,0.0021754945628345013,0.002657867968082428,33.450039895612264,0.00684290156309864,0,0,32.44206850888574,8.561079334417085,32.41997209178154,follower_1,,,,,1.1499999999999995,1375,ok,accepted,0,ok,0.5757352,0.000609499984420836,0.5747456999961287,0.0,1,0.003239300000000611,0.021230100000000363,0,304.26451392189523,48.1965540830094,,2.432963759365691,1,0,0,,,,,,,,,,,,0,19.165185240958227,0.24498020542304583,22.280188818187234,-0.2106095343655346,19.74364594953969,-0.13450679792272777,23.24397244413927,-0.2986147686181681,17.860356689983952,-0.001297108255473456,31.184721118873767,-0.008697671326882388,30.816380797714366,-0.15506448667086556,30.077994806321342,-0.13148948548231437,27.707665878567536,0.023231303502888642
1399,5.8,empty_shadow,IDEAM,0,0,1398,5.75,1,1,360.7546101442321,-202.87195156988622,,,,,,,0,0,32.2980564962582,0.6058101987483155,0.6785739660263062,0.0,0.0021754945628345013,0.002657867968082428,33.450039895612264,0.006830072844880811,0,0,32.496194895536604,5.44207039830251,32.47453222652653,follower_1,,,,,1.1999999999999993,1375,ok,accepted,0,ok,0.5757352,0.000609499984420836,0.5747456999961287,0.0,0,0.003239300000000611,0.011114499999997918,0,305.2231321655174,48.851266434677825,,2.378048430113779,1,0,0,,,,,,,,,,,,0,19.17690210282045,0.23433722783674857,22.270709291552695,-0.1895905322222197,19.738106977708803,-0.11077942458983756,23.229989668627248,-0.2796555095874064,17.860308994172595,-0.0009539175597623909,31.18430339589977,-0.008354457821513553,30.809564066619327,-0.13633407409028142,30.0723320241038,-0.11325513784900883,27.709311912169614,0.032920674371197826
1400,5.8500000000000005,empty_shadow,IDEAM,0,0,1399,5.800000000000001,1,1,362.3694061557802,-202.92854486611998,,,,,,,0,0,32.327828752623596,0.5954451273079542,0.6765490174293518,0.0,0.0015835640951991081,0.001934688538312912,33.274168313390014,0.006817498740894161,0,0,32.55181721081598,5.377460958171855,32.53076602736604,follower_1,,,,,1.25,1375,ok,accepted,0,ok,0.5757352,0.000609499984420836,0.5747456999961287,0.0,1,0.0011735000000001605,0.009780700000000309,0,306.1823302378848,49.50686437385855,,2.321455133880022,1,0,0,,,,,,,,,,,,0,19.188058200254698,0.2231219424900993,22.26229788082901,-0.16822821417069447,19.733762003345035,-0.08689947065278265,23.21702738988888,-0.2592456038037833,17.860284185052492,-0.000496183419316472,31.183887575666926,-0.008316400551309859,30.80368194304598,-0.11764191334081069,30.06757905030862,-0.09505898391896382,27.711406175953382,0.041885277059573046
1401,5.9,empty_shadow,IDEAM,0,0,1400,5.8500000000000005,1,1,363.9855760204461,-202.9867856429916,,,,,,,0,0,32.357083502345425,0.585094994436588,0.6743459105491638,0.0,0.0015835640951991081,0.001934688538312912,33.274168313390014,0.0068051769939027635,0,0,32.608813384418454,5.313793343677445,32.5885702292626,follower_1,,,,,1.2999999999999998,1375,ok,accepted,0,ok,0.5757352,0.000609499984420836,0.5747456999961287,0.0,0,0.0011735000000001605,0.009030800000001449,0,307.14204711425555,50.16331736215369,,2.263214357008394,1,0,0,,,,,,,,,,,,0,19.198623017893038,0.2112963485944228,22.254988917187294,-0.14617927257736402,19.730597678940526,-0.06328646883413075,23.205133677322987,-0.23787458940406472,17.860282265910875,-3.838308766677517e-05,31.18347365817153,-0.008278342552552505,30.79873061056844,-0.09902609713607098,30.063733974873404,-0.07690104663610456,27.713920059296974,0.0502776674307762
1402,5.95,empty_shadow,IDEAM,0,0,1401,5.9,1,1,365.603241553471,-203.04592617823744,,,,,,,0,0,32.38587533452594,0.5758366436103302,0.6707459688186646,0.0,-0.005570113193243742,-0.006805176846683025,32.449989,0.0067930828085959235,1,0,32.66730522638002,5.251009488385865,32.648499936702216,follower_1,,,,,1.3499999999999996,1375,ok,stale_plan,0,ok,0.5757352,0.000609499984420836,0.5747456999961287,0.0,1,0.0011518999999999835,0.013058600000000808,0,308.1022522666425,50.82077774279162,,2.204073821762563,1,0,0,,,,,,,,,,,,0,19.208585111070093,0.1992418612010843,22.248782399615628,-0.12413035117514648,19.728602562766625,-0.03990230349475432,23.194365341774766,-0.21536693613442287,17.86030323590092,0.00041940022283136653,31.183048292564603,-0.008507301093494382,30.794702437204194,-0.0805629380251149,30.060772000234188,-0.059239070488248766,27.716809693490173,0.05779268369290824
1403,6.0,empty_shadow,IDEAM,0,0,1402,5.95,1,1,367.22228055962023,-203.10560030258438,,,,,,,0,0,32.41399292931125,0.5623518957061435,0.6657595634460449,0.0,-0.005570113193243742,-0.006805176846683025,32.449989,0.006781302930194041,1,0,32.727170536260445,5.189119518933502,32.710588932799624,follower_1,,,,,1.3999999999999995,1375,ok,stale_plan,1,ok,0.6924734,0.0006498000002466142,0.6914146000053734,0.0,0,0.0011518999999999835,0.013223499999998722,0,309.062945700251,51.479123315332345,,2.144399697415622,1,0,0,,,,,,,,,,,,0,19.217917776282324,0.18665330333238217,22.243691679060092,-0.10181441081035411,19.727753765595935,-0.01697592296089001,23.184758154810197,-0.19214361472753042,17.860349002456356,0.0009153319663280452,31.182611479829156,-0.008736239979900052,30.79157262495152,-0.06259575270140172,30.058683586264674,-0.041767907516881086,27.720046469157776,0.06473551276436214
